,AAPL,ABT,ACN,ADBE,AIG,AMD,AMGN,AMT,AMZN,AVGO,AXP,BA,BAC,BK,BKNG,BLK,BMY,BRK-B,C,CAT,CL,CMCSA,COF,COP,COST,CRM,CSCO,CVS,CVX,DHR,DIS,DUK,EMR,EXC,F,FDX,GD,GE,GILD,GOOG,GOOGL,GS,HD,HON,IBM,INTC,JNJ,JPM,KO,LIN,LLY,LMT,LOW,MA,MCD,MDLZ,MDT,MET,MMM,MO,MRK,MS,MSFT,NEE,NFLX,NKE,NVDA,ORCL,PEP,PFE,PG,PM,QCOM,RTX,SBUX,SCHW,SO,SPG,T,TGT,TMO,TMUS,TXN,UNH,UNP,UPS,USB,V,VZ,WFC,WMT,XOM
2011-01-04 00:00:00-05:00,0.035044234961077225,1.1588393898152188e-08,0.009711779386870602,1.7392049034650484e-08,0.04020840495620502,1.7441384754127383e-08,8.065672535443654e-09,0.01017023057923358,0.023195247511964924,0.03079967960266474,1.9982947263808796e-09,0.010699895920200073,1.4410195040276338e-08,0.00216637584664241,0.040765480173099486,1.7486121656521732e-08,0.0019080886285095051,0.012410676966086194,0.027126810639118464,0.040289150738846334,5.574680112803131e-09,0.021979167381879057,0.002890156424069488,0.02199248359561047,0.015221650769868747,0.04058954031589407,1.743626591569373e-08,0.00019380335011663454,0.011386517562696173,0.015110711651330514,0.009939358556218227,0.0051107872311027865,0.022185120809290852,1.233391288112033e-08,0.04078967911931437,0.003127810807309279,4.048439424719787e-09,0.011314636208074283,1.6712502937134127e-08,8.582772023383345e-09,8.582768146057925e-09,5.506124165102048e-09,0.016522254391484508,0.02371434576565079,0.006101591649389191,4.378160509888279e-09,4.523000173786443e-09,5.6483071456586946e-09,0.01067254451413836,0.01073380744753159,2.73044059653683e-09,9.542264263111002e-09,0.002295628763729696,1.624827245722254e-08,0.017019872815965745,0.012214899963519937,1.5146594499509897e-08,0.016209485770487,7.443607075346091e-05,0.021801001711533805,4.342497709824737e-09,1.2760170417127226e-08,1.1288212333540518e-08,3.850405500805716e-09,0.042053672981387916,0.021440427026996667,1.8143361197037722e-08,0.017667333959955563,0.004471299814185187,7.346077151672852e-09,0.0034099735443970528,0.015308297143995422,0.0020352785367907912,0.0047916896876513265,0.029380834451231796,1.3658324265830699e-08,0.0138705712523507,0.01867293757474984,0.006181012521712935,0.017241664901886555,0.009929855787202922,0.040253733852872266,0.016917823930822622,0.011004270881129014,0.02925777774366047,0.017927596211465762,0.008977689065860366,1.6928147267376814e-08,0.015812215453625517,0.006185035169365445,2.700800918398595e-09,0.003521343494119754
2011-02-03 00:00:00-05:00,0.035608974073005305,-6.499888009423829e-09,0.013669103788363534,7.033398747658842e-09,0.0436997889968852,1.0548670277322795e-08,-2.8258946881287723e-09,0.00875684380296658,0.021505043227189227,0.031123897441203478,0.003887500745289191,0.005242639006509652,-1.248193268736509e-08,0.002449991173141743,0.04406354765649485,-9.776992350245987e-09,0.001167778664695338,0.00165309696951781,0.020296774338803298,0.04177882923072514,3.0942447972779514e-09,0.023430731439499024,0.01617598554940584,0.024648551265115986,0.010600114163662114,0.044126311458694355,-6.060600019787362e-09,1.9684311625232578e-08,0.017754569188305355,0.014152527806450826,0.015390662124074299,0.005048872104531339,0.014509045429464741,4.0376597172955535e-09,0.013512712329567151,0.000770045187823615,0.0013918834390008008,0.011651909383516568,-8.519511007422742e-09,0.002892313416516218,0.00289230269863829,1.585939486319878e-08,0.015277611683944994,0.02440134631413028,0.01589508099184004,0.002118873111532902,6.580577260565322e-09,0.0024491374280217353,0.0076147755853035225,0.011911800103204738,1.8982618797410825e-08,0.0013297247763281628,0.001682459324240601,-6.530322157720118e-10,0.006447157489955436,0.0030591485633774335,-8.224485027439578e-09,0.015221101006654912,0.0014303289212836137,0.01361427963641107,-7.316925619544818e-09,1.5537364331666023e-08,5.881962346308896e-09,0.005713800062620747,0.04497893539086692,0.015509988742814958,0.02388890981422898,0.020039042024542025,0.001186257836065274,1.779692450552578e-08,1.4837416502334093e-08,0.013715891393051438,0.01938424979245765,0.009645433442262647,0.021790100234845382,9.647943672383763e-09,0.010287227237034659,0.021551375737191052,0.0070826899934271475,1.923952910187617e-08,0.00490051323406572,0.0449744179218326,0.026611750100306947,0.012872016853714602,0.025331803245138475,0.013387210090500354,0.002133590089578339,-9.791825161559062e-09,0.020935186787908257,0.004340673769809627,1.8409493968690094e-08,0.01343365016524117
2011-03-07 00:00:00-05:00,0.036596396321494015,5.313059208605012e-08,0.017007403547232243,4.675949151908914e-08,0.03283129557539701,4.1066863954911665e-08,5.5055937143880884e-08,0.01111915314342448,0.017158096014303813,0.03855864241748885,0.0009934474562589277,4.032284375466509e-08,5.98539561826727e-08,4.5697556626002883e-08,0.039521356921104714,5.356792793165262e-08,0.00301245531428289,4.501242569426977e-08,0.014784892943180425,0.040037882682946856,5.119348992020186e-08,0.0283574549813962,0.014121673678906451,0.03687231789696686,0.011452444042965297,0.039609507581628366,5.723618355026945e-08,5.1439942477073815e-08,0.025709856940535923,0.01734270616727412,0.017683958116283066,0.0072290852599503795,0.01321445093515539,5.126314447960869e-08,0.0007333901916508898,4.571254298518089e-08,4.144539061749427e-08,0.014136720239444022,5.719569251236867e-08,4.0053733954129014e-08,4.0053725790083274e-08,4.985941332418262e-08,0.009737987068443069,0.020909781323564015,0.016555377030000918,4.0473374971792656e-08,4.675506315205076e-08,4.2466255165800284e-08,0.012721876165930016,0.014600070683094504,4.1538832177516644e-08,4.458656982681678e-08,0.002121029041236331,4.276942651936027e-08,0.01264702135117588,0.004294182717739851,5.712559218247298e-08,0.006923254489770341,0.005504612721966787,0.01778125009437598,5.4487921789478973e-08,5.1366810906648984e-08,5.4308127756804526e-08,0.009970261178812133,0.04046637418608075,0.0183882170637613,0.008128380599851878,0.01784853806091587,4.4391843064970436e-08,0.007910873281672863,4.532351332190207e-08,0.016937932170486857,0.03067797037030021,0.008389015173096532,0.024469755114011643,4.748341286356807e-08,0.013447256299429697,0.02065173715644314,0.011365118632493018,4.8066018378621154e-08,0.005606971229496523,0.04039868705374527,0.02718326433566691,0.0193263618238412,0.022258287885751196,0.012756522774376113,4.1034334110924235e-08,5.721531089888492e-08,0.023852432268476977,0.00040071330120791085,4.7315795644572905e-08,0.01768256607482362
2011-04-05 00:00:00-04:00,0.028590220907433364,5.053985073381176e-07,0.024545203747706662,5.177500470772857e-07,0.006891998643281349,5.607976306896985e-07,5.583060196070335e-07,0.014548077869762682,0.022625860660245585,0.031795785229139624,0.0010935913300689829,4.975760209443284e-07,5.950413650183948e-07,5.324716687834967e-07,0.03866465139737495,4.999610843337199e-07,0.0035255047279803826,4.990271962328473e-07,5.138271815121559e-07,0.03917588152401296,5.08220759708218e-07,0.025238469563132998,0.012389648612948204,0.03663674410975932,0.015415149238147293,0.038722831279627785,5.620108805985747e-07,5.154055968469112e-07,0.029915950485455423,0.0201044525695944,0.013906544275056148,0.01241669148946684,0.011175900000605535,5.270117746432178e-07,0.013202116082103041,4.985162979313268e-07,5.238608374976656e-07,0.007059589342954296,5.373183244757252e-07,4.7063899954047357e-07,4.7063916719135674e-07,5.520261476465185e-07,0.011948457974421038,0.022189845134949194,0.020809265947762112,5.633252839685646e-07,5.207874846761118e-07,5.183165584465738e-07,0.020597589930328182,0.016508846429516475,4.894502814774608e-07,5.004095766139839e-07,0.0032756318294827054,5.208910405972569e-07,0.011250813191538186,0.005338150385703075,5.625033412584318e-07,5.211786458555626e-07,0.00838827011964339,0.02286343850025082,5.402938888767552e-07,5.62278144635036e-07,5.698327168790505e-07,0.013179593510029647,0.03976585153805049,0.001818366950592238,4.694933071082659e-07,0.022591494163147378,4.928429722666085e-07,0.018406996173213997,4.882180485318953e-07,0.020611512770486694,0.018834957495041858,0.010404539436378106,0.03368876574488497,5.246183370903756e-07,0.013662326762429705,0.016308410048643612,0.0194162431794751,5.355026019543192e-07,0.003279279869366168,0.039490790129658955,0.026054875993501647,0.026701468917985575,0.02405671951838529,0.012601289777835143,5.302028665102007e-07,5.803739962497534e-07,0.028626281158043648,5.398129743499283e-07,5.10834925045633e-07,0.0196680745647714
2011-05-05 00:00:00-04:00,0.0217363870046689,0.0020975593421640425,0.021294924652676968,3.508142969423535e-08,3.577190753845805e-08,3.494093060262241e-08,3.32913395509098e-08,0.01489398214764784,0.031285844872679325,0.0400358410775413,0.00357304016155255,0.0031020110764936205,4.968660583509122e-08,4.369727176606333e-08,0.039395126708936946,0.004188653558350123,0.011228641935824554,2.9128201771898814e-08,2.8054681254291778e-08,0.039888764142889936,2.777080653148948e-08,0.020045436392603668,0.00947101521019745,0.020476052864107107,0.020959254929944292,0.03177497108707082,4.863053032854138e-08,3.3994597785142184e-08,0.021055396296077812,0.019493205785254403,0.01083137265430592,0.009951419193558377,0.0066001874351346275,3.4627307327850056e-08,0.010304752754869972,3.136424192963868e-08,3.5160905957389044e-08,0.004982507276953779,3.270453218616769e-08,2.992350861859791e-08,2.9923500618328476e-08,3.1618057283298203e-08,0.0002317607896762724,0.019993444793609316,0.022178657783470116,0.0006895884867155946,2.9709629944484687e-08,2.8485078362203062e-08,0.018055288762096732,0.01665288332313824,0.006719053281822011,3.909657132349037e-08,3.7520953330707534e-08,0.008722364537811146,0.007003524165920808,0.009381946063868276,3.449932925849429e-08,3.031177959687018e-08,0.004744035791979731,0.021824697353558468,2.7467175865517784e-08,4.8918239478895595e-08,4.8248375736236684e-08,0.008384028491889328,0.04060160734965544,0.0027436898746884915,0.014421575138232778,0.025675530118610602,0.002948187657273876,0.013218839499106816,0.0031141643700687187,0.03098864463554062,0.03178629925364053,0.012715257421613235,0.02459054137786063,4.024197318519675e-08,0.01256345966693343,0.01981827884966551,0.020891013906418905,4.74255578507972e-08,0.0012491877909785348,0.04016321578107219,0.021885336151522265,0.041408577200998394,0.022049455126810454,0.004293918479577,3.910806797914549e-08,4.4196092520870963e-08,0.0309617600269952,4.974855830503404e-08,3.060012685022595e-08,0.018662636973742198
2011-06-06 00:00:00-04:00,0.015233376925504085,3.325168703071859e-08,0.03023067035580834,4.2891861880839796e-08,5.457003762821041e-08,5.089042252466061e-08,3.968337616458118e-08,0.006649616673975317,0.028234110662438992,0.03546359857455606,0.011752621912216437,0.007258588878241037,5.4959119643690265e-08,4.356998277565857e-08,0.0356189381533961,0.006784380190204118,0.01372371071300769,3.919267436569482e-08,4.3447459684840924e-08,0.035874277912807076,3.5192702362935454e-08,0.018501863272022762,0.012660301535711677,0.027063590416775283,0.020590879765396246,0.033674605093494674,5.4045319559731056e-08,3.391136610948656e-08,0.02469996706994597,0.014458947779695867,0.0014701931970717039,0.00857449357820453,3.142986201410785e-08,0.0006462991673953496,0.0038238222632903445,3.420466878330883e-08,3.6911679991615106e-08,0.005710557287683384,0.0018706862627975004,4.2925464241573086e-08,4.292545303082792e-08,5.280285489673606e-08,3.751095554420396e-08,0.02130994696676095,0.015579451398378895,4.0703852048724966e-08,0.0027302850967728456,3.691030830732854e-08,0.014354146476380295,0.019158541528325846,0.005186882811276311,4.552056883247882e-08,4.7041229739776687e-08,0.02045795453807995,0.008292110926653913,0.008118157941421678,4.198888724626348e-08,3.852317093133176e-08,0.0052398013440574185,0.0260668164011577,3.4651354714082316e-08,5.4272581344298665e-08,5.4110320796781105e-08,0.003305718513016675,0.03714188323665864,3.207641776637189e-08,0.026845912156831672,0.02471625494615539,0.0006149853007057735,0.02548723158507244,3.6073475522460474e-08,0.03786202530601402,0.036413186240471976,0.01223156155529075,0.016839709737841824,4.415224332862617e-08,0.012005897441787245,0.023598692073461606,0.018631117890689285,5.339607934374355e-08,0.009085479505146276,0.03615835204759331,0.020076041722346172,0.036070093329830466,0.02541234708423838,0.003967712660210844,3.974618834949023e-08,3.727557797201842e-08,0.026606016802708177,5.23257564773413e-08,3.7949346469598536e-08,0.019864056416730863
2011-07-06 00:00:00-04:00,0.013212680973735898,4.687398533975004e-08,0.027783883643973085,4.553337153188961e-08,6.40042554952693e-08,6.919206911206339e-08,5.3544294430992056e-08,4.621521468143416e-08,0.03850543485215025,0.03872037112679774,0.009657891450426963,0.0009917761937174574,7.003243380655128e-08,6.464263624697171e-08,0.038282114982978094,0.010577745394928919,0.0003032496805126917,6.917047161758775e-08,5.548739773705023e-08,0.03797577731249756,5.119746000211335e-08,0.018066430728072347,0.008890816302987806,0.02528914627413751,0.02131256958409643,0.0322819716095416,6.941188580257951e-08,0.00894824193668672,0.025880192359201467,0.02003439224364288,0.003999754991032051,0.0026653352436320655,0.009050921002398788,4.753401407023125e-08,0.011005915238943781,0.009367614658785271,0.006609460823605987,0.01276567229420643,4.580729605822178e-08,4.237965126557857e-08,4.2379680385294896e-08,6.704565993523427e-08,0.01146682860221806,0.023296792243527476,0.016298829363176025,4.643149338888286e-08,4.634948221167205e-08,5.280458333438899e-08,0.01339211742803088,0.01492988186696744,4.951059541609278e-08,5.345113937588592e-08,4.558321743255371e-08,0.024005583901293898,0.009401401656547658,0.007552010629223157,6.088932435886636e-08,4.7918372240741175e-08,0.0031210539825336364,0.012272453851188263,6.145888802688293e-08,6.95492121894044e-08,5.524645838012198e-08,0.00047781598532890563,0.03961673113401536,0.011981320267457098,0.021837643295266985,0.018423669162319807,4.8893578855955273e-08,0.020636425792425667,5.49421637733031e-08,0.01983311072191245,0.03626768002909852,0.013926611704091629,0.03405230834749119,4.823123893921147e-08,0.005058920403865831,0.024444043551947025,0.013913337336640979,6.8280430405386e-08,0.0077766824402634455,0.038813244410478204,0.015668958676430672,0.03881073010900648,0.02461479851008259,0.007919652347228611,4.8959089389551015e-08,0.0008303367878073866,0.020455376922695744,5.355164876559393e-08,5.3516413488993044e-08,0.016722371193766062
2011-08-04 00:00:00-04:00,0.034640946346126064,3.0481804385962916e-08,0.03581063558724444,1.5945730423055713e-08,1.2353210057560927e-08,1.6186125771990864e-08,2.1903776774571803e-08,0.007876198617717258,0.03970894907868247,0.03284769797999483,0.006023202975202645,2.370589644238038e-08,1.2838928625581421e-08,2.3414757203305814e-08,0.039742249792393165,0.004068548521680071,0.008152991373991399,1.6976744185254223e-08,1.5350670983050765e-08,0.025899627699126678,0.005772303980268802,0.012637470352123793,0.00426183725403721,0.01875634573623225,0.025753386230403283,0.026385483004634665,1.1813203109479566e-08,0.013006870533114062,0.024280844868457753,0.011377671683397334,0.0024418668473322846,0.006735008422210711,2.2477499228393352e-08,0.0028036410237538873,1.1372571508190421e-08,2.4355993855225898e-08,0.0006249883976014882,0.002747778863128476,0.006503998794769416,0.011168988154108132,0.011168972510687505,1.3339287290471695e-08,0.01114849078283805,0.01236321694467396,0.027616293088702684,0.0028221391026401247,0.004566383513591311,2.4691907174731125e-08,0.01713413430110599,0.010720689215942289,0.001882133323076884,2.862061153182727e-08,2.479928057904414e-08,0.04031600459434458,0.01748549382221754,0.01332193874719178,1.8580843701761088e-08,2.150901817334118e-08,2.5515305953595388e-08,0.018046270025166698,2.3263673626571726e-08,1.2813179533736515e-08,0.001262828604144794,3.1557400871735635e-08,0.040564932689711765,0.012055885341748429,0.03909397003983235,0.015514012034840818,2.6866889615298444e-08,0.007876611225502747,0.0004392109556163261,0.02857058827997025,0.029318078983548646,0.005105082377863969,0.04007036934403932,2.3327797108618493e-08,0.010378623447329541,0.017440325449851555,0.012866321487736015,2.4640034430962593e-08,0.01615806277540827,0.00819389723176948,0.010712384261159292,0.031836929446938236,0.020391905401764557,2.782841258541769e-08,0.0004728270210845924,0.013706374614840902,0.020750314848350646,2.5467536156010447e-08,2.8521812093948396e-08,0.01859813153181097
2011-09-02 00:00:00-04:00,0.04005952782129401,-3.512972722473576e-08,0.032113851451384894,-1.690388159005913e-07,-1.7639127664422862e-07,0.003174205437299973,-4.0468318093280096e-08,0.005890248560683152,0.040845045795224466,0.038254625289936554,0.015071857393627998,-4.562978270049121e-08,-1.9390669321050128e-07,-1.7555187455020958e-07,0.04106654174829235,0.002575383697354197,0.011767238638727476,-1.440087467980862e-07,-1.9295863751272784e-07,0.022068510846030398,0.018056880868612808,0.014092515229026752,0.0064563218450686445,0.02152249793469407,0.029307883605101552,-5.598353581512762e-08,-1.8110354848691983e-07,0.020778013740042855,0.02340727810010903,0.008071132268197247,-7.828288807817244e-08,0.00923921492890047,-1.070007160709002e-07,0.002436415251322509,-1.2530325988779859e-07,-9.958841012020758e-08,0.0019148435647486492,0.0019356257671021078,0.01261626069896803,0.0071937875185436075,0.0071937913472349905,-1.796532988311388e-07,0.008012364404401276,0.005912282766971556,0.030296042380357067,0.00625912052729958,0.009603604015899969,-9.74087623275388e-08,0.020214425955636037,0.008556435301256717,0.008316675982353887,0.0013087613094888073,-1.1752293806127984e-07,0.040579812952846524,0.018065576968685427,0.0134418608017789,0.0029527464080677758,-1.8631327310343772e-07,-6.509191961833084e-08,0.02033517363302229,-8.597124854339687e-08,-1.884727009602124e-07,0.0049269252125428604,0.0013524856977173852,0.04166825671001915,0.012730940326452434,0.026815075122841203,0.015938869582967446,-5.727665701248215e-08,0.013117748036535544,0.0029872174385298417,0.028548218466322352,0.020799386675696765,0.0028816132929290646,0.041060539620774765,-1.4261469163881356e-07,0.012012279085328306,0.01880358389989787,0.0049406096802145135,-7.371113523164791e-08,0.015289706595829622,0.006989679935913986,3.0118759645664994e-05,0.034966271134603884,0.012752980735415701,-6.140349948814537e-08,-6.185121337575395e-08,0.014988076196116537,0.01947016912966007,-7.107078505135156e-08,-4.3186223748935417e-08,0.015968118521918456
2011-10-04 00:00:00-04:00,0.04050564435482815,0.0037018841691270218,0.023727515501494028,1.4196764944083985e-07,1.2938522908454114e-07,1.2792137309585586e-07,0.0028640432644653577,0.007869711023112283,0.039269908577311254,0.03836548978989443,0.018127876523447127,1.447846070129142e-07,1.2991486043745996e-07,1.3263859963810277e-07,0.039398760721727516,1.4085037302784155e-07,0.02971884415791067,1.4068832669735297e-07,1.3027495664880076e-07,1.4618730702446968e-07,0.02652366445228116,0.02289700215212952,1.4792969918620383e-07,0.015554952964784822,0.03476319678495088,0.0015102809588257674,1.319642593049616e-07,0.011603588102020492,0.01963817334033066,0.004870698571224805,1.4230263120352612e-07,0.025089823349288765,1.372507881386521e-07,0.006842664562631524,1.3192523933342214e-07,1.378260194444012e-07,1.4575401354355588e-07,1.464665494498374e-07,0.012199096878594556,1.446804642029604e-07,1.4468047220440352e-07,1.2910928246755383e-07,0.0067566615304273684,0.0014914266069628568,0.03689966766423984,0.019265817669611034,0.010167284510091336,1.3666752589186104e-07,0.021287444454050425,0.009819688042499507,0.01174535000267225,0.012754686613321662,1.4303898520407288e-07,0.038320473348180964,0.025929915339211566,0.017996698121196735,0.0011563907152630963,1.3495140029811533e-07,1.4056922519810445e-07,0.0260330605185375,1.446457586885808e-07,1.305784726955233e-07,0.00993120026460169,0.006997619921208633,1.3042306241882226e-07,0.009633334574634849,0.006647685993938052,0.007334699421403302,1.4510694650866038e-07,0.012099804492461225,0.015279066356092517,0.023626902097597373,0.01455267956064647,0.0035648282550485503,0.03904710311605884,1.385260899321256e-07,0.026255801303601833,0.021620777401408515,0.011027759309240088,1.4400279879963566e-07,0.007062476087695733,1.3716457530363224e-07,0.0020144972620075915,0.03114914144300277,0.0050226098581572,8.037031848877544e-06,0.00980729952508364,0.021354974191433333,0.023343212785665934,1.4661691668037803e-07,0.00486561855695795,0.02308090862278106
2011-11-02 00:00:00-04:00,0.03509300005822392,0.008556545120074966,0.03502219952394877,1.6235580315493077e-08,4.324674547238249e-08,4.16317523507964e-08,1.5562836671352576e-08,0.009641032737974335,0.034254698913636035,0.033780818060622,0.018954086720469998,2.0604296234060133e-08,4.4350464844727726e-08,2.9733693744286476e-08,0.033527119374357685,2.4521239186082162e-08,0.028690817415913162,1.953931153650789e-08,4.273550893675085e-08,0.016730578417478808,0.020782876209840987,0.013514231026742747,0.017600104210704515,0.021745580848331548,0.03751033540584207,0.011096426835971366,3.370065149833515e-08,0.021728198802975836,0.03418588146588681,0.005869331407536262,1.9367415321762767e-08,0.022288869249104632,2.260338575908254e-08,0.014691547413412191,3.4870668207983185e-08,2.1242840452090874e-08,2.002023902820623e-08,1.2578777716595021e-08,1.2925762699608934e-08,1.9040514206674837e-08,1.9040508526916496e-08,4.212089872963232e-08,0.018519097322504053,0.009086096166670683,0.03560549816395011,0.026813000373252956,0.0008187538073664746,2.3137606290687935e-08,0.013842029602872848,0.008111343840191175,0.013593915887028294,0.00781206722012985,1.7492987232019287e-08,0.033341885725187745,0.02746249184313209,0.016096400493333617,1.7311681644090494e-08,2.964355117062953e-08,2.0510259386957297e-08,0.016051230496380797,1.6013097366095842e-08,4.4170241781392544e-08,1.62985451074096e-08,0.00535635911568543,4.115726745743148e-08,0.018408318501701455,0.01120696657730596,0.004515485605163332,1.4990414336058866e-08,0.01814814261699676,1.232486553612249e-08,0.029269081081702363,0.011114934217953827,1.3437237431511005e-08,0.03440493668576101,3.3944263196536185e-08,0.022771997660761944,0.03369091451455308,0.007257885462094928,1.4240192700797244e-08,1.9219680556135787e-08,4.093385594412685e-08,1.2773495834770607e-08,0.031589558876260554,0.008248557195585145,0.00033619917551488347,1.2348049051109412e-08,0.017161084293803974,0.02213123852921048,1.833298582853737e-08,0.0056774994734035,0.016291776196995462
2011-12-02 00:00:00-05:00,0.024527222310129538,0.02171084337847086,0.03603997519703819,1.1542920188715303e-07,2.9682293839069545e-08,6.561987448551421e-08,0.00767032230134603,0.012524388824417382,0.009266202164442482,0.0008541158920097117,0.0032270405375689286,0.005040352189998477,1.7889288214085746e-08,4.9147050632146915e-08,0.021660288873877193,1.2793810423555584e-07,0.03911155178187015,1.2026450649931005e-07,2.0027010823499127e-08,0.006504306140592753,0.022156279364529755,0.008082522953203665,0.012113929619756665,0.01677310679318417,0.032091313113111405,8.94316895195435e-08,1.239395926931713e-07,0.024788477494550196,0.026091467975615498,0.004557845994291085,1.2386120692508333e-07,0.027515551113230615,1.1511300798227644e-07,0.01924432225566661,2.6999716656241313e-08,9.797215274122231e-08,1.3310413924305399e-07,1.2608919866425352e-07,0.0013936616341725565,0.003816646328494405,0.0038166410083816335,2.2432365944829842e-08,0.02320457464617812,0.0032330083170999703,0.037737679510389,0.02021005514118302,0.004793182135797934,7.577952123711248e-08,0.0035929273904641316,0.005956522389810581,0.017662836520522075,0.02026916790177274,1.2620396949988362e-07,0.03465715542953635,0.02863160221105691,0.029136213331383973,0.009476125580618059,7.327938293136969e-08,1.1941775650157713e-07,0.0336560361268251,0.0025057346230053417,1.959904323352332e-08,1.2431392383331884e-07,0.013298455564825638,2.2721227931807064e-08,0.007188181952545013,0.003384631731067317,0.010163310513640215,1.3674393221461776e-07,0.027936744113541745,0.004698771261583274,0.03901231592611584,0.012488316771569093,1.3032885776034872e-07,0.03608376867404129,6.496462260131174e-08,0.026310426219062516,0.02550414726164941,0.007959710621661824,1.0659441719707195e-07,1.0596589122236443e-07,3.3235329794760667e-08,1.1699489752162521e-07,0.03184339956422801,0.009641560478659213,1.3580612119284776e-07,1.4001927200827097e-07,0.03059607857511049,0.0250681314410095,1.059358974688662e-07,0.010137514900492146,0.013380293924344318
2012-01-04 00:00:00-05:00,0.025823360886409914,0.024951232715114697,0.008569070749710465,1.0544563106869295e-09,3.6998622431521096e-09,3.0747869719544138e-09,0.017433984261707846,0.014010657798464917,6.744019484525471e-10,0.0010356359412162838,0.010790412502064898,0.012288920239150231,3.7565260082134035e-09,2.7587410648940407e-09,0.015152164853701706,7.342039989790216e-10,0.04012534660773647,7.129687747220774e-10,3.76462575076737e-09,5.424244068951983e-10,0.018559079627246095,0.009445935150333968,5.325178566129923e-10,0.011142070201820361,0.018726678817683785,2.280002071699184e-09,9.499628343779941e-10,0.020551364788922357,0.02335979575222148,4.0056969811513016e-10,3.9074397150756463e-10,0.030274563459972315,1.4393669167570799e-09,0.0040580728009650836,3.0335448002251653e-09,1.0452249309175764e-09,5.240080738553254e-10,3.3325069351781684e-10,0.014018754280877975,0.00839384015950131,0.008393827483631336,3.61742233812373e-09,0.023030503880473636,0.00011827366442974466,0.02967847309245697,0.022097543838057582,0.008149396873425748,1.7106037915485863e-09,0.010482990400837541,0.014638177556617225,0.027946237551504355,0.02389265061488064,0.00023914265921059342,0.036419996792018496,0.03559101812134543,0.023820055227930192,0.0029801836554664484,2.584494276993489e-09,6.048871902572894e-10,0.025838985229817108,0.010345951466059992,3.781444564423578e-09,5.722149865767098e-10,0.018330403072585908,3.5163068672177695e-09,0.012652536103316212,1.3169687974100413e-09,1.657993929900258e-09,0.0031921535574362964,0.030281309878365407,0.006162180789721638,0.040134980394994337,0.0091130964083062,7.299167366878393e-10,0.03768610925292727,2.7510088401536718e-09,0.025890856199247494,0.03179716385627188,0.010302380710928209,1.2591897638115532e-09,1.562337378967153e-09,2.4883759833237634e-09,9.478241943731118e-10,0.037958632598035585,0.016250950850630837,0.001903373728707162,3.2144834072645127e-10,0.0382074669043868,0.015605303625921108,1.0842768747849522e-09,0.014695349108391566,0.017461341046707025
2012-02-03 00:00:00-05:00,0.032523638145982976,0.02441714995416445,0.008569025122860091,6.815112049169973e-10,1.3538838893850802e-09,9.059207272717163e-10,0.02727393871769763,0.021868735596827237,6.893761097998601e-05,0.020323338411788114,0.016072464778764627,0.003976896411426422,1.3532053398048969e-09,1.2810206812809853e-09,0.020119664998217796,6.726209078925083e-10,0.03471702888503666,6.512335291193557e-10,1.3932844290625151e-09,0.008372506399878138,0.023628277869516868,0.015715490941752765,6.437166575698919e-10,5.356383198631279e-10,0.022126118022015823,8.338732965212852e-10,6.657186030331333e-10,0.02473299081235094,0.007445083378598386,0.006280724705617796,6.162418185750331e-10,0.0269913060194216,8.070359611091018e-10,5.262193491135283e-10,9.992041891014363e-10,5.372875823728217e-10,6.826075725249832e-10,6.996916388567917e-10,0.02470988247352144,6.052230012407197e-10,6.052228130714132e-10,1.2310064053099978e-09,0.024521783152358693,5.125372710299428e-10,0.01866378871170963,0.02680841243332606,0.011264910193609104,9.02760074813399e-10,0.009822217798696138,0.011142299680873304,0.018044467458590382,0.004660556855503366,0.010845199044335598,0.03456202916433057,0.03902658224623595,0.032213429893267836,0.002396310740092979,1.0354238633271737e-09,5.275076379216694e-10,0.029305336425499935,0.018353596044880526,1.3818510268480216e-09,0.007540040317954433,0.01325689046992155,1.2455252827516752e-09,0.02307027066621231,1.30783503802133e-09,8.351056519881601e-10,0.0043559189647852286,0.014505337384934891,0.0019893605986273984,0.038187543584123275,0.010791171491207781,5.845823139642734e-10,0.03594529164164964,1.330879682871795e-09,0.026901727696375635,0.036032165581761776,0.01606347800740791,5.11751842701517e-10,6.176848293776767e-10,1.1776480756567996e-09,6.239283910429604e-10,0.025605089448873956,0.022578333164895163,0.002803265067064891,0.0003921803686473388,0.03642024306644777,0.007979124329292181,7.342469830136842e-10,0.01401841691852169,5.164832395993516e-10
2012-03-06 00:00:00-05:00,0.037778897796453895,0.021679758327803614,0.014772750388399586,1.3267749969654687e-08,2.0556163387435786e-08,2.3054434919675878e-08,0.029998047928104805,0.017483041691531035,0.000416112081514674,0.004800531250873646,0.019850393792911463,0.0006664617778839892,2.5647455376080962e-08,2.3233633794473084e-08,0.03385417555818567,1.158044557648363e-08,0.029733235396080096,1.3885323655916121e-08,2.4944485372853634e-08,0.0028854545429535016,0.02347801550187043,0.013111318546018668,1.0231549742024534e-08,1.0168322717446244e-08,0.020775989074499117,0.0038967708339161934,0.003654258926383113,0.0370852963085387,0.004524540895398867,8.737482898124738e-09,1.0844485699020218e-08,0.023538923067178395,1.7645797808675265e-08,9.763649374928236e-09,1.7174827417704657e-08,9.694224503241556e-09,1.147373017344194e-08,1.245826309393757e-08,0.011235044213245286,9.238935042638272e-09,9.238931722153244e-09,2.3492494546474418e-08,0.029307135811265986,0.0017356136516693264,0.0249237000983347,0.025694710917397147,0.008457328394897289,1.526358107108688e-08,0.007263531246044084,0.009631349127066119,0.01847672413289418,0.014836473383007736,0.0069996692417870765,0.03484699361301591,0.03516259946896945,0.025603509656020165,1.0914675338617514e-08,1.7806518440816318e-08,1.1912014207429472e-08,0.026786530280211336,0.020477784943715802,2.5772271872215046e-08,0.024374300029165054,0.012303621801191367,2.3724719835793663e-08,0.02098960971603279,2.484066165911179e-08,1.400745318799966e-08,8.478853871928216e-09,0.011604847323766147,0.010596110925419835,0.03844140979802534,0.003837530420324253,9.412302715615526e-09,0.03625812763110336,2.3263271145514134e-08,0.022577420535561207,0.03086046533322032,0.019192555502438008,0.010559460743544878,1.1043204098961265e-08,2.5064761173568896e-08,1.4749490059952505e-08,0.02296097142680024,0.014236318994721638,0.005554694196663183,0.003663219030065531,0.03664122626133049,0.012764109406063297,1.1661158320763334e-08,0.016960950169636665,0.00019981456974038945
2012-04-04 00:00:00-04:00,0.03879728585999735,0.0219885367095449,0.013453458066362306,5.4601154498496485e-11,1.4690391557737093e-10,7.091958568751392e-11,0.02313995457655214,0.016803577580183224,0.001998007602683545,0.019563324067811975,0.023642368512947275,2.3270540490785098e-11,2.679688035431705e-10,2.271858369443474e-10,0.034822012149642985,8.775616349069849e-12,0.027447608732192482,7.068240372060934e-11,2.470357695876023e-10,9.99270208972443e-11,0.02042649989488487,0.013440706243547956,3.810894858014699e-05,5.458489544830606e-11,0.018526373436648803,0.009848849144205992,0.017102736567949705,0.025424392456713765,3.312550022054088e-11,-7.36008971307722e-12,2.642028888221357e-11,0.017284381918075624,1.4192696438407025e-10,4.077215795184057e-11,2.3969871573319813e-10,8.485638642042521e-11,3.056692533556238e-11,4.795162819280258e-11,0.006526778205238712,0.0028596549711089204,0.0028596848456406755,2.593939809963184e-10,0.03079014368158678,1.3204044544750239e-11,0.024435077503218047,0.038315691089611505,0.008860338799860597,5.273958845175882e-11,0.007379974477849727,0.008141545980268809,0.01694522240983012,0.012769993742812088,0.013816880333387599,0.03579279187179611,0.029557191239633112,0.021470877536006287,2.917348821849228e-11,2.2175149649959232e-10,7.631550626721129e-11,0.023004198752745453,0.01672077319804472,2.764949431494263e-10,0.022777878123315384,0.01005292394496088,2.4280270415595967e-10,0.03544422863774827,1.9501037289019868e-10,1.8240209878535525e-10,0.0006649120939912472,0.008549610941094686,0.007138441239035935,0.03672738112145958,0.023078482142111636,6.473814332092718e-11,0.037116942336551786,2.426308380254976e-10,0.02057849139024949,0.033217490841353794,0.005325127127306747,0.013479327387268453,4.6119243657874494e-11,2.613455792893672e-10,7.269206648198182e-11,0.025205923713255977,0.00438573857500101,0.005079210102054915,0.013479333239021273,0.03763537211582667,-5.962585228397693e-13,0.00156730260357732,0.014500877051667643,1.965099361725142e-11
2012-05-04 00:00:00-04:00,0.04012183018551995,0.022387631085621626,0.012608146538999823,8.164447796139387e-08,6.739930284067778e-08,1.340065387059672e-07,0.02353043612434502,0.028607744950882304,0.00991448616156906,7.021226494805408e-08,0.01994301863704742,8.307111574585395e-08,1.8899446895655514e-07,1.360476092597475e-07,0.03542980832286042,9.479837011212358e-08,0.020246023408132002,8.43347882848122e-08,1.833053580510469e-07,1.0692633957276209e-07,0.018389713420957538,0.015405742569310075,7.127775438804573e-08,8.086874376264769e-08,0.0016000547857170683,0.013740288339821716,0.009448266113377924,0.027648524992532626,7.053257134208183e-08,8.816810268505392e-08,7.129300550581572e-08,0.018527461271915405,1.0996337820762106e-07,8.191260750742588e-08,1.7234563170706328e-07,9.390795677036668e-08,9.632202543609705e-08,8.308557535551388e-08,0.021984873116254248,0.009797995559286385,0.009797986858315134,1.668805470391926e-07,0.03981653932902868,7.728448850616378e-08,0.021367303212130154,0.02318050559587489,6.894291336339672e-08,9.524367782038678e-08,0.016278190557584685,0.010458202978303082,0.01160363372387476,0.016378893939140677,0.023070855602491735,0.03690917918965428,0.025768604524175717,0.019605299458761907,1.0028981909230357e-07,1.5864048855539222e-07,9.529978017805888e-08,0.028071416536581788,0.008490481296441893,1.9331090273939432e-07,0.022781938562890392,0.01290088029283496,1.7472656793807596e-07,0.037019079316769066,1.829560530739386e-07,1.3246629923265895e-07,7.962998094112605e-08,0.01027788322100372,7.564874573159631e-08,0.03407555505012109,0.009753157405880626,1.0417584599907007e-07,0.038501926663238165,1.5511590514202588e-07,0.019361348032097984,0.035076421054854166,0.009665177262911986,0.01510935504224941,1.0689630666344914e-07,1.837505382677898e-07,1.0408679839188827e-07,0.009158108886001735,0.010893514506095046,0.003526862617442529,0.022808934669043143,0.03896981100724875,0.011327679526210867,0.01209413318861627,0.0065645166848997535,7.225759086395315e-08
2012-06-05 00:00:00-04:00,0.03948986719820217,0.025107406043840028,1.4281922350377022e-07,1.5982471917391193e-07,1.486444387928082e-07,1.9867557392472168e-07,0.021843734415935984,0.026004207103438058,0.013704712939400303,1.5809942332397842e-07,0.00830606815585343,1.5777051650471155e-07,2.157777242979117e-07,1.9167898710610261e-07,0.021385495108595186,1.676129287743655e-07,0.028503025276539883,0.0009250158134443593,2.1694614807836375e-07,1.729410805577433e-07,0.021249020258280984,0.022713601464372006,1.5328071265039197e-07,1.5074186333381428e-07,0.013761451768150048,1.606801927999416e-07,1.434792010076415e-07,0.019119276437846597,1.478655618958364e-07,1.51731903590838e-07,0.013784787449173313,0.03204408201098654,1.6114339749520327e-07,1.5271258623898567e-07,1.9375497430237794e-07,1.5460561470822537e-07,1.619661091229969e-07,1.4725184791408437e-07,0.021287826280473727,0.010345737178245088,0.010345712675493649,2.043851068130736e-07,0.03905648316014727,1.5372458767543296e-07,0.017496419081464265,0.020377060689089288,1.4846392093157223e-07,1.8720371292557585e-07,0.017661857412214876,0.002740715629547308,0.01593463601530679,0.01232785563505918,0.017381879664122746,0.036497403843024405,0.01183480010005354,0.016195653502644593,1.5566802412863836e-07,2.0499002598839737e-07,1.56256067866611e-07,0.025826299646163647,0.009798426268886795,2.1728590174647049e-07,0.024323679892130363,0.023673231954901786,2.106202730451138e-07,0.03312562233649524,2.120445603777335e-07,1.763013375989971e-07,0.0007942616955987278,0.007684549827460484,1.4948147603985636e-07,0.026267478755342254,1.4599673713576676e-07,1.6501830048253906e-07,0.037916113474570835,1.9534972239178586e-07,0.026602911770282667,0.028486512837625533,0.023080565973141683,0.026802562783462453,1.8297566495081599e-07,2.1285516751423784e-07,1.7320708525897277e-07,0.01321094500099776,0.005644596686021192,0.004936516193267948,0.01862204272960757,0.038442244122238796,0.025383170519879563,0.011867838632861767,0.03007742495750746,1.4908254040102842e-07
2012-07-05 00:00:00-04:00,0.036205265030304745,0.02546470085249504,9.261616718847493e-09,8.992183800245412e-09,0.0006802910010192519,1.532590354624739e-08,0.031007638576161126,0.032465402841316424,0.003422787915976298,1.2238374932325125e-08,0.010675138438244393,8.911189607887566e-09,1.995264653126915e-08,1.345563933960514e-08,0.0254666662807553,1.2417607390093633e-08,0.02359554391702778,0.0035857171823165785,2.0586857657140047e-08,1.5574198015800104e-08,0.021218678309631735,0.023029987030982562,9.20592878895533e-09,8.940452203433888e-09,0.015841667067235093,1.2434052767520304e-08,0.006826186309686494,0.026669345177599373,0.00025859700828982743,1.051367053227854e-08,0.019859620005828648,0.02608493882327996,1.505571798074719e-08,1.1228568414139694e-08,1.9265991565526413e-08,1.0442463334037697e-08,1.1917991909136612e-08,0.007018786141409102,0.023102927282357667,0.006930632297396277,0.006930641019880518,1.8234968179201414e-08,0.035653669770706976,1.093437293784129e-08,0.01104543755087671,0.021448928801057924,0.0013452585960791474,1.3179764454784712e-08,0.017923310363892112,8.516491148006472e-09,0.02081972270589084,0.011073404123685003,0.017779098394556374,0.03338238348302881,0.004082981945245948,0.012225521049732773,0.0016185721490972662,1.9049075179482342e-08,1.0657316592929013e-08,0.03779826237891593,0.0216691245078578,2.0799756443151835e-08,0.01907087673715285,0.022670982979804587,1.9417899097447752e-08,9.460455959549154e-09,1.4268364817198793e-08,1.2110259617974013e-08,0.0024556833154487745,0.01214943558498087,9.091201554370927e-09,0.03683901143134802,1.0241719666959392e-08,1.3430629687866727e-08,0.02496354018468488,1.5942052218980008e-08,0.020029351870181525,0.033002029141295235,0.022006150189569324,0.02305291285746409,1.5220588083819507e-08,2.0072745630025904e-08,1.2967868992063318e-08,0.0003992436771079305,0.011001859275082463,0.007974816317103754,0.025525799045928502,0.03531491415661133,0.024579026065218654,0.01494095486310193,0.035506949847841356,0.004309128667637144
2012-08-03 00:00:00-04:00,0.03761806311809538,0.02865570250114507,9.681057458771875e-09,0.0031135329352851853,1.0346537488214627e-08,2.3156242152145405e-08,0.037930655193508134,0.027394252540248357,0.002142579112478764,0.004354959097126417,0.008516308783706432,0.0008590524935555856,2.8320613365032344e-08,1.9453330111296703e-08,0.01576751432282775,1.2897038430840531e-08,0.013512879199058723,0.005410295007331979,2.60464882360059e-08,1.612409364369748e-08,0.02147826942530292,0.036811399060936924,0.010595125781955551,8.987220115032645e-09,0.01848670236204729,1.6243365752066848e-08,9.42893587584374e-09,0.01835548283289245,0.0015321525642726678,0.004459945322815959,0.023295860976680408,0.022060063456512763,1.0700555400123892e-08,1.4277753276982295e-08,2.0970403281015245e-08,1.0748611453982569e-08,1.1889746950207613e-08,0.013566506782714935,0.03368848890763143,8.798045159093005e-09,8.798048208902871e-09,2.5400716555822824e-08,0.03709025769307119,0.0048320927746525475,0.0036724625706223897,0.014208225112050266,0.005921875081136187,1.7604605756192774e-08,0.013650593714604633,9.81497137315547e-09,0.015892191988114267,0.01909912966737276,0.0168206830161215,0.01555914911766032,0.001845398243672755,0.011290390798385647,0.008621142940591072,2.1340066251448e-08,8.483435638613056e-09,0.034096819461287134,0.03137326399060927,2.8408391620131317e-08,0.004091856496908151,0.0275501293990814,2.635763971339609e-08,0.0001841233886004713,1.4916316843987206e-08,1.0183015990680675e-08,0.00959450210613224,0.029126039346328497,0.0023855278911677157,0.02631669272734188,0.0029575025517088412,1.2051643826922141e-08,0.003157027107730699,1.9687857347444727e-08,0.01906880019264234,0.032634741468668405,0.0292391270897036,0.020660566149863356,1.2421142204038263e-08,2.2079538800686062e-08,1.2381569947084383e-08,0.0019076666691419382,0.01785987139235033,0.007937759046773577,0.022727725457189814,0.03679997852709336,0.023684451462103066,0.013989234515316971,0.038866031419587097,0.0056806700628847205
2012-09-04 00:00:00-04:00,0.03976677882079235,0.020100856463200367,0.004688834929036329,0.012752746729604435,0.02257429226613869,2.318434636899832e-08,0.03976785066239376,0.020400201333856692,0.002773730753011241,0.002722099160711699,0.0048144779640812005,2.729601335101556e-08,2.4058854099482154e-08,2.785511994632736e-08,3.0383736228914086e-08,2.7662280744351117e-08,0.0028475474811100496,0.004170250325785943,2.41582427097885e-08,2.3828588509301465e-08,0.009235537974552068,0.0387463653235561,0.01028892135511227,2.8282928413861922e-08,0.013537388002485783,3.259130360050699e-08,0.008909509405898013,0.01786190090373686,0.0029558703853712924,0.005799184874176661,0.03784675914940109,0.009321252291711064,2.9660150199562955e-08,1.8433931859474362e-08,1.953727019740175e-08,2.863503291480515e-08,2.6780389392595957e-08,0.020239106404440876,0.03441998373790807,0.01680312535383911,0.016803120196716915,2.2516223933058314e-08,0.03923238429519312,0.013967188231782201,0.002804284117921696,0.0159431031029473,2.5655576230596027e-08,2.533293259207473e-08,2.591440140405205e-08,2.7107943899296378e-08,0.016007812879543448,0.020179576414912147,0.03561876073210017,0.015020900189374369,2.400947230862184e-08,0.011704414937137747,0.0060521253981396855,2.7367960047810303e-08,0.0016248088405425567,0.022718251908582426,0.02645184345997191,2.0779057512235464e-08,0.0077896920228989665,0.012098980474857206,2.0761712389613955e-08,2.7718032359744846e-08,2.9259743636513876e-08,3.111987982276403e-08,0.003419305130182902,0.020221797038058046,2.627174168075912e-08,0.023393764925308737,0.007947216820125046,2.8386861226936227e-08,0.019735596277717874,2.997361385139335e-08,0.0032196667478494047,0.02718475116361455,0.029704359457733923,0.01743895649245499,2.6828102223331076e-08,1.9677141733132295e-08,0.000886249872395184,0.002886413675931864,0.023082448805031058,2.862837817645641e-08,0.037702260861247915,0.035644711977118035,0.015178403505517905,0.0242545696063211,0.032027919306155096,0.008708929379711986
2012-10-03 00:00:00-04:00,0.039935428606845194,0.015528354386013807,0.011287264600268979,0.011549530224687944,0.029919347543340385,6.813631598358821e-08,0.03434136468444112,0.011343433621166271,9.436766305410169e-08,6.14806376895109e-08,0.004990836106122097,1.0890290119816881e-07,0.027860877758249664,0.0025231509045779642,0.009736882399499396,1.4637226964059652e-07,5.803396531971267e-08,1.2890361397111446e-07,0.011284846553706594,1.2511746760338908e-07,1.1521381657232733e-07,0.039503024969635245,0.02400054380836707,0.001358194322573697,1.0884833848160064e-07,0.007496207978864044,1.358332773411792e-07,0.021932246373419895,0.0077782109334267715,0.010248585397414228,0.038675015657792765,7.123425421519376e-08,1.1161933193724992e-07,4.174548924035289e-08,5.4064786465396654e-08,0.001859078013453636,1.21872126339948e-07,0.03083043804824828,0.03988102156038053,0.024685514975344207,0.02468550685385373,0.0018700036038472876,0.040050003231279614,0.01966496393465053,1.1402388876942214e-07,8.01302804998013e-08,7.593617271986179e-08,0.016153094595974398,9.674859454855278e-08,8.248419692267656e-08,0.012590777591495747,0.011253081899596342,0.033798335839402324,0.018749655101495916,4.688799259740765e-08,0.005132173367545064,0.013691259465961966,0.000774198316887599,0.0076240796628706,0.008688422622449654,0.02348659222362511,0.003948582275479698,1.2075007699094716e-07,0.013109860000176162,6.02777067952654e-08,8.170338726084325e-08,7.898521939945979e-08,8.372448595461695e-08,9.98935251159168e-08,0.023626339506432156,6.497537759114337e-08,0.027016104431567413,0.003640983914841272,8.502746928351265e-08,0.01088754997991525,1.1600233476293714e-07,6.482309815323437e-08,0.019030318710444607,0.018535381530348036,0.008913819388380265,1.1834461075869151e-07,0.031169943710043998,5.380157132759788e-08,0.007876619382374755,0.023249547476765157,9.780731286782564e-08,0.02440982798665859,0.03271790683601483,0.007107169699315765,0.02302601654142662,0.019923776601093998,0.0050455300278948526
2012-11-05 00:00:00-05:00,0.030914717380973566,0.014102155640629725,0.006298796988203921,0.005223667996121256,0.02251616041317835,9.039331887969269e-07,0.041879249511522956,0.01934993662066749,4.960828715805109e-07,6.345026862418087e-07,0.0022174747632530685,4.003979528677913e-07,0.03492189284027693,0.008242655412195867,0.014902883774882445,0.015452540795267542,4.5389357320171077e-07,0.000753968539875016,0.0115032424997673,8.604191713948442e-07,0.009071860898680546,0.04189251711138653,0.024859697995358986,0.0020764613022730377,0.003294489385156355,4.4706568545395795e-07,7.172292791804364e-07,0.019532196479240187,4.910022171240435e-07,4.87520620369163e-07,0.03439942070140379,3.895916110103866e-07,5.749655735174927e-07,7.983433602709846e-07,6.692018704977656e-07,0.0020695943286092914,0.0006606692255511066,0.02315058374315879,0.04200444484253312,0.005000807025943426,0.0050007833956229025,0.0048537862142896205,0.042189911787921926,0.010341684209165232,5.05053703655698e-07,8.427985374887827e-07,0.002690305456842917,0.01733906718789506,2.0442664687061605e-05,3.9654765788301497e-07,0.023330493022288887,0.019447593935719,0.04214884462501317,0.025423186276147834,7.6135667220001e-07,0.004287723627289481,0.015591494840984118,5.822566257889263e-07,0.005146872991121605,0.010644483201466316,0.027094035034218252,5.398027757915033e-07,0.002230799414629535,0.01814605276045366,8.502879180290761e-07,6.52766496696362e-07,8.515414672314329e-07,7.522132764102244e-07,0.0012789400876098876,0.018820543436936968,0.0006186932095832293,0.018010916513204862,0.00551174900644078,5.731944066259649e-07,0.0113769845467366,0.003059185474535888,0.00016312770916441556,0.014010648147967741,0.017467352214806667,0.00906529390720684,0.012723024103401107,0.01644439509994928,8.024714703445104e-07,0.009573401053925606,0.016411435479525133,4.604288267507333e-07,0.0243382003001896,0.04192480265001075,0.015226864123602885,0.023742086291432752,0.020025359850709093,0.007970449307622541
2012-12-05 00:00:00-05:00,0.03757455898386686,0.011948926051845781,0.00952566928857069,0.01869878818939223,0.031624297083394336,1.7546983564218727e-08,0.041599319675983,0.01962688403836512,0.016898723816424904,0.005920180680359311,0.006558825604670691,8.063252822305243e-09,0.038130302493468354,0.015276741277258135,0.024147590471712894,0.006131953490201269,9.41553757758863e-09,0.00043786413866874456,0.013331468853091019,1.655584166007568e-08,0.01235834066136958,0.04129530353975503,0.016185703111424286,7.11605672157213e-09,0.01109916877231753,0.020625049198928956,8.571201840589792e-09,0.010506625115860767,8.706960189029966e-09,6.546763133273264e-09,0.028320287366680956,7.127343377055893e-09,1.2192036354430264e-08,1.5413821508704646e-08,7.385847110349442e-09,7.473047109220194e-09,1.0103969496746579e-08,0.024991989939958756,0.04110149421303339,0.0007641475016282563,0.0007641568207156293,0.012928906740285505,0.041248937408375826,0.0022809045909716378,1.0512925930888981e-08,1.620923168728757e-08,0.0014399111176808493,0.02466843529440465,0.0033457904531286205,7.953115656030972e-09,0.026968141373838652,0.01087516652841402,0.039936132412387096,0.016061790432417015,1.419172744412938e-08,6.5853474458224854e-09,0.005000249795696093,7.580723647246455e-09,0.003658110940976304,0.013367472940069245,0.020166726732660328,0.0008872268094949821,7.857869459059615e-09,0.01747647179129452,0.01704187422849477,9.397721713743917e-09,1.6508058662511766e-08,1.0102986669770951e-08,0.0006509756422768163,0.02103176340165553,0.0008390215734572334,0.011707318889916642,0.0056667327693751095,7.9945716695099e-09,0.007862309861377726,7.110021700101713e-09,1.0029370887081074e-08,0.017370216417638876,0.01633571419998103,0.011596517629496537,0.024788902385026183,0.00733405729842215,1.186110625410314e-08,0.00029874012250100877,0.010119774881589777,8.335064497678902e-09,0.014004003804448908,0.03998225988699502,0.011359062633028988,0.01947303102081902,0.016668829410485392,0.00011386367331863837
2013-01-07 00:00:00-05:00,0.015921427522786837,0.01323914960428408,0.02024355588683697,0.02013100851855084,0.035845375443875296,-5.754859636499786e-08,0.02913543771613026,0.02075138896902597,0.03135931991727943,-3.692420967915627e-09,0.01143796124183289,-2.0160915802422892e-08,0.03653493307260611,0.022190765841437324,0.019747927285352983,0.010371333071838325,-3.9255593796097286e-08,0.007404275736199803,0.03371227501115304,-3.389483258465065e-08,0.00857294920772435,0.040016518685752886,0.028263752326883773,-1.0915690057805809e-08,0.0188257243008951,0.03832341435760447,-6.420730069410438e-09,0.00929781312960503,-3.117955077342233e-08,0.005860806663060151,0.02580561472352087,-2.2533255296925156e-08,0.004751022099304239,-4.5788267361506934e-08,0.010222787810183244,-8.594591656132958e-09,-1.7354618422846824e-08,0.0053955610312980415,0.039712253915928954,-9.73754191097754e-09,-9.737498623686778e-09,0.028748778945721427,0.04003961798249239,0.008230700619649749,-2.320262590398257e-08,-4.988651251163789e-08,-2.7643349246550488e-09,0.02020440902018876,-9.739824029997091e-09,-2.048887480042114e-08,0.016994676577107397,0.006478644774615007,0.02957379597812406,0.02587070493661858,-4.7096769058657975e-08,-8.648117586323252e-09,-3.064774017487936e-09,-5.887542421759154e-09,0.003037214952073269,0.007256914940007336,1.570147248107048e-05,0.010427151511330827,-3.3714427182382394e-08,0.012860141994567881,0.018874799263934264,-8.581834893087416e-09,-5.126164594935531e-08,0.02260631235350684,-1.5197674412990296e-08,0.010313464445156007,-1.8638333038544103e-08,-2.457603187678143e-09,0.0015474687752793305,0.0017078027131742636,0.011409971345174219,0.020320846937223868,-3.0653804726664584e-08,0.013239836964121642,0.011880871576790688,0.00850683688818241,0.02744904604718119,-3.390915950707242e-08,-1.7222224995931766e-08,-3.2341190859290426e-08,0.009968933490370828,-2.1427287012732734e-08,0.009542807229195071,0.039972377529656614,0.003595453449909455,0.012029409882047256,0.004221731449138859,-2.3657624852805565e-08
2013-02-06 00:00:00-05:00,1.322003636084775e-08,0.022969534147202143,0.017361645049813686,0.009209893005610394,0.03583044627940307,1.7713168755704503e-08,0.014604018457028299,0.010366632804131493,0.03618009653993745,1.2385999368517857e-08,0.005526252501585453,1.2328956727836239e-08,0.03560203125023051,0.01854634889789351,0.01641821616220039,0.022775989586759807,0.0036296383106906235,0.011894295245829276,0.020190373204041386,1.7468088295200144e-08,0.01094472384985465,0.03879495797117872,0.007361357416084048,7.81099444846519e-09,0.020063597796728855,0.03449608897185658,9.304664751316578e-09,0.010626481850657198,6.946575286689778e-09,6.94360006132855e-09,0.031614592432648005,7.926315177158374e-09,7.351485497823916e-09,1.7288539216073127e-08,9.073191970204327e-09,7.545046418615585e-09,1.588866299067243e-08,0.011395356132840392,0.03840001258908719,0.01922938664954099,0.019229350157992067,0.022278558038328053,0.038905687642398476,0.007228538258986812,1.0135348144039173e-08,1.7485404263771956e-08,0.004622987620897231,0.02124515638291687,0.0009026067207867928,1.056662972003108e-08,0.033805228020612685,9.399183489672153e-09,0.035676333246764884,0.02564083230051638,1.4095826877134121e-08,8.47039342826779e-09,0.006304927993252835,1.1096043947125634e-08,0.00503254636534958,0.014776511371399396,8.133906810851475e-09,0.004239828751749392,1.6704588726828183e-08,0.013117352729260227,0.027746229500373806,1.0605415411487591e-08,1.722855101584024e-08,0.011177166176408614,7.614217405956841e-09,0.02537285288846826,0.011692097685397002,0.005530330595075921,8.31443660488312e-09,7.235630391225359e-09,0.005916945063383704,0.028107097227851725,1.244598445306833e-08,0.007703355745157186,0.015471003434029986,0.010422818784719793,0.02662463846470307,1.104946733122669e-08,1.148230052950995e-08,8.357292821191609e-09,0.0036308315378146393,9.507557099086003e-09,0.003989327165128625,0.03876632779497766,0.012413963266487384,0.00497756175485515,0.0034186519001774373,9.116397754893116e-09
2013-03-08 00:00:00-05:00,1.8547895904814866e-08,0.018177474948744502,0.018274972648300244,0.011180572846878805,0.014710091936849592,1.9295130649014773e-08,0.03314188721799787,0.012600733142270719,0.04156490286674047,1.3265812093298086e-08,0.009435280855735056,8.619718376795384e-09,0.03918086365055364,0.016050030912035978,8.929938148963173e-09,0.01996742944102549,0.0038177467138738827,0.02002351951656912,0.0202344445908235,1.8545003747840478e-08,0.015141395690492809,0.034246481343665744,9.481167007496056e-09,1.1942680692978804e-08,0.014125192265922145,0.01713003887496852,7.97621880798517e-09,0.0015373795901095517,8.721697681092405e-09,7.489045414133886e-09,0.02390523482292008,7.259805816928638e-09,0.0010733568529794884,1.7960638064809804e-08,1.1107971938780808e-08,0.0032638374949612455,1.4357450095056197e-08,0.018454755524409713,0.042537170550109894,0.025780077844595937,0.02578009611416724,0.022405105050789215,0.042529034689237,0.011820627473489182,1.0651072554733241e-08,1.8524424458370543e-08,0.012106193242068056,0.015835624458349244,0.00019841607070712213,1.0702914001354157e-08,0.04136460722508251,1.0966412280128059e-08,0.030644589508146563,0.013357189554428753,1.2530483085138453e-08,7.46453314560648e-09,0.0106450592474891,1.4069490975548595e-08,0.009647565494241398,0.0036154353626439988,0.001817072633331507,0.01288951168239558,1.656230171131636e-08,0.017767888387346126,0.03901049580198447,1.1672623330732372e-08,1.8476850789880235e-08,0.004735234803188505,0.015752334225557742,0.02805663810628038,0.00437961947959392,8.968594171249376e-09,9.779359867252952e-09,8.401189587329732e-09,0.0056561620820289255,0.01626914742982315,9.94146610477236e-09,0.003992879526353479,0.013706065821516593,0.004357022704365627,0.026459777936139572,1.085415911741397e-08,8.903178457736395e-09,1.3260322725473202e-08,0.015260732719002891,7.826715046540701e-09,0.0062036851153308824,0.030351348302828676,0.01673626627085865,0.005554876049826295,0.015538420793313594,1.1291837737206174e-08
2013-04-09 00:00:00-04:00,1.325129495751977e-07,0.021085111291713796,0.009506813645708252,0.019241243047644557,0.0210706758734168,1.224572336182564e-07,0.03966350748050899,0.019337763712699445,0.02150297367366325,1.1633508301673132e-07,0.00021071615599594097,0.008216742988482585,0.01977470489788701,9.75613705264881e-08,1.2648802998100845e-07,0.015326269414601723,0.016799178990127932,0.022009574773042023,0.007026462826222891,1.358676517755054e-07,0.013715513777901471,0.038620170148070294,1.43431216041147e-07,1.3168489997963723e-07,0.021058673164548992,7.683222774370395e-08,9.929292991225619e-08,0.02027683920916164,0.0002431519491272483,1.1066274417237477e-07,0.032832420613803905,0.011622214741091885,8.907920374530508e-08,1.3962301340786518e-07,1.0606193080227612e-07,9.89738196303157e-08,1.1556280695154514e-07,0.009136651113004924,0.03928498876847842,0.01024427629873209,0.010244246132029148,0.007257686800182224,0.03934058688998448,0.015194306564681662,1.178932454525815e-07,1.4917672261549158e-07,0.02070144624430418,9.45510927060516e-08,0.0011570651435813554,1.3071628373911127e-07,0.04008059276788379,9.72074498299323e-08,0.019754168305366956,0.012224313728893927,1.1114970662909871e-07,0.012177965068255506,0.01146778367973638,1.2540112500270198e-07,0.01262460915337123,0.009390096997479691,0.013148400333381329,8.689829881338742e-08,1.4091898615814e-07,0.0288075083040076,0.036660342397879256,1.0494609892612764e-07,1.1966862828033994e-07,8.446130996510796e-08,0.014804195162730311,0.028872411643021945,0.012245895470184575,1.2459231957248588e-07,1.1206414077893946e-07,0.00486397748564503,1.0903989762464018e-07,0.002562237034842592,1.0975025293267626e-07,0.007983481451326158,0.02356811999941171,0.013595899726675534,0.035620005875363785,0.011984778731257768,8.624200106273e-08,1.1557816198686893e-07,0.0256089861566642,1.0926592094257676e-07,1.1060224936410518e-07,0.03406431774457095,0.031457327931052936,1.0776511649940575e-07,0.024726273216125944,1.3058204436419653e-07
2013-05-08 00:00:00-04:00,6.612656546618564e-10,0.006502087461977751,0.00953511227722688,0.021182368199186345,0.013395822344486807,8.943329602116695e-10,0.034449882594651836,0.011029153987312471,-2.1285901032581513e-10,5.987437908875381e-10,-5.7347063032847e-10,0.010927401523030435,0.03695910779090822,0.006407591137436502,8.788411840080169e-10,0.03837416307907067,0.008790288055394713,0.020147364876572645,0.030279874573698042,7.606322587789717e-10,0.00757154267130572,0.028990130836081887,4.3813980015130386e-11,0.004992969636406044,0.026301039299450765,1.0459691099544845e-10,1.0081605975571027e-10,0.013848439200746923,0.0034337164548334056,-4.2378348415236137e-10,0.03709959159987853,0.00510877348252013,0.0010155816849361547,5.863444982641218e-10,0.017426664213471894,-3.405589007539127e-10,-4.6250557973680736e-10,0.0031756693067821616,0.03871483613221131,0.02493195671714081,0.024931976711854955,0.01963608600104271,0.030542994854192436,0.014625980474078879,4.523576685000781e-10,7.150676059292138e-10,0.021298058480480764,-5.788677508446919e-10,-4.1941430957458393e-10,4.514686182281099e-10,0.022151698053232485,0.004855261376723075,0.01382749514213093,0.008658756948685198,-1.8288103816477734e-10,0.006899716406842246,0.01213172720196932,0.0014699081179837667,0.008131536748601263,0.0018598523372988561,0.004382087408513706,0.026895974142207336,-4.455788842615901e-11,0.01899598431140092,0.03686085866026428,-4.1143100798833035e-10,-8.127767193445677e-11,-3.9307294873457773e-10,0.013857604928550944,0.01857624558882581,0.009599992127844079,-3.707412632617934e-11,3.483791166143261e-10,0.002181155071885683,-2.6713811085967085e-10,0.012605975855283886,-2.091471860932782e-10,0.0019808218768346307,0.005138661760519565,0.012977444132538239,0.03679373099579849,0.037369724017996854,0.003940324936784359,-2.319878973101251e-10,0.022119001776853987,0.0005235854407369023,1.2381811332826794e-11,0.038912640739957254,0.021759563033786334,2.4642307766328036e-05,0.02289180130928669,-1.42285097513457e-10
2013-06-07 00:00:00-04:00,1.5739217962944538e-06,0.00567407570006409,0.014900338735569237,0.014319324358939994,0.024927317589288404,1.6916649653864021e-06,0.01510356107543196,0.002935561438641171,0.0010968974040440802,9.001277164334634e-07,0.014739366228783673,0.01950235366511938,0.03941788193914947,0.020248173760294103,0.005157486752190718,0.029004846663356728,0.015719916927103735,0.014181089584346197,0.042050620496836326,1.603341864454033e-06,8.513832556373757e-07,0.013180161913001195,0.0018791509954178946,0.0025010780415105228,0.011827110466344767,1.1286935158474444e-06,0.022285352533379515,0.008033002799339556,0.00452276944334237,9.203741759385178e-07,0.015065499335211504,1.4723447807972309e-06,0.0040013166050789474,1.5456446973317499e-06,0.022649280711519268,1.1602638091356911e-06,0.004813000698144849,0.007593620603246045,0.04358984819203663,0.018111757109729582,0.018111758047358404,0.03325039523454664,0.025415246575654565,0.017936986519624384,1.300131666155917e-06,1.5969962914893196e-06,0.012821924888563225,0.03326484745484261,1.1460808455249408e-06,1.203019282110844e-06,0.009048272170439063,0.009135151765055595,0.02144361411464235,0.012881161188653083,1.0601217571851865e-06,9.1537342812042e-07,0.016481491332383788,0.024392123549035364,0.008717876383064064,9.869999638590765e-07,0.009216576088632166,0.04175498296928481,0.0023466977010549775,0.0016052335858874232,0.04221720675788646,9.051940086632813e-07,4.750998546260236e-05,0.0038004303798141376,0.0022097122735818893,0.009082415980031625,0.005256126882408836,1.0852810185176078e-06,1.1418708261642182e-06,0.007315820917202518,9.887416235963411e-07,0.027248751494408884,1.5434534288351264e-06,9.459722276045679e-07,1.2169574405028643e-06,0.0022685464118856148,0.03518945916223209,0.0427212141548146,0.008281614341419443,1.1296660313649641e-06,0.017097711165012186,9.437725083288546e-07,0.002345461349496068,0.023280184079702483,0.0033171132836802334,0.011431666248875618,9.989041012644537e-07,9.847040376023698e-07
2013-07-09 00:00:00-04:00,1.6607468756323744e-08,2.044480494491075e-08,0.00490122141396416,0.019553419357225935,0.016513106023736335,1.4483297038069856e-08,0.011918380227532754,1.7266389729556785e-08,0.006175041258452508,1.6998552061265613e-08,0.010351628191615619,0.0201766620120364,0.03289071708324846,0.010992948799423006,0.007839074806663415,0.024862389441493455,0.01028565311201335,0.01514712665892806,0.03888804397047581,1.492848994445575e-08,1.9620977912012223e-08,0.013397723957212171,0.0007453227227355391,1.9747782586584622e-08,0.009270227037255224,1.7619549121115792e-08,0.022852476714461202,0.007104571192147794,1.9852258887190972e-08,0.003390052612392754,0.013574927419348688,1.7692770732746502e-08,0.007683340789896562,1.628124617108817e-08,0.03993604717294604,1.749854844302754e-08,0.004740442943205727,1.935554803467317e-08,0.04014289557536639,0.026960583703710326,0.026960599172114363,0.028761324261065313,0.02875150107507362,0.023150204953137733,1.6389702821642523e-08,1.6415761853687466e-08,0.013743127039489295,0.028017821883858027,1.8126623312725196e-08,1.7988104462161262e-08,0.004256434503373622,0.010517422310507011,0.030904403021599323,0.012404742754030694,2.0149987474232777e-08,1.9969226132201343e-08,0.015881719930406546,0.029034779819103317,0.008058810712384465,1.875803726350607e-08,2.0446304440848115e-08,0.03297393621144654,1.9530557660544634e-08,0.003546480460322634,0.03873154359949873,0.019605864381834683,1.6703879634843517e-08,1.7080221359479882e-08,0.0012300587400871834,0.007951777976273307,0.012010464799458404,1.713541655374289e-08,1.828416351855916e-08,0.010410918228447412,0.01224070785026546,0.0378317761287938,1.6604088485149e-08,1.754530391514362e-08,1.8281169318126084e-08,0.007053309846300235,0.0333562987656223,0.03957203394989983,0.0077608464215662785,0.005873765094884351,0.012457149272794583,1.9645935909563568e-08,2.0042383868391887e-08,0.024174822060010773,0.0020243006018679623,0.010456414752994954,1.9396912126746404e-08,1.832791133671005e-08
2013-08-07 00:00:00-04:00,1.5534145948394368e-08,1.0726086677027653e-08,0.0022523999048240304,0.020354831959848246,0.019992908524049575,1.6087714549259126e-08,0.006301106853940213,1.5279319755156762e-08,0.004388715074430187,1.4374807225667447e-08,0.008492520750415332,0.01892078412598984,0.040205450529748964,0.01989958042941925,0.013394965174536795,0.02984688301390223,0.011994039458236962,0.01134685730714363,0.040086254769682104,1.4639344809786837e-08,1.0058316689578583e-08,0.007581820115013195,0.0023238007503768175,0.0034784071222349394,0.008546736161243119,0.01674667520401842,0.02943667009199247,0.008675137396819606,1.0657310994446851e-08,0.002607408428549858,0.010645868661219356,1.200840815908058e-08,0.008002925287247623,1.5408731758869724e-08,0.040571862578202555,0.0005847481409913093,0.01452888408984013,9.274552211887522e-09,0.04113813881612719,0.012867795954607374,0.0128677996113393,0.028188233457141436,0.02276406862330722,0.017546655412083882,1.4956327591815015e-08,1.5582508747420668e-08,0.012938864873154413,0.02385553685208899,1.3759700504142381e-08,9.866503820816095e-09,0.003517125546898338,0.01611130301024923,0.03528617036344297,0.020221565288441698,1.1118773562564356e-08,0.002036010530273539,0.014410550316297741,0.022983994909733303,0.007185025840106781,1.3546570302427447e-08,1.0967929885367413e-08,0.039694917665909484,1.1881715004856738e-08,0.003907072089403348,0.039712222765028386,0.015244671151964463,1.2242447252040593e-08,1.1941768439621079e-08,9.120091303539551e-09,0.002917517858936749,0.0068653449401203815,1.4478553632255658e-08,1.1395279837330635e-08,0.014243307137173184,0.02939343079391463,0.035953072388696196,1.540408528648956e-08,1.5056704782825268e-08,1.4639010524429275e-08,9.960675279387605e-09,0.02887517421490745,0.027754131230133774,0.017010072038566238,0.015062052349629939,0.007156424014987269,9.510959999933924e-09,1.0443336381222712e-08,0.012790473520611639,1.0293824844024665e-08,0.008292619101903997,1.26613709710716e-08,1.2432576581405643e-08
2013-09-06 00:00:00-04:00,2.1831590073951924e-08,3.8195462743428775e-08,0.0037701075986955805,0.025681754731568123,0.018692220450053813,9.973703591439607e-09,0.01617576744700563,2.9599449479484583e-08,3.490218813904497e-08,2.807416673958662e-08,0.00855095764027855,0.02817583917769939,0.04021673327277052,0.01651254919846258,0.031597474642289375,0.027188299557281314,0.011450083339559427,0.012738990880629927,0.03685141900833252,2.2253951688672514e-08,4.170932012453046e-08,0.009604050661402613,3.7061069104557445e-08,0.005768908301850962,0.007966979072558032,0.013166245579865381,0.008555511805826562,0.010929465552842613,3.7149442285847116e-08,0.006463454547769717,0.00665202362066969,3.416414601591807e-08,0.005574939144283346,2.603254718149719e-08,0.04075611361973371,0.005898976578431949,0.013343647288831207,3.877895144426905e-08,0.041173686879977286,0.008812412617071073,0.008812395047165335,0.024649142504378187,0.01145432284674792,0.020151018905491386,2.1742375368748806e-08,2.010226778713169e-08,0.013660945275951094,0.02098825722633404,3.589085139739301e-08,3.809022657254966e-08,0.0022913892977729244,0.020793490801465933,0.035407113166137094,0.025199338943484004,3.7625520927799195e-08,4.3605404192565875e-08,0.014480456659805015,0.022633281217052055,0.007789757096010318,3.6297151285861876e-08,4.3359423556533056e-08,0.03958845911616292,2.8317319902221935e-08,0.004865283333466174,0.03957442230745226,0.01570444100170635,2.7877418380028392e-08,2.4948302555864584e-08,4.405944212161036e-08,0.004344010141997937,0.00048701218523318696,2.6896690437222916e-08,3.578547705467832e-08,0.012550324524471537,0.023812991823301977,0.0348326223574158,2.6090573420543545e-08,2.3281899791272173e-08,3.022083078940869e-08,3.017832384072341e-08,0.03265245297324898,0.027725425307067262,0.017845190735522414,0.017560428021531082,0.010993013336250575,0.0029207808991531152,3.747665318191866e-08,0.017092050844926994,4.33568668944617e-08,0.0068704505281572195,3.4735083890955294e-08,2.9455059263012816e-08
2013-10-07 00:00:00-04:00,6.167597496247531e-08,5.285234462220186e-08,5.047286386041385e-08,0.03186380812490551,0.023906314518043627,0.0006865634066824316,0.013499537685717775,5.433931945556598e-08,0.00822312953296193,0.009796974237858982,0.012517607194475415,0.04002430234895036,0.030493480731596818,0.01460902890618236,0.03947919548708891,0.030525324706370673,0.023638243033218355,0.009301355074510877,0.02330434748994458,5.66236837476523e-08,4.4749414839278757e-08,0.010860690966074496,0.004015171542255963,0.010625945541135332,0.0069165632492368895,0.01713951724867533,0.007648684681211245,0.0021368624026532005,5.407310555457368e-08,0.005035085561642659,0.00971767036539942,5.018345793984649e-08,0.016202217510402107,6.185076650345185e-08,0.03902690594259652,0.016002820932588004,0.012252233243756173,4.808096823322493e-08,0.03925723101021661,4.2096847817283275e-08,4.2096846842671886e-08,0.014321270909526555,0.009669962977843397,0.016357830417061132,6.1435567526538e-08,5.400443991607748e-08,0.012189836136749227,0.013211580564024305,5.761650430923866e-08,0.002494650594447165,5.21468225684794e-08,0.017329843770729353,0.03371935642450589,0.02423004998304932,4.9394071413729416e-08,4.501775990605572e-08,0.007437458721842511,0.020902449128570245,0.011762456243943476,4.911678358099074e-08,4.690626288041609e-08,0.031888778538378786,0.000872088084047245,0.0003951109753439484,0.03781502647293371,0.02916845887654399,0.003399224143279478,5.0485062698241596e-08,4.144585158083482e-08,0.0025927193289617084,4.3110915417286246e-08,5.981390256660216e-08,4.534988777473526e-08,0.015811182450710278,0.032215642106882304,0.03830098304890761,6.204053364370714e-08,5.653396368103451e-08,6.190013004490785e-08,5.4063353699926084e-08,0.03017258269869122,0.0006119619731858947,0.02498158551465894,0.01186939204676805,0.012304061386205893,0.011509277799714293,4.720701787283969e-08,0.019556814189390516,5.0145431591092637e-08,0.00419982774795813,5.573605847954194e-08,6.114515249151099e-08
2013-11-05 00:00:00-05:00,1.7540064213347715e-08,1.2527084030003787e-08,1.5276851809453974e-08,0.031131500463810198,0.02120431070676876,0.026806551283436827,0.010977592371436034,1.5709664178002632e-08,0.02480335054129609,0.007981294678508123,0.01840167256678124,0.036943971896956376,0.014647618251252855,0.007321842756041236,0.03637515572809567,0.03277113727045727,0.03483840906439636,0.005141084390056832,0.0011955399590626644,1.7540947409899616e-08,0.001668019768970582,0.003745031207800921,1.4019375512817187e-08,0.006081964500028609,0.009130238995224924,0.022644656627149665,0.007570414163750125,0.008774567396142456,1.4576021291828582e-08,0.013097104102104512,0.012993988466090274,1.352015523276876e-08,0.011734203638832,1.7266889591734993e-08,0.026372291101715573,0.01871059431453162,0.0033687282484862317,0.0013414056188159717,0.0359465213965223,0.021109646401133466,0.02110965588197774,0.006320336660719788,1.0973215902524622e-08,0.013970829972054927,1.722818635250906e-08,1.3990706612771242e-08,0.009262033424434659,1.1549246316900487e-08,1.5465061164121236e-08,1.385777510673353e-08,1.5611458815876793e-08,0.023590543527254506,0.023777360001843193,0.026533961071308544,1.3646609853052548e-08,0.00423280070596355,0.012547800124075616,0.01519822595397667,0.018162502565216655,1.1707379017473794e-08,1.679286112541918e-08,0.033554510817800434,1.1317820942807258e-08,0.0046858211261055945,0.03470249836560599,0.03369355819731616,1.2184624604740151e-08,1.522630071469069e-08,1.1337543800324063e-08,0.005413095568438047,1.249853967088542e-08,1.5998424574784397e-08,1.2864281818008558e-08,0.014225064119447692,0.030367580633879076,0.03596597981077229,1.7435301425643754e-08,1.6823505434193314e-08,1.4888958738361565e-08,1.595772033424884e-08,0.030973047748128715,0.036608613894703726,0.02298317374953435,1.1713094173415074e-08,1.13107848262741e-08,0.013300387523967644,1.3948960099596904e-08,0.010726239471305814,1.2853817136629493e-08,0.003263453920815541,1.5501032517976047e-08,1.6552114542561834e-08
2013-12-05 00:00:00-05:00,3.7155367911476496e-08,6.610475292445685e-08,4.78202457101055e-08,0.026247046754160605,0.015929727947539815,0.02406210994364495,0.0013205355707302318,2.514569752339832e-08,0.020690661421897336,0.0007454316013319547,0.021755188327310226,0.04193050497749368,0.02514838717226124,0.012387683263845107,0.04030934658505211,0.02560414958658592,0.02879935758935663,0.002849786830182514,0.01952944471038199,2.403949846961936e-08,6.846983818893279e-08,0.004774688802363821,8.122273354502602e-08,0.0022348415109833594,7.878364050445505e-08,0.003529754877431654,5.950465375987689e-08,0.016388472718252535,6.640049554429884e-08,0.009012992118985957,0.01394736236730117,5.095134363589669e-08,0.007553092021551734,1.5320968824188176e-08,0.019115357896760197,0.02512129240206432,0.009304503066699858,0.003109859315380811,0.04102399725078519,0.021810943136789558,0.02181092716839468,0.015383929670048022,7.364797781404245e-08,0.015981310081803517,1.7240025636409257e-08,7.896266964227912e-08,0.009355371659920658,0.014349802350399524,4.328957756205547e-08,6.293255311458963e-08,2.7722086571356776e-08,0.02411663408444205,0.00427678764534607,0.023373847741175846,5.024043192645612e-08,0.00705631130396053,0.009896998666372295,0.023972290657153523,0.013872146666784487,5.635558284229161e-08,5.6607798109739784e-08,0.0401907530075714,0.021300670807287304,7.965592991370224e-08,0.039294199278002866,0.03058269777009817,0.005530171225923745,4.0746979146642854e-08,6.773450868800027e-08,8.32020720325507e-08,7.146345255736575e-08,1.7179045606017738e-08,7.206212782004178e-08,0.009455197458868369,0.025134786725006887,0.040844887282505765,1.6165670958420772e-08,1.547648029419164e-08,3.952708264812512e-08,2.751464843546718e-08,0.026438009611894544,0.02968641827974269,0.01686544146829566,0.011298047635811409,0.005292474355356973,0.013660092618784129,7.763280819073634e-08,0.008648662105800264,5.983873391629907e-08,0.00809276057513616,5.1272501631375164e-08,4.499024092311175e-08
2014-01-07 00:00:00-05:00,-2.2962152305563077e-07,-6.805176572422206e-08,-8.389204075992802e-08,0.02430489834447211,0.013563444081991343,0.028766274224172567,0.005664491454065424,-2.4642983976072094e-07,0.023514853501898247,0.03367881543776,0.024061233677960127,0.03919010765275185,0.012304699349075373,0.005643362337540413,0.038665231825377074,0.019694583879565165,0.03241503124537107,-3.294937990408876e-08,0.0020470843611985643,-2.986978655876352e-07,-5.268034186654917e-08,0.011632424665866992,0.0013810953740697246,-4.363587420893452e-08,-1.236611060743697e-07,0.0033206917751291342,-1.811078058536938e-07,0.01564171705386375,-1.1570659250030564e-07,0.006479812070046409,0.020362364402279336,-1.9552586507469365e-07,0.004059942133735867,-2.900551395068068e-07,-1.0498455507770145e-07,0.020007773403713142,0.011110933085111588,0.008463328388117329,0.03823696789708804,0.02388895695277714,0.02388892355265894,0.009750685274531594,0.0070668350832636465,0.013707375726769798,-2.980058145005946e-07,0.001639114439846829,0.009006959599466501,0.008802803620478283,-1.8612094179823152e-07,-1.077255887697895e-07,-2.703767649680162e-07,0.03263588675238757,0.012473552000624711,0.03206538885099149,-1.8117519983628784e-07,0.007738905476764668,0.016362089028351047,0.02373482692063228,0.0211067944743428,-6.276658020232097e-08,-3.341944471051071e-08,0.02742232699789536,0.0142547224655994,-3.2778954992499855e-08,0.036903286050684506,0.021613336630110582,-3.613198918074699e-08,-1.996644401864585e-07,-4.6185344450721104e-08,-5.050400960691374e-08,-6.355883805693454e-08,-2.86568055885278e-07,-1.0482925973697332e-07,0.010842314395724376,0.013106982105943896,0.03603190594113493,-2.9308564873305686e-07,-2.994250584668077e-07,-2.329672405488573e-07,-2.2523199230958783e-07,0.0372011238621465,0.0387352902341562,0.013516843024590669,0.019039001993385686,0.004589737439116089,0.012081916159497224,0.0018505492893830329,0.015476003686978006,-1.2480420667339693e-07,0.00925983824720017,-1.0729700852436087e-07,-1.2538696274651645e-07
2014-02-06 00:00:00-05:00,0.0024187962005616996,1.3700239012152266e-08,1.3644737027157153e-08,0.03628749669797988,0.008593891009548556,0.011978077046088146,0.019323539777866387,1.3385060736517943e-08,0.014028387671145923,0.03437324258379849,0.022717230814121796,0.03983197217917415,0.021535211852102425,0.0010172078573400887,0.039055027823447705,0.008720277506281512,0.020773750603371135,1.365202368196281e-08,1.355382893730994e-08,1.3388182565542805e-08,1.3786893866087182e-08,0.02204414983735514,0.007816015875549647,0.001633115156900049,1.3729214076581435e-08,0.02460486847475261,1.3328815280568089e-08,0.014083050570395533,1.339416237235362e-08,0.005765324290268131,0.01802603372288082,1.3602313355339102e-08,0.0013620301653822252,1.33906875907708e-08,0.0008215904943651269,0.009760172347149126,0.035261157793282406,1.3766965320414249e-08,0.038846414828816345,0.030194585305613836,0.030194595110601987,1.350891586565434e-08,0.002617908835996081,0.01565587751275645,1.3342781678881496e-08,0.002263739116790767,0.007136122059892056,0.0025801443484666418,1.3527859184141333e-08,0.00037241383890380004,1.320193934133582e-08,0.04007566725170231,0.006828892914868477,0.02323210254246591,1.3446664778607014e-08,0.003886087498396673,0.006048490028012663,0.013932539975336722,0.013820105298675915,1.3423858411959188e-08,0.019236635173782525,0.01014205257380819,0.018981646744380694,0.013955659433336287,0.03874593486147609,0.017432667265192704,0.012317363410218666,1.3312795412162572e-08,1.3792053056394804e-08,0.0020380744363055372,1.3541165948560573e-08,1.321007098697412e-08,1.3655482446629217e-08,0.00950469090513051,0.012381966168882473,0.026438339586286247,1.3384563866451783e-08,1.3273072401462337e-08,1.3321319300572566e-08,1.33379085010275e-08,0.03252843311388814,0.039191266335687515,0.010641160806242805,0.010835254831676177,0.01699809374321013,0.006027232235443262,0.007578065759001536,0.01989555988001317,1.3803631528168584e-08,0.015612179352303947,1.3595037545063259e-08,1.3555258903666011e-08
2014-03-10 00:00:00-04:00,0.00729663725348466,1.696853259384831e-08,2.5581532256884536e-08,0.03346398680734579,0.01035309182712751,0.026422564502429174,0.012039679625720822,3.1524858617294246e-08,0.01308468511164076,0.04006692769531403,0.021803821578004666,0.03164709241684356,0.01784551925173545,0.00214420099995429,0.040053444396195986,0.006650201541781666,0.026122416151791537,1.534787534443879e-08,2.752240815487554e-08,2.4729220625610074e-08,2.367419453384678e-08,0.008893365701926777,0.016973398967420474,0.0012902915931010876,2.2633087539521278e-08,0.00996261322793971,3.655014384716701e-08,0.019643300551752712,4.0118880325970794e-08,0.0061852266169402795,0.022276432505942155,3.2364289125245826e-08,0.0002116215473601317,4.37011184776187e-08,0.004902314000773973,0.008300044582300844,0.036480606749448426,2.109508598993664e-08,0.03974264664184899,0.021209660405890826,0.0212096450548719,2.386172225461161e-08,0.0015054144507379746,0.012943736267789985,4.4601932729636156e-08,1.682137097145155e-08,0.004513790296590079,0.0013916120257178716,3.86323006463814e-08,0.00041808437712781746,2.6000044578172555e-08,0.040814889887479375,0.011303233985533305,0.02275782952592712,3.78052253681695e-08,0.005878851114880981,0.01253557055008117,0.020604288164191173,0.010489379166535478,2.039393485605163e-08,0.016018400960966402,0.01582530736924615,0.016345906672778854,0.008434342644970817,0.039436225360551136,0.02103737965697242,0.021749406445471388,2.7569879876329755e-08,2.773739643365562e-08,0.0001629885498967189,3.272133602785396e-08,4.4721698210137537e-08,1.624599810961147e-08,0.010786184401218856,0.006853188114886233,0.026664924181404027,4.426978706161437e-08,3.482240632980516e-08,4.447843131465247e-08,4.4455371490527195e-08,0.03493590240974791,0.03964206737472925,0.012494916573804636,0.021838885135478554,0.01673354447895082,0.0012712529322355766,0.0069066307217270344,0.017821818509587112,3.490910441163218e-08,0.013607629460488789,3.281302975230631e-08,2.5984193932069518e-08
2014-04-08 00:00:00-04:00,0.009927070525242507,9.027620607393597e-08,9.164034981510997e-08,0.020267267197698505,0.006644457387835203,0.030265161914172077,7.078439535597617e-08,9.689396436057038e-08,0.0045500247511681665,0.04104090015839504,0.016170923555765333,0.029358221553488825,0.016806563902816637,0.007560901377023782,0.040841628131940866,0.006321191712387797,0.009909968051377073,6.730169772690842e-08,8.987882063464244e-08,0.006692167586309759,7.577035812916061e-08,0.002732561148095629,0.021334201918081965,0.005366380641214866,9.367543217783108e-08,0.011381381224948275,7.054332578746361e-08,0.01640196015639023,9.748873723969683e-08,0.0043278460802506835,0.018772553584781786,9.964231050539662e-08,0.004389932410909848,9.883763798976845e-08,0.010536550094543918,0.022567962365545598,0.04020070141290948,7.030593301300242e-08,0.03321612767500731,0.021523545395486197,0.021862894725384847,7.890769687171971e-08,8.027222325753014e-08,0.010202689208556078,1.0811114278782675e-07,0.01403188729616082,0.007815691122685266,0.007439235033623071,1.0936996836026638e-07,6.683362735541091e-08,8.726706834371144e-08,0.042135775930307574,0.004806730863456714,0.016623665876726725,1.0680980410272498e-07,7.110889451950839e-08,0.018852726597964144,0.025757993778083705,0.013308535761839728,7.535171718603782e-08,0.009511509240786494,0.018449268570739908,0.02592421790906033,0.004852934034501872,0.04020128940943142,0.0022361165765853964,0.030946784089772333,0.006678765827611242,8.432575372203365e-08,8.042979106024044e-08,9.180238193242887e-08,1.0860141777065208e-07,0.004046857872214912,0.009626722458884266,0.00541345938645408,0.033711457051104246,1.0835338153685678e-07,1.0045086266012453e-07,1.0596792049695788e-07,1.0842121472447257e-07,0.03270859708274689,0.04103944633400228,0.018576710977432204,0.016543597947166068,0.019073148217648744,0.003419033680594669,0.0111408598086209,0.005730163428968493,1.0277330028018315e-07,0.018220118946151127,9.797327016580297e-08,7.629008835725603e-08
2014-05-08 00:00:00-04:00,0.023018707742366872,4.783803573078091e-09,6.899628311541543e-09,0.016752225984144477,0.0036037769053008104,3.9459892660399446e-09,4.394890050556948e-09,5.241473915765687e-09,3.6089342924245716e-09,0.04151723401808509,0.015069549485864938,0.029870130962955023,0.001743321233310799,0.011046418218389212,0.04108308612583714,4.37789813790034e-09,0.0194195178509306,0.003595290707560737,7.982016733408983e-09,0.00837354741610262,0.00207673153678582,0.01076090267543989,0.02064215695101778,0.019158458832411886,6.443832737855817e-09,0.005416009891265388,0.0035477154017985726,0.0212643893725218,5.585541517149061e-09,0.006389848579821808,0.011152447111192372,5.9985371105764316e-09,0.010272192734922131,5.117255259850282e-09,3.9988126081016135e-09,0.02883012208593469,0.04116609052339109,0.009218467068596537,0.035879344673862876,0.006756114189629528,0.00864572569495438,5.7575188964880226e-09,5.9257060344589995e-09,0.011609093863095154,7.95351055599574e-09,0.0008736639790456446,0.010393853767365041,3.787918868640807e-09,7.781089827468348e-09,0.004366434891346143,0.0007767844549650819,0.042452710059766696,0.0009366788235845203,0.02318867159587957,6.4408605642706264e-09,0.012226061688062416,0.015059832766937923,0.013668150192425057,0.02316080992326495,0.003941894915369937,0.017447285768992293,0.016613997274479493,0.010653758253189404,0.015033390672482027,0.040626808158695564,0.0014587047204126637,0.02571600074921176,0.01399896815259736,5.322208482808469e-09,6.1180382608382344e-09,4.998228756133019e-09,7.940091494033566e-09,0.015817048679173766,0.01607927549752782,0.000499948677678345,0.03955884823390814,7.468897558165995e-09,6.975580532514989e-09,6.7079893731421126e-09,7.892058989769261e-09,0.028669247418338026,0.041524634211009444,0.01525563895723832,0.020443192864300238,0.013824257964896464,0.0023659105339656995,0.014136751792022978,0.004239853024108811,7.918165959207309e-09,0.022555464369068388,6.74152375334931e-09,0.004556674994613548
2014-06-09 00:00:00-04:00,0.035758880559041056,6.294740429295875e-09,8.02347213922554e-09,0.03615626601701883,0.007157411327222862,1.0025669686859143e-08,0.0057659754609158806,3.785152656537738e-09,0.004817081203606565,0.04202040192634649,0.008952952816009106,0.025284035760912482,0.00019220345516578625,0.004116370133509476,0.03598902011495394,0.0009926417039861472,9.967258139401387e-09,5.285828166571538e-09,1.0108465752608834e-08,0.016769341420612642,0.003270099078379172,0.01801305552851489,0.019291655459213415,0.0206191746802535,7.91725914691898e-09,0.018559587500325395,9.278211460677472e-09,0.023214092698048323,8.434826418949563e-09,0.017287366139742518,0.01941340433044226,6.57248570268078e-09,0.006402077706714857,0.008414079798713796,5.196786438660112e-09,0.031744101860834505,0.04223486838577592,0.0028805736369328636,0.041635269911479984,0.012149971446679807,0.014309766595802575,9.02810236851116e-09,8.338551107263397e-09,0.008257650266708416,1.0063611101047882e-08,0.0016200167493438512,0.009906697217533258,7.098039574426291e-09,9.896320480392187e-09,0.003615267801390602,0.0017773762788869908,0.04294693564185655,0.0019345870680906696,0.021332203552083547,7.15720895314134e-09,0.017056262267168512,0.007559198679886235,0.011288409570669334,0.020628708269147696,0.005560836263590672,0.007199771915866065,0.009407901450895333,0.005644736326752602,0.014710086013316945,0.040894390761850336,0.00736348998761584,0.020320666666282943,0.013509756549659128,6.522355796778231e-09,7.683586717621981e-09,8.06730253656211e-09,1.0035131478803724e-08,0.014547218116776691,0.014801273114269804,0.0037862727764397678,0.017816606627462633,9.782876653042903e-09,6.06022633952977e-09,9.241500845512904e-09,1.0042309259211177e-08,0.022681712049501708,0.04198119873100817,0.02099197054739083,0.015666394506551926,0.01694564362394254,0.009582130763192694,0.007905937372034386,0.001990279776445764,9.985630732039325e-09,0.01535645253904365,9.256178899502867e-09,4.304394572973873e-09
2014-07-09 00:00:00-04:00,0.04265542597971511,0.0020134266905598164,1.4425751572979846e-08,0.039776792515474044,0.005690527514403525,1.4342200791129993e-08,0.009157548255550551,0.013663506961255479,1.3618132816945418e-08,0.04077660207611158,0.00835222457835403,0.00870910360551665,0.00030428340150043395,0.017937955342886985,0.023983938990750485,0.011562307193247532,1.4081307911786814e-08,1.4445559100195627e-08,1.5467812953647005e-08,0.02266673446158438,0.006504823197637563,0.013838270307113015,0.015224455658371517,0.03061931174656212,1.501269412657953e-08,0.028900893067362987,1.4393226023663046e-08,0.01750114006195983,1.4531571220828915e-08,0.006072397516145837,0.02099077309266725,1.440380267319655e-08,0.007491361342559007,0.0019944641372334243,1.4570712334519257e-08,0.04118684408503021,0.035686618138064986,1.3915409205544948e-08,0.04047359892757749,0.011289494629309192,0.01296632046850571,1.4708853553226712e-08,1.4716224281359422e-08,0.002715913710125429,1.526398948557508e-08,0.025907151104695787,0.008235695913334208,1.5246524303773743e-08,1.4848814331571184e-08,0.0005232076492285823,0.012945599918058813,0.03782615064998858,1.4136767443825982e-08,0.014490093277461397,1.495641598653023e-08,0.02206745235279714,0.008075175424345962,0.002262376943430342,0.01889040346126152,0.010780519491180092,0.013268976465665687,0.01403015351210983,0.010998986875854346,0.013115717367968393,0.03962147262147168,0.008080743591562713,0.0202642043721884,0.016669756356920536,1.4417006178973484e-08,1.4326690000080483e-08,1.5077026566054008e-08,1.5134842194607307e-08,0.024915253465804605,0.004050861362601336,1.3629588328103603e-08,0.007410947039714811,1.4895132705821333e-08,1.3985875691522423e-08,1.4764334909548776e-08,1.5331484148645685e-08,0.02537217296533365,0.026495311794039186,0.028537787169774495,0.008610898816784632,0.0173819093896854,0.004040787242537034,0.0034332936172369833,1.3829196524158778e-08,1.510207767590299e-08,0.010989415125555745,1.518973162026985e-08,1.4200366444669974e-08
2014-08-07 00:00:00-04:00,0.041390336200033274,0.012356111812125451,0.0011520493702679314,0.03832604674496742,0.002068533256780142,0.003099665635305229,0.01723330514224913,0.034243170040493376,2.9845071967243764e-08,0.03962285800684101,0.0082212048514385,0.006308481906667689,2.4269212153315592e-08,0.022039798076423082,0.03120221390593751,0.0005396294086661042,0.00852221676015339,0.001778082972543279,3.5363829559409106e-08,0.021565184441780585,0.0010510939412846805,0.013785403188490879,0.008323147519463782,0.020109940003285316,2.5948663638274092e-08,0.011040651578335196,3.738997949623234e-08,0.026434631838575497,1.8328637928796047e-08,0.00306935131687208,0.02574585628168934,2.214592013675942e-08,2.7564862273251394e-08,0.00018724829326889164,2.8672924082221965e-08,0.02962546580414946,0.029983524503187052,1.5758637366871346e-08,0.03940337646939024,0.020779360465614953,0.02247777446343838,2.3633113390519068e-08,2.4870529198218174e-08,0.0017874154245110555,2.9896248356530274e-08,0.04084953783391835,0.0033070252783160173,2.344510143659729e-08,2.474518464763471e-08,0.0003476100141950944,0.013323583211609077,0.031700182711403825,0.0010354868019527969,0.008615465696210701,3.230627730043006e-08,0.0071800496984424965,0.006718560153706992,1.954811291940005e-08,0.016207180354158243,0.01861711970449491,0.01410815560153596,0.00970385496038518,0.03521623820667772,0.0027793588815010306,0.03879155547773208,0.010975849970467317,0.017699451943603287,0.017905027841447884,0.0023695300909099127,3.21701498564201e-08,2.2722094677560805e-08,3.3100907956392306e-08,0.0065429664194014536,2.9607692012075137e-08,1.8997937032509507e-08,0.017956682685807794,2.4689021560220332e-08,0.010049355510491237,2.082163157700488e-08,3.384270276921136e-08,0.0263634541544072,0.024048047588131553,0.013415620535435439,0.006441184489079935,0.019440937353129854,0.004847211415438558,0.004683754083512383,0.009295187884274764,2.6301907646124097e-08,0.01169896948410885,3.243168436868547e-08,0.004291956657017675
2014-09-08 00:00:00-04:00,0.030638143229016257,0.01573441044819535,6.025616898674412e-10,0.0390449278082715,4.733485564766834e-10,0.00579963744074516,0.008576535294588739,0.03420994472020012,-1.1818023736991778e-09,0.03936855132530684,0.006611653729542158,0.002810394054588425,1.892334067287355e-09,0.01666606950097114,0.008180782638446986,0.014198865513009853,0.010736405371356271,0.007521636532166734,5.300133258648151e-09,0.02058743639009331,-5.263507260186786e-10,0.019046381040855334,0.013302794606240937,0.007871159054402953,1.1578302721379694e-09,0.005643547181811047,2.9935793548435223e-09,0.02881648758258642,3.1259885830629457e-09,-1.5425681603277247e-10,0.03651929455840859,0.005886569857654827,3.6933836714020942e-09,0.001394061568045076,4.859579135914822e-09,0.02753139521700561,0.037696690589138715,-1.103245752243462e-09,0.03914771427052835,0.01858881757091232,0.02122614274246389,-9.887590742089532e-10,0.013993372699725544,0.0032516508494819015,4.673678996032973e-09,0.04054401991322877,0.008221776004105267,0.0011763825752320598,7.958507042443283e-10,-1.5479141329266118e-10,0.014099102507795027,0.032241587724547285,0.003719215648344061,0.0063527477666623115,4.570740410244487e-09,0.001487737600653837,0.006632608013915651,-9.994857336023751e-10,0.013984320904572975,0.019996944473033795,0.019591358545981593,0.01626791860402517,0.03822526056554379,0.01204687020292057,0.0387051908942941,0.011834004687004825,0.022173124260617367,0.014946380722078418,0.0036931989060695006,3.5354338500988043e-09,1.0726638652552103e-09,4.631972052895389e-09,2.3163672041246946e-10,4.430025111223817e-09,2.905993743445982e-09,0.017029647547136702,-8.43431848629112e-10,0.019762064967253946,5.041359152407423e-10,4.79559439011333e-09,0.024274501959424804,0.009397894316121017,0.011314436039518025,0.004604260780116908,0.027495949800597125,0.00023076646001479737,0.0007406864280784278,0.006277931183355342,1.157320756299189e-09,0.012165996115428892,2.723252425293715e-09,0.0001645862632276794
2014-10-07 00:00:00-04:00,0.03859779928955826,0.019393265394567642,0.0007942677515202717,0.020834642101728286,2.0005820849760353e-08,1.8303965539046303e-08,0.013525323885557617,0.021990721647928604,1.675225708039387e-08,0.036996057833686646,0.006707106139042708,2.0756963070332375e-08,0.012884851224218657,0.01970257817254711,1.7801601721864316e-08,0.011335559122078776,2.1139870762350462e-08,0.011929963303452112,1.963509292971585e-08,0.008648125598389145,0.0004104164409784952,0.007758090690489377,0.007583425692897681,2.1410039865983205e-08,2.2253475421527743e-08,1.887079948391645e-08,2.172469431845266e-08,0.036320883465224114,1.9666968692600348e-08,2.079829452565496e-08,0.02769228041161498,0.008040784297622538,1.821016796612913e-08,0.014845680953388939,1.795209723704989e-08,0.03009852305179309,0.03727130095108527,2.067951547525149e-08,0.03682248462684047,0.022298847683846604,0.024547837600850567,0.010471860078043722,0.016119159975229943,0.0017202907866761788,1.9961447104802185e-08,0.03807133471019537,0.013486137008516877,0.005672988602877656,0.01074103333628576,1.9744575912445413e-08,0.03171827917844331,0.03790262471547155,0.0009939290488945205,2.0867330377354177e-08,1.931645287985984e-08,0.001250478684591501,0.013866752768573217,0.0009864612907343202,0.009577685599311117,0.032519718578163874,0.018117950226198516,0.020738969659875484,0.03100215471322486,0.01133509480049364,0.031418717024082166,0.014651924879639792,0.0070692163273095064,0.007975242479139678,0.01052345732825919,1.920579972621747e-08,0.002091895398210447,1.909072365540944e-08,2.1687829824695203e-08,1.8360349105606757e-08,1.7810285755400523e-08,0.02849050148775702,0.0027464373421500045,0.01218803564286977,0.0010148557555662923,1.870779336973959e-08,0.02140249856921012,2.0919033043823944e-08,0.008976511929339242,0.00750825158042579,0.035789473615899334,2.1605755323362808e-08,0.004454655874131158,2.1279490352109908e-08,2.1909370999100494e-08,0.0199277666091748,2.1482401812916312e-08,0.00044621911784327434
2014-11-05 00:00:00-05:00,0.04020531618040955,0.0116297012456363,0.004312686445993643,0.019147674935928723,5.219157044712508e-08,2.0801139618546223e-08,0.031195366198586042,0.01641557310171457,2.016352718295309e-08,0.03824753054853249,0.0014476134128630538,2.2448053706854977e-08,0.013998275627463789,0.012080589088184056,3.490409552009527e-08,0.004176112553337531,0.0011243315701097317,0.015265075118515492,5.090525551596463e-08,0.011560334855383976,4.498642846335232e-08,0.004872787284196672,0.011164853581546912,2.4430952053434634e-08,0.005111843754814207,0.002546217793588812,0.003438695129355346,0.03261362084831785,3.3255055802424596e-08,5.396153563093869e-08,0.02463551887524892,0.010369450753998897,2.4403781452874302e-08,0.02585829223770715,2.2189506674349035e-08,0.015202549649785685,0.0393649136047454,3.1281758305714557e-08,0.03862884365138113,4.744298824654677e-08,5.129092690731839e-08,0.008343960370287333,0.019376497954323627,0.0013929807808263051,2.3211646280157662e-08,0.03940230628731084,0.011048864594383426,0.009202543856696237,5.2895960966297787e-08,3.657823878073494e-08,0.03075923722175645,0.03781513285193312,0.007270866990790325,0.005181246118811939,3.2242709109438393e-08,4.4534400695444274e-08,0.01184793254223633,0.004620052793570507,0.017085485007667864,0.031772419062385385,0.026472615281703995,0.009493058220713895,0.028508561169335325,0.009363779745113541,0.0024170474861567983,0.01572251547288185,0.030282582653551438,0.007792694541689367,0.009153444899234042,3.166504769507463e-08,0.0025947819891615803,4.031341194900955e-08,0.00234603188495439,3.295079600216621e-08,2.2143861755637988e-08,0.014040331335555314,0.010436833462544811,0.020202432737756782,3.6502209604988824e-08,2.248838455772145e-08,0.01164878253226827,3.083688304423665e-08,0.014099437549867838,0.03242721718017455,0.039456063691021226,5.367527946806983e-08,0.007962994643300445,0.015736049508895622,3.776475974498824e-08,0.020108336544491352,3.695219245848326e-08,4.3567995722314604e-08
2014-12-05 00:00:00-05:00,0.03570807422198537,0.013085744314461578,0.003734619697798549,0.018405280263463504,0.00016571206664031893,9.466848351627205e-09,0.038200791290006995,0.02277893252653627,1.0062263618181366e-08,0.03747900649653696,5.799414045088718e-09,8.627635711000952e-09,5.237938214125432e-09,0.011540819647267208,1.058104255324044e-08,0.011814449333772134,0.006045136209211849,0.019302445095598177,6.352572607573457e-09,0.009952492074730908,5.872100924630389e-09,0.00447856865288357,0.0021614850627549257,8.85926318236984e-09,0.005675625620716448,6.397061353089826e-09,0.02427774441325189,0.027352102957556874,9.619930560331722e-09,0.00201952837481519,0.023689143413136524,0.012397371301295984,8.68442727969976e-09,0.023708833053430037,9.692534427794528e-09,0.01920025081745088,0.03859758567012393,8.335051505254423e-09,0.02886788795961633,8.931031370088389e-09,8.680954659307204e-09,0.0021100051189014363,0.018085646171382513,0.0034889882345384093,9.299213552575351e-09,0.03872736307619181,0.0057518723728971965,5.306069235192013e-09,5.08691416140992e-09,6.828333743470658e-09,0.039124145912347974,0.03316708410294589,0.0294609130390155,0.006300805434315765,7.665867342951644e-09,0.0008214668567062931,0.02143983055813649,5.401514105974512e-09,0.020317733549430807,0.03353182093487305,0.016485642580160737,0.006768550078080614,0.017830908322660443,0.01605857233734479,1.0574904216904033e-08,0.015714723964242668,0.02237918768994021,0.008828661626035492,0.010526875182751054,7.281586285284366e-09,5.101481098237521e-09,6.8946143460845465e-09,8.791141166642745e-09,7.377959828050662e-09,7.671122163330328e-09,0.00525622861229292,0.011617679139947412,0.023296360791228477,7.177112979202825e-09,0.007495751022966202,0.01705827670605036,7.497580985936178e-09,0.022862087739892734,0.026801270349574385,0.03863244232221772,5.361531419295125e-09,0.004110678696850052,0.0184239034068529,7.885011316014573e-09,0.016884627203757198,6.0522590145974035e-09,8.054874401907065e-09
2015-01-07 00:00:00-05:00,0.03504917283938402,0.009959284612465438,0.003246915179052409,0.01540403981575829,0.00044750538945851086,5.830388103641462e-08,0.031836225659382635,0.019279513695348513,5.8240419504638025e-08,0.03364735349320414,4.75548944010493e-08,5.266066761158187e-08,4.5910486888087034e-08,0.004698851106553439,5.260538836788978e-08,0.003890082592904623,0.007608949015471246,0.021442634603500228,5.39322373088939e-08,4.643668472027237e-08,0.0008373519994161972,0.002752558933251238,4.2407669651698026e-08,5.355962574686192e-08,0.01854405985132931,4.237191393828408e-08,0.02199411574080622,0.033473590811150075,5.6613604902596945e-08,0.004562451501767534,0.017178146381173175,0.0255141647207738,5.739615887753436e-08,0.03533312383338933,5.004302218191118e-08,0.017588009143777953,0.03459803083819093,5.592211337673027e-08,0.02799429328887264,5.7260828332822397e-08,5.6698899136895157e-08,4.338077640473881e-08,0.022469704687535667,0.0032387565553084175,5.702653399411459e-08,0.03473955791494945,0.008805322212231322,4.4824110469214576e-08,0.001924128425120221,4.8139273248789766e-08,0.035106051317564446,0.028432265225460673,0.03490485770902258,4.696605280939365e-08,4.595007355288487e-08,4.080055227038703e-08,0.017121659281182523,5.17216370959155e-08,0.012165728377802519,0.03347341341938718,0.020145264172823245,0.009924088184429436,0.02501264070070175,0.025059656799990213,5.667278287409836e-08,0.01595341160983795,0.017329687439740095,0.010241154592905775,0.010874707155478731,4.027111130032844e-08,0.009128318536311337,4.59852601546362e-08,4.381391385736831e-08,4.57469996752158e-08,4.1082272180469e-08,0.0015654839981593803,0.025318686278160495,0.031094320489599737,4.2840684596183046e-08,0.015893527098397014,0.007432545476428521,5.6892135108743364e-08,0.018368618279364052,0.03066183393470459,0.0333392192459211,0.0011131165128419704,0.0012213210067793568,0.011857353392682716,4.47797782751953e-08,0.012059923531973772,0.007141512325972108,5.394600714348414e-08
2015-02-06 00:00:00-05:00,0.0393237993889543,0.015027758980101046,0.00336060920636652,0.005900389557207486,2.3012077902487414e-11,2.737113335616628e-11,0.02136164144334947,0.015010666992361808,1.995503584857193e-11,0.03807961290609412,2.8057394419070038e-11,0.011838116722074653,3.1990015702044335e-11,0.010857548802201814,3.293195448732679e-11,0.013023263277950649,0.014223140595740041,0.023627787507139824,2.8331705868909783e-11,3.3970442510368664e-11,0.004885178230223494,2.101523116281389e-11,1.995541085943349e-11,2.0487630072064095e-11,0.027045228917801107,3.304947985322449e-11,0.014554332742071551,0.03954535816879634,2.6456654008689858e-11,0.004929879994487323,0.02980734823485309,0.017556890566956786,3.587642368484214e-11,0.01860461135790062,1.7954800294421586e-11,0.020232165579952353,0.02835089545505638,2.6677855312218716e-11,0.014054452492847628,3.398229003463787e-11,3.4175149669741623e-11,4.384293433581682e-05,0.032523165965590704,0.0026253504554723554,3.771675200633593e-11,0.032813094627478064,0.007338151765393614,2.5794075272678004e-11,0.001543179740876156,2.612169006445634e-11,0.02598414879230056,0.0196483392179124,0.039131247176291954,0.004419668476301603,2.6217093875217653e-11,0.0012638606143814848,0.02568584447310968,2.5361886722594827e-11,0.020143566559002745,0.03980268980343496,0.0001711293455713448,0.0071841986603872745,0.008004846057097895,0.013723324876962083,1.9143044758775743e-11,0.019825506109841073,0.02064685363953632,0.0079170145759429,0.012335071332038209,2.0095718699364354e-11,0.004013362719138456,1.9353375878339168e-11,3.1729237378960586e-11,1.9401313944788348e-11,0.015733221323159928,0.00329895305944554,0.013712511517969922,0.030427890656141734,0.0025813274020037727,0.027872467020459264,1.9504313444274667e-11,2.926445367009699e-11,0.024046020653960443,0.03908883843900342,0.029515929391816513,2.051548261100821e-11,0.001237254555116418,0.013395995661098711,2.498144264244553e-11,0.011225814290910888,0.009875640125619855,2.432380582096633e-11
2015-03-10 00:00:00-04:00,0.040242377064636146,0.015607500059660058,0.003993729217669538,0.006746872227275623,0.0030282213840162283,1.6281576719006005e-08,0.023557568551591357,0.015566944465473761,1.9039961084047573e-08,0.0387838092620889,1.7054258168976215e-08,0.018028542553247724,1.8170674729635646e-08,0.015482281649705974,1.628177318673848e-08,0.013846499101239895,0.01697274152233136,0.013588162409477087,2.0902647127459118e-08,1.6791164558441166e-08,0.006449820704051439,0.01370222009409818,0.000548804571752921,1.8861964164672412e-08,0.03419218515304239,2.0062791033582165e-08,0.034093701140039935,0.036568992301999295,1.8215324349889354e-08,0.004870681288651446,0.024633026404832527,0.005488645821165736,1.7113841708241906e-08,0.0054457985842589806,2.036333795075932e-08,0.021327031567865744,0.019128138324848113,1.9927765017982128e-08,0.021810305193079665,1.7710498265866775e-08,1.7866895595693853e-08,0.0015600142453603525,0.03720311637060826,0.0028895076455259963,1.7233672859294095e-08,0.03135794851353034,0.004049696557295017,2.0933528268404607e-08,0.004544696464542152,1.8931108367387912e-08,0.017344876149307884,0.018569307961655908,0.04001366823437344,0.011038425737865308,2.0570036730051195e-08,1.9857216939306592e-08,0.02551325201796015,1.9603079407366545e-08,0.021860685577783777,0.04078960844215022,1.9742602763756005e-08,0.0047795663350970454,0.009635364049387612,0.004710003172342993,1.871455790362382e-08,0.018533828951526454,0.019298387324744565,0.004191361282554583,0.016250487186010333,0.0015105673356837592,0.002773048809964317,2.0530410868501762e-08,1.8608174018446997e-08,2.0728422437078455e-08,0.024372758733053137,0.008363996548176447,0.0033945867571273584,0.017507224071840778,0.00364982276075267,0.028519884203875908,1.9253585884020366e-08,2.0924058975195525e-08,0.025303974317663434,0.039980071459153554,0.021524432864057187,2.0433160801439437e-08,0.0014444780647931389,0.015481923388258944,2.1315812009106815e-08,0.011158726733642996,0.007175511207645044,1.7847639435243277e-08
2015-04-09 00:00:00-04:00,0.037810109033159844,0.016250811011582357,0.016412292389475384,0.01553751253705677,0.0018801231455103707,-5.735837793346051e-11,0.02877854583105688,0.01343134338371028,0.010073121279980732,0.036124540581091595,-1.467883947191198e-10,0.016448014284371332,-2.53393524446004e-10,0.013702711402446457,-3.507625843088955e-10,0.015111018547549569,0.021596934532078824,0.006572538212443187,5.324004942876751e-05,-6.700833997048246e-11,-5.230496877682364e-10,0.013680784314977195,-4.758797570744154e-10,-2.4555503809017625e-10,0.03599740409223536,0.01632683355108749,0.015452581773607033,0.0338561261264045,-1.9007929547099363e-10,0.0061652925948205445,0.028143007209862944,0.003902962878713263,-6.442597229507571e-11,-3.142245978874792e-10,-4.004263571715019e-10,0.021671214660257156,0.020516332918187656,-3.2291129464739033e-10,0.02977363378168766,-3.3352662929960463e-10,-3.50824132838941e-10,0.013693156161033575,0.03763205353653296,0.004792853892402461,-7.647170667331073e-11,0.012423356988231632,-4.2205067980204424e-10,-4.485101692435611e-10,-5.142246072488036e-10,-2.7717801448165514e-10,0.01864079000692425,0.02341494885028072,0.03756228263153731,0.016655127216334747,-4.018896751829473e-10,0.00019200070700326662,0.017412801969593713,-3.62447315010865e-10,0.01806116680947296,0.03586436860660244,-4.5132833474859035e-10,0.01481989587668345,-4.5088128864110356e-10,0.0043370228674295885,0.021137519133112983,0.03576549504007636,0.013321140992840378,-5.228657933168451e-10,0.008626888807070653,0.005161058492873071,-4.5113163185507577e-10,-2.825798246937165e-10,-7.332836744490044e-11,-3.881677804544685e-10,0.029415240110694952,0.008057208075239214,-4.278309651644292e-10,0.021941671848939387,-3.439093771318896e-10,0.03397937817992543,0.002151996757120107,-4.5259394344649916e-10,0.01738777717167209,0.03752214209063162,0.007948939598645587,-3.590766532959972e-10,-4.416191301791899e-10,0.023316076115813874,-4.875553772465175e-10,0.0034966236462204417,-4.836647858149326e-10,-8.630483206664849e-11
2015-05-08 00:00:00-04:00,0.03759054396241332,0.014583353253384437,0.015516349213728893,0.0186945295200558,0.006751053905773364,1.5752594273675848e-11,0.03217266398995422,2.5021551626236384e-11,0.03496025124675914,0.036112792705701224,1.885292983436543e-11,0.002654159666054339,0.0017671227531043067,0.020067471807809732,2.1809013647462663e-11,0.0163251772264119,0.023099431134167802,0.005695985610113607,0.005417060857600832,2.003634659050356e-11,2.3807498725080378e-11,0.005387395475278912,0.0007306437300970566,2.064961128787548e-11,0.026753760330713642,0.03575141792880784,0.02123939948319659,0.024353336241630323,2.1217238774883227e-11,0.006441226365438874,0.028601583791345964,0.000581939813352912,2.084958472328659e-11,2.3324428334296964e-11,2.286051863586265e-11,0.016331568401750013,0.017590687729233306,2.5435444358829656e-11,0.020395150238912127,2.004569293881328e-11,2.0150224843925762e-11,0.01975317468877468,0.03512123834007908,0.001928177718052635,2.1689134355014082e-11,0.017142014034988974,2.2527857545699686e-11,0.013933810671084424,2.4205418098335316e-11,2.153139966050198e-11,0.017155357182638397,0.010112059341655731,0.03743882731628892,0.016619512465583314,2.0702461088891203e-11,2.440361230828348e-11,0.019342704806809982,2.5543365242934358e-11,0.0065330108008854245,0.02528415744280665,0.0029140000484507707,0.01903602680980207,0.013191512212740295,2.516370319090149e-11,0.03667657279813683,0.03213806574707859,0.016175362344957582,2.5762147929662276e-11,0.0047926936899128835,0.01195488073191471,2.3562533377115004e-11,2.36942331838496e-11,1.9820706563970614e-11,2.4648049570206462e-11,0.03362433951636408,0.010625282788143979,2.536234882081722e-11,0.006366698857171496,2.3727512659068945e-11,0.03246684926359356,0.0010940539731496698,2.2626392965205254e-11,0.013024186812495396,0.037372792747692965,0.007086713830457154,2.5289637309094006e-11,5.5556679772963953e-05,0.020011679389569135,2.663907938147771e-11,0.005462629795877711,2.323187400827146e-11,2.0508021669888377e-11
2015-06-09 00:00:00-04:00,0.03563053847199715,0.019638814569456816,0.012239283172704021,0.012527794052477559,0.003977789115755571,1.764858528322686e-08,0.029973295150709928,2.747925407543736e-08,0.024146535644980097,0.03449576256059329,1.7283214823515086e-08,2.7318636014785858e-08,0.0062873825778476,0.021464155422840966,2.1825315385152382e-08,0.010603309630868455,0.03624783004967191,0.003874793677572716,0.009262288912671756,1.7675239951780077e-08,2.4683680758007622e-08,0.006868737327711853,0.0020294482925429036,1.7886733826131146e-08,0.01855715148635057,0.03263241341528217,0.013292188790120849,0.024046852880915785,1.808239148535514e-08,0.0012644874353941456,0.026705136437395912,0.0018411788837650166,2.0743179434580885e-08,2.1932460318862663e-08,2.0307792795895516e-08,0.022751025425030543,0.012714541564186633,2.74025153788096e-08,0.03258324556331416,2.2154137821034014e-08,2.2710262474450355e-08,0.023457681805856098,0.03381418984507172,0.006026559838558473,2.1374519734897058e-08,0.00989123079657068,2.3953993396378268e-08,0.016302636073638535,2.6489735701931815e-08,2.182533132539143e-08,0.03125265515719135,0.013010920134665212,0.035904486133709786,0.015013705620759264,2.3785789803868563e-08,0.0019115163323446694,0.018271143546503065,2.5767615255483668e-08,0.006358272396196201,0.01855020074845539,2.7637208203519926e-08,0.019467254458194656,0.00876161684177547,2.776423195380426e-08,0.03526068507034861,0.029958742799023618,0.011686591355419412,2.6468474173161468e-08,0.004542810095337626,0.016053795795641777,2.5749930866592893e-08,2.3466498511053983e-08,1.8243208712604272e-08,2.5616127230851478e-08,0.0339568954230995,0.02323815552038225,2.719250959971399e-08,0.0024368024333514494,0.0018787468816775634,0.035978637194544055,0.0024709958984050827,0.013274792729687212,0.009562689014368329,0.03579628323331693,2.592539583745836e-08,2.4952370840520372e-08,2.7340755427076614e-08,0.02381847048730577,2.615783500938593e-08,0.0064340386184368135,2.3700080515611126e-08,1.862221818949028e-08
2015-07-09 00:00:00-04:00,0.02654407229557834,0.019262110405742213,0.019989358953434927,0.009410447319191325,0.0094455461361514,2.1572595127448542e-08,0.024690787382265565,0.0035236648732592164,0.028088823491628057,0.03605666788897707,2.083889663263658e-08,0.011913576578237705,0.0022193202913334594,0.0068647766396995515,1.5613665676423272e-08,0.0038977644518396323,0.037551099366886505,0.003748614513661522,0.008159480066551551,2.1759200533211685e-08,1.2283434619240814e-08,0.014706379511647778,0.0021856715743018692,2.1746037187508302e-08,0.0213795350336664,0.021954958925919244,0.007962535252533492,0.033088841580094626,2.1682784676288863e-08,0.007414555441866183,0.031700978204186034,0.005613540846198024,2.0699346038667177e-08,1.1993526309936827e-08,1.775829886561736e-08,0.008218319399786405,0.02267146786901324,1.0475529522141626e-08,0.0255789937562223,1.5665183116708293e-08,1.4205482420288264e-08,0.021489494318033927,0.03434285775584062,0.006207443512211352,1.6444717456138646e-08,1.22764618566146e-08,1.3535876016744764e-08,0.017009682728204464,1.1980163784850976e-08,1.6531798529506623e-08,0.037655019105099025,0.021426769808251887,0.0352896510030376,0.01929761987601441,1.1464638611923002e-08,0.007935016726432853,0.013409790272661886,1.1541473347620696e-08,0.005050358727490187,0.021669334247200512,1.045375283797349e-08,0.016943405082616107,0.005555805094705002,0.003448421150448492,0.03684603905473688,0.03610323320309409,0.004332854678273831,1.1659540636926625e-08,0.007143600371024152,0.01234187114479827,0.0009275952272155774,1.1438671284592322e-08,2.165736520072109e-08,1.255151670881139e-08,0.03273108522652304,0.013304663760055598,0.0016963850933082727,0.00789405014301854,0.002665623512584591,0.037632879674673145,0.005936020732349749,0.015611298588329927,0.0003321868469215439,0.03710557998335293,1.2575956935699864e-08,1.3555737205698017e-08,1.0875200328780579e-08,0.021231121793222476,1.1132968156873285e-08,0.005590884772502023,1.2135160336900486e-08,2.0549259060716606e-08
2015-08-07 00:00:00-04:00,0.014310322530281375,0.01346670787935883,0.025667615038819782,0.010824579235411991,0.011628118348900167,1.19628591412884e-08,0.02524307677548157,5.154490690780778e-09,0.038618294214068816,0.037219176120730786,9.221050773002044e-09,0.01515729572437133,0.008769098736909734,0.004720456016958867,5.1707404553742805e-09,0.0015264644065058996,0.02199584792102021,0.0008955192692735622,0.01085957315521355,1.0619910036120439e-08,4.108174006749983e-09,0.0029967837768134138,4.382002177164082e-09,1.0647205049669281e-08,0.018344646082055768,0.020133703580073985,0.006818747218990608,0.03187582137743366,1.0542189350259446e-08,0.014933802441125014,0.01831247082529969,0.0008247709208571872,1.0365836669678355e-08,4.369609238207102e-09,8.557393659126392e-09,0.00762391535995488,0.02290873610797238,4.668020565443065e-09,0.014775441810354884,0.003737075125414208,0.006796915981864908,0.012522081580802777,0.035990543817308984,0.009398520526199874,9.14778548266134e-09,8.037888734089309e-09,6.025993554979148e-09,0.014738532414411034,4.009465353788581e-09,8.445550905323375e-09,0.029287538263887396,0.022818162692041736,0.03489199150633256,0.019752160121453487,0.00014385809300388098,0.02398682998405971,0.018739016005671835,0.00043612481581760263,4.061483107152505e-09,0.03005056518207024,4.311141112366802e-09,0.015074129390253876,0.0015486288213535995,0.008797431057833295,0.037741945261359836,0.0386414572579513,0.007751328956938974,6.149932032679137e-09,0.003134976996837188,0.019457374891324434,6.682506489315522e-09,4.3928451540147355e-09,8.880846424965422e-09,6.772921883241656e-09,0.03864552688483698,0.018016894766764623,0.0014979849230403444,0.009504574430103446,4.558442155596931e-09,0.031096268406445915,0.004257545862724343,0.020732579096220186,0.001122513259089366,0.03834848815527478,6.885264623470054e-09,3.567423117787962e-09,0.0025196145187402984,0.030014594087436588,6.010362187080646e-09,0.008355027955248506,6.096494304503589e-09,1.0412924326249165e-08
2015-09-08 00:00:00-04:00,0.01819357515742193,0.0077529410627888325,0.024595003506723584,0.010826637943187641,0.01250294058048805,2.32677816786993e-09,0.013962109082796914,5.9700218358776e-10,0.03701697059532746,0.03571574924818514,1.1592862808949888e-09,0.012739773403936184,0.003616977573057056,0.004174320523658425,0.009725030205768356,6.673653488415611e-10,0.021394032179628295,3.5707543205974185e-10,0.0010098555608232718,2.1247618631126827e-09,0.002138687766142284,0.0075304457306030696,4.407249270065854e-10,2.119256137500225e-09,0.020667445500154653,0.01768511818051285,0.010944657490054747,0.030808501826460836,2.1136879447312315e-09,0.01808560608933372,0.019581996926970963,0.0004387883185188996,2.069513451997548e-09,5.055490102361766e-10,1.3476325176453705e-09,0.0024490308999505408,0.021127948399350373,2.9285057823144435e-10,0.001593347363514569,0.008112401110009737,0.010809786730412259,0.006833943803979877,0.03306311633677518,0.0085603748905824,1.6695187153249234e-09,1.1971558973589115e-09,6.922483169733712e-10,0.010842043638446961,0.000383148590095761,1.6201606974427241e-09,0.03364647270405546,0.026401663176254274,0.03309972362336784,0.024394246625042495,0.011882121040535062,0.027920167220205495,0.01518466241812504,7.573778550732911e-10,0.004698101694198744,0.03252281788757239,8.883605810314236e-10,0.0012579785417670714,3.8015882755762446e-10,0.005484055603885828,0.03562781277113021,0.037399749431172094,0.016340951346904678,7.585408979727165e-10,0.008185430262203733,0.016009552018347025,9.980860367987028e-10,5.051238329527093e-05,2.059963552802296e-09,1.0548492773029776e-09,0.03739624886724689,0.007249800401644049,0.004486383084852655,0.010765572487139613,0.005639024059628441,0.03468696450351909,0.0022543853374813873,0.033918710469693775,0.0028240468546732646,0.03517760180212029,1.5481717145398416e-09,0.004650005698280777,0.003357350021565164,0.03526095217433704,3.2304424714186637e-10,0.007344596247114743,1.1040286279224005e-09,1.8865537438135727e-09
2015-10-07 00:00:00-04:00,0.013293783421814361,2.518496252119794e-08,0.027472267489028365,0.024598831147947878,0.010659071274640632,1.2829807803839895e-08,0.0035276266339367536,0.001385112449596027,0.036919842326845594,0.035482433422455384,2.1926097060094015e-08,0.00943111103126831,2.2910916825314363e-08,0.004571578892274813,0.01354358175909334,2.6325138015316993e-08,0.019740313462878273,2.4895638543904162e-08,2.5910672260807547e-08,1.4727384132915964e-08,0.0017040412869323701,0.01243858822588274,2.4187387210214573e-08,1.4509670687058167e-08,0.02270699905698789,0.025393918803880408,0.01211304457082856,0.02398795206293174,1.46014725197041e-08,0.01716479687522842,0.01922012632699966,0.002211589712021064,1.4908041242535837e-08,2.293330867017681e-08,0.0022048285668783566,2.539685265329544e-08,0.016424993743641723,0.012200447413692866,2.3191411388653624e-08,0.01178546992174662,0.013898456973365053,2.5849296502960515e-08,0.028219847713759856,0.008805812586583918,1.73485894066826e-08,2.492396357083008e-08,2.3322823461534382e-08,0.005465292482761041,2.7015654099597913e-08,2.0452485950887686e-08,0.03010244522499464,0.0225136278239755,0.03250635238007254,0.025293641012029796,0.012933990039820148,0.028507271946369525,0.009585065868825503,2.3070392491445512e-08,0.006632975711371022,0.02407205480770373,2.0243555922681933e-08,2.367076938517852e-08,0.0034180309485712258,0.01057202802774875,0.03581885635779089,0.036332633290573305,0.036637563804089,2.629801427944147e-08,0.007729730761008319,0.016369553373769444,2.34830152173695e-08,0.0015999077758072867,1.4309521251287001e-08,2.2927125283619964e-08,0.03740276908749485,2.3078016852191863e-08,0.007796344792270608,0.01949903344059731,0.0014141829572131151,0.028033056498452415,0.002849217419664404,0.03573849583381815,0.010556929377828934,0.03507627536635738,1.96946870671891e-08,0.00620667293855156,0.001888504695371678,0.03398946402967157,2.4337421800282393e-08,0.0023508496019243913,2.1133080388392873e-08,1.9530481311340398e-08
2015-11-05 00:00:00-05:00,0.01097453740942878,0.0014821320339554207,0.031489481407766966,0.025613712250732255,0.012519558405364818,7.489988551349378e-09,3.432067028275448e-09,0.004160561097817202,0.0368649104284623,0.03575727902705351,6.979069062114965e-09,0.019222873379423463,3.835384960781748e-09,0.008509643499666559,0.03101164148965208,0.0028390854663309594,0.013750230091648488,4.3203196156907685e-09,3.628952754631693e-09,7.448934851135481e-09,3.4931404089287864e-09,0.01186271718502888,3.905493964101971e-09,6.3165169686303436e-09,0.018376374619855283,0.019995427409505374,0.015283597548800926,0.016061252356133864,6.0348897334377675e-09,0.018267596836636407,0.02569632202666416,5.173884777347452e-09,7.445894990409817e-09,6.857829570376726e-09,0.005802136046332367,4.46339310948353e-09,0.0029164476128407464,0.01666879559913021,3.795379103028879e-09,0.028662973222190188,0.03069031467727673,3.497702601439973e-09,0.030758469438775554,0.007334875342669824,5.5939181086609e-09,3.3597209811665657e-09,4.2999047110621476e-09,0.008747921059018228,0.00023846067027963265,4.90160570940786e-09,0.021903366472521647,0.016238001078731797,0.027307638435823615,0.017722278314363883,0.021153529767055843,0.031023551792623467,0.01125490379126919,4.450641985239057e-09,0.0012369865414550056,0.020803471594040845,4.3454551388729315e-09,4.251458315979144e-09,0.014048309589692819,0.0021246626271656734,0.03597573613247187,0.03721860709470627,0.036880835826563284,0.0007771967536929189,0.003965611730735276,0.015199564262370355,5.47302239951265e-09,3.129246290174801e-09,7.418197065070698e-09,4.418246471919017e-09,0.037411083348202354,0.007075550087346654,3.41683932824459e-09,0.012943862160357906,0.0001132984205745686,0.028029308439013263,0.011995595340659092,0.034214864971145245,0.012626535651136141,0.020059718053168293,7.530466067200077e-09,3.735003108179564e-09,3.6265403396419884e-09,0.027351656903447038,4.3183838944037444e-09,0.0017847725835127607,7.377939277254825e-09,4.805094485164175e-09
2015-12-07 00:00:00-05:00,0.005614949035043421,0.0024982705875201197,0.02786640636229841,0.025881056319458563,0.01811715035151071,3.351122023419802e-11,-4.3640399585112074e-10,-4.672388707968603e-10,0.03880504317003512,0.037984219648470326,2.2105670159685324e-10,0.016782260375675064,0.005307648016480674,0.011668769519130148,0.01462780568750437,0.0033905026169952926,0.020500456875692526,-2.3232212892309623e-10,0.00043627039233308935,2.7125680974757277e-10,-4.651800759682435e-10,0.010840337245359308,-4.663349049447954e-10,2.885380951481277e-10,0.022372191567043783,0.03500354653719045,0.002923114812990249,0.009263261130958888,5.349513909071287e-11,0.015750225036548725,0.024660850718335896,-5.998651773855404e-11,2.0976181833315595e-10,2.4654466784524313e-10,-3.083779085470228e-10,-8.289636060207203e-11,0.0024821165758062026,0.02128700141172245,0.0037976823413505985,0.0380564689634552,0.03848077021093,0.0009196977656237369,0.035416237382504545,0.008610039335982847,-1.381850138696042e-10,-3.9888928630030773e-10,-4.935211555977083e-10,0.01395680654320996,0.004961957492392167,-1.1549696767834104e-10,0.022759434170483345,0.019467182905741356,0.02089887193878747,0.012563954384154715,0.025329600120934735,0.01857837267843191,0.00876020282014709,-3.432546108451982e-10,0.001447101122454761,0.020714950561567597,-2.3547619742973805e-10,-4.079409637268226e-10,0.017316461642069247,-4.904351625920859e-10,0.0377263332611331,0.03264251496465531,0.03872187404907584,-3.4724868730801687e-10,0.00828063781489799,0.008442477210263076,-1.7505793322765983e-10,0.009878239783194112,2.6912262390267456e-10,-1.4332340464368768e-10,0.039272877658300065,0.019198379388252532,0.0004386701414402128,0.008212689327406517,0.010240473268929184,0.005689434482389597,0.008350219271416985,0.024747205019876116,0.009663176076293583,0.020044269258344447,3.005312551062965e-10,-4.2122272584038584e-10,0.0028773907876539382,0.023527560107852133,2.4222043221553574e-05,0.005922113861039624,2.493544839131974e-10,-6.392844286767778e-11
2016-01-07 00:00:00-05:00,-8.701982695339372e-10,0.0008262522322611758,0.020646433819291734,0.027061962329173763,0.013725138266727114,-9.961833007894136e-10,0.006595514455220996,0.005705297604962514,0.039888515439578984,0.03378453473539395,1.2632856826422331e-09,0.013621778035510977,-8.584219756046186e-10,0.005769223254511756,0.012805856439553441,0.0019741545206738054,0.018492195204709586,-1.778020172608126e-10,0.0018724848991214088,9.344514399742335e-10,0.00043986645392855026,0.004978655876304795,-7.981443000985481e-12,1.2240988970418632e-09,0.018208036126064517,0.02969731602479115,0.002261718198983126,0.00608883331444886,5.571937804605621e-10,0.010983577996631194,0.012927592766040654,-2.6227802460294895e-10,9.514969968239655e-10,8.221294406570391e-10,-5.87841638907644e-10,5.559947805013453e-10,0.004929459593530777,0.0281244251753808,0.006361840553228352,0.03993024819942173,0.04014544864923482,-5.203185585353666e-10,0.02829356511772999,0.008969807156970074,-1.7969798323578495e-10,2.4286573599250533e-05,0.0037441406491079054,0.011303858580677426,0.00684386883601924,5.898031277547923e-10,0.022753963608399413,0.02009809273323074,0.01506939913323352,0.014750861872294593,0.030158325443150107,0.023826662096281346,0.011423676463054424,-2.0797513963215128e-10,-6.290142848934516e-10,0.02546311020652179,-2.0061167597553425e-10,4.981402318863537e-10,0.02099466799007462,0.00535870579753812,0.039103123031095754,0.03057660385450971,0.04002762138993798,4.0438021773660415e-10,0.012886288798646988,0.007101416652082271,-2.706620931783432e-10,0.0158615715467711,1.227739924079321e-09,2.536603350283351e-10,0.04022751452752776,0.011655999524335164,0.004297778495146626,0.00900190444102642,0.013962449833069296,0.006741419326279209,0.012380695563354187,0.04114009348549658,0.008165216582360538,0.019246628842470227,1.278337677711017e-09,-3.1817686611589485e-10,0.0005726217402609415,0.018407581039602116,0.006475892484245282,0.005244220913576401,1.2394963846325581e-09,-1.9265042788235673e-10
2016-02-08 00:00:00-05:00,4.052612177820263e-08,4.2652682417555575e-08,0.02624887058741042,0.019899972104350374,0.016579199158547317,2.292635261453563e-09,0.00603805486239775,0.0004815148083116179,0.037873661174222854,0.03253031188190502,1.6554015894046934e-08,5.0560250107840547e-08,4.557137015145077e-08,0.002328394369575844,0.007571080111557879,4.875073592677156e-08,0.012670348071577983,4.535770008175119e-08,3.839344228143659e-08,4.333380086192935e-08,0.008280912121062849,0.018244984576850348,4.843239661070434e-08,5.3745643021134335e-09,0.008968791555257783,0.008610145451198635,4.8305422647576524e-08,0.004056019968225431,3.1931168092823545e-08,0.011525438968638333,0.002507238666085811,0.006757310530750248,5.057832505217049e-08,0.004301667717416576,2.891185223054139e-08,2.8811448867328045e-08,0.009876381150512634,0.0326188893395307,5.34752758442215e-08,0.03817412829875552,0.03823128942925045,5.190254553932422e-08,0.020971627877433088,0.013084950406153109,5.0164731742567106e-08,5.4764921034824256e-08,0.012868824140674195,0.015775232698835653,0.0178074099718722,5.3942461854140036e-08,0.018738021383447913,0.02547093635134667,0.0035372709439756233,0.007261169506652605,0.0384664109994598,0.017251784739317547,0.012219277817062541,4.501860772462934e-08,0.005208748993068979,0.028814074323302626,5.135599078131803e-08,1.1604643039181419e-08,0.03249122752406535,0.01964499638602978,0.037125470638542324,0.03552697634516994,0.038186012600389806,4.9817851409386083e-08,0.016108828803419097,0.0008638235132987878,0.00836684133343706,0.026790823327202402,8.248144524076553e-09,2.55290773106337e-08,0.03426435028367314,6.021651758414003e-08,0.014578411020830732,0.004001611832449217,0.028128509524138662,0.005259308043688867,0.008041547438713497,0.026679341251472904,0.0016975034656622708,0.01602019369111519,1.2752103746744058e-08,0.007915542822489824,0.003140509049684211,0.01747276676173345,0.024792270642613193,0.0010515473089063743,3.5899390392668375e-08,5.995144450577865e-08
2016-03-09 00:00:00-05:00,8.483081542285447e-07,7.022922789330798e-07,0.024490832103781928,0.0156778524511096,4.648187280159042e-07,9.322918295966059e-07,4.4223766820433016e-07,0.005969060248485419,0.03341722602194775,0.018194159693470293,9.604497253475956e-07,8.320722828122813e-07,8.282118448945617e-07,4.200622301452826e-07,0.012406352691635692,5.74752210133978e-07,0.008906958237680148,4.451441748431827e-07,9.612036923723015e-07,4.910360347254172e-07,0.005671474317974281,0.0036406629052977324,6.452993697133356e-07,9.85496097172486e-07,0.008385388819452614,0.013098748774384663,4.335101181290844e-07,0.003777945000897234,5.864647212809661e-07,0.011454692304009693,4.517675374615712e-07,0.017535825409164586,4.968281444595007e-07,0.02044149342058303,6.307886130008992e-07,7.807192397998516e-07,0.004403121404263416,0.031068345021105878,6.134137713296003e-07,0.031379314916123315,0.03349339028821669,8.216636906157985e-07,0.02170040788589045,0.014106769106971045,5.763991315289095e-07,0.0010855656553938938,0.017633346148531275,0.0029929817967215165,0.020546379995068993,6.089213837046258e-07,0.015777171013567248,0.020681339079938993,0.0021054785392371628,6.202157262678116e-05,0.03538674865287791,0.028059516194013447,0.006443111467399416,8.062165702172344e-07,0.0051773739605014335,0.031192630187207616,4.3943962708712707e-07,1.007659534683727e-06,0.03294810527305662,0.03136826517691731,0.032479579530557634,0.03396773472618069,0.03387467324746517,5.494820811410181e-07,0.015661348238060337,5.78478516821432e-07,0.011371058571501495,0.0341734325023426,9.772180229687267e-07,8.052249879988643e-07,0.034136271606009086,6.811422961206478e-07,0.028284316698404526,0.022935396582106117,0.03420501570289207,0.014066253298986246,0.017251685008840275,0.027558891376774863,1.1753878108887872e-05,0.015584682669078392,9.740668109196192e-07,0.010642330686302147,5.472996085372848e-07,0.011634008632936352,0.024285144126717593,5.11741701092933e-07,7.097333974555961e-07,0.007171243201471021
2016-04-08 00:00:00-04:00,4.954197123825859e-08,4.2255099513579547e-08,0.022602717557259764,0.02710105341897568,3.4909569107077304e-08,3.718367958101971e-08,0.0020402466272822343,0.014229162344291243,0.03763774543295009,0.02577253309216211,6.630980958271122e-08,5.471686479596581e-08,5.821786121642212e-08,4.841931493668984e-08,0.00999840932288531,4.544615752039706e-08,0.01033142753268743,0.000834612493429886,6.830714204440765e-08,3.685922624186232e-08,0.0070153852895140055,0.009264325148211912,5.532671412104983e-08,6.889231927989067e-08,0.004521031033793396,0.012837315078091523,0.0064072489113376,0.0023099029272720694,4.216783783534414e-08,0.013978208085392171,4.355442519306267e-08,0.01210073139596033,3.576313281945599e-08,0.01140412838207994,5.7210545783890154e-08,3.957411950186828e-08,0.001868702196685963,0.02995298133862388,3.613065154054351e-08,0.038066837165636996,0.038113581605020826,6.519285069041841e-08,0.02203557501741395,0.013381201413796704,3.8173080864283494e-08,0.00686064041377722,0.016875442414170074,3.705061493423433e-08,0.022128874325898586,3.994660000263863e-08,0.009656847524875646,0.020975424618928044,0.005203059287350342,0.008187728032203597,0.03939645354755054,0.016290129392385146,0.004940131235541681,5.5728416732999954e-08,0.006988832121056466,0.03186290139530909,0.0030196208289279616,6.922186495546443e-08,0.03646922628287612,0.02019963162362979,0.03672223959680307,0.02442895282484388,0.03801041129487387,4.0640883950312176e-08,0.01566278500171775,0.0005691631623120565,0.008139923825127205,0.03945870099769902,6.80699938106219e-08,4.9321250667815224e-08,0.0324591087096504,5.0756842123644534e-08,0.02523383286722071,0.012487468440013182,0.03145417185900819,0.0047359308676274406,0.010825895488482859,0.02222444693060853,0.005562332183049304,0.012815217669054045,6.80130277027993e-08,0.015148353738379994,4.299700122738664e-08,0.02078629340121377,0.01564484764207285,4.7586678397780825e-08,5.079316089198443e-08,0.00476827316472839
2016-05-09 00:00:00-04:00,7.146685193685033e-08,9.342959553004569e-08,0.028987432484385442,0.03007418062950919,2.11301715088538e-07,0.035368887202667766,2.2961687663794608e-07,0.019307188963700442,0.03787970561014119,0.018999649346596068,1.0336837503141392e-07,2.1826220006712785e-07,1.319234415879704e-07,1.8094498643513307e-07,0.0020334042983852834,2.394877140482504e-07,0.014421366479814771,2.532438026908263e-07,8.240590765462066e-08,1.45055808250299e-07,0.010059519036348621,0.009502294318332672,1.0859212949454775e-07,7.694109185375992e-08,0.002667960786241988,2.3733851761090552e-07,2.1363072967785782e-07,0.008431164897238974,2.406146162100813e-07,0.021237148430008318,2.3794805646067962e-07,0.010822488778925181,2.113059289361429e-07,0.01245239553872315,1.8558605405377298e-07,2.012403387223557e-07,0.00669880560353837,0.018133415706677893,1.0539502127940212e-07,0.038306178599106164,0.03826552175541176,6.867946672875154e-08,0.03051681898508559,0.017924325194769813,1.642728119475915e-07,2.152267500165248e-07,0.020694654401008487,2.3247208189984711e-07,0.019304759966715,2.278299710436051e-07,0.007562097765393978,0.03780058728242891,0.006875756519562194,0.005654885284894601,0.03973753246957599,0.016840051308775375,0.011021485334510648,1.143910143609843e-07,0.01173263360663155,0.03362893750502555,1.8192507657188766e-07,6.253911514937032e-08,0.011957646952739069,0.026967877115139944,0.012780438184192548,0.019550665984504403,0.03782233732021593,1.8423614893568253e-07,0.017169272128660262,0.002675836518681035,0.007632860615248994,0.03058442389287209,7.762804649802383e-08,1.6721752323427849e-07,0.0181047054399138,1.2677442726272731e-07,0.02271479983316094,0.023387259627601378,0.03140510282252473,0.0013247728851490186,0.018422102327785662,0.02224790575140048,0.009486619221075817,0.020558045487902434,7.88335183466186e-08,0.006727115439381152,2.441824785773606e-07,0.02037308072137507,0.009881045178306274,1.7964907336084895e-07,1.844567730523118e-07,0.005276563857755772
2016-06-08 00:00:00-04:00,3.5205365401812414e-10,2.3126191568423394e-10,0.031544750791354624,0.027791080579082677,-5.718737480608234e-10,0.03498466636036287,-8.148829361150835e-10,0.01937783937232981,0.0379189262525772,0.019856965228026303,3.764628330134078e-11,-5.278570920520292e-10,8.729022029729811e-11,-6.062931124342213e-10,0.01639510403797281,-8.60632059177377e-10,0.01593632338665489,-7.582816625187982e-10,2.6151144162142916e-10,-3.488842329335051e-10,0.01148606220331439,0.010091853691084476,-4.10912274640159e-11,3.7702297108221136e-10,0.011367958612392447,0.014151288318755692,0.002392636833422022,-6.37234074344837e-10,0.004582021813421344,0.019106313117438493,-2.485285258026571e-10,0.01701264605504806,-4.1873760190817715e-10,0.007955568622355667,-4.860257686428756e-10,-2.9888912683899504e-10,2.8373674981088635e-05,0.013900377522626217,3.323952728116653e-10,0.03838788843775765,0.03769106409017768,3.253031519811979e-10,0.021984578172933332,0.013502939549020793,-5.215452514407489e-10,0.0009143904214245965,0.024323473038913117,-6.720168431814381e-10,0.01820554583520733,-4.5095201135807623e-10,-5.676013698583938e-10,0.03479246714617692,0.018262214900588374,0.001650759586173749,0.03625464692194239,0.014124726659002839,0.01354421253783812,1.0258457902238092e-10,0.011798550593706275,0.040357168978028574,-6.962050716341904e-10,3.416917343518095e-10,0.01655040021915233,0.031603196694402404,0.007733329316100292,0.0034368134589952792,0.03781214087051541,-3.0588980389754973e-10,0.014060848938692885,0.0033000229652149857,0.008681336773822153,0.035865270345821675,1.0876263417778437e-10,-2.1528312928028438e-10,0.005710884139988407,-1.6209297427771387e-10,0.02721473279153353,0.018649829526648315,0.02704356456887781,-1.8872930612630474e-10,0.020444748700114992,0.009103504120827523,0.020134692194984403,0.020324645406110814,-1.7700070295826218e-10,0.005758582136189343,-6.884303241184477e-10,0.020464437573832178,0.014947738974620432,-2.9914219623872703e-10,-7.535880424639383e-10,0.009483906702328905
2016-07-08 00:00:00-04:00,7.843957997086485e-09,6.3746762787023825e-09,0.015052209462831933,0.016094515355106732,6.1829367425124376e-09,0.03402245799405674,2.0474247686091846e-09,0.019640801262426386,0.037400049308469234,0.01569081828339264,7.552465843147117e-09,4.740952498805759e-09,7.886360248990244e-09,4.391228437331775e-09,0.012420364545373073,2.562206828845419e-09,0.00818489558009324,2.045698447168652e-09,8.685928029233641e-09,4.072441672071408e-09,0.00999126247879315,0.005038393529108921,9.227101599017412e-09,9.373812253673812e-09,0.017194610087332845,0.008816261268731872,0.005337151690258824,4.337414184202565e-09,0.011981729255754121,0.037578894046693956,5.967822251498526e-09,0.018901043953864525,2.6796732434173123e-09,0.011629882507706787,4.178404633877375e-09,4.699367912454751e-09,2.8299644038174594e-09,0.026181585913018585,8.641158164454057e-09,0.03423966326884129,0.02993857369318442,9.225378926588442e-09,0.019082284178676235,0.014952102251877042,3.399193793763647e-09,0.013084778261660227,0.029818791877643313,4.252374856331868e-09,0.01551102225955144,3.04547425805111e-09,4.391177546529987e-09,0.03695181910660885,0.021836288345726478,4.011867662377046e-09,0.03074859519522679,0.005809686893705154,0.021741856513161417,9.369515281560938e-09,0.016060437073086898,0.03971486789369521,0.00025580017369334306,9.469232345417776e-09,0.016524954473515416,0.031156773144950647,2.570783886516429e-09,2.0587511364366766e-09,0.0370053707920178,2.1914085724462932e-09,0.013953729807692708,0.007067621926956192,0.0044353580169595236,0.03129935500992046,5.637203817143768e-09,3.541997990135281e-09,0.0024445384276282223,8.041565954970019e-09,0.028670518031808638,0.0248109158647114,0.03149764182465596,5.810855353322826e-09,0.013970867415650493,0.007484813550828792,0.027015181556351617,0.019274050990516954,4.142673092737354e-09,0.014428498863377198,4.330502652522158e-09,0.008203855027399752,0.024520602150200098,6.003523606708371e-09,1.8427931273511184e-09,0.015331649948094512
2016-08-08 00:00:00-04:00,1.1788986541694362e-07,1.002144670052076e-07,0.00952355042938667,0.018130635077705418,1.0283009755772585e-07,0.037727080428697775,1.1733077381225076e-07,0.019601184214703447,0.041808947636241635,0.03893417979680202,9.598341630746538e-08,1.0113436536357898e-07,1.0381725530407918e-07,1.0491754102711834e-07,1.1259558491421838e-07,0.011392676332448712,1.152476139644946e-07,1.0445582679131962e-07,9.473741843125995e-08,0.006838399163777715,0.0076333511841726286,0.014792342416318272,9.888917968819809e-08,8.73916755118405e-08,0.014362696526973112,0.01127338190313792,0.01001323484850488,9.346239135860648e-08,0.022141410507594033,0.042004506402410206,1.01646363199183e-07,0.019379167609948553,0.008362351807453722,0.016414497097087973,9.607394040147366e-08,9.776826068935972e-08,1.0604224475948225e-07,0.0232349506497293,9.835737633514304e-08,0.02027932854604074,0.01875703924251702,9.741415848201873e-08,0.018527600243974075,0.00854681083153673,0.0023116739115255215,0.023111014437524748,0.030574035023314936,1.0818026611697087e-07,0.002886604097061165,0.0004616969545805452,1.1212970454098937e-07,0.029617555608376686,0.018388735216126547,1.0743280832331119e-07,0.023895453344547544,1.016375990194382e-07,0.01250577679860475,9.347592862466938e-08,0.02282561243975189,0.02533459944694544,0.0096786581168307,9.739377817075878e-08,0.026783222035235123,0.02371800803026856,1.207207252327441e-07,1.1103081272079161e-07,0.04097454160218968,1.1202340130556259e-07,0.010463495243472985,1.1425069605837028e-07,0.016061740219459972,0.020260009250585125,1.1355018042927876e-07,0.008384999375945678,1.1355864845890358e-07,1.0314662211222731e-07,0.023636588607877738,0.018740241803142852,0.0375396086562492,9.365716530345381e-08,0.01255521542578489,0.01587915535738918,0.04176949571989025,0.018047958210745407,1.0623881459147827e-07,0.005534153331019295,1.0642870338136954e-07,0.004481464436328448,0.02008459583609773,1.0120634690038267e-07,9.564693307395166e-08,0.013810710928876225
2016-09-07 00:00:00-04:00,3.539486955386168e-08,3.257806021619319e-08,0.012783895037188396,0.02549537786974881,2.9550175714617785e-08,0.03621315000359555,0.005170268768014297,0.025783549065673362,0.041313616433762794,0.0346519006224581,3.731613589014598e-08,2.7180413523904845e-08,3.5412758656037496e-08,2.543791144780205e-08,2.2051142253421183e-08,0.01820500116021895,3.292499200673951e-08,0.001685825192719051,4.4492035164388866e-08,0.002481361346632059,0.014879159215636902,0.008973578517651504,3.9468778198393536e-08,4.4042392153042254e-08,0.001865531633993155,2.728202908600943e-08,0.018897870306391926,3.77277093693063e-08,0.031846022079802416,0.0409686604060808,4.064024420070525e-08,0.014218755140894818,0.005342794256226397,0.008771242881206188,3.418327262682791e-08,2.1316063296046685e-08,2.013445628451748e-08,0.02491485873218946,3.906123784106769e-08,0.020312139280021194,0.018554039051656902,4.229936326525233e-08,0.0068811728719742815,0.0104010929110801,0.001192227821219023,0.022633159238331164,0.02781040077878054,2.2014916666328436e-08,0.0045361648347599145,0.012599934634469652,3.4533006640703236e-08,0.01305880983904016,2.1313661480865196e-08,2.5129137441807168e-08,0.01801621952361446,3.086242517275708e-08,0.019904239703245136,4.2836017570664575e-08,0.02426147955112955,0.026115348403856445,0.01663575068325866,4.063351592661599e-08,0.030772985224934397,0.030192565698433996,4.157707751445597e-08,2.9443209703074316e-08,0.040441529576514715,0.00020898676496294635,0.01118098711793585,0.0006111263302659999,0.02584085793311744,0.03199669803881055,0.0075296745241480376,0.0075521584596546796,3.2033849428849984e-08,3.1408998761974567e-08,0.022635807201130384,0.019725348054799377,0.028985381657333126,3.5481363561079487e-08,0.01390959774905901,0.007062834647052942,0.04092817024605723,0.012134816867344828,0.0016140967599341202,0.005577064551721191,2.255445533647e-08,0.006871042709581556,0.014966205619535948,3.474354686823795e-08,0.0055474980905943355,0.0163388560101216
2016-10-06 00:00:00-04:00,6.410817402508083e-08,0.0021183072570518367,0.01399300245143002,0.02477176352466066,5.400290456364487e-08,0.04048826777495106,0.017293646844321872,0.01265336152436586,0.0459869625491846,0.04456377028850098,7.141999471111475e-08,5.6864294115270735e-08,6.181308750131314e-08,6.120230727455269e-08,0.011545159516277768,0.011236320303670328,6.941139848476991e-08,0.0028643250067720747,6.909492551849842e-08,0.029569987628389794,0.01057241469870625,0.00830557835027625,6.422090310111471e-08,7.706443827407074e-08,5.681525305663658e-08,7.531249033301689e-08,0.015692484073941727,6.833227849851424e-08,0.0192388184477213,0.045697629502326545,6.964991691882746e-08,0.005135318897204213,0.016391444330486348,0.0048058313635397885,7.095123999783723e-08,0.010071040564930292,0.006428777456249638,0.005046852313205575,7.224464137329646e-08,0.016709229641906524,0.015468334100820217,7.114863956750571e-08,0.002777522699080501,0.01695790152733898,0.0023541629524761886,0.019691817539148903,0.030900841746642337,0.004890908012135129,5.324896613135767e-08,0.01226908802440458,6.333772213138007e-08,0.012056866921765125,6.02204488290597e-08,0.0025088072288525056,0.010357752199438847,6.212018796580967e-08,0.024191563121375066,6.230673186015825e-08,0.01855185663658111,0.010705716918172445,0.02900409850477739,6.358615201350394e-08,0.02368482671328593,0.020867969648904958,8.079025608184038e-08,7.354091970886338e-08,0.04465600335247487,5.792803834304131e-08,0.0073149055975029785,5.645474774862328e-08,0.02372101490452121,0.02026173205117108,0.0192760485743592,0.007950061477831297,7.12295876564169e-08,0.012094073952557469,0.012881687688108445,5.062502210844717e-08,0.027284993923120365,6.45907353450721e-08,0.025646295458620894,0.006798895859537895,0.042445704888161497,0.017771069840180276,0.0003502983493428973,0.004942000463597873,5.366654378675288e-08,0.011172138863982604,0.018218500113778614,7.233040015079526e-08,0.007903169271050637,0.010888998011611506
2016-11-04 00:00:00-04:00,2.0379937530325738e-08,2.4852413029682307e-08,0.018435168436114625,0.026951340174009346,1.559138233080593e-08,0.03260532798300642,2.6480359583180273e-08,0.020347571671260233,0.030517999397178124,0.037648632048346724,2.1902203897282295e-08,1.6857704106390464e-08,1.531115734126695e-08,0.0027295495117730514,1.628794385525997e-08,1.5733807606626344e-08,2.8613430994468112e-08,0.006721189690410808,2.204359453034077e-08,0.020720100481569307,0.011210834093358853,0.0006241609549866048,2.050773276096064e-08,2.8542679402037177e-08,1.9405065708384382e-08,1.8954659705686032e-08,0.015583499094568524,2.8322682557772942e-08,0.021679713502616164,0.03841325414765566,2.779450377533043e-08,0.022497851332831543,0.005394732736777112,0.02772857976522028,2.860483919938987e-08,0.014978542472057054,0.006250324967653771,1.5078778636036386e-08,2.802325039580849e-08,0.007067380716241089,0.005107893316759915,1.9428880510510085e-08,1.5867214612317472e-08,0.012012347812810673,0.01856280565650275,0.0023553171767635157,0.02665812885576079,0.009594951197344716,0.005400221620667599,0.006721077790246967,2.1264342352145485e-08,0.0207755003170801,2.023401240767997e-08,0.005302169727747153,0.004251851917050271,1.793744791765632e-08,0.015246572026798093,1.6377814783467376e-08,0.012809224987248687,0.027187317779506802,0.014085383945618878,1.375197231769349e-08,0.018158130077933623,0.038148238095235806,0.009169402612918525,2.8313049740887383e-08,0.03736744835962478,1.7386291997262947e-08,0.015172935306842725,2.2205213130822718e-08,0.02651628334833925,0.02296623115664905,0.023444133679287864,0.004898774165574622,2.7083707066995755e-08,1.4115059868052937e-08,0.025823871572594068,2.1775428319831206e-08,0.0278603410798704,2.3047257656056727e-08,0.012573922025079478,0.038029351700564776,0.03439308111687969,0.0353010752988446,0.004435262825211569,0.010672752421404834,0.008610189369417804,0.004546249448472131,0.010248547843586114,2.5803543581631195e-08,0.03707980946236385,0.00040670763052454736
2016-12-06 00:00:00-05:00,1.4758712308380873e-07,1.1467940360728162e-07,0.007420213575281091,0.006900837245846514,1.8420491572349736e-07,0.0347521985018413,1.4744989415045147e-07,0.0031018266616854996,0.011402171332958184,0.011413760226614025,1.998866684346561e-07,0.001037572405891783,0.02352031837302498,0.006830414039737439,0.01327043165983505,2.0137633876380828e-07,1.185877656842725e-07,0.01729994276340258,1.9292553596731128e-07,0.03998012287451075,1.735345854156249e-07,0.014628538810230733,0.008458639682564602,1.730498845985715e-07,1.4164193834946698e-07,1.0086455259421025e-07,0.008808703218605812,1.0649029706510327e-07,0.033771897859045906,0.040994240784733196,1.2422835623673971e-07,0.015478639683882321,0.01985340759021535,0.03246032150142492,1.5308772907652757e-07,0.026741754058431363,0.028937819391903156,0.0009513128917142017,1.0867997682544059e-07,1.6776986733526286e-07,1.6930529146145687e-07,0.021220773706897712,1.6814333563303663e-07,0.008853556218349486,0.01810099595109772,1.8672714666812985e-07,0.011174307744277521,0.02648623053059466,1.6311165430063436e-07,0.00966963754704057,1.1334301520023274e-07,0.02864423362676137,1.599175830101445e-07,0.001263356768744137,0.003264530763724629,1.3464124882881083e-07,1.500426022351919e-07,0.009636471905277258,0.010048137014190918,0.012786068361649491,0.015835351729313354,0.01984411659916789,0.008136131016899492,0.023143730891909495,1.3657684605576276e-07,9.702339270300373e-08,0.03930006131660477,1.7859454098466078e-07,1.8823722023867612e-07,1.858104564739421e-07,0.00892602531764092,1.8428108307263757e-07,0.03263403470923015,0.01449869796131586,1.477305473007178e-07,0.009863717385753866,0.00890864534607197,1.8160061705884468e-07,0.022976428502362874,0.005243077008173421,1.9116639520538546e-07,0.04033326550233486,0.02333344669539371,0.03966442571050621,0.03705663834639317,0.016415765379866366,0.015167646256802713,1.5455112946935526e-07,0.013598799087316886,1.8261110061035978e-07,0.02167381549283817,0.01427716697593773
2017-01-06 00:00:00-05:00,0.007700054027241653,5.597639745343071e-08,0.0027594476475238305,0.004079275447811102,3.029086105279463e-08,0.03137899823647241,4.8135832322069225e-08,3.280325211748968e-08,0.01388577311537032,0.023008570677443514,0.008597962883304557,0.006474075503849103,0.03294947211802951,0.015231488472015794,0.014986492997898894,0.0060942660569377905,5.705392830126907e-08,0.015046893100222595,0.007869184454385064,0.03603742616932823,3.75454238241585e-08,0.0213108478356745,0.0217683706406884,0.0010370582789823194,4.0948725746589616e-08,5.72926354197296e-08,0.009524026824845102,5.7416781073592827e-08,0.03484603387117597,0.03778361215252262,3.46205378584458e-08,0.0027810664011085973,0.015379723515582122,0.02339495750123359,4.2042163755216656e-08,0.02614561816995303,0.025403314010938125,3.667511076252004e-08,5.793734749400401e-08,3.789968076973038e-08,3.749765366083605e-08,0.034984074785696144,3.862840081749716e-08,0.006414339636628517,0.021030683395508433,0.00026987674358525815,0.010705266960749889,0.03192714198263589,4.433777504540643e-08,0.0076514570773520306,5.738196088887527e-08,0.012349929459839273,5.156080980698455e-08,0.0034476963489181297,4.04419818515881e-08,4.313689728223926e-08,5.6073910579129066e-08,0.01421470312409382,0.0179241656940575,0.01055601572846789,0.00804095866484829,0.03396178110340066,0.00733675022997726,0.008929339353768407,3.0867466933480254e-08,5.829677054550617e-08,0.035524038043206314,3.3897985516473405e-08,3.44371512510405e-08,3.147858867490189e-08,0.0018723839889760315,3.4829410424947826e-08,0.030906242197253346,0.013187859130502563,5.055175019437819e-08,0.02282171158441988,3.320685887962741e-08,5.1613995467503606e-08,0.024737909241282722,4.5523623055806395e-08,3.901648456634281e-08,0.03578693857861441,0.03213488118891708,0.036253328047798655,0.03203560248771846,0.017241253304098272,0.01735251819635583,3.59745087218873e-08,0.01581928702732351,3.337070942297522e-08,0.001137572872483766,0.007968774584195282
2017-02-07 00:00:00-05:00,0.019063417312073058,5.5109149205415884e-08,0.0009975157871258233,0.020732031272469188,0.00577297565532433,0.03658024111912769,0.000974366983227333,0.002655741626438935,0.03197748786478448,0.032233963158337715,0.022501534806605335,0.01669015533482457,0.03840699654235948,0.013190535359034822,0.02804242439624413,0.0065852081478187385,1.1277705764735827e-08,0.01033686387112596,0.02033148480247209,0.02114826492088874,2.4525514781485767e-08,0.009576016510140685,0.017897556757401772,0.027697084432320114,0.0018569086116990252,0.014982261326126003,0.0194512955825316,1.2574976087048111e-08,0.020004788313203518,0.04067089308231332,0.002013698015004906,3.1391942550212785e-08,0.012077227960764417,5.253419551843286e-08,4.7500932368251406e-08,0.020357934270510487,0.01793975383920348,3.4219807246829046e-08,8.38981383451001e-09,0.0009724070715209934,0.0005787827240038289,0.027280142492389744,0.0030732139591601003,0.003292056782334606,0.01950460893524084,0.009634528930144009,0.0007820732851703892,0.026761942815994373,2.4767943764327177e-08,4.9462746864579714e-08,3.86875578322847e-08,0.00709594642541132,4.565057376411466e-08,0.010558351671031236,4.9064885562132545e-08,0.0018523919158739525,3.04846971991223e-08,0.015076439440388688,0.0011503420292123662,0.0074074351008081565,0.01531727823222535,0.038150784245708586,0.011111635249518487,5.477414022502941e-08,0.03631744957965186,9.89278275067944e-09,0.039217233338159505,4.973046603752091e-08,4.8461321185242737e-08,5.550745731663199e-08,4.881658782223031e-08,0.0009369438515393627,0.005909947771828665,0.010557103879663406,2.9107794779355947e-08,0.03189275287077027,4.048002650154279e-08,2.7657704604529668e-08,0.0029147887191669727,1.0675363688985144e-08,0.00587200460950554,0.03743236034272094,0.028912799798674758,0.02282212415858874,0.02272184836993424,5.300682988502942e-08,0.015004199984277534,0.0033769609302514063,1.8383950217604086e-08,0.0037634654205030336,2.7414853151451387e-08,3.792427975650764e-08
2017-03-09 00:00:00-05:00,0.020813742420761807,0.003042927957922571,0.007591399381169186,0.021252314945311043,0.007953872229816826,0.040090353065625514,0.00932973862378863,0.006825659067323486,0.028756985715244047,0.032952501829214775,0.01642882230418576,0.029475923775536525,0.04275829323580567,0.012108426371146678,0.016467734589430665,0.006085700709594147,7.684606042198423e-09,0.010182013272424123,0.026064586299053824,0.015590032590457074,5.221688560491052e-09,0.012671288330911879,0.017453545629277627,0.0049054919623884525,5.075653027502904e-09,0.0038923148114685243,0.012788401376520537,7.90137338716908e-09,0.0118018543918846,0.04434413893219822,0.0003902583400171214,5.692419719186717e-09,0.005494213806982464,5.617785216094223e-09,6.545090508542784e-09,0.01726489304281873,0.026139069299031467,6.318151231519219e-09,7.621814192821133e-09,0.00497875533068686,0.00436514128407643,0.03733623407027676,0.0034090254367865184,0.005352902729857607,0.015415719471576295,0.004355306393778764,0.005408382787459642,0.03281168740751756,7.125694419851289e-09,4.874349272934999e-09,0.002627394771786814,0.011640758875103198,0.0014756358454075615,0.011633741219998934,5.087121397943345e-09,5.889616722252319e-09,5.083498578155727e-09,0.012905055795725987,0.006041704430156016,0.010891752258343197,0.012381799878301947,0.042490961409359054,0.011968378778394758,0.0018569314947238518,0.023626975154763533,7.3714666895841965e-09,0.04295174185939709,4.68312524700031e-09,4.981746417796491e-09,0.004698203866761952,5.029502428505444e-09,0.006203006368046213,4.397374896055776e-09,0.0030622209321957456,6.982524941370864e-09,0.03068194697461473,6.095892075232591e-09,7.870565524110576e-09,0.002598329784995432,7.678843873957256e-09,4.699736719448912e-09,0.032207133644808504,0.02637099360794005,0.02132116549033111,0.019626237003669354,5.421770471542582e-09,0.020549604701836567,0.010033928149399709,7.236489063899601e-09,0.005804573857049961,5.89575103311793e-09,6.540222751634251e-09
2017-04-07 00:00:00-04:00,0.020699992479944643,6.346025882232508e-07,5.923468536476367e-07,0.022930826967175605,0.007318483181140473,0.04002637765447811,6.162471061093357e-07,0.008196115580559464,0.03217788956152871,0.02513359234903035,0.01972551849610809,0.026744806609935067,0.04213029192374091,0.01926001384390259,0.02252815582074525,0.007903544375713303,1.072412710878565e-06,0.007213535177494695,0.029548138845616113,0.018849734515202964,5.822831470924564e-07,0.01419975534754086,0.014882779377843037,0.012993181143122331,0.0036924583465677186,0.002562438948824016,0.01205556433465525,1.0592944453469259e-06,0.009031617072470181,0.0437924744955232,0.008511778040173005,0.0003473896758283563,0.005527331793062599,0.0006559765045366379,9.445238949463659e-07,0.01060932505847772,0.027331742014642446,7.4171212209819e-07,1.09619295850498e-06,0.002032335550244315,0.0014640782779952416,0.0322757671733297,0.0025919525830045524,0.0037860363523029936,0.009099411685701492,0.00674147570854946,0.007602770723672693,0.03307686154889306,8.81987670960296e-07,6.160579778180652e-06,0.00720063782785211,0.010408524686218714,0.0008251712994754745,0.009693455803884374,6.109902399736558e-07,5.473633931439044e-07,5.464382086452489e-07,0.015185218555115542,0.006275146916744839,0.007146417577738137,0.006918767808197198,0.04202210031135869,0.011899580722161763,0.005938035348311695,0.02147751172326562,9.74165980262766e-07,0.04230726789261242,0.0021710871961430353,0.0017911677701004617,5.367741856354582e-07,0.001686350045946276,0.006660774199098842,0.005785644173199775,0.003973114369648452,8.608170148793258e-07,0.03081324538353116,6.185985107369711e-07,1.0669754660530874e-06,0.002734776489150033,1.0784311941062683e-06,5.530629251961188e-07,0.03864551492821739,0.026164872031052874,0.01895655305595746,0.024020813580223316,6.045631278093055e-07,0.01946900365029152,0.005051758648023046,8.124604531318705e-07,0.009501609690913338,5.263855876188798e-07,6.342323747970046e-07
2017-05-09 00:00:00-04:00,0.039951360879150674,0.008591905184043402,1.7156246528063388e-09,0.024765932119448147,0.003682880377434859,0.038048750589989376,7.779160377684414e-10,0.011347164146669647,0.023384348092152864,0.035527197675248895,0.010431309592913548,0.025510770163853284,0.039837851190102885,0.009530026299073116,0.030247568928669318,7.630215317342679e-10,1.4735737016751874e-08,0.0033752783382415548,0.020324766084567073,0.022341972459870033,3.7040271318610715e-09,0.015977914664568996,0.008023751180894885,0.0017377760405486663,0.011720619878557628,0.005602815123502849,0.018568195611808138,1.474643611349302e-08,5.609595784140653e-10,0.04103483233614882,1.3784661614405348e-09,0.00016294653323713234,0.0026449428636358225,4.6780025604216284e-09,1.3787233218915072e-08,0.007726314834970667,0.022730129901913216,5.820488789802605e-09,1.5108606692137978e-08,0.016800262992279942,0.017392399621033183,0.024364116471939576,0.006951858278861862,0.007048708553902895,1.4423152602158526e-09,0.012098302800884616,0.0026331757051825987,0.025646600764564324,4.863230239113982e-09,0.004946025437924775,0.0013612147328150893,0.006049423170047321,0.00492090572910918,0.009364326731797856,0.003828927389801981,3.5786704937032098e-09,1.585562237869351e-09,0.012820906828800147,0.009042150951362498,0.006143112144996028,0.01075767418948438,0.03853368073975759,0.022902689565691105,0.0071891015448124415,0.040132562339229,8.935415305195907e-09,0.03954117140884198,0.0061896279402663314,0.001466537001308511,3.6416326307584538e-09,2.3247758143164396e-10,0.006220066649045348,0.0004422751964351509,0.010479347960559002,1.6738489746396971e-10,0.02733761105866642,1.0774236806698596e-09,1.4451445176303791e-08,1.9615203378925758e-09,1.498820416470109e-08,0.005114270282893995,0.039468840001176515,0.024027977867091002,0.019274248510453874,0.016657345023073738,8.847372065360192e-10,0.013549326379539574,0.007399454198836981,7.537004994440856e-09,0.004289584820539304,0.004784717572011621,7.227710742575853e-09
2017-06-08 00:00:00-04:00,0.039210702598213236,0.010354102209711844,2.8985742392187193e-08,0.028805355429094397,0.0013309322546640027,0.03728507040746661,3.2119696834024534e-08,0.012818837824009327,0.024331730004955882,0.03610380597940132,0.010712265981569288,0.03007470686352729,0.037849735587533295,0.0036355681178949235,0.023373042546928825,0.005789904940756056,5.2883524263108166e-08,0.006059484639341745,0.021786411605211317,0.023724636463434198,2.67452002387207e-08,0.020948846779224945,2.581804116460825e-08,4.387477130576892e-08,0.013704139526143301,2.6728031702304282e-08,0.0012529425006437439,5.330168912024933e-08,3.214770058216933e-08,0.040801935349386996,2.709731931287537e-08,0.001992265424433178,2.5720086412769256e-08,2.732352461174001e-08,5.1292126871274e-08,0.013146842688647667,0.027840852826021684,4.2538156523405465e-08,5.351882667978816e-08,0.022275039785767024,0.022369008045828555,0.024528192630672796,0.010104723019262228,0.006595894583600747,3.503903074632055e-08,0.005291661557002248,0.005200838203058531,0.018108561649602565,3.2800534652773896e-08,0.009857682083254566,2.7280615996449593e-08,0.007844171700446483,3.7220162492360695e-08,0.01710783671154459,0.015993747568693935,3.235247368878395e-08,3.184443352494618e-08,0.004623853387546439,0.011107417229302703,0.009166038735798996,0.004476581445492922,0.03952801514469568,0.02637366417930114,0.010338976588487267,0.039938740078953414,3.593172901233294e-08,0.03885536368466734,0.006202346033378401,0.006439905445607514,4.166361356749379e-08,0.0004435166200036389,0.01450367044914926,2.794630426992361e-08,0.009096466861521579,0.005436318290695233,0.01747967615599585,2.984183755035678e-08,5.354694442071665e-08,3.276581399333489e-08,5.334281397273629e-08,0.004215009032222426,0.03215808381523956,0.0227155131268962,0.022138614779528866,0.01435443071533925,3.092710372495994e-08,0.010214665524881407,0.008083850326657312,4.30878038845723e-08,3.004628475740882e-08,0.0038966352521785353,4.504076247042647e-08
2017-07-10 00:00:00-04:00,0.029542659820199456,0.00772534963351284,0.0018811162327746743,0.027214555804360916,0.011034065802851819,0.035866202281453374,0.0015504514470761307,0.00903220977766001,0.01672119183362743,0.0338027059115633,0.023377591258020733,0.03585030856190419,0.03768003023462065,0.02073146124136187,0.026354651706106028,0.015987952157654313,1.1672854822678643e-07,0.007955157569056223,0.036480725011693506,0.025643343320556653,9.328332720071466e-08,0.0064313310906059925,0.018269134067588535,8.645481208914585e-08,9.604616249147024e-08,0.0009166022803032887,0.0009204516974270019,1.1783057678741452e-07,8.874026169948012e-08,9.078561865241677e-08,8.571602492964535e-08,9.371926997596042e-08,0.005249318638373731,9.159479773045354e-08,1.0244787886818991e-07,0.024013338236501494,0.02636325702211141,1.1631440096133292e-07,1.1901149796444951e-07,0.016129481974127866,0.016774924774539762,0.0299618271098422,0.006667050167342422,0.00663136083905499,9.0303952132222e-08,8.819085316748746e-08,0.0011494968335532482,0.032288899652137076,9.314499595525477e-08,0.009101044971641502,8.794427694058198e-08,0.005807631602238261,9.706810927978584e-08,0.02157912865528634,0.017365929734631493,9.896368376752222e-08,9.237937459701847e-08,0.02812255570254115,0.010006611015399472,0.0009760225603334042,0.00041866608042696873,0.03766454607671759,0.020425411281668863,0.002774815826985381,0.03163874144894204,8.756336974960235e-08,0.0369747226964568,0.010074509370184467,0.0007504047537864253,1.0077269889653694e-07,8.711910334568144e-08,0.008429046736328771,8.310233262557119e-08,0.010026094180506474,8.954640013607436e-08,0.037661539635877386,1.0681528459386468e-07,1.1970660056647004e-07,1.0458348868212921e-07,1.1733484277426697e-07,0.00721592038683552,0.020925447406621507,0.014498246403266978,0.01888273544341,0.01161243124990679,8.729630500746995e-08,0.01906255598400943,0.012650386267897698,1.1937857906689854e-07,0.009153401734014665,8.810209309947163e-08,1.102566040951737e-07
2017-08-08 00:00:00-04:00,0.030957505843674526,0.0035763860797830135,0.006863053980313645,0.030914127116179455,0.004093971597494735,0.03950529467643183,3.432020406876407e-09,0.011479529364258629,0.01727505427439299,0.031229547206241163,0.0199286416754481,0.042330587838569765,0.04117734332356253,0.021043278180174717,0.02763759497226394,0.0076395440935297645,6.86354416199841e-09,0.011989259952152161,0.03258615072502009,0.026580701082723576,4.52351306993746e-09,0.009988065598611932,0.015446070339464837,0.005252999983118456,4.618208634132911e-09,0.0030446704509095347,2.4692882748537633e-09,7.474183184745354e-09,0.005449510784588174,4.041610855311381e-09,0.004698736742230078,7.544130216135658e-05,0.007737023419395883,0.002599002467404498,6.097140479748585e-09,0.016854046203391006,0.02310220176653711,7.498101350746301e-09,6.100055428107825e-09,0.009197663091061212,0.00794090788786739,0.027717606516026196,0.006033062576269677,0.012382730140565316,7.088855407396846e-09,2.1914968144310736e-09,0.002463041195814376,0.02780379922741337,0.0013271655997643894,0.005850469544336723,3.209301965691657e-09,0.008397933526340101,5.122619116501758e-09,0.021653916635282353,0.020876243510099538,3.1769326099151585e-09,4.509215025092202e-09,0.02202312825295941,0.009890976104823257,3.265616440808746e-09,3.8094789025693645e-09,0.04156952730226925,0.016217817166511213,0.011158129572443588,0.04165217763106896,0.001004904858341034,0.04051647057346537,0.012378036193556072,0.003238422062614328,4.924115422035882e-09,0.0025308526298520317,0.01207083572948082,7.595645570526352e-09,0.004521048684434516,3.9584601533234885e-09,0.026885243529791138,4.601510270163585e-09,7.331236114401007e-09,5.554621788320726e-09,7.553516669580763e-09,0.004750893177061408,0.020526546105705538,0.009974971323021492,0.023827384466430755,0.0034589239569919753,2.6096036648971714e-09,0.014962564574704585,0.015976357212059766,5.428952358093756e-09,0.002762049626621731,0.005402717924224199,5.7731590479706175e-09
2017-09-07 00:00:00-04:00,0.03834156036124279,0.015088014898135224,0.00688113056281581,0.03569646734003495,-1.1195647517879356e-10,0.03490647914998364,-2.171875288239782e-10,0.018250746358807125,0.012963829190461967,0.03494061764113262,0.021754682255759692,0.038537212322550786,0.03680695643280027,0.016006757262636107,0.01842242171620185,0.003939296469433697,-2.3312992931688364e-10,0.008245717525317935,0.03210568194703218,0.03452738971994066,-3.8860172697719226e-11,0.016773224373811933,0.004228629677522072,0.0030220984414087554,-1.7615684996938495e-10,0.01717350943542327,-1.411630595151181e-10,6.298498746092017e-11,0.004560814531557421,-1.8571469523173281e-10,0.0006462292470465229,0.0035070851111120363,0.008233243943427367,0.004467722063738751,-1.4758867817388883e-11,0.019631235563099626,0.019848961357620837,7.987826283956849e-11,3.074978601219833e-05,0.009368737689044863,0.007002849586153126,0.020249634398489313,0.010430920563882739,0.011941718476255601,2.9901796703987464e-11,-9.318379748710562e-11,0.003185393472551375,0.025989185867507113,-2.1237442588099127e-10,0.00030006405321664914,-1.821145171490376e-10,0.01817000663787422,-1.3081178869774045e-10,0.02506064303141515,0.028437705113562594,4.2537689927270474e-11,1.422866657935567e-11,0.018735621419409466,0.005791341430779375,-3.833940431386339e-11,-1.6544906267703104e-10,0.0321461242569424,0.020417719018581647,0.013321528353030692,0.03753986508078248,2.5090033465631218e-11,0.03604118413234597,0.01623418831295849,0.001933090226071443,-1.2965537102716716e-10,-2.031240839220507e-10,0.011665019745091683,7.953778839218162e-11,-1.7474308481581536e-10,-6.336114374241097e-11,0.017175140288196736,-7.216405899018091e-11,7.934828169924383e-11,6.062385767786676e-13,7.229569161045285e-11,0.016505069840264435,0.02421694833430826,0.010713406352095797,0.03611105697161267,0.0022292001970432456,-1.823555184464133e-10,0.009246132909478599,0.016366799363264715,4.288748046144718e-11,-1.2098013147171477e-10,0.00393524250737981,4.289209530800898e-11
2017-10-06 00:00:00-04:00,0.023629866074109704,0.016417496948287154,0.0022625255039253013,0.021962277433395377,4.0177184508166436e-09,0.03756782151183301,2.683403248297429e-09,0.017632574193236338,0.0002554075194708483,0.025846667018785657,0.02714400997804488,0.04134808945024705,0.04009480960387369,0.019507307811723808,0.012032860308932199,0.017001367719439504,0.004628193410290378,0.01440976122432333,0.03819794483459257,0.02871243843302072,3.843065760046154e-09,0.00311709364662279,0.004350989018885166,0.00010960858247873443,0.002312344669955346,0.02346588946566869,3.1229925029301324e-09,5.600195991379303e-09,0.005788460900341287,2.634561164047797e-09,3.1874741523375843e-09,1.974031497040769e-09,0.007614376618727834,0.009636532381612606,4.4058048268724285e-09,0.012680916900205303,0.025009805297332533,5.650047677223905e-09,3.2623700575192147e-09,0.00939898744452192,0.0074163646372155416,0.031412065483278656,0.018116078326530862,0.011574457426618905,5.204466617836369e-09,3.7431816068197435e-09,2.1787584913868925e-09,0.02920536106972572,2.4261180058888515e-09,0.005897689053629583,3.007363744915558e-09,0.02106724214609694,0.0003887734676660319,0.024998253417777186,0.027898155211272604,5.124399319125365e-09,5.526635819670628e-09,0.016278412494850812,0.0137868697368624,3.2297557259077345e-09,3.75054210145744e-09,0.036001016392461796,0.019164510595253845,0.014081998368841735,0.040245991498944644,4.5652797958366285e-09,0.0386998121268838,0.01181715358683284,3.2739345115779307e-09,2.9857858193398014e-09,3.425299502439604e-09,0.0064814804810131325,6.129650685233854e-09,0.0030659922286219886,4.0515541945295525e-09,0.02244988872169638,3.541407772787553e-09,5.3808636750484475e-09,3.678114801824951e-09,5.612677658586488e-09,0.007604962346592606,0.017549021979631572,0.016366492049498742,0.02947282826810762,0.0027221232156339876,2.7950749542382392e-09,0.010158732360015391,0.013005389597206549,4.071546594064956e-09,0.010936328607058858,2.3148185241220897e-09,4.911107831215657e-09
2017-11-06 00:00:00-05:00,0.03287832502263684,0.024366420271912922,0.003831913879703085,0.03957283147960533,1.09612045754961e-08,0.03487502501703361,0.009644342611065516,0.006812320688049543,0.021140654851087105,0.03388495131037695,0.025710904401254835,0.03995909437879235,0.03886989949487074,7.853203179013757e-09,0.009479318677538349,0.02038339447709765,0.005737704873221442,0.008330262790608587,0.030116879236916454,0.03943588687554106,1.284598110694759e-08,8.359755061716066e-09,0.006604102268785816,0.002311160038115824,7.796838506839199e-09,0.0156133583609385,8.687211711731423e-09,1.4543702205437666e-08,9.638049305051906e-09,0.000811084113342038,1.1362992278357102e-08,8.306823694672894e-09,0.01056638226861166,0.008614257716287127,9.419364545868027e-09,0.007901620539944648,0.01574108063858524,1.4604945506885819e-08,1.1939816783786477e-08,0.012819524606946568,0.011692054687138152,0.016839828177912235,0.017658041298181083,0.014341981102533558,1.2489400338219843e-08,0.016770298300246386,0.00367004673787596,0.026802827237720324,9.731700222581795e-09,0.009621779437966672,8.288397373998501e-09,0.011467038353822224,8.287403386101279e-09,0.021337316429836998,0.03053273145188634,1.4577584142957641e-08,1.3918436947996822e-08,0.011426981266626635,0.019998151908121674,1.288809431485806e-08,1.3739156916906593e-08,0.029335959500548184,0.021804966439676533,0.0059281101732809975,0.03600277935858697,9.711515663921843e-09,0.037377481687528955,0.011044979431826555,1.1568705131681222e-08,0.002279053831495189,1.2474208651555704e-08,1.0349458438829537e-08,1.4800975035077537e-08,0.0009520078398409711,1.0611795640176358e-08,0.02066489282799855,1.073210543729174e-08,1.4477925204290594e-08,1.4337231884167636e-08,1.4566081149458775e-08,0.011307618468338648,8.495085876855377e-09,0.0235301619475288,0.031844123767471866,0.012507531408284825,1.0495688790121467e-08,0.004536930070363293,0.01635095843558533,1.1630056522991065e-08,0.005420193575508534,0.010940076905024548,1.2449515271320657e-08
2017-12-06 00:00:00-05:00,0.03802452347143761,0.02941493715322633,0.011526625251263498,0.03778823800745876,2.2253719947008112e-08,2.447571897261504e-08,0.010010774722720443,0.024864728112154847,0.032823960270423495,0.03736311624541499,0.02296876724141713,0.03848201134543844,0.017937596316037543,1.024774212148279e-08,1.2961390237853168e-08,0.02442554447595859,1.0377935665878973e-08,0.005680636280626265,0.01922549197170655,0.03520445603212322,0.001287508211708606,9.517744576060395e-09,1.352133794527678e-08,1.4525506383396963e-08,0.014388280000973554,0.025449112194284303,0.014502420805621677,2.206682885429999e-08,1.199186546915212e-08,0.004266707393628675,1.3005457462941288e-08,0.008642840942138769,1.0850028501971903e-08,0.01253977055172851,1.5569011542306123e-08,0.004974089425778071,1.2258712942397507e-08,2.186826297501816e-08,1.706816730008873e-08,0.01517216103746843,0.014371788406488279,1.423890450124284e-08,0.028105316044093807,0.02220622201573092,1.7961490634084313e-08,0.013353152435088174,0.012074729183853364,0.013522777630119795,0.0008653862203820224,0.013917588679840078,0.015584996621311067,0.0022703128559992142,0.004277636857449109,0.024461626933559598,0.0321887253451716,1.5242208332877518e-08,1.0689385603720608e-08,1.3529416753171322e-08,0.025941480467866426,1.0059717412626953e-08,2.016629151440465e-08,0.00907213122566902,0.021863553350461987,0.023456185241409973,0.03600750380630082,0.0010651966538817454,0.03656303660778743,0.008598618333263294,0.0033926357400435336,0.0002676276900845624,1.0513130924612733e-08,0.008668877062480372,2.1610222353694675e-08,1.1084169200552541e-08,1.650711913898954e-08,0.014586956251816892,1.1592101903727956e-08,2.0451971613072982e-08,1.7886875131459917e-08,2.0145110709708083e-08,0.013402395916623677,1.5447982552266462e-08,0.023989845401078933,0.025601345720322348,0.010772257148921126,1.4834129220696892e-08,1.2816968700434687e-08,0.024878229937739513,1.3376989199083407e-08,1.3269737221713742e-08,0.027707003829629203,1.932139541528811e-08
2018-01-08 00:00:00-05:00,0.03113493596788642,0.03129575109665645,0.02108430915369694,0.03605215194904647,3.076093736860111e-08,4.2988841260028865e-08,0.003964123201245256,0.01744139119780815,0.034950640354465226,0.03555136174837025,0.017909980983848155,0.03667296382973164,0.017171178570323985,1.5151420224973558e-08,0.0037208923050188257,0.02162107637883304,2.3178537652296493e-08,0.0059921549893994204,0.009099305066233541,0.03632276716682458,1.632215065361489e-08,0.0017444721542870247,1.443928248858281e-08,1.7386020133228916e-08,0.004217581909633537,0.027974402170416347,0.017172566196626923,2.957515480476312e-08,1.746353478386709e-08,0.0018123636851864466,2.202666412813174e-08,2.033516885039241e-08,0.015018395603777216,1.92880097756896e-08,2.0798119657342066e-08,0.022970289291140217,0.0006637311600924741,3.0460876169886815e-08,2.762395427550185e-08,0.019767849738291616,0.01780845576134689,2.1911864184994693e-08,0.02750515443988257,0.01773867543076574,2.8058194606533964e-08,0.008824010946304216,0.007296274870229733,0.01087717427584169,1.7792842154447824e-08,0.023581802988542327,0.0005039576648353876,0.014402061599234912,0.017769846627244578,0.028736128794987232,0.029079895522221854,3.150192846531063e-08,0.006121734924146361,1.919346321817274e-08,0.02014465802947717,2.2637975970553554e-08,2.8261499696706732e-08,0.007387078443211915,0.02482312065749313,0.013841381070544051,0.03561159594717296,0.005052319991341582,0.03493886076684029,0.009497590990414147,1.616800783369502e-08,1.5882566676754865e-08,2.0080183418006846e-08,0.0016919579221949975,2.830787061926077e-08,0.00359731453534535,2.43048945051861e-08,0.009913564295032401,2.9387778952295727e-08,3.008724346162511e-08,3.024598059473173e-08,2.98207719394127e-08,0.021006692138739264,2.2835982689282267e-08,0.03173532853127183,0.02406053664496442,0.019079679588529373,1.778089391664095e-08,1.8896254903236033e-08,0.02739801023279646,2.598287502143453e-08,1.5072751075675044e-08,0.02864763208613336,2.7052644697782946e-08
2018-02-07 00:00:00-05:00,0.011963352559245886,0.02355503460652834,0.020901837153677997,0.04162647250956055,2.4163796971915197e-07,2.536626460268611e-07,1.886177982553632e-07,0.021235127652947473,0.042597441690542255,0.00449343949992393,0.0087135609043546,0.042719637797250624,0.01965215709589967,0.009415641707701025,0.0038729809599655747,0.02569645667545508,0.008747958509962184,0.008943533347937214,0.015882235130743234,0.04259477966586343,1.8200867779615487e-07,1.905592964888957e-07,0.0013133309016202597,0.0014740425318398398,0.003628937555428783,0.020020586727047596,0.01650096265355641,2.227255997714208e-07,1.9193937313197378e-07,0.004446288009394574,2.2759303370321007e-07,2.1775247178929655e-07,0.0057876182763281275,1.9761106707775978e-07,2.564811959496992e-07,0.01767581233984277,0.004612301144681343,2.559001859784427e-07,0.0014048149359803446,0.01790431224102224,0.01570531231642767,1.8822166763378672e-07,0.024545417151996457,0.014184297145218152,2.5462995706315457e-07,0.01215782244173728,0.005998467529782148,0.01610623697353613,1.777729598673987e-07,0.019585553128904393,2.1058241989854802e-07,0.01909437210038053,0.022563800839809144,0.03561446047946216,0.019542549506277394,2.0764843535663853e-07,1.8293203110909567e-07,2.1108086787094538e-07,0.019710496292098353,2.332232175908817e-07,2.55645090515297e-07,0.009378407869403157,0.026601702771849253,0.010603294922834034,0.04193356261139733,0.010938551447130185,0.0410579550695546,0.010691153662023502,1.7589877496222033e-07,0.001005712715542808,2.3097164832402605e-07,2.0412298983074047e-07,0.011404905960301038,0.006371157879720213,2.1266001589662194e-07,0.01736407913207156,2.446811006595908e-07,2.540274683990497e-07,2.3748479178409715e-07,0.006185519480800014,0.020857966999084758,2.2037771788691605e-07,0.023368614494129986,0.02395698595540325,0.01003726405529716,1.8542262968257166e-07,2.043200842386875e-07,0.02255845687158294,1.7999191967871878e-07,2.0706355970246853e-07,0.033487930032461935,2.3073364833721043e-07
2018-03-09 00:00:00-05:00,0.015794148707030137,0.023243770532900304,0.01660334811264136,0.04372089653227538,2.0550637579286815e-08,-1.0747982381806813e-08,5.10929223950433e-08,0.016029547968183355,0.043928710524834116,0.004119499156715873,0.01202603359115512,0.044026215240926606,0.01597839701465249,0.007174131615108775,0.011757060141446497,0.02806808367593267,0.009455332901570893,0.00685195073043345,0.011439690643726574,0.040992716604955105,4.335801309640554e-08,3.4496828483299794e-08,4.0560084969462746e-08,0.008792978531806444,0.0074631848175953945,0.030720283869603748,0.019721647655727162,2.2271109063151067e-08,4.952218414838553e-08,0.0076582652149370795,2.9349129622360722e-08,4.2505862785254896e-08,0.00991610521215881,0.0004943991586649548,1.8530209399718542e-08,0.013466130893890265,0.00985115243480516,1.6899254075391e-08,0.007682858461803844,0.01947190052463144,0.017737382713097785,4.0536236901509046e-08,0.01210893192377301,0.010592017249521737,2.0551715398486937e-08,0.027363162313887773,0.00043532588394547164,0.01551578775182032,0.0009935868582788693,0.02087241134115324,4.1870124283919055e-08,0.017366769052821945,4.556469993934244e-08,0.03740262976609754,0.012085956385343129,4.294468803226262e-08,4.193433138301525e-08,3.3436169485166437e-08,0.014865117070055152,2.1735393324455962e-08,3.049929568425924e-08,0.012610946008645752,0.02853344727949503,0.01180456712802129,0.04311302481532309,0.006674820174419017,0.042439828357050596,0.01232322593243267,5.057242584748941e-08,0.002598657278709843,2.990308491883107e-08,4.5105435178841096e-08,0.0015309952042479318,0.009289434616475353,4.242115090062469e-08,0.019563945991740113,2.8952782041895548e-08,2.847763423762906e-08,3.1306380987461327e-08,0.01845663427067542,0.020060895210673238,4.00292862823986e-08,0.023937554910683435,0.02076454731511787,0.014062979657194904,4.292517480608578e-08,3.52157132823236e-08,0.02219837886750123,4.716818143049495e-08,3.259267953474856e-08,0.01624743381638715,3.103753654269269e-08
2018-04-10 00:00:00-04:00,0.011839496578808948,0.026500823986080366,0.02042745383355781,0.04014127578048599,3.9021791394349635e-08,3.843103077193266e-08,2.3676944672895407e-08,0.012678795679909965,0.040463399371246635,0.002587206931918151,0.011728297207750392,0.04075771673512093,0.021050499689052024,0.0004021506999587166,0.007847135647307685,0.027995128575285178,0.009008298552442446,0.009124241188632212,0.009673621193386613,0.039340370694272805,2.9302182557519377e-08,3.863217364292091e-08,0.007174025051457804,0.016664025246099754,0.006589121501767244,0.027506397396573012,0.019360023642343474,3.937592006976029e-08,0.0027757343337256784,0.006318860219123311,3.933018974761766e-08,2.9766085905715847e-08,0.006286937392229037,0.003609370743879765,2.4512773706546445e-08,0.012364316213885899,0.009029175763776527,3.9493638399912756e-08,0.00630651604006014,0.01367429070655634,0.011886022058888942,0.003277350753910978,0.011835412826486577,0.00981211223642731,3.6984810516633514e-08,0.029802406933880397,2.44219774478495e-08,0.02128654258871954,2.3847821260145267e-08,0.014927792580562652,3.652778062584625e-08,0.020580722214260484,2.4788636050437547e-08,0.03898451252794115,0.019032651397968895,3.268724922582684e-08,2.9396744784374045e-08,3.0046013940181734e-08,0.006584708341187221,3.680150818177263e-08,3.7601227660685815e-08,0.019654611372723885,0.02948292605609808,0.021126558491680648,0.039320386309045975,0.01537783672483882,0.03857176754642818,2.6774677137210198e-08,2.8471734622459214e-08,0.0002944436294700744,3.853375396336231e-08,3.5944817895220916e-08,3.148343214199104e-08,0.0034287744248887807,2.6263876723025715e-08,0.01716035985407831,3.466478627300239e-08,3.405806908922319e-08,3.613576452855853e-08,0.029289136406915703,0.02755810805067224,3.439622147111721e-08,0.018134408441215614,0.027139296098281928,0.015809262428539916,2.8703808737341478e-08,2.9369115723938225e-08,0.02448592021303541,2.8033580913149388e-08,3.2881373661968674e-08,0.015930126842862855,3.5477005991048896e-08
2018-05-09 00:00:00-04:00,0.014740976847003302,0.022430747890128055,0.01785495034988369,0.040804970692758506,1.642920847886395e-06,0.007405000193941786,0.0015162495543847938,0.004264044743811916,0.04100309896543232,0.0035393628633567944,0.019192258751224073,0.04124328927268103,0.01713627474497266,0.012087951966248227,0.007620969432756159,0.02521155397986879,1.474918415009229e-06,0.0114279963115491,0.011975597987168931,0.034546061587307615,1.612227338140657e-06,1.7568422067565267e-06,0.0059006830738271825,0.031078619381139025,0.008116731380275508,0.03108539046875585,0.02433472124447684,1.755126709625084e-06,0.015271006268497164,0.012345231144706856,1.522022435029497e-06,1.401656086191186e-06,0.014351660212982894,0.016006121224278632,0.0031227632438003174,0.01796637635600842,1.279448710821919e-06,1.7777971869064306e-06,1.3484493999391211e-06,0.006108286247001117,0.0042230724879893915,0.0014912169751010017,0.012961327927852546,0.006490450053992347,1.4356980246739683e-06,0.03202770598530494,1.3137589437740827e-06,0.01962807185373132,1.3830372678170394e-06,0.013689728202075927,1.3572105037791468e-06,0.014168164994300797,1.3659009268814209e-06,0.04046641449661666,0.010804799146093422,1.608733430627718e-06,1.2979828367518384e-06,1.3275291826047273e-06,1.2664804785442322e-06,1.7360337539214318e-06,1.5686099383532068e-06,0.016618822841726253,0.02668903264730899,0.01494645214720923,0.04012217460524005,0.018245413398398833,0.03944701589273223,1.2970868737260423e-06,1.6274291856242853e-06,0.003879442144103463,1.687849015075423e-06,1.757709521822572e-06,1.3211539482954597e-06,1.3002263911655236e-06,1.4245311057747473e-06,0.027603349808905324,1.5087169788674196e-06,1.3119286614928976e-06,1.6020501829158108e-06,0.017452567281046424,0.014365422674993784,1.676755450608111e-06,0.02293759958835501,0.023211855178422704,0.017814335340828893,0.00228360238863889,1.3939976569647033e-06,0.02745824184094545,0.0018497702096894975,1.3818086251747206e-06,0.009383059816082681,1.410478533772869e-06
2018-06-08 00:00:00-04:00,0.014544267977477961,0.023308235773635257,0.01657291001383925,0.03906435644546336,1.2466142247688984e-08,0.008421297073390333,0.00708546221654648,4.065807078246495e-08,0.039287403381550394,3.971759530439269e-08,0.016561475223256995,0.03935811261668353,0.020863882216231366,0.01158117250492979,0.004190544933243443,0.02079423881681354,3.55036414876168e-08,0.007525882465884098,0.003730022625432814,0.03304530196636712,1.0044594281095331e-08,8.787613246945616e-09,0.013321666966802616,0.03902359144248499,0.004030980893996444,0.027662848892945836,0.025614077714758245,1.0544930324456528e-08,0.015505374039785419,0.01050334847718679,2.8973277579792136e-08,1.7832947581491425e-08,0.01800385762365151,0.005862365811234831,0.006692339739398805,0.01423483058369372,3.5751699846944937e-08,9.017663763527928e-09,0.005715053332542505,0.004662046258877078,0.0036226649100522903,0.0008989491894030124,0.016973218496059074,0.007420946923705425,3.1316290996062816e-08,0.034968220075142414,2.7053521556454733e-08,0.020671095432363774,3.017518339408536e-08,0.011627163196947725,0.0029335823257529876,0.009287545984445937,0.01723515288016878,0.036928085859787615,0.005894630571421595,1.0563899114402174e-08,3.473482518518128e-08,4.045122145391593e-08,3.349334288019625e-08,9.420332473471078e-09,3.2538966009119805e-08,0.01137569250603234,0.024964699275182294,0.005219532214174061,0.03837059668784813,0.025999062388681927,0.03782917085648042,3.909084893658648e-08,1.679069661577052e-08,0.009016282620976345,1.5685998916065247e-08,1.0520902666067363e-08,0.0006585847153824466,0.0008614395308154533,2.0474832776408858e-08,0.02945243993888011,1.7222157526220662e-08,0.0038729850889184085,2.3370765260820826e-08,0.030933802445961913,0.012240822749878902,1.3099401391192848e-08,0.02692770907491863,0.023103854703831236,0.01965417529471236,0.003926002244851636,3.570292898440159e-08,0.02424159833311901,0.002839932872590217,0.0012907456987729432,0.001991936510552948,3.9370616827508076e-08
2018-07-10 00:00:00-04:00,0.020668781536745902,0.019087603640711666,0.021825278625781624,0.03943128939872722,7.815071982552698e-10,0.012969096314280528,0.009099082149477458,0.004375968683702448,0.03962139396676724,0.001992358827997893,0.011669267541664122,0.03971572517974039,0.010586337556816629,0.0014919917396706756,0.0034380044215963808,0.010506227719600105,7.902365998052297e-11,0.00475062594483577,1.584339480934193e-10,0.020641017931903843,6.703582794581245e-10,8.613705681559372e-10,0.010833886586040333,0.04003307987970821,0.023772213531799508,0.035758497829408445,0.025317624028579514,8.733676559590895e-10,0.01611586408825381,0.012017281441864404,0.0002904281891206227,2.2306892362770954e-10,0.013223520474504048,0.013855421142190849,0.0014537568420137743,0.0030446048813411535,4.389517987485139e-10,8.807174203105599e-10,0.007076486598837613,0.014675890274627046,0.013665893967794189,2.223321547155023e-10,0.01930675077210922,0.006029610227856429,3.691108732741499e-10,0.033037237911528884,3.7954012048524667e-10,0.009156813189903242,5.9643056185017066e-05,0.0157286002533196,0.004451543631536756,0.004694538718510209,0.016846369967019246,0.03785828776570768,0.0009072151592723046,2.622764974536498e-10,2.179785639490992e-10,6.348670501899415e-10,4.08895976361059e-10,8.123022161765925e-10,1.5290249202250704e-10,0.001674325231624836,0.029066678233945438,0.013362385398751925,0.03881730742207886,0.021418415663539764,0.03836004444488095,4.834141021146392e-10,3.753971205366058e-10,0.008914664059951586,6.176181266853749e-10,8.114141027715394e-10,0.003046752506084908,0.0011790069852583996,8.479065674685233e-10,0.01154035765425628,0.00022583638697307453,0.009139347216103122,5.531614413756035e-10,0.03483106586777431,0.01130701102222269,1.8433062761445083e-10,0.02737957091229649,0.022584054518121392,0.022461501572724574,2.077408294837147e-10,2.804363868775e-10,0.02711062003169812,0.013798873257703674,0.00019983575789441716,0.009767932297095654,0.0027332891804485865
2018-08-08 00:00:00-04:00,0.019779176213097254,0.021048336748062318,0.014950310682286392,0.0374787241493679,1.3823852650607064e-10,0.02806554771452946,0.007883279425639128,0.0024045507239922785,0.03780970732842098,1.350710687124628e-10,0.010018906391774487,0.031993413747478244,0.01644832799203491,3.467563288902797e-11,8.473855385461944e-13,0.005857065617377993,-6.403118094488211e-11,0.006942571689488221,-4.1396303198744294e-11,0.014595829502569935,7.634061123183589e-11,1.39800060764641e-10,0.006125479536494349,0.03882695872674599,0.02950322838428088,0.03803198137808219,0.026109451401602663,1.3162621825523285e-10,0.008582379153449086,0.015201516856614203,0.0022910860484816236,5.2985322249180104e-11,0.014687323956062552,0.007352593280515219,5.016303971877372e-11,0.009434642039138089,4.0474501762470284e-11,1.4744728961745812e-10,4.366173704941122e-05,0.020053769287604366,0.019382117959101112,-2.6392611132785838e-12,0.01927786336693769,0.005025203762930773,-4.37113014255397e-11,0.024540596888384135,1.2003739748913793e-11,0.016075353810472218,-2.989158764948811e-11,0.012667199959779598,0.01654047713367445,0.00027862638288276236,0.016701006925989286,0.03707630267686379,-6.8026281962953765e-12,3.1338171938041894e-11,0.0009135815752292626,5.261408362847165e-11,4.2170255168548475e-12,9.915960761974293e-11,0.0007425190362648777,-2.2320802485057352e-11,0.034509500478999644,0.010503109979975096,0.03681928210250244,0.023228576651862967,0.030507388543130776,3.7213153706926644e-11,2.1751649702092103e-11,0.01624205298645689,1.0678827815012648e-10,1.3392280530888578e-10,0.01654261154621408,0.006266351002068445,8.373679159203966e-11,0.008352447230645451,-3.07794750417867e-11,0.00292949588249934,1.4920646200927187e-10,0.03199191653911714,0.020504053030608708,-1.6762309304093104e-12,0.028211381781734848,0.02152672149007712,0.03273648915102755,0.0013932858974927684,5.490383325387304e-12,0.024839027547546706,0.0037317143314628647,0.00442144885070167,0.0040024743662306714,-2.2575042205946132e-11
2018-09-07 00:00:00-04:00,0.0224366759177466,0.015950613900171332,0.01612003588764045,0.036878948014898986,4.670787789772997e-08,0.035849755246671784,0.0012865788506986533,3.675384572774285e-08,0.03722220323437545,4.8172749486659637e-08,0.011565117299056318,0.030855402051977867,0.0180170411285907,3.769451985754415e-08,3.628670968888644e-08,0.004152672902531375,3.64707784557884e-08,0.007305429835007509,3.5516720010212123e-08,0.00932612090750655,4.3557818542475574e-08,4.936771089925598e-08,0.011656473226869387,0.03600159118148464,0.03042294586297569,0.03266377394685164,0.031083852738015026,4.2377294646325265e-08,3.421363192645778e-08,0.011614216553353887,3.1585531561306515e-08,3.9452955644993684e-08,0.01563422121576986,0.010350244939279142,4.904528425262513e-08,0.004677886599086003,3.991186725600255e-08,4.898101915989362e-08,4.901926850243779e-08,0.011420500768135241,0.010993271322140251,3.3741914907358466e-08,0.018577738410924863,0.009390401499782434,3.5387199888989856e-08,0.018204725884456166,3.444657944839584e-08,0.014575500183939048,3.770836266786067e-08,0.008688975022023341,0.019022076179208838,0.0004022673168317147,0.02521615880710365,0.03630523603916789,3.502742790497343e-08,3.25173613843096e-08,0.01042813058522658,4.170674809133653e-08,3.46308486570952e-08,3.9948317203088325e-08,0.0010130407060955947,3.4126850018487305e-08,0.02924670828537866,0.009037975538341658,0.036210966507012526,0.03247800108488652,0.035744408722204746,4.46557315916688e-08,3.957968042710087e-08,0.013751306085593053,4.702642397173988e-08,4.870946594755829e-08,0.025259282392693046,0.011071228688799789,3.829192809161941e-08,0.01326025579591634,4.16772266219891e-08,0.009999543677564476,4.534308122117883e-08,0.03564101010913627,0.011040438101466609,3.7637014580750186e-08,0.020710675898772676,0.02155186709288,0.029985890624661133,0.0006293925940166779,3.298491369455984e-08,0.022967053670743545,0.009076573979412096,0.006628239204359563,0.010397882116447696,3.5120698725880796e-08
2018-10-08 00:00:00-04:00,0.02975387917354369,0.02056622569705084,0.01697603749859401,0.03797347645050601,1.3968339553444094e-07,0.03702339335097828,0.005005494211905529,0.0006609237550282498,0.0383014560727193,1.3064308399840633e-07,0.010575069942230028,0.03298654191629401,0.009206591855700145,1.3426907581577124e-07,1.33697192337903e-07,1.320047891449462e-07,1.3449002313472426e-07,0.008888302390016313,1.3470384977095228e-07,0.013397797387690879,1.418196665185802e-07,1.3935124323565248e-07,0.004821580228983583,0.03871914972134484,0.020723239059666325,0.03845482776638997,0.030046388938211974,1.3416154033846482e-07,0.0029659081118851823,0.014132562698547471,0.008849384836003572,1.3775683168156363e-07,0.015141421229729326,0.01095969375128982,1.3899170233958992e-07,0.0007913129446326104,1.3555442306921148e-07,1.3916699777140549e-07,1.359520795192005e-07,0.009817375740080044,0.009227434900925306,1.37045202374595e-07,0.01174363481671161,0.009921393407934092,1.3144757192447395e-07,0.011676584138359633,0.0010274785053987522,0.011724642417570904,1.3475557211530366e-07,0.009182476882657059,0.022501049994112288,0.005940057571242183,0.022631173460666384,0.031139804775296397,0.001491507141762159,1.3324055921047073e-07,0.014698529455448963,1.3723725347006188e-07,1.3406016219373674e-07,1.3652166785201694e-07,0.0066966298387148675,1.349504971054403e-07,0.0314037302112902,0.01242829223754092,0.0373674684688626,0.03538507791109653,0.030075596089440305,1.327096656464603e-07,1.3788075847961926e-07,0.018697770937432478,1.4075452228671944e-07,1.4144224925628812e-07,0.025654173936697,0.011541585089084686,1.3328115281732772e-07,0.006640948161445566,1.4147057228269817e-07,0.005288329020930448,1.4071439311434613e-07,0.032431410060397986,0.014686120162275494,0.004449718126335131,0.007312865183328314,0.024301802012133198,0.03008506721889679,1.3310696232359107e-07,1.339109432404652e-07,0.02369866141459488,0.00852797550692053,1.346441889254711e-07,0.011858427936916554,0.0018200562587512368
2018-11-06 00:00:00-05:00,0.016033959314148784,0.026428060154732876,0.009028745891691503,0.027271369494131746,1.583068779737123e-08,0.035085936630639816,0.009937656890267392,0.010682838755439595,0.03640970945787313,1.1331218482944016e-08,0.007967975873418357,0.03646303094861714,6.83066597439813e-08,4.8626224199892814e-08,5.614770284175663e-08,2.3817252545198376e-08,2.1896986314134672e-08,0.012789922026663587,4.1449025196051216e-08,4.169384694366502e-08,3.1010203103740605e-08,0.005937286969669481,5.5137066571866625e-08,0.02975292729251283,0.03815422775190496,0.0279497295495464,0.03356476281009787,0.006708390627099513,0.004585453972217589,0.007168540057335726,0.017012859948380414,6.522162567096668e-08,0.009956752887260053,0.010864757874891662,1.6243618658246744e-08,6.003458934729498e-08,2.892784411485613e-08,1.5190871724569382e-08,5.507010483724382e-08,5.780945616925538e-08,5.752707577731165e-08,4.643588145433556e-08,0.010713207408824756,0.005214412424618238,1.2862334195979989e-08,0.0017827439286882227,0.001340513173079081,0.007354159855027398,0.008097660149884221,0.00948623035357593,0.032643196122768,6.164100327264181e-08,0.02405943199595919,0.029521369993294008,0.007938555961475986,0.004211918052904695,0.016820167220699397,1.5901168498059345e-08,1.7251044837690085e-08,0.003947743068866063,0.0323781570841826,4.216529435499631e-08,0.026185468881021596,0.014495367566367214,0.035088454386954376,0.03659306956403787,5.313835461895971e-08,5.8421771793023124e-08,0.005564518051156808,0.024880700169068414,0.007651795558909194,4.405430459149596e-08,0.0025603498780922412,0.004459571415856622,0.016286794532969027,0.002508201519980703,4.2084245239195325e-08,0.022966569536868018,6.384586185297086e-08,0.03818024464674448,0.01985191259437502,0.014644691829597292,5.853445832816674e-08,0.02190421589671373,0.026926887160637576,4.705064846300275e-08,5.9512241016187353e-08,0.02317752366183372,0.025062488618450927,5.4778223764623965e-08,0.015745295219779878,6.833119157827043e-08
2018-12-07 00:00:00-05:00,0.0047863129990965095,0.030264467969983232,0.01019656198679597,0.03624164679125365,3.700836296668756e-08,0.03504132763783537,0.014995076020463387,0.02275412649216581,0.03629148646469335,2.9111478073475594e-08,0.01189207429460788,0.021464268409037226,2.6665924965145055e-08,2.783338495057625e-08,0.009987455724567584,3.8468590591216226e-08,3.02997120174955e-08,0.006683773392242773,3.810282934184201e-08,2.6373648664136268e-08,2.675079698227371e-08,2.1262551325815368e-08,2.744091860448393e-08,0.03009152115154282,0.0249775878646131,0.035088063765134146,0.030157613422127052,0.01195912959070127,0.001068031363553077,0.014321771836600473,0.009603173332992607,0.010151889000568473,0.0019207283900925908,0.01963776441778401,3.5521616644174646e-08,2.6669356129655118e-08,3.139098274169349e-08,3.802135502517352e-08,2.248481724739838e-08,0.005956399178605481,0.005415583268761986,3.80764541770927e-08,2.1091046936448996e-08,2.1017969217036417e-08,3.4635781869919823e-08,0.01346514317537136,0.008939529687470462,0.0027266082889707394,0.012599611294609483,0.005024716622808621,0.0350388174269386,2.5021326697840955e-08,0.007801337532344139,0.03523130358625914,0.0118998669610272,0.007120959454844485,0.021023832053334815,3.804341834488871e-08,3.006511396531632e-08,3.339316825792636e-08,0.03890792166738137,3.491481338094983e-08,0.0317156191635146,0.02235100105759448,0.03528405594615388,0.024958587791960207,4.5279193663394626e-08,1.9736086904912095e-08,0.005093359392484854,0.02927646760286044,0.008489987997048606,2.884172350977702e-08,2.7750363011024035e-08,0.0043660664296286044,0.01606277346879214,3.514370738692808e-08,0.00025366866520357194,0.023588060736740166,2.544632982455759e-08,0.01626983769502981,0.030354711721360873,0.011247917297959585,0.0030740647686383258,0.02609481033774485,0.020740342091719315,2.6532430871388007e-08,1.9708987167124203e-08,0.027935404614734902,0.020808323961694297,2.7512424561116024e-08,0.0013064228528148493,1.9125369086831425e-08
2019-01-09 00:00:00-05:00,6.941620716405999e-08,0.025597529591656,0.0013780104739088618,0.030331576854735063,6.906832212376554e-08,0.0362410702071798,0.02259439944324928,0.0269473760214619,0.03784354721298985,6.86528861967875e-08,0.0075146476727984655,0.01996198477384134,6.022418336701184e-08,5.7240308999675756e-08,0.0005602255120453478,6.441402859156231e-08,7.175373929771398e-08,0.005782227740943837,6.541540345756112e-08,6.49442589081758e-08,6.086221566539809e-08,5.8607125250251914e-08,6.320091103238662e-08,0.023388417579678855,0.021114244670125775,0.038015430869381965,0.020890430429267064,5.950153069124873e-08,6.127511014890792e-08,0.018609876014556048,0.010523488516598754,0.021184414762737237,6.246535997058094e-08,0.032453771249703764,6.511167935965247e-08,7.129020459226444e-08,6.650274432271963e-08,7.636255443538647e-08,0.002484836821602545,0.004961997545537931,0.005109973694195731,6.64129086053039e-08,0.002598881639070754,0.0007081037824661975,6.620501607465989e-08,0.01670895213910907,0.0030536014459882532,0.0038130739347618857,0.01701151712424866,0.009065798295621878,0.0406674686543351,6.537827174611302e-08,0.013314385968106529,0.02806002416556744,0.01660028852977232,0.009470322031816775,0.007790939202122977,6.15541779535743e-08,6.232212425872397e-08,6.384466096930647e-08,0.04090688738378209,6.088513863926055e-08,0.0250171490596164,0.027765601412030428,0.036784104969057346,0.028532852502566673,8.748415935540401e-08,0.009030402844462434,0.006290519740859272,0.030120900528164924,0.015349244570874788,6.708649046841823e-08,6.584778314646952e-08,6.19477452921127e-08,0.01876172303283503,6.309971884564384e-08,0.014588240022888607,0.018090327407046334,6.119532954514693e-08,0.017299188691734916,0.022020520483481958,0.014012140783581956,6.647449073003331e-08,0.016524927070321424,0.020290495520629396,6.97708944191394e-08,5.790660995308179e-08,0.023124693344057184,0.026386931083827177,6.08218847572709e-08,0.006747910472060785,6.154286803539035e-08
2019-02-08 00:00:00-05:00,0.007308218327892604,0.028544066408105924,0.0030586215720429582,0.031095694813698966,7.682368940300476e-08,0.031712603370583126,0.009721288582580404,0.030286735791745633,0.012211638769236432,0.01980343925487577,0.015328670364406903,0.02400645842931232,5.961839990398299e-08,5.7031172479400615e-08,0.002261069454135171,7.072631116689311e-08,7.172771756195233e-08,0.001179858951680693,6.603894490420869e-08,6.790419367041952e-08,6.506134904033547e-08,6.041641091359413e-08,6.966667500201977e-08,0.025888075567372236,0.0179270438210935,0.03371718441245714,0.021924547703461292,6.297759424454476e-08,0.0072439656963613356,0.015413212766898816,0.008798005140532443,0.03143901927238352,5.743889740363453e-08,0.038051668137870726,6.495086855399939e-08,7.421747139228245e-08,7.016901710215406e-08,8.131209788217185e-08,6.738313104077253e-08,0.0017760278593394433,0.0021745184450628224,7.148339769676175e-08,5.982882278327097e-08,0.006358132221112426,6.431730427226775e-08,0.013901719862212511,0.005141728134569786,5.801971082346623e-08,0.019168459634618412,0.00807538240466372,0.0366282381135192,6.630761883388654e-08,6.257044979432913e-08,0.02888519508826292,0.012913400956221989,0.010204485935743341,0.013863940884102094,5.8457419624959646e-08,6.253580073481598e-08,7.787775238353601e-08,0.03681832141337538,6.98417394562688e-08,0.018816281805425234,0.029897034053967327,0.029426431646123723,0.030425612995805963,7.852307662894857e-08,0.005030151902694338,0.006043528424088682,0.026267922746864777,0.027017103408890963,7.482889158966682e-08,7.104332882122755e-08,5.898359011592602e-08,0.031711342398237495,6.582418132138708e-08,0.02471832201961241,0.029521562845633245,6.759750716800539e-08,0.004225322580637437,0.018980812612338104,0.015492010173791943,0.0009409701873735528,0.024465638853469987,0.02884314437503627,6.081115423480546e-08,5.771512821754901e-08,0.019875398737360685,0.014708450613952376,6.329513610888716e-08,6.2410258605475e-08,0.0007598657695962686
2019-03-12 00:00:00-04:00,3.632000470049834e-08,0.03009029024339974,0.002219319355655968,0.01979706654692517,7.557039823712021e-08,0.03142993564805079,3.655720678365401e-08,0.03730283103561713,0.0033851810861773948,0.013615120426142468,0.01562898012029345,0.016733492622277097,5.189788755037488e-08,4.5551763820788985e-08,7.38612222968475e-08,7.44487996375709e-08,7.528964072187916e-08,4.103243627817761e-08,6.134195396254939e-08,5.914420759322583e-08,4.4089265140792507e-08,0.007614549449912884,6.16502936588221e-08,0.026956785097037483,0.027541351996225982,0.02479418900047882,0.021166440800200838,7.014028291012863e-08,0.013574546805255595,0.02728184189809946,0.01221800870562079,0.028872602410375422,4.0891399183035194e-08,0.03799659550001147,6.019551462052313e-08,8.191514471367127e-08,7.93333931291495e-08,8.012035471383833e-08,6.698391360453931e-08,0.0005359607277188582,0.0005609487845218236,8.127931018186846e-08,0.0014247531600466803,0.006582861603532836,5.07972706968467e-08,0.004864631499777496,0.006748042293988066,4.8771848414742945e-08,0.007328050866128964,0.010464614549959865,0.03664932602347453,5.142504827242247e-08,0.019590635608339037,0.02770919950162523,0.023220989656786442,0.009544269590141478,0.01438325187656265,4.0435393828109795e-08,5.517884003137223e-08,5.199941459594826e-08,0.036641095693842815,8.164566395082913e-08,0.02165323014984075,0.030550142794335985,0.010074878909651447,0.03544244847036247,8.562337355451375e-08,3.4296794240227616e-08,0.00719751558015837,0.019257003670172464,0.03314922757756646,5.865981847497957e-08,5.221516965367326e-08,4.1221580622997036e-08,0.026626044735594854,7.5177657434679e-08,0.02907944087524443,0.02012208812920722,5.590120807470225e-08,0.013420138505120886,0.021438439487006945,0.00928729835258087,4.0006939080484177e-08,0.008665187221257076,0.03022896611534404,3.380916687412347e-08,4.040876258656316e-08,0.025373399353860678,0.026523930466892647,5.271411156650588e-08,0.015144128983705702,0.012296482257917258
2019-04-10 00:00:00-04:00,0.008068989415553653,0.03355042941266052,0.013507423385454154,0.01209677193687544,6.687863821733155e-08,0.029443233611848977,0.0071121744725388914,0.03785761407482968,0.02206551239003709,0.029361026266809677,0.01264717631794121,0.0052120600365550395,4.480128303426241e-08,3.7310893792936465e-08,6.41747967368547e-08,6.869764831910373e-08,7.456699197776208e-08,3.7937050772881566e-08,5.0208507508554024e-08,4.845563199232642e-08,5.018434298433747e-08,0.016565992306220412,5.804016670110591e-08,2.158708059706189e-08,0.030472786768196657,0.02661594140008832,0.03338491626440271,6.499229451456754e-08,0.0007253399839169806,0.03193037834237014,0.010558967099348412,0.014421436831726878,2.699296428990105e-08,0.030389773881110926,6.50330698067996e-08,7.216952915404148e-08,7.15501738495716e-08,7.556984024866665e-08,5.29507388307623e-08,0.0068048291508980875,0.00680323415270853,7.203968831501866e-08,0.010226740069723399,0.011525362177732371,4.993034626396685e-08,0.0017935826755428274,3.609523284341117e-08,4.646526978738496e-08,3.045075225493833e-08,0.024891890212033984,0.036933367881581275,5.454986543676248e-08,0.031062825746952797,0.034032523865956836,0.014231540186514617,0.015273053348761929,0.0045626155644658455,4.264702744512504e-08,4.1271379018918836e-08,5.897380652469625e-08,0.03670817124877409,6.9964634147377e-08,0.027512270556204452,0.01385348248892262,0.015252289119772885,0.01984125680665589,6.812641925380949e-08,0.013792759314312545,0.00638765127099461,0.01877916958588584,0.03725142168464826,6.3170865081706e-08,2.560010995527213e-08,2.57068210485816e-08,0.02651791244914351,6.34607112584013e-08,0.016958136896626425,0.01894609686587741,4.681118948077735e-08,0.006957479539176998,0.02760927419805762,0.010940655833781586,0.006180786697612129,0.0012353500185869671,0.024930386633883618,2.9530624202885505e-08,4.201148796468898e-08,0.02788100733526573,0.026730027187501133,4.984166444875467e-08,0.008426648012163397,0.003176289260792519
2019-05-10 00:00:00-04:00,0.0016643762448230158,0.02646311515386532,0.010676332969700305,0.010056032031324578,6.319263370610217e-09,0.033031741611640665,4.23479186578402e-09,0.03815822867016768,0.011677689126352298,0.026280203808795616,0.013579338468984174,3.9445452654330095e-09,5.444792302256806e-09,1.0274441012186882e-08,1.1848388316731023e-08,8.872158175979293e-09,7.210520071822894e-09,3.9947867017936975e-09,6.684460911782673e-09,9.93834737560715e-09,0.011517424023578315,0.037154576978716235,5.327826615671216e-09,8.698278904751554e-09,0.021592977183053128,0.013982175344797261,0.012676443701321571,7.90458312884828e-09,6.060457594482461e-09,0.027522762716066834,0.028023084101818863,0.012414171064998938,6.582669837518725e-09,0.019567091057043996,6.955699740367373e-09,1.1956771161769405e-08,1.0141073445293492e-08,1.170113123947776e-08,4.3967925570898375e-09,0.002963299943890547,0.0030119561501627495,1.0759061939320294e-08,0.0006086761989455931,0.02055746548807216,5.976310679599279e-09,1.0009245128376478e-08,0.010791354142170978,4.4481109299808405e-09,0.012588679387275589,0.009333182321855893,0.037774640402567415,0.0006591261555385956,0.02284892326019433,0.022940518740649916,0.018641324373667403,0.03137451382085009,0.001034864808772669,4.025511998107966e-09,9.79996218884341e-09,5.884758405872794e-09,0.0361602992579642,9.711220754462138e-09,0.026614021857485435,0.017060492701029738,0.002274218344465183,0.016536428578607355,1.2663029384784041e-08,0.014396709661050206,0.030054643772562523,0.016029076778751438,0.03805109125001087,0.004089714510356118,0.03679912578082654,0.008794039638514245,0.03335061322583819,1.1780547716021864e-08,0.021038754021408625,0.009363723079728267,4.478108396885119e-09,0.005775001101632005,0.023579508451864545,0.02840108756297041,0.001762144997797108,4.751795351963766e-09,0.025023869721946604,8.27255003477396e-09,9.414458712994431e-05,0.017725892231097728,0.021270398427509416,8.830448226079682e-09,0.01458843597479276,5.099261889782603e-09
2019-06-11 00:00:00-04:00,1.8213193889957614e-07,0.026133717548100177,0.01336486306620819,0.008489693011979193,1.7779235858373626e-07,0.029800421058428946,2.0740545138853157e-07,0.03402208681355624,0.0051718878106943545,0.006328264371902162,0.019044745405682423,1.7682720369255605e-07,1.7186887357340708e-07,1.9492500953969365e-07,1.9930127350727242e-07,1.8569944300821026e-07,2.0235077114006084e-07,0.0023934529096078343,1.6883849332954463e-07,1.9604357880207025e-07,0.01657391308131853,0.027452878617057197,1.728697138053241e-07,2.0177741995170883e-07,0.024088298726740905,0.009980068504362305,0.027473442414697867,2.1275293529997505e-07,1.9232859349622372e-07,0.030284624819843165,0.030990083496049196,0.020475156612519543,1.931494494499445e-07,0.024541270684548023,1.917743733366534e-07,1.9486776004238653e-07,1.8947649569181134e-07,2.1202144247292227e-07,2.0410331632588263e-07,1.9021203474698263e-07,1.902838477073809e-07,1.8022853899075073e-07,1.9295098381592128e-07,0.01664333129599779,2.0347578968026316e-07,2.0285088818933157e-07,0.012864183865082085,1.7572106778563721e-07,0.0197298451316545,0.0242738284424122,0.030994878252807063,0.009204550139610704,1.9487022036811975e-07,0.028302203431849006,0.01918753222019593,0.03377989915575694,0.011930372878704961,0.0033647169945283596,2.0241959259030707e-07,1.9828869231468053e-07,0.031910544806841634,1.7779590228008873e-07,0.02784519523967194,0.02996697167468417,1.672565561926051e-07,0.007938274900922953,1.743173365064413e-07,0.01185360717464723,0.03188231346071958,0.01876730668822449,0.0338442501640216,0.0023771650667815405,0.01770828655953373,1.9127676136648128e-07,0.033396926196950526,1.8512910002980985e-07,0.029254950185556596,2.218355082095393e-07,2.0410655550579812e-07,0.01260699414180354,0.026458626617709185,0.028263720621392208,1.8679309143597366e-07,1.9976094816725e-07,0.019905903272890824,1.9834314158527674e-07,0.002155816856467982,0.023804267769679286,0.01731236461715434,1.8904801261042682e-07,0.025854051737632482,2.0040031117638973e-07
2019-07-11 00:00:00-04:00,3.001413012249676e-07,0.031334210462947834,0.010737036257880599,0.014668325855732169,2.5647862024397397e-07,0.030641340757101905,2.4262352429006724e-07,0.03539503977719813,0.007575474977549054,0.007813273747314822,0.02220399329863464,2.7074246112989195e-07,2.507138782949055e-07,1.3893753643050363e-07,1.8426279875261002e-07,2.1940177904133766e-07,1.5784037470152327e-07,0.006131706665774036,2.722964083232919e-07,2.2928406300434413e-07,0.010162455028469781,0.026613143911254432,2.0185996320563528e-07,1.7963702300525636e-07,0.023465416963859204,0.0012171445616577555,0.02939607800139068,1.5096165322288514e-07,2.6952645614824126e-07,0.03426948549036288,0.03039452030704764,0.014229607681114696,2.0270158803987712e-07,0.01663435545423356,2.230271520022495e-07,1.4099997168912142e-07,2.2923120753264032e-07,1.6364832871096611e-07,2.0925207811712871e-07,2.535637059011084e-07,2.458424180555745e-07,1.9410067752022553e-07,0.0033096623349492716,0.019704196399544724,2.5855003324924364e-07,2.3071939127795845e-07,0.008918364511240555,0.0017677040434053502,0.015319950407709204,0.018955826348778945,0.02693341039892757,0.01728495946058792,0.000961677706391593,0.02944936210049931,0.030556464286203306,0.028567231760795963,0.009258153280282174,0.008351878372673364,1.612750212683234e-07,1.8675077074875784e-07,0.03337059135455742,1.8889369385729583e-07,0.029194998506995945,0.024884261380214732,1.8928829341044127e-07,0.007247925111953076,1.5325624221783637e-07,0.024142297237680993,0.023140177029424315,0.01652870222892113,0.03523668809227483,2.833740511080053e-07,0.026596557811654535,2.837967191897544e-07,0.03469079254082445,1.270255856061237e-07,0.023960415231192005,2.498556662169355e-07,0.00800129806978133,0.007854692187481308,0.03223177336553706,0.02198702470286307,2.95752971275734e-07,2.4268007654011184e-07,0.012755299574159128,2.262013313674343e-07,2.87853198812188e-07,0.02572885573488048,0.01201406110974851,1.554632861811974e-07,0.02820320430143364,2.3293835634240143e-07
2019-08-09 00:00:00-04:00,1.765104867245061e-07,0.03202503053339435,0.021894846027593787,0.01577496906535132,0.01058625283427663,0.033257047754084126,1.5324196034274342e-07,0.038535395229427054,1.6791970711895858e-07,0.02573945424209532,0.023864163095048647,1.6593872231257163e-07,1.2669375842707637e-07,1.135034375260878e-07,1.4069389539836904e-07,1.269417157394156e-07,8.321357700796539e-08,1.502870985687207e-07,1.395395058899456e-07,1.0507962257077243e-07,0.010047910908000857,0.022777080061706166,1.2715060434107035e-07,5.689176707160361e-08,0.023576201793131635,1.7520792882752347e-07,0.023753847234793554,1.4212008871668874e-07,0.0024707063143759853,0.0356914333121461,0.02004377157062336,0.01693129360520884,7.848295902146954e-08,0.010959576455470674,0.001408601348727474,5.0337049008805955e-08,1.5177113367461068e-07,6.207426855971272e-08,9.751567477458922e-08,1.657965973551499e-07,1.6087978560636369e-07,1.0690689374042828e-07,0.010273566300501379,0.013923990497054504,0.0005426404718720209,1.570225453960993e-07,0.00328869301909431,1.4972194334357305e-07,0.020185072864407846,0.024443450104893603,0.014924346538550287,0.02195465125512096,0.0034432083890274007,0.03411837587359976,0.03848611585512089,0.030171951310967938,0.015019656189538615,0.006386517205303235,6.779272950133888e-08,7.746623021417533e-08,0.02984019174960235,8.414511239062955e-08,0.027324459902929685,0.02956123058246598,1.1844316077468744e-07,0.003637618485214633,5.4269655606345e-08,0.014574598565029712,0.017829903986641225,1.429635786797375e-07,0.03822320068584776,0.002694050650716844,0.013671959936192074,1.7659732465765778e-07,0.03765879807698344,5.3657309234706515e-08,0.025425205910240545,1.34823893159904e-07,0.016365301822816123,0.005749359641368021,0.018786627238580857,0.01938398675471659,0.009768443787509873,1.6509316597573926e-07,0.01544031229205079,0.0008580521774956459,0.0028838906047159853,0.02720327572056574,0.012359921173391497,7.399872000182157e-08,0.024255179496213572,1.3176167092675183e-07
2019-09-10 00:00:00-04:00,1.180541214710806e-09,0.02943292103860937,0.016305118751289403,0.004309497138492273,0.004010768896156248,0.004692243725467502,0.004836226313131177,0.03616031404048163,1.5826899539664754e-09,0.03385717593296603,0.014614573204317347,0.0018918217746435346,1.2125385374742554e-09,1.729015584379772e-09,0.0018411530209084628,1.3517191810868583e-09,2.58225543490489e-09,1.0852094150572545e-09,7.274971830441096e-10,1.5241027665856804e-09,0.01172232533799007,0.03164556200556,1.3085749653944378e-09,2.766541324774422e-09,0.027411332153145243,9.238502760412824e-10,0.00276071800388619,2.0621599905031558e-09,0.006674842808411925,0.03339620760269455,0.027618949337900565,0.018446380589165076,2.097195531248186e-09,0.012092005031141736,0.007019252588750097,2.7945438077502953e-09,9.231205407515611e-10,2.719450835112563e-09,1.3321010466027772e-09,6.512415802749299e-10,7.344638037526043e-10,1.5087478462992305e-09,0.01561564446811002,0.009021101137382252,6.369738558787661e-10,0.01039835096540802,1.2260910415134915e-09,0.002360001984657156,0.023985417598820526,0.020922639359707493,0.006773667511277981,0.018737452810041147,0.005061470757397882,0.032241442504777444,0.03606651168451118,0.03321124141952829,0.013591284198375986,0.0030712235495215213,2.718320768862361e-09,2.71725593984269e-09,0.023932393567814587,1.485753801921857e-09,0.027103956462242507,0.031043842914605317,2.3765951833313875e-09,0.009884535999955452,3.022180245005773e-09,0.015624121986864086,0.024586194918856264,1.621989697273608e-09,0.03576911877683686,8.687758193421781e-10,0.014104378631909777,6.666332636756917e-05,0.0352760058764887,2.269314858657354e-09,0.03639839838919647,1.684861927397396e-09,0.0245896415367178,0.025337145943443065,0.023484136328222868,0.02095729853799084,0.01665969335098434,2.0632290535089893e-09,0.008225238629751767,6.972500078496872e-10,0.002677959523086249,0.025566886462303026,0.013199391095851182,1.9739754764795553e-09,0.02371609889607198,1.4214969077928896e-09
2019-10-09 00:00:00-04:00,0.004665586869892672,0.014940054499558078,0.011930487091507104,0.005587470685185491,0.004625069701226314,0.004355582574331367,0.0032774050764783824,0.036590423632757996,5.333452767112151e-08,0.017699056933724,0.010295316488601587,0.002648922485259455,4.685078120884201e-08,6.30275935605895e-08,0.005583140446904055,5.106791390915941e-08,6.088206879731276e-08,4.562662483294287e-08,4.6168807954717996e-08,7.225001413662453e-08,0.016233720644463025,0.031570376054861175,5.296707999425068e-08,8.499515455261045e-08,0.03502381668606634,4.6600752089024687e-08,0.002327412100331225,6.776317411831022e-08,4.554846922909646e-08,0.029009087408840957,0.01726564511593402,0.027017234949178338,6.284867126166701e-08,0.01733671264590837,0.00437505472807769,8.639751362861225e-08,5.544700015121961e-08,8.582194909230516e-08,5.991225699494543e-08,0.0063578291880561945,0.005509942948562942,5.351248289647722e-08,0.02166725656163544,0.005905441556581652,0.0011381840843254904,0.01187257221258222,0.0019088033394594845,0.004873072695827861,0.024210023932130932,0.018403843127782104,4.050830333734233e-08,0.017029415835767052,0.0026589579700640655,0.02693704131422029,0.031901859826650454,0.032943391544717156,0.014741765009154629,4.169334822185041e-08,8.129576902866774e-08,7.994588281220489e-08,0.023686697907596824,5.655347917241506e-08,0.024511354239237823,0.036917926466109495,7.619445655877617e-08,0.018705835739699896,9.00819653653689e-08,0.0151282995573406,0.03414004193063473,6.29276080447942e-08,0.03625397982723175,0.0009775083699545533,0.010497020285208476,4.190021564639427e-08,0.03580920884977345,8.572934407707219e-08,0.037050210675764236,4.9002380917998816e-08,0.023262147969640233,0.03329574126556887,0.016440630727193758,0.017200918871050717,0.026085166225935444,6.120336735962176e-08,4.4457895257009334e-08,0.0033287219530650056,0.005563795028528222,0.021848096975398024,0.018105690685179546,4.51708062045413e-08,0.030771966578609346,6.397692011181082e-08
2019-11-07 00:00:00-05:00,0.02301495583383154,0.010573937612375937,0.012113911458964148,0.008343305627133901,0.025257947801945083,0.029613282716856777,0.008021884465917374,0.03770097235968207,4.333568524878864e-09,0.035262820214329874,0.003278770470164044,6.5912115993329844e-09,0.009904817127124457,5.1349550608088285e-09,4.7293320528608146e-09,0.014417073629777967,0.0006455628083658192,5.798888742403934e-09,3.401723829148151e-09,0.0066988745417892155,0.0017226315423421693,0.009847892657605372,3.6592643134438226e-09,9.079154968347427e-09,0.026887229121534812,0.004591585307820793,4.8225231242851184e-09,6.530198420905587e-09,5.204695191164143e-09,0.030756638210258383,0.004287225868818784,0.00878703265336029,4.670310594302632e-09,4.9594131839146526e-09,6.5147522547607e-09,9.28647729116338e-09,5.385647465076411e-09,0.01573133420437965,7.043397042587082e-09,0.01653613967605592,0.01361289929556756,7.33428962912772e-09,0.028858017981474388,0.01934526630208584,0.012715390667765034,0.015564755374101836,7.692700565244238e-09,0.014744212078341694,0.00013682687334960788,0.022018837269379123,4.899623903458389e-09,0.024991991725254934,0.00783032568731629,0.03411826613962068,3.7136642592044104e-09,0.02037682363373654,0.011001185989917837,3.3757691334559725e-09,8.485102936920905e-09,8.836826513363602e-09,0.007482222086491315,4.4337951273656975e-09,0.03311684656256172,0.03858359636862528,9.12610368733264e-09,0.0049960668253200636,7.594350770095827e-09,0.00377259395118856,0.01459749308688701,8.888714518269585e-09,0.0358911622524285,6.4909811282158576e-09,0.036209893185518,0.009492889964945017,0.028452875166844895,8.65091887310362e-09,0.04017748966174117,8.782638381140784e-09,0.03867973679322949,0.031462465426316456,0.017738684355420163,0.010190275093311172,0.023343613652759415,7.01333761712493e-09,0.012359751517191658,0.00754797924098574,0.005185602415019376,0.02112248486848894,3.810298905724548e-09,5.38740773871481e-09,0.010285432167473768,8.716107161967678e-09
2019-12-09 00:00:00-05:00,0.03864122167056607,0.007357130258701368,0.017276831615885425,0.006932203976895875,0.02560554173557694,0.03432687277734071,0.00788826962847006,0.02025843341169231,4.838651409944516e-10,0.03509100022218814,-1.201692038950486e-10,9.580746792307126e-11,0.019686874043811333,1.9251010303151437e-10,4.514407315788437e-10,0.014963098275621551,0.0008556813779294007,1.7771713148207033e-10,0.017318671683959952,-1.3900209661475234e-10,-8.172868135835069e-11,0.005262755703029368,0.007476786826217674,8.993484590736617e-10,0.016530892039929586,-4.830936548567816e-12,1.0560324816924674e-09,4.5568656815093047e-10,2.2397421111189573e-10,0.033945947367918256,0.02074582575639098,2.2930638596263067e-10,0.0065670365228294655,5.640797740691274e-10,2.1428268336172607e-10,1.1065815101144465e-09,1.815408405558816e-11,0.03874578031373012,6.013722386770459e-10,0.012287953816233972,0.010670730701785727,0.01094133170404695,0.012656046006917294,0.014175963612380002,-1.1123143637017979e-10,0.004840630495002013,6.120684705292081e-10,0.02203592722947829,-2.468553950292111e-10,0.02596931785937694,2.0372350905749233e-10,0.030495150760823243,0.018963382849875324,0.03481484237106354,6.44747851745495e-11,0.012997351276313476,0.006902784590033841,0.011765034297967015,1.0673571866876946e-09,5.752652887882674e-10,0.0017491114119084028,0.004796361375681981,0.031448013345605756,0.02367522820772493,1.4478753033305782e-10,0.0179605191568109,0.020263357249348277,0.0046104970183155495,0.008592389136428475,9.655100221934516e-10,0.02863182808695085,3.141447308400531e-10,0.03924159862669958,0.010015417094431557,0.02231731781330328,0.00012276814156966153,0.033901086035365124,9.702402889490916e-10,0.027622830747370684,0.04071868480421116,0.021710954599844134,3.675752485675995e-05,0.016199310156433992,3.5206442810585675e-10,-2.497286988061171e-10,-8.61624913391229e-11,0.003829798611187647,0.018453943548566006,-8.493201158086457e-11,-1.5868302187924945e-11,0.019108912602516397,1.016174518370573e-09
2020-01-09 00:00:00-05:00,0.040080391742319164,0.007184982074694955,0.022784591292504305,0.024670208931669275,0.009806121170547685,0.03679245760999124,0.001104206079542161,0.024527014109950732,8.532858407338049e-09,0.014282828213344473,0.00788974671681567,1.5171920475468524e-08,0.019659708512462345,1.1070480031426246e-08,5.488269320147664e-09,0.009823257201545223,0.01811112607030665,8.664384964698897e-09,0.026116904751106753,8.016605707733401e-09,7.521748555111168e-09,0.009044366994500485,0.007038313576591112,1.3916817019583952e-08,0.023506522516821532,5.418300606054754e-09,9.868957270376833e-09,1.1156171765778219e-08,1.0900618918704227e-08,0.0319424894193979,0.012038065942329987,1.0778107847156824e-08,0.010179174823006112,1.3054225681361612e-08,7.6322892251237e-09,1.6096052675761976e-08,8.098118974664506e-09,0.02431360723597516,1.553937246127999e-08,0.009213690767227412,0.008065943434058318,0.01764258648047625,0.007220186243145461,0.013652282078329516,7.246795598556388e-09,0.0046224999784244365,8.40279563169669e-09,0.020070450045345484,7.026350139618337e-09,0.013634492822463373,7.3418891531272406e-09,0.036904072613946806,0.005336981840960868,0.03842375313978576,7.533912446572748e-09,0.011389172561914691,0.0242902831315678,0.0038506650296829545,1.5855792621976908e-08,1.1178250107136196e-08,6.2497902632333255e-09,0.00601212038466398,0.03713718001710431,0.024524788639379555,1.2249345378865746e-08,0.012839093409137583,0.037664801882762486,8.281364105559031e-09,0.004942274644724897,1.563422867388776e-08,0.017098873859552253,0.018280511751269494,0.039791699336957,0.023768580598603747,0.022935271422843826,1.0588430035345428e-08,0.024712948782211128,1.570271664172032e-08,0.017380790987939338,0.041240570096885525,0.02258662734176575,7.714503190161256e-09,0.020224472536372884,0.002802335673147485,5.91796981655029e-09,0.001954369516722686,0.00385138361232405,0.02113846846016651,1.2260252915682332e-08,8.804341239004044e-09,0.0038993215723126225,1.5324891339605236e-08
2020-02-10 00:00:00-05:00,0.04319283516261598,0.004845759674217245,0.019889283500048115,0.024277730822455997,0.009894185782998898,0.04094652786681191,0.010735601961055538,0.02367506708296793,0.010696726555898563,0.002614267350011913,0.009782944491854316,2.4335664376300537e-08,0.0068640741993611434,2.2185381141590542e-08,1.73619399822398e-08,0.01861280500198257,0.018749292719868985,1.2857529537056653e-08,0.009748027570170261,1.5530305406588506e-08,0.002741310595266474,0.0032083143607503683,0.012888545842897356,2.3956362654755736e-08,0.03137133216074148,0.001593672434379015,1.57170082852144e-08,1.277073952214986e-08,1.99093147627328e-08,0.02960996401158629,0.01098280226831734,1.2949448160656577e-08,1.1979462693856885e-08,1.6833576873915805e-08,1.659648930953682e-08,2.422714627471846e-08,1.3683497482446005e-08,0.014183115631309503,1.5565024646555904e-08,0.015948280221983326,0.015138229694785243,0.007275071106291277,0.014366075002424993,0.0024835947493491396,0.0025842269860526013,0.017974072863439945,0.00106305840930796,0.019079281971981506,0.006581188841490501,0.01754387965070854,0.010090444835746873,0.030383930319101433,0.009477423773703069,0.031986008434006494,0.006612140269091757,0.011445472328613366,0.018717371783489794,0.004597520601937813,2.4398491581249165e-08,1.7933093652922985e-08,1.231918586024239e-08,0.01708511973162894,0.04349297196826785,0.03323229224559597,1.4562072083044453e-08,0.0035943003466962784,0.04156218927780946,1.3370983189933004e-08,0.01496646257174172,2.1156904659322682e-08,0.015803747628130468,0.0035687944702751926,0.04267284115869784,0.014204783356718953,0.009522561027041753,1.579540435111948e-08,0.027434020394962993,2.463205308134177e-08,0.022785770697690593,0.04234301136450713,0.016070488543589,0.007566794504130941,0.008280933552785296,1.4295248977342084e-08,1.1395193746885389e-08,1.853386211584584e-08,1.3928218628150269e-08,0.025712495037741076,1.1283801465000759e-08,1.676984988522024e-08,0.005648432010408699,2.4336765212509137e-08
2020-03-11 00:00:00-04:00,0.03928289597334067,0.0072509837017820265,0.009517246722016605,0.0259427174392885,1.5970843327349396e-08,0.03747527465681082,0.01705696949192543,0.033256750345360894,0.014684259767237357,0.0022022121907151995,1.1112960977212485e-08,2.245110070308201e-08,1.642574761753671e-08,2.146002625337387e-08,1.2574512578257512e-08,0.011060962115563051,0.019410358426499994,0.0021658915086416536,1.308598367481082e-08,1.674509072898463e-08,0.014028352150866605,0.00374448208024364,1.0968721658703145e-08,2.275134990607031e-08,0.033999103380773714,0.003662707161405364,1.8058507846492145e-08,0.02087256171586363,2.196066375575798e-08,0.016125328782272852,9.7482115916872e-09,0.012568059761760708,1.7125002794861475e-08,1.2589186108502456e-08,1.8864791216969822e-08,2.2508437122597738e-08,1.1563332863087981e-08,1.3591968427219731e-08,0.018542187928375038,0.010203089304062352,0.009512920203808797,1.0823990798346716e-08,0.026482673005536222,0.009301883119725749,1.1184475179502567e-08,0.004432145389259297,0.007745661968085408,0.00019987185119363997,0.02123381371328031,0.006498995404902942,0.0184244437440388,0.024041174791143823,0.0065086939468339405,0.02384436562517796,0.015068964572013096,0.02044987446030444,0.00920355505577197,1.743877541028706e-08,1.916752712152938e-08,1.7197453875096314e-08,0.006653847028788896,1.0528511931261542e-08,0.03917245382471486,0.03674579280843844,0.002931113982039145,0.005612368148833129,0.03838142032150781,1.146256025637361e-08,0.019935974972635287,1.4317774821415662e-08,0.024883993570655048,0.00295036476048559,0.039544323857482314,1.0550967886007751e-08,0.011101015268412059,1.964668574921967e-08,0.026694739366330662,2.2316098802968633e-08,0.028117941312536924,0.040950866511502315,0.02163515035498537,0.01961497550168807,0.008826803065016441,0.01777044176315334,1.3014479595979307e-08,1.3833515940909123e-08,1.9153661874752268e-08,0.0217006589033102,0.005433185294383068,2.1122562386013477e-08,0.025340574054620934,2.2497274915297702e-08
2020-04-09 00:00:00-04:00,0.03543925626130822,0.017418449497093563,0.005214847165238668,0.023057869672771025,1.51239346152897e-07,0.033476530497931964,0.02485489861465297,0.03370607073542099,0.02145319098222597,1.3914332138270806e-07,1.4344780343627536e-07,1.4746050315235838e-07,1.4153821167445417e-07,1.422839966773409e-07,1.3949690086896793e-07,0.010555011431030418,0.038618039944763344,0.0008572680328876462,1.4648560544493103e-07,0.0036941757188578414,0.01490643144615809,0.0013410833225285686,1.4961079393584599e-07,1.5127381378403174e-07,0.034439402173069775,0.0028979015856247215,1.3556436961826922e-07,0.022302611929868633,1.4631343018018828e-07,0.0191591174876485,1.3981728142405513e-07,0.006009539524240597,1.4745370566931353e-07,1.3591663753767673e-07,1.4961552273731465e-07,1.4113804493163942e-07,1.3606821029266115e-07,1.4142821354609447e-07,0.028659089757575466,0.00895613507014216,0.008086555093876308,1.4175450046971098e-07,0.005355180472550104,1.3932252342795307e-07,1.350000910852297e-07,0.013694838274776593,0.018326674166657286,1.4032313419111238e-07,0.01505987348045026,0.011886848908650724,0.02547080850310761,0.029008351217482662,1.3856437875433405e-07,0.020573709931203766,0.003310674118967676,0.01490997686978626,0.022276926913382,1.3889828168483426e-07,1.3860304016034545e-07,1.3629451430900598e-07,0.013643894428059631,1.4088744697427965e-07,0.0352661054236753,0.0317788080212127,0.01081328645809204,0.010050126965857628,0.0326041836188747,0.005850486148278864,0.01877031533957024,1.3249251650189554e-07,0.021536955299141052,1.3596235105652242e-07,0.034625646170480806,1.4417754979118893e-07,0.003195576781575008,1.3955648743954342e-07,0.02277695686488637,1.53070295622951e-07,0.01044486715521342,0.038482097885736026,0.01991786222233652,0.02914705691105268,0.005189874964174038,0.015100374368638474,1.401125012354391e-07,1.3177847363069216e-07,1.404216400145573e-07,0.017932213754224064,0.013399378127791118,1.4295031684769093e-07,0.03449121367731332,1.4467422079501612e-07
2020-05-11 00:00:00-04:00,0.0367305419788229,0.024853632948935844,0.011692970111229576,0.02906843381174722,1.2530612367759948e-07,0.03461040229733003,0.03659845015394327,0.02541846533611439,0.02751781965440601,6.770960498818491e-08,9.270219323537498e-08,1.267425529611328e-07,9.020332472248745e-08,9.13580600476091e-08,7.431324196497851e-08,0.010985074280444916,0.03421234321329149,6.818152926520827e-08,1.1396994140269551e-07,6.921398651779156e-08,0.0057034999989505775,6.017718189794432e-08,1.0571107077936599e-07,1.2523985063977104e-07,0.028743484816220886,0.0139402869538514,7.309649693860746e-08,0.01985162257705735,9.112879655906715e-08,0.024841828112839637,7.387930975548914e-08,0.0019333536160936488,8.66263278779752e-08,6.476312423304151e-08,1.0927209040322629e-07,1.053414476365904e-07,6.769643910781832e-08,1.1950870742375757e-07,0.025745810876798645,0.020610051672226126,0.01977234605972498,7.031823144575633e-08,0.022193841164055747,7.575778877668173e-08,5.2944678663431547e-08,0.02627555219195001,0.015169588136299463,7.954656251907437e-08,0.005773045313709365,0.01352953238140597,0.033756306004144816,0.016864157408795117,0.009997060374884816,0.015552990113591621,4.883238960263772e-08,0.005645406645971692,0.01744616115956273,9.134477648896537e-08,6.258575994319322e-08,7.042173892009606e-08,0.006001084131375825,8.129095658566487e-08,0.036459707353720144,0.0248521670908496,0.02265166047268826,0.012998073661728936,0.03372706845227829,0.003567207676272111,0.012182644934892305,0.0011314927920671322,0.017822975336384547,5.239186898122708e-08,0.0011520105635921692,8.717268625453657e-08,0.004173101234849797,9.022119190722159e-08,0.01232143862162111,1.2366087514799045e-07,0.01034184965102294,0.039632488333868586,0.02571036217133598,0.03138143696527327,0.006958309488147704,0.02146080442198968,6.689225719652559e-08,0.002811808958511949,9.87083801785747e-08,0.016971229075118405,0.012143500587419828,1.1439538180338889e-07,0.028510139669645482,1.1246088902771956e-07
2020-06-10 00:00:00-04:00,0.03393235390005082,0.01015510827380813,0.00983669089812042,0.03351990197664836,5.920678246160933e-09,0.03126256955430552,0.028948542947355493,0.024747199826645715,0.03768188766173954,0.010454518916412196,4.165897758468107e-09,6.197262509701079e-09,3.106670919530417e-09,3.5177379085346854e-09,2.9613625281747355e-09,0.022527469238073052,0.03603568396259203,3.2660161608464636e-09,4.392337393402375e-09,0.006802815828098302,0.0012439880587408764,0.0009450461834162727,4.68243261572516e-09,4.8425917072964796e-09,0.020255167792340472,0.010036568566877924,3.964661692944842e-09,0.026982971585109972,4.392180912415714e-09,0.021526643777861745,3.6770765937675775e-09,0.005966484653030571,0.0024209142976082502,4.556544447286253e-09,5.272625304999001e-09,3.792874893435267e-09,3.2199125101844908e-09,5.254754673005073e-09,0.02314609927330032,0.030234355893902807,0.029506732259061193,0.008775225060003744,0.026177061265847523,3.5068912609296914e-09,2.6758853610941837e-09,0.028804793418702478,0.007745058826680175,2.9857992700161656e-09,2.8698505873895933e-09,0.005632511269241998,0.031156935267654028,0.016584660846931196,0.02883017015644126,0.011908671574326145,2.7613763099825024e-09,2.755059756876297e-09,0.00016854681353648866,4.499362847499599e-09,0.000292276978326676,3.7117800156937944e-09,0.0014180173993683313,0.011515594384636488,0.03353464727852081,0.026376359071602413,0.02207524965809592,0.022056003693470796,0.029864714188178047,2.669659701841267e-09,2.601799985377267e-09,3.790055282888235e-09,0.010719389556000158,0.0014386495415194187,0.024190858699783362,4.05000986037813e-09,2.7731357484739003e-09,3.550770249944021e-09,0.009641148171996626,5.9804376000880676e-09,0.00857945614925472,0.03738007002416947,0.021614239564809325,0.03073765480074293,0.01495740324985305,0.02078466185383784,0.0015399316950389151,0.010379258316194942,4.9794030398939e-09,0.012402764556065763,0.008614161723715036,5.689621021046093e-09,0.015933995258409293,5.291761816441978e-09
2020-07-10 00:00:00-04:00,0.036693528402698794,0.014106624564329904,0.016055082511428297,0.034791543750175805,3.4266322492321502e-09,0.034751468638790695,0.03310024785849261,0.023961538114173366,0.03998339739717992,0.018337242837326653,2.395047626109829e-09,3.54915258217604e-09,1.900666279338426e-09,1.1780244202663216e-09,1.0700088295287507e-09,0.016789838658434152,0.028422039040502885,1.3130581538499331e-09,2.5404160287261932e-09,0.0037127017579591188,0.008943936064176202,7.925408508948576e-10,2.94684796994232e-09,2.8764054118217946e-09,0.022425319054928214,0.02376769022932927,1.1712346863599989e-09,0.01618537604291035,2.5065787933647607e-09,0.026821938635022892,1.4561722025243743e-09,0.0002590674573574848,0.0014456445160191656,1.9021698321385284e-09,3.0906618404518785e-09,0.003362529008776336,1.8038734598717132e-09,2.8413821457055953e-09,0.019242804273807725,0.02681829932612087,0.02707845131594943,0.001516234405041788,0.018195434289281286,1.569136822890552e-09,1.2184356247675052e-09,0.019192957302158965,0.010460998811490853,1.6317162927111583e-09,1.0970940839208088e-09,0.014189926113614902,0.036641982178307,0.001967465441326538,0.02569014541049829,0.009274830437398867,1.0492315637974299e-09,0.0004611992047786251,0.0005093826561347357,2.3518488969810993e-09,0.0024713444757237706,1.1771387591126478e-09,0.0019528762713620187,0.011310304733361497,0.03638447979510861,0.021690143516959165,0.02864085213279426,0.014097582332468944,0.03393173562721823,0.0031679126662813102,0.00684948230697543,1.4008779925547845e-09,0.014718779395970617,0.0005345738259281118,0.02303676930110752,2.3247392136885394e-09,1.3049934536160146e-09,1.3506786343570029e-09,0.0014560647025069235,3.539015275522401e-09,0.0025171841885230045,0.0327446007870862,0.027445989028226814,0.0288857446371124,0.014602874143651044,0.017527535880575824,0.005226835586275904,0.018544596085434812,2.7529537985073167e-09,0.010154384615383953,0.00772348699878569,3.382558981673082e-09,0.019226933217430478,3.132771272761587e-09
2020-08-10 00:00:00-04:00,0.03548112385101229,0.014853641361559032,0.014429312671435402,0.03122144761302054,5.2914516061164936e-08,0.033730887668269066,0.024006729720096154,0.013106823409377952,0.03899907241133455,0.015297402984270021,3.3473792582895185e-08,5.815122004734692e-08,2.1804914353290628e-08,2.3598568783338577e-08,2.1080323928651707e-08,0.023787067388053446,0.025582487674516475,0.003702021690084027,3.853610603663296e-08,0.009953741484443411,0.008529530533184167,0.002161702987616562,4.3940526884956125e-08,4.271078868347614e-08,0.020498617725976262,0.02572490693688699,1.7340864379536282e-08,0.010410695789118263,3.72433854566461e-08,0.03150717666025503,1.901510909690659e-08,0.0009393509403322474,0.007845507386344586,2.0035740393686952e-08,3.582546276224204e-08,0.0083430253791783,2.0025490767356823e-08,4.3703629286622545e-08,0.011546337275291363,0.016975924296879046,0.016990772481446655,1.6685883636350413e-08,0.020126616621093663,1.5394563413973218e-08,1.62601689359054e-08,0.0002014976309909205,0.013862350778305497,2.100272937692641e-08,1.2095963308324773e-08,0.02051771724288752,0.026381169035280642,0.004029311221203776,0.03252700315237583,0.011460398746655916,1.714740249936815e-08,0.003279081843640716,1.2139956204680212e-08,2.9182948180651174e-08,0.0005391200051834212,0.0007210661185140068,0.0002477588878975615,0.014280729184853116,0.03319048386163678,0.025291964429149834,0.03724239313415125,0.016883061822468202,0.0326424745042684,0.0016664453279722838,0.00656184280598986,0.008223852730255846,0.013834347864297087,0.00020305384658042864,0.03356216757746761,3.383151724250466e-08,3.1336574737025266e-08,1.8150236676557197e-08,9.312789668047252e-09,5.5731228665367916e-08,1.1875695340823986e-08,0.038266020067332464,0.032767233559592435,0.031743479583165445,0.006192648601488767,0.01917163313760768,0.00698301746038335,0.02705545279768117,3.6352700488954816e-08,0.005976772444916977,0.010227776085443152,4.5333749066059355e-08,0.01851379797270738,4.128764418863276e-08
2020-09-09 00:00:00-04:00,0.03971673564655706,0.018080011551006688,0.015164330053833781,0.037994123285778364,2.31586109425562e-09,0.0381253963527968,0.0174399053697352,0.0093190128608131,0.043164620551769284,0.015493770423725933,1.1467531629747824e-09,2.34409176250141e-09,1.0163021245076585e-09,1.2387032518702964e-09,6.892136625424812e-10,0.020331364124528944,0.021431581069472846,0.005501648260280885,1.59482266511046e-09,0.01513140277702996,0.007213566365462817,5.582269079324349e-10,1.552746099267259e-09,2.104459271126281e-09,0.013742659122083556,0.03648648368526241,9.718816802786118e-10,5.967250736714337e-10,1.8433122836551758e-09,0.02885537950396997,5.946875826349225e-10,9.548824014355503e-10,0.006474404246764841,1.3919091805966717e-09,1.5455779853311582e-09,0.022082351856520736,1.3208768714365046e-09,1.8726914825020018e-09,0.004563620927669671,0.01929674803599168,0.01869912948291646,6.725983005718253e-10,0.012313653488090135,6.645841488006145e-10,9.007826216225895e-10,5.02334729492161e-10,0.016653714344950252,1.0453308684165572e-09,7.383104663973272e-10,0.02310774784816725,0.02696821291218126,0.0034003832522343466,0.022577825080122342,0.01115656745505203,0.0015648760508933394,0.003294149388904858,0.00021114684104555346,1.258174289857798e-09,0.003341491118199768,0.007847288173281413,0.0048567281684495965,0.011317013575693133,0.029947120669173453,0.020978501643431124,0.04238299077986273,0.020270133556393982,0.036997818735888255,0.003076437383428497,0.0027341971063070346,0.004037673284856387,0.012890550477567146,0.012042061552623735,0.027636534330694573,1.7268269329596614e-09,7.801845180847684e-10,1.0883768406815622e-09,8.566711594454208e-10,2.3675837567175517e-09,9.847705086779473e-10,0.026719838983613024,0.02793803681117948,0.028002551216010155,0.006804529493895549,0.022766302111483273,0.011984549206012596,0.024206340692405574,1.8860398039479715e-09,0.007646295568497992,0.009184257302898022,2.3288304925558206e-09,0.018834190194792298,2.1927679794503643e-09
2020-10-08 00:00:00-04:00,0.038723067138175346,0.020624016556163666,0.012474848908634269,0.035284698587408875,3.789003040977283e-08,0.03746227850072635,0.0187434548878494,0.004165253073917418,0.04014899867308632,0.01876174427446149,2.316476918778241e-08,4.7654298760803657e-08,2.2693049057487335e-08,1.8058375843972735e-08,1.9194376869207476e-08,0.021992319818935305,0.014966653752626482,0.0024170590484624706,3.4333150780904194e-08,0.018131286649500786,0.008713836048705336,0.0021627338032269433,2.8668003346924485e-08,3.4404037463113884e-08,0.015595730501472739,0.03429095162882567,1.3570520182741387e-08,0.0008559438184295915,2.8423869637653756e-08,0.03155121397641432,1.638813630886096e-08,1.1815336487898176e-08,0.005253611057424728,1.9378339481648228e-08,2.3414390831996563e-08,0.03882048092631713,1.892657330575671e-08,3.0683400642374924e-08,0.005687358525680066,0.01187338159562659,0.011700073009797654,0.0006018808016434829,0.01317962632028225,0.005222292112192904,1.5801616106673028e-08,0.0020863279376479873,0.00992659178135857,2.119376917014396e-08,1.1702091190373904e-08,0.016535637107044403,0.022627776020323905,0.0013754115839040388,0.02716862226405555,0.01373473443692913,0.0053249744819305715,0.0032231494314784647,0.0010419700882853143,2.4529005772026458e-08,0.008522711313453425,0.004083155654377273,0.00022977446543614844,0.01072625117935768,0.025736711131303137,0.016866454739927397,0.041038760139150456,0.021970329077007477,0.03648375041934862,0.007572820023272456,0.0010601261106761575,0.005244040147690996,0.01191261379740737,0.005651383752789811,0.031958754765930394,2.6865578508395973e-08,0.0018138797682969215,0.003908622239453203,1.2722880148448565e-08,4.319209167825407e-08,1.5598691069511686e-08,0.026792470441913047,0.03273344558641433,0.023864606840665513,0.00977659311714441,0.023012561501565425,0.019122906933062556,0.029989108838340117,2.7036297669097593e-08,0.008629803334980585,0.004563200006539256,3.2659080202794134e-08,0.014284486893303746,2.978936602603788e-08
2020-11-06 00:00:00-05:00,0.036089417881963536,0.022589975564968032,0.015366950828090713,0.03387102858933873,-5.030893307992589e-10,0.035010718702648054,0.008395569175015062,0.011346901566388234,0.03887132572550501,0.014354726040433207,-8.211519509025065e-10,-2.2949093114482625e-10,-6.563632139872137e-10,-5.156964914457626e-10,-6.883361785875066e-10,0.021269014736770245,0.01304141775133781,-7.403693140328003e-10,-4.3604179080550557e-10,0.010867914652320218,0.01866062408708918,0.0037464150282797014,-8.209840296822921e-10,-5.535847835472751e-10,0.01956855950468868,0.030969424578415113,-3.827074397807014e-10,-4.925290880296557e-10,-5.309393937368886e-10,0.038743446181669826,-8.396025903225215e-10,0.0054921782255505855,2.1331372014368044e-05,1.5335693019045597e-05,-9.176767817350568e-10,0.03488105332903529,-5.806353118801635e-10,-6.298005010781695e-10,0.001366285645487577,0.020791305066081185,0.020730835552807646,-8.632800062486882e-10,0.014308014099984149,0.003883204066566145,-5.95398965790476e-10,-2.6993174420430797e-10,0.009360981659510992,-7.580646772884365e-10,0.0010804559620911152,0.01613812819372824,0.019589667522777354,0.0013764311038604597,0.02609668802688877,0.010319095661575248,0.010262800537392414,0.00785054231105763,0.001722371448895276,-7.765523754930965e-10,0.001175705108615762,-6.368946489976079e-10,0.003198562727536172,0.0053269840064853104,0.027944008190386286,0.020266995955645847,0.03841347075558377,0.025607737902085835,0.03391958719861736,0.0038931603876305515,0.005406883042719607,0.0045853783977800495,0.015285454422151047,-6.449923252496601e-10,0.03508503708832374,-4.6008086259244053e-10,0.007389601971083818,0.00015490389346577664,0.0025817443788312927,-5.134928960413649e-10,-4.015324966428264e-10,0.02711845055355658,0.0378710936641271,0.02441123386686288,0.018194626710224548,0.022844347290043022,0.008192206008516667,0.022963497993409573,-5.988563441165202e-10,0.00805182709825873,0.005244825536833032,-2.2726522656110908e-10,0.016822557189636,-3.430193615442943e-10
2020-12-08 00:00:00-05:00,0.04001147562767799,0.016617833380218463,0.013914430770865112,0.030655420621704177,7.2154765763307174e-09,0.038583803277699086,1.745844383804795e-09,0.0032760200005519232,0.04250500209094221,0.019493241788306047,2.58142513156062e-09,9.343642941403008e-09,5.147581687074494e-09,5.026998733373873e-09,0.005035942995354289,0.02453336505300571,0.004983704745110329,0.0013183733420885863,7.578598347281411e-09,0.017056173583064525,0.018460778614170677,0.012109100911631816,5.276967597319426e-09,8.16999946266435e-09,0.02045875736570139,0.023266517101162825,0.001175301616656131,0.00016156793952498742,6.118478457611118e-09,0.030604615141751765,0.0013739511161254085,0.0038322980335912253,0.003252914705761863,3.3568314456221953e-09,0.0011876847936207453,0.040258822239795725,4.247158553159812e-09,3.6363021902436986e-09,2.099897669491141e-09,0.020243001883310702,0.02013307659615221,0.002260765618129203,0.013226022958881494,0.013256820838195255,2.520168353318395e-09,4.617525509712823e-09,0.007061408802318857,4.041697356083118e-09,0.000541855214995639,0.013604517647450368,0.016748976702056217,2.5965855962971416e-09,0.016543193985690135,0.008483884552774809,0.005239908996963207,0.006884073018921373,0.00014377794929860312,3.582150346520375e-09,0.0017882342628983,2.869601977473004e-09,1.994143373558227e-09,0.015696459310970252,0.022149154465521216,0.016425616928191403,0.03697760587679093,0.025294459431492857,0.03734628281160588,0.005939514422598671,0.004922620418812624,0.01285284492189133,0.009506992272651447,0.002223476794748979,0.03932610808980077,5.53986481322607e-09,0.010198084311433257,0.001852431872287898,0.0010462977294055525,8.121650996664198e-09,4.12781848843677e-09,0.025249817373237237,0.028416748051394308,0.037669969520485964,0.021116971567133134,0.013658882970818118,0.012400016199952516,0.027438563378974993,6.914288590171282e-09,0.00890031385078475,0.0052066608887787295,7.639953992154522e-09,0.017897357866673413,6.855861838399787e-09
2021-01-08 00:00:00-05:00,0.036761041206963455,0.01974057575575514,0.017897110828687772,0.022827582690870887,4.704675481278399e-10,0.03542345397411372,1.664194011087743e-10,2.227165714968084e-10,0.04049480626384284,0.0266100023513345,2.599393598100396e-10,6.296147701084219e-10,2.9864237658505476e-10,3.059857216403106e-10,0.002890462679347981,0.02883513494345338,0.0006507720675503839,5.675414603722556e-05,4.345531399765503e-10,0.02169537825295465,0.014677414853822901,0.008068449315595163,0.0001173182404930448,5.636932533851126e-10,0.020637209858810786,0.012072991051674217,2.2823049287896858e-10,0.002165450478050555,4.354702436698712e-10,0.033528903438539155,0.013131384971446145,0.00045886860787551075,0.0023857110948314743,2.7380790438357977e-10,2.265768463660335e-10,0.03282796198061675,3.374257087566349e-10,3.2179255900830605e-10,0.0001828351380430198,0.016224361516153748,0.01549871267291634,0.012822472588158995,0.011852770360853618,0.012871706705132848,2.0797174889391256e-10,3.246641713253486e-10,0.009977244332782565,2.176422744985832e-10,2.2447612557430136e-10,0.019748798646214104,0.018016875357715473,3.5022740710047675e-10,0.019791397061712193,0.006174337605611464,0.0013761638405269487,0.005125997768491174,0.0006147600739332456,2.87513432919518e-10,2.2110388920600055e-10,2.6308806432592264e-10,1.8360638992432858e-10,0.025764642368674075,0.020808251498434637,0.021108152594167828,0.03133539060767676,0.026796929889396817,0.03393718090330748,0.010674505337563388,0.004099149923169734,0.0027392716497855784,0.011135629605979433,1.774853418869085e-10,0.035984367701963296,4.971926694616966e-10,0.009203184613345156,0.014569155466035875,1.88549523462171e-10,5.684124501962621e-10,3.585551229419968e-10,0.036289258906935976,0.033387006992085064,0.03926133144009392,0.018410562066483116,0.01344851090183657,0.01173667696621785,0.02589793290601079,3.3939233179704527e-10,0.004792003072713196,0.0035232587950143296,5.534722994941297e-10,0.020864462411661597,5.184687307768858e-10
2021-02-09 00:00:00-05:00,0.03626992262552669,0.026458996696823726,0.012860259917390092,0.018477627483188815,4.846486957591278e-08,0.0349559821745695,0.003603039568822294,3.3914244524592796e-08,0.03513599243754262,0.02890921642910644,3.552969185077782e-08,6.168888050487766e-08,3.737918260796961e-08,3.4857401276576935e-08,0.003868158032010676,0.018047386243458117,3.247151426204849e-08,0.0015644678818356992,5.01942743921899e-08,0.029797499823869273,0.005183739555802758,0.010917671742206607,0.0032372681372269275,5.302460213538306e-08,0.01355952492253897,0.015497390095613758,0.001388179807541102,0.002806435554936722,4.4722764330184786e-08,0.0281195522087238,0.01968684957118755,3.291757713826818e-08,0.010416865812955377,4.2353076513539995e-08,0.023938565339937705,0.03550706611077652,3.885641332659039e-08,4.587893588917502e-08,0.0037350372956804854,0.023860779807959587,0.023468794208673992,0.014607165977862574,0.010401493165167712,0.010362223152665427,4.334882315400002e-08,4.259369335647922e-08,0.008573591430493164,3.195244455288608e-08,3.697462695150436e-08,0.01266103381720727,0.027285096149748216,4.406931801396649e-08,0.02604368423397985,3.399116492130781e-08,3.538299220286904e-08,3.006289474795509e-08,3.2025998436952935e-08,0.001059569160078184,0.011153461219948908,0.0009662443752740645,3.4509336996476316e-08,0.01876572180462005,0.017716473374616997,0.015538103923466488,0.029611320676311097,0.0264231117457671,0.033535565887612355,0.010050294144426855,2.8746729824310824e-08,0.00040381235409999106,0.003310828237358398,0.0017120644018674461,0.03540524678413196,4.958922915551518e-08,0.012932715880274065,0.010734144175642642,3.821376035904268e-08,5.3471172110495175e-08,3.9541430672008135e-08,0.040008658662805695,0.03162788976848969,0.02773206063756543,0.021650834985162026,0.005970761013151655,0.00666846949467612,0.0365570922469992,4.041709342247914e-08,3.272980981398822e-08,2.934020255333114e-08,4.9486872889195445e-08,0.019257635474856667,4.496456043520131e-08
2021-03-11 00:00:00-05:00,0.026642757508065298,0.014874935135555841,0.014494447848203574,0.0024565095425249043,0.0018098266070959582,0.02652211101445583,8.747706285655468e-09,1.238736875729175e-08,0.026543688562458576,0.025759170304168466,0.004989809560948412,1.175195471241034e-08,0.017284360503107332,7.077563838627315e-09,0.013570481533404465,0.020742132094188452,8.884060699696352e-09,0.0022883845603777014,6.4795242578795435e-09,0.04002379328683435,9.581534692865711e-09,0.015515407842060885,0.016621768578164397,0.024835053681560405,9.76516353543286e-09,0.0024870951883171066,7.542186888519844e-09,7.505048900481407e-09,0.002610369180788138,0.01699558655775524,0.0284168282947189,1.1846512074955056e-08,0.027568798800985207,1.300881581118374e-08,0.037671111044167364,0.038201547411729916,8.694676309349904e-09,0.011679017190686907,1.1663069989549262e-08,0.02237810825337747,0.02172381444974955,0.03328761310725431,8.058862013037672e-09,0.00287861868123014,1.0669107289373089e-08,9.037779544593756e-09,7.897833510933657e-09,0.017224513491513917,1.1370053072118368e-08,0.017161132017891125,0.017814098100277332,1.259279992596914e-08,0.02198433936854737,0.0035864809120701962,9.919793373519713e-09,1.0407211361721901e-08,6.179219444173761e-09,0.02743956992355463,7.385146936850749e-09,0.0004071683681380573,1.1693119666624512e-08,0.03433655142987974,0.012069839188399814,8.372430347878223e-09,0.011742484331227323,0.019696276644412147,0.03496814581124267,0.016830636259902023,1.137541677316166e-08,8.744587180762873e-09,9.91258640799187e-09,9.490704118474196e-09,0.022589443689816788,1.1389236601097198e-08,0.010880748731838271,0.03841969181935074,1.219858848049794e-08,1.079944460277585e-08,1.244618414366038e-08,0.029157545311167193,0.014959366481695916,0.01707251243599524,0.01733526951050258,6.750921629277241e-09,0.013297118585300347,0.03689914657521152,0.0076280909374425235,6.842375627354914e-09,9.882978187129891e-09,1.0377534922632071e-08,9.18101472451996e-09,0.01562630600097418
2021-04-12 00:00:00-04:00,0.03393466313960827,0.0038013267738018874,0.016905440757006205,0.011635771649093869,0.028348662155689642,0.01737873505469033,1.7984855693820284e-09,1.902659162983746e-09,0.016050810813730425,0.028183358085754322,0.009921925559044567,0.012560745485812262,0.016725531431768074,1.3321999146008659e-09,0.019081230228045653,0.024457441660093025,1.8619531723581147e-09,1.4146546263635585e-09,0.013226844899976385,0.024469278149689782,1.78099328041723e-09,0.00201251652078113,0.03378886482332061,0.0014165862201004405,1.598266907906944e-09,0.007661742028005252,1.5372249833519586e-09,1.5659892268051151e-09,1.585560788737642e-09,0.014014383209836268,0.02456059560994368,1.687574800419213e-09,0.021911318766138298,1.5588307757071618e-09,0.03573153539204179,0.036933075403833865,1.3704144908176087e-09,0.02395454946769222,1.8662328058460805e-09,0.027573160612363,0.02717021290122784,0.02654206190427536,0.01681127519676161,0.013719666626292051,1.6429187539561161e-09,1.6105528572273945e-09,1.8014478116210072e-09,0.015562686144607386,1.7895382960779114e-09,0.008071933891876121,1.6630192820545975e-09,1.829403620893154e-09,0.039208018013735045,1.4478077257337897e-09,1.4791937664380997e-09,1.7918273664677852e-09,1.6520349230567144e-09,0.02671153606313489,1.3564544413410266e-09,1.382296941046424e-09,1.880760945873079e-09,0.03543390302743355,0.010056358928761474,1.4521202468608238e-09,0.007532751975574461,0.011731029323066303,0.03827886886006018,0.00512933579022757,1.8563643187361567e-09,1.7756933153562035e-09,1.6825016988395246e-09,1.5350908415514551e-09,0.0299422147361447,1.4828494832932243e-09,0.011722430127432851,0.025254014221939333,1.8094088433491915e-09,0.025262645824262762,1.8005601792210267e-09,0.03448994918833951,0.011093338260102297,0.0053425193962886395,0.023148551309217023,0.001898349555636044,0.00641223643748304,0.025063068833872337,0.01217088402131385,1.6316538456368219e-09,1.841760942354155e-09,1.3317014457123512e-09,1.708375100077643e-09,1.3947189529275535e-09
2021-05-11 00:00:00-04:00,0.01703959101137055,1.2987332865058426e-09,0.011724746096860262,1.3413014960651655e-09,0.026142644089452664,0.005198953804595884,1.7110169117014814e-09,1.7793374628978034e-09,0.0005038187631711588,0.015652024060322556,0.0202074150977069,0.015026190824263829,0.021552128073179026,0.007465368401888575,0.009605040697795181,0.021718691041723817,1.713618421747987e-09,0.016041435136009134,0.013711749840468329,0.039583906326803,1.3967646063835282e-09,0.013835336566177971,0.0371067270327379,1.0701918202186454e-09,1.2787341954140665e-09,1.5066309340774985e-09,1.310059031526069e-09,0.0025710731041318872,1.3904296492898921e-09,0.016353382634152678,0.01696683206726134,1.1626905034548332e-09,0.019161432339908743,1.374676446568018e-09,0.038707051447554604,0.04015290000434717,0.0061026265276576475,0.034579859875289644,1.742351683044335e-09,0.018820013174456997,0.017239348169858747,0.03156577101343891,0.00863933648433811,0.01822588369670119,1.3234772186224034e-09,1.7685479414831681e-09,1.5146736826261609e-09,0.020721483202258535,1.3803127974633675e-09,0.014618578787654815,1.2827261068415972e-09,1.7150647501874165e-09,0.028322096640308127,1.2836767064455765e-09,1.1524838809913839e-09,1.3685003293243413e-09,1.2133023703306292e-09,0.027798625652874165,0.004989343765240644,0.007844580901458962,1.745306236645326e-09,0.03828710731171496,0.000508866033702772,1.2038466156267534e-09,1.7334400879935385e-09,0.009294077291766446,0.026107244846333685,0.010650227596305246,1.645270938941926e-09,1.5104361683104457e-09,1.4253712879782494e-09,0.005633115255134016,0.015153952480037702,0.004576815030624286,0.007074795290634548,0.028944948223427733,1.3343867531371974e-09,0.03566441631847294,1.4058255680509427e-09,0.029053438181815508,0.004228769568489319,0.0019815999604979166,0.014542893311466246,0.008146215413440983,0.005889672777290234,0.04193049930667712,0.02142891677383865,1.431992423279143e-09,1.6938781294701061e-09,0.022131229127839887,1.5383501525506913e-09,0.0032751627666144237
2021-06-10 00:00:00-04:00,0.01754391454325169,0.0012579387615257432,0.010695318657578272,0.0055714853991434355,0.011519480107189924,0.012964943599746698,1.767520239208481e-07,1.6463737449325193e-07,0.003450622103597336,0.019198711839806655,0.016950215546018714,1.86421856421259e-07,0.018371039889777476,0.0015129790058272651,0.003340008839928194,0.023410065251122495,1.7838091940698672e-07,0.016543877421373265,0.007374901134998626,0.03339333881585614,1.916781213279329e-07,0.00955888507970289,0.03767262978448061,0.0010640313534758896,0.005965147938338869,0.009379264019619834,1.8856726786041243e-07,0.0030633930370287396,1.7346364702304762e-07,0.015036435625957462,0.012822629859748514,1.9511421843701316e-07,0.016408240596198664,2.0457373356945115e-07,0.03864065799994561,0.03952845939834418,2.026053525070234e-07,0.028991122444620616,1.5967962017053297e-07,0.030067687513556447,0.02723939583182792,0.032699961935663796,0.00057412813196794,0.015473273124733102,1.9859404540444586e-07,1.717956004746588e-07,1.865878295374891e-07,0.018158043654164537,1.8531063971672728e-07,0.010245831291004905,0.021934822044253663,1.6229139145541314e-07,0.018311594098123347,1.8306887992673072e-07,2.0191123014728614e-07,0.000729807495063167,0.0030426108710433293,0.02326410324741672,0.002845640840335414,0.004165670638040229,1.5717255080060065e-07,0.037147628585750096,0.008981810140144975,1.9293041743551607e-07,2.0195234668996828e-07,0.0051263123208109855,0.03984081208075998,0.02428862591679747,1.855985421327087e-07,1.9583343532857612e-07,1.9736107269063306e-07,0.009927343202434649,0.018134314426313455,0.003073399356405631,0.010149218234328279,0.035339953468865204,1.8215411357773104e-07,0.024906709232807526,1.598564975588325e-07,0.04131862987272173,0.006139648558797577,0.014506606433230455,0.014618811618291181,0.006968690806329775,0.0026830883405053,0.04023399330707511,0.014243396068948786,1.837230192359649e-07,1.6573065578949517e-07,0.011486324978000808,2.0349144429041353e-07,0.0008970342327509832
2021-07-12 00:00:00-04:00,0.013349039425128603,5.502130533611039e-09,0.008198545676526012,0.0005777671200704093,0.021422471672300675,0.017045666315132768,1.1507370910635864e-08,1.1120557788908807e-08,8.559911943372977e-09,0.013834955658753725,0.03148007289432463,0.0010375087132823216,0.025594548830522968,0.0027575011512208326,5.9649908512678664e-09,0.020839393803576883,8.155719035866106e-09,0.015144831595861176,0.005521385779071602,0.025122713741676597,9.002599197734633e-09,0.01142971486467551,0.036943150229950525,0.015889064786025767,0.0006426836851653914,7.3989401949896295e-09,8.447752486219948e-09,0.003237579814768088,5.638065765599421e-09,0.01314081970832386,0.011604717917234381,0.0007819823527468937,0.02035523219309507,6.313611549674177e-09,0.037974809890978366,0.03313458078613339,0.005838365004749883,0.03577206370235747,1.1351799090565643e-08,0.023573443207084745,0.020247337054662754,0.03246284342712463,0.0013340444094715196,0.01716567256173645,6.041952756044598e-09,1.1704271688847115e-08,7.350619138078026e-09,0.02380619417465208,6.145510564598637e-09,0.0008084180396722044,0.00873072341630884,9.037003131211468e-09,0.009660767146722964,6.670972984865624e-09,0.00014094272126635273,5.975768609296959e-09,0.008162882066957491,0.02197107161383448,0.0038075584139704867,0.0001898893093984212,1.0355002631646183e-08,0.032893025436327765,5.405134734693812e-09,7.540060575815806e-09,1.1244704836142247e-08,0.021699883297547615,0.03341029696464227,0.015196496438303394,8.887679533475571e-09,5.528758043357731e-09,9.086174611126147e-09,0.011746814317149983,0.01384209483958342,0.011030442459742171,0.018517954797802463,0.03780882063050304,7.082435181566494e-09,0.03638186670643864,1.142257720350783e-08,0.040341025893576625,0.002879547171769627,0.004334704008476886,0.01083381235073377,0.008149585072403993,0.002245193028721514,0.03348819693056196,0.021795595360818494,7.064836637926383e-09,1.0767445408251293e-08,0.027823064542487366,9.997074933931102e-09,0.014848368522057431
2021-08-10 00:00:00-04:00,0.006030431079313078,0.0015073904761920514,0.010249883252785344,0.011229815004217148,0.025560937204579578,0.002989880095948859,3.137360104335147e-09,2.4693828999536536e-09,2.987470214246824e-09,0.017500591569536945,0.025837067355922505,0.005632038534039268,0.018718716253822466,0.011941335206258442,1.2430545861159302e-09,0.01862654496140898,2.120000954836863e-09,0.00837094218409882,0.009757041003243252,0.019013567358160233,2.8745571169321584e-09,0.0093358443035357,0.03747561043654313,0.013279273328545725,0.007829429242374349,0.001329039924844854,1.6396706329966792e-09,0.0041208910873213106,1.2693428309664812e-09,0.017516266919000635,0.00732426151384408,0.004027844543225071,0.01784992454567389,0.0023400185954725134,0.03726229746195886,0.015538961372954447,0.005549387444871585,0.03802532732868862,3.000949685480168e-09,0.03233989442915513,0.031482102358211625,0.0357093673065542,0.0012093681277919217,0.014884612666393019,1.6485160156938357e-09,1.995553082123994e-09,1.6779444526750697e-09,0.020809622654511153,1.466174597430677e-09,0.0012776689345764705,0.030258110738829287,2.9979577129561257e-09,0.0017189070955220369,2.163066646910349e-09,1.8428903237569536e-09,2.170698491631436e-09,0.003842735507024876,0.01983161251255104,0.004155882068545557,1.488198918379059e-09,3.0326617663957036e-09,0.03806834847589088,0.009083611511844128,2.219615114558541e-09,3.088642090056108e-09,0.02622044686288287,0.03115942569862729,0.02423312868521027,2.0241869315728496e-09,0.005846912366410533,2.5774290549702396e-09,0.008134517267733501,0.008915761225523785,0.011986628224515485,0.019642164242246414,0.03817335809833456,0.0011358191019800125,0.03684065905110191,2.8959613054779006e-09,0.04018496100006537,0.006545182005097861,0.0014224051807203949,0.013300534517777626,0.005836704001589666,1.42371272887005e-09,0.0013184354674755467,0.017917627610365312,1.4612227117564476e-09,2.9694689433720658e-09,0.035209699061080034,2.1598104162663355e-09,0.009533164294382942
2021-09-09 00:00:00-04:00,0.007926495439593673,0.0016639834809826404,0.013634750480764306,0.011818738947937097,0.03555918687758199,0.00585405731084982,1.8455834876570343e-09,0.00046488480673235316,6.064278978200932e-10,0.012034946810806104,0.01553118000545177,0.00024409115970728813,0.02018351286409399,0.013885351207605989,2.922854198574069e-10,0.02518609962606166,4.62287925827089e-10,0.0006212063757345613,0.008124496257396929,0.008852391110621884,1.538918672065016e-09,0.008232808137072807,0.03846293740465105,0.0218457180334589,0.011293451018655346,1.1966979901561818e-09,0.015527229760536972,0.01411264890365387,-6.098152047887945e-10,0.026602762555308947,0.0065309431752514175,0.006858742969899343,0.0166866704296861,0.010832180504244218,0.031388138334618544,-1.8078383955754082e-10,0.010117008953344397,0.03917037980826179,3.607748716366926e-11,0.03485801135101475,0.034611156601611494,0.03959272743004216,5.36286719207441e-05,0.007092505526934989,-9.865487768599234e-11,9.911391600511635e-10,-2.405189386666459e-10,0.02042640530540886,2.340787898509455e-10,0.0019203320471177503,0.02819394537079579,1.8926350033735584e-09,0.005896678523245959,1.953432712753137e-09,3.7203141719248414e-10,9.542527662198673e-10,0.0031514790649542924,0.02188054278045109,-1.4797726780498544e-10,0.00030679802730910013,1.8147087734030483e-09,0.03906265742405683,0.015019223730892083,0.0009251337636995789,-4.676515273441502e-10,0.011357499422907369,0.03454298717352909,0.023305132716321664,-2.453281742443165e-10,0.010543207688941991,9.60901190024565e-10,0.008324490725693022,0.0033407389686683038,0.00903793945597802,0.008883199937915618,0.03916162627833168,0.004580405876638419,0.037456396693669125,1.9759390835426807e-09,0.02780532468314382,0.011275886099034656,-2.7771805969869206e-10,0.009592812576811,0.007352200762129043,3.971041621277791e-10,0.0006473922123812403,0.016184475725497652,6.329735447053517e-10,1.8174767754547316e-09,0.03073992593123872,1.1184761074808397e-09,0.013630119870206224
2021-10-08 00:00:00-04:00,0.0047273753966363815,1.6658566002417648e-08,0.016043021484823387,0.000733156106877181,0.03469180235598094,0.003432061251947188,1.0389389820913986e-08,1.7462918849916323e-08,1.3579591567595876e-08,0.011629581881659318,0.02414594578427985,0.008264669019831335,0.028260197463551396,0.017070983538698334,0.010104742187706997,0.013961697891321229,1.0354042457296865e-08,0.007769013244586647,0.022446283431519685,0.0050354063166278915,1.1165705369872334e-08,0.006378641110217923,0.03691693024641002,0.03631419078081963,0.007492764405342072,1.354084650377735e-08,0.013974546539570004,0.014843390257220694,0.015543640592018447,0.01198073343326012,0.013285544562714463,1.6332859920400327e-08,0.013046120247810341,0.008862723850814021,0.037450947307651465,8.991716510228432e-09,0.013661971475782065,0.037574656379773086,1.5561703343888675e-08,0.03404552628175682,0.03410347090353637,0.03421752466262307,0.003036801450348296,0.005620067704650711,0.0009383521325754116,1.109501750148743e-08,1.49619429164219e-08,0.026172120270512637,1.4343947391824879e-08,0.004864660474059415,0.02196245379604291,9.254801780374823e-09,0.0048586806578283315,9.373390013528556e-09,1.520358594333434e-08,1.439728616500086e-08,0.002153654939910234,0.023719601039116665,1.3067049431093623e-08,0.0029087908826625803,1.4906360433410318e-08,0.03741434296116783,0.013742296227386078,1.5746888451759387e-08,0.0015952212998248973,1.6415728136579003e-08,0.018159967995173505,0.019334512903199878,0.0005281036640980273,0.006587428539417433,1.3180887148826989e-08,0.005697674091160367,1.2639287836271272e-08,0.01752122378540829,0.006238312296869653,0.03707493217375222,1.494453504090287e-08,0.03508853124163047,1.0751474396768361e-08,0.015037610251645584,0.008239039926781981,1.4054890530280998e-08,0.01001248927205344,0.005622984349625527,1.0323302697591473e-08,1.255855664404447e-08,0.02158818645201583,1.4567526182102543e-08,9.501034299618532e-09,0.033286684372836044,1.081940225214565e-08,0.03298560836699217
2021-11-08 00:00:00-05:00,0.0030369805966212198,1.873936343700603e-08,0.018946594251444956,0.006672960223670704,0.026349645675838453,0.021591165118739295,2.5601596399199653e-08,1.6198782645189736e-08,2.0913196771941557e-08,0.015041025565971722,0.026857152728337174,0.008422990580723476,0.03197833052397464,0.022021240938249528,0.011563366082868828,0.011523581446747687,2.5398151439836008e-08,0.008081099425048796,0.01738203529402985,0.001882163179103635,2.5339223750763283e-08,1.4865155353931173e-08,0.033570972228675895,0.036884504834003976,0.009117447611179578,1.614961278267474e-08,0.018214473499478474,0.01756177206453664,0.02091763303681594,0.0002655272028888026,0.0072967063912404975,1.862469619004374e-08,0.00912493812672288,0.004134018433449391,0.03788479469826629,2.5602373742202194e-08,0.013186568189674983,0.022349312465202952,1.7019550048505244e-08,0.02349571528543023,0.023307597995859106,0.03597103978771974,0.005375039672024803,0.0003168852533467622,1.6387488216223705e-08,1.8033045035915237e-08,1.567438274110126e-08,0.019978096103901187,1.634518060297064e-08,0.006295312547185179,0.030781658557799366,2.559374540822002e-08,0.010534363747907415,1.98137946249697e-08,1.5518123658909947e-08,1.782859070669328e-08,1.5818035657946832e-08,0.01696829006125194,1.7586614081460442e-08,0.0036770398001634685,1.9229272685354128e-08,0.03259178503575489,0.016076140664413853,1.7056716920831044e-08,0.002561835849279451,0.008227791241644532,0.040071026947877744,0.024228430434245794,0.0008660465735605217,0.013027448669173445,2.1409672338556716e-08,0.009477065065610073,1.7923732791075442e-08,0.01804930565432761,0.004278296265720584,0.033249682235017786,1.995464469725585e-08,0.03679671055950862,2.3600854311436863e-08,0.020671492426090014,1.5320345014661272e-08,2.183693945880509e-08,0.0017274392565956602,0.004395944985716058,0.0013002258793504832,0.004159158621980465,0.014959183596636203,1.9832926378286558e-08,2.5431286675769453e-08,0.03734581794964917,2.092580991484299e-08,0.037378507163960614
2021-12-08 00:00:00-05:00,0.016206530837060515,0.007170893030363573,0.02391267628089257,0.011220149954147685,0.017194481382441767,0.025345229204229144,2.68287520611119e-07,0.007501654407676439,1.6992958859861298e-07,0.019479861112753127,0.013100077588989947,3.2245085006164435e-07,0.026637840252773177,0.018007830725720993,2.2072298506425196e-07,0.010418711854055273,2.678550984048717e-07,0.005232361492957372,1.8195430747298827e-07,1.5852887561103165e-07,2.834036633384171e-07,2.691751867648003e-07,0.029921569790102735,0.03541857920389009,0.02169959360978922,1.4118314423276992e-07,0.01336677011670784,0.009548778040127666,0.013769179232840255,0.016937604274422147,2.666912977193249e-07,1.4858729357949419e-07,0.00033260242872975535,0.013905761255051474,0.03557253600680191,3.142869027460319e-07,0.012540419124386337,1.8238792161746985e-07,0.0024002407326136023,0.031075847124214528,0.030665009661542012,0.0350340126016014,0.03101904747717865,2.5660799207834154e-07,2.0130347079692163e-07,2.0412397613717982e-07,1.6604358465945867e-07,0.01384165844538089,1.9756933195949888e-07,0.012642123405360613,0.03549213678528653,2.653148751453018e-07,0.03642618252892837,2.5264448708371437e-07,0.008120408756725775,1.9378719632500658e-07,2.3772198783630916e-07,0.0094460892973702,2.0063987409392822e-07,1.5308033593609562e-07,2.7516359352417024e-07,0.030509730573280568,0.02852792549984695,0.0070432525489385715,0.003429851534136678,0.005342910539112179,0.03588757476146836,0.025839782975271106,0.0008727845783784541,0.01130468931807912,1.602100488632975e-07,1.4084306868502283e-07,1.4333375258225037e-07,0.0005585685618643529,1.4598067459829688e-07,0.029320061252192237,1.85018215470918e-07,0.03566153454158109,3.102958038964017e-07,0.019394842396087204,0.012928921898957906,3.102304882423889e-07,0.0031800597232098933,0.014025274029741294,0.003553412790638737,0.006213821557881601,0.01082216383725786,2.6162575320186335e-07,3.038296829029377e-07,0.03536162752128015,2.765719390208571e-07,0.029608722664303873
2022-01-07 00:00:00-05:00,0.012312729914907708,0.005237132736381023,0.023773806059633695,4.183878970065893e-08,0.02474263211300268,0.020925655704342627,5.239589187416066e-08,0.00596662068166993,4.6512975240003566e-08,0.025242298109128477,0.02105805574819421,5.2547231452562985e-08,0.025841532749729692,0.017645268949241344,4.143484084521032e-08,0.001356114359274705,4.8684651440198496e-08,0.014416822287989043,5.0081630107698525e-08,3.1716161611511736e-08,4.38361765846729e-08,4.992142658091576e-08,0.016406409661916543,0.034777765942454575,0.02858840193854168,4.496700129674233e-08,0.0187616500723587,0.02167761664525289,0.02157176887400054,0.008987488854652179,5.466559960574364e-08,0.0018724197517191881,2.8370445151892196e-08,0.019526985288878838,0.03475766532527013,4.1502948492252345e-08,0.02216631761859089,3.8009122267518296e-08,0.0012610262580521692,0.030393839295732115,0.03137532203215693,0.016856712836193097,0.032235356932207804,5.070399875712927e-08,3.261167331248582e-08,4.387543921248553e-08,3.88272064549927e-08,0.004632220073492672,0.006258210793098707,0.007188384964403566,0.03497841053299782,4.154382104917885e-08,0.035128325760284976,4.4450153720494044e-08,0.011124887823268875,0.0008297414040487708,5.4817938914826257e-08,0.016487274354577214,4.082564606551625e-08,0.007384533479144239,4.843476235102443e-08,0.01906369128913084,0.02369419292038575,3.858852958650831e-08,3.978300268624297e-08,3.6723009744134065e-08,0.035176826478103405,0.01839160356731781,0.007223390649167954,0.032501413817498194,0.002097335432766377,0.0049201547626384744,0.0016452687569995235,0.011525330290224973,3.996230234452513e-08,0.03000958519942154,3.165241830662214e-08,0.03524229801210213,5.409437619867177e-08,0.0033502501668199315,0.006238480511022962,5.4972156226776e-08,3.5200098369869446e-08,0.011395750389278526,0.0019087169639614148,0.018573093526260416,0.0033930685792949145,4.771610007913578e-08,5.399799208633609e-08,0.03491126819389755,5.1682347646925696e-08,0.03498932723447736
2022-02-08 00:00:00-05:00,0.011090632969856913,3.189522096947788e-08,0.018640803430753233,3.403929616519439e-08,0.028258072440502362,0.017883235256037217,3.897315488247284e-08,2.870607677649349e-08,4.0878215372847224e-08,0.012150984491860233,0.027494797857025546,3.6244194911537754e-08,0.02838433443025631,0.03045617014689757,0.0031422414692256957,2.3079236288734937e-08,0.0006092394055881578,0.01694400615109223,2.8810752511299494e-08,3.2509995092787284e-08,3.174437652393878e-08,4.0345824932491676e-08,0.015476952018605822,0.03727927703297253,0.026376979440258755,4.58004042151881e-08,0.0018404953885309558,0.0328361910790549,0.03580836127782619,0.008113395974970182,4.560189579514646e-08,0.0030887545694127994,2.4324559544522852e-08,0.026775963933451354,0.032423172121466004,4.024688543719371e-08,0.01943808435456001,2.8730856749598865e-08,3.7849182749511565e-08,0.01652466105346964,0.01713717392879882,0.008696681485812588,0.014880016352582359,4.0320099842897655e-08,0.007720891550439263,4.584653831728653e-08,2.961557083034687e-08,2.4909253173784677e-08,0.01281647776904108,0.002848973830746317,0.006452309021365658,0.006113971144717518,0.013309171850120037,2.5724702780434163e-08,0.01121053567733234,0.00938038241021601,4.5238720797800536e-08,0.013873271615618323,4.40706733146754e-08,0.01132022346124829,2.408681155364539e-08,0.025378379069728486,0.010545974905007768,4.383973368194115e-08,4.5117186491992244e-08,3.402440928923959e-08,0.03792018199497649,0.014103957925519925,0.01197025267832441,0.037410174086489896,0.013187793226690761,0.012420943725305288,0.005828779265791496,0.016003287968692444,4.552055931084109e-08,0.03749334303636594,0.003232454971299723,0.0336740130092052,4.412840595315891e-08,2.6344995642407e-08,0.005732200494978638,3.917325297355514e-08,3.731899668454675e-08,0.03144993018357064,0.005920420739939226,0.02283236648973708,0.012797219982376089,2.6858967731277807e-08,3.4718452993868946e-08,0.037439590863602934,3.8915878345283455e-08,0.03786056316957386
2022-03-10 00:00:00-05:00,0.027948908940522776,2.4644430388325795e-08,0.014155664911029861,3.724066072373229e-08,0.016823484794544465,0.03183310960494182,2.4910388929961775e-08,0.009607833687541404,4.67139380565879e-08,0.03061596821140151,0.00806188949580512,5.573686391733468e-08,0.0039735287827967,0.008793401536090137,4.428922945028328e-08,3.368259930612105e-08,0.009433913351047037,0.016376914669994965,4.7220507556202684e-08,3.433813372102374e-08,2.2327638640921522e-08,4.7375753957547186e-08,2.5243703038307087e-08,0.03747370805445219,0.03818035783288634,4.074248853328458e-08,0.011662738568169302,0.03689825591676038,0.038332071399803554,0.01797013861681661,5.0220234343268795e-08,0.014609571498181472,2.6322732302276748e-08,0.038742356395886114,0.0190975476386913,4.4657645101368355e-08,0.03233252948198712,4.553287139385324e-08,3.095877631564471e-08,0.022097406016940248,0.022762505201377393,3.04325338279193e-08,0.014397167557750003,4.1161028250900525e-08,0.0012358818273659137,5.5773740871462393e-08,0.0025693730619253787,3.666655036104462e-08,0.011887775327077214,0.0035953477842816583,0.022553703758142536,0.028641188918949404,0.027829777356072505,4.518521780004298e-08,2.2185310321517093e-08,0.004921436053759523,3.8467984616068105e-08,0.0016587841667017253,4.4180348131034734e-08,0.007130224592500646,0.00688202144013786,2.2268196676536022e-08,0.017427361985473445,0.0033909735948044195,5.6161532283520833e-08,3.728766696486736e-08,0.035346066035353424,2.6569244287850012e-08,0.014878963042637939,0.03629867439817927,0.013651555051813575,0.007542048627661471,0.016024962427759117,0.023937009846080614,4.6054619393897074e-08,0.01485070076108524,0.011026400425022993,0.014606467041121776,3.854506230574774e-08,0.015567299570060464,0.016469975521338217,3.52042352120275e-08,3.244296635964345e-08,0.03226765945750791,0.01433466623271109,0.020436903762836207,2.3715591707841516e-08,4.14351859639828e-08,2.7555192073853282e-08,0.017810654077963135,0.0003502650003582476,0.032693524177045595
2022-04-08 00:00:00-04:00,0.02132089374261679,0.0018908870418069038,0.014332410431730083,1.0342284811522564e-06,0.024374963613024637,0.01698279688285152,0.0026346913379653053,0.009434402232326994,1.0170545735140559e-06,0.019468376901442788,0.017178001639102308,1.0167346943261187e-06,1.0175509674959985e-06,1.0220394410755883e-06,1.0201546674026517e-06,1.0282109175136798e-06,0.020317635162849523,0.02173557517090831,1.0329805635816948e-06,1.0174072542351804e-06,0.0019196340398690427,1.0461632497265184e-06,1.0168883343741903e-06,0.041489689217550085,0.04211326084789455,1.031096534324892e-06,0.00498015098687383,0.03015575895897182,0.04213372844556287,0.021284725154084576,1.0364856988478257e-06,0.016865599204598472,0.0036927153007388033,0.040802044795159816,0.014059358333576912,1.0439088092688878e-06,0.025701274249542286,1.0244242311719208e-06,1.0465761064089293e-06,0.013685384158550893,0.01387391897484112,1.019836926372555e-06,1.0555714689032153e-06,1.0253140031929548e-06,0.002307949723614312,1.0299863948218624e-06,0.011798913529772576,1.0311316839103654e-06,0.01704949025714903,0.009206325295891958,0.04192398569132661,0.01813780026403477,0.0017536515258728931,1.0343273993022865e-06,0.00908282883413244,0.0067733813108069255,1.0353149420750586e-06,0.01083792358616029,1.0455845452443872e-06,0.008974058194675102,0.01766427086735639,0.002801214086512157,0.013336148285962624,0.010551013440699046,1.0250711204204953e-06,1.0387020490834093e-06,0.040288856423241266,0.0061793504674869425,0.018136839875769348,0.037945474061514134,0.014578635557818591,0.011427060647759203,1.0219384528577679e-06,0.02271135477633999,1.0465410973258038e-06,0.01328903113612224,0.019328957475044612,0.008883848276480083,1.0457907399224462e-06,0.009013317846953165,0.02052451952318358,0.0017365131674825702,1.0234350318390447e-06,0.030750017108656897,0.008395011621017714,0.008357798821852468,1.0251303242935488e-06,1.034574079589436e-06,1.0436191909058532e-06,0.013425354570719411,0.010439582763881202,0.03992760607618344
2022-05-10 00:00:00-04:00,0.026156057948379035,1.1661704914573072e-07,0.007867320673958421,1.3010822635494327e-07,0.023295911510333858,0.01902331878115371,0.006765618938760996,0.003429577541765631,1.3122381370999384e-07,0.03541981313669399,0.009982111566772906,1.2732392680225196e-07,1.1671751925932613e-07,1.18240820488016e-07,1.1969015905003334e-07,1.2707773297314512e-07,0.02832577037163409,0.015241145477149939,1.2573896359648111e-07,1.1596060973998378e-07,0.004355067806984019,1.2635192555726275e-07,1.218325321407014e-07,0.038374707518533266,0.035244714501627444,1.29200851097792e-07,0.0027481207613483495,0.024462328816087026,0.0391995861173471,0.0010832579102746278,1.277520005151677e-07,0.019357993517765872,1.1669313072352488e-07,0.039602572773025625,0.02177989321065247,1.2942514795750895e-07,0.02686720650960576,1.2698232077615518e-07,0.004556099263035676,0.004416574642241681,0.005974327806541645,1.1927022786336277e-07,1.1965757358184484e-07,1.1945498003386198e-07,0.009795904925368085,1.264737487607676e-07,0.015562621764294649,1.2235678604970027e-07,0.027816544974423808,0.00927557020629122,0.03920649927287118,0.022912299861818763,0.0026682299512751652,1.1979181818218855e-07,0.015065570863287107,0.017469967254602037,1.2102063990120234e-07,0.00965993160636076,1.2228828960061707e-07,0.024560006505733693,0.028404266246498368,0.00438854687817176,0.015414802334007962,0.005224506710932216,1.2933997136212648e-07,1.2302944367070539e-07,0.023081284457210558,1.1681502874916242e-07,0.027026144352109965,0.03105308803910689,0.023334110972872232,0.015906508015084853,0.013282693689326273,0.0180942494671671,1.3070505435560856e-07,1.1713494037792668e-07,0.024168169166212995,0.00529860409052823,1.1456775557633081e-07,0.01429641134090842,0.019392752981794326,1.1461912287506371e-07,0.0008016358094765936,0.023806363910033906,0.009028759616460645,1.1964964809268543e-07,1.1871225173295599e-07,1.210525606303411e-07,1.1460965864526645e-07,0.0037069661369171563,0.017693696819596125,0.03906979677135121
2022-06-09 00:00:00-04:00,0.021697368173822645,0.012933869990941564,0.013731438870552263,4.517687633938491e-08,0.01818137993466766,0.02883901355936638,0.012867521730170407,0.007425018800948653,5.879962756785332e-08,0.028707539365630134,0.007372047537040487,6.28070901322639e-08,3.424918308122565e-08,2.732789842335464e-08,0.007129623455814615,4.78229363621281e-08,0.026035140030398734,0.013330322247210024,5.8334955694518095e-08,0.006057947538726067,0.00303452282344077,4.5537795083299375e-08,4.3487150692174743e-08,0.03993640590531501,0.02792299904015551,5.069525954024708e-08,4.079486735512083e-08,0.018770055926261908,0.040843102004978336,0.016555290367630093,6.052643878531451e-08,0.01987666805037736,0.0005002332040816037,0.0413302994244129,3.127574152336696e-08,4.826755276391666e-08,0.028044277842300038,5.978531021647604e-08,0.0016228824386887157,2.7160542261259832e-08,0.0026758063255007927,3.687036191237503e-08,0.004884013312696352,3.605727494732489e-08,0.009219707591194512,5.532644280712368e-08,0.01662081885997959,4.016044120251652e-08,0.02264964732550559,0.020033394873795605,0.040648327576047485,0.024248480401421905,0.00883571552491691,0.005698309722588381,0.014917609517054474,0.007641512425010572,4.1864227826076895e-08,0.01288263248213725,4.8933025656210205e-08,0.013343462900403837,0.0303598879916005,2.8042866726714348e-08,0.013096777558674982,0.016853271629545818,8.798016331367852e-08,2.6440883106005552e-08,0.011030199756608842,3.991717135391526e-08,0.022435448222212846,0.04085858832793225,0.016708169019734063,0.019350325925108706,0.011183409457302831,0.01999223406434227,5.3114464403807947e-08,3.044410095025018e-08,0.027715119981919473,3.997892237938005e-08,0.012018822258218596,6.647531334484202e-08,0.02776979586879713,3.0351190722543826e-08,3.157050973190836e-08,0.02885941980443253,0.008390488104785024,2.9274122408749292e-08,2.871451754986829e-08,2.413466504564662e-08,0.001383509175591665,0.0042203704966540575,3.537726516047422e-08,0.040728203475519566
2022-07-12 00:00:00-04:00,0.013122722651432727,0.006786300908806818,0.0031484660664386228,2.975760281707002e-09,0.02207649992978864,2.05471919199808e-09,0.017404320531670837,0.008830287377218787,3.1968801962286043e-09,0.015648749974951488,1.982164412273833e-09,3.1854214064126627e-09,2.05115573731401e-09,0.0003907635646045285,2.1842848685843137e-09,2.6484163915417915e-09,0.02596706723706056,0.012712948486773382,2.5389406278176424e-09,1.912042562987657e-09,0.011769129577170353,2.548708401799447e-09,2.6925531330930283e-09,0.03957080586422345,0.0290503057976471,2.5767000939917517e-09,1.908449202412134e-09,0.027376635851551152,0.04040684950322279,0.00991565624762039,3.1227212834646365e-09,0.022569511094144613,1.8604552403083817e-09,0.040697825277321215,2.183116899063662e-09,2.225849511743818e-09,0.026769440785624727,3.1282704528235514e-09,0.01074313841431832,0.0043984793748193095,0.00634990127196553,2.039067633585566e-09,0.005570926990809074,2.0978285055754483e-09,0.020874842340644982,2.640474668576408e-09,0.019926905058426394,2.3053967484097628e-09,0.02775387932104177,0.009678793324707242,0.04047768517367197,0.023463732826068253,0.008071204504510331,0.0018267901810077555,0.021327240672633186,0.01437153272113931,2.423299325136142e-09,0.01980481042594011,2.6686420889086473e-09,0.00972569684792299,0.032161846485679636,0.0009999605652240312,0.009694523000034436,0.020964226989704342,3.2370427757255882e-09,2.80923477747902e-09,2.492984718516994e-09,1.920211251675869e-09,0.02646961631401501,0.03976935887437262,0.020660833644942575,0.012831627600464371,0.008670469182335874,0.022480950028581023,2.702052129411435e-09,0.0041495074076485835,0.02959577368128485,2.1374758559964182e-09,0.01689317438337292,3.133398906166905e-09,0.0195954063624628,0.006755430133831735,1.943066024958608e-09,0.032652300830406926,0.0105920950322836,0.0034932847810688144,1.8525704555468266e-09,0.0012078395602712455,0.0093426216689973,0.0061655968082852345,0.006053332045366995,0.04022029502147387
2022-08-10 00:00:00-04:00,0.023042513601211026,5.394277951146659e-09,0.007865612798721652,1.1606577093703516e-08,0.015601746268705745,5.983668002747951e-09,0.02391428438857739,0.011437993909567417,7.35195726570799e-09,0.02266552069144518,0.0034303900831616774,1.019685186068428e-08,6.000970346290117e-09,6.628097400853178e-09,0.00015259639467328373,7.915548823208357e-09,0.0258510918521805,0.01268126496186522,8.720517274454599e-09,0.0006130528367563311,0.016024814694395838,1.1330467354702481e-08,1.1603056492911551e-08,0.03742595002462169,0.03113573021036755,9.814494785781313e-09,6.851934386972194e-09,0.037586177537262705,0.03843128283516,0.0029671913307962395,1.177584816577877e-08,0.01885451476689051,5.514890308150417e-09,0.03895085985500254,0.02104248856643228,6.484776727541196e-09,0.027758069695441073,9.704597099185133e-09,0.006083206021997096,6.430628897411951e-09,6.446686756507718e-09,5.76006756136454e-09,0.005312453116911685,5.805216125130817e-09,0.012059641821692743,1.194803139583046e-08,0.012066246788154707,8.550436367147027e-09,0.02525274031697275,0.010903609210997041,0.02514655878024387,0.032185508135821744,0.01645221586012923,0.0036287977589646095,0.02416682622304947,0.016487442290466666,8.709734341095988e-09,0.019147306231418568,8.111913788452885e-09,0.011598882143981819,0.033075157251890204,5.175639598639908e-09,0.00882803341338306,0.023088583719290613,1.331606305544674e-08,1.1749902962897133e-08,7.150504506218919e-09,6.052811410242825e-09,0.026613024105242532,0.022857555028493202,0.015620286717866194,0.014910324621491089,0.008447494300395837,0.01849858172390692,9.412991767098162e-09,0.004270508658588129,0.034939601828311455,6.154670266076055e-09,0.0039494135289931615,1.258158942526253e-08,0.018044555866589686,0.012504498870687076,0.006018279496198573,0.038382160388793204,0.016798786543140792,0.016266731078062046,5.878343216947934e-09,5.092665369954692e-09,6.025763043310077e-09,0.00021480091986908278,0.00048340815346112136,0.03826333846139217
2022-09-09 00:00:00-04:00,0.012724114470357569,4.161229259385457e-07,4.015176176588878e-07,9.772726492307046e-07,0.013712014593353765,5.776771968738668e-07,0.027925226667483004,0.0007865308429487418,6.589365288827866e-07,0.018761593217362427,0.009914079018447717,6.310839748373399e-07,3.7683877398264697e-07,4.119345604166047e-07,4.6430018775948054e-07,5.841688365362536e-07,0.023964908419908393,0.014622031303217793,6.434519588539434e-07,0.0030535532196575054,0.016409683838475814,9.599865388252553e-07,7.379409073469183e-07,0.035809948453348915,0.026130678400934762,9.845477204912776e-07,5.152805301418985e-07,0.032248124192120226,0.036781317722038666,4.6842912743542526e-06,9.609916176903735e-07,0.0213875448785105,4.5046028812223793e-07,0.037168160100279284,0.030937699316689094,5.234920026230753e-07,0.026092062264524638,6.856057519384258e-07,0.008986627498850241,6.062501570704562e-07,6.092595043974208e-07,4.109696470028755e-07,0.005721647472079746,3.942024167837777e-07,0.01567275602271034,9.754477680165342e-07,0.013047462775616926,5.703539373542665e-07,0.026172498076946264,0.005196670831990513,0.03579831021906394,0.03439992769141296,0.01501176710286489,0.007012387543041551,0.024578578458383616,0.016041795614386418,7.969716609444203e-07,0.024794741187279288,8.164611079853296e-07,0.009478498428407181,0.03234303235556153,0.00011317751446817615,3.7418305598862567e-07,0.019817889366954698,9.848967006623992e-07,7.698754334268337e-07,9.399363093993678e-07,4.1353259902637145e-07,0.026002731117098166,0.01839719083354277,0.011467132353072736,0.011220553707910147,0.004237278781202946,0.019640103113464848,5.607651626515208e-07,0.015256571358506865,0.034168069297574516,4.705649534703791e-07,0.00029599610441883656,7.134770980839742e-07,0.01234075298538275,0.021524531359235516,0.0043339417848389395,0.036684407741625534,0.02212705943643943,0.016728550574777547,0.0003690148256018351,0.00045426427663206005,5.085368878058004e-07,0.017514422650841143,0.008013753778058602,0.0365790723956852
2022-10-10 00:00:00-04:00,0.01753527395531757,0.007756154910601747,1.7366303625507773e-07,6.848759508117107e-08,0.008158203637944178,7.577401404989215e-08,0.03200464627187279,1.4737535040714733e-07,1.2944600441187506e-07,0.015271442273693566,1.7591247150223488e-07,8.553154307079836e-08,1.4164331455704377e-07,1.5591238245069163e-07,1.3899407542544801e-07,1.2444790324527032e-07,0.03886436409508365,0.015147362695553432,9.602532601784332e-08,0.0124179941761286,0.014282855183661184,6.391802107918744e-08,8.268227156279891e-08,0.038144087972396726,0.022993533483800475,6.80296462076117e-08,1.526678426238836e-07,0.025927819498967573,0.03914155398172019,0.008877604604617147,6.9019246076097e-08,0.012348726921616388,0.0009693266134184645,0.02831104811411161,0.0024066796481943117,1.4449152059147403e-07,0.031170819969679155,1.0625648069744826e-07,0.01947782586455813,1.4283444456866027e-07,1.4026969787400556e-07,1.7263741729961722e-07,0.006220852159982888,1.73669409241142e-07,0.012765965856941522,6.790144321956065e-08,0.022507031790912062,1.1480145225971881e-07,0.024055228114396535,0.012544077342749694,0.039347507318113435,0.035792611031405915,0.016400206884946932,0.0030826679398325402,0.016737688254129263,0.014876251851011647,1.2026570386902246e-07,0.020344718520119626,1.0713117802546363e-07,0.020044913119963374,0.03001011141979332,0.001554531770408852,1.6945724916861216e-07,0.016871241322349434,5.490421524765041e-08,8.946698188026826e-08,8.990216160851304e-08,1.3456847212339437e-07,0.025752812273887836,0.02239846004216805,0.010091669320335185,0.014258253379259291,0.015380157602633698,0.015275108759313746,1.718728737696909e-07,0.017400410026251784,0.025920106812714668,1.4847897886783845e-07,1.609152576667846e-07,1.2028272331600046e-07,0.00984735952490853,0.029737797741849054,0.0032288133739822875,0.03925241835008992,0.014555919615938304,0.01012658293168889,1.2614683702447813e-07,1.753422672089766e-07,1.355909111819392e-07,0.00869845551804214,0.014698704002129878,0.0390092248619888
2022-11-08 00:00:00-05:00,0.009347316348500376,0.0010134930982507301,1.5041666591534035e-10,1.9669494501331603e-09,0.016448459042005717,2.069793672876277e-09,0.036505982865330064,7.869187750370254e-11,1.856031645782786e-09,0.0056467541949208324,0.002610515826522614,2.3015110536920445e-10,-4.283794821574003e-10,3.4943657413475508e-12,3.698238260114996e-10,1.7707732314407652e-10,0.0383848751105503,0.015847585471109968,1.7928015922814008e-10,0.023807348439790328,0.013667065979751746,1.0522146841532273e-09,3.71130508716211e-10,0.037153673909886366,0.012270926261597166,2.0316251862340868e-09,9.880878729502768e-05,0.02226183791696311,0.03790939420199176,0.004415821265293966,1.2712354388414403e-09,0.011665370898580378,0.011631561678520912,0.014029716526487105,1.5502524484536954e-10,5.230514027178483e-10,0.03250079532114883,-3.6105223005521024e-11,0.03342667767767481,1.1846971621147722e-09,1.1852638075619155e-09,0.008632738031309858,0.000470263346778156,0.011550527659845041,0.027125090543901127,1.2580921015033608e-09,0.022020042620340734,6.263705367145583e-05,0.021034216826935313,0.01218345156963002,0.03823949474947943,0.03860245008189585,0.00042533760850878093,0.010383882766323814,0.023115682663879117,0.019677927393831656,2.5481978903306583e-10,0.027712679338815875,2.4862399987774684e-10,0.022304341643487845,0.03282687812152123,0.006434841782112353,5.641558819939986e-10,0.009941504583668189,2.203082107564031e-09,1.5873757378989033e-09,2.0761184602769614e-09,0.0015826302181623799,0.023465210539170778,0.015898009768169182,0.012889082506874898,0.017052181268888408,5.2775294001143e-10,0.02050758381043609,-1.990415718167149e-10,0.014131344786102278,0.018814293643042084,1.7594139643047262e-10,0.018488592462840753,8.250098557220222e-10,-2.0716835335028826e-10,0.029298075006995626,0.006437729138441452,0.028928240484873795,0.003312126531718991,0.00283880321352895,-3.7846116304401035e-11,0.010110922847913591,3.6293286919141126e-11,0.011542674808207282,0.013513701920500736,0.037800804116572044
2022-12-08 00:00:00-05:00,2.5352594887837076e-09,2.380680639079639e-09,2.516198644079987e-09,2.9505409815597084e-09,0.020710533144921675,3.233453202532201e-09,0.03496734923451302,2.3762452565763866e-09,3.0179641666812202e-09,0.00472357484547094,0.007126901842815068,0.00021334452826189278,2.5193595884096724e-09,2.4443917142221516e-09,0.0023672650455181287,2.583020738084726e-09,0.037292351166982256,0.01660937788929761,2.522548506519158e-09,0.020664192221535628,0.013986998764674224,2.450495023138589e-09,2.772021720849092e-09,0.03747359099760299,0.004429793181159587,2.950204089841835e-09,0.0014177711739218005,0.019960698654609865,0.038134343370638084,0.0014942149559049398,2.7530041911974078e-09,0.013944584570844994,0.015009285313317603,0.020628309180963735,2.8092663018283055e-09,2.6566383402201145e-09,0.027524389383712298,0.002580891301566831,0.03096917756933233,2.7585648514556674e-09,2.7511731393883343e-09,0.0063477991360758,2.453363566339624e-09,0.01537114974908284,0.028385879492748414,2.7701709152696317e-09,0.019964897074174922,2.4134526517465933e-09,0.023748156754021407,0.012893586065821517,0.03841873353706023,0.03754447946152062,2.449384924270226e-09,0.013446490219700222,0.01668049316440401,0.020745393415161878,2.40767442661474e-09,0.027690261766878374,2.392148326176643e-09,0.020435960507408913,0.03907090153271191,0.0030579954872416025,2.6094333877907637e-09,0.009637363194004628,3.1308482700491198e-09,2.7545808818279815e-09,3.3000316622206935e-09,0.004058104912454033,0.020341263215499887,0.012429332412665013,0.013457056140277337,0.02398484961884278,2.808643803964579e-09,0.0236271523031096,0.004569726042594905,0.011291462300080213,0.019033132829216756,2.522407573011694e-09,0.02396100876058173,2.650756353668874e-09,0.0040314567349195845,0.02802589563722875,0.004607348813797454,0.023411097972149103,0.003310678467040256,0.003286469886472751,2.410386241768117e-09,0.012393031945109205,2.2260548917466236e-09,0.001778302391461334,0.018653484336156774,0.038080576058642374
2023-01-10 00:00:00-05:00,2.2342097212281088e-08,-2.8762478344235748e-08,1.702349781169741e-08,6.056027828506695e-08,0.021875929235846355,1.2817679388799574e-07,0.033624346216361296,-7.51925900785811e-08,1.356924679728416e-07,0.007263358303734165,0.002283300540740997,0.011884483707360276,1.9029045667205895e-09,-3.055575569950489e-08,0.005095114384579482,0.00024397999342477838,0.030335075801492205,0.014628677577170202,-7.846072756650372e-09,0.024601880850408136,0.0107741475151975,4.751529931540849e-08,3.778483575580966e-08,0.03833161290706305,0.002353041914651228,1.0520046266946724e-07,-1.0561800832337802e-08,0.006303589238102244,0.03916589776762783,-4.2724885605259304e-08,1.2218580646196652e-07,0.0194701367235702,0.01661003547233946,0.024608894246727287,1.204360046274208e-07,1.158255816858259e-08,0.028743957878653772,0.007514639346180802,0.03347658310499364,1.1116809500205684e-07,1.1620313669984581e-07,0.005865704745790655,-1.0703539843137648e-08,0.015793667482438708,0.023840336449299202,1.6012938115075953e-07,0.019493640900190068,0.0004868807087436683,0.020268053988108825,0.01082640980818885,0.03972241806026574,0.0385718946336773,-6.652090264998387e-09,0.0141647366737256,0.016007938426729817,0.016500877535787127,5.256882403446861e-08,0.022534024232214834,1.2604225829902886e-08,0.015806990901223086,0.04046051016089436,0.0021230441142752014,3.463579598820207e-08,0.014280225350335135,1.9435485707526447e-07,-1.5246565245690692e-08,1.1216493378581884e-07,0.01562552895356386,0.019760102834286756,0.006369146371051928,0.011029950243997543,0.023571385571578868,1.2958099252520767e-07,0.024672986267492283,0.010654804779879339,0.009274493221918275,0.022110152530801737,-8.81473823839645e-09,0.019058389278077344,7.860365375422853e-08,0.0030571527937941234,0.036034834790949724,0.0112768187510412,0.01921908317350076,0.0005137267348336844,0.001578946930915754,-1.371742009245341e-08,0.013933506970270763,1.737330328090279e-08,-3.7971564504450535e-08,0.017223665798191828,0.03909775422258391
2023-02-09 00:00:00-05:00,9.767750190765883e-09,8.610016087726376e-09,1.143625042696341e-08,2.0376326205835737e-08,0.012585033236725834,2.2942410742490817e-08,0.025932519617329255,0.0019159033241866372,2.0640135799795334e-08,0.017368630616936397,0.007404509705375629,0.011823123194099493,1.833001862972415e-08,1.1221175470867665e-08,0.008668113148480231,0.0012639602247789584,0.02994480524175049,0.009643496443595651,1.5696035446616877e-08,0.03889125095255741,0.005424798237869253,1.4956200765978352e-08,1.6023113355701107e-08,0.03669230367478328,0.010282114620435304,1.8976282359432017e-08,1.034957837376568e-08,1.4626854094957076e-08,0.039451037632127116,0.00278554429912312,1.7284502684088613e-08,0.012313378704066269,0.002412384802606483,0.007499422982910613,1.87861911955653e-08,1.0688414670445787e-08,0.024049730000583844,0.017572332695137347,0.040674754825375296,2.337951783269555e-08,2.348905472894242e-08,0.017187981740176956,0.003132595865185071,0.020467741408036446,0.0178145805645387,2.3872554334954624e-08,0.012335218979362957,0.0078281388396456,0.013418362609054433,0.02729512752507176,0.04053135947270011,0.03711804235112238,0.007430018101910284,0.010618454639134892,0.01752625466065855,0.011492749423326449,1.002242080835196e-08,0.01938587191312073,1.965265583507424e-08,0.013684670767753959,0.041555154443816425,0.008810147133418374,9.105325165635065e-09,0.01432369212831136,0.00046271848084973843,1.0979040567429798e-08,9.832037366261761e-09,0.022409571663346305,0.016291952687115637,1.297752965274167e-08,0.00017017097671691756,0.01710167996252198,2.0861507038231755e-08,0.019434258908574222,0.02694791083620422,1.0319619132689462e-08,0.015874190873030505,9.261946173958389e-09,0.02684897240042264,1.3283123485972263e-08,0.011054207169223588,0.031243703323916204,0.019375303613930285,0.01449558080730545,8.995320939286622e-09,1.0926901951624922e-08,1.0706835199996137e-08,0.01455895452711392,1.61550863424073e-08,1.0162020244291192e-08,0.017600342230436928,0.03957465650030509
2023-03-13 00:00:00-04:00,0.0001769052605005171,3.268780184761153e-11,4.3603840554953214e-11,-9.245794272730318e-12,0.0032096837299804477,1.5141892622763903e-11,0.016933128259850546,4.571926531559431e-11,1.7537985016564318e-12,0.018707653836561023,0.010941420627763737,0.026694460363281207,-1.6718825349350063e-11,0.004217001196473999,0.03574460922342284,0.0033299136122528295,0.014405086655630079,0.004210156962491836,6.552908552875305e-11,0.02461705201221751,0.010418004367274103,-6.530611448491277e-12,2.397024150264636e-12,0.02799579658437444,7.700267589851865e-11,4.8904782981107895e-11,6.690132166960191e-11,-2.3883538544940348e-11,0.012038097818658939,7.790402139045839e-05,-3.547014424064736e-11,0.003245639054316457,4.764876003635106e-11,0.0073728128385766095,2.471241098535052e-11,0.005543982568249058,0.0075027237007154225,0.03620674294493169,0.03834468249011877,-1.5396020795373892e-11,-1.6771777690991744e-11,0.013383022264468152,0.002967181890866131,0.020744739456036318,0.019132443737107943,-3.4650705409677695e-11,0.004626376144074243,0.016606830004354985,0.018287437808447545,0.033638059606116134,0.03826122672509291,0.025056970173062812,9.162005327614415e-11,0.01945274020931777,0.037507804771971326,0.02393030495330192,-2.4672717929706404e-11,0.012283426663437616,-1.937485706896853e-11,0.013067671664604626,0.03957628637699031,0.019967594743658106,6.902492171528217e-11,0.0038248331849285683,1.2094000158397387e-11,0.002179484979036706,0.00738306712436969,0.027252333132834344,0.028740558678662015,9.497743940218104e-12,0.007282546315211089,0.026657743218216533,-2.0655090356554902e-12,0.01276281456184979,0.03047457584284878,-3.1139162648148054e-11,0.012766120730224621,6.725363663014254e-11,0.027505390888915873,1.8949877228197745e-12,0.01320465709680143,0.029930991311704385,0.014903081906494054,0.009262937159141588,2.1323469437435978e-11,0.0007377250940080949,-8.159692751828913e-13,0.023141709444469315,-4.828444843631261e-11,3.953777799609517e-11,0.014215306980618797,0.037350546527912566
2023-04-12 00:00:00-04:00,0.001952475090927505,1.3442140513980506e-08,1.2518505203293854e-08,1.5027782468397987e-08,1.6961153532191298e-08,1.0413036378844555e-08,0.017903462274714337,1.514107055787289e-08,2.0177899292755853e-08,0.017648405959084814,1.1103940002422096e-08,0.03142997538261779,2.2599465665409984e-08,0.009636134408213058,0.02873861997684776,8.371996375067844e-09,0.00573603286663065,1.0057236832443476e-08,0.008147128008873772,0.016099525328228302,0.009571045869799158,1.4920118472129777e-08,2.0683484716996548e-08,0.025264985748309206,1.3220008531442281e-08,0.0020311150909481383,0.006204995977782979,2.21514813459079e-08,0.017286460417089606,1.2159482619178407e-08,1.9390686927274956e-08,8.641328524762919e-09,1.0996969388557612e-08,9.304877346097558e-09,0.0007158317824015357,0.029476289625847,0.006199248847550568,0.037694622875634735,0.04012763627080771,1.7435623068547683e-08,1.779530118686606e-08,0.019489299366553994,0.010801091190019433,0.014019172340433424,0.02065388408972568,2.2827179353397366e-08,0.004722579167091328,0.01273136787723448,0.015092562739765706,0.028214828814945837,0.03558381457969816,0.022671320176852163,0.012903099454840965,0.016474103120082607,0.030185999574042388,0.029818573137518314,2.174424322767029e-08,1.2909131381970137e-08,2.2525893621587967e-08,0.001823461903956553,0.041440760108162826,0.017866073289860278,0.0034468824436082565,0.001413110402854543,0.00016900574620608457,0.00445261394568019,0.020682348016745865,0.031424184959305095,0.0240529791927371,1.9048470030889403e-08,0.009869889851216717,0.018573683772178204,9.892390390035364e-09,0.013252200495110852,0.03800827262960539,2.3711612286145262e-08,0.011211194853685715,0.0018164739686739315,0.03407404441923973,1.9185257908077836e-08,0.0039253920044697976,0.0268676523020638,0.015973225948587164,0.010751201652208867,1.3442843659109205e-08,0.015674984356419834,2.3467168620984145e-08,0.01915180380317992,1.8245405541593203e-08,1.5888832415599316e-08,0.01013035178701045,0.0387219756952085
2023-05-11 00:00:00-04:00,0.016597439858676188,0.010213024560696619,7.280351537683833e-09,8.207816603505122e-09,8.113848392824376e-09,0.012012118369396436,0.008090932054926652,9.19191100613634e-09,0.004036289918300826,0.01679097904429989,7.417104014171248e-09,0.04156786679225938,1.1978357141988567e-08,0.0031650500777231014,0.029096415320214647,0.009845764495090215,0.0003071173517369799,0.00823903014836089,0.0012655711206777055,0.010074252621771666,0.013449602790767809,0.008384289477042364,1.3689305938454936e-08,0.013212724160279287,0.005841472431814751,0.02440149265078102,0.0041171510551483706,1.287083609135849e-08,0.007569263690607597,0.0025539113177844015,7.162937212638742e-09,7.485205451748361e-09,0.004860290131492659,0.001161095577267072,0.0004211336827633621,0.014425399339718268,0.0005133726354706154,0.04275638872688782,0.032561270117880965,0.0029868123103631724,0.0030383591584159614,0.011489258938630028,0.00482758520764817,0.009000777694032186,0.0020274974688155338,1.319659747078048e-08,0.0011629029103520734,0.01879889561404545,0.007707720038182095,0.02603132832261582,0.0448588357727404,0.012349516786416052,0.010597759714628216,0.019742367371522906,0.02601879966367446,0.023787121687426326,7.433374438604461e-09,1.0427536320908464e-08,1.3275566908156147e-08,7.97126177298678e-09,0.038316384277874066,0.010846918694823621,0.020578901860617397,0.015523814712847734,0.040258989216781324,0.0141374110499577,0.038477723037772714,0.036077255968724985,0.02098155537722874,1.0185186535196474e-08,0.0081805476668523,0.006972925105256165,1.082213257632902e-08,0.01243006265251717,0.04225689909526611,1.2440479707869136e-08,0.01197568707934617,0.0004721858061209497,7.316845865755159e-09,1.3738461537232816e-08,0.008134871577125807,0.020739161848804588,0.0060385949552702375,0.00861745030597174,8.414955008241144e-09,0.003005081938205659,1.3418878240241703e-08,0.022982187974367643,9.977719574215123e-09,8.41506649834316e-09,0.009058568487099052,0.03198033268184268
2023-06-12 00:00:00-04:00,0.024431284872917843,7.438640587154558e-09,0.008172723289066075,0.009024056365228813,0.006293543385083404,0.021142647267894773,5.326839514302786e-09,2.173827332143863e-08,0.005272799843049963,0.041204018333599275,0.00953879520356655,0.04387491210798172,1.3970119279262129e-08,0.006880421042413469,0.014742005465230973,0.010026290603249792,9.289416855567592e-09,0.013854567815654613,0.0030157087120521995,0.009723386821223179,0.007667825395069495,0.0027287346917336443,8.465003146856472e-09,6.211643353685432e-09,0.01643497358082375,0.016238085256444403,0.01905792082346689,1.9617769770933535e-08,5.284615140242461e-09,9.59867689674344e-09,1.4321999158428204e-08,1.0847350635846221e-08,0.00012446806334867876,1.1156940230838145e-08,0.01389466526365804,0.010940898257399415,0.0007043015617412365,0.04469548633202932,0.03251918954599208,0.008712473107035839,0.00827941140483185,0.014587679920507683,0.008136711660860023,0.00969801295644547,0.008089238010715238,2.2570274011999778e-08,0.0009276813402805348,0.018141534385982316,0.006564504145322973,0.016421637648640408,0.04252097398890196,0.014254460671031312,0.015304765281932562,0.0076828017963253455,0.024629293898902206,0.02415947185923826,7.703492659293955e-09,1.494765794252557e-08,2.1134802088218534e-08,0.007051015231887055,0.031496982419412296,0.012052407467865955,0.02362227252096811,0.0029457623112207933,0.042343956360030806,1.2723927124603973e-08,0.040208761310425306,0.0453594134217348,0.01946983202017296,2.117098161681647e-08,0.011043955158918154,0.0015398093305413973,1.3133590062614064e-08,0.008808310542414753,0.028941609412867064,1.2404416766434655e-08,0.006420394422079787,0.013794267393186383,1.730025484941525e-08,1.557996468325712e-08,4.5056828346017746e-09,0.004395249669458683,0.010705510057164247,0.008811434752766481,4.646297930546324e-09,0.004256355354875028,2.0783401266715343e-08,0.011104695811689396,2.0136574803935544e-08,0.00247359145629944,0.03052905292748753,0.012310647022768623
2023-07-13 00:00:00-04:00,0.021115865315266494,4.480252789931061e-08,0.009260176533223733,0.020111976989957564,0.010154722306090354,0.02989278637913745,5.0715850511351356e-08,7.342995639352811e-08,0.008808159581540912,0.04087133329527861,0.01673903504155185,0.0388142858873062,5.1466679763903314e-08,0.006317002830442458,0.04079614636663943,0.014182926270109211,6.180594058368822e-08,0.016528097471668564,0.0011852983902710577,0.03276378509606526,4.577745220416321e-08,0.006083842261511167,0.0006188361121254645,0.024046379968198608,0.0039012108322298527,0.01951032888571603,0.01431155884761053,7.217539994983975e-08,0.011018985501441477,5.7469151903954794e-08,5.039801305728751e-08,5.804054695244651e-08,0.010730664971622743,4.700053607250443e-08,0.03093445161564744,0.012205272626925532,4.2586462603944547e-08,0.04219213308379668,0.01958847116841233,4.2907538866827235e-08,4.268695675066036e-08,0.008333728436204921,0.007801683203656978,0.015772222869464583,4.5083931410217576e-08,5.127424024844038e-08,5.393285198427847e-08,0.024533288267809025,4.6246408682814653e-08,0.026255964234168677,0.0263348007515714,0.009368671090587824,0.021472235085734762,0.016302112729172584,0.014405391254037645,0.012530290917555136,4.216354178441461e-08,4.823930185279086e-08,6.736447942920348e-08,0.013891724080645887,0.013553112233287819,0.010180374437308876,0.018804684973062345,5.280491132820024e-08,0.04010185572680658,4.102968122236977e-08,0.037798218428511055,0.04265769922544671,0.007119496755933012,7.137708231993583e-08,0.001854763929848522,0.007904469861972935,5.584007384494304e-08,0.0007740523584984192,0.022651476264409297,5.3344263828667664e-08,0.0005967877850567905,0.023140561862163473,7.258799010634556e-08,5.400964155883851e-08,5.144140177550677e-08,0.0015763012707141078,0.013806665151056935,5.782220622410947e-08,4.2602948752119866e-08,4.0054247461173916e-08,7.421285564148561e-08,0.012716354457140555,7.187085176520309e-08,0.005935491555029736,0.018941883626340316,0.02019806870770983
2023-08-11 00:00:00-04:00,0.008062907770398342,0.0015936559319871305,0.0027719971948974784,0.016474644961337416,0.013962224444562861,0.011322806190435275,0.010655256762692144,-1.3506169327610507e-07,0.0011629565989053068,0.04223419988202337,0.004978985228470683,0.03256858379030485,9.760888435578548e-08,0.009808069792066798,0.043206505046835104,0.0032064608169643277,-2.154618407580924e-08,0.0189821750377524,2.6373286334065436e-08,0.03927936121098377,0.0013773490080170696,0.020135035598967878,0.0055374385576539556,0.022701502864855658,0.006632749816907418,0.012366399577208516,0.019589668340190852,-1.614159444492766e-07,0.008220459672268835,7.106089083624613e-08,-4.9218919002256426e-08,4.1610971792060153e-08,0.012547522426037789,8.996018469306971e-08,2.5002390866155917e-08,0.017999166873797035,0.00395637104195662,0.04364594246837044,0.027734935077881443,0.009839705088104524,0.010177069590420256,0.00517324923490498,0.010449564159345743,0.0018830355695404668,0.01539444814896987,0.003797808154626129,0.007005224265968371,0.028789620964342157,0.0027193150030950905,0.02379817839757923,0.04540142650668451,0.009688618348789103,0.013805148600830212,0.013856372503049998,0.01366828203720615,0.01716203319574656,1.0962463149355658e-07,0.002894912651499533,-1.444839994809901e-07,0.009945894360541363,0.020211259037534506,0.0057128812597478885,0.013449586803645514,-1.2986554857910926e-07,0.04213764301827331,0.0010017951286611835,0.040439074793419676,0.03637106529109817,0.010017523985008176,-1.3774136638898984e-07,0.011700653735639171,0.0069756824003319035,-8.85368351039032e-08,1.4189335326215323e-07,0.019633569145174428,1.1471901142058316e-07,1.1158982962382244e-07,0.015058303461125019,-4.590076695957057e-08,-8.393293087159322e-08,1.3724335637454026e-07,1.21977295126667e-07,1.5177923601633996e-07,1.3170123596934125e-07,0.005000809527366299,1.346385508344332e-07,1.0047143178136553e-08,0.014318231895288818,-1.1584459217353223e-07,0.0046495269490009535,0.023373674075814897,0.021783078019191722
2023-09-12 00:00:00-04:00,0.01254683262619561,0.00059325440786478,0.011515370372915645,0.028818801829776936,0.010658324404794584,0.016981464086652114,0.010284901301409244,2.5496402761708663e-08,0.007834935631439718,0.041185593576089606,0.0044587699403217645,0.022868899405865714,1.640222240795208e-08,0.006204432365484679,0.039421182172013715,0.0034323766976357218,1.1263337939780469e-08,0.020972030388582658,1.5814521107663565e-08,0.03518914203939953,0.001190183068257001,0.024315669650843866,5.602124920959118e-09,0.0135021323073047,0.006606690933026335,0.02768719656284868,0.021177029859222714,2.5867587248227466e-08,0.008434568429147579,1.3631908188611407e-08,2.5209421268118753e-08,1.4005296078700935e-08,0.016828345678599747,8.88159040811615e-09,1.3948036403026638e-08,0.02015523300286929,0.0005676770462743946,0.04218189833048158,0.017902982415946653,0.018003497582470093,0.018312607131367592,0.0015768163427173534,0.010376162941860523,0.0029769195442770446,0.016784677571283855,0.019751840543144987,0.0042055541101828665,0.018812506403363814,0.0011663618223678631,0.026543962244711835,0.04364249072841969,0.005233868508915229,0.012470884969961588,0.019389348060647134,0.010036297805515154,0.01624600595509853,6.2460116352977966e-09,0.00047722124132776734,6.400961563104841e-09,0.008212716786916123,0.021591957260598395,3.6669119843463012e-09,0.021552272520500338,2.521390685398968e-08,0.04075929028848464,1.1859145111342435e-08,0.039373711161994826,0.04224515905814146,0.007722577404262006,2.6168370048398052e-08,0.013411285482646742,0.0058072866967830905,1.2262785050260503e-08,1.1092079917864926e-08,0.008523054760038997,1.74531792421205e-08,1.2214937976809574e-08,0.014620060783121818,8.727654213832559e-09,2.607981616155188e-08,9.758100481421687e-09,0.0002702417691803502,0.0022098695404063253,9.234120774411455e-09,7.671798132171396e-09,1.5705364005449652e-08,2.057436765865401e-08,0.018057453581406088,1.2967363931045933e-08,7.257454381011537e-09,0.017876185700507214,0.018243509079716003
2023-10-11 00:00:00-04:00,0.014897853272673298,9.221866314082515e-09,0.011654571275055104,0.039361902218156414,0.0146884181369207,0.038359469217683906,0.013520168351048936,7.069050116298745e-09,0.005644989076054178,0.03969844388626078,0.00488362886844219,0.026302182843147878,8.036630639814998e-09,0.005319158625829865,0.04009566454811746,0.01025394803417467,7.636348434482231e-09,0.01665834609380973,9.575153518110351e-09,0.03005890931978158,0.0014959327838437234,0.029735275697569372,0.001018282650561348,0.00247733759141887,0.011745762851048874,0.019805572022283047,0.021077826117541595,7.721548289218645e-09,0.003998583690797958,7.986507915707155e-09,6.86085493629778e-09,0.0019182541435863755,0.014910648367002706,0.0056667708167024615,0.004077448790997428,0.0357575105179229,0.004565308152329504,0.04082097953525511,0.013306658593583187,0.020864716823840272,0.02096155611772854,0.003337796043764624,0.003424020520015143,0.005742429105035047,0.014817278561231101,0.023887072862200053,0.0005373424504755963,0.022824068117678543,0.000497255311115459,0.02247557072699563,0.04056079297942574,0.006264627846628997,0.0012088036000948777,0.01995914130561428,0.005966432121823553,0.010620048375719355,8.96998989513314e-09,9.921743475584401e-09,7.681313955774297e-09,0.0047203476746093065,0.013231906667006863,0.0014074771136017188,0.021833253766670457,7.351306242866252e-09,0.032716051961812445,0.006513655662805003,0.03808086265562432,0.03800680420647077,0.002278902071865183,7.39000286338152e-09,0.011658262540503507,0.010106351111748593,7.084012572922389e-09,8.342917436601543e-09,0.004490911440987992,7.090877057390034e-09,0.0043386141534530204,0.012184140296973924,0.003756663066606991,6.875264635504295e-09,8.341132085839622e-09,0.001619197828226039,8.449238986078314e-09,0.0029987181884348338,0.003928883595427727,9.114318693188699e-09,7.524869658262428e-09,0.01661387266654567,9.035550984382678e-09,9.206752749356208e-09,0.014555051836716983,0.007235126063333126
2023-11-09 00:00:00-05:00,0.02169521971678462,0.0023954594235579985,0.015340347483030654,0.038655566022459814,0.009433859926458192,0.03758560457398405,0.006052587969999232,1.1165302477585232e-10,0.03215201071860992,0.03912518536766774,0.007197290753191187,0.013699984037493134,1.6495291267360012e-10,0.010153044620051618,0.03663215708041687,0.003020935587912482,1.7767945481605789e-10,0.015865509936483474,0.0007297742942741511,0.007016277368164638,0.00813460464180134,0.023661253771969426,0.004727284936909585,1.2889042781495977e-10,0.014372257974207114,0.028015129573363887,0.017626489711717788,1.7829959395966676e-10,1.5710889578931728e-10,1.2572320110280804e-10,1.4370498913627078e-10,0.004676562360728076,0.000618237828769205,0.011964473386028898,1.5107150768993656e-10,0.03376557688055126,0.003776590457558771,0.04017100806985957,0.00422785088130298,0.029691721399240954,0.029149342841793296,1.1783125533519072e-10,0.006667181350873023,1.252271939181925e-10,0.012192191545981447,0.023369709951702643,1.2534978069546525e-10,0.012488492297514272,0.003948490873598057,0.019902662254175935,0.04043675659917343,0.0005112836482576312,0.00776158513706834,0.01606517373570579,0.004074869466086253,0.010719821672517296,1.3411895303634666e-10,1.4650747593836285e-10,1.6342015604298863e-10,0.001727125758766701,0.009773011185668198,1.1772809911109965e-10,0.034572161828983705,1.7023267264672248e-10,0.037219175921643595,0.014573139213859382,0.03745019446229012,0.02983442943985524,0.0017327228042688316,1.773463279558334e-10,0.012645104100046801,0.007662286547745022,0.009981730208250404,1.278717090788303e-10,0.014715026316498885,1.7873880645956187e-10,0.0125259791752727,0.007108836072650188,1.2072151673588044e-10,1.7905437636630676e-10,1.167091209210664e-10,0.003457186891096969,1.2368923734375008e-10,0.0049411266202025895,0.010850173420775055,1.342249502683851e-10,1.451072175715311e-10,0.01770005192409692,0.006790425350799788,1.2486312895124648e-10,0.015101949140523107,0.0001707416184366662
2023-12-11 00:00:00-05:00,0.024081388272586296,0.0045428598277221415,0.014012767489529494,0.040574579439581024,0.008165782217920007,0.0397079950486491,0.0019573633744687726,0.003755700599344978,0.03468246876201943,0.040928547478921405,0.008983564525588301,0.02375363005849491,0.0012118992160772184,0.011327898130403226,0.035840837757484,0.007535268326313891,3.824159656294044e-08,0.012507691595407428,0.011460909595128273,0.012189348628158354,0.005211743252396816,0.01726443978578308,0.01888913096538287,0.004561123952835015,0.01883624144181561,0.04120117611294886,0.0053802982637485095,3.8451513311385795e-08,3.382304725265471e-08,2.9400441110374577e-08,0.0033125304030598955,0.0030794919072675946,0.0008988272243286396,0.0010410749786593791,2.953151847804073e-08,0.033991260565545925,0.0067576342462734645,0.041428797826563675,2.679047368632202e-08,0.02534911512801994,0.02474731436792515,0.0031996871381698177,0.005878241955638785,2.7900006105004812e-08,0.012664594951719954,0.029844782349896043,3.029334383495009e-08,0.017028973646309183,0.0005598734356824396,0.016337851204559523,0.034850103123940414,0.0010450758967792287,0.004468309862640616,0.014315310260064383,0.008533975379018217,0.00794627437247341,0.007659776775794319,3.2631941410510794e-08,3.551087662975991e-08,0.0016673354689465056,0.0019508181327732687,0.0013053690866135965,0.030419528440538756,3.889184775834404e-08,0.02687195063707377,0.007871233096154454,0.03968562871931292,0.027171561185766566,2.6344063689840266e-08,3.847841795679561e-08,0.00318401067444715,2.0358345443648503e-05,0.011179185295607416,3.695953980988125e-08,0.0009474514709450608,3.9997584337204834e-08,0.00897314843858425,0.014907488670980636,2.658667610914825e-08,3.028792713595969e-08,3.3718218943383436e-08,0.007290766317009388,2.9104629866941897e-08,0.005730860226981185,0.010211447417389358,2.8711574894498982e-08,0.0009814007899622496,0.017014927497740494,0.010089030972775461,0.01017998180830417,0.005659381467266198,0.0031829529218210754
2024-01-11 00:00:00-05:00,0.024987483198830526,0.003907557715054085,0.017139841967270843,0.03631789820396482,0.006318403764445092,0.037903215865951155,0.011699294494497223,1.9935038896874938e-07,0.03770342871075932,0.03908002995219411,0.01531257534006018,0.006635349256823187,0.0020126952907555487,0.009198555612612947,0.031842512846812936,0.0057035068122819835,3.0546191658098106e-07,0.011418297131039966,0.010988646214168186,0.013649633160865505,0.0048963019736691146,0.01238012882436015,0.02045127962786352,7.70646944841953e-05,0.025842521827548107,0.03942385253727496,0.0052516367090682465,2.6639821112181877e-07,2.9965424435667144e-07,0.002188828951314338,2.3825606264722118e-07,0.0005304370222711091,0.0006063368117466845,2.9783518025043335e-07,0.0022047314109350964,0.020637421775377588,0.004613975481571895,0.03980015990779688,0.0034246384026619015,0.032322786875541465,0.03223465376050488,0.008020440713512452,0.010236450366544775,2.027775188439232e-07,0.012367801053461107,0.033750975720566366,2.1891650139949975e-07,0.017530805473274264,0.0009566498924567261,0.017525731259116738,0.04071612536532711,0.0028723181896697304,0.008577329944421595,0.010849602272397995,0.009269940554747377,0.008533444110267433,0.011268508300519944,0.0010721220016875156,2.692729889366524e-07,2.0198395827286663e-07,0.008598260333247825,0.005894681295639961,0.03597530625942922,3.0887196340952705e-07,0.027979668306905025,3.192619425204649e-07,0.03807651983239742,0.013810060821700781,2.1373546087983674e-07,3.075050701486108e-07,0.0022660374107659107,2.0141578948267525e-07,0.014738086050920862,2.7451325286314355e-07,2.6335466729214444e-07,3.1918022878731285e-07,0.004458664768722222,0.01839256280899221,2.2168764016369855e-07,2.259720477119065e-07,0.0006256534830610565,0.00808409925180895,2.179617178058549e-07,0.008977898820062048,0.010856393761164033,2.560818148593094e-07,2.0978474031464381e-07,0.014340287852532328,0.002476940045878393,0.012524092408095128,0.009664792325706897,2.2609431408852277e-07
2024-02-12 00:00:00-05:00,0.015704834610772607,0.0024714935782711033,0.01992310369153537,0.03540011647219191,0.010430277234920115,0.037854915114682836,0.01659884844470943,3.513613765781672e-08,0.03886922249842476,0.03869082459013806,0.012756753252997891,5.336959178159504e-08,1.6633018213722192e-08,0.006630111053192031,0.031349854330973474,0.007615673587032248,9.159909249765298e-09,0.018583971384722217,0.006608957045498633,0.018433413322698728,0.011579350580919617,0.007510621941574091,0.011106298244159304,0.002806391387295405,0.02851072793983123,0.038697774009488824,0.006618444423223817,4.125370640997713e-08,4.42963036072792e-08,0.003211416861525076,4.5913955239037554e-08,1.0751435750410294e-07,0.014572822814171485,4.050409037565883e-08,0.00224296880912413,0.011631872616057927,0.013847933854730326,0.03868231507410067,4.502260094723455e-08,0.028686151258802015,0.02857007231748386,0.0032794746780444913,0.0104900108875571,8.00686971267474e-08,0.02724745886152673,0.031048447638305176,1.212364413077228e-07,0.01667277286641013,0.0021628464840635,0.017449103547725754,0.04024808718228226,7.382591085055214e-08,0.003952606096087238,0.015506161423463602,0.00864056135509869,0.010660526322789726,0.0014374648264179545,4.654606537528651e-08,-2.318567092480057e-08,7.467121882458095e-08,0.014262878517645915,-1.4338834378584667e-08,0.033224975161268384,1.1969473581517063e-08,0.029977133159438257,-2.0178638043486816e-08,0.038017985383227655,0.021908358878091675,0.0006651707207181805,-4.107361420862107e-09,0.011365851930267429,6.437077915576259e-08,0.010422767942789013,7.451073356599415e-08,4.714696863495041e-08,-6.222419937536464e-08,0.0036013870166664644,0.016400030547284266,7.416323088332406e-08,1.3755985621802123e-08,5.472537011897538e-08,0.009287209375955697,8.506921286484811e-09,0.006601142491231513,0.015226843252121485,-4.299735371242774e-08,-6.50272504402575e-08,0.013739798771805008,0.0038821582014493426,0.0012871557712914937,0.015135095076684707,5.5256670682549886e-08
2024-03-13 00:00:00-04:00,0.00357966139210031,0.01018949519673664,0.02255274891261855,0.031901720068027536,0.01967747314865702,0.04027526155914869,0.009133719191736958,4.157180778014776e-08,0.039034553166148005,0.041088659247121954,0.014210573242591113,2.560472860730554e-08,0.006710808584181825,0.00567116013791427,0.016936403422293776,0.013168679252484357,3.1368257073158374e-08,0.013381670704743465,0.007775297920158963,0.02192376814085377,0.010717342225722402,0.008953241630120984,0.019209401648166067,0.0025766608322867744,0.026852467732528206,0.03298580658906063,3.5416676259654715e-08,3.813030182481728e-08,3.483553929573486e-08,0.0053191546379250925,0.005754361675590548,4.2187317569901235e-08,0.015342911547209069,3.611630703327616e-08,3.584706533147785e-08,0.010513227672445705,0.01018423888427514,0.03629342506125157,3.4169607001770026e-08,0.022648363693397386,0.022374380710896414,0.006544711305167893,0.013540712587598522,3.5603595249696484e-08,0.028706432622490417,0.028997606756987558,0.00038695459272393017,0.019752070436572376,3.898952079652596e-08,0.01682784429214055,0.04284145853934526,3.227501087611184e-08,0.008970348451882618,0.01506085370778961,0.002738788073990892,0.0017769809414223746,0.0032791266060844086,0.004587318720941305,3.3462830523915665e-08,3.6066018584274313e-08,0.0044303542068389185,3.024155451614658e-08,0.029582350034465195,3.288310881395495e-08,0.041643851887119915,2.6091323505808784e-08,0.04041312241053024,0.022860534675032254,3.5140566413844804e-08,3.0953198464681265e-08,0.006796443273717796,3.6857290047610925e-08,0.02261880606140022,3.359849817346827e-08,2.9670982268742996e-08,0.00201184359336182,0.00181435188175696,0.018398448691375104,3.8656459808545705e-08,4.353900240792294e-08,3.879537718840453e-08,0.005185379382046893,3.07030704798818e-08,4.068508764723575e-08,0.012167493421595251,2.618449915127239e-08,3.719928752226891e-08,0.012669522309646035,0.004635890617793571,0.018308316511545353,0.015514364297913091,3.863750528375231e-08
2024-04-12 00:00:00-04:00,0.0021691754206563576,0.003326106425300226,0.006159069797334525,0.014058713633646256,0.024378130177995845,0.037050353715318965,0.00363391450306312,1.0430409738616551e-08,0.04074290044247668,0.040137317041811116,0.0179897150037047,-2.7307676292378765e-08,0.01477110642181841,0.012028508204035676,0.020861188291940606,0.00885062368054872,-2.3190496565609004e-08,0.015072756063318506,0.017116779453215616,0.03473317660419038,0.007301284372636037,0.0010577801011966515,0.022669759492352455,0.014441025101028846,0.025986687204594884,0.028750094154256126,6.760921120833416e-08,4.33539758347549e-08,6.74892904362368e-08,0.0031837406249990152,0.007148580518884646,7.134220941754859e-08,0.01886017313078313,9.693576053945806e-09,0.0009001557523396558,0.00878496140843793,0.015077219860092682,0.04125830086839625,-3.834625878373497e-09,0.025554037686700178,0.025464764466776785,0.011809937095490691,0.00965126400632192,8.448453142690609e-08,0.024995628320152678,0.007072036729808031,3.718985378089715e-08,0.02822428200200096,5.302890327901373e-08,0.014057169147817591,0.041781188463336984,4.55854329518573e-08,0.008356608078176734,0.014474684049750837,4.705129451229814e-08,5.03675942052928e-08,9.044320528118466e-08,0.010074203472772233,0.0046393315229891745,6.835013517721095e-08,0.006772983230246884,9.070324129067359e-08,0.02621159391816067,-1.1866782142137204e-08,0.04026603315375601,-2.8834614367666753e-08,0.039580473532982795,0.0159621063419949,3.95847540496011e-08,-2.1647665554899558e-08,0.0007297774693695645,4.6542685433969175e-08,0.022100571263327744,8.325092611000899e-08,-2.8152383382253405e-08,0.0191080724840566,7.33608919694596e-08,0.02102885165413276,2.0693326018581008e-08,8.893498265298376e-08,6.194792929108934e-08,0.0020862879660869947,4.844871230707137e-08,-4.5513019562021795e-09,0.010122453852717025,-2.834185943848476e-08,0.010633930778591996,0.010098051994466286,0.002813882779154374,0.02429342970177208,0.010801416962434899,0.0027345283611351083
2024-05-13 00:00:00-04:00,1.1110236097584086e-08,1.206451332958599e-08,0.0025168617954786894,0.01755380984026065,0.027139736481724797,0.025328954166081465,0.016840450375502948,1.278315651271861e-08,0.033514187200384314,0.03540554853930306,0.031437833592186146,1.7597578299754876e-08,0.020752745880002192,0.022302980136174204,0.020193702369439726,0.01172088937935452,1.6823710197207993e-08,0.011026469113323976,0.0196497806986024,0.03317730376663864,0.006699614760643701,1.1955043739656353e-08,0.03274720563521383,0.010155867106839312,0.03054173952105686,0.01489721728325626,1.0375095720884976e-08,1.8307737699369647e-08,8.734377064801915e-09,0.007805494104609677,1.187957881096381e-08,8.485598106006104e-09,0.020104052034140757,1.3804282182946247e-08,1.1220768767788014e-08,0.0053469168165512174,0.020830662265829365,0.03645944620964543,1.608665581631864e-08,0.024457632082290136,0.02404991407138503,0.02095760638600819,0.007503682883600605,1.0781905855439177e-08,0.020000973368058644,1.3854867064654565e-08,1.264967602128972e-08,0.02367384560937604,1.0207119863926374e-08,0.005593137336734193,0.03727663029791433,9.322369648500176e-09,0.00357591939564352,0.005882831774733493,1.322497837085509e-08,1.3258068356022603e-08,1.3102764101548064e-08,0.02095463141029522,0.008658719452290898,9.616772589446887e-09,0.0018488465670374351,0.0065872491477987315,0.014379621700377258,1.1780549490867559e-08,0.03619792770255308,1.8455359328576863e-08,0.03480625451610547,0.006146709653593131,1.2553403373533453e-08,1.674126702822766e-08,0.0002303349296301171,8.513966928041483e-09,0.03579468310144007,0.0017099241776776185,1.8142702557863585e-08,0.03027846119451289,8.775543014095214e-09,0.022303338888627018,8.521063184345969e-09,9.62049472224332e-09,8.517335431194086e-09,0.004185154749910134,0.0039747233230182045,9.434110440684014e-09,0.01066692897544958,1.6266970728803562e-08,0.022767655947549335,0.007512862321469051,0.0031391272612370288,0.03219692606091636,0.006883816040073596,0.0016540265131075554
2024-06-12 00:00:00-04:00,0.004114463911327292,1.1787522270438824e-07,6.917863316590602e-08,1.0133682309252559e-07,0.018627905399918807,0.011713055604314624,0.02442388103404566,1.1702540485326056e-07,0.030123236103051298,0.04248035861790703,0.017486278051759716,-1.585795972465306e-09,0.020368620815763048,0.020805818630949838,0.026617418874425786,0.00230820103924884,6.494232924282005e-10,0.009938178779737676,0.013882781576899544,0.02368850331715833,0.014437455609498395,6.666417925942537e-08,0.010632638220278684,0.002804156884606526,0.04152807619700153,0.000759303659061255,5.6896817900375265e-08,-3.824418222877082e-11,9.423046369019953e-08,0.012674736821083374,1.334314108901833e-07,0.0062098911477277375,0.01618071068484923,4.762227303505636e-08,4.0393081262704786e-08,0.0033854499161386207,0.024405773370767124,0.043450385499324715,4.164296022813168e-09,0.02613426404501708,0.02577244866793797,0.019956547444489065,0.004515354324202494,1.2287399052050266e-07,0.016325401693006964,8.068920936291164e-08,5.3671303709322654e-08,0.024178547498189953,1.278707119029243e-07,0.010271398568968559,0.04416686525991099,9.90012522385799e-08,1.1282309247208596e-07,0.010135404850273163,3.2105088149977126e-08,5.5058975983474357e-08,8.837112187319975e-08,0.017743717997587054,0.014370387437229116,0.0019735782751213486,0.010679583407547584,0.0037287996346173245,0.018151406738146733,8.398905253583768e-08,0.03198336774104411,3.3947620912357225e-08,0.042101714541311945,0.0029391827338761446,4.7972143383261865e-08,1.5045380295755138e-09,0.00662141638729045,0.007287995401157361,0.04298344011950251,0.0008625358606711162,-3.733099915559667e-09,0.019340225022235313,0.00432887880089382,0.025772301050376714,0.008777198706451472,0.0074729770888998385,0.0007880083911557983,0.02193998198415557,0.007073227325963869,9.737271914608131e-08,0.005404630039765965,-4.113507060065416e-09,0.009873953545809886,0.011441273194843785,0.010578018672846414,0.022705828997290605,0.01857085813047459,1.233649426632942e-07
2024-07-15 00:00:00-04:00,0.008995746031051449,2.8915261088724407e-08,3.1165575939022654e-08,3.20194011202819e-08,0.01865540103886689,0.032447950254060616,0.03016332872573101,0.0003141341238336466,0.02762009375506981,0.038415493010948924,0.02128126819665789,4.392672205459862e-08,0.02609341655683214,0.02793628999103471,0.02541636783225573,0.004330426142030161,4.1922008717596875e-08,0.009979278139013288,0.02357943407009194,0.01811549713156014,0.018774577260028583,3.618833106384067e-08,0.011084123373129473,2.4895228455291087e-08,0.036525312278946405,2.743464168434485e-08,3.477618905612255e-08,4.175878220424335e-08,2.8801079383357857e-08,0.0051148538248687115,2.5100740409429585e-08,0.00734166093935513,0.012843320011790378,3.794595636269071e-08,3.003112615327115e-08,0.004438385075316279,0.01824981463624163,0.039385467402499985,3.371215221941524e-08,0.03276015422294048,0.03241385426859267,0.029815030267115288,0.003985038534747136,2.498616792709489e-08,0.02499831662786138,3.128393969047874e-08,2.8923314486102197e-08,0.02381336567503645,1.9463285942537588e-08,0.006972485312763436,0.040203815077666606,2.5179816603238236e-08,2.3714139654711795e-08,2.3536474508139994e-08,3.8641715693003104e-08,3.3603320999700726e-08,3.5243144467235404e-08,0.014591829567728592,0.014652325317269864,0.0028881887740024393,0.009657331738180187,0.011942540037707977,0.019002871957973292,1.9336863650535457e-08,0.025875946791657747,4.6297859713926445e-08,0.037947707005892686,0.011867634045875599,3.40802943759672e-08,4.1701726149968934e-08,0.0036904015269263665,0.0017638614888947567,0.03890406714806053,2.2579020471285803e-08,4.624837892157756e-08,0.015330172796541702,0.004819518476486005,0.014368237392684781,0.01806108655600344,0.0065674620933394365,2.4107690668344323e-08,0.015010122521246099,0.0018403803444141703,0.004101980966118108,0.0013148462962469095,4.1605370244891896e-08,0.011212637359559352,2.3214229634182563e-08,0.01376471869182338,0.01846623516054712,0.020293094114262243,2.07719470189077e-08
2024-08-13 00:00:00-04:00,0.012252775603691425,2.464216829592234e-09,2.7165325816904423e-09,2.7966221736236237e-09,0.0102752940935374,0.01110949548098364,0.015083693583127772,0.014361479980576417,0.008725126061843015,0.0369018024834911,0.03292307297787844,6.070473665426977e-09,0.015524136465533927,0.029714756854535698,2.366224739641599e-09,0.012167302588030535,5.553655472093412e-09,0.010214952862800001,0.02346982079157218,0.008918095473936514,0.025104416501366925,4.826718064572758e-09,0.010647029398138191,3.2010216639287825e-09,0.038897996348317816,0.009503284405944685,4.679142095265187e-09,5.989474323223724e-09,3.773356363493841e-09,0.006779077038860559,3.839763956060412e-09,0.01731025443027927,2.104594036568608e-09,3.522232891243849e-09,4.83344748209065e-09,2.366829934012145e-09,0.02101875584043329,0.03800737589603334,3.5937763004700686e-09,0.014688562023069411,0.01395219154048647,0.03282234503787703,2.302603769625531e-09,2.4388348256898792e-09,0.025621157644234928,6.173700809848298e-09,3.515058816652391e-09,0.02561012899262229,0.005585766465078641,0.008102094743809901,0.03863417093771257,0.0173687567161696,2.407195115006143e-09,0.004730147989678883,3.5045763198014167e-09,3.490978357796679e-09,2.9234299943470954e-09,0.004145191623466147,0.035521736668504944,0.015102834663727843,0.00010049772836333188,0.0010781798584251518,0.015862016741874048,0.006514242970488499,0.033332236338065944,6.0046177547199195e-09,0.03659470933398715,0.007483559176740077,3.491819864367268e-09,5.014048591742696e-09,1.9760368230490167e-09,0.016246318685399722,0.029610461766264272,0.027579379505375264,6.007775588677711e-09,3.4837671476156355e-09,0.0203062027715231,0.02416844217893313,0.0339767020150939,2.5071903785696545e-09,2.0390468520051496e-09,0.031210065475545827,0.006684026160162137,0.0043651476246682015,2.528149589394765e-09,6.006785575709936e-09,2.095413323791623e-09,2.073741029445052e-09,0.020975945727241638,0.01172129105479956,0.019680306020601963,0.0017150539355087029
2024-09-12 00:00:00-04:00,0.007825076467879215,0.0003251427604676107,1.7627956282577437e-08,2.4304360799356053e-08,0.006222576967415007,0.02046050837376191,0.012137308457235225,0.01892620796671726,0.010574790615999242,0.03450801621798185,0.03606333298812779,3.699520217165223e-08,0.020756451983982828,0.03348797073428838,0.003663402563099804,0.01107251582048928,3.259680816137732e-08,0.0072079693708938354,0.025616080177289172,0.0030918715929527997,0.027326011026536857,3.216836253651887e-08,0.019466698634731563,3.306482733996267e-08,0.036769647362241864,1.8378127312188083e-08,3.159460454419486e-08,3.503391984981482e-08,3.304600520747599e-08,0.006058804616354812,1.9954127998606762e-08,0.014853548390082742,2.4043458909099216e-08,2.2675336205478256e-08,2.9467759410205452e-08,1.5096009793355197e-08,0.02251760217654362,0.035885596623193294,1.648572813494328e-08,1.869582301229636e-08,1.8852348587755772e-08,0.027242885694575586,1.3765131349465955e-08,1.6573005409013004e-08,0.026420563065885323,3.800336880307885e-08,1.9310881963745354e-08,0.02625495821238107,0.008339665425659792,0.004449535858721577,0.03271942682624551,0.02059435318585334,1.7411665481515992e-08,0.0012448439962947956,1.8893089380843782e-08,1.980112373259709e-08,1.29127000384769e-08,0.004528253027407288,0.02906204796412287,0.013688254115129665,1.9159458842963404e-08,0.003192556393114299,0.008799621892644657,0.009932784922702484,0.030728089673904377,3.501410317752674e-08,0.034362938501065615,0.008015736477102658,2.2737274085752277e-08,2.7305476744562834e-08,1.4953529203931015e-08,0.021389795708786182,0.030183850685309713,0.03607628097244054,2.205015068398673e-08,2.040915744005845e-08,0.017683478597809357,0.0283488573702178,0.035426122979143895,0.006562391473393333,0.0035096673741107326,0.02458616277364271,0.007671616089177367,0.008532778404413415,0.0028530480048427113,3.391260593065738e-08,0.01115963079726427,1.4470343076387392e-08,0.020114504372780586,0.01518598035887075,0.02632133548870558,2.5292376902983192e-08
2024-10-11 00:00:00-04:00,0.004563249797220705,1.8345127231230291e-09,1.8871209710549886e-09,2.6031827738251138e-09,0.0031696166069355024,0.017676372402244216,1.7911826104098654e-09,0.014516596034525838,0.014722512527413498,0.03691153575231673,0.03769246842902086,2.6716343454950366e-09,0.020222606384358684,0.03849941472400094,0.012749609679200878,0.020661425465979717,2.598103254388764e-09,0.005908558361164204,0.0247992901766172,0.016981862784658176,0.017870961426494865,2.6584708824875633e-09,0.02449200419606588,2.6342597800554296e-09,0.02807455348811875,0.0124363626581987,2.3774439188076817e-09,2.599785514419722e-09,2.673268335175664e-09,1.7651168355776461e-09,2.109025464935877e-09,0.008026168442448795,1.8711014093700244e-09,2.387048109606887e-09,2.7071405317961407e-09,2.3053382494082934e-09,0.0033173031616844646,0.038309310868043595,2.0008627927663656e-09,1.8522631637871813e-09,1.8458322464874897e-09,0.027819727625841537,0.012575803584191466,1.924120879580954e-09,0.032113973959947396,2.6102538089694607e-09,2.3644774430097197e-09,0.018974587545983433,0.007773627905929971,0.0019918953332405637,0.024712177783338337,0.014528778497199194,0.010331120676327552,0.0015470012307583893,0.0010662249158010862,2.0303738604852226e-09,1.861650561869453e-09,0.01202127036703259,0.03884545335353144,0.003979734724624615,2.189763473115967e-09,0.012018926794810097,0.003204017363019751,0.027118599374544965,0.03880811140262937,2.7146785406795157e-09,0.03683209453046439,0.026770371315817398,2.2213513954485193e-09,2.7363896711292933e-09,1.8649125790372063e-09,0.008657471080902899,0.01980097684992851,0.03376403214196125,2.3390607388627602e-09,0.0052820957610067,0.011949194524018972,0.029560017532265014,0.02078156046534616,0.016969627029523437,1.8432865998456393e-09,0.0207307424395573,0.006048392429899912,2.002886596502635e-09,1.903565002593452e-09,2.7139015382176133e-09,0.014570599746496993,1.898153032928684e-09,0.01617959137675559,0.018507275740742398,0.02256305879737712,1.986179984287836e-09
2024-11-11 00:00:00-05:00,0.0005868560174880997,0.0016736709977286264,6.317273295786802e-08,6.391046896171721e-08,6.039002908976969e-08,0.002400272726472193,6.316672778885077e-08,6.611611138346714e-08,0.014512016470140273,0.034290918892840964,0.035541936010498466,6.369708300503073e-08,0.02609679660461197,0.032293966355477335,0.025682894178001018,0.02452027381874045,6.380221906735637e-08,0.006963957841959468,0.02799885840806934,0.02795829933374278,0.0021402721452756144,6.207847694098081e-08,0.032852609607424144,6.164736852026928e-08,0.02973490503449628,0.018449229908330658,6.203579567808459e-08,6.288353959877024e-08,6.085756307193494e-08,0.0005700549676436968,6.117130931321579e-08,0.007593682217990846,0.018502393544256347,6.496553906603899e-08,5.930600182329421e-08,6.177319250144672e-08,0.004643416484767882,0.035647876369769176,0.004360671700861486,0.007668546972049813,0.007894794309768905,0.035137751469111876,0.011330047807832618,6.213676059498788e-08,0.017364008043133577,5.909715857171971e-08,6.44742988987956e-08,0.02704640830797004,6.434641808252468e-08,6.244480224203895e-08,0.008009383165658747,0.005458095859989357,0.01198201835456817,0.008113227154962264,6.469277587632517e-08,6.610896736082547e-08,0.0020435588727379305,0.011011693559429908,0.03495773866534245,0.016142096898466563,6.480734994426648e-08,0.0314114118366233,6.245773984062633e-08,0.010241256830079882,0.03520392207495066,6.609389344398387e-08,0.03441776788640154,0.02871323765679294,6.531752990902271e-08,6.556494300477743e-08,6.452238130318421e-08,0.01676418787272375,0.012803667687383155,0.019532428082807765,6.429352799010245e-08,0.008647481867843707,0.008095479512020314,0.025176090278267782,0.019445478922656176,0.011313049809671957,6.453057335641956e-08,0.025930474982883797,0.020004915423684096,6.236178474682928e-08,6.165993180083748e-08,6.323263297698933e-08,0.01766528209239846,0.002106781428615358,6.335090274155805e-08,0.03086575011438968,0.022483862508657082,6.117984927337956e-08
2024-12-11 00:00:00-05:00,0.007835676465074005,1.7646609180204507e-09,1.864736181847164e-09,2.5677803137755587e-09,1.7217053734781587e-09,2.180443597747042e-09,2.008970241050451e-09,2.2302203938346018e-09,0.02332116280276922,0.03696873545102177,0.03815652884901834,2.6425554763402152e-09,0.02270583486757107,0.03322787217987024,0.027593483438843477,0.019320392585698724,0.003943486706942077,0.010354201202972946,0.023781652937817678,0.022689113419886487,0.0065077591193251376,2.3394783979354864e-09,0.02621518176944769,2.426084937833026e-09,0.0323149369600811,0.015236065513135836,0.006294678981088624,2.6643200641476383e-09,1.7330646875338683e-09,1.9091455989677952e-09,0.005493605970793946,0.005059699688372906,0.01984305675178676,2.2601206917405537e-09,2.12620728745921e-09,2.0353629356273245e-09,1.8579063185194096e-09,0.03755993689803316,0.004405869258674197,0.014110710106792958,0.014559273912865212,0.033098105338976815,0.011293041632579166,0.002614260077007636,0.0212063461140783,2.6477833194942635e-09,2.222997319408166e-09,0.02590348756677437,1.8368799209507554e-09,1.7676481641153365e-09,0.012668523232111213,0.0013268756966243087,0.011106476737958152,0.009060741833507935,1.929062037117178e-09,2.6322732318523582e-09,1.900713137949685e-09,0.010175419954434814,0.02533455807608561,0.02108391889497645,2.1976672394492053e-09,0.027155236011922976,0.0016580797287653322,0.00867821415323926,0.038649989282831324,2.6693693057164153e-09,0.036974862461474925,0.026635275415958413,2.2216790822322885e-09,2.428557675638743e-09,0.004614379668689681,0.022581686589356956,0.0009260274101897338,0.0217839137596659,2.0429274819187977e-09,0.009526388653629217,0.005021707838127539,0.017258422294409766,0.021934452730451498,2.1049237059045916e-09,1.8610703626809348e-09,0.023952897010643653,0.004855652913463965,2.0398451552946427e-09,2.0081385874582516e-09,2.6728502261631396e-09,0.01110557567476636,0.0047916033142418255,0.0016197905710285206,0.027653598201470713,0.03964092695202826,0.0006105748079258287
