Date,Open,High,Low,Close,Volume,Dividends,Stock Splits
2004-06-23 00:00:00-04:00,3.7049838019533468,4.273081129807639,3.643234071920791,4.248381614685059,43574400,0.0,0.0
2004-06-24 00:00:00-04:00,4.334830240468117,4.369410404702318,4.075481599833028,4.1397013664245605,8887200,0.0,0.0
2004-06-25 00:00:00-04:00,4.077951872863617,4.13723155200051,3.9001125998964294,3.9025826454162598,6710000,0.0,0.0
2004-06-28 00:00:00-04:00,3.9519824981689453,4.00385204232316,3.8136630070881665,3.9519824981689453,2270800,0.0,0.0
2004-06-29 00:00:00-04:00,3.951982264448544,4.124881676963367,3.9099924340442582,4.050781726837158,2112000,0.0,0.0
2004-06-30 00:00:00-04:00,4.050781752565672,4.184161380972209,3.9593924259431192,3.9692721366882324,2087600,0.0,0.0
2004-07-01 00:00:00-04:00,3.9717423041965474,4.00138237956867,3.927282426694871,3.959392547607422,1754800,0.0,0.0
2004-07-02 00:00:00-04:00,3.9766828773116885,4.194041728973389,3.9643326481125123,4.194041728973389,993200,0.0,0.0
2004-07-06 00:00:00-04:00,4.181691912408389,4.198981761932373,4.070542206735541,4.198981761932373,1216800,0.0,0.0
2004-07-07 00:00:00-04:00,4.174281448688004,4.174281448688004,3.9643322827805445,4.028552055358887,1787600,0.0,0.0
2004-07-08 00:00:00-04:00,4.028552088210685,4.028552088210685,3.8680028910121074,3.8877627849578857,2179200,0.0,0.0
2004-07-09 00:00:00-04:00,3.9371622273120024,4.092771557241444,3.927282281073141,4.050781726837158,596800,0.0,0.0
2004-07-12 00:00:00-04:00,4.100181611183084,4.15699124202566,3.98903192378414,4.137231349945068,780800,0.0,0.0
2004-07-13 00:00:00-04:00,4.134761631937333,4.134761631937333,3.9717423915863037,3.9717423915863037,1674000,0.0,0.0
2004-07-14 00:00:00-04:00,3.9643323455485526,3.9643323455485526,3.848243026614849,3.865532875061035,2366000,0.0,0.0
2004-07-15 00:00:00-04:00,3.890232588512042,3.9025825803487773,3.6901633803151332,3.7889630794525146,1806000,0.0,0.0
2004-07-16 00:00:00-04:00,3.8037830602650047,4.050781966400564,3.6951036452102244,3.9519824981689453,3278800,0.0,0.0
2004-07-19 00:00:00-04:00,3.9643319868281064,3.993972060848839,3.9099924007552564,3.9544522762298584,954800,0.0,0.0
2004-07-20 00:00:00-04:00,3.95445236390886,3.9964421948866593,3.83589277186669,3.9668021202087402,2245200,0.0,0.0
2004-07-21 00:00:00-04:00,3.976682400197357,3.976682400197357,2.7293379030753404,2.8898870944976807,25415200,0.0,0.0
2004-07-22 00:00:00-04:00,2.8528371465643976,3.255445354234514,2.7910874257970146,3.206045389175415,9824800,0.0,0.0
2004-07-23 00:00:00-04:00,3.198635787230495,3.3344852327115264,3.1492360531164416,3.2208657264709473,1674400,0.0,0.0
2004-07-26 00:00:00-04:00,3.346835224430457,3.346835224430457,3.181345938515542,3.2801454067230225,1286000,0.0,0.0
2004-07-27 00:00:00-04:00,3.304845332716412,3.3171953249116064,3.2356857062024367,3.24556565284729,751200,0.0,0.0
2004-07-28 00:00:00-04:00,3.223335921190172,3.265325756018863,3.1121864554022056,3.2085158824920654,1534800,0.0,0.0
2004-07-29 00:00:00-04:00,3.210985779877104,3.297435491250247,3.198635787458582,3.201105833053589,908000,0.0,0.0
2004-07-30 00:00:00-04:00,3.201105922686719,3.2603856052876816,3.0998364060209456,3.21345591545105,815200,0.0,0.0
2004-08-02 00:00:00-04:00,3.206045901233216,3.2307458877077564,3.1047763806893527,3.1640563011169434,1297600,0.0,0.0
2004-08-03 00:00:00-04:00,3.1615858887666146,3.233215558569358,2.961516681079504,2.996096611022949,2944400,0.0,0.0
2004-08-04 00:00:00-04:00,2.9960968186510697,3.0010366743816053,2.9516369392936626,2.9590468406677246,2746800,0.0,0.0
2004-08-05 00:00:00-04:00,2.961516761207371,2.961516761207371,2.6379483333825164,2.6922879219055176,3030400,0.0,0.0
2004-08-06 00:00:00-04:00,2.6922880745315156,2.716988060210584,2.645358384409111,2.6601784229278564,1797200,0.0,0.0
2004-08-09 00:00:00-04:00,2.7046378853071182,2.7293378693234955,2.6824079468036794,2.714517831802368,1121600,0.0,0.0
2004-08-10 00:00:00-04:00,2.7169878482818604,2.7268677946715343,2.6873480091128386,2.7169878482818604,733200,0.0,0.0
2004-08-11 00:00:00-04:00,2.704637790348651,2.704637790348651,2.6157182750133203,2.6231281757354736,628400,0.0,0.0
2004-08-12 00:00:00-04:00,2.6478283709719985,2.6502981810395467,2.4502291966206826,2.4675190448760986,1578000,0.0,0.0
2004-08-13 00:00:00-04:00,2.467518550557011,2.4823385857759748,2.33907926607069,2.3687191009521484,2496000,0.0,0.0
2004-08-16 00:00:00-04:00,2.371189005227601,2.4329387164516896,2.2229896040672052,2.4008288383483887,2171200,0.0,0.0
2004-08-17 00:00:00-04:00,2.4403491947667506,2.7145178928424154,2.4403491947667506,2.709578037261963,2968000,0.0,0.0
2004-08-18 00:00:00-04:00,2.69228811805141,3.0010367662479718,2.637948525569513,2.951637029647827,1697600,0.0,0.0
2004-08-19 00:00:00-04:00,2.9516368521698766,3.0257365703928403,2.8898871262434924,3.005976676940918,1309600,0.0,0.0
2004-08-20 00:00:00-04:00,3.0874859730406876,3.2603851404196686,2.936816742356637,3.1121859550476074,4034800,0.0,0.0
2004-08-23 00:00:00-04:00,3.136885758018707,3.198635478592132,3.05290610034981,3.0874860286712646,1127600,0.0,0.0
2004-08-24 00:00:00-04:00,3.112186636347536,3.156646283913732,3.067726753224802,3.1541764736175537,1072400,0.0,0.0
2004-08-25 00:00:00-04:00,3.1615860457595284,3.223335772295626,3.0874863268049078,3.201105833053589,1200800,0.0,0.0
2004-08-26 00:00:00-04:00,3.2035758174549023,3.2109857185418686,3.164056030915736,3.1862857341766357,471200,0.0,0.0
2004-08-27 00:00:00-04:00,3.210985690243382,3.2628554685080355,3.1862857060958305,3.248035430908203,463600,0.0,0.0
2004-08-30 00:00:00-04:00,3.2653254557204114,3.2752054020916903,3.2258056702352964,3.2529754638671875,606000,0.0,0.0
2004-08-31 00:00:00-04:00,3.2603853928348,3.2727353847943816,3.1368859443519934,3.2109856605529785,874400,0.0,0.0
2004-09-01 00:00:00-04:00,3.260385366092961,3.2924952507019043,3.250505419717632,3.2924952507019043,512800,0.0,0.0
2004-09-02 00:00:00-04:00,3.2801452660419566,3.4505746358360128,3.2801452660419566,3.430814743041992,998800,0.0,0.0
2004-09-03 00:00:00-04:00,3.4332844901696014,3.44316443638588,3.3641248666556502,3.3962347507476807,924000,0.0,0.0
2004-09-07 00:00:00-04:00,3.398705036431842,3.398705036431842,3.30978527864345,3.317195415496826,1192000,0.0,0.0
2004-09-08 00:00:00-04:00,3.2924955192705423,3.2924955192705423,3.2480356391767233,3.270265579223633,550000,0.0,0.0
2004-09-09 00:00:00-04:00,3.2702653111277997,3.2850853484629687,3.2035757320107936,3.2529754638671875,2529200,0.0,0.0
2004-09-10 00:00:00-04:00,3.2480354939582057,3.5320843749429054,3.2480354939582057,3.5197343826293945,2795200,0.0,0.0
2004-09-13 00:00:00-04:00,3.5567841535871594,3.828483044517455,3.5567841535871594,3.7543833255767822,4345200,0.0,0.0
2004-09-14 00:00:00-04:00,3.7543831264051577,3.9742122259706063,3.7049833949175572,3.9297523498535156,2052000,0.0,0.0
2004-09-15 00:00:00-04:00,3.932222546896203,4.233561038364803,3.877882722386902,4.035962104797363,4147200,0.0,0.0
2004-09-16 00:00:00-04:00,4.038432390033375,4.073012087681696,3.966802477918371,4.016202449798584,2518400,0.0,0.0
2004-09-17 00:00:00-04:00,4.001382498888293,4.003852073389347,3.665463833181346,3.8704729080200195,4487600,0.0,0.0
2004-09-20 00:00:00-04:00,3.8902325084457656,3.9766822139671594,3.8754124714353995,3.9544522762298584,597200,0.0,0.0
2004-09-21 00:00:00-04:00,3.964331672075407,4.17428080564021,3.964331672075407,4.0409016609191895,2327200,0.0,0.0
2004-09-22 00:00:00-04:00,4.026081769033387,4.026081769033387,3.9050526035059927,3.9692721366882324,2076800,0.0,0.0
2004-09-23 00:00:00-04:00,3.9692720109996835,3.9692720109996835,3.8655324603394416,3.88035249710083,1117600,0.0,0.0
2004-09-24 00:00:00-04:00,3.942102672694386,4.161931790722314,3.9025828841852124,3.961862802505493,2796000,0.0,0.0
2004-09-27 00:00:00-04:00,3.9519822845362844,3.9692721316530504,3.830952883605921,3.850712776184082,1380000,0.0,0.0
2004-09-28 00:00:00-04:00,3.833423012949121,3.838362868423504,3.6481738393079164,3.7049834728240967,1862800,0.0,0.0
2004-09-29 00:00:00-04:00,3.717333612929242,3.9198726421339285,3.717333612929242,3.890232801437378,1700400,0.0,0.0
2004-09-30 00:00:00-04:00,3.890232681887748,3.9297524682686777,3.858122796564116,3.860592842102051,4521200,0.0,0.0
2004-10-01 00:00:00-04:00,3.860592902114282,4.14464178336659,3.83342310744417,4.112531661987305,2613600,0.0,0.0
2004-10-04 00:00:00-04:00,4.236031905986768,4.406461313708612,4.090302487532498,4.166872501373291,3153200,0.0,0.0
2004-10-05 00:00:00-04:00,4.169341029464509,4.228621177267936,4.100181642215498,4.174281120300293,1360800,0.0,0.0
2004-10-06 00:00:00-04:00,4.174281507061254,4.260731220245361,4.0730119911096825,4.260731220245361,1433600,0.0,0.0
2004-10-07 00:00:00-04:00,4.421279575874143,4.648518549829778,4.3496501502200235,4.569478988647461,5887200,0.0,0.0
2004-10-08 00:00:00-04:00,4.5595995213206795,4.5595995213206795,4.315070663987482,4.352120876312256,2528400,0.0,0.0
2004-10-11 00:00:00-04:00,4.357060727866371,4.532430203220552,4.347181016204288,4.490440368652344,1064800,0.0,0.0
2004-10-12 00:00:00-04:00,4.4459803378174865,4.542309761047363,4.364470717135354,4.542309761047363,897200,0.0,0.0
2004-10-13 00:00:00-04:00,4.5941789692951716,4.74978804648374,4.5472490531758165,4.569478988647461,1728000,0.0,0.0
2004-10-14 00:00:00-04:00,4.569479057916075,4.63122877491494,4.408929887941614,4.443509578704834,1047200,0.0,0.0
2004-10-15 00:00:00-04:00,4.46079945294831,4.505259324853226,4.347180199069484,4.441039562225342,946800,0.0,0.0
2004-10-18 00:00:00-04:00,4.421280649128156,4.52008012458936,4.359530918075771,4.517610549926758,692800,0.0,0.0
2004-10-19 00:00:00-04:00,4.532429570449791,4.5546595074772736,4.475619940763105,4.502789497375488,622400,0.0,0.0
2004-10-20 00:00:00-04:00,4.47809070404143,4.510200830990695,4.421281059270396,4.483030796051025,760800,0.0,0.0
2004-10-21 00:00:00-04:00,4.487970613073819,4.6139401249214735,4.455860959205079,4.544780254364014,721600,0.0,0.0
2004-10-22 00:00:00-04:00,4.569480396018201,4.589240292399702,4.260731720611566,4.297781467437744,1116800,0.0,0.0
2004-10-25 00:00:00-04:00,4.334831333554895,4.534900819925568,4.334831333554895,4.483030796051025,1056000,0.0,0.0
2004-10-26 00:00:00-04:00,4.4706801513376115,4.557129859924316,4.394110624812479,4.557129859924316,476800,0.0,0.0
2004-10-27 00:00:00-04:00,4.569480022329935,4.838708882956256,4.483030306063244,4.759669303894043,1922800,0.0,0.0
2004-10-28 00:00:00-04:00,4.767078270697269,5.088177102426468,4.6929787939744445,4.977027416229248,2500800,0.0,0.0
2004-10-29 00:00:00-04:00,4.96467763496683,5.019017219543457,4.794248274044572,5.019017219543457,1799600,0.0,0.0
2004-11-01 00:00:00-05:00,5.063477296399331,5.433975635160257,5.038777312926002,5.3598761558532715,3213600,0.0,0.0
2004-11-02 00:00:00-05:00,5.557474774531579,5.557474774531579,5.377165706025002,5.424095153808594,3029600,0.0,0.0
2004-11-03 00:00:00-05:00,5.485845265556379,5.606875139430216,5.310476275162017,5.352466106414795,1917600,0.0,0.0
2004-11-04 00:00:00-05:00,5.335176153716307,5.3672858023402075,5.0634772786861575,5.083237171173096,1398400,0.0,0.0
2004-11-05 00:00:00-05:00,5.144987019231497,5.275896604587355,5.075827158288457,5.152397155761719,1574800,0.0,0.0
2004-11-08 00:00:00-05:00,5.152396600189202,5.152396600189202,5.004197183355879,5.038776874542236,1014400,0.0,0.0
2004-11-09 00:00:00-05:00,4.865879092320427,4.952328340625724,4.720149686444256,4.823889255523682,1935600,0.0,0.0
2004-11-10 00:00:00-05:00,4.85352886319605,4.85352886319605,4.757199431591251,4.823889255523682,779200,0.0,0.0
2004-11-11 00:00:00-05:00,4.823888749622535,4.974557760234106,4.804128856208902,4.944918155670166,1007200,0.0,0.0
2004-11-12 00:00:00-05:00,4.989378573989051,5.001728332042694,4.816479134559631,4.93997859954834,556400,0.0,0.0
2004-11-15 00:00:00-05:00,4.95973801414711,5.137577056884766,4.9399781205095925,5.137577056884766,2122000,0.0,0.0
2004-11-16 00:00:00-05:00,5.137576246767495,5.236376170488869,5.014076813228728,5.08570671081543,2562400,0.0,0.0
2004-11-17 00:00:00-05:00,5.137576464729092,5.174626673252937,5.006667361136472,5.147456645965576,1586400,0.0,0.0
2004-11-18 00:00:00-05:00,4.692979024944524,4.692979024944524,4.27555075870887,4.401520252227783,9432400,0.0,0.0
2004-11-19 00:00:00-05:00,4.495380310670261,4.557130037623902,4.21133118979309,4.384230613708496,3152800,0.0,0.0
2004-11-22 00:00:00-05:00,4.38423052639897,4.470680236635075,4.320010755112522,4.352120876312256,872000,0.0,0.0
2004-11-23 00:00:00-05:00,4.352120289528465,4.450919743143303,4.329890353576007,4.441039562225342,1104800,0.0,0.0
2004-11-24 00:00:00-05:00,4.445980072021484,4.505259749781544,4.396580104998268,4.445980072021484,907600,0.0,0.0
2004-11-26 00:00:00-05:00,4.4212804144811635,4.4212804144811635,4.3101311871536385,4.379290580749512,514400,0.0,0.0
2004-11-29 00:00:00-05:00,4.381760357045017,4.408930386352118,4.32248067855835,4.32248067855835,1548000,0.0,0.0
2004-11-30 00:00:00-05:00,4.324950840436412,4.463270093960838,4.282961008155942,4.312600612640381,2276400,0.0,0.0
2004-12-01 00:00:00-05:00,4.315070783709915,4.359530662842775,4.152051540964784,4.18416166305542,2311200,0.0,0.0
2004-12-02 00:00:00-05:00,4.194041223073833,4.203921405241393,4.055721970519109,4.196511268615723,2929200,0.0,0.0
2004-12-03 00:00:00-05:00,4.18169109858981,4.18169109858981,4.068071369223739,4.107591152191162,1043600,0.0,0.0
2004-12-06 00:00:00-05:00,4.149581220540383,4.149581220540383,4.045841666471223,4.087831497192383,1245200,0.0,0.0
2004-12-07 00:00:00-05:00,4.085362223393379,4.09030184357874,3.9174026525956434,3.964332342147827,2875200,0.0,0.0
2004-12-08 00:00:00-05:00,3.964331774530444,3.9865617110772886,3.9174020916977037,3.9322221279144287,2116000,0.0,0.0
2004-12-09 00:00:00-05:00,3.9272826888594197,4.0779521790923265,3.8976428470652063,4.016202449798584,2348400,0.0,0.0
2004-12-10 00:00:00-05:00,3.9915018016683583,4.070541366673598,3.9297520826188936,3.9322221279144287,1934400,0.0,0.0
2004-12-13 00:00:00-05:00,3.9692718119208443,4.026081439617813,3.917402039192252,3.97668194770813,1150400,0.0,0.0
2004-12-14 00:00:00-05:00,3.9643321969335297,4.142171708257244,3.932222546896203,4.035962104797363,1650400,0.0,0.0
2004-12-15 00:00:00-05:00,4.050782088564415,4.065601891467838,3.964332374587206,4.021142482757568,1510400,0.0,0.0
2004-12-16 00:00:00-05:00,4.021142655188167,4.075482248906215,4.018672609412838,4.045842170715332,1602400,0.0,0.0
2004-12-17 00:00:00-05:00,4.048311375866707,4.048311375866707,3.8531825112644795,3.97668194770813,2897200,0.0,0.0
2004-12-20 00:00:00-05:00,3.60618412325195,3.8037830596850597,3.60618412325195,3.7543833255767822,38832000,0.0,0.0
2004-12-21 00:00:00-05:00,3.766732811531332,3.998911883957024,3.766732811531332,3.97668194770813,15005200,0.0,0.0
2004-12-22 00:00:00-05:00,3.91493249485267,4.063131922853063,3.91493249485267,4.013731956481934,6778800,0.0,0.0
2004-12-23 00:00:00-05:00,4.016201892824487,4.137231288922083,4.016201892824487,4.102651596069336,5615200,0.0,0.0
2004-12-27 00:00:00-05:00,4.137231421552248,4.2977806063749595,4.12241162001355,4.290370941162109,6694400,0.0,0.0
2004-12-28 00:00:00-05:00,4.305190828834068,4.3644705072878525,4.198981228270325,4.243441104888916,3358800,0.0,0.0
2004-12-29 00:00:00-05:00,4.198981256994954,4.248381224934216,4.15452138007222,4.240971088409424,2126000,0.0,0.0
2004-12-30 00:00:00-05:00,4.20145127134264,4.223681209639136,4.129821365473263,4.164401531219482,3416400,0.0,0.0
2004-12-31 00:00:00-05:00,4.112531753094028,4.223681450926177,4.112531753094028,4.18416166305542,1435600,0.0,0.0
2005-01-03 00:00:00-05:00,4.053252602351416,4.194041923976554,4.053252602351416,4.10018253326416,3704000,0.0,0.0
2005-01-04 00:00:00-05:00,4.08783110698259,4.124881314345111,3.984091562816038,4.0409016609191895,2843200,0.0,0.0
2005-01-05 00:00:00-05:00,4.144641733116456,4.441040131987318,4.127351414291765,4.433630466461182,12164400,0.0,0.0
2005-01-06 00:00:00-05:00,4.433630672247659,4.495380400434323,4.322480973066449,4.3768205642700195,6628400,0.0,0.0
2005-01-07 00:00:00-05:00,4.428689637963779,4.443509437661478,4.295310027345671,4.334829807281494,4608000,0.0,0.0
2005-01-10 00:00:00-05:00,4.198981820653059,4.3422411815719935,4.1866320625669555,4.194041728973389,3788400,0.0,0.0
2005-01-11 00:00:00-05:00,4.19404100516422,4.198981095991327,4.043372003841364,4.055721759796143,2862000,0.0,0.0
2005-01-12 00:00:00-05:00,3.7049836523805415,3.816133114840654,3.6333539778567783,3.7296836376190186,18628000,0.0,0.0
2005-01-13 00:00:00-05:00,3.766733169555664,3.8729427703703965,3.7173334373941036,3.766733169555664,4376800,0.0,0.0
2005-01-14 00:00:00-05:00,3.766733197371165,3.77908318939188,3.633353801771758,3.7049834728240967,3806000,0.0,0.0
2005-01-18 00:00:00-05:00,3.68028334221634,3.7420330643042417,3.618533620128438,3.7173333168029785,2507200,0.0,0.0
2005-01-19 00:00:00-05:00,3.717333493996985,3.751913189258362,3.6704035710615353,3.7025134563446045,1841600,0.0,0.0
2005-01-20 00:00:00-05:00,3.702513637113731,3.702513637113731,3.6061842121179053,3.608654022216797,4050000,0.0,0.0
2005-01-21 00:00:00-05:00,3.6160639190740502,3.6382936218271227,3.480214479281702,3.569133996963501,7144400,0.0,0.0
2005-01-24 00:00:00-05:00,3.5691339594680924,3.5987737983839785,3.408584773117917,3.4332845211029053,4587600,0.0,0.0
2005-01-25 00:00:00-05:00,3.408584560995768,3.4703342804501967,3.383884578991402,3.391294479370117,3506000,0.0,0.0
2005-01-26 00:00:00-05:00,3.3937645582659894,3.4308145316391787,3.354244775113111,3.4085845947265625,2882400,0.0,0.0
2005-01-27 00:00:00-05:00,3.4110549365925613,3.4555145787262704,3.2974354323726223,3.3641250133514404,2001600,0.0,0.0
2005-01-28 00:00:00-05:00,3.371534914197859,3.4085848907891316,3.3023752876732617,3.3246052265167236,1974800,0.0,0.0
2005-01-31 00:00:00-05:00,3.3246052268840236,3.3888249978707847,3.3023752880381054,3.383884906768799,1607200,0.0,0.0
2005-02-01 00:00:00-05:00,3.336955219082479,3.4431645866535745,3.2974354324926285,3.383884906768799,1214800,0.0,0.0
2005-02-02 00:00:00-05:00,3.3838849061382215,3.3962348983343755,3.277675538586918,3.285085439682007,3596000,0.0,0.0
2005-02-03 00:00:00-05:00,3.2850854687262987,3.3097852177804747,3.275205521993326,3.302375316619873,3137200,0.0,0.0
2005-02-04 00:00:00-05:00,3.3023754046426728,3.4777446404946804,3.285085556288248,3.4728047847747803,3363600,0.0,0.0
2005-02-07 00:00:00-05:00,3.4728046620260824,3.492564555320288,3.3517750211534345,3.3641250133514404,912400,0.0,0.0
2005-02-08 00:00:00-05:00,3.40364465443082,3.4900943605645462,3.3987047990967065,3.455514430999756,1408000,0.0,0.0
2005-02-09 00:00:00-05:00,3.460454291386856,3.4703342369534713,3.2381551628032894,3.275205135345459,1237600,0.0,0.0
2005-02-10 00:00:00-05:00,3.3097849109522004,3.3097849109522004,3.20110550696445,3.2282752990722656,1188800,0.0,0.0
2005-02-11 00:00:00-05:00,3.22333574270895,3.349305240219892,3.2208656971366154,3.3221352100372314,1364400,0.0,0.0
2005-02-14 00:00:00-05:00,3.334485084323676,3.396234808107448,3.322135092455621,3.371534824371338,1183600,0.0,0.0
2005-02-15 00:00:00-05:00,3.4085851254924986,3.598774170420027,3.4061150797716997,3.522204637527466,3428000,0.0,0.0
2005-02-16 00:00:00-05:00,3.5222044580266356,3.5296143592548788,3.339425324019885,3.457984685897827,1552000,0.0,0.0
2005-02-17 00:00:00-05:00,3.4579848645802795,3.5567843379171062,3.4135249838004453,3.482684850692749,4304800,0.0,0.0
2005-02-18 00:00:00-05:00,3.704983283195176,4.1322912421232365,3.704983283195176,3.9396321773529053,19785600,0.0,0.0
2005-02-22 00:00:00-05:00,3.9149328147472016,3.9717424509368975,3.784023222946003,3.9272825717926025,7933200,0.0,0.0
2005-02-23 00:00:00-05:00,3.8284830748066514,3.9272825438048624,3.8284830748066514,3.8704729080200195,4740800,0.0,0.0
2005-02-24 00:00:00-05:00,3.870473226131159,4.058192468212771,3.803783402408797,4.001382827758789,6050800,0.0,0.0
2005-02-25 00:00:00-05:00,4.001382026107926,4.166871293794053,4.001382026107926,4.068071365356445,5158800,0.0,0.0
2005-02-28 00:00:00-05:00,4.038432025864458,4.075481765877104,3.917402388339712,3.9668021202087402,3198400,0.0,0.0
2005-03-01 00:00:00-05:00,4.001382352288295,4.097711772143168,3.9421024375047122,4.0804219245910645,2118800,0.0,0.0
2005-03-02 00:00:00-05:00,4.142170970505482,4.196510549779986,4.105121235949551,4.176750659942627,3010800,0.0,0.0
2005-03-03 00:00:00-05:00,4.186632066977283,4.189101641706647,4.09277220941696,4.154521942138672,1974800,0.0,0.0
2005-03-04 00:00:00-05:00,4.154522130927853,4.154522130927853,4.013732809302714,4.10018253326416,1892000,0.0,0.0
2005-03-07 00:00:00-05:00,4.050781490511024,4.107591119181029,4.033491644490846,4.0705413818359375,1562000,0.0,0.0
2005-03-08 00:00:00-05:00,4.075482011873074,4.1545215876343455,4.031022132729101,4.144641876220703,1672400,0.0,0.0
2005-03-09 00:00:00-05:00,4.144641939549856,4.1569916967838685,3.991502405837682,4.021142482757568,1698400,0.0,0.0
2005-03-10 00:00:00-05:00,3.9766825752189994,3.9766825752189994,3.5814842220153844,3.8260130882263184,3472000,0.0,0.0
2005-03-11 00:00:00-05:00,3.8457729530263967,3.850713044293145,3.7766133241875357,3.8284831047058105,1118400,0.0,0.0
2005-03-14 00:00:00-05:00,3.7790834869249736,3.8778829597563163,3.7790834869249736,3.8383631706237793,1256800,0.0,0.0
2005-03-15 00:00:00-05:00,3.8037830917065327,3.853183061787188,3.704983622658252,3.7716734409332275,1733600,0.0,0.0
2005-03-16 00:00:00-05:00,3.7716734396126808,3.863063007339472,3.6284138562080597,3.692633628845215,3684400,0.0,0.0
2005-03-17 00:00:00-05:00,3.781553415454284,3.8803528852240854,3.781553415454284,3.8284831047058105,3504800,0.0,0.0
2005-03-18 00:00:00-05:00,3.8655326321498795,3.8680026776459786,3.70498344380749,3.707453489303589,3011600,0.0,0.0
2005-03-21 00:00:00-05:00,3.7049834176305163,3.821072964005426,3.695103471272428,3.7889630794525146,2294400,0.0,0.0
2005-03-22 00:00:00-05:00,3.784023228253241,3.8235430161895905,3.6926336597613028,3.7296836376190186,1382000,0.0,0.0
2005-03-23 00:00:00-05:00,3.712393493842938,3.7247434862629523,3.6061841243664454,3.6555838584899902,1624000,0.0,0.0
2005-03-24 00:00:00-05:00,3.3962350145811615,3.6629938187001057,3.38388502196229,3.6308839321136475,4046400,0.0,0.0
2005-03-28 00:00:00-05:00,3.6185337584427693,3.6531136889341114,3.5567840339945547,3.566663980484009,1988400,0.0,0.0
2005-03-29 00:00:00-05:00,3.576544167842053,3.6432339878045887,3.497504590603362,3.527144432067871,1746000,0.0,0.0
2005-03-30 00:00:00-05:00,3.522204868353238,3.591364504172267,3.4481051407688654,3.58148455619812,2360000,0.0,0.0
2005-03-31 00:00:00-05:00,3.606184036051904,3.759323325862806,3.606184036051904,3.7025134563446045,2521200,0.0,0.0
2005-04-01 00:00:00-05:00,3.5938340157506747,3.7123933738139234,3.5938340157506747,3.7049834728240967,2260400,0.0,0.0
2005-04-04 00:00:00-04:00,3.6605237425266375,3.7099237125899966,3.633353947437002,3.692633628845215,1199200,0.0,0.0
2005-04-05 00:00:00-04:00,3.7049831825848822,3.8284826220043784,3.7049831825848822,3.769202947616577,2964000,0.0,0.0
2005-04-06 00:00:00-04:00,3.7543833571823924,3.813663038611361,3.70004353142758,3.7716734409332275,2789600,0.0,0.0
2005-04-07 00:00:00-04:00,3.7494437036815373,3.858123125494736,3.7173338156203237,3.8136632442474365,1476400,0.0,0.0
2005-04-08 00:00:00-04:00,3.796373158005747,3.798843203599995,3.764263271950063,3.793903112411499,1547200,0.0,0.0
2005-04-11 00:00:00-04:00,3.7716728462484155,3.8136624373059926,3.7692028010225354,3.781552791595459,832400,0.0,0.0
2005-04-12 00:00:00-04:00,3.826012911240484,3.8778826897545806,3.7346233463454572,3.860592842102051,4554400,0.0,0.0
2005-04-13 00:00:00-04:00,3.902582489170646,4.0458415902376315,3.791433036349875,3.8161327838897705,5777200,0.0,0.0
2005-04-14 00:00:00-04:00,3.7716735598183098,3.779083461341366,3.658054049053184,3.722273588180542,3149600,0.0,0.0
2005-04-15 00:00:00-04:00,3.6926337549455654,3.714863695121908,3.5493744022052724,3.564194440841675,3368800,0.0,0.0
2005-04-18 00:00:00-04:00,3.5691343188507907,3.697573869308946,3.5197345823501633,3.680283784866333,1922400,0.0,0.0
2005-04-19 00:00:00-04:00,3.556784066081963,3.6531137218905543,3.5197343253013935,3.583954095840454,3828800,0.0,0.0
2005-04-20 00:00:00-04:00,3.5567840339945547,3.601243910975351,3.532084285549172,3.566663980484009,2084000,0.0,0.0
2005-04-21 00:00:00-04:00,3.5666639587978644,3.7519131310161495,3.5641941488578963,3.7272133827209473,4069600,0.0,0.0
2005-04-22 00:00:00-04:00,3.727213315509571,3.727213315509571,3.564194084586182,3.5938339233398438,3360000,0.0,0.0
2005-04-25 00:00:00-04:00,3.5938341313836872,3.6160640706249296,3.408584951782018,3.457984685897827,4261600,0.0,0.0
2005-04-26 00:00:00-04:00,3.4579847158948613,3.564194321832574,3.3591852468061854,3.554314374923706,3872800,0.0,0.0
2005-04-27 00:00:00-04:00,3.5518444153055477,3.6457040309906006,3.5098545810370627,3.6457040309906006,1897200,0.0,0.0
2005-04-28 00:00:00-04:00,3.645703880037074,3.6481739256109504,3.5592541694034785,3.5790140628814697,1384000,0.0,0.0
2005-04-29 00:00:00-04:00,3.579014243921555,3.6284139801153588,3.5320845534265715,3.564194440841675,1490000,0.0,0.0
2005-05-02 00:00:00-04:00,3.5765440792064047,3.5765440792064047,3.480214655723163,3.5345544815063477,1483600,0.0,0.0
2005-05-03 00:00:00-04:00,3.5197343824474956,3.6333538877242018,3.4900945422305085,3.5790140628814697,1642000,0.0,0.0
2005-05-04 00:00:00-04:00,3.5938338405808326,3.7074533376316823,3.5790138037670287,3.700043201446533,1402800,0.0,0.0
2005-05-05 00:00:00-04:00,3.692633451883497,3.7296834276554742,3.630883727820039,3.707453489303589,2910800,0.0,0.0
2005-05-06 00:00:00-04:00,3.7049831563102607,3.828482594853936,3.6876933102922216,3.7914328575134277,3101600,0.0,0.0
2005-05-09 00:00:00-04:00,3.742033566435969,3.8284832831820457,3.737093710495451,3.8136632442474365,3662800,0.0,0.0
2005-05-10 00:00:00-04:00,3.7692034228439297,3.8778828395907112,3.7642633315771814,3.8284831047058105,2954000,0.0,0.0
2005-05-11 00:00:00-04:00,3.8161330224532204,3.8704728473284087,3.776613235473633,3.776613235473633,2080400,0.0,0.0
2005-05-12 00:00:00-04:00,3.7667332269107425,3.823542860872437,3.6901634642270382,3.7025134563446045,1806000,0.0,0.0
2005-05-13 00:00:00-04:00,3.704983352038296,3.737093236022741,3.593833898588447,3.6753435134887695,3694800,0.0,0.0
2005-05-16 00:00:00-04:00,3.6728737058557934,3.7494434704003226,3.650643766615236,3.7148635387420654,1796400,0.0,0.0
2005-05-17 00:00:00-04:00,3.6728733093497667,3.8902323515440878,3.640763426752783,3.868002414703369,3041200,0.0,0.0
2005-05-18 00:00:00-04:00,3.853183265194499,3.9742126800568442,3.806253338251776,3.9124629497528076,4379600,0.0,0.0
2005-05-19 00:00:00-04:00,4.273080598649661,4.470679992859416,4.260730842623485,4.371880531311035,20659200,0.0,0.0
2005-05-20 00:00:00-04:00,4.297780619480653,4.589239386937459,4.282960817896765,4.567009449005127,10856000,0.0,0.0
2005-05-23 00:00:00-04:00,4.445980671803317,4.806598877937537,4.381760894454811,4.749789237976074,9897200,0.0,0.0
2005-05-24 00:00:00-04:00,4.754728710072795,4.875758111613815,4.725088635499503,4.8411784172058105,7348400,0.0,0.0
2005-05-25 00:00:00-04:00,4.915278557783272,4.95232830264613,4.816479081111295,4.905398845672607,7942000,0.0,0.0
2005-05-26 00:00:00-04:00,4.937507661173153,5.021487319873712,4.853528002472594,4.974557399749756,6382800,0.0,0.0
2005-05-27 00:00:00-04:00,4.989378518622055,5.001728276538652,4.902928799866674,4.905398845672607,6084400,0.0,0.0
2005-05-31 00:00:00-04:00,4.9152779027861415,5.021487502722702,4.870818026430092,4.999257564544678,6211600,0.0,0.0
2005-06-01 00:00:00-04:00,4.9646781070907755,5.011608031163862,4.935038031067503,4.979497909545898,4614000,0.0,0.0
2005-06-02 00:00:00-04:00,4.977027861767508,5.186977026093913,4.964678104912494,5.177096843719482,5700000,0.0,0.0
2005-06-03 00:00:00-04:00,5.137577328340841,5.142517419789498,5.016547914527043,5.075827598571777,4089600,0.0,0.0
2005-06-06 00:00:00-04:00,5.085707181245331,5.088177226678141,4.9671478271484375,4.9671478271484375,3219600,0.0,0.0
2005-06-07 00:00:00-04:00,4.804128707334424,4.9325677749863495,4.75472873977468,4.878228187561035,5886000,0.0,0.0
2005-06-08 00:00:00-04:00,4.902927817855373,4.9325674193638935,4.87328774523388,4.907867908477783,2114000,0.0,0.0
2005-06-09 00:00:00-04:00,4.925157876745868,4.97949746160174,4.841178218533076,4.977027416229248,3357600,0.0,0.0
2005-06-10 00:00:00-04:00,4.9572677882609835,4.959737833764967,4.853528232658695,4.875758171081543,1685600,0.0,0.0
2005-06-13 00:00:00-04:00,4.853527952510799,5.058537006378174,4.853527952510799,5.058537006378174,3239600,0.0,0.0
2005-06-14 00:00:00-04:00,5.058537604242143,5.093117772275927,4.969618316286931,5.088177680969238,1858800,0.0,0.0
2005-06-15 00:00:00-04:00,5.083237195131513,5.093117376978048,4.865878376750732,4.962207794189453,2855600,0.0,0.0
2005-06-16 00:00:00-04:00,4.989377636774368,4.994317256400114,4.814008184453354,4.8979878425598145,2862400,0.0,0.0
2005-06-17 00:00:00-04:00,4.89798782679025,5.102996880657625,4.8411781968167205,5.058537006378174,3776800,0.0,0.0
2005-06-20 00:00:00-04:00,5.061007356341023,5.162276866689004,5.011607859478574,5.152397155761719,2110800,0.0,0.0
2005-06-21 00:00:00-04:00,5.179567299831489,5.4290362712018005,4.860938930810876,4.947388648986816,8760400,0.0,0.0
2005-06-22 00:00:00-04:00,5.009138139833819,5.036307699986106,4.7571991347727165,4.927628517150879,4431200,0.0,0.0
2005-06-23 00:00:00-04:00,4.890578002878075,4.937507925514538,4.8559983078370035,4.912807941436768,2464000,0.0,0.0
2005-06-24 00:00:00-04:00,4.925158318059711,5.184506980941254,4.925158318059711,5.137577056884766,12199600,0.0,0.0
2005-06-27 00:00:00-04:00,5.137576813453383,5.137576813453383,4.94985806834807,4.999257564544678,7736400,0.0,0.0
2005-06-28 00:00:00-04:00,4.9869084540818625,5.102997779846191,4.91280849352145,5.102997779846191,4139200,0.0,0.0
2005-06-29 00:00:00-04:00,5.162276954073423,5.256136800593005,5.105467319719108,5.144987106323242,4962400,0.0,0.0
2005-06-30 00:00:00-04:00,5.132636953881587,5.20920647563343,5.03877711459986,5.058537006378174,4297200,0.0,0.0
2005-07-01 00:00:00-04:00,5.046187729165393,5.058537486030479,4.64357924822642,4.821418762207031,5656000,0.0,0.0
2005-07-05 00:00:00-04:00,4.8214188204990185,4.8485883801533,4.725088925557197,4.816478729248047,6880400,0.0,0.0
2005-07-06 00:00:00-04:00,4.789308640576965,4.838708610263363,4.776958883711878,4.821418762207031,3658400,0.0,0.0
2005-07-07 00:00:00-04:00,4.73002822696157,4.816477924965595,4.715208426796379,4.804128170013428,6946800,0.0,0.0
2005-07-08 00:00:00-04:00,4.781899032717308,4.836238623138902,4.73496910805914,4.816478729248047,6387200,0.0,0.0
2005-07-11 00:00:00-04:00,4.8288281053693645,4.890577827796661,4.816478349329103,4.888108253479004,4710800,0.0,0.0
2005-07-12 00:00:00-04:00,4.888108873794347,4.9375083753373294,4.836238855394204,4.915278434753418,4561200,0.0,0.0
2005-07-13 00:00:00-04:00,4.939978266336832,5.157337102765915,4.91527828078254,5.125227451324463,4113200,0.0,0.0
2005-07-14 00:00:00-04:00,5.236376246247522,5.676033934494105,5.221555974807129,5.599464416503906,12190800,0.0,0.0
2005-07-15 00:00:00-04:00,5.510545695026903,5.722964913966276,5.433976162826008,5.631575107574463,5727200,0.0,0.0
2005-07-18 00:00:00-04:00,5.631573951923839,5.631573951923839,5.448794847761205,5.488314628601074,6055200,0.0,0.0
2005-07-19 00:00:00-04:00,5.508075274350933,5.695794494638982,5.508075274350933,5.663684844970703,3966400,0.0,0.0
2005-07-20 00:00:00-04:00,5.619225232497506,5.730374931036077,5.49572577683822,5.680974960327148,2952800,0.0,0.0
2005-07-21 00:00:00-04:00,5.676034478093401,5.676034478093401,5.520425381970106,5.634044647216797,5056400,0.0,0.0
2005-07-22 00:00:00-04:00,5.658745295259385,5.658745295259385,5.414216417719667,5.579705715179443,4337200,0.0,0.0
2005-07-25 00:00:00-04:00,5.579705624276052,5.5821756700024405,5.495725954031028,5.547595500946045,1622400,0.0,0.0
2005-07-26 00:00:00-04:00,5.542655820090472,5.601935503537429,5.4265660277829335,5.592055320739746,1981600,0.0,0.0
2005-07-27 00:00:00-04:00,5.606875776942105,5.611815397388246,5.475966177301608,5.577235698699951,2066000,0.0,0.0
2005-07-28 00:00:00-04:00,5.596995258906079,5.947733729699633,5.5846455018601295,5.881043910980225,9069600,0.0,0.0
2005-07-29 00:00:00-04:00,5.878573203011927,5.910683321494415,5.779773744436924,5.816823482513428,3360400,0.0,0.0
2005-08-01 00:00:00-04:00,5.814354214915643,5.974903402456335,5.809414123948113,5.9502034187316895,4740000,0.0,0.0
2005-08-02 00:00:00-04:00,5.680974491389822,5.839053630828857,5.619224768657324,5.839053630828857,6251600,0.0,0.0
2005-08-03 00:00:00-04:00,5.816823580462878,5.890923528976634,5.779773841762494,5.888453483581543,2528000,0.0,0.0
2005-08-04 00:00:00-04:00,5.876103425198669,5.87857299935363,5.772363879510642,5.834113597869873,3007600,0.0,0.0
2005-08-05 00:00:00-04:00,5.829174279934566,5.851404219179289,5.809414386285148,5.848934173583984,4790800,0.0,0.0
2005-08-08 00:00:00-04:00,5.804474324001238,5.876104233282741,5.747664688365375,5.846464157104492,2375600,0.0,0.0
2005-08-09 00:00:00-04:00,5.861283200448148,6.036652646969067,5.861283200448148,5.989722728729248,6002800,0.0,0.0
2005-08-10 00:00:00-04:00,5.994663920318511,6.212022763312295,5.98725378309451,6.056413650512695,7277200,0.0,0.0
2005-08-11 00:00:00-04:00,6.051472867309543,6.063822623491505,5.873633834279085,5.915623664855957,4021600,0.0,0.0
2005-08-12 00:00:00-04:00,5.918094022176252,5.920564067962036,5.68344532588353,5.811884880065918,3632400,0.0,0.0
2005-08-15 00:00:00-04:00,5.680975148814549,5.705675134988527,5.44879603256004,5.468555927276611,10999600,0.0,0.0
2005-08-16 00:00:00-04:00,5.468555420354245,5.5451254175070215,5.273426537005221,5.4315056800842285,7941200,0.0,0.0
2005-08-17 00:00:00-04:00,5.45373594947081,5.503135920237722,5.411746115652846,5.4833760261535645,5754800,0.0,0.0
2005-08-18 00:00:00-04:00,4.8164782111697795,5.098056786605089,4.769548291559567,5.019017219543457,37466800,0.0,0.0
2005-08-19 00:00:00-04:00,5.0140771320987225,5.135106999242999,5.0140771320987225,5.058537006378174,6476000,0.0,0.0
2005-08-22 00:00:00-04:00,5.061007984543743,5.083237925780712,4.95973846162558,4.981968402862549,5842000,0.0,0.0
2005-08-23 00:00:00-04:00,4.964678259986209,5.046187882669149,4.917748334467836,4.927628517150879,2642800,0.0,0.0
2005-08-24 00:00:00-04:00,4.890578746795654,4.969618802090093,4.870818850750315,4.890578746795654,2624400,0.0,0.0
2005-08-25 00:00:00-04:00,4.89057758144901,4.915277563398343,4.784368459958931,4.868347644805908,2200000,0.0,0.0
2005-08-26 00:00:00-04:00,4.779428298845729,4.799188189891125,4.688038508315168,4.754728317260742,6824000,0.0,0.0
2005-08-29 00:00:00-04:00,4.730028335675756,4.769548117766549,4.653458816763966,4.754728317260742,3286800,0.0,0.0
2005-08-30 00:00:00-04:00,4.754728764045101,4.754728764045101,4.6015892407186,4.717679023742676,3328800,0.0,0.0
2005-08-31 00:00:00-04:00,4.710268710722839,4.784368659663851,4.680629108036826,4.7720184326171875,2428000,0.0,0.0
2005-09-01 00:00:00-04:00,4.772018729174744,4.772018729174744,4.730028896832605,4.747318744659424,2340400,0.0,0.0
2005-09-02 00:00:00-04:00,4.742379159203694,4.83129844454856,4.739909113622862,4.784368991851807,2552400,0.0,0.0
2005-09-06 00:00:00-04:00,4.838708468001108,5.048657626326071,4.8362384224781065,5.031367778778076,6259600,0.0,0.0
2005-09-07 00:00:00-04:00,5.063477899227044,5.2882468804792975,5.011608351759473,5.149927616119385,9285200,0.0,0.0
2005-09-08 00:00:00-04:00,5.1869767426529725,5.369755866574803,5.1869767426529725,5.3598761558532715,4036400,0.0,0.0
2005-09-09 00:00:00-04:00,5.345055622027625,5.433975369743212,5.211676471567222,5.42162561416626,3818000,0.0,0.0
2005-09-12 00:00:00-04:00,5.433975752896378,5.55006506528939,5.335176287975409,5.349996089935303,5780800,0.0,0.0
2005-09-13 00:00:00-04:00,5.557474652330813,5.8736333799307445,5.510544734466167,5.834113597869873,10921600,0.0,0.0
2005-09-14 00:00:00-04:00,5.772364673985406,5.898333702196475,5.7402545521958945,5.806944370269775,7464800,0.0,0.0
2005-09-15 00:00:00-04:00,5.8267040519890365,5.923033471626132,5.646394969191852,5.705674648284912,6206800,0.0,0.0
2005-09-16 00:00:00-04:00,5.750134940751596,5.831644564281636,5.693324831959775,5.829174518585205,3469200,0.0,0.0
2005-09-19 00:00:00-04:00,5.8291740382242665,5.8291740382242665,5.698264453779479,5.7106146812438965,4148000,0.0,0.0
2005-09-20 00:00:00-04:00,5.7303740804703525,5.8415232913978885,5.693323872381542,5.831643581390381,4805200,0.0,0.0
2005-09-21 00:00:00-04:00,5.772364764804756,5.8044744159864345,5.63651508091172,5.680974960327148,3892400,0.0,0.0
2005-09-22 00:00:00-04:00,5.683444950365161,5.6957947073650415,5.557475450291653,5.567355632781982,3948800,0.0,0.0
2005-09-23 00:00:00-04:00,5.5080756170797605,5.745194820502667,5.485845677036581,5.713084697723389,4678400,0.0,0.0
2005-09-26 00:00:00-04:00,5.713084726418177,5.8514044587400385,5.643925331370292,5.829174518585205,3234400,0.0,0.0
2005-09-27 00:00:00-04:00,5.802003623953416,5.915623353522372,5.747664040054422,5.821763515472412,4639200,0.0,0.0
2005-09-28 00:00:00-04:00,5.84152394363048,5.878573684743097,5.742724476959163,5.777304172515869,2494800,0.0,0.0
2005-09-29 00:00:00-04:00,5.7797741582181885,5.7797741582181885,5.564885379322523,5.663684844970703,5241600,0.0,0.0
2005-09-30 00:00:00-04:00,5.569824914827575,5.7303745740739584,5.50560561646463,5.7106146812438965,6316000,0.0,0.0
2005-10-03 00:00:00-04:00,5.903273762417257,6.076173185157359,5.873634157504284,5.927973747253418,18210400,0.0,0.0
2005-10-04 00:00:00-04:00,5.947733759194907,6.053943366323697,5.853874380286346,5.878573894500732,8906000,0.0,0.0
2005-10-05 00:00:00-04:00,5.619224215567151,5.86375303698575,5.5475943181136165,5.767423629760742,10590400,0.0,0.0
2005-10-06 00:00:00-04:00,5.7698945655592455,5.7748341856082135,5.609344900585693,5.693324565887451,5216800,0.0,0.0
2005-10-07 00:00:00-04:00,5.708144598176512,5.740254247146619,5.56241521284671,5.634044647216797,3798000,0.0,0.0
2005-10-10 00:00:00-04:00,5.626635220856504,5.656274825608746,5.475965738174698,5.495725631713867,4475200,0.0,0.0
2005-10-11 00:00:00-04:00,5.495725662218553,5.54018554070672,5.340116558622996,5.374696254730225,5022800,0.0,0.0
2005-10-12 00:00:00-04:00,5.3574067121292615,5.3574067121292615,5.1869773252452624,5.2314372062683105,5199200,0.0,0.0
2005-10-13 00:00:00-04:00,5.142517405957112,5.409276218997413,5.014077855315806,5.39198637008667,3758800,0.0,0.0
2005-10-14 00:00:00-04:00,5.404334976538115,5.508074519021009,5.401865402459453,5.488314628601074,2025600,0.0,0.0
2005-10-17 00:00:00-04:00,5.488315584447794,5.656274917825562,5.4092760090024985,5.646395206451416,3237600,0.0,0.0
2005-10-18 00:00:00-04:00,5.671094444524454,5.760014198130666,5.559945223629698,5.589584827423096,2566800,0.0,0.0
2005-10-19 00:00:00-04:00,5.592054495614173,5.661214351654053,5.55747480315072,5.661214351654053,2662800,0.0,0.0
2005-10-20 00:00:00-04:00,5.680974751722888,5.927973653971709,5.658744812831453,5.856343746185303,4316400,0.0,0.0
2005-10-21 00:00:00-04:00,5.816823882083788,6.118162840328403,5.804474125580948,6.0613532066345215,8092000,0.0,0.0
2005-10-24 00:00:00-04:00,6.034182949411144,6.293531595093442,6.014423057084045,6.239192008972168,3632800,0.0,0.0
2005-10-25 00:00:00-04:00,6.244131830413667,6.256481585917871,6.1132222549494335,6.221901893615723,5189200,0.0,0.0
2005-10-26 00:00:00-04:00,6.182382294147166,6.3552812319021665,6.174972157956941,6.286121845245361,3131600,0.0,0.0
2005-10-27 00:00:00-04:00,6.224371938736864,6.273771431865045,5.915623340012078,5.9823126792907715,4090000,0.0,0.0
2005-10-28 00:00:00-04:00,5.98972362119017,6.081113425999097,5.974903818368978,6.073703289031982,1206400,0.0,0.0
2005-10-31 00:00:00-05:00,6.187322797922387,6.291062363843731,6.113223309884165,6.1725029945373535,2518800,0.0,0.0
2005-11-01 00:00:00-05:00,6.174972014155709,6.337991237640381,6.100872538431031,6.337991237640381,3159600,0.0,0.0
2005-11-02 00:00:00-05:00,6.17497256990245,6.706020116691456,6.142862919828685,6.646740436553955,7394400,0.0,0.0
2005-11-03 00:00:00-05:00,6.6689696174903,6.876448709945702,6.545470180129368,6.550410270690918,15834000,0.0,0.0
2005-11-04 00:00:00-05:00,6.619570079490844,6.649210153651917,6.510890906830564,6.594870567321777,3308000,0.0,0.0
2005-11-07 00:00:00-05:00,6.570171358832962,6.636861180225087,6.505951583171625,6.530651569366455,2670800,0.0,0.0
2005-11-08 00:00:00-05:00,6.53312128439772,6.53312128439772,6.335521875954401,6.478781223297119,3940800,0.0,0.0
2005-11-09 00:00:00-05:00,6.446670724463217,6.634389925785388,6.439260588620893,6.550410270690918,3733600,0.0,0.0
2005-11-10 00:00:00-05:00,6.570170937356507,6.683790207005775,6.4565511965942175,6.644270420074463,3417600,0.0,0.0
2005-11-11 00:00:00-05:00,6.683789501835743,6.79246913998717,6.575110334797288,6.782588958740234,3392400,0.0,0.0
2005-11-14 00:00:00-05:00,7.002418936775987,7.014768693379375,6.589930753308392,7.007359027862549,3959200,0.0,0.0
2005-11-15 00:00:00-05:00,6.950548670604369,6.957958806965562,6.7282497620116,6.789999485015869,12067600,0.0,0.0
2005-11-16 00:00:00-05:00,6.792470254427414,6.804820011899335,6.518301304310714,6.651680946350098,10886000,0.0,0.0
2005-11-17 00:00:00-05:00,6.520770730429349,7.390206953450063,6.446671250412597,7.219777584075928,24920400,0.0,0.0
2005-11-18 00:00:00-05:00,7.214838457947759,7.222248595385589,7.004889746119633,7.101219177246094,7257600,0.0,0.0
2005-11-21 00:00:00-05:00,7.051818668992313,7.22471809387207,6.990068941694261,7.22471809387207,7127600,0.0,0.0
2005-11-22 00:00:00-05:00,7.237067760223269,7.622386392937372,7.224718003363584,7.5087666511535645,10088400,0.0,0.0
2005-11-23 00:00:00-05:00,7.533466000903654,7.790345067724438,7.4840660354033535,7.76070499420166,5989600,0.0,0.0
2005-11-25 00:00:00-05:00,7.706365853694175,7.928664297933048,7.669315641874683,7.7631754875183105,2364000,0.0,0.0
2005-11-28 00:00:00-05:00,7.824924845955732,7.906433989025071,7.669315282717561,7.713775157928467,4518800,0.0,0.0
2005-11-29 00:00:00-05:00,7.706365055195326,7.768114773678901,7.5137057639259055,7.550755500793457,5960800,0.0,0.0
2005-11-30 00:00:00-05:00,7.548285954570122,7.901494443026373,7.528526062193486,7.866914749145508,7360800,0.0,0.0
2005-12-01 00:00:00-05:00,7.903964123778246,8.143553337792577,7.800224575809137,8.13614273071289,4813600,0.0,0.0
2005-12-02 00:00:00-05:00,7.8422150897972855,7.948424692375772,7.718715639564258,7.800225257873535,6921600,0.0,0.0
2005-12-05 00:00:00-05:00,7.842215269804001,7.96571472287178,7.805165528106272,7.903964996337891,4106800,0.0,0.0
2005-12-06 00:00:00-05:00,7.903965137390797,8.26705383740203,7.903965137390797,8.247293472290039,6089600,0.0,0.0
2005-12-07 00:00:00-05:00,8.309042180965859,8.370791901029191,8.153432622582994,8.252232551574707,4710000,0.0,0.0
2005-12-08 00:00:00-05:00,8.286813528002602,8.34856325763336,8.1534338858659,8.264583587646484,3177600,0.0,0.0
2005-12-09 00:00:00-05:00,8.570862289610552,8.798100832531443,8.531342502049265,8.768461227416992,13762000,0.0,0.0
2005-12-12 00:00:00-05:00,8.677070163753694,8.736349362152847,8.5239301930665,8.674599647521973,10088800,0.0,0.0
2005-12-13 00:00:00-05:00,8.620262350119884,8.938890228454031,8.59556189374347,8.80057144165039,10327200,0.0,0.0
2005-12-14 00:00:00-05:00,8.822800087712086,8.825269661874612,8.435011930606015,8.509111404418945,8641600,0.0,0.0
2005-12-15 00:00:00-05:00,8.509110640346986,8.72646989394304,8.459710681498903,8.69435977935791,7438000,0.0,0.0
2005-12-16 00:00:00-05:00,8.694361266420684,8.83021046981885,8.602971939367519,8.649901390075684,6466000,0.0,0.0
2005-12-19 00:00:00-05:00,8.447364280045706,8.632613492580804,8.326334379943239,8.528873443603516,9604800,0.0,0.0
2005-12-20 00:00:00-05:00,8.472062782510672,8.558512969998947,8.034874580271763,8.180603981018066,10634000,0.0,0.0
2005-12-21 00:00:00-05:00,8.163312157854023,8.286811588206506,7.721184442170857,8.106502532958984,13697600,0.0,0.0
2005-12-22 00:00:00-05:00,8.163313122523311,8.242352691911039,8.054633950171683,8.185543060302734,3325200,0.0,0.0
2005-12-23 00:00:00-05:00,8.202833304308692,8.37820229848804,8.202833304308692,8.351033210754395,1796800,0.0,0.0
2005-12-27 00:00:00-05:00,8.373263414087003,8.38808274564143,8.010174715386492,8.052164077758789,3692400,0.0,0.0
2005-12-28 00:00:00-05:00,8.039813363800691,8.28187215338184,7.9805341601864255,8.252232551574707,2925600,0.0,0.0
2005-12-29 00:00:00-05:00,8.25223356831458,8.267053842157097,8.074394051108655,8.089214324951172,2236400,0.0,0.0
2005-12-30 00:00:00-05:00,8.096624174561882,8.113914023324282,7.9014952756694425,7.916315078735352,2267600,0.0,0.0
2006-01-03 00:00:00-05:00,7.92866540885302,8.506642952418694,7.805166412898444,8.457243919372559,6671200,0.0,0.0
2006-01-04 00:00:00-05:00,8.410311750803874,8.91418969664642,8.407842176561196,8.884550094604492,8873600,0.0,0.0
2006-01-05 00:00:00-05:00,8.884550305304796,8.966059448409602,8.721531076869203,8.906780242919922,4176400,0.0,0.0
2006-01-06 00:00:00-05:00,9.287157561538008,9.917005462738784,9.287157561538008,9.842905044555664,18690800,0.0,0.0
2006-01-09 00:00:00-05:00,9.731755415894714,9.746574744401634,9.509456066032184,9.516865730285645,12187600,0.0,0.0
2006-01-10 00:00:00-05:00,9.361257000002642,9.460055976863563,9.03274806993108,9.44770622253418,12278400,0.0,0.0
2006-01-11 00:00:00-05:00,9.509457797656777,9.534157311149883,9.299509106287239,9.452648162841797,7863600,0.0,0.0
2006-01-12 00:00:00-05:00,9.472405731192945,9.558855895950341,9.363726573978175,9.44770622253418,4913200,0.0,0.0
2006-01-13 00:00:00-05:00,9.393368428985852,9.539097826417045,9.378549097121514,9.418068885803223,2802800,0.0,0.0
2006-01-17 00:00:00-05:00,9.395837370169613,9.674945418705956,9.373607433874813,9.630486488342285,4218000,0.0,0.0
2006-01-18 00:00:00-05:00,9.213058609898566,10.364073424764001,9.213058609898566,10.272684097290039,10899200,0.0,0.0
2006-01-19 00:00:00-05:00,10.139303898998385,10.324553060157525,10.139303898998385,10.201053619384766,4727600,0.0,0.0
2006-01-20 00:00:00-05:00,10.198584784062138,10.371484202116196,9.862666130065918,9.862666130065918,6170000,0.0,0.0
2006-01-23 00:00:00-05:00,9.889836731466326,9.907126580048612,9.78856721453034,9.855257034301758,3576800,0.0,0.0
2006-01-24 00:00:00-05:00,9.830556843233659,9.976286243955128,9.75892693018515,9.872547149658203,4170000,0.0,0.0
2006-01-25 00:00:00-05:00,9.978756673626393,10.057796252083836,9.731757755390355,9.761397361755371,5859600,0.0,0.0
2006-01-26 00:00:00-05:00,9.80585623289848,10.00345515869919,9.781155778282141,9.924415588378906,5552400,0.0,0.0
2006-01-27 00:00:00-05:00,9.924416119481855,10.324554083419837,9.909595845918947,10.275154113769531,4632400,0.0,0.0
2006-01-30 00:00:00-05:00,10.275153396099975,10.618482642965395,10.270214247483366,10.534502983093262,6215600,0.0,0.0
2006-01-31 00:00:00-05:00,10.509803481488772,10.51227399824699,9.973816296536212,10.139305114746094,9908800,0.0,0.0
2006-02-01 00:00:00-05:00,9.92935686779013,10.094845693510678,9.781156949031404,9.904656410217285,7528400,0.0,0.0
2006-02-02 00:00:00-05:00,9.90465539450603,10.082494901888815,9.660127014080718,9.751516342163086,8017600,0.0,0.0
2006-02-03 00:00:00-05:00,9.773745682729402,9.776216199195275,9.410657024774892,9.442767143249512,8232800,0.0,0.0
2006-02-06 00:00:00-05:00,9.694706648760242,9.761396463615014,9.583556957335624,9.677416801452637,5234800,0.0,0.0
2006-02-07 00:00:00-05:00,9.707057103705788,9.719406860924886,9.267399339568545,9.423008918762207,7543600,0.0,0.0
2006-02-08 00:00:00-05:00,9.472406656490307,9.556386313249735,9.119198183257359,9.489696502685547,4088000,0.0,0.0
2006-02-09 00:00:00-05:00,9.630487259880915,9.842905516550577,9.623076652371669,9.724346160888672,4372000,0.0,0.0
2006-02-10 00:00:00-05:00,9.721875286471338,9.721875286471338,8.212712100165913,8.669659614562988,40204800,0.0,0.0
2006-02-13 00:00:00-05:00,8.731410888303095,8.849971191501417,8.430072865833324,8.46218204498291,8132000,0.0,0.0
2006-02-14 00:00:00-05:00,8.706710687977594,8.738820806820357,8.472061559005343,8.558511734008789,8603600,0.0,0.0
2006-02-15 00:00:00-05:00,8.397962269174448,8.447362235673614,8.311513034470401,8.422661781311035,10617200,0.0,0.0
2006-02-16 00:00:00-05:00,8.397962051102045,8.768460376885958,8.301632637154382,8.60050106048584,5237600,0.0,0.0
2006-02-17 00:00:00-05:00,8.607911199949248,8.714120801239554,8.452302572945698,8.481942176818848,4089200,0.0,0.0
2006-02-21 00:00:00-05:00,8.472062750086058,8.514053056357053,8.195424224079774,8.301633834838867,4914800,0.0,0.0
2006-02-22 00:00:00-05:00,8.274463824362474,8.499232803991934,8.126264849174783,8.496763229370117,11333200,0.0,0.0
2006-02-23 00:00:00-05:00,8.07686553175623,8.600503021077222,8.07192543988584,8.400433540344238,20046000,0.0,0.0
2006-02-24 00:00:00-05:00,8.397962721411051,8.464652538442323,8.269523178487052,8.34609317779541,7850800,0.0,0.0
2006-02-27 00:00:00-05:00,8.299161957234109,8.42760148737696,8.274462446225309,8.415251731872559,4257200,0.0,0.0
2006-02-28 00:00:00-05:00,8.415252273424718,8.644961321047782,8.402902517125565,8.607911109924316,7386000,0.0,0.0
2006-03-01 00:00:00-05:00,8.644962143716771,9.2525792568266,8.642492569112335,9.09203052520752,8588800,0.0,0.0
2006-03-02 00:00:00-05:00,9.064859332415523,9.200708531686503,8.943829463325317,9.069799423217773,4937200,0.0,0.0
2006-03-03 00:00:00-05:00,9.069799331953472,9.544036737485854,8.891959833765846,9.395837783813477,7648400,0.0,0.0
2006-03-06 00:00:00-05:00,9.435358242947446,9.435358242947446,8.953710195699115,8.983349800109863,3906800,0.0,0.0
2006-03-07 00:00:00-05:00,9.01545866977982,9.32420725436132,9.008049005262153,9.208117485046387,5834800,0.0,0.0
2006-03-08 00:00:00-05:00,9.138959351182727,9.361258739318126,8.99817005277232,9.341498374938965,4459200,0.0,0.0
2006-03-09 00:00:00-05:00,9.341498820027507,9.378549033890726,9.23281963744205,9.264928817749023,4411200,0.0,0.0
2006-03-10 00:00:00-05:00,9.267399342746382,9.376078525428225,9.262459251411832,9.343969345092773,4595200,0.0,0.0
2006-03-13 00:00:00-05:00,9.38595747039171,9.729285763947255,9.38595747039171,9.605786323547363,6920400,0.0,0.0
2006-03-14 00:00:00-05:00,9.608257530550793,9.830555973911691,9.539097198242626,9.825615882873535,6244800,0.0,0.0
2006-03-15 00:00:00-05:00,9.825616425191418,9.825616425191418,9.492168270632627,9.623077392578125,5800400,0.0,0.0
2006-03-16 00:00:00-05:00,9.632957633641515,9.652717999004684,9.445238873821824,9.61813735961914,5725600,0.0,0.0
2006-03-17 00:00:00-05:00,9.652716905393294,9.694706263693691,9.492167252798422,9.67000675201416,3472400,0.0,0.0
2006-03-20 00:00:00-05:00,9.645305738405504,9.645305738405504,9.487226611487273,9.55638599395752,3802400,0.0,0.0
2006-03-21 00:00:00-05:00,9.55638593344171,9.665066039179216,9.274807372623469,9.282217979431152,2792800,0.0,0.0
2006-03-22 00:00:00-05:00,9.198239020902164,9.198239020902164,9.003109672882994,9.143898963928223,5151600,0.0,0.0
2006-03-23 00:00:00-05:00,9.143898500213108,9.334087747750843,9.027808727010948,9.262457847595215,2875200,0.0,0.0
2006-03-24 00:00:00-05:00,9.2723391345446,9.371138131365713,9.200709225846708,9.289628982543945,2436400,0.0,0.0
2006-03-27 00:00:00-05:00,9.398308992362255,9.590968796309397,9.37360947653048,9.457589149475098,3378800,0.0,0.0
2006-03-28 00:00:00-05:00,9.460057611969429,9.474877885061787,9.072269417199966,9.114259719848633,2945600,0.0,0.0
2006-03-29 00:00:00-05:00,9.114260373986774,9.166129920193711,8.990760916031538,9.059920310974121,2955200,0.0,0.0
2006-03-30 00:00:00-05:00,9.096971058637582,9.213059915208447,9.04510056716321,9.094500541687012,3318400,0.0,0.0
2006-03-31 00:00:00-05:00,9.126609745432143,9.131549836608599,8.845031143956508,8.973470687866211,2730800,0.0,0.0
2006-04-03 00:00:00-04:00,9.035220619273195,9.353848498463941,8.975940466036503,9.153779983520508,2427600,0.0,0.0
2006-04-04 00:00:00-04:00,9.11425983420459,9.148839529627937,8.654841727063483,8.867260932922363,7547200,0.0,0.0
2006-04-05 00:00:00-04:00,8.953710604838275,9.240229306504057,8.926540573626042,9.18588924407959,5259600,0.0,0.0
2006-04-06 00:00:00-04:00,9.15130818814509,9.153778704557228,8.840090018257465,8.941359519958496,6906400,0.0,0.0
2006-04-07 00:00:00-04:00,8.91666032171001,8.933950170124223,8.486882743662294,8.521462440490723,7028000,0.0,0.0
2006-04-10 00:00:00-04:00,8.49676248696475,8.682011660876254,8.491822395926654,8.598031997680664,4025600,0.0,0.0
2006-04-11 00:00:00-04:00,8.54863135650678,8.558511537805122,8.17319294720329,8.215182304382324,6601600,0.0,0.0
2006-04-12 00:00:00-04:00,8.180603121471009,8.348562445097885,7.997824467199766,8.212713241577148,10817200,0.0,0.0
2006-04-13 00:00:00-04:00,8.163312867732818,8.489351316837494,8.158372777022025,8.326332092285156,6106800,0.0,0.0
2006-04-17 00:00:00-04:00,8.301632895013382,8.365852192231232,8.069453333952392,8.101563453674316,6039200,0.0,0.0
2006-04-18 00:00:00-04:00,8.200364547225652,8.311514252582057,8.066984900797964,8.28187370300293,6026400,0.0,0.0
2006-04-19 00:00:00-04:00,8.343623566430555,8.496763581663592,8.30163420053598,8.467123031616211,5162800,0.0,0.0
2006-04-20 00:00:00-04:00,8.467122817265201,8.467122817265201,8.101564522637156,8.249764442443848,7671200,0.0,0.0
2006-04-21 00:00:00-04:00,8.274463387547888,8.276932962039334,8.111444146556883,8.178133964538574,3853600,0.0,0.0
2006-04-24 00:00:00-04:00,8.150964266774023,8.175663781601083,8.015115050773007,8.032404899597168,5683600,0.0,0.0
2006-04-25 00:00:00-04:00,8.304102651278162,8.706711117112611,8.25223310905514,8.682011604309082,16170000,0.0,0.0
2006-04-26 00:00:00-04:00,8.68201153485337,8.758580589267373,8.556041570775479,8.68695068359375,4676800,0.0,0.0
2006-04-27 00:00:00-04:00,8.68942129393506,8.817860833768801,8.620261904111516,8.719060897827148,5540800,0.0,0.0
2006-04-28 00:00:00-04:00,8.669661196329947,8.882080405575277,8.54616174371997,8.65731143951416,3228800,0.0,0.0
2006-05-01 00:00:00-04:00,8.662251146343516,8.677071419200518,8.573331393653515,8.649901390075684,6187600,0.0,0.0
2006-05-02 00:00:00-04:00,8.70177099011063,8.775870470440713,8.630141084160277,8.6449613571167,5816000,0.0,0.0
2006-05-03 00:00:00-04:00,8.644960556807906,8.644960556807906,8.449831220962876,8.472061157226562,12136800,0.0,0.0
2006-05-04 00:00:00-04:00,8.533812780674394,8.756112192939888,8.533812780674394,8.630142211914062,4673600,0.0,0.0
2006-05-05 00:00:00-04:00,8.733880850679338,8.733880850679338,8.375732273804033,8.42760181427002,6876400,0.0,0.0
2006-05-08 00:00:00-04:00,8.489352412874391,8.59062192995538,8.405372744400442,8.474533081054688,3468000,0.0,0.0
2006-05-09 00:00:00-04:00,8.447361423060885,8.447361423060885,8.244822427901388,8.3707914352417,8349200,0.0,0.0
2006-05-10 00:00:00-04:00,8.370792125082525,8.370792125082525,7.93854407306961,8.074393272399902,13856800,0.0,0.0
2006-05-11 00:00:00-04:00,8.052163457799299,8.116383697010866,7.884204607902652,7.985474586486816,5454000,0.0,0.0
2006-05-12 00:00:00-04:00,7.891614753521426,7.896554373294062,7.669315374797895,7.706365585327148,9598400,0.0,0.0
2006-05-15 00:00:00-04:00,7.70883521763935,7.84221484587669,7.582866196899196,7.701425552368164,9896000,0.0,0.0
2006-05-16 00:00:00-04:00,7.63967593992606,7.780465235475634,7.508766355252296,7.533466339111328,7682000,0.0,0.0
2006-05-17 00:00:00-04:00,7.486536922871485,7.654496259128903,7.335867906263069,7.4519572257995605,12306000,0.0,0.0
2006-05-18 00:00:00-04:00,7.572986360173236,7.661906116383755,7.061698704188799,7.078988552093506,17204800,0.0,0.0
2006-05-19 00:00:00-04:00,7.093808202450825,7.18766804779847,6.856689485786691,7.051818370819092,13576000,0.0,0.0
2006-05-22 00:00:00-04:00,7.002419225137465,7.291407970019742,6.955489300108572,7.259297847747803,7234400,0.0,0.0
2006-05-23 00:00:00-04:00,7.409966972000577,7.563106496711648,7.222247752176334,7.249417781829834,6493200,0.0,0.0
2006-05-24 00:00:00-04:00,7.249417526324303,7.256827191522822,6.965368896631503,7.032058238983154,8291600,0.0,0.0
2006-05-25 00:00:00-04:00,7.204958137666506,7.508766680278194,7.150618547714887,7.506296634674072,8162400,0.0,0.0
2006-05-26 00:00:00-04:00,7.607566119370119,7.6297960586079725,7.4890067575102535,7.5087666511535645,5417600,0.0,0.0
2006-05-30 00:00:00-04:00,7.4124371716733055,7.481597034450906,7.264237734928747,7.355627536773682,7302400,0.0,0.0
2006-05-31 00:00:00-04:00,7.363037049946194,7.367977140995107,7.200017814236168,7.288937568664551,5108800,0.0,0.0
2006-06-01 00:00:00-04:00,7.175318004767921,7.713775693268367,7.140738308809809,7.669315814971924,8243200,0.0,0.0
2006-06-02 00:00:00-04:00,7.652025167059942,7.654495212386309,7.360566414130222,7.377856731414795,6800000,0.0,0.0
2006-06-05 00:00:00-04:00,7.533466667688193,7.555696607019594,7.313637791092149,7.348217487335205,6264000,0.0,0.0
2006-06-06 00:00:00-04:00,7.3482176528494385,7.3482176528494385,6.73566046241853,6.822110176086426,16804800,0.0,0.0
2006-06-07 00:00:00-04:00,6.915969959506445,6.965369933376718,6.6590908491619345,6.671441078186035,14527200,0.0,0.0
2006-06-08 00:00:00-04:00,6.607220462751547,6.619570219096535,6.199672378897885,6.384921550750732,16263200,0.0,0.0
2006-06-09 00:00:00-04:00,6.60722089437722,6.656620865210302,6.389862059160341,6.429381847381592,13853600,0.0,0.0
2006-06-12 00:00:00-04:00,6.42444129261499,6.42444129261499,6.137922613123928,6.150272369384766,7443200,0.0,0.0
2006-06-13 00:00:00-04:00,6.051473027227363,6.298471926297868,5.960083227281551,6.219432353973389,8868800,0.0,0.0
2006-06-14 00:00:00-04:00,6.244132251947919,6.365161654288968,6.179912482542116,6.266362190246582,7262800,0.0,0.0
2006-06-15 00:00:00-04:00,6.347871290283921,6.822109150199661,6.347871290283921,6.748009204864502,10306000,0.0,0.0
2006-06-16 00:00:00-04:00,6.708489610337753,6.953018447454657,6.646739889718949,6.851748943328857,9407200,0.0,0.0
2006-06-19 00:00:00-04:00,6.8616303651395985,6.864100410944419,6.634391333339864,6.671441078186035,7757200,0.0,0.0
2006-06-20 00:00:00-04:00,6.671440391625348,6.671440391625348,6.483721169794868,6.6096906661987305,7250400,0.0,0.0
2006-06-21 00:00:00-04:00,6.587460644982744,6.903619404814284,6.570170797457576,6.854219436645508,6444400,0.0,0.0
2006-06-22 00:00:00-04:00,6.854219792390997,6.881389823405295,6.691200548531281,6.82457971572876,4012800,0.0,0.0
2006-06-23 00:00:00-04:00,6.762829488221959,7.002418716127498,6.748009686542266,6.8665690422058105,3402400,0.0,0.0
2006-06-26 00:00:00-04:00,6.8690395364911305,6.896209567273345,6.698610628256414,6.829519748687744,3843200,0.0,0.0
2006-06-27 00:00:00-04:00,6.792469921042781,6.822109997078881,6.624510589435276,6.71837043762207,4140000,0.0,0.0
2006-06-28 00:00:00-04:00,6.743068954178666,6.757889225561586,6.58251978310069,6.681319236755371,3804800,0.0,0.0
2006-06-29 00:00:00-04:00,6.70108008371378,6.777650083446344,6.607220707126572,6.720839977264404,9128400,0.0,0.0
2006-06-30 00:00:00-04:00,6.723309750658409,6.799879747291085,6.570170699619067,6.584990501403809,10911200,0.0,0.0
2006-07-03 00:00:00-04:00,6.629450676747795,6.666500418436471,6.510891314898818,6.560290813446045,4048400,0.0,0.0
2006-07-05 00:00:00-04:00,6.454080104827881,6.496069930525058,6.426910550162375,6.454080104827881,5437600,0.0,0.0
2006-07-06 00:00:00-04:00,6.446672217195665,6.47878187105482,6.26883268470473,6.308352947235107,9294400,0.0,0.0
2006-07-07 00:00:00-04:00,6.293531191723221,6.29600123699492,6.058882544267341,6.1527419090271,8050800,0.0,0.0
2006-07-10 00:00:00-04:00,6.160152722657629,6.160152722657629,5.71061479822987,5.779774188995361,15658000,0.0,0.0
2006-07-11 00:00:00-04:00,5.747664546415144,6.034183234238938,5.732844273135521,5.9773736000061035,10478000,0.0,0.0
2006-07-12 00:00:00-04:00,5.965023455327667,5.999603622348582,5.688384945838483,5.693324565887451,9013600,0.0,0.0
2006-07-13 00:00:00-04:00,5.68344395872176,5.68591400391337,5.433975047724491,5.488314628601074,9873600,0.0,0.0
2006-07-14 00:00:00-04:00,5.471025857931527,5.490785752232482,5.345056355095541,5.438916206359863,5794800,0.0,0.0
2006-07-17 00:00:00-04:00,5.404335591513546,5.540185265833166,5.352466049926184,5.396925926208496,5555600,0.0,0.0
2006-07-18 00:00:00-04:00,5.39939662373998,5.4957260532428895,5.352466696317485,5.461146354675293,6475200,0.0,0.0
2006-07-19 00:00:00-04:00,5.431505234800432,5.683444201762982,5.369755515708413,5.668624401092529,12132000,0.0,0.0
2006-07-20 00:00:00-04:00,5.7501343382876655,5.7723642761133815,5.564885170482028,5.601934909820557,6590000,0.0,0.0
2006-07-21 00:00:00-04:00,5.582174941136095,5.582174941136095,5.3722257929366615,5.409275531768799,3838000,0.0,0.0
2006-07-24 00:00:00-04:00,5.419155738479763,5.745194195493203,5.379635954060739,5.725434303283691,14930000,0.0,0.0
2006-07-25 00:00:00-04:00,5.725434580736814,6.095932930954161,5.5969950395943435,6.058883190155029,10443200,0.0,0.0
2006-07-26 00:00:00-04:00,6.026773689394602,6.068763525583999,5.940323971226661,6.046533584594727,7586800,0.0,0.0
2006-07-27 00:00:00-04:00,6.076173010026129,6.202142505058056,6.04406288933071,6.140392780303955,8823600,0.0,0.0
2006-07-28 00:00:00-04:00,6.140392399535312,6.273771551754499,6.093462479720698,6.251541614532471,5364800,0.0,0.0
2006-07-31 00:00:00-04:00,6.249071845653738,6.520770723967598,6.249071845653738,6.347871780395508,9376000,0.0,0.0
2006-08-01 00:00:00-04:00,6.320701551308662,6.320701551308662,5.85881342567316,6.125572204589844,7900400,0.0,0.0
2006-08-02 00:00:00-04:00,6.135452252129843,6.360221196531833,6.135452252129843,6.256481647491455,4348000,0.0,0.0
2006-08-03 00:00:00-04:00,6.281182429999253,6.668970647847877,6.236722550302181,6.54547119140625,7109200,0.0,0.0
2006-08-04 00:00:00-04:00,6.582520540518233,6.718370217148796,6.335521642404131,6.459021091461182,5823600,0.0,0.0
2006-08-07 00:00:00-04:00,6.431851076078815,6.431851076078815,6.288591273081945,6.337991237640381,4517600,0.0,0.0
2006-08-08 00:00:00-04:00,6.3281121200819745,6.3281121200819745,6.039123383908534,6.0909929275512695,7463600,0.0,0.0
2006-08-09 00:00:00-04:00,6.152742414859534,6.291061663655529,6.098402827753644,6.150272369384766,3907600,0.0,0.0
2006-08-10 00:00:00-04:00,6.1502723068603835,6.671440118913133,6.093462674857259,6.552880764007568,10600000,0.0,0.0
2006-08-11 00:00:00-04:00,6.552880906098415,6.555350951601632,6.377511444274065,6.421971321105957,8428800,0.0,0.0
2006-08-14 00:00:00-04:00,6.5825203401242485,6.6566202899704345,6.51583052659658,6.594870567321777,13784400,0.0,0.0
2006-08-15 00:00:00-04:00,6.703549283584722,7.071577548980713,6.649209700954181,7.071577548980713,9009200,0.0,0.0
2006-08-16 00:00:00-04:00,7.071578474445438,7.088868793607605,6.841869887504386,6.995008945465088,18530000,0.0,0.0
2006-08-17 00:00:00-04:00,7.941014927017057,8.454772143568498,7.785405357856919,8.32386302947998,54836800,0.0,0.0
2006-08-18 00:00:00-04:00,8.311512434121282,8.543691035003071,8.054633380661052,8.113912582397461,19711200,0.0,0.0
2006-08-21 00:00:00-04:00,8.012644792295534,8.1978939861495,7.948425486338986,8.128734588623047,8262400,0.0,0.0
2006-08-22 00:00:00-04:00,8.150963517956267,8.365852292333651,8.133673670720501,8.212713241577148,9646800,0.0,0.0
2006-08-23 00:00:00-04:00,8.336214577671539,8.632613506656217,8.262115080981927,8.333745002746582,10819200,0.0,0.0
2006-08-24 00:00:00-04:00,8.328804910670444,8.395494740358963,8.131204996529846,8.333745002746582,4710400,0.0,0.0
2006-08-25 00:00:00-04:00,8.274463478651393,8.370792902721314,8.1707243887995,8.289283752441406,4568000,0.0,0.0
2006-08-28 00:00:00-04:00,8.200363866767248,8.422662316807816,8.200363866767248,8.378202438354492,3678000,0.0,0.0
2006-08-29 00:00:00-04:00,8.380674160894506,8.55604318323404,8.318924425516402,8.553573608398438,5428800,0.0,0.0
2006-08-30 00:00:00-04:00,8.556041427904729,8.635080997595109,8.415252135504613,8.580741882324219,3898000,0.0,0.0
2006-08-31 00:00:00-04:00,8.556041237824646,8.669660498952165,8.484411334938436,8.516521453857422,4534000,0.0,0.0
2006-09-01 00:00:00-04:00,8.578272383055516,8.640022113088072,8.462182589081959,8.496763229370117,3214400,0.0,0.0
2006-09-05 00:00:00-04:00,8.388083356194217,8.627672617508072,8.343623473842653,8.593092918395996,4647200,0.0,0.0
2006-09-06 00:00:00-04:00,8.405371554358654,8.558511537805122,8.005233634035257,8.215182304382324,7564400,0.0,0.0
2006-09-07 00:00:00-04:00,8.153431793378216,8.321391090247081,8.054632816660321,8.242351531982422,5439600,0.0,0.0
2006-09-08 00:00:00-04:00,8.249763220161624,8.323862697973356,8.165783560714734,8.232473373413086,2290800,0.0,0.0
2006-09-11 00:00:00-04:00,8.175663354674027,8.22506332397461,8.07439384160955,8.22506332397461,3483200,0.0,0.0
2006-09-12 00:00:00-04:00,8.267052096293725,8.77339956782172,8.254701399586853,8.674599647521973,10243200,0.0,0.0
2006-09-13 00:00:00-04:00,8.694360675374707,8.82774029534251,8.590620656879988,8.699300765991211,5351600,0.0,0.0
2006-09-14 00:00:00-04:00,8.649902578438168,8.71906197682026,8.575803088425047,8.630142211914062,4668000,0.0,0.0
2006-09-15 00:00:00-04:00,8.630141084160277,8.763520714090035,8.573331451166347,8.6449613571167,3342000,0.0,0.0
2006-09-18 00:00:00-04:00,8.694361866858937,8.793160866050723,8.477002561075295,8.521462440490723,5320800,0.0,0.0
2006-09-19 00:00:00-04:00,8.506641570387181,8.5832115667306,8.200363469465515,8.412782669067383,7182800,0.0,0.0
2006-09-20 00:00:00-04:00,8.546160349742392,8.80056982133553,8.521460840139593,8.775869369506836,5456400,0.0,0.0
2006-09-21 00:00:00-04:00,8.76846257957309,9.104381296757998,8.635082922650929,9.087091445922852,9144000,0.0,0.0
2006-09-22 00:00:00-04:00,9.087089461948143,9.09696964376144,8.847500235218659,8.93394947052002,7355600,0.0,0.0
2006-09-25 00:00:00-04:00,8.76846009572347,9.331617231344959,8.75857991455181,9.262457847595215,6997200,0.0,0.0
2006-09-26 00:00:00-04:00,9.324209203009467,9.558858364775455,9.306919354037603,9.482288360595703,9216000,0.0,0.0
2006-09-27 00:00:00-04:00,9.435358670848538,9.511927730900943,9.146369452503231,9.264928817749023,8145600,0.0,0.0
2006-09-28 00:00:00-04:00,9.264927901069647,9.536627243990257,9.262458326761944,9.30197811126709,7961200,0.0,0.0
2006-09-29 00:00:00-04:00,9.126609650690924,9.153779680766359,8.793160566436985,8.862320899963379,12476800,0.0,0.0
2006-10-02 00:00:00-04:00,8.859849342054448,8.990759385921555,8.689420458282388,8.709179878234863,9317600,0.0,0.0
2006-10-03 00:00:00-04:00,8.709180531066092,9.074739720961086,8.66966074597285,9.01298999786377,6731600,0.0,0.0
2006-10-04 00:00:00-04:00,8.924069324636182,9.203177365821649,8.924069324636182,9.17106819152832,12466800,0.0,0.0
2006-10-05 00:00:00-04:00,9.217998958741003,9.657656703336173,9.168598989834278,9.378548622131348,16398000,0.0,0.0
2006-10-06 00:00:00-04:00,9.635425878542444,10.00345462372303,9.561326403108204,9.96887493133545,21658400,0.0,0.0
2006-10-09 00:00:00-04:00,9.978755286183416,10.238103925826284,9.76139600453396,9.954054832458496,10282400,0.0,0.0
2006-10-10 00:00:00-04:00,9.94664702325772,9.94911659797799,9.798447099935583,9.87995719909668,6050400,0.0,0.0
2006-10-11 00:00:00-04:00,9.818206426554733,10.008395695557635,9.78609630523579,9.847846031188965,4169200,0.0,0.0
2006-10-12 00:00:00-04:00,9.909595467275881,10.000985737416068,9.776216779210285,9.95158576965332,7103600,0.0,0.0
2006-10-13 00:00:00-04:00,10.0009851214877,10.37148344355148,9.954054731001674,10.122014045715332,7662400,0.0,0.0
2006-10-16 00:00:00-04:00,10.04297487548576,10.302323522722645,10.04297487548576,10.208464622497559,6227600,0.0,0.0
2006-10-17 00:00:00-04:00,10.146715242565342,10.193644694263593,9.815736679584242,9.941705703735352,5064000,0.0,0.0
2006-10-18 00:00:00-04:00,10.11460612433112,10.188705613071873,9.845377259533024,9.97875690460205,4651600,0.0,0.0
2006-10-19 00:00:00-04:00,9.946644242078966,10.01580362162264,9.835494566222433,9.912064552307129,3321600,0.0,0.0
2006-10-20 00:00:00-04:00,9.94911554406313,9.94911554406313,9.813266335411354,9.847846031188965,2257200,0.0,0.0
2006-10-23 00:00:00-04:00,9.879956830907124,10.107195385749456,9.758926945149025,9.988636016845703,6098400,0.0,0.0
2006-10-24 00:00:00-04:00,9.93923681202836,10.050385570644407,9.90465617225718,10.003456115722656,4230000,0.0,0.0
2006-10-25 00:00:00-04:00,10.06520481337612,10.428293484843357,10.010864755816128,10.208464622497559,6446800,0.0,0.0
2006-10-26 00:00:00-04:00,10.225755301554138,10.225755301554138,9.94417575128915,10.06026554107666,4403200,0.0,0.0
2006-10-27 00:00:00-04:00,10.060264518593481,10.102254819191359,9.800915876612857,9.907125473022461,4223600,0.0,0.0
2006-10-30 00:00:00-05:00,9.8824255164733,9.897245789587767,9.625547378071328,9.825615882873535,5848400,0.0,0.0
2006-10-31 00:00:00-05:00,9.85278627732931,9.954055791796574,9.588497521470206,9.637897491455078,3535200,0.0,0.0
2006-11-01 00:00:00-05:00,9.667536298676216,9.729286020504476,9.301978058520035,9.385957717895508,5870000,0.0,0.0
2006-11-02 00:00:00-05:00,9.324208822005835,9.672477246277804,9.324208822005835,9.632957458496094,4668400,0.0,0.0
2006-11-03 00:00:00-05:00,9.657656391101648,10.084965307437676,9.645306634830748,9.998515129089355,7715600,0.0,0.0
2006-11-06 00:00:00-05:00,9.879955531215911,10.39371367110761,9.813265718313087,10.376422882080078,8667200,0.0,0.0
2006-11-07 00:00:00-05:00,10.376423020634952,10.781501994293594,10.361603690164879,10.603662490844727,12357600,0.0,0.0
2006-11-08 00:00:00-05:00,10.440644289736731,10.601193019760322,9.904656152195228,10.398653984069824,6914000,0.0,0.0
2006-11-09 00:00:00-05:00,10.497452602526177,10.56414241447993,10.223283689680514,10.270214080810547,6650400,0.0,0.0
2006-11-10 00:00:00-05:00,10.344314573358133,10.51474348137688,10.220815118850792,10.423354148864746,3816000,0.0,0.0
2006-11-13 00:00:00-05:00,10.452993173648132,11.011211204668971,10.452993173648132,10.867951393127441,12189600,0.0,0.0
2006-11-14 00:00:00-05:00,10.8432524163942,10.872892021471598,10.59378299216677,10.744452476501465,7311200,0.0,0.0
2006-11-15 00:00:00-05:00,10.754332628005912,10.867951898997543,10.386303842301304,10.470283508300781,10396400,0.0,0.0
2006-11-16 00:00:00-05:00,10.124485900824753,10.638243152057484,10.042975806925082,10.366544723510742,12387600,0.0,0.0
2006-11-17 00:00:00-05:00,10.364073519313171,10.443113091183497,10.240574070487535,10.304794311523438,3342400,0.0,0.0
2006-11-20 00:00:00-05:00,10.12695394163963,10.339373126293589,10.12695394163963,10.25786304473877,7360400,0.0,0.0
2006-11-21 00:00:00-05:00,10.250455259410845,10.35913444585139,10.230694893389229,10.29985523223877,4178000,0.0,0.0
2006-11-22 00:00:00-05:00,10.361603872695088,10.373953629046369,10.156594336804972,10.230693817138672,4959600,0.0,0.0
2006-11-24 00:00:00-05:00,10.181294615046143,10.21834388345703,10.124484983035321,10.166474342346191,1084800,0.0,0.0
2006-11-27 00:00:00-05:00,10.213404427224168,10.215874943940678,9.907126310200816,9.917006492614746,3622800,0.0,0.0
2006-11-28 00:00:00-05:00,9.917005997437458,9.917005997437458,9.623076709768954,9.719406127929688,4738400,0.0,0.0
2006-11-29 00:00:00-05:00,9.72187629187676,9.736695621994087,9.536627127602356,9.67000675201416,5952000,0.0,0.0
2006-11-30 00:00:00-05:00,9.719406699822942,9.768806670106596,9.613197093492207,9.632957458496094,6688400,0.0,0.0
2006-12-01 00:00:00-05:00,9.578616942292694,9.615667153803287,9.398307860208252,9.472407341003418,5344800,0.0,0.0
2006-12-04 00:00:00-05:00,9.366197717686969,9.578616919765961,9.361258568908124,9.514397621154785,5021600,0.0,0.0
2006-12-05 00:00:00-05:00,9.531686891501716,9.630486821165487,9.405717876295068,9.442767143249512,3451600,0.0,0.0
2006-12-06 00:00:00-05:00,9.430418223807584,9.499577615369116,9.29456901514341,9.452648162841797,4094800,0.0,0.0
2006-12-07 00:00:00-05:00,9.45264939219271,9.45511896697278,9.34643977435253,9.390899658203125,4295600,0.0,0.0
2006-12-08 00:00:00-05:00,9.336556676386424,9.539095665271898,9.301976986902448,9.516865730285645,3637200,0.0,0.0
2006-12-11 00:00:00-05:00,9.519338096104233,9.568738065919293,9.425478247678225,9.521807670593262,2824400,0.0,0.0
2006-12-12 00:00:00-05:00,9.571207927722106,10.099785453490457,9.571207927722106,9.892306327819824,11730000,0.0,0.0
2006-12-13 00:00:00-05:00,9.929356301213005,10.02568572468518,9.605787392167699,9.674946784973145,5420000,0.0,0.0
2006-12-14 00:00:00-05:00,9.724346785475843,9.87995636200065,9.711997028468554,9.870076179504395,4040400,0.0,0.0
2006-12-15 00:00:00-05:00,9.879956420377361,9.92194578289545,9.78115647928316,9.86513614654541,2960400,0.0,0.0
2006-12-18 00:00:00-05:00,9.865135562775048,9.958995407037769,9.398307800292969,9.398307800292969,5524800,0.0,0.0
2006-12-19 00:00:00-05:00,9.336558824778862,9.336558824778862,9.064860394406162,9.217999458312988,8122000,0.0,0.0
2006-12-20 00:00:00-05:00,9.227879198580773,9.38595834628841,9.213058925148415,9.215529441833496,5514800,0.0,0.0
2006-12-21 00:00:00-05:00,9.210588292082743,9.240227893314826,9.027808709662036,9.104378700256348,7947600,0.0,0.0
2006-12-22 00:00:00-05:00,9.10437772600752,9.134017324067905,8.88207838499005,8.904308319091797,4338800,0.0,0.0
2006-12-26 00:00:00-05:00,8.867260577662721,9.00063926291963,8.867260577662721,8.975939750671387,2293200,0.0,0.0
2006-12-27 00:00:00-05:00,9.012990967526884,9.156249850567654,9.012990967526884,9.129079818725586,4363600,0.0,0.0
2006-12-28 00:00:00-05:00,9.079678535461426,9.126608926312697,8.980879547477736,9.079678535461426,1761600,0.0,0.0
2006-12-29 00:00:00-05:00,9.064859655838124,9.148839318020721,8.961119629741495,9.0031099319458,2509600,0.0,0.0
2007-01-03 00:00:00-05:00,9.032748742668586,9.119197971638656,8.803039714575625,8.909249305725098,4277200,0.0,0.0
2007-01-04 00:00:00-05:00,8.894429858436252,9.356318473815918,8.780810592052108,9.356318473815918,6430400,0.0,0.0
2007-01-05 00:00:00-05:00,9.262459433851442,9.872547063406808,9.163659489666587,9.761397361755371,11618800,0.0,0.0
2007-01-08 00:00:00-05:00,9.781156040981823,9.87748640323376,9.660127107902202,9.862666130065918,4814400,0.0,0.0
2007-01-09 00:00:00-05:00,9.877486787489618,9.986165968270242,9.739167059220225,9.870076179504395,4996000,0.0,0.0
2007-01-10 00:00:00-05:00,9.830556068004482,9.941705761861808,9.776216950516702,9.936765670776367,3575600,0.0,0.0
2007-01-11 00:00:00-05:00,9.924415727115061,10.534503302390211,9.879955850410134,10.309734344482422,10939200,0.0,0.0
2007-01-12 00:00:00-05:00,10.398653033567804,10.630832596350896,10.299854041559385,10.477692604064941,6449200,0.0,0.0
2007-01-16 00:00:00-05:00,10.54438360788267,10.946992113302304,10.4480541793612,10.695053100585938,9854800,0.0,0.0
2007-01-17 00:00:00-05:00,10.633301973267193,10.73210190566711,10.485103016893303,10.534502983093262,5239200,0.0,0.0
2007-01-18 00:00:00-05:00,10.509803239380028,10.512273756081335,10.082495245980935,10.238104820251465,6803200,0.0,0.0
2007-01-19 00:00:00-05:00,10.238104344897476,10.285033795556812,10.094844534106862,10.277624130249023,5058800,0.0,0.0
2007-01-22 00:00:00-05:00,10.299854817927473,10.344314697461597,10.08496602832992,10.176355361938477,6394800,0.0,0.0
2007-01-23 00:00:00-05:00,10.168943558545761,10.225754130781784,10.126954200713703,10.196113586425781,6068800,0.0,0.0
2007-01-24 00:00:00-05:00,10.22081447106225,10.56661235643072,10.22081447106225,10.477692604064941,9301600,0.0,0.0
2007-01-25 00:00:00-05:00,10.480163786732302,10.480163786732302,10.255394817178065,10.344314575195312,6468400,0.0,0.0
2007-01-26 00:00:00-05:00,10.38630336805771,10.556733208989302,10.36901352074958,10.430763244628906,4736400,0.0,0.0
2007-01-29 00:00:00-05:00,10.430763431464326,10.658002909368081,10.344314193375196,10.494983673095703,5254000,0.0,0.0
2007-01-30 00:00:00-05:00,10.583903020899,10.741983116326551,10.571553263722523,10.608603477478027,5333600,0.0,0.0
2007-01-31 00:00:00-05:00,10.62589355768901,10.88030214153139,10.485104249909625,10.825963020324707,5612000,0.0,0.0
2007-02-01 00:00:00-05:00,10.917350533821882,11.258209247342425,10.917350533821882,11.216218948364258,10430400,0.0,0.0
2007-02-02 00:00:00-05:00,11.263149190575968,11.599067837203933,11.216219739912885,11.547198295593262,8889600,0.0,0.0
2007-02-05 00:00:00-05:00,11.54719812596627,11.692927508988362,11.36688904904504,11.641057968139648,5616800,0.0,0.0
2007-02-06 00:00:00-05:00,11.653407327854836,11.764557013197326,11.520027705443846,11.633646965026855,10726400,0.0,0.0
2007-02-07 00:00:00-05:00,11.65834805253063,11.892997191630094,11.623768357927217,11.779376983642578,10997600,0.0,0.0
2007-02-08 00:00:00-05:00,11.77937743710046,11.853477862361494,11.54719880566389,11.781847953796387,7385600,0.0,0.0
2007-02-09 00:00:00-05:00,11.72009788843666,11.848537428353003,11.559548227984726,11.611417770385742,6388800,0.0,0.0
2007-02-12 00:00:00-05:00,11.557078483333546,11.764557592107165,11.49532875979647,11.705277442932129,5591200,0.0,0.0
2007-02-13 00:00:00-05:00,11.732446148772558,12.085654602945258,11.732446148772558,11.976975440979004,7625200,0.0,0.0
2007-02-14 00:00:00-05:00,12.078246071991622,12.382054592973063,12.048605526852466,12.320304870605469,10212000,0.0,0.0
2007-02-15 00:00:00-05:00,12.349944798001749,12.359824979974393,12.181985473370844,12.253615379333496,8974000,0.0,0.0
2007-02-16 00:00:00-05:00,12.253615321329542,12.335124466652994,12.20174577955771,12.25855541229248,6041600,0.0,0.0
2007-02-20 00:00:00-05:00,12.349945337850363,12.45615494313396,12.20174637068658,12.209156036376953,10063600,0.0,0.0
2007-02-21 00:00:00-05:00,12.223976279228282,12.226445853710175,11.811487616024351,11.855947494506836,13291600,0.0,0.0
2007-02-22 00:00:00-05:00,11.287848983602904,11.979445657880724,11.179168873578964,11.643527030944824,20852400,0.0,0.0
2007-02-23 00:00:00-05:00,11.645998560124704,11.7398574641107,11.581778318212148,11.71762752532959,5260400,0.0,0.0
2007-02-26 00:00:00-05:00,11.608948055374762,11.729977928403857,11.510148120566276,11.584248542785645,9469600,0.0,0.0
2007-02-27 00:00:00-05:00,11.327370350595448,11.458279473547009,10.897591825511821,11.114951133728027,7687200,0.0,0.0
2007-02-28 00:00:00-05:00,11.117420231736451,11.117420231736451,10.633302607020243,10.680233001708984,13272400,0.0,0.0
2007-03-01 00:00:00-05:00,10.386303251283444,10.998860392212212,10.386303251283444,10.956871032714844,13634000,0.0,0.0
2007-03-02 00:00:00-05:00,10.855602848445116,11.016151582972926,10.475224281095835,10.532033920288086,7662400,0.0,0.0
2007-03-05 00:00:00-05:00,10.324553697526456,10.5937825327205,10.196114158126672,10.267744064331055,6251200,0.0,0.0
2007-03-06 00:00:00-05:00,10.445584584470383,10.709873354290204,10.43076431002424,10.658003807067871,5989200,0.0,0.0
2007-03-07 00:00:00-05:00,10.658003145157243,10.72222244598333,10.512273753278691,10.5542631149292,5326800,0.0,0.0
2007-03-08 00:00:00-05:00,10.670353406004354,10.937111746485764,10.633303191552947,10.788912773132324,6296800,0.0,0.0
2007-03-09 00:00:00-05:00,10.77162169489088,10.838311507956082,10.576492346540032,10.613542556762695,7335200,0.0,0.0
2007-03-12 00:00:00-04:00,10.593782578413185,10.774091660783078,10.529563279549313,10.699992179870605,3331600,0.0,0.0
2007-03-13 00:00:00-04:00,10.69999180300836,10.69999180300836,10.406063464109994,10.413473129272461,5493600,0.0,0.0
2007-03-14 00:00:00-04:00,10.450523372195352,10.490043156895323,10.070144855566888,10.37148380279541,6722400,0.0,0.0
2007-03-15 00:00:00-04:00,10.371484068547485,10.440643457988031,10.196114136110934,10.309734344482422,4462000,0.0,0.0
2007-03-16 00:00:00-04:00,10.280092693190158,10.34678250107691,10.215873401646938,10.282563209533691,2597200,0.0,0.0
2007-03-19 00:00:00-04:00,10.411002976390245,10.561671498934574,10.329492895228913,10.541912078857422,3654000,0.0,0.0
2007-03-20 00:00:00-04:00,10.541911734170734,10.690110677694515,10.48263159142568,10.650590896606445,3310000,0.0,0.0
2007-03-21 00:00:00-04:00,10.645652156149238,10.880301298338937,10.601192279009041,10.737042427062988,3855600,0.0,0.0
2007-03-22 00:00:00-04:00,10.732102394104004,10.806201875663348,10.625892791719403,10.732102394104004,3419200,0.0,0.0
2007-03-23 00:00:00-04:00,10.699993192077565,10.779032771491392,10.667883068495039,10.695053100585938,2744800,0.0,0.0
2007-03-26 00:00:00-04:00,10.625893592834473,10.68270323105387,10.507334224955805,10.625893592834473,3413600,0.0,0.0
2007-03-27 00:00:00-04:00,10.6209517985954,10.69505127386134,10.559202078836124,10.569082260131836,3686800,0.0,0.0
2007-03-28 00:00:00-04:00,10.546853749369571,10.734572508239804,10.43323447578427,10.608603477478027,3338400,0.0,0.0
2007-03-29 00:00:00-04:00,10.635772705078125,10.707401668180609,10.52215249785066,10.635772705078125,3395600,0.0,0.0
2007-03-30 00:00:00-04:00,10.59378311158685,10.734572415074132,10.50980344439917,10.576493263244629,3610800,0.0,0.0
2007-04-02 00:00:00-04:00,10.618483954060547,10.86795244794526,10.497454069038037,10.741983413696289,4144800,0.0,0.0
2007-04-03 00:00:00-04:00,10.84572125679837,11.134710448977481,10.82596183549287,11.082839965820312,5853200,0.0,0.0
2007-04-04 00:00:00-04:00,11.117419548466161,11.216219480682444,11.114949974162448,11.171759605407715,3476000,0.0,0.0
2007-04-05 00:00:00-04:00,11.208810539153868,11.208810539153868,11.068021239103604,11.112481117248535,2185200,0.0,0.0
2007-04-09 00:00:00-04:00,11.235980799284254,11.381710193468699,11.201400160510367,11.329839706420898,3719200,0.0,0.0
2007-04-10 00:00:00-04:00,11.334779833661166,11.339719924930263,11.226100652419237,11.287850379943848,3244800,0.0,0.0
2007-04-11 00:00:00-04:00,11.102601019708116,11.102601019708116,10.620952964278198,10.828432083129883,13078000,0.0,0.0
2007-04-12 00:00:00-04:00,10.821023887768092,10.94946344948291,10.411005685543405,10.55179500579834,15264000,0.0,0.0
2007-04-13 00:00:00-04:00,10.546851513447693,10.59872104792825,10.331962769009763,10.5172119140625,7035200,0.0,0.0
2007-04-16 00:00:00-04:00,10.5394427598688,10.695052332894026,10.522152912002225,10.680233001708984,6083200,0.0,0.0
2007-04-17 00:00:00-04:00,10.74692135800276,10.806201506561049,10.524622920917674,10.603662490844727,7706400,0.0,0.0
2007-04-18 00:00:00-04:00,10.603662872993427,10.603662872993427,10.430763454212075,10.452993392944336,7638800,0.0,0.0
2007-04-19 00:00:00-04:00,10.43076430570479,10.433234822557843,10.196115142648312,10.22575569152832,7721200,0.0,0.0
2007-04-20 00:00:00-04:00,10.22575512045505,10.369013996470146,10.181295241844076,10.312204360961914,6369200,0.0,0.0
2007-04-23 00:00:00-04:00,10.257863763476667,10.2998540654026,10.07755468397355,10.19858455657959,6510800,0.0,0.0
2007-04-24 00:00:00-04:00,10.240573609017712,10.240573609017712,10.070144716519719,10.144244194030762,4630000,0.0,0.0
2007-04-25 00:00:00-04:00,10.19364306816907,10.544380997200498,10.176353223342218,10.5172119140625,7439200,0.0,0.0
2007-04-26 00:00:00-04:00,10.546853810787148,10.611073113814438,10.42335435385106,10.52462387084961,5593600,0.0,0.0
2007-04-27 00:00:00-04:00,10.507334110106932,10.675293448322382,10.354194103823023,10.398653984069824,8167200,0.0,0.0
2007-04-30 00:00:00-04:00,10.383834956010105,10.485104476818899,10.317145133688298,10.373954772949219,4006800,0.0,0.0
2007-05-01 00:00:00-04:00,10.32455553893044,10.327026055985566,10.030627138524759,10.156596183776855,7380400,0.0,0.0
2007-05-02 00:00:00-04:00,10.12201456025936,10.277624127259696,10.028154716741982,10.19858455657959,5800400,0.0,0.0
2007-05-03 00:00:00-04:00,10.245514798850634,10.66047304809617,10.223284858990121,10.56661319732666,5596800,0.0,0.0
2007-05-04 00:00:00-04:00,10.628361644192452,10.850661015996486,10.566611923383107,10.633301734924316,5823200,0.0,0.0
2007-05-07 00:00:00-04:00,10.672821446659508,10.699991474388753,10.398652537356698,10.480162620544434,3881600,0.0,0.0
2007-05-08 00:00:00-04:00,10.47275259998963,10.744450983604192,10.388772945417248,10.709871292114258,3608800,0.0,0.0
2007-05-09 00:00:00-04:00,10.648122730409808,10.776562271484815,10.574023248850466,10.732102394104004,2157200,0.0,0.0
2007-05-10 00:00:00-04:00,10.670352359611623,10.697522388581403,10.49251285524653,10.519682884216309,2163200,0.0,0.0
2007-05-11 00:00:00-04:00,10.534503178696637,10.59625290203665,10.460402756907818,10.477692604064941,4174800,0.0,0.0
2007-05-14 00:00:00-04:00,10.480164282618606,10.942052000589774,10.438173976134259,10.658003807067871,7812800,0.0,0.0
2007-05-15 00:00:00-04:00,10.685170186872089,10.969219250578647,10.633300652805078,10.885239601135254,8039600,0.0,0.0
2007-05-16 00:00:00-04:00,10.966751897036746,11.423699500152418,10.902531653281187,11.176700592041016,13915600,0.0,0.0
2007-05-17 00:00:00-04:00,11.053201730787988,11.053201730787988,10.460403942637406,10.616013526916504,19213600,0.0,0.0
2007-05-18 00:00:00-04:00,10.653062971034027,11.485449011947582,10.564143215024073,11.312549591064453,22051200,0.0,0.0
2007-05-21 00:00:00-04:00,11.84359749322092,12.340064869727996,11.628708713141082,11.796667098999023,23118000,0.0,0.0
2007-05-22 00:00:00-04:00,11.90534670548422,11.959685820657446,11.596598092490469,11.641057968139648,6139200,0.0,0.0
2007-05-23 00:00:00-04:00,11.596598352465465,11.675637923785711,11.361949212884602,11.421229362487793,4421200,0.0,0.0
2007-05-24 00:00:00-04:00,11.189049117749313,11.300198802613656,10.905000970013724,11.08036994934082,10685600,0.0,0.0
2007-05-25 00:00:00-04:00,11.077900070726121,11.42122932645878,11.077900070726121,11.38417911529541,7043200,0.0,0.0
2007-05-29 00:00:00-04:00,11.574367497364186,11.574367497364186,11.21374936400102,11.337248802185059,5482400,0.0,0.0
2007-05-30 00:00:00-04:00,11.337248150397564,12.258553793216773,11.235978654597755,12.033784866333008,15481600,0.0,0.0
2007-05-31 00:00:00-04:00,12.20174518712595,12.20174518712595,11.650936849326914,11.670697212219238,8651200,0.0,0.0
2007-06-01 00:00:00-04:00,11.670698670990733,11.87076813026625,11.633648457049537,11.826308250427246,5761600,0.0,0.0
2007-06-04 00:00:00-04:00,11.917698141944184,11.917698141944184,11.490390114377881,11.623769760131836,6898000,0.0,0.0
2007-06-05 00:00:00-04:00,11.497798597161248,11.7941974653643,11.04085100942498,11.722567558288574,14661200,0.0,0.0
2007-06-06 00:00:00-04:00,11.707748342480958,11.722567673589953,11.324899290247274,11.475568771362305,5817600,0.0,0.0
2007-06-07 00:00:00-04:00,11.542258610711915,11.542258610711915,11.038380623043123,11.117420196533203,5972000,0.0,0.0
2007-06-08 00:00:00-04:00,11.213749750042838,11.443458788351132,11.112480244934686,11.423698425292969,5600800,0.0,0.0
2007-06-11 00:00:00-04:00,11.374299236241521,11.562018929203234,11.287849997526282,11.517559051513672,4005200,0.0,0.0
2007-06-12 00:00:00-04:00,11.386648979237453,11.460749403448615,11.16188001662115,11.201399803161621,3046400,0.0,0.0
2007-06-13 00:00:00-04:00,11.240920195087487,11.349600320596327,11.095190797703793,11.231040954589844,2712400,0.0,0.0
2007-06-14 00:00:00-04:00,11.181640983197287,11.287850591912154,11.127300920442867,11.231040954589844,3886400,0.0,0.0
2007-06-15 00:00:00-04:00,11.25574010746632,11.643528315763147,11.198930471969607,11.260680198669434,7145200,0.0,0.0
2007-06-18 00:00:00-04:00,11.260678558169921,11.39899826502796,11.04084971390023,11.077898979187012,5113200,0.0,0.0
2007-06-19 00:00:00-04:00,10.966750233797152,11.290318151325446,10.959339626963997,11.198928833007812,4096400,0.0,0.0
2007-06-20 00:00:00-04:00,11.22857077453441,11.23845095755444,11.03097182526439,11.085311889648438,4610800,0.0,0.0
2007-06-21 00:00:00-04:00,11.053199553450135,11.06554930864009,10.302322754299412,10.351722717285156,22410000,0.0,0.0
2007-06-22 00:00:00-04:00,10.477693923023738,10.514744138582122,9.954056467006891,10.015806198120117,15560000,0.0,0.0
2007-06-25 00:00:00-04:00,9.818206633333565,10.50980339012946,9.79844626834388,10.423354148864746,13568400,0.0,0.0
2007-06-26 00:00:00-04:00,10.423353318598247,10.423353318598247,10.080025013171639,10.134364128112793,8231600,0.0,0.0
2007-06-27 00:00:00-04:00,10.238103717526698,10.892650181191515,10.238103717526698,10.848190307617188,17513600,0.0,0.0
2007-06-28 00:00:00-04:00,10.848190906651451,11.14212019175976,10.714812220789277,10.719752311706543,11264400,0.0,0.0
2007-06-29 00:00:00-04:00,10.712341392421065,10.8062012326652,10.529562744932242,10.586372375488281,4509600,0.0,0.0
2007-07-02 00:00:00-04:00,10.62095323174149,10.79632223338715,10.54685374647688,10.687643051147461,4823200,0.0,0.0
2007-07-03 00:00:00-04:00,10.67776220368719,10.692582476707784,10.56908302821421,10.583902359008789,1242000,0.0,0.0
2007-07-05 00:00:00-04:00,10.551793481322076,10.88277205040028,10.504863086533271,10.875361442565918,3530800,0.0,0.0
2007-07-06 00:00:00-04:00,10.914880734325136,11.055670027852013,10.84078125492562,11.035910606384277,3343600,0.0,0.0
2007-07-09 00:00:00-04:00,10.966750472000346,11.072960064065295,10.880300300059186,10.979100227355957,3534000,0.0,0.0
2007-07-10 00:00:00-04:00,10.892650782680843,10.946990840544766,10.620952377813229,10.719752311706543,7257600,0.0,0.0
2007-07-11 00:00:00-04:00,10.556733309069958,10.759272329936197,10.329493833082216,10.699992179870605,6651200,0.0,0.0
2007-07-12 00:00:00-04:00,10.744452469970042,11.15941070970559,10.73704280426171,11.139650344848633,6626800,0.0,0.0
2007-07-13 00:00:00-04:00,11.065550629333714,11.361949500398,10.919821239356958,11.001331329345703,8098000,0.0,0.0
2007-07-16 00:00:00-04:00,11.09766144829925,11.221160907156598,10.853132105182222,10.90500259399414,2941200,0.0,0.0
2007-07-17 00:00:00-04:00,10.680232590293999,11.021090385584293,10.524623023263034,10.872891426086426,8900000,0.0,0.0
2007-07-18 00:00:00-04:00,10.71975457305759,10.843254045363663,10.596255100751518,10.69011402130127,3813200,0.0,0.0
2007-07-19 00:00:00-04:00,10.865481608321664,10.996390718782145,10.79632127826387,10.845721244812012,3597600,0.0,0.0
2007-07-20 00:00:00-04:00,10.83337190542118,10.83337190542118,10.512273523846675,10.732102394104004,5308800,0.0,0.0
2007-07-23 00:00:00-04:00,10.732103563533759,11.186581626773158,10.67282340649117,11.028502464294434,6768800,0.0,0.0
2007-07-24 00:00:00-04:00,10.872892387795325,11.040851725936138,10.692583292308354,10.714813232421875,4344400,0.0,0.0
2007-07-25 00:00:00-04:00,10.877831536062585,10.9593406812612,10.569082918046908,10.751861572265625,3108800,0.0,0.0
2007-07-26 00:00:00-04:00,10.574023848988174,10.719753245957156,10.191174778454926,10.366544723510742,6850400,0.0,0.0
2007-07-27 00:00:00-04:00,10.371484205894145,10.475223291428751,10.072614821369623,10.099784851074219,5445600,0.0,0.0
2007-07-30 00:00:00-04:00,10.114605816564792,10.144245422713999,9.897246506276403,10.003456115722656,6458000,0.0,0.0
2007-07-31 00:00:00-04:00,10.084964351303242,10.173883153359128,9.536626556382737,9.598376274108887,9219600,0.0,0.0
2007-08-01 00:00:00-04:00,9.59837723748303,9.96393549004524,9.3612585237496,9.914535522460938,9975600,0.0,0.0
2007-08-02 00:00:00-04:00,9.877486098513147,10.336903245830923,9.793506437604865,10.324553489685059,8174800,0.0,0.0
2007-08-03 00:00:00-04:00,10.423354211943328,10.546853667198047,9.86513614654541,9.86513614654541,8183600,0.0,0.0
2007-08-06 00:00:00-04:00,9.87995727916369,10.062736903407725,9.460058906354003,9.991106986999512,10954400,0.0,0.0
2007-08-07 00:00:00-04:00,9.19824043031097,10.307265081789854,9.19824043031097,10.205995559692383,8474800,0.0,0.0
2007-08-08 00:00:00-04:00,10.344315038491061,11.702809099156596,10.240575002082663,11.053201675415039,17545200,0.0,0.0
2007-08-09 00:00:00-04:00,10.88030231804704,11.290320490591302,10.522153692952243,10.811142921447754,8590800,0.0,0.0
2007-08-10 00:00:00-04:00,10.620952391075793,11.361949069522941,10.620952391075793,11.035910606384277,9058000,0.0,0.0
2007-08-13 00:00:00-04:00,11.090251813583546,11.295260425907829,10.635773766016655,10.78397274017334,6461200,0.0,0.0
2007-08-14 00:00:00-04:00,10.732103298944168,11.38664987383456,10.719753541347389,11.090251922607422,7519600,0.0,0.0
2007-08-15 00:00:00-04:00,11.016151082815092,11.361949936019148,10.450524291222477,10.571553230285645,13259600,0.0,0.0
2007-08-16 00:00:00-04:00,10.680232709760258,10.682702284148245,9.583557005195303,10.188704490661621,22675600,0.0,0.0
2007-08-17 00:00:00-04:00,10.457932652902283,10.482632164096957,9.805855758212925,9.884895324707031,10028400,0.0,0.0
2007-08-20 00:00:00-04:00,9.884895375689984,9.941705005511507,9.608256891533804,9.800915718078613,6575600,0.0,0.0
2007-08-21 00:00:00-04:00,9.830557469261198,9.941707178961904,9.59343871671713,9.781157493591309,7608800,0.0,0.0
2007-08-22 00:00:00-04:00,9.926885181191508,10.215874376271191,9.721876589737581,9.803385734558105,7460800,0.0,0.0
2007-08-23 00:00:00-04:00,9.781155618588855,9.907125579510518,9.618136389686574,9.739166259765625,5229200,0.0,0.0
2007-08-24 00:00:00-04:00,9.71199603792147,10.265273952342984,9.652716833442073,10.233163833618164,5679600,0.0,0.0
2007-08-27 00:00:00-04:00,10.107194127775145,10.27515344837389,10.003455046230856,10.013335227966309,5363600,0.0,0.0
2007-08-28 00:00:00-04:00,9.87995528498038,9.92688473338269,9.726816241886452,9.800915718078613,3793200,0.0,0.0
2007-08-29 00:00:00-04:00,9.860194790964858,10.050384040737624,9.818205433830766,10.0108642578125,1978400,0.0,0.0
2007-08-30 00:00:00-04:00,9.837967210921272,10.176355459760643,9.771277390979018,9.81326675415039,4205600,0.0,0.0
2007-08-31 00:00:00-04:00,10.080025849930184,10.14918524317413,9.944175695735197,9.986166000366211,3502800,0.0,0.0
2007-09-04 00:00:00-04:00,9.894775671125387,10.223283698178841,9.894775671125387,10.070144653320312,3104800,0.0,0.0
2007-09-05 00:00:00-04:00,10.025684689949014,10.164004403510193,9.929355276418857,10.117074012756348,2706800,0.0,0.0
2007-09-06 00:00:00-04:00,10.117075654493618,10.625893774800817,10.102256322146319,10.532033920288086,7916000,0.0,0.0
2007-09-07 00:00:00-04:00,10.324554517810727,10.719753349414551,10.275154546081987,10.672822952270508,7086800,0.0,0.0
2007-09-10 00:00:00-04:00,10.68023416422382,10.917352911254639,10.361605317898956,10.897592544555664,5398800,0.0,0.0
2007-09-11 00:00:00-04:00,10.89759236322155,11.485450071568138,10.89759236322155,11.344660758972168,12404800,0.0,0.0
2007-09-12 00:00:00-04:00,11.17917048411224,11.722568285838982,11.152001394918075,11.347129821777344,9156800,0.0,0.0
2007-09-13 00:00:00-04:00,11.5200287075445,11.552138828820173,11.253270381743793,11.47062873840332,2404000,0.0,0.0
2007-09-14 00:00:00-04:00,11.233510199569432,11.544729350653183,11.19152083756467,11.455809593200684,4364800,0.0,0.0
2007-09-17 00:00:00-04:00,11.26314935519238,11.39652898604866,11.203870147406938,11.295259475708008,5188400,0.0,0.0
2007-09-18 00:00:00-04:00,11.361950095886412,11.63364852563674,10.961812117202413,11.347129821777344,12685600,0.0,0.0
2007-09-19 00:00:00-04:00,11.391589164800848,11.485449011947582,11.19399023045986,11.312549591064453,6304800,0.0,0.0
2007-09-20 00:00:00-04:00,11.216220146253733,11.403938897932731,11.17423078501705,11.275500297546387,3334400,0.0,0.0
2007-09-21 00:00:00-04:00,11.36194870407517,11.433578606822051,11.292789317823544,11.423698425292969,4425200,0.0,0.0
2007-09-24 00:00:00-04:00,11.485448252495647,12.278314454114339,11.453338133342816,11.972036361694336,12143200,0.0,0.0
2007-09-25 00:00:00-04:00,11.870767337170657,12.337595102064972,11.794197339846725,12.327714920043945,8191200,0.0,0.0
2007-09-26 00:00:00-04:00,12.345004068209834,12.68092270008917,12.298074619607206,12.466033935546875,10719600,0.0,0.0
2007-09-27 00:00:00-04:00,12.349944191142248,12.782192237832227,12.310424407419632,12.582122802734375,6677600,0.0,0.0
2007-09-28 00:00:00-04:00,12.458623196559214,12.782192069302317,12.384523720834537,12.675982475280762,7479200,0.0,0.0
2007-10-01 00:00:00-04:00,12.693272909842785,13.08600118583407,12.693272909842785,13.06377124786377,4530000,0.0,0.0
2007-10-02 00:00:00-04:00,13.056361082862722,13.204560035508168,12.382054246541815,12.787132263183594,7422400,0.0,0.0
2007-10-03 00:00:00-04:00,12.648813756618138,13.01190245013684,12.554954850692718,12.883462905883789,5765200,0.0,0.0
2007-10-04 00:00:00-04:00,12.858763276414614,12.888402881059735,12.614233946970746,12.73526382446289,4121200,0.0,0.0
2007-10-05 00:00:00-04:00,12.895811872612171,13.365110142389337,12.843942331637873,13.147750854492188,4984400,0.0,0.0
2007-10-08 00:00:00-04:00,13.15516026323117,13.866517319245478,13.056361274095778,13.646688461303711,7436000,0.0,0.0
2007-10-09 00:00:00-04:00,13.661508900087838,14.190086372190063,13.584938905238774,13.910977363586426,7546400,0.0,0.0
2007-10-10 00:00:00-04:00,13.906038380133252,14.01471850305446,13.777598834461138,13.780069351196289,5253600,0.0,0.0
2007-10-11 00:00:00-04:00,13.834409258927176,14.209847734853266,13.22432255999513,13.557770729064941,5573200,0.0,0.0
2007-10-12 00:00:00-04:00,13.745490146803228,14.209847433673325,13.451560831717499,14.093758583068848,4886800,0.0,0.0
2007-10-15 00:00:00-04:00,13.797358433002127,13.940617302222952,13.202091133415609,13.486139297485352,6368400,0.0,0.0
2007-10-16 00:00:00-04:00,13.51084059084964,14.014718594331338,13.51084059084964,13.891219139099121,5408800,0.0,0.0
2007-10-17 00:00:00-04:00,14.019658001937204,14.103637670732937,13.27125159093994,13.397221565246582,6142800,0.0,0.0
2007-10-18 00:00:00-04:00,13.409571073031767,14.115988107599449,13.303361466171532,13.57505989074707,8486800,0.0,0.0
2007-10-19 00:00:00-04:00,13.579998363388876,13.668918111298979,12.85382199249963,12.913101196289062,7014000,0.0,0.0
2007-10-22 00:00:00-04:00,12.675984107035319,13.083532689322906,12.349945618095678,12.89581298828125,6922800,0.0,0.0
2007-10-23 00:00:00-04:00,12.900753274675237,13.476261201449596,12.8068934227351,13.392281532287598,6253200,0.0,0.0
2007-10-24 00:00:00-04:00,13.246551631260132,13.493550537980939,12.79701369640635,13.157631874084473,4385600,0.0,0.0
2007-10-25 00:00:00-04:00,13.189743341134172,13.189743341134172,12.495676003252518,12.616705894470215,4119200,0.0,0.0
2007-10-26 00:00:00-04:00,12.717973371423005,12.829122119110057,12.349944607538907,12.705622673034668,5526000,0.0,0.0
2007-10-29 00:00:00-04:00,12.843943840790333,13.347821863755604,12.646344893223395,13.17739200592041,5684000,0.0,0.0
2007-10-30 00:00:00-04:00,13.09094158438749,13.444150083646216,12.96250204445468,13.276190757751465,3004800,0.0,0.0
2007-10-31 00:00:00-04:00,13.340410816831492,13.955438522027762,13.132931693151239,13.923328399658203,6966000,0.0,0.0
2007-11-01 00:00:00-04:00,13.592349259394776,13.708439044709149,13.160101181408452,13.219381332397461,5481200,0.0,0.0
2007-11-02 00:00:00-04:00,13.360170875114644,13.636809386257454,13.162571938584064,13.43674087524414,3520800,0.0,0.0
2007-11-05 00:00:00-05:00,13.263841660089685,13.320651296342449,12.792073779513533,12.984732627868652,4466800,0.0,0.0
2007-11-06 00:00:00-05:00,12.994612636666183,13.397221118547515,12.703153851282893,12.920513153076172,3630800,0.0,0.0
2007-11-07 00:00:00-05:00,12.873581652722727,12.873581652722727,12.36476455144795,12.53519344329834,7518800,0.0,0.0
2007-11-08 00:00:00-05:00,12.535195324020535,12.577184688600935,11.460750387423507,11.986857414245605,10594000,0.0,0.0
2007-11-09 00:00:00-05:00,11.769497118185246,12.517903430022853,11.260679081458875,12.349944114685059,10060800,0.0,0.0
2007-11-12 00:00:00-05:00,12.811832479165215,13.002021742263205,12.421574713215245,12.56977367401123,8931200,0.0,0.0
2007-11-13 00:00:00-05:00,12.43886460194447,13.021782149539481,12.43886460194447,12.843942642211914,5360000,0.0,0.0
2007-11-14 00:00:00-05:00,13.016842058533047,13.090941539177527,12.559893533811051,12.843942642211914,4525200,0.0,0.0
2007-11-15 00:00:00-05:00,12.955092602658084,13.436740650163635,12.463564372934993,12.545074462890625,11237200,0.0,0.0
2007-11-16 00:00:00-05:00,12.278314799755814,14.177736898437157,11.922636731447989,14.165386199951172,18163600,0.0,0.0
2007-11-19 00:00:00-05:00,14.078937116313146,14.078937116313146,13.253960763387509,13.360170364379883,8741200,0.0,0.0
2007-11-20 00:00:00-05:00,13.463910529255019,14.325937162766483,13.251492252449433,14.177738189697266,13722000,0.0,0.0
2007-11-21 00:00:00-05:00,13.86898883946185,14.160447621622378,13.86898883946185,13.920858383178711,8075600,0.0,0.0
2007-11-23 00:00:00-05:00,13.955438806716218,13.955438806716218,13.308301908174984,13.624460220336914,3143600,0.0,0.0
2007-11-26 00:00:00-05:00,13.295950764224324,13.893687628599599,12.759962680416832,12.86864185333252,8430400,0.0,0.0
2007-11-27 00:00:00-05:00,12.799483239210074,13.160101415995518,12.732793421493414,12.962502479553223,5493600,0.0,0.0
2007-11-28 00:00:00-05:00,12.962501935852112,13.75289859069483,12.947681662905795,13.4441499710083,6338000,0.0,0.0
2007-11-29 00:00:00-05:00,13.224321944498724,13.713379676077873,13.105762580075847,13.64915943145752,6567200,0.0,0.0
2007-11-30 00:00:00-05:00,13.738078163609618,14.259245978549226,13.656569018884419,14.012247085571289,13260000,0.0,0.0
2007-12-03 00:00:00-05:00,14.027067798423378,14.14315664105139,13.362640152442955,13.77759838104248,6007600,0.0,0.0
2007-12-04 00:00:00-05:00,13.62445829324273,13.789948034137943,13.555298907795994,13.666448593139648,4118400,0.0,0.0
2007-12-05 00:00:00-05:00,13.831937616432132,14.054236990729466,13.644218877645695,13.846757888793945,4464800,0.0,0.0
2007-12-06 00:00:00-05:00,13.780069496218193,14.086347618776003,13.644220283363063,13.96531867980957,4120400,0.0,0.0
2007-12-07 00:00:00-05:00,14.101166883438948,14.609984943821686,13.955437498421261,14.286416053771973,7637600,0.0,0.0
2007-12-10 00:00:00-05:00,14.353106288458537,14.353106288458537,13.89368818182341,14.251836776733398,4537200,0.0,0.0
2007-12-11 00:00:00-05:00,14.093757803716105,14.777944880973658,14.078937530272338,14.157977104187012,7197200,0.0,0.0
2007-12-12 00:00:00-05:00,14.370395091185381,14.681613269248054,14.160446417483875,14.37780475616455,5797200,0.0,0.0
2007-12-13 00:00:00-05:00,14.350634407640674,14.773003204309811,14.296295295297572,14.644563674926758,4985600,0.0,0.0
2007-12-14 00:00:00-05:00,14.642094288247568,14.894033275834849,14.380276060888521,14.708784103393555,5088000,0.0,0.0
2007-12-17 00:00:00-05:00,14.572935430678545,14.748304427523644,14.417325856324277,14.506245613098145,7094000,0.0,0.0
2007-12-18 00:00:00-05:00,14.684085339921952,14.684085339921952,14.251837248835589,14.44943618774414,7680400,0.0,0.0
2007-12-19 00:00:00-05:00,14.261718319088365,15.02247451679769,14.261718319088365,14.807585716247559,9344800,0.0,0.0
2007-12-20 00:00:00-05:00,15.01012310345413,16.05492832606805,15.01012310345413,16.052457809448242,12336400,0.0,0.0
2007-12-21 00:00:00-05:00,16.05493014466529,16.18336875666362,15.476952621768293,15.74618148803711,7774400,0.0,0.0
2007-12-24 00:00:00-05:00,15.565871235087178,15.993179231209114,15.53623163006499,15.802989959716797,1468800,0.0,0.0
2007-12-26 00:00:00-05:00,15.760999494407455,15.867208150153788,15.388030643232282,15.775818824768066,2811600,0.0,0.0
2007-12-27 00:00:00-05:00,15.756059382563151,16.067278510885366,15.523879823478898,15.817809104919434,3504000,0.0,0.0
2007-12-28 00:00:00-05:00,15.919076603805776,15.998116167751636,15.716538545642187,15.90672779083252,2335600,0.0,0.0
2007-12-31 00:00:00-05:00,15.906730509476267,15.906730509476267,15.425082436581635,15.48436164855957,3516800,0.0,0.0
2008-01-02 00:00:00-05:00,15.573281463006113,15.69678092098749,14.787824834866484,14.889094352722168,4980000,0.0,0.0
2008-01-03 00:00:00-05:00,14.819932900613123,15.271941306350284,14.819932900613123,15.061991691589355,3689200,0.0,0.0
2008-01-04 00:00:00-05:00,14.82240206063802,14.970601950838276,14.345695099171103,14.53835391998291,6438000,0.0,0.0
2008-01-07 00:00:00-05:00,14.306175707893852,14.33087616300875,13.550359683672358,14.266655921936035,13106800,0.0,0.0
2008-01-08 00:00:00-05:00,14.266655462142941,14.644564404300263,13.463909070187475,13.510839462280273,6574000,0.0,0.0
2008-01-09 00:00:00-05:00,13.441680711721743,13.646690266638414,12.898283844025618,13.419451713562012,9061600,0.0,0.0
2008-01-10 00:00:00-05:00,13.332998356249634,13.918385390912508,13.11316952149833,13.72819709777832,8768000,0.0,0.0
2008-01-11 00:00:00-05:00,13.72325984141807,14.101167873930054,13.330531535037082,13.454030990600586,6540000,0.0,0.0
2008-01-14 00:00:00-05:00,13.65163116926733,13.787480394263568,13.288542435465935,13.745491027832031,4768400,0.0,0.0
2008-01-15 00:00:00-05:00,13.431799909741114,13.626928316861482,13.360170005465719,13.389809608459473,5776800,0.0,0.0
2008-01-16 00:00:00-05:00,13.271250784983527,13.609639014187028,12.920512799224253,13.424389839172363,5812800,0.0,0.0
2008-01-17 00:00:00-05:00,13.57999950275466,13.738078649090635,13.13540166812822,13.219381332397461,9381600,0.0,0.0
2008-01-18 00:00:00-05:00,13.454030719197403,13.454030719197403,12.594474638882042,12.804423332214355,11254000,0.0,0.0
2008-01-22 00:00:00-05:00,12.036255357243915,13.090940692109267,11.895466070461572,12.913101196289062,8191600,0.0,0.0
2008-01-23 00:00:00-05:00,12.414164874269952,13.691149736359453,12.251145630410235,13.64915943145752,9315200,0.0,0.0
2008-01-24 00:00:00-05:00,13.666450018626298,14.014718440878779,13.333000927814735,13.94308853149414,6432400,0.0,0.0
2008-01-25 00:00:00-05:00,13.873927658304122,14.22466658367225,12.930391942648068,13.07612133026123,7706400,0.0,0.0
2008-01-28 00:00:00-05:00,12.671043413387045,13.263841151766686,12.671043413387045,13.224321365356445,4459200,0.0,0.0
2008-01-29 00:00:00-05:00,13.189742847793756,13.360171765238858,12.693274485568187,12.851353645324707,4907600,0.0,0.0
2008-01-30 00:00:00-05:00,12.710563120033923,12.955092444693172,12.424044434801178,12.438864707946777,5839600,0.0,0.0
2008-01-31 00:00:00-05:00,12.275845166672912,13.162571229952244,12.051076211802854,12.821712493896484,12019600,0.0,0.0
2008-02-01 00:00:00-05:00,12.96744100274316,13.3107692899644,12.619172624929952,12.774782180786133,8316000,0.0,0.0
2008-02-04 00:00:00-05:00,12.772311991028666,13.01437078287007,12.42651412078064,12.787132263183594,5088000,0.0,0.0
2008-02-05 00:00:00-05:00,12.641402296113029,13.288539074461042,12.419102935270699,13.036600112915039,8284800,0.0,0.0
2008-02-06 00:00:00-05:00,13.145282487123495,13.145282487123495,11.744798156647045,11.826308250427246,10376400,0.0,0.0
2008-02-07 00:00:00-05:00,11.623768972710646,12.829122967735957,11.623768972710646,12.557424545288086,10952800,0.0,0.0
2008-02-08 00:00:00-05:00,12.596942805411066,12.794541719795854,12.42651391842155,12.56483268737793,4149600,0.0,0.0
2008-02-11 00:00:00-05:00,13.105762065688829,13.817118224306133,13.105762065688829,13.535539627075195,15560400,0.0,0.0
2008-02-12 00:00:00-05:00,13.644218389390643,13.67879808143814,13.305829249266543,13.449089050292969,5378800,0.0,0.0
2008-02-13 00:00:00-05:00,13.668919238745616,13.952968352195752,13.58493957459544,13.814648628234863,5797600,0.0,0.0
2008-02-14 00:00:00-05:00,13.846757742716624,13.955436912212152,13.584938587109173,13.619518280029297,4885200,0.0,0.0
2008-02-15 00:00:00-05:00,13.570119321063844,13.62692895539135,13.115641304217759,13.298420906066895,4433200,0.0,0.0
2008-02-19 00:00:00-05:00,13.523190780550632,13.523190780550632,12.666104232307491,12.713034629821777,6544000,0.0,0.0
2008-02-20 00:00:00-05:00,12.629053850051488,13.189741458536917,12.596943729662398,13.123051643371582,3386000,0.0,0.0
2008-02-21 00:00:00-05:00,13.209501150194953,13.38240056983469,12.969911914027344,13.219381332397461,4098400,0.0,0.0
2008-02-22 00:00:00-05:00,13.333001270908532,13.333001270908532,12.737733925578283,12.927923202514648,5120000,0.0,0.0
2008-02-25 00:00:00-05:00,12.91804303170334,13.547890074833244,12.91804303170334,13.439210891723633,5298400,0.0,0.0
2008-02-26 00:00:00-05:00,13.239140139107436,13.421919732452514,13.031661033630371,13.031661033630371,5182400,0.0,0.0
2008-02-27 00:00:00-05:00,12.964973529553893,13.33547190395781,12.44380566546954,12.997082710266113,12299200,0.0,0.0
2008-02-28 00:00:00-05:00,14.380276897688773,15.67702118023646,14.212317562856892,15.229952812194824,35617200,0.0,0.0
2008-02-29 00:00:00-05:00,14.990361702996669,15.262061036604079,14.622333899074986,14.750773429870605,10393200,0.0,0.0
2008-03-03 00:00:00-05:00,14.817463669477476,14.992832653394542,14.367924827568489,14.516124725341797,8893600,0.0,0.0
2008-03-04 00:00:00-05:00,14.496363651981627,14.570464068351484,14.108575493143356,14.296295166015625,8353600,0.0,0.0
2008-03-05 00:00:00-05:00,14.382746274461004,14.708784757069132,14.244426547023048,14.57540512084961,11409600,0.0,0.0
2008-03-06 00:00:00-05:00,14.521064527135902,14.57293406632248,14.187615470452268,14.26171588897705,6342800,0.0,0.0
2008-03-07 00:00:00-05:00,14.012247771866361,14.402506494154165,13.743018927645018,13.99495792388916,7043200,0.0,0.0
2008-03-10 00:00:00-04:00,14.118457199610425,14.274066771682467,13.676328938928135,13.851698875427246,4948800,0.0,0.0
2008-03-11 00:00:00-04:00,14.098697871203248,14.491425223430547,13.814648755143683,14.43708610534668,7974800,0.0,0.0
2008-03-12 00:00:00-04:00,14.47166459554655,14.874273038740151,14.237015468204538,14.37780475616455,9142400,0.0,0.0
2008-03-13 00:00:00-04:00,14.128337995138684,14.721134820293674,13.88627917375547,14.550705909729004,7772400,0.0,0.0
2008-03-14 00:00:00-04:00,14.72113414773631,14.819934085194687,14.13574701519441,14.288886070251465,7786400,0.0,0.0
2008-03-17 00:00:00-04:00,13.831937806482346,14.120926054813593,13.382399903149748,13.710907936096191,10104800,0.0,0.0
2008-03-18 00:00:00-04:00,14.017187318979241,14.548235321170182,14.017187318979241,14.476605415344238,7215200,0.0,0.0
2008-03-19 00:00:00-04:00,14.419796006362423,14.57293506012006,13.9826078414917,13.9826078414917,5293200,0.0,0.0
2008-03-20 00:00:00-04:00,13.982608262880797,14.071528020073371,13.545420084834682,13.789949417114258,9169600,0.0,0.0
2008-03-24 00:00:00-04:00,13.807237105210486,14.81993208764235,13.807237105210486,14.731012344360352,6342800,0.0,0.0
2008-03-25 00:00:00-04:00,14.642094387835769,15.210192607633804,14.642094387835769,15.057052612304688,4518000,0.0,0.0
2008-03-26 00:00:00-04:00,14.965661692854194,15.28923055439034,14.518593395312395,14.632213592529297,4721200,0.0,0.0
2008-03-27 00:00:00-04:00,14.755715604962372,14.755715604962372,13.906038733860724,13.987548828125,6310800,0.0,0.0
2008-03-28 00:00:00-04:00,14.029537526598709,14.461785607607984,13.980137557466726,14.041887283325195,4163600,0.0,0.0
2008-03-31 00:00:00-04:00,13.849227346897052,14.38027532424921,13.718318239923438,14.293825149536133,5601200,0.0,0.0
2008-04-01 00:00:00-04:00,14.449436638951436,15.229953178682674,14.444496547546201,15.1212739944458,7598400,0.0,0.0
2008-04-02 00:00:00-04:00,15.190433019272916,16.3241571156865,15.116333534453384,15.388031959533691,11778800,0.0,0.0
2008-04-03 00:00:00-04:00,15.291702003866497,15.867208956274077,14.889093529289928,15.511530876159668,7202400,0.0,0.0
2008-04-04 00:00:00-04:00,15.610331526990329,16.272287748548994,15.234893065274646,16.084569931030273,9610400,0.0,0.0
2008-04-07 00:00:00-04:00,16.299459444071218,16.420490280891183,15.941311736585437,16.06728172302246,7331600,0.0,0.0
2008-04-08 00:00:00-04:00,16.067279633871102,16.185838053788427,15.719010270903231,15.76594066619873,7585600,0.0,0.0
2008-04-09 00:00:00-04:00,15.316401107253245,15.709129389091842,15.000242822280391,15.625149726867676,8508400,0.0,0.0
2008-04-10 00:00:00-04:00,15.607859986376056,16.31674655803951,15.434961511989371,16.21053695678711,6357600,0.0,0.0
2008-04-11 00:00:00-04:00,16.054929501784553,16.054929501784553,15.089163780212402,15.089163780212402,6828000,0.0,0.0
2008-04-14 00:00:00-04:00,15.308991285393315,15.415200884832997,14.498835217319476,14.844633102416992,11274000,0.0,0.0
2008-04-15 00:00:00-04:00,14.76065424147881,15.126213452347345,14.449436033791985,14.659384727478027,7210400,0.0,0.0
2008-04-16 00:00:00-04:00,14.696434078970244,15.434961180879448,14.696434078970244,15.207721710205078,9308400,0.0,0.0
2008-04-17 00:00:00-04:00,14.973073079802367,15.420141428768872,14.871803568318091,15.36333179473877,6904000,0.0,0.0
2008-04-18 00:00:00-04:00,16.030228723827502,16.190778383083224,15.746179616598459,15.78322982788086,10350400,0.0,0.0
2008-04-21 00:00:00-04:00,15.714069180877967,15.714069180877967,15.358391117055593,15.49177074432373,6328400,0.0,0.0
2008-04-22 00:00:00-04:00,15.457191329793755,15.526350719008613,14.943433174980486,15.150912284851074,4835200,0.0,0.0
2008-04-23 00:00:00-04:00,15.259592418439647,16.73417621846467,15.141033054239424,16.689716339111328,11672400,0.0,0.0
2008-04-24 00:00:00-04:00,16.795928106698895,17.203476739119566,16.2179514852114,16.865087509155273,9044800,0.0,0.0
2008-04-25 00:00:00-04:00,16.657605611690474,17.045393790517693,16.366146848438348,16.818153381347656,3371200,0.0,0.0
2008-04-28 00:00:00-04:00,16.879904519130186,17.131844461343782,16.64031716058684,16.662546157836914,4645200,0.0,0.0
2008-04-29 00:00:00-04:00,16.62796942299631,16.907077561188242,16.427900874302686,16.536579132080078,3876800,0.0,0.0
2008-04-30 00:00:00-04:00,16.53410831662459,17.104675219103555,16.425428188742043,16.48223876953125,5560800,0.0,0.0
2008-05-01 00:00:00-04:00,16.61808726815306,16.788517128357757,16.116679755063444,16.62055778503418,5660400,0.0,0.0
2008-05-02 00:00:00-04:00,16.795924361755265,16.795924361755265,16.469885905405153,16.62302589416504,4578400,0.0,0.0
2008-05-05 00:00:00-04:00,16.39825971689246,17.267697053766206,16.39825971689246,17.13431739807129,5538000,0.0,0.0
2008-05-06 00:00:00-04:00,17.092323751113074,17.571502237656457,16.887316088801576,17.331912994384766,5860400,0.0,0.0
2008-05-07 00:00:00-04:00,17.35661301823259,17.391194600208586,16.432837598970927,16.501996994018555,6488800,0.0,0.0
2008-05-08 00:00:00-04:00,16.66007579139172,16.707006187501396,16.319217972650854,16.689716339111328,4138400,0.0,0.0
2008-05-09 00:00:00-04:00,16.650195772379114,16.84532323356289,16.403196886934193,16.474824905395508,3507200,0.0,0.0
2008-05-12 00:00:00-04:00,16.484706181831346,16.832975537977028,16.109268680178054,16.70206642150879,5706400,0.0,0.0
2008-05-13 00:00:00-04:00,16.729236881120556,17.018225151438717,16.52916648405619,16.7835750579834,6456000,0.0,0.0
2008-05-14 00:00:00-04:00,16.748992547505242,17.265221158810938,16.748992547505242,17.141721725463867,11976400,0.0,0.0
2008-05-15 00:00:00-04:00,17.067624695248234,17.218294184557294,16.623027777730687,17.097265243530273,8154000,0.0,0.0
2008-05-16 00:00:00-04:00,17.097264875266823,17.097264875266823,16.786045720591467,16.96882438659668,8183200,0.0,0.0
2008-05-19 00:00:00-04:00,16.934243288049526,17.042923402627146,16.319216579862147,16.37108612060547,8870400,0.0,0.0
2008-05-20 00:00:00-04:00,16.237707309728012,16.237707309728012,15.41273188057424,15.511530876159668,12602400,0.0,0.0
2008-05-21 00:00:00-04:00,15.627621084356264,15.765940812587548,15.1731430541404,15.476951599121094,13133600,0.0,0.0
2008-05-22 00:00:00-04:00,15.679487959258312,17.035512153249595,15.573278371102989,16.378494262695312,23101600,0.0,0.0
2008-05-23 00:00:00-04:00,16.425426834023096,16.71935612776185,16.222887811598184,16.553865432739258,7162800,0.0,0.0
2008-05-27 00:00:00-04:00,16.3784970655106,16.914486130641308,16.18089906882811,16.857675552368164,9291600,0.0,0.0
2008-05-28 00:00:00-04:00,16.919424780290726,17.512222521746068,16.69465487502286,17.334383010864258,18012800,0.0,0.0
2008-05-29 00:00:00-04:00,17.292394915320777,17.862961817445726,16.993526448281415,17.662893295288086,10406000,0.0,0.0
2008-05-30 00:00:00-04:00,17.670302465067785,18.450818050361356,17.670302465067785,17.860490798950195,18095200,0.0,0.0
2008-06-02 00:00:00-04:00,17.783920010470755,17.86543009612055,17.418360825541097,17.608551025390625,5719200,0.0,0.0
2008-06-03 00:00:00-04:00,17.672771461208164,17.902480505949033,17.457881746949933,17.83085060119629,6004800,0.0,0.0
2008-06-04 00:00:00-04:00,17.843200252980836,18.02844943052057,17.764160679275296,17.919771194458008,7169200,0.0,0.0
2008-06-05 00:00:00-04:00,17.937062173471038,18.277920003236712,17.566563795027047,18.258159637451172,6589200,0.0,0.0
2008-06-06 00:00:00-04:00,18.087729793186533,18.112429305636603,17.522102101155483,17.541860580444336,4429200,0.0,0.0
2008-06-09 00:00:00-04:00,17.5813814134404,17.746870220746256,16.98611317222557,17.215822219848633,4448400,0.0,0.0
2008-06-10 00:00:00-04:00,17.260282929969513,17.670302019822753,17.233112899463475,17.620901107788086,5864400,0.0,0.0
2008-06-11 00:00:00-04:00,17.702410173728595,17.702410173728595,16.921894653320614,17.15160369873047,6658000,0.0,0.0
2008-06-12 00:00:00-04:00,17.272633667751514,17.391193972447972,17.203474275200296,17.341793060302734,4801600,0.0,0.0
2008-06-13 00:00:00-04:00,17.756750301593875,18.17417903460143,17.66042088389244,17.979049682617188,6442800,0.0,0.0
2008-06-16 00:00:00-04:00,17.97411093937595,18.14948183440768,17.796273296352595,17.986461639404297,4144400,0.0,0.0
2008-06-17 00:00:00-04:00,17.993874132863997,18.129724316711798,17.680186278050734,17.796276092529297,2916800,0.0,0.0
2008-06-18 00:00:00-04:00,17.77156718805717,17.98892739047623,17.42577029230275,17.544328689575195,3737200,0.0,0.0
2008-06-19 00:00:00-04:00,17.519631260555457,18.544677026117586,17.49987089718006,18.16676902770996,7182400,0.0,0.0
2008-06-20 00:00:00-04:00,18.15442013573643,18.47057844339065,17.8209719795215,18.055620193481445,5079600,0.0,0.0
2008-06-23 00:00:00-04:00,18.107489118613646,18.576787414902686,17.942000304567898,18.38412857055664,5286800,0.0,0.0
2008-06-24 00:00:00-04:00,18.36189734177897,18.36189734177897,17.438121982403462,17.502342224121094,8974800,0.0,0.0
2008-06-25 00:00:00-04:00,17.620900488207642,17.72711008978253,17.314622382170402,17.47517204284668,5682800,0.0,0.0
2008-06-26 00:00:00-04:00,17.25040241234611,17.26522362789455,16.440246315241936,16.581035614013672,10817600,0.0,0.0
2008-06-27 00:00:00-04:00,16.514347545693845,17.020696073324878,16.42789830265864,16.949066162109375,7128400,0.0,0.0
2008-06-30 00:00:00-04:00,17.24793142442187,17.257811605287383,16.81568340492784,16.852733612060547,5105200,0.0,0.0
2008-07-01 00:00:00-04:00,16.642788259606565,17.50234541860048,16.351329428709754,17.31956672668457,7631600,0.0,0.0
2008-07-02 00:00:00-04:00,17.507282337091876,17.875312075571912,17.240524942289994,17.26522445678711,6079200,0.0,0.0
2008-07-03 00:00:00-04:00,17.413421354193265,17.413421354193265,16.269817197561707,16.679834365844727,4197600,0.0,0.0
2008-07-07 00:00:00-04:00,16.6995973331528,17.0083459868726,16.210538636501653,16.583507537841797,4341200,0.0,0.0
2008-07-08 00:00:00-04:00,16.306865245165987,16.63784472462044,15.597979664888152,16.504465103149414,8998800,0.0,0.0
2008-07-09 00:00:00-04:00,16.489646711849762,16.837914172913244,16.052457613626142,16.109268188476562,4672400,0.0,0.0
2008-07-10 00:00:00-04:00,16.18830679330293,16.56127562910364,15.869678012520435,16.030227661132812,6382400,0.0,0.0
2008-07-11 00:00:00-04:00,15.736299359957835,16.027758131169985,15.229951814115031,15.63008975982666,6191200,0.0,0.0
2008-07-14 00:00:00-04:00,15.758528647871508,16.047517832789676,15.36333080943107,15.405320167541504,4951200,0.0,0.0
2008-07-15 00:00:00-04:00,15.143501802555097,15.800518791330273,14.837222774135213,15.657258987426758,8459600,0.0,0.0
2008-07-16 00:00:00-04:00,15.533759825246552,16.605735972848827,15.533759825246552,16.548925399780273,10014800,0.0,0.0
2008-07-17 00:00:00-04:00,16.605736778586166,17.284983749595014,16.53904602068488,17.196063995361328,6846400,0.0,0.0
2008-07-18 00:00:00-04:00,17.260280932976396,17.522101025337598,16.795923720288744,17.472700119018555,5493600,0.0,0.0
2008-07-21 00:00:00-04:00,17.398603724390668,17.531983361165718,16.9885846315875,17.136783599853516,4720800,0.0,0.0
2008-07-22 00:00:00-04:00,16.585975706056136,16.605736069364564,15.928957759440548,16.22288703918457,11070000,0.0,0.0
2008-07-23 00:00:00-04:00,16.12902608941973,16.81074157681608,15.89931707740852,15.953655242919922,7498400,0.0,0.0
2008-07-24 00:00:00-04:00,16.07715713385975,16.07715713385975,15.585629861592203,15.672080039978027,4163600,0.0,0.0
2008-07-25 00:00:00-04:00,15.674551573565102,16.01047026273274,15.499182562734566,15.74618148803711,4079200,0.0,0.0
2008-07-28 00:00:00-04:00,15.74617999787132,16.16607737736706,15.447311552673423,15.474481582641602,3890400,0.0,0.0
2008-07-29 00:00:00-04:00,15.588101002531593,15.916609997548651,15.585630485841786,15.738770484924316,6876800,0.0,0.0
2008-07-30 00:00:00-04:00,15.84003973224265,16.052458949787457,15.56834130277553,16.037639617919922,4267600,0.0,0.0
2008-07-31 00:00:00-04:00,15.86967795096042,15.956127181585002,15.632559253625045,15.756058692932129,4683600,0.0,0.0
2008-08-01 00:00:00-04:00,15.840037837044598,15.90425807487384,15.509060235255328,15.879558563232422,4344000,0.0,0.0
2008-08-04 00:00:00-04:00,15.872152335232517,16.09692038962951,15.61033312089818,16.06728172302246,5245200,0.0,0.0
2008-08-05 00:00:00-04:00,16.094446294748312,16.949062106829757,16.077154565826376,16.84779167175293,6574000,0.0,0.0
2008-08-06 00:00:00-04:00,16.758877048803065,16.993527163327183,16.524228818731235,16.934246063232422,4924000,0.0,0.0
2008-08-07 00:00:00-04:00,16.921895293399242,17.12690294975128,16.613146666086575,16.70206642150879,3806000,0.0,0.0
2008-08-08 00:00:00-04:00,16.709479176513344,17.32944706243132,16.553868633527177,17.188655853271484,8310400,0.0,0.0
2008-08-11 00:00:00-04:00,17.255342226677243,17.714760302729893,17.114552937851556,17.39613151550293,6158000,0.0,0.0
2008-08-12 00:00:00-04:00,17.314623179971942,17.536922575424082,17.171363360185882,17.36896324157715,5032400,0.0,0.0
2008-08-13 00:00:00-04:00,17.252871685999654,17.317091923543853,16.93671341570811,17.079973220825195,7038400,0.0,0.0
2008-08-14 00:00:00-04:00,16.813216374354393,16.87496610422707,16.435308329045967,16.603267669677734,8932000,0.0,0.0
2008-08-15 00:00:00-04:00,16.739112382269905,16.91448323610342,16.205595809629347,16.378494262695312,5223200,0.0,0.0
2008-08-18 00:00:00-04:00,16.380966399192452,16.452596303819234,15.785699108719326,15.966008186340332,5611600,0.0,0.0
2008-08-19 00:00:00-04:00,15.901788322476373,16.314277912961693,15.869679144244836,16.17348861694336,5137600,0.0,0.0
2008-08-20 00:00:00-04:00,16.546457120978772,16.546457120978772,15.993180067898104,16.129030227661133,12539600,0.0,0.0
2008-08-21 00:00:00-04:00,14.442026441429846,14.442026441429846,13.024252295994788,13.152691841125488,56010400,0.0,0.0
2008-08-22 00:00:00-04:00,13.421920224504925,14.017187534078053,13.288540592760068,13.824528694152832,23180800,0.0,0.0
2008-08-25 00:00:00-04:00,13.602228607731444,14.187615705066143,13.602228607731444,13.962846755981445,11970400,0.0,0.0
2008-08-26 00:00:00-04:00,14.313586070389901,14.377805368136698,13.681268563668635,13.970257759094238,16361200,0.0,0.0
2008-08-27 00:00:00-04:00,13.95543851655981,14.28888667059603,13.886279122768846,14.08140754699707,9659600,0.0,0.0
2008-08-28 00:00:00-04:00,14.086347023099032,14.274066715513358,13.99495769354855,14.251836776733398,4914800,0.0,0.0
2008-08-29 00:00:00-04:00,13.994957925055626,14.073997499308293,13.738078837621437,13.836878776550293,5167600,0.0,0.0
2008-09-02 00:00:00-04:00,13.955437376990716,14.195026603382344,13.560239527276067,13.621989250183105,6189600,0.0,0.0
2008-09-03 00:00:00-04:00,13.557769138923598,13.809708123833921,13.155160677939122,13.333000183105469,7792800,0.0,0.0
2008-09-04 00:00:00-04:00,13.194680704514713,13.414510515631466,12.94521223162971,13.313241004943848,9488400,0.0,0.0
2008-09-05 00:00:00-04:00,13.029190770660612,13.50342816255649,12.913100996878919,13.449089050292969,7794000,0.0,0.0
2008-09-08 00:00:00-04:00,13.777598768995091,13.844288587136385,12.937803048211594,13.547889709472656,13206800,0.0,0.0
2008-09-09 00:00:00-04:00,13.535539047950499,13.789948546574532,12.774782953088696,12.86864185333252,11921200,0.0,0.0
2008-09-10 00:00:00-04:00,13.572590285419047,14.108577467553324,13.510840557953289,13.854168891906738,22670000,0.0,0.0
2008-09-11 00:00:00-04:00,13.547891202934839,14.350637741393038,13.40957240240986,14.32593822479248,15580400,0.0,0.0
2008-09-12 00:00:00-04:00,14.212316567970326,14.298765803864814,13.99495727771646,14.128336906433105,87332400,0.0,0.0
2008-09-15 00:00:00-04:00,13.404630510663699,14.128337368148985,13.404630510663699,13.535539627075195,13044000,0.0,0.0
2008-09-16 00:00:00-04:00,13.291011711292466,13.891219139099121,13.127992468074984,13.891219139099121,11338800,0.0,0.0
2008-09-17 00:00:00-04:00,13.503429134085831,13.708438669154281,13.076121158907243,13.169981002807617,12199600,0.0,0.0
2008-09-18 00:00:00-04:00,13.216909816926693,13.859107478168006,12.762431834442825,13.661508560180664,14480400,0.0,0.0
2008-09-19 00:00:00-04:00,14.140686493921468,14.879213591764227,13.587408564121347,13.785008430480957,13615600,0.0,0.0
2008-09-22 00:00:00-04:00,13.77018783979087,13.77018783979087,12.794542055521928,12.935331344604492,9393600,0.0,0.0
2008-09-23 00:00:00-04:00,12.764903808500899,13.241611782581133,12.609294230593477,12.900753021240234,9320000,0.0,0.0
2008-09-24 00:00:00-04:00,13.04895282301787,13.04895282301787,12.498144426439456,12.594474792480469,8067200,0.0,0.0
2008-09-25 00:00:00-04:00,12.661163868903254,13.251492062587824,12.495675049421216,12.8538236618042,8104000,0.0,0.0
2008-09-26 00:00:00-04:00,12.456155124063864,12.685864186062568,12.315365820545441,12.51049518585205,9162400,0.0,0.0
2008-09-29 00:00:00-04:00,12.120235328354719,12.226444925306163,10.909940403302706,11.055669784545898,14679200,0.0,0.0
2008-09-30 00:00:00-04:00,11.379239307704996,11.954747200012207,10.892651170623452,11.954747200012207,12756400,0.0,0.0
2008-10-01 00:00:00-04:00,11.7966697648526,11.979449407505427,11.359482440376961,11.463221549987793,7302400,0.0,0.0
2008-10-02 00:00:00-04:00,11.357008997576628,11.357008997576628,10.897590905415566,10.914880752563477,7515200,0.0,0.0
2008-10-03 00:00:00-04:00,10.114605012142318,11.344659405107228,10.067674618726889,10.267744064331055,17098000,0.0,0.0
2008-10-06 00:00:00-04:00,9.795977286297148,10.080026425733841,9.346439320080309,9.97875690460205,17098800,0.0,0.0
2008-10-07 00:00:00-04:00,9.581088498327896,9.791037207061695,8.736351687388044,8.877140998840332,15734800,0.0,0.0
2008-10-08 00:00:00-04:00,8.365851746720768,9.326677232841389,8.326331963869887,9.015459060668945,12952000,0.0,0.0
2008-10-09 00:00:00-04:00,9.220469982585763,9.321739500413196,8.39055347442627,8.39055347442627,9391600,0.0,0.0
2008-10-10 00:00:00-04:00,7.634736381210157,8.42019300178719,7.414907498876058,8.042284965515137,21575200,0.0,0.0
2008-10-13 00:00:00-04:00,8.642491779694105,9.319268226623535,8.346092916252115,9.319268226623535,13758000,0.0,0.0
2008-10-14 00:00:00-04:00,9.921945412238562,10.188704677891865,8.6103818494546,8.867260932922363,15102000,0.0,0.0
2008-10-15 00:00:00-04:00,8.924070046288683,8.924070046288683,7.629795464531872,7.637205600738525,11249600,0.0,0.0
2008-10-16 00:00:00-04:00,7.817514331825177,8.084273099082763,7.0098278941711385,8.024993896484375,23329600,0.0,0.0
2008-10-17 00:00:00-04:00,7.86197495371055,8.328803194209689,7.52358625404255,7.802695274353027,16047200,0.0,0.0
2008-10-20 00:00:00-04:00,7.9558341172187275,7.9558341172187275,7.429726682430155,7.859504699707031,8548000,0.0,0.0
2008-10-21 00:00:00-04:00,7.684135903513663,7.874324697818249,7.36056700641733,7.407496929168701,13588000,0.0,0.0
2008-10-22 00:00:00-04:00,7.318576838438637,7.318576838438637,6.664029879972064,6.799879550933838,15887600,0.0,0.0
2008-10-23 00:00:00-04:00,6.923379475049579,7.076518532288659,6.345401999802549,6.720839977264404,14671600,0.0,0.0
2008-10-24 00:00:00-04:00,6.172503166942776,6.802350717312285,6.026773761432561,6.589931488037109,12704800,0.0,0.0
2008-10-27 00:00:00-04:00,6.491130833233669,6.634390166935083,6.224372057682312,6.251541614532471,7949600,0.0,0.0
2008-10-28 00:00:00-04:00,6.498541279785384,7.056758880615234,6.0860530755537825,7.056758880615234,11873200,0.0,0.0
2008-10-29 00:00:00-04:00,6.967838970382113,7.629796119374656,6.819640002433479,7.4247870445251465,12514400,0.0,0.0
2008-10-30 00:00:00-04:00,7.713774873074612,7.861974294600602,7.340806509494176,7.538405895233154,11435600,0.0,0.0
2008-10-31 00:00:00-04:00,7.538406020525219,7.891614498513554,7.192607678625883,7.647085189819336,9841200,0.0,0.0
2008-11-03 00:00:00-05:00,7.318577757221976,7.829865914905613,7.318577757221976,7.555696964263916,4764000,0.0,0.0
2008-11-04 00:00:00-05:00,7.763175667565056,7.941015180861503,7.632266078178841,7.787875652313232,7015600,0.0,0.0
2008-11-05 00:00:00-05:00,7.792815676337073,7.792815676337073,7.254358430701973,7.360567569732666,9453600,0.0,0.0
2008-11-06 00:00:00-05:00,7.165438233209212,7.4593670597173425,6.933259132456645,7.0024189949035645,6859200,0.0,0.0
2008-11-07 00:00:00-05:00,7.071578712767575,7.130858866809635,6.864100058072532,7.054288864135742,5676400,0.0,0.0
2008-11-10 00:00:00-05:00,7.283997684450375,7.323517471737849,6.851749598769741,6.995008945465088,7584400,0.0,0.0
2008-11-11 00:00:00-05:00,6.824579416855012,6.839399690093614,6.352811554358876,6.612160682678223,11071600,0.0,0.0
2008-11-12 00:00:00-05:00,6.523241040752375,6.523241040752375,5.992193489437342,6.009483337402344,9790400,0.0,0.0
2008-11-13 00:00:00-05:00,6.02677358506207,6.7628302574157715,5.8736345176904425,6.7628302574157715,13722800,0.0,0.0
2008-11-14 00:00:00-05:00,6.513360884645579,6.8962089726471625,6.461490873180486,6.52077054977417,10644400,0.0,0.0
2008-11-17 00:00:00-05:00,6.429381242053838,6.572640578646231,6.244132075540589,6.320701599121094,8112000,0.0,0.0
2008-11-18 00:00:00-05:00,6.249072261072956,6.491131551946049,5.663685105712143,5.878573894500732,16338000,0.0,0.0
2008-11-19 00:00:00-05:00,5.839053345685027,5.967492875763537,5.414215443632617,5.424095153808594,17593200,0.0,0.0
2008-11-20 00:00:00-05:00,5.359876593005308,6.18238295329374,5.347526364704858,5.6389851570129395,19470400,0.0,0.0
2008-11-21 00:00:00-05:00,6.305882514901219,6.417031744782754,5.14251737190577,5.5130157470703125,34756800,0.0,0.0
2008-11-24 00:00:00-05:00,5.7476645809986335,6.743069857731422,5.611814901796127,6.5677008628845215,21225200,0.0,0.0
2008-11-25 00:00:00-05:00,6.772710369035063,6.814700204055091,6.118163328757128,6.414561748504639,12973600,0.0,0.0
2008-11-26 00:00:00-05:00,6.35281103126975,7.217307112259116,6.31329124811356,7.135797500610352,12836000,0.0,0.0
2008-11-28 00:00:00-05:00,7.2197779767226065,7.222248022339231,6.8097598266233845,7.069108963012695,3034000,0.0,0.0
2008-12-01 00:00:00-05:00,6.73813012012569,6.782589526117098,6.454081009983677,6.656620502471924,15209200,0.0,0.0
2008-12-02 00:00:00-05:00,6.471370803150788,7.19260754699303,6.305881535762271,7.180257320404053,21122400,0.0,0.0
2008-12-03 00:00:00-05:00,6.871509361459342,7.9163146012974055,6.822109863847947,7.83727502822876,21466800,0.0,0.0
2008-12-04 00:00:00-05:00,7.68907512612873,7.965714086178761,6.923378955200387,7.08145809173584,12506400,0.0,0.0
2008-12-05 00:00:00-05:00,7.034528406385937,7.758235243070109,6.962898971918022,7.69648551940918,11990800,0.0,0.0
2008-12-08 00:00:00-05:00,8.010172937332781,8.612849803902966,8.007702421138058,8.605440139770508,15876000,0.0,0.0
2008-12-09 00:00:00-05:00,8.430072747647726,9.003110122093045,8.150963725936315,8.234943389892578,15295600,0.0,0.0
2008-12-10 00:00:00-05:00,8.27940246983947,8.598031247293395,8.069452859060691,8.541221618652344,8227600,0.0,0.0
2008-12-11 00:00:00-05:00,8.551101376187821,8.551101376187821,7.708835192258206,7.78293514251709,7135600,0.0,0.0
2008-12-12 00:00:00-05:00,7.656965774345917,7.913844852264668,7.419847060371383,7.89161491394043,6966800,0.0,0.0
2008-12-15 00:00:00-05:00,7.928664165873871,7.928664165873871,7.360566894868673,7.53593635559082,5571200,0.0,0.0
2008-12-16 00:00:00-05:00,7.701424836190035,8.081803321838379,7.587805111096688,8.081803321838379,6813200,0.0,0.0
2008-12-17 00:00:00-05:00,8.00276522759413,8.343623052091692,7.928664799269709,8.19542407989502,5984400,0.0,0.0
2008-12-18 00:00:00-05:00,8.215182745757678,8.338682191944345,7.775525018845461,7.941014766693115,8776800,0.0,0.0
2008-12-19 00:00:00-05:00,8.0768635116182,8.318922299367893,7.852094569977347,7.978063583374023,8856000,0.0,0.0
2008-12-22 00:00:00-05:00,7.985474933152495,7.987944507586614,7.459367009437992,7.679195880889893,4957200,0.0,0.0
2008-12-23 00:00:00-05:00,7.923725179219579,8.017584082993938,7.748355714909911,7.800225257873535,5270000,0.0,0.0
2008-12-24 00:00:00-05:00,7.790346110668271,7.847155748819999,7.711306061063593,7.792815685272217,968400,0.0,0.0
2008-12-26 00:00:00-05:00,7.812574533975289,7.812574533975289,7.553225892881176,7.76070499420166,1626400,0.0,0.0
2008-12-29 00:00:00-05:00,7.6890755916568585,7.758235453634835,7.4815969479489635,7.639676094055176,2692400,0.0,0.0
2008-12-30 00:00:00-05:00,7.706365336305376,7.738474983798415,7.558165912316238,7.647085189819336,4298800,0.0,0.0
2008-12-31 00:00:00-05:00,7.619916314927581,8.032404505200864,7.614976223759512,7.906434535980225,5367600,0.0,0.0
2009-01-02 00:00:00-05:00,7.92866423015373,8.447362480062322,7.8175150089844685,8.402902603149414,4069200,0.0,0.0
2009-01-05 00:00:00-05:00,8.281872327455917,8.481941763867654,8.15343279395744,8.237412452697754,7444800,0.0,0.0
2009-01-06 00:00:00-05:00,8.430071867402992,8.70177025300713,8.185542566578519,8.546160697937012,5938800,0.0,0.0
2009-01-07 00:00:00-05:00,8.336213082075119,8.385613051747441,7.839745224209082,7.903964996337891,5647600,0.0,0.0
2009-01-08 00:00:00-05:00,7.975595518860415,8.150964529574567,7.7681163840549265,8.128734588623047,4781200,0.0,0.0
2009-01-09 00:00:00-05:00,8.062044116790213,8.09909432946899,7.58780619985473,7.787875652313232,6386000,0.0,0.0
2009-01-12 00:00:00-05:00,7.755765650600117,7.77799559010553,7.5260565897862,7.6199164390563965,3714000,0.0,0.0
2009-01-13 00:00:00-05:00,7.469246284533732,7.711305080667869,7.1580276304557025,7.318576812744141,11997600,0.0,0.0
2009-01-14 00:00:00-05:00,7.2543580195869115,7.2543580195869115,6.7406003179827385,6.881389617919922,11250400,0.0,0.0
2009-01-15 00:00:00-05:00,6.950548554654231,7.098747981614791,6.686259819982945,6.839399337768555,11600000,0.0,0.0
2009-01-16 00:00:00-05:00,7.012298400879322,7.0221785827044885,6.491131058539759,6.948078632354736,13016800,0.0,0.0
2009-01-20 00:00:00-05:00,6.886329836604878,7.004889678907241,6.397272077114217,6.4392619132995605,11439200,0.0,0.0
2009-01-21 00:00:00-05:00,6.691199789048811,6.834459122577443,6.379981139428753,6.809759140014648,9241200,0.0,0.0
2009-01-22 00:00:00-05:00,6.631920964319343,6.6516808586818135,6.429381929325761,6.540531158447266,7372400,0.0,0.0
2009-01-23 00:00:00-05:00,6.399741022133553,6.809759130307328,6.399741022133553,6.691199779510498,6079200,0.0,0.0
2009-01-26 00:00:00-05:00,6.71837002265152,7.054288194004998,6.651680209024264,6.792469501495361,9273600,0.0,0.0
2009-01-27 00:00:00-05:00,6.797409889036494,6.878919507767188,6.594870864985257,6.767769813537598,7326000,0.0,0.0
2009-01-28 00:00:00-05:00,6.943139542996617,7.392677485899485,6.940669497351619,7.259297847747803,12048000,0.0,0.0
2009-01-29 00:00:00-05:00,7.19754722007782,7.19754722007782,6.775179360964071,6.817169189453125,8058400,0.0,0.0
2009-01-30 00:00:00-05:00,6.876449430519991,6.935729110131524,6.54547086602084,6.572640895843506,6169200,0.0,0.0
2009-02-02 00:00:00-05:00,6.545470773604586,6.634390527322924,6.409621568635354,6.580050468444824,9271200,0.0,0.0
2009-02-03 00:00:00-05:00,6.715900173650789,7.459366913731053,6.715900173650789,7.409966945648193,18879200,0.0,0.0
2009-02-04 00:00:00-05:00,7.4149071225050855,7.491476649918083,7.1456782826745595,7.24447774887085,9054800,0.0,0.0
2009-02-05 00:00:00-05:00,7.111098731845774,7.691545784216281,7.044408914140159,7.587806224822998,10538000,0.0,0.0
2009-02-06 00:00:00-05:00,7.392676601670719,7.409966448004654,6.831989027371252,7.172847747802734,29706400,0.0,0.0
2009-02-09 00:00:00-05:00,7.113567952342981,7.400086631435688,7.101218196099314,7.143208026885986,9272400,0.0,0.0
2009-02-10 00:00:00-05:00,7.14073740934652,7.185197282042699,6.5430001154474855,6.631919860839844,21502000,0.0,0.0
2009-02-11 00:00:00-05:00,6.710960207966932,6.915969278447829,6.547940969806846,6.725780010223389,13372000,0.0,0.0
2009-02-12 00:00:00-05:00,6.649209979261401,6.703549564166362,6.478780617309362,6.688729763031006,9430000,0.0,0.0
2009-02-13 00:00:00-05:00,6.671440573034472,6.748010102733904,6.5479411188230525,6.634390830993652,11282400,0.0,0.0
2009-02-17 00:00:00-05:00,6.56770089237827,6.56770089237827,6.333051745228482,6.407151699066162,10872000,0.0,0.0
2009-02-18 00:00:00-05:00,6.515830419340542,6.515830419340542,6.350341146521714,6.365161418914795,12310800,0.0,0.0
2009-02-19 00:00:00-05:00,6.493601922607946,6.540531378854623,6.342932428571093,6.404682159423828,14269200,0.0,0.0
2009-02-20 00:00:00-05:00,6.310821481078708,6.466431046342302,6.221902200612509,6.43432092666626,16829200,0.0,0.0
2009-02-23 00:00:00-05:00,6.557820525991841,6.572640799011144,6.300941918126367,6.421971321105957,16053600,0.0,0.0
2009-02-24 00:00:00-05:00,6.35528143281017,6.861629448437491,6.283651998492219,6.785059452056885,14177600,0.0,0.0
2009-02-25 00:00:00-05:00,6.785059491720725,6.970308663398594,6.698610255161458,6.940669059753418,28096000,0.0,0.0
2009-02-26 00:00:00-05:00,6.9653691331475915,7.083928491479659,6.446671351553535,7.051818370819092,32952800,0.0,0.0
2009-02-27 00:00:00-05:00,6.903619614934087,7.242007852516508,6.814699857969117,6.915969371795654,15602000,0.0,0.0
2009-03-02 00:00:00-05:00,6.797409168421274,6.906088334465426,6.676379775931446,6.748009204864502,9213600,0.0,0.0
2009-03-03 00:00:00-05:00,6.804819208633497,7.088868308087976,6.767769469478172,6.955488681793213,10670800,0.0,0.0
2009-03-04 00:00:00-05:00,7.09627817630549,7.56063636508598,7.071578192457506,7.414906978607178,12776800,0.0,0.0
2009-03-05 00:00:00-05:00,7.281527491547913,7.649555797662805,7.2543579327830665,7.442076683044434,11576800,0.0,0.0
2009-03-06 00:00:00-05:00,7.461836757241938,7.58286663629854,7.133328229648514,7.427257061004639,11433600,0.0,0.0
2009-03-09 00:00:00-04:00,7.3482169678268745,7.785405115618483,7.3358672117883295,7.629795551300049,12861200,0.0,0.0
2009-03-10 00:00:00-04:00,7.755764612820061,8.047223833015254,7.674255002577825,8.024993896484375,17008000,0.0,0.0
2009-03-11 00:00:00-04:00,8.101563322312181,8.36338248228801,8.062043537997525,8.232473373413086,15950000,0.0,0.0
2009-03-12 00:00:00-04:00,8.331273170837372,8.390553324169797,7.931135198078245,8.363383293151855,11796400,0.0,0.0
2009-03-13 00:00:00-04:00,8.36338314611827,8.368323237327962,7.923725392942346,8.09909439086914,13770400,0.0,0.0
2009-03-16 00:00:00-04:00,8.12132445078862,8.188014269770608,7.84715550904913,7.9706549644470215,10555600,0.0,0.0
2009-03-17 00:00:00-04:00,8.071925128257032,8.388083457946777,7.945955145990799,8.388083457946777,7601200,0.0,0.0
2009-03-18 00:00:00-04:00,8.28928334186762,8.748700499889994,8.262113312378046,8.640021324157715,12249600,0.0,0.0
2009-03-19 00:00:00-04:00,8.765991536553383,8.899370228910895,8.667191597848662,8.778341293334961,9396800,0.0,0.0
2009-03-20 00:00:00-04:00,8.842560032140012,8.891959998353842,8.494291636560192,8.585680961608887,16111600,0.0,0.0
2009-03-23 00:00:00-04:00,8.859849369829808,9.146368026733398,8.644960612708598,9.146368026733398,9961600,0.0,0.0
2009-03-24 00:00:00-04:00,9.025340125837856,9.032749791402455,8.523931712918394,8.625201225280762,12135200,0.0,0.0
2009-03-25 00:00:00-04:00,8.259642494662648,8.42760181427002,7.906434008625912,8.42760181427002,14339600,0.0,0.0
2009-03-26 00:00:00-04:00,8.509111495887575,8.862319965159486,8.459711532072621,8.820329666137695,9382800,0.0,0.0
2009-03-27 00:00:00-04:00,8.691890681015192,8.706710953754857,8.313982677300704,8.417722702026367,7468800,0.0,0.0
2009-03-30 00:00:00-04:00,8.301632124115338,8.331271724523061,7.973123176620252,8.044753074645996,6936000,0.0,0.0
2009-03-31 00:00:00-04:00,8.064514868952351,8.279403658975724,7.970655018391423,8.084274291992188,8236000,0.0,0.0
2009-04-01 00:00:00-04:00,7.7211852599185455,8.126263754733195,7.409966605935688,8.074393272399902,13760000,0.0,0.0
2009-04-02 00:00:00-04:00,8.1954245093005,8.635082299782768,8.1954245093005,8.435013771057129,9072000,0.0,0.0
2009-04-03 00:00:00-04:00,8.43007383210666,9.20811990433594,8.43007383210666,9.205650329589844,14236000,0.0,0.0
2009-04-06 00:00:00-04:00,9.050038810813804,9.15624840457275,8.812920112190742,9.010519027709961,6131600,0.0,0.0
2009-04-07 00:00:00-04:00,9.069799713223901,9.267398640502265,8.948769840263775,9.045099258422852,8107200,0.0,0.0
2009-04-08 00:00:00-04:00,9.16859836564115,9.34890743898322,9.104379069992648,9.232818603515625,6921200,0.0,0.0
2009-04-09 00:00:00-04:00,8.98087957103643,9.259988573718797,8.830210101073154,9.23775863647461,9401600,0.0,0.0
2009-04-13 00:00:00-04:00,9.534155445065718,9.618135093621722,9.3489063034474,9.44770622253418,10804000,0.0,0.0
2009-04-14 00:00:00-04:00,9.351379207644662,9.628017732614675,9.30444881009252,9.366198539733887,8170800,0.0,0.0
2009-04-15 00:00:00-04:00,9.294569343690972,9.301979009555614,9.072269945490923,9.227879524230957,3706800,0.0,0.0
2009-04-16 00:00:00-04:00,9.343968891599376,9.405718616945206,9.022869566020237,9.341498374938965,5596800,0.0,0.0
2009-04-17 00:00:00-04:00,9.326678022280495,9.581087529253878,9.321738873453773,9.46746826171875,5581600,0.0,0.0
2009-04-20 00:00:00-04:00,9.262459461099684,9.262459461099684,8.919131114497766,9.129079818725586,8122000,0.0,0.0
2009-04-21 00:00:00-04:00,9.082149244517904,9.593436868408336,9.077209153680077,9.581087112426758,8006800,0.0,0.0
2009-04-22 00:00:00-04:00,9.551448169958165,10.065206396579741,9.430419221915871,9.87995719909668,9872800,0.0,0.0
2009-04-23 00:00:00-04:00,9.783626097826648,9.798445428072007,9.398307493605603,9.702116012573242,10166000,0.0,0.0
2009-04-24 00:00:00-04:00,9.786097303070159,9.998516532764464,9.672478021865437,9.92194652557373,8279200,0.0,0.0
2009-04-27 00:00:00-04:00,9.753986730139445,10.1640048561331,9.647777130433921,10.040505409240723,7833600,0.0,0.0
2009-04-28 00:00:00-04:00,9.917005697020373,10.10472443669496,9.840435702794355,10.023215293884277,4861600,0.0,0.0
2009-04-29 00:00:00-04:00,10.052855584010999,10.361604214095943,10.000986040290979,10.24304485321045,5509200,0.0,0.0
2009-04-30 00:00:00-04:00,10.366544133104275,10.6407130628232,10.294914225979758,10.574023246765137,10798400,0.0,0.0
2009-05-01 00:00:00-04:00,10.41347296459932,10.559202344587934,10.1664740793458,10.22822380065918,5610400,0.0,0.0
2009-05-04 00:00:00-04:00,10.36654453844744,10.776562690734863,10.36654453844744,10.776562690734863,8832000,0.0,0.0
2009-05-05 00:00:00-04:00,10.771623088589527,11.11495143780098,10.65059320279843,11.090251922607422,11621600,0.0,0.0
2009-05-06 00:00:00-04:00,11.142121201616167,11.23598105309912,10.751862463815419,10.83584213256836,8181600,0.0,0.0
2009-05-07 00:00:00-04:00,10.949460229815447,10.949460229815447,10.119543885678794,10.17141342163086,10184400,0.0,0.0
2009-05-08 00:00:00-04:00,10.312204091411447,10.440643632682978,10.040505677869461,10.136835098266602,6892400,0.0,0.0
2009-05-11 00:00:00-04:00,9.936765446335997,10.354193240253977,9.926885264388279,10.193644523620605,6630800,0.0,0.0
2009-05-12 00:00:00-04:00,10.307264997432616,10.322085272091245,9.971346309646012,10.09484577178955,5507200,0.0,0.0
2009-05-13 00:00:00-04:00,9.956525839979413,9.988635018066416,9.551446858946774,9.63542652130127,6796800,0.0,0.0
2009-05-14 00:00:00-04:00,9.672476394301968,9.917005707442971,9.566266797326442,9.823145866394043,6876800,0.0,0.0
2009-05-15 00:00:00-04:00,9.879955654619593,10.122014455090653,9.805856175655146,9.92935562133789,5811200,0.0,0.0
2009-05-18 00:00:00-04:00,10.010866086313168,10.240575160967788,9.823147318688186,9.97875690460205,7121200,0.0,0.0
2009-05-19 00:00:00-04:00,9.961466162260185,10.247984850670584,9.852786042439185,10.131895065307617,9710800,0.0,0.0
2009-05-20 00:00:00-04:00,10.203524816778726,10.386303473673602,9.887365586587931,9.946645736694336,7206000,0.0,0.0
2009-05-21 00:00:00-04:00,9.921945219325055,9.981225369059654,9.687297021450059,9.793506622314453,14368400,0.0,0.0
2009-05-22 00:00:00-04:00,8.961118611935346,9.210587995772098,8.669659872889461,8.929009437561035,36521200,0.0,0.0
2009-05-26 00:00:00-04:00,9.005578790487682,9.381017194977321,8.67707077545046,9.262457847595215,11081200,0.0,0.0
2009-05-27 00:00:00-04:00,9.22787824682716,9.316797993798128,8.968529612979133,9.015459060668945,9228000,0.0,0.0
2009-05-28 00:00:00-04:00,9.03522087298812,9.425478673482626,8.966060535232234,9.32914924621582,11794400,0.0,0.0
2009-05-29 00:00:00-04:00,9.272338132915895,9.385957390988368,9.119198149712876,9.373607635498047,8586400,0.0,0.0
2009-06-01 00:00:00-04:00,9.47487789919864,9.860195577914606,9.47487789919864,9.825615882873535,8040800,0.0,0.0
2009-06-02 00:00:00-04:00,9.80091600308072,9.870075390574371,9.642836864680385,9.697175979614258,6464000,0.0,0.0
2009-06-03 00:00:00-04:00,9.642836807139838,9.711996194220802,9.46746782291255,9.702116012573242,9511200,0.0,0.0
2009-06-04 00:00:00-04:00,9.736696219561175,9.909595638607112,9.586027681507549,9.699646949768066,12475600,0.0,0.0
2009-06-05 00:00:00-04:00,9.80338549284961,9.8799554870758,9.650246446623209,9.665066719055176,11769200,0.0,0.0
2009-06-08 00:00:00-04:00,9.625547220811615,9.719406122325076,9.487227500681138,9.56132698059082,9966400,0.0,0.0
2009-06-09 00:00:00-04:00,9.635426272975863,9.870075406644785,9.563797311051951,9.776216506958008,8357600,0.0,0.0
2009-06-10 00:00:00-04:00,9.877487241133215,9.929356788281677,9.726817748936734,9.872547149658203,15254000,0.0,0.0
2009-06-11 00:00:00-04:00,9.879956241019185,10.312204326563773,9.879956241019185,10.275154113769531,10732000,0.0,0.0
2009-06-12 00:00:00-04:00,10.265274873620312,10.275154113769531,9.981225754800588,10.275154113769531,4568800,0.0,0.0
2009-06-15 00:00:00-04:00,10.12695277896886,10.176352737067534,9.914533618702649,10.035563468933105,5311600,0.0,0.0
2009-06-16 00:00:00-04:00,10.161534967561499,10.171415150057754,9.84784624000085,9.870076179504395,7053600,0.0,0.0
2009-06-17 00:00:00-04:00,9.917006871859934,10.161535271486542,9.833027202582107,10.003456115722656,5196400,0.0,0.0
2009-06-18 00:00:00-04:00,10.094844544203692,10.094844544203692,9.75892589726655,9.919475555419922,4914000,0.0,0.0
2009-06-19 00:00:00-04:00,9.939236186671412,10.060265120464322,9.805856554052829,9.857726097106934,6207200,0.0,0.0
2009-06-22 00:00:00-04:00,9.684826317123049,9.684826317123049,9.213058471679688,9.213058471679688,8435600,0.0,0.0
2009-06-23 00:00:00-04:00,9.257518272592607,9.371137535716732,8.985819870821699,9.339028358459473,9307600,0.0,0.0
2009-06-24 00:00:00-04:00,9.445238009255426,9.756456197429435,9.38595786081819,9.69223690032959,8736800,0.0,0.0
2009-06-25 00:00:00-04:00,9.632957043515551,9.833026490543782,9.455117535046014,9.825615882873535,5727600,0.0,0.0
2009-06-26 00:00:00-04:00,9.778685669819476,9.815735878607294,9.511926427889467,9.610726356506348,5053600,0.0,0.0
2009-06-29 00:00:00-04:00,9.632956293333848,9.645306048854472,9.477346735541344,9.610726356506348,4187200,0.0,0.0
2009-06-30 00:00:00-04:00,9.620607789697099,9.670007760433721,9.373608878240054,9.427947998046875,7286000,0.0,0.0
2009-07-01 00:00:00-04:00,9.511926427889467,9.709526285123228,9.385957414017597,9.610726356506348,4898400,0.0,0.0
2009-07-02 00:00:00-04:00,9.474877949987727,9.573676944602388,9.331618135791333,9.425477981567383,5680400,0.0,0.0
2009-07-06 00:00:00-04:00,9.294569228258553,9.376078378435562,9.089559681106138,9.158720016479492,9790800,0.0,0.0
2009-07-07 00:00:00-04:00,9.111789835625881,9.247639050610053,8.76599191950491,8.785751342773438,10483200,0.0,0.0
2009-07-08 00:00:00-04:00,8.775869847133386,9.047569178680895,8.711650553335435,9.015459060668945,10574800,0.0,0.0
2009-07-09 00:00:00-04:00,9.099440633362006,9.213059915208447,9.003111201264973,9.094500541687012,5000800,0.0,0.0
2009-07-10 00:00:00-04:00,8.990760147701415,9.25010879879884,8.990760147701415,9.203178405761719,3561200,0.0,0.0
2009-07-13 00:00:00-04:00,9.264929084637213,9.442768608741837,9.208119446042927,9.440299034118652,6672400,0.0,0.0
2009-07-14 00:00:00-04:00,9.425478039703506,9.45017755295301,9.319268436723778,9.420537948608398,4404800,0.0,0.0
2009-07-15 00:00:00-04:00,9.615667435032059,9.850316582934532,9.49216798268613,9.805856704711914,5564400,0.0,0.0
2009-07-16 00:00:00-04:00,9.70705752940653,9.949116361975394,9.670008256124447,9.899717330932617,5177600,0.0,0.0
2009-07-17 00:00:00-04:00,9.897246444808191,10.131895602411804,9.865136322047421,10.087435722351074,4442800,0.0,0.0
2009-07-20 00:00:00-04:00,10.188704022407714,10.329493311702906,10.107193937959984,10.307263374328613,4948800,0.0,0.0
2009-07-21 00:00:00-04:00,10.307264095356759,10.373953912144815,10.201054491830527,10.327024459838867,3793200,0.0,0.0
2009-07-22 00:00:00-04:00,10.314672766383996,10.514742197457473,10.171413906605885,10.490042686462402,5087200,0.0,0.0
2009-07-23 00:00:00-04:00,10.50980185557454,10.944520399612944,10.440642472660855,10.909939765930176,6143200,0.0,0.0
2009-07-24 00:00:00-04:00,10.774091535220194,11.159410150590926,10.771621960849835,11.14706039428711,7548800,0.0,0.0
2009-07-27 00:00:00-04:00,11.127300354879354,11.147060719322457,10.944521694910838,11.001331329345703,4354000,0.0,0.0
2009-07-28 00:00:00-04:00,10.667882302683072,10.877831935988175,10.623422424676157,10.759272575378418,6452000,0.0,0.0
2009-07-29 00:00:00-04:00,10.675292573221586,10.75927223544513,10.556733216357648,10.667881965637207,4247200,0.0,0.0
2009-07-30 00:00:00-04:00,10.70246290611245,10.99145116999898,10.70246290611245,10.801261901855469,6530400,0.0,0.0
2009-07-31 00:00:00-04:00,10.821021995705921,10.907471232597223,10.68023270006808,10.70493221282959,4262400,0.0,0.0
2009-08-03 00:00:00-04:00,10.855603461764707,11.04085266438108,10.751863418341928,11.030972480773926,4036000,0.0,0.0
2009-08-04 00:00:00-04:00,10.924760901692629,11.339719116451139,10.877831451321203,11.235980033874512,5372400,0.0,0.0
2009-08-05 00:00:00-04:00,11.290319829091738,11.337250224513983,11.028501590319443,11.139650344848633,6175600,0.0,0.0
2009-08-06 00:00:00-04:00,11.127299316501768,11.24585866541855,11.08283944287973,11.206338882446289,5321200,0.0,0.0
2009-08-07 00:00:00-04:00,11.361948243382097,11.665756746388027,11.337248732786856,11.542257308959961,9013200,0.0,0.0
2009-08-10 00:00:00-04:00,11.557078468414415,11.650937369666885,11.300199392697543,11.310079574584961,5284400,0.0,0.0
2009-08-11 00:00:00-04:00,11.310080658841352,11.361950205383842,11.028502043638015,11.063081741333008,3484800,0.0,0.0
2009-08-12 00:00:00-04:00,11.166819565816887,11.979446138235556,11.164349991501838,11.883116722106934,17748000,0.0,0.0
2009-08-13 00:00:00-04:00,11.875708371902498,11.964627190479757,11.68551909290113,11.85347843170166,9337200,0.0,0.0
2009-08-14 00:00:00-04:00,11.860886367567822,11.9325162691249,11.562017947972233,11.63858699798584,4784400,0.0,0.0
2009-08-17 00:00:00-04:00,11.507677649031473,11.507677649031473,11.077899191014932,11.100129127502441,6581600,0.0,0.0
2009-08-18 00:00:00-04:00,11.15693971011362,11.17670007411535,10.806201729117051,10.94205093383789,10066800,0.0,0.0
2009-08-19 00:00:00-04:00,10.808671952225007,11.16682056233079,10.714813044261561,11.124831199645996,8926400,0.0,0.0
2009-08-20 00:00:00-04:00,11.174230637092444,11.51755895692189,11.152000698430234,11.40640926361084,16437200,0.0,0.0
2009-08-21 00:00:00-04:00,12.757493672739212,13.323120442562114,12.680923673872531,13.256430625915527,38198800,0.0,0.0
2009-08-24 00:00:00-04:00,13.387338999774503,13.584937908175508,12.89334125765903,13.036600112915039,17554000,0.0,0.0
2009-08-25 00:00:00-04:00,12.693273223327571,13.088472025645748,12.693273223327571,12.918042182922363,12275600,0.0,0.0
2009-08-26 00:00:00-04:00,12.927923047182928,13.090942290851661,12.814303774189039,13.058832168579102,5698800,0.0,0.0
2009-08-27 00:00:00-04:00,13.034131793693252,13.051421640953865,12.78219280789089,13.01190185546875,7769200,0.0,0.0
2009-08-28 00:00:00-04:00,13.036602175054831,13.194681326780717,12.831593569605968,12.905693054199219,7386000,0.0,0.0
2009-08-31 00:00:00-04:00,12.794542580695596,12.836532882829838,12.666103042146752,12.811832427978516,6858000,0.0,0.0
2009-09-01 00:00:00-04:00,12.720442883821656,13.063771191483207,12.537663289940705,12.631523132324219,9772800,0.0,0.0
2009-09-02 00:00:00-04:00,12.57224458557566,12.789602942607939,12.564833977744849,12.73526382446289,5473200,0.0,0.0
2009-09-03 00:00:00-04:00,12.858762350761596,12.957561339875188,12.658692913800664,12.930391311645508,6490800,0.0,0.0
2009-09-04 00:00:00-04:00,12.91804165553325,13.100821247255015,12.890871627093771,13.04154109954834,5768400,0.0,0.0
2009-09-08 00:00:00-04:00,13.110700852394809,13.449089050292969,13.068710553318603,13.449089050292969,7606800,0.0,0.0
2009-09-09 00:00:00-04:00,13.491078696972878,13.809707481500133,13.347819835094754,13.703497886657715,8786400,0.0,0.0
2009-09-10 00:00:00-04:00,13.757838960550776,13.935677528381348,13.584939541576416,13.935677528381348,8985200,0.0,0.0
2009-09-11 00:00:00-04:00,14.012246892540329,14.582814666660656,14.012246892540329,14.306175231933594,13307600,0.0,0.0
2009-09-14 00:00:00-04:00,14.209845727963407,14.306175143546474,14.034476743582646,14.195026397705078,6185600,0.0,0.0
2009-09-15 00:00:00-04:00,14.111047019652865,14.264186069475905,13.960377544180162,14.012247085571289,11738800,0.0,0.0
2009-09-16 00:00:00-04:00,14.111047083962063,14.185146563747942,13.943087760593533,14.165386199951172,8409600,0.0,0.0
2009-09-17 00:00:00-04:00,14.160448736045778,14.535886270594128,14.09128839675435,14.459317207336426,11329200,0.0,0.0
2009-09-18 00:00:00-04:00,14.528475306740884,14.59022503209841,14.345696647329182,14.367925643920898,8385600,0.0,0.0
2009-09-21 00:00:00-04:00,14.30123475019871,14.496363138682389,13.982605986213581,14.098695755004883,6847200,0.0,0.0
2009-09-22 00:00:00-04:00,14.167857193044973,14.269126705344398,14.022127802933504,14.04682731628418,5684000,0.0,0.0
2009-09-23 00:00:00-04:00,14.143156182387127,14.526005219879037,14.056706946826631,14.212316513061523,6104000,0.0,0.0
2009-09-24 00:00:00-04:00,14.281478331326852,14.303708273142558,13.84182052900085,13.856639862060547,4341600,0.0,0.0
2009-09-25 00:00:00-04:00,13.856637229095453,13.893687439156931,13.520719533147439,13.599759101867676,7042400,0.0,0.0
2009-09-28 00:00:00-04:00,13.671388076637873,14.195026397705078,13.646688564723338,14.195026397705078,7802800,0.0,0.0
2009-09-29 00:00:00-04:00,14.177737947741125,14.279007464129586,14.024597943660172,14.118457794189453,4662400,0.0,0.0
2009-09-30 00:00:00-04:00,14.111046426450923,14.256775804870756,13.831937425295791,14.061646461486816,7105600,0.0,0.0
2009-10-01 00:00:00-04:00,13.985075850402277,14.066585930323392,13.473788261413574,13.473788261413574,6195600,0.0,0.0
2009-10-02 00:00:00-04:00,13.461440528335938,13.584939982724341,13.352761347675525,13.463910102844238,5442800,0.0,0.0
2009-10-05 00:00:00-04:00,13.508369543140704,13.997427253570333,13.40957054817395,13.935677528381348,6024000,0.0,0.0
2009-10-06 00:00:00-04:00,14.071528417987162,14.57046633683416,13.992488840964477,14.466726303100586,10616400,0.0,0.0
2009-10-07 00:00:00-04:00,14.464256636732115,14.67173576065623,14.237017147564716,14.434616088867188,4888000,0.0,0.0
2009-10-08 00:00:00-04:00,14.55564503380951,15.086693037725666,14.55564503380951,14.908853530883789,9443600,0.0,0.0
2009-10-09 00:00:00-04:00,14.94096327462003,15.061992203105396,14.817463829587458,15.05952262878418,4623600,0.0,0.0
2009-10-12 00:00:00-04:00,15.101513359365962,15.388032060174494,15.064464087826922,15.183023452758789,6277200,0.0,0.0
2009-10-13 00:00:00-04:00,15.143500856491238,15.262060199439448,15.012590816427378,15.099040985107422,4379600,0.0,0.0
2009-10-14 00:00:00-04:00,15.415200955157777,15.472010587778122,15.232421358801268,15.434961318969727,5788800,0.0,0.0
2009-10-15 00:00:00-04:00,15.31393235508375,15.555991172790527,15.19290247511733,15.555991172790527,4492800,0.0,0.0
2009-10-16 00:00:00-04:00,15.195371997109135,15.496710947817345,15.163261877223997,15.402851104736328,4043200,0.0,0.0
2009-10-19 00:00:00-04:00,15.388031690155794,15.652320444795414,15.375681933273073,15.528820991516113,2712400,0.0,0.0
2009-10-20 00:00:00-04:00,15.57575260454229,15.57575260454229,15.212663882001525,15.350983619689941,3811200,0.0,0.0
2009-10-21 00:00:00-04:00,15.437432665247616,16.054929971857522,15.338632719299586,15.681962013244629,8800400,0.0,0.0
2009-10-22 00:00:00-04:00,15.684430201872788,15.684430201872788,15.262062307610146,15.47942066192627,4088800,0.0,0.0
2009-10-23 00:00:00-04:00,15.580691209828588,15.84497995991958,15.526351149808596,15.590570449829102,5745600,0.0,0.0
2009-10-26 00:00:00-04:00,15.654790006423747,15.686899183914658,15.049642533829429,15.170671463012695,5556400,0.0,0.0
2009-10-27 00:00:00-04:00,15.187962660805045,15.267002232829666,14.395095481704908,14.66185474395752,11323600,0.0,0.0
2009-10-28 00:00:00-04:00,14.523534518583146,14.619863934761359,14.293825475900027,14.306175231933594,6473600,0.0,0.0
2009-10-29 00:00:00-04:00,14.461784419941859,14.866862437550433,14.355574824809615,14.735953330993652,5348800,0.0,0.0
2009-10-30 00:00:00-04:00,14.819934525678862,14.819934525678862,13.967788102007114,14.01718807220459,6575200,0.0,0.0
2009-11-02 00:00:00-05:00,14.05670756785108,14.496365314798794,13.873927964585981,14.279006958007812,7226400,0.0,0.0
2009-11-03 00:00:00-05:00,14.086345836394829,14.506244121183032,13.999896605214587,14.471664428710938,5316000,0.0,0.0
2009-11-04 00:00:00-05:00,14.513654708862305,14.78535405969461,14.42720547218558,14.513654708862305,4858000,0.0,0.0
2009-11-05 00:00:00-05:00,14.698903585888418,15.05705216621193,14.644564470592972,14.975543022155762,4958800,0.0,0.0
2009-11-06 00:00:00-05:00,14.847103307182197,15.264531088665588,14.824873369575036,15.069401741027832,4342800,0.0,0.0
2009-11-09 00:00:00-05:00,15.434963090600668,15.726420952472516,15.407793058353654,15.681962013244629,6860000,0.0,0.0
2009-11-10 00:00:00-05:00,15.644909353399314,16.045047281736615,15.585629206647951,15.726418495178223,6348000,0.0,0.0
2009-11-11 00:00:00-05:00,15.958598472253302,15.980827467870114,15.523879897155346,15.691839218139648,7156000,0.0,0.0
2009-11-12 00:00:00-05:00,15.741238669812816,15.906728411057458,15.496710303766413,15.536230087280273,5544800,0.0,0.0
2009-11-13 00:00:00-05:00,15.961068907320552,16.33897690649292,15.642440113942365,16.334035873413086,9561600,0.0,0.0
2009-11-16 00:00:00-05:00,16.3809660445172,16.726764861815514,16.36861534643614,16.51187515258789,9481200,0.0,0.0
2009-11-17 00:00:00-05:00,16.60079671504952,16.603267231825892,15.931429887016122,16.205598831176758,16605200,0.0,0.0
2009-11-18 00:00:00-05:00,15.741239908060338,15.92895865896114,15.2595918608171,15.711600303649902,24278000,0.0,0.0
2009-11-19 00:00:00-05:00,15.64985127150176,15.64985127150176,15.276882385390419,15.457192420959473,6750400,0.0,0.0
2009-11-20 00:00:00-05:00,15.33122250564749,15.494241751081967,15.252182928602053,15.452252388000488,5699200,0.0,0.0
2009-11-23 00:00:00-05:00,15.625151732107382,15.99071003157734,15.563402000259899,15.93143081665039,7001200,0.0,0.0
2009-11-24 00:00:00-05:00,16.07715553168027,16.18089648918569,15.830156661865901,16.163606643676758,7437600,0.0,0.0
2009-11-25 00:00:00-05:00,16.094447797430938,16.190777209109235,15.948717479474098,16.07715606689453,3604800,0.0,0.0
2009-11-27 00:00:00-05:00,15.291701161838747,15.844979087110188,15.153381444964388,15.622679710388184,4867200,0.0,0.0
2009-11-30 00:00:00-05:00,15.521411419679364,15.546110933594143,15.296642451041047,15.481891632080078,5756000,0.0,0.0
2009-12-01 00:00:00-05:00,15.479420994354616,15.943780143912043,15.407792027671233,15.886969566345215,4322400,0.0,0.0
2009-12-02 00:00:00-05:00,15.842510401255028,16.114208833332665,15.830159701611969,15.985770225524902,3537200,0.0,0.0
2009-12-03 00:00:00-05:00,16.05245967690699,16.230299205181606,15.958600763407507,15.978361129760742,3770800,0.0,0.0
2009-12-04 00:00:00-05:00,16.23029827292835,16.408137790988025,15.968480029369468,16.28957748413086,5850000,0.0,0.0
2009-12-07 00:00:00-05:00,16.334037620936098,16.36367816923032,16.158668616879364,16.269819259643555,3655600,0.0,0.0
2009-12-08 00:00:00-05:00,16.07962701924981,16.124086893879888,15.807928622933527,15.842508316040039,6942400,0.0,0.0
2009-12-09 00:00:00-05:00,15.847449973962004,15.88943933375403,15.541169988009312,15.751119613647461,4596400,0.0,0.0
2009-12-10 00:00:00-05:00,15.857330299186366,16.05245967690699,15.81040178466275,15.978361129760742,3988000,0.0,0.0
2009-12-11 00:00:00-05:00,16.027758190668177,16.027758190668177,15.373211682421191,15.625149726867676,6979200,0.0,0.0
2009-12-14 00:00:00-05:00,15.798048982756754,16.077157053666834,15.54364042427599,16.035167694091797,5395200,0.0,0.0
2009-12-15 00:00:00-05:00,15.99565078550656,16.136440096277024,15.83263059174485,16.072219848632812,3513200,0.0,0.0
2009-12-16 00:00:00-05:00,16.12408586216641,16.346385221092785,16.03763663493166,16.24758529663086,5834800,0.0,0.0
2009-12-17 00:00:00-05:00,16.180894286324023,16.195713613470804,15.958594956864486,16.025283813476562,4096400,0.0,0.0
2009-12-18 00:00:00-05:00,16.178428228895783,16.778635641620685,16.11420798614213,16.766284942626953,13851200,0.0,0.0
2009-12-21 00:00:00-05:00,16.78851607133487,17.255343856505792,16.652665918210158,17.22076416015625,8674000,0.0,0.0
2009-12-22 00:00:00-05:00,17.03304267802624,17.722169784998748,16.9638832925727,17.611021041870117,10318000,0.0,0.0
2009-12-23 00:00:00-05:00,17.613494316281766,18.006223622121823,17.48999484272051,17.9321231842041,7430400,0.0,0.0
2009-12-24 00:00:00-05:00,18.013630251049452,18.013630251049452,17.825910555248328,17.946941375732422,3073200,0.0,0.0
2009-12-28 00:00:00-05:00,17.885192585295094,18.221109380612067,17.885192585295094,18.18406105041504,6663200,0.0,0.0
2009-12-29 00:00:00-05:00,18.196409666890684,18.512567977466347,18.13713045477079,18.435998916625977,7845600,0.0,0.0
2009-12-30 00:00:00-05:00,18.34213707464342,18.34213707464342,17.99633827106579,18.282855987548828,12124000,0.0,0.0
2009-12-31 00:00:00-05:00,18.29767842106439,18.36683780949892,18.166769309463024,18.221107482910156,5436400,0.0,0.0
2010-01-04 00:00:00-05:00,18.42858776393138,18.655826295768524,18.324848679977727,18.480457305908203,7906000,0.0,0.0
2010-01-05 00:00:00-05:00,18.389067986705452,18.52491814018096,17.981521295183168,18.401418685913086,7942400,0.0,0.0
2010-01-06 00:00:00-05:00,18.463165456140217,18.524915173384834,18.2729771561856,18.369306564331055,5122400,0.0,0.0
2010-01-07 00:00:00-05:00,18.406356339025074,18.51256593644179,18.164298483625473,18.287797927856445,4840000,0.0,0.0
2010-01-08 00:00:00-05:00,18.295211556202105,18.3643709584408,18.09514301623267,18.314971923828125,5510400,0.0,0.0
2010-01-11 00:00:00-05:00,18.42611932349034,18.450818838959652,17.979051874803403,18.191471099853516,6399200,0.0,0.0
2010-01-12 00:00:00-05:00,17.398603646269343,17.410952460972325,16.86014595257392,16.867555618286133,21053200,0.0,0.0
2010-01-13 00:00:00-05:00,16.86508590062183,16.99105587705416,16.541517919510685,16.91942596435547,20649600,0.0,0.0
2010-01-14 00:00:00-05:00,16.91695293828616,17.22323290945505,16.91695293828616,17.089853286743164,10400400,0.0,0.0
2010-01-15 00:00:00-05:00,17.055273325111376,17.178772764440346,16.820623259715198,16.9515323638916,8564800,0.0,0.0
2010-01-19 00:00:00-05:00,16.941652008453755,17.257812152825434,16.83297378438874,17.16642189025879,6252800,0.0,0.0
2010-01-20 00:00:00-05:00,16.993527688603095,17.084916089615863,16.67242831541418,16.931777954101562,7260000,0.0,0.0
2010-01-21 00:00:00-05:00,16.949064630481722,17.17136212549767,16.452596330411982,16.519285202026367,8946000,0.0,0.0
2010-01-22 00:00:00-05:00,16.48223814656149,16.53410769169435,15.896850049572716,15.941309928894043,8788800,0.0,0.0
2010-01-25 00:00:00-05:00,16.173489285788143,16.20559846534754,15.677020954265183,15.840039253234863,9866800,0.0,0.0
2010-01-26 00:00:00-05:00,15.847446143426247,16.346382960504418,15.647375805834901,16.15619468688965,10367200,0.0,0.0
2010-01-27 00:00:00-05:00,16.156197094121033,16.21794681201426,15.904257189823634,16.15372657775879,5947600,0.0,0.0
2010-01-28 00:00:00-05:00,16.11173997234446,16.129029820928093,15.66961074839157,15.847451210021973,5684400,0.0,0.0
2010-01-29 00:00:00-05:00,16.007998410106232,16.094449534310336,15.610330965020939,15.69678020477295,6281200,0.0,0.0
2010-02-01 00:00:00-05:00,15.812868498556611,16.12408763527724,15.721480113052413,16.099388122558594,5632000,0.0,0.0
2010-02-02 00:00:00-05:00,16.116680232022258,16.19571981448703,15.83016056780476,16.06974983215332,4664400,0.0,0.0
2010-02-03 00:00:00-05:00,16.005529820645005,16.358738330677653,15.906729881613447,16.20806884765625,4725600,0.0,0.0
2010-02-04 00:00:00-05:00,16.015409563119253,16.077159295027244,15.271944147752684,15.420143127441406,11797200,0.0,0.0
2010-02-05 00:00:00-05:00,15.434962064522008,15.437431639004787,14.894033856866608,15.33369255065918,12440800,0.0,0.0
2010-02-08 00:00:00-05:00,15.336161044076446,15.570810176893813,15.123741848941272,15.343570709228516,5062400,0.0,0.0
2010-02-09 00:00:00-05:00,15.481890540358146,16.030228379079393,15.481890540358146,15.970949172973633,9099200,0.0,0.0
2010-02-10 00:00:00-05:00,16.00058905680882,16.030229604353273,15.815339874673272,15.988240242004395,6855200,0.0,0.0
2010-02-11 00:00:00-05:00,15.998116328546987,16.32909580145757,15.763468150726368,16.29204559326172,6448800,0.0,0.0
2010-02-12 00:00:00-05:00,16.16113666534211,16.21794723644946,15.8548585842227,16.07715606689453,8150000,0.0,0.0
2010-02-16 00:00:00-05:00,16.171017851886496,16.413075712117532,16.131497124406813,16.35132598876953,5511200,0.0,0.0
2010-02-17 00:00:00-05:00,16.358738674452454,16.627966582407804,16.358738674452454,16.494586944580078,6672400,0.0,0.0
2010-02-18 00:00:00-05:00,16.711946501657234,17.028104792582297,16.655135925419735,16.907073974609375,8361600,0.0,0.0
2010-02-19 00:00:00-05:00,16.82556486284454,17.16395213202555,16.800863466580036,17.023162841796875,7196800,0.0,0.0
2010-02-22 00:00:00-05:00,17.11949573814798,17.173835805856545,16.968826235665986,17.052806854248047,5123600,0.0,0.0
2010-02-23 00:00:00-05:00,16.976234440745976,17.139252727288795,16.77122491096234,16.85520362854004,5597200,0.0,0.0
2010-02-24 00:00:00-05:00,16.87496426071959,17.294861624201175,16.818153686284035,17.15160369873047,10460400,0.0,0.0
2010-02-25 00:00:00-05:00,17.0009341727329,17.003402804845155,15.998117390723161,16.79839515686035,19942400,0.0,0.0
2010-02-26 00:00:00-05:00,16.613147092757163,16.813215605369408,16.425427394883332,16.7835750579834,10079600,0.0,0.0
2010-03-01 00:00:00-05:00,16.731704865818728,17.633251222723135,16.677364806606924,17.512222290039062,10422000,0.0,0.0
2010-03-02 00:00:00-05:00,17.485050431301648,17.870368069837465,17.44552970711754,17.74439811706543,8080800,0.0,0.0
2010-03-03 00:00:00-05:00,17.776512517354703,17.853081579286386,17.410953287758794,17.430713653564453,5988000,0.0,0.0
2010-03-04 00:00:00-05:00,17.462821878453926,17.519632455921396,17.289923398252245,17.50975227355957,5519200,0.0,0.0
2010-03-05 00:00:00-05:00,17.586321476890333,18.02844974786871,17.586321476890333,17.85308074951172,6999200,0.0,0.0
2010-03-08 00:00:00-05:00,17.862961309530167,18.184060650152578,17.81356228072002,18.018569946289062,5848800,0.0,0.0
2010-03-09 00:00:00-05:00,17.801210857498674,18.32731784229875,17.754280462920704,18.19887924194336,9360000,0.0,0.0
2010-03-10 00:00:00-05:00,18.191469383072263,18.623717458575566,18.184059717575963,18.571847915649414,8216000,0.0,0.0
2010-03-11 00:00:00-05:00,18.47798880109953,18.648418660758995,18.416239070434766,18.628658294677734,6578000,0.0,0.0
2010-03-12 00:00:00-05:00,18.70769653086959,18.86577567926117,18.55208789917378,18.700286865234375,4140400,0.0,0.0
2010-03-15 00:00:00-04:00,18.62618817383233,18.712637412964366,18.413768966563843,18.67311668395996,5657200,0.0,0.0
2010-03-16 00:00:00-04:00,18.643478124821673,19.041144627029528,18.62865690913697,18.942346572875977,7889200,0.0,0.0
2010-03-17 00:00:00-04:00,18.99174495920843,19.139943919890904,18.853426180498392,18.954694747924805,5502800,0.0,0.0
2010-03-18 00:00:00-04:00,18.94234877599762,19.130066608283876,18.880599042743697,18.996688842773438,5493600,0.0,0.0
2010-03-19 00:00:00-04:00,18.77685546875,19.14241466834964,18.682996565553086,18.77685546875,6185600,0.0,0.0
2010-03-22 00:00:00-04:00,18.458227510512096,19.260973886992733,18.423645932906375,19.14488410949707,6491600,0.0,0.0
2010-03-23 00:00:00-04:00,19.181936010449537,19.211574673222096,18.88306567484409,19.043615341186523,4934800,0.0,0.0
2010-03-24 00:00:00-04:00,18.91764340932049,19.070783394089435,18.75956427608567,18.81143569946289,4733600,0.0,0.0
2010-03-25 00:00:00-04:00,18.939874366618685,19.157232704599558,18.759564353414383,18.76450538635254,5840800,0.0,0.0
2010-03-26 00:00:00-04:00,18.821314217972652,18.846015613948573,18.43352604524505,18.51256561279297,4206400,0.0,0.0
2010-03-29 00:00:00-04:00,18.57678734429888,18.63112740469295,18.391538166292964,18.468107223510742,4227200,0.0,0.0
2010-03-30 00:00:00-04:00,18.574316849976295,18.895416179353994,18.46810724574694,18.626188278198242,7784000,0.0,0.0
2010-03-31 00:00:00-04:00,18.596546744691242,18.65335543437446,18.349547853489796,18.389066696166992,4547200,0.0,0.0
2010-04-01 00:00:00-04:00,18.55455939913696,18.79661728349122,18.445879272188893,18.65829849243164,4212800,0.0,0.0
2010-04-05 00:00:00-04:00,18.749687246570335,19.00656444210203,18.742275696692655,18.98186492919922,3449200,0.0,0.0
2010-04-06 00:00:00-04:00,18.87318562332363,19.62159194002783,18.804024352892046,19.470922470092773,9928800,0.0,0.0
2010-04-07 00:00:00-04:00,19.463518270398247,19.463518270398247,18.939879811091444,19.063379287719727,7023600,0.0,0.0
2010-04-08 00:00:00-04:00,18.947284828023207,19.29061313803199,18.811436567744252,19.253562927246094,6352800,0.0,0.0
2010-04-09 00:00:00-04:00,19.404233658515032,19.732742659254107,19.120186421158568,19.703102111816406,7682400,0.0,0.0
2010-04-12 00:00:00-04:00,19.757440944162255,20.06372092860919,19.63394149753262,19.885881423950195,9838000,0.0,0.0
2010-04-13 00:00:00-04:00,19.848833350451,19.92540241258191,19.680874009570267,19.86612319946289,5231600,0.0,0.0
2010-04-14 00:00:00-04:00,20.236620841585047,20.740498845859936,20.16993196481361,20.71579933166504,8835600,0.0,0.0
2010-04-15 00:00:00-04:00,20.74543745931046,20.84423739799136,20.528079101774146,20.68121910095215,5531600,0.0,0.0
2010-04-16 00:00:00-04:00,20.65898753245143,20.975145818152228,20.50584753836734,20.619468688964844,9941200,0.0,0.0
2010-04-19 00:00:00-04:00,20.508318131039907,20.71085715134643,20.006910671284242,20.414459228515625,7141600,0.0,0.0
2010-04-20 00:00:00-04:00,20.64416903704568,20.901048125684934,20.50831888482469,20.86646842956543,4295200,0.0,0.0
2010-04-21 00:00:00-04:00,20.955386416356497,21.041837541578637,20.735557539347514,21.014667510986328,6288800,0.0,0.0
2010-04-22 00:00:00-04:00,20.957854804337416,22.086639622043737,20.747906131091753,21.90880012512207,10038800,0.0,0.0
2010-04-23 00:00:00-04:00,21.85693316594253,22.027363018018818,21.365405859367833,21.77542495727539,6087600,0.0,0.0
2010-04-26 00:00:00-04:00,21.8964524141302,22.10640109794655,21.78283314858784,21.856931686401367,3881600,0.0,0.0
2010-04-27 00:00:00-04:00,22.029832383139116,22.029832383139116,21.128286025786572,21.194974899291992,5118400,0.0,0.0
2010-04-28 00:00:00-04:00,21.35305399839316,21.355524515022054,20.94797595604851,21.278955459594727,5870800,0.0,0.0
2010-04-29 00:00:00-04:00,21.446911301182688,21.82234873633752,21.31353169167391,21.770479202270508,4074400,0.0,0.0
2010-04-30 00:00:00-04:00,21.8347041669794,21.8347041669794,21.11840694629646,21.14310646057129,4456800,0.0,0.0
2010-05-03 00:00:00-04:00,21.261666179031813,21.802592499156567,21.180156088173256,21.666744232177734,4634000,0.0,0.0
2010-05-04 00:00:00-04:00,21.98290058243852,22.05453048462789,21.07641513428508,21.387632369995117,9104800,0.0,0.0
2010-05-05 00:00:00-04:00,21.11840713607108,21.35058671813562,20.903517402599512,21.04924774169922,7292400,0.0,0.0
2010-05-06 00:00:00-04:00,20.987499551775837,21.276487849922823,18.77191883041101,19.982213973999023,16295200,0.0,0.0
2010-05-07 00:00:00-04:00,19.999501471756393,20.103240558718504,18.816376500587328,19.147354125976562,13885600,0.0,0.0
2010-05-10 00:00:00-04:00,20.36999856060206,21.138165251745864,20.29342950847551,21.115934371948242,11520800,0.0,0.0
2010-05-11 00:00:00-04:00,20.738026646860057,21.711202879703627,20.705917469456566,21.291303634643555,10001200,0.0,0.0
2010-05-12 00:00:00-04:00,21.449383874562255,21.874222290077938,21.449383874562255,21.83470344543457,9828400,0.0,0.0
2010-05-13 00:00:00-04:00,21.834702829184465,22.190379958744682,21.34811470152939,21.40986442565918,11328400,0.0,0.0
2010-05-14 00:00:00-04:00,21.246846290726623,21.308596020789064,20.572540293737976,20.925748825073242,7905200,0.0,0.0
2010-05-17 00:00:00-04:00,21.123345258319386,21.434564402315623,20.37740940384658,21.05418586730957,6710000,0.0,0.0
2010-05-18 00:00:00-04:00,21.488901887586096,21.654390679739294,20.594765291562034,20.787425994873047,7692800,0.0,0.0
2010-05-19 00:00:00-04:00,20.4638560869413,20.68368493139107,19.70063048003292,20.155107498168945,10582400,0.0,0.0
2010-05-20 00:00:00-04:00,19.483272587727303,20.07359980900525,19.238744203945522,19.520322799682617,17455600,0.0,0.0
2010-05-21 00:00:00-04:00,18.263099611102536,20.765197836565466,18.255689945476078,20.56018829345703,43596800,0.0,0.0
2010-05-24 00:00:00-04:00,20.3354200733645,20.99984583895213,20.283550530029174,20.300840377807617,9276000,0.0,0.0
2010-05-25 00:00:00-04:00,19.764850557420687,20.315658917097842,19.463513491377274,20.28601837158203,11385600,0.0,0.0
2010-05-26 00:00:00-04:00,20.44162885087417,21.190035192901963,20.367528429416133,20.6861572265625,12684800,0.0,0.0
2010-05-27 00:00:00-04:00,21.160395953751735,21.48890495300293,21.088766044440803,21.48890495300293,10038000,0.0,0.0
2010-05-28 00:00:00-04:00,21.30859583945039,21.61240533793113,21.083827803851047,21.37281608581543,9415600,0.0,0.0
2010-06-01 00:00:00-04:00,20.824477378636015,21.481495379973147,20.824477378636015,20.967737197875977,8402400,0.0,0.0
2010-06-02 00:00:00-04:00,21.224617592464,21.844585418701172,20.93809793638707,21.844585418701172,7461600,0.0,0.0
2010-06-03 00:00:00-04:00,22.08170302459495,23.65755539867937,22.04959196010932,23.51429557800293,26548800,0.0,0.0
2010-06-04 00:00:00-04:00,22.847396724432972,23.798342049046013,21.91868039479867,22.140979766845703,25813600,0.0,0.0
2010-06-07 00:00:00-04:00,22.249662227067013,22.59792970965708,21.642045135639055,21.711204528808594,10798400,0.0,0.0
2010-06-08 00:00:00-04:00,22.007601194192667,22.16568033642745,21.335763897468826,21.735902786254883,14485600,0.0,0.0
2010-06-09 00:00:00-04:00,22.022422231223757,22.706608336507703,21.876691904261325,21.98784065246582,9701200,0.0,0.0
2010-06-10 00:00:00-04:00,22.56582038663176,22.884449204100072,22.31388044516746,22.827638626098633,9740000,0.0,0.0
2010-06-11 00:00:00-04:00,22.350930486844998,23.926784713918284,22.350930486844998,23.86997413635254,14185600,0.0,0.0
2010-06-14 00:00:00-04:00,23.9465420217864,23.981121716193513,23.042527049575856,23.094396591186523,15007600,0.0,0.0
2010-06-15 00:00:00-04:00,23.294463016464164,23.61803282022765,23.077104687495922,23.467363357543945,13090400,0.0,0.0
2010-06-16 00:00:00-04:00,23.272235500292258,23.48218417794403,23.00300573278787,23.3018741607666,10197200,0.0,0.0
2010-06-17 00:00:00-04:00,23.45748600464748,24.102153289079357,23.299406858257107,23.983592987060547,14103200,0.0,0.0
2010-06-18 00:00:00-04:00,23.929254196295652,23.958894744485427,23.551346158023847,23.642736434936523,10055600,0.0,0.0
2010-06-21 00:00:00-04:00,24.057695153941967,24.191074796704648,23.358687758972657,23.5661678314209,11048400,0.0,0.0
2010-06-22 00:00:00-04:00,23.440194419620145,23.66496242367652,22.558408480956647,22.69919776916504,13329600,0.0,0.0
2010-06-23 00:00:00-04:00,22.90914718328081,23.168496773098745,22.417619916914116,22.956077575683594,11338400,0.0,0.0
2010-06-24 00:00:00-04:00,23.096867753430644,23.12897693214855,22.326230504132315,22.486780166625977,11480400,0.0,0.0
2010-06-25 00:00:00-04:00,22.676967723247632,22.71895896716698,22.150860760489696,22.63003921508789,8297200,0.0,0.0
2010-06-28 00:00:00-04:00,22.696728130293085,22.805408246253428,22.444790088555568,22.546058654785156,6393200,0.0,0.0
2010-06-29 00:00:00-04:00,22.158272249582275,22.158272249582275,20.87140813953904,21.09617805480957,15199200,0.0,0.0
2010-06-30 00:00:00-04:00,21.009725229499036,21.629692978396882,20.96773586996962,21.197444915771484,15501600,0.0,0.0
2010-07-01 00:00:00-04:00,21.157927584364188,21.642045222956305,20.65157906390524,21.506195068359375,13087200,0.0,0.0
2010-07-02 00:00:00-04:00,21.567944679082586,21.970552222733996,21.330825952350576,21.516075134277344,9820800,0.0,0.0
2010-07-06 00:00:00-04:00,21.938441958282,22.271890092373816,21.47655334244463,21.763072967529297,10732400,0.0,0.0
2010-07-07 00:00:00-04:00,21.73837189503228,22.595458307723185,21.684031840073494,22.570756912231445,11062000,0.0,0.0
2010-07-08 00:00:00-04:00,22.94372760437635,22.99065799826628,22.254600449220465,22.61768913269043,7910800,0.0,0.0
2010-07-09 00:00:00-04:00,22.58063782124059,22.81528789481084,22.457138377609496,22.669557571411133,4437200,0.0,0.0
2010-07-12 00:00:00-04:00,22.583110503784585,22.90914899086408,22.35834059028059,22.68684959411621,4533600,0.0,0.0
2010-07-13 00:00:00-04:00,22.938786110788925,23.287053543274784,22.723896411968724,23.131444931030273,6200400,0.0,0.0
2010-07-14 00:00:00-04:00,23.45501434367368,23.818103013105308,23.311754535355412,23.645204544067383,8605200,0.0,0.0
2010-07-15 00:00:00-04:00,23.687194069489614,23.763763122822702,23.3241053975068,23.709423065185547,6092400,0.0,0.0
2010-07-16 00:00:00-04:00,23.536523872532154,23.56122338403131,22.672027778898062,22.736248016357422,7004400,0.0,0.0
2010-07-19 00:00:00-04:00,22.731311894054144,23.10675133397487,22.61275345946511,22.8795108795166,7998400,0.0,0.0
2010-07-20 00:00:00-04:00,22.370691788895382,23.042529143193683,22.09405232405132,23.000539779663086,6506800,0.0,0.0
2010-07-21 00:00:00-04:00,23.143794823074604,23.33645553675007,22.679437596626848,22.763418197631836,5971600,0.0,0.0
2010-07-22 00:00:00-04:00,23.151206176463315,23.81810240804179,23.094395604107195,23.694602966308594,6374400,0.0,0.0
2010-07-23 00:00:00-04:00,23.64273532980961,24.77399075940366,23.38832676087537,24.64307975769043,12543200,0.0,0.0
2010-07-26 00:00:00-04:00,24.69989040417036,25.067918243545915,24.420782321005987,24.717180252075195,10813600,0.0,0.0
2010-07-27 00:00:00-04:00,24.850559378022076,24.941949649050677,24.144142376157866,24.403491973876953,6792000,0.0,0.0
2010-07-28 00:00:00-04:00,24.33927043306494,24.638138858751145,24.074981700634858,24.233060836791992,4661600,0.0,0.0
2010-07-29 00:00:00-04:00,24.571449012900295,24.694948450896582,23.778580962646476,24.154020309448242,6449600,0.0,0.0
2010-07-30 00:00:00-04:00,23.921846736206692,24.56157496468073,23.73659753295607,24.44054412841797,5489200,0.0,0.0
2010-08-02 00:00:00-04:00,24.971589073883028,25.314917403211677,24.7147099849515,25.171659469604492,6564400,0.0,0.0
2010-08-03 00:00:00-04:00,25.142014893816725,25.186474765247286,24.76163641256677,24.949356079101562,5140000,0.0,0.0
2010-08-04 00:00:00-04:00,24.9962888894558,25.63107601153936,24.941950712301598,25.579206466674805,5920000,0.0,0.0
2010-08-05 00:00:00-04:00,25.55450718052249,25.55450718052249,25.169189481262386,25.36431884765625,4642400,0.0,0.0
2010-08-06 00:00:00-04:00,25.05062645722364,25.297625342152568,24.670247948298854,25.2753963470459,5499600,0.0,0.0
2010-08-09 00:00:00-04:00,25.28280987588095,25.796568087315755,25.230940328253237,25.702707290649414,6108400,0.0,0.0
2010-08-10 00:00:00-04:00,25.184010011739968,25.30750947347925,24.914782089685406,25.107440948486328,7448000,0.0,0.0
2010-08-11 00:00:00-04:00,24.48253470950638,24.51464389212094,24.018175513359306,24.183666229248047,9782400,0.0,0.0
2010-08-12 00:00:00-04:00,23.63779599583725,24.156495237716666,23.48959702006551,23.946544647216797,10554000,0.0,0.0
2010-08-13 00:00:00-04:00,23.953952956433234,24.25529001646404,23.82798299606953,24.018171310424805,7770400,0.0,0.0
2010-08-16 00:00:00-04:00,23.931722451975187,24.07745277790747,23.650143866359027,23.867502212524414,7285200,0.0,0.0
2010-08-17 00:00:00-04:00,24.302221373276236,24.857968892628538,24.08486302188785,24.534400939941406,9106400,0.0,0.0
2010-08-18 00:00:00-04:00,24.576390300246203,24.672719719511104,24.198482288598964,24.534400939941406,7196000,0.0,0.0
2010-08-19 00:00:00-04:00,24.561572055653112,24.67519132738902,23.800814965471332,23.81316566467285,13326800,0.0,0.0
2010-08-20 00:00:00-04:00,25.749636102409955,27.908406025939026,25.722466071833495,27.8491268157959,42439200,0.0,0.0
2010-08-23 00:00:00-04:00,27.347718362357767,28.009675486173943,26.861130230463708,27.733036041259766,27180400,0.0,0.0
2010-08-24 00:00:00-04:00,26.78455967635052,28.19492308271989,26.749979983227423,27.98250389099121,27593200,0.0,0.0
2010-08-25 00:00:00-04:00,27.619417526890754,28.019556432047896,27.011800445731307,27.71080780029297,18384000,0.0,0.0
2010-08-26 00:00:00-04:00,27.73056318343606,27.984973610527895,27.12047753816589,27.130355834960938,13586400,0.0,0.0
2010-08-27 00:00:00-04:00,27.300790340154062,27.71327808449806,26.490634183648993,27.53544044494629,12054800,0.0,0.0
2010-08-30 00:00:00-04:00,27.211869361968972,27.733037210901063,26.940170938862472,26.96487045288086,8872800,0.0,0.0
2010-08-31 00:00:00-04:00,26.80678967804704,27.330428011998144,26.752449619826866,27.14023780822754,12160400,0.0,0.0
2010-09-01 00:00:00-04:00,27.63670585688726,28.85193995245689,27.49097741524038,28.75067138671875,20854800,0.0,0.0
2010-09-02 00:00:00-04:00,28.64446322196405,29.538598049130503,28.560482614619858,29.422510147094727,14759600,0.0,0.0
2010-09-03 00:00:00-04:00,29.580588235296936,29.998015087018604,29.234789404910284,29.548477172851562,16477200,0.0,0.0
2010-09-07 00:00:00-04:00,29.397808598260294,29.751017104836574,29.355819237029706,29.55341911315918,7971600,0.0,0.0
2010-09-08 00:00:00-04:00,29.7460746587755,29.958493842511153,29.427445883172016,29.587995529174805,8782000,0.0,0.0
2010-09-09 00:00:00-04:00,30.123986216435085,30.13386639876565,28.960621600453056,29.05942153930664,10284000,0.0,0.0
2010-09-10 00:00:00-04:00,29.27183709827456,29.484256280764235,28.77783935005706,29.002607345581055,9489600,0.0,0.0
2010-09-13 00:00:00-04:00,29.360758638250182,29.639866704649588,28.8741705250032,29.291597366333008,10162800,0.0,0.0
2010-09-14 00:00:00-04:00,28.83712317394605,29.36817121528174,28.777843962305745,29.09153175354004,11873600,0.0,0.0
2010-09-15 00:00:00-04:00,29.019899478035807,29.084119718010886,28.478973182542205,28.851940155029297,9294800,0.0,0.0
2010-09-16 00:00:00-04:00,28.740791558199376,29.071769172792468,28.637052474621125,28.87911033630371,8204000,0.0,0.0
2010-09-17 00:00:00-04:00,29.140931949266346,29.195270126001294,28.590123556131832,28.834651947021484,10694000,0.0,0.0
2010-09-20 00:00:00-04:00,29.10387990647123,30.571052044020064,28.953210431544118,30.415443420410156,16048000,0.0,0.0
2010-09-21 00:00:00-04:00,30.326526507271353,30.366047238241087,29.812768311377894,29.983198165893555,9337600,0.0,0.0
2010-09-22 00:00:00-04:00,29.973313568895602,30.00789326117538,29.145867701711957,29.31629753112793,10432800,0.0,0.0
2010-09-23 00:00:00-04:00,29.121171732808993,29.50155027860495,28.827242428227542,29.019901275634766,8086400,0.0,0.0
2010-09-24 00:00:00-04:00,29.565768359406544,29.899218390801167,29.31383030389169,29.476848602294922,10028000,0.0,0.0
2010-09-27 00:00:00-04:00,29.469439133852475,29.528720228625065,28.856882896819325,28.90875244140625,6844400,0.0,0.0
2010-09-28 00:00:00-04:00,29.116231192976677,29.145871740946518,28.07389736280806,28.348064422607422,12415200,0.0,0.0
2010-09-29 00:00:00-04:00,28.387586353430624,28.597535061516638,27.461340390299178,28.05413818359375,15104000,0.0,0.0
2010-09-30 00:00:00-04:00,28.33571543439551,28.750673681175652,27.60212836558311,27.614479064941406,13821600,0.0,0.0
2010-10-01 00:00:00-04:00,27.933105390333367,27.94792660612893,27.298318276943064,27.663877487182617,10276400,0.0,0.0
2010-10-04 00:00:00-04:00,27.587306296480623,27.908403718960965,27.140237029511567,27.683635711669922,9086400,0.0,0.0
2010-10-05 00:00:00-04:00,28.157875817492513,28.38264573074812,27.76761708634998,28.13564682006836,10483200,0.0,0.0
2010-10-06 00:00:00-04:00,28.187518461544236,28.187518461544236,24.1861346802692,25.922536849975586,64562800,0.0,0.0
2010-10-07 00:00:00-04:00,26.384423193795715,26.426412555754503,25.260577412166707,25.915124893188477,28779200,0.0,0.0
2010-10-08 00:00:00-04:00,25.907712907485156,26.381950314610563,25.418656170278314,26.14977264404297,14123600,0.0,0.0
2010-10-11 00:00:00-04:00,26.1349519308949,26.154712294350535,24.640609778036996,24.67765998840332,23921200,0.0,0.0
2010-10-12 00:00:00-04:00,24.652961039719127,26.275743831717325,24.39361331030746,26.050975799560547,25572000,0.0,0.0
2010-10-13 00:00:00-04:00,26.399241600629917,26.96981033775122,26.18929291373685,26.505451202392578,18388400,0.0,0.0
2010-10-14 00:00:00-04:00,26.55979064430235,26.661061094898866,25.94723444538157,26.51780128479004,10725600,0.0,0.0
2010-10-15 00:00:00-04:00,26.774680184118303,26.866068567816946,26.386892000295756,26.769739151000977,9300400,0.0,0.0
2010-10-18 00:00:00-04:00,26.90311882825858,26.90311882825858,25.682945584843818,26.090492248535156,13386400,0.0,0.0
2010-10-19 00:00:00-04:00,24.969115397977035,26.026272167134426,24.811036268551078,25.596492767333984,12371200,0.0,0.0
2010-10-20 00:00:00-04:00,25.813856357916197,26.132485174817344,25.24328759999921,25.794095993041992,7460800,0.0,0.0
2010-10-21 00:00:00-04:00,25.88795090188612,26.562258644587587,25.712581930725364,26.008981704711914,7202000,0.0,0.0
2010-10-22 00:00:00-04:00,26.05097464758545,26.890771296180127,25.858315804412687,26.661062240600586,6678400,0.0,0.0
2010-10-25 00:00:00-04:00,27.078488278023563,28.071424894794706,27.048849616566056,27.799726486206055,15242000,0.0,0.0
2010-10-26 00:00:00-04:00,27.58236686218737,27.85653579344901,27.25138923890695,27.629297256469727,8191600,0.0,0.0
2010-10-27 00:00:00-04:00,28.26408436367876,28.63952186466244,27.676227656726653,28.419692993164062,11044800,0.0,0.0
2010-10-28 00:00:00-04:00,28.533315322335568,28.683984819113316,27.79478905554861,28.404876708984375,6473600,0.0,0.0
2010-10-29 00:00:00-04:00,28.367823785448795,28.89887180664944,28.231975518738363,28.66916275024414,6098800,0.0,0.0
2010-11-01 00:00:00-04:00,28.735852841143547,28.76302287252569,27.817018461096165,28.096126556396484,7495200,0.0,0.0
2010-11-02 00:00:00-04:00,28.22456585751918,28.649404302910824,27.930638423123227,28.511085510253906,5524000,0.0,0.0
2010-11-03 00:00:00-04:00,28.600003173229556,28.876642622689793,28.06895515546985,28.76302146911621,8425600,0.0,0.0
2010-11-04 00:00:00-04:00,29.145873048158254,29.481791735740664,28.0566068881773,28.165287017822266,12630400,0.0,0.0
2010-11-05 00:00:00-04:00,28.35547502141086,28.439453744495758,27.770086938702505,27.952865600585938,8197600,0.0,0.0
2010-11-08 00:00:00-05:00,28.13317691228443,28.74820368554327,27.78737805295719,28.281375885009766,9884400,0.0,0.0
2010-11-09 00:00:00-05:00,28.202335968439723,28.47403439591405,27.84418829828523,28.348064422607422,9503200,0.0,0.0
2010-11-10 00:00:00-05:00,28.350535645667485,29.168101465235264,28.266556917672386,29.11623191833496,10510800,0.0,0.0
2010-11-11 00:00:00-05:00,28.481443950533524,29.168100624642477,28.046727222053644,28.832183837890625,9027200,0.0,0.0
2010-11-12 00:00:00-05:00,28.548134119709303,29.18539175195702,28.315954544134062,28.407344818115234,7510400,0.0,0.0
2010-11-15 00:00:00-05:00,28.478970177519372,28.651868630994652,27.987441074372008,28.06648063659668,8118000,0.0,0.0
2010-11-16 00:00:00-05:00,27.789845574205994,28.06648312428638,26.97474848540035,27.421815872192383,9161600,0.0,0.0
2010-11-17 00:00:00-05:00,27.468748400626694,27.826897948785636,27.0439099763014,27.20693016052246,9602000,0.0,0.0
2010-11-18 00:00:00-05:00,27.94792633413167,28.780311433658145,27.844187246832856,28.595062255859375,20036800,0.0,0.0
2010-11-19 00:00:00-05:00,31.220661852176683,33.915418915737646,31.220661852176683,33.77463150024414,63398800,0.0,0.0
2010-11-22 00:00:00-05:00,33.41895232668664,34.62677681149226,33.41401129333392,34.53785705566406,22693600,0.0,0.0
2010-11-23 00:00:00-05:00,33.90307004950867,35.30602586033607,33.88825071748763,35.19734573364258,25506800,0.0,0.0
2010-11-24 00:00:00-05:00,35.026917851533305,35.9210527769661,34.73792955412389,35.856834411621094,17630000,0.0,0.0
2010-11-26 00:00:00-05:00,35.14794582925604,36.17298980351598,35.14794582925604,36.01985168457031,6282400,0.0,0.0
2010-11-29 00:00:00-05:00,35.56784256570903,36.061840379121655,35.229455269570735,35.520912170410156,13376000,0.0,0.0
2010-11-30 00:00:00-05:00,35.11090073245056,35.604898653520024,34.362494183542715,34.3871955871582,23892800,0.0,0.0
2010-12-01 00:00:00-05:00,35.09114002882557,35.8099040555644,35.05408792773506,35.57772445678711,12007600,0.0,0.0
2010-12-02 00:00:00-05:00,35.62218454076913,35.93340182313608,35.1602977664593,35.32578659057617,12354800,0.0,0.0
2010-12-03 00:00:00-05:00,35.049136839899205,35.61476634171622,35.049136839899205,35.27390670776367,8988400,0.0,0.0
2010-12-06 00:00:00-05:00,35.56537445905729,35.982799451680414,34.85648502347885,35.87165069580078,10564000,0.0,0.0
2010-12-07 00:00:00-05:00,36.80283715340598,36.97573563457402,35.84201155566048,35.874122619628906,15427200,0.0,0.0
2010-12-08 00:00:00-05:00,36.82506642975824,37.207915492400566,36.06184070566174,37.19309616088867,16046400,0.0,0.0
2010-12-09 00:00:00-05:00,37.36105268596165,37.36105268596165,36.37552947575011,36.6768684387207,12301600,0.0,0.0
2010-12-10 00:00:00-05:00,36.70650863647461,37.04983697502029,36.269319504876165,36.70650863647461,9740800,0.0,0.0
2010-12-13 00:00:00-05:00,37.02266230369443,37.03995403452298,35.51349898263544,35.53820037841797,11158400,0.0,0.0
2010-12-14 00:00:00-05:00,35.57030912405235,35.72838826437145,33.59184935349392,33.67089080810547,22624000,0.0,0.0
2010-12-15 00:00:00-05:00,33.510339120993606,34.046326262695636,33.11020212324923,33.52268981933594,14452800,0.0,0.0
2010-12-16 00:00:00-05:00,33.71040749149278,34.22910666866347,33.40659991172913,33.969757080078125,8933600,0.0,0.0
2010-12-17 00:00:00-05:00,34.08584946852464,34.28591798194565,33.69064970625541,33.71535110473633,9222800,0.0,0.0
2010-12-20 00:00:00-05:00,33.78450824749072,33.83884830540588,32.6063224738269,33.149723052978516,10931200,0.0,0.0
2010-12-21 00:00:00-05:00,33.44117991898012,34.57984496464346,33.38930849321539,34.34025573730469,11824000,0.0,0.0
2010-12-22 00:00:00-05:00,34.15006737135701,34.28344889112323,33.406602021437735,33.47576141357422,10308400,0.0,0.0
2010-12-23 00:00:00-05:00,33.39672447826238,33.56468192898835,32.88049388892149,33.45353317260742,8708400,0.0,0.0
2010-12-27 00:00:00-05:00,33.40413024797609,33.43130027582503,32.72982058469883,33.100318908691406,6361600,0.0,0.0
2010-12-28 00:00:00-05:00,33.288041126780044,33.288041126780044,32.68042220515551,32.929893493652344,4158800,0.0,0.0
2010-12-29 00:00:00-05:00,32.96200041894814,33.18923894066927,32.68536287405354,32.8385009765625,5374800,0.0,0.0
2010-12-30 00:00:00-05:00,32.73476355044789,32.94965138500226,32.51493468265546,32.66313552856445,4775200,0.0,0.0
2010-12-31 00:00:00-05:00,32.52481367517524,32.64584449421708,32.02587860568945,32.60385513305664,8038800,0.0,0.0
2011-01-03 00:00:00-05:00,32.882968502254705,34.1204317751643,32.882968502254705,33.740055084228516,11284400,0.0,0.0
2011-01-04 00:00:00-05:00,34.19700118350837,34.2562822836506,32.9496558303536,33.51528549194336,9003600,0.0,0.0
2011-01-05 00:00:00-05:00,33.6783001785661,35.13559212284849,33.46834961438292,35.12324142456055,14439200,0.0,0.0
2011-01-06 00:00:00-05:00,35.60736038454158,35.738269492882225,34.930582078685035,35.40481948852539,11770400,0.0,0.0
2011-01-07 00:00:00-05:00,35.404826690031,35.404826690031,34.209352740670326,35.12818908691406,8480400,0.0,0.0
2011-01-10 00:00:00-05:00,34.82931274570036,35.37024092751011,34.579845219139166,35.2319221496582,6548400,0.0,0.0
2011-01-11 00:00:00-05:00,35.535730432475674,35.535730432475674,34.597137630358425,34.856483459472656,6034800,0.0,0.0
2011-01-12 00:00:00-05:00,35.303555090997875,35.4171762565854,34.63913113827983,34.984928131103516,6154400,0.0,0.0
2011-01-13 00:00:00-05:00,35.0713703795979,35.88399499133446,34.75273973151346,35.53078842163086,9465600,0.0,0.0
2011-01-14 00:00:00-05:00,35.320838721882915,36.214973433128954,35.26403003657432,36.17792510986328,7626800,0.0,0.0
2011-01-18 00:00:00-05:00,35.8469490726997,35.96797611319311,35.25168086051703,35.649349212646484,8289600,0.0,0.0
2011-01-19 00:00:00-05:00,35.73086057329425,35.775318564720656,34.28838795048748,34.787322998046875,9199200,0.0,0.0
2011-01-20 00:00:00-05:00,32.902720773161896,33.520217941445885,31.862853883454058,32.551979064941406,20682000,0.0,0.0
2011-01-21 00:00:00-05:00,32.81133260556937,33.43623951408843,32.60385443642004,32.66313552856445,9462000,0.0,0.0
2011-01-24 00:00:00-05:00,31.675142071773458,32.25311862569731,31.245362604830316,31.573871612548828,16000400,0.0,0.0
2011-01-25 00:00:00-05:00,31.03541302715509,31.47260026318493,30.141276305823894,30.620454788208008,17782400,0.0,0.0
2011-01-26 00:00:00-05:00,31.467657772633977,31.882615967516365,31.23300770533837,31.687484741210938,10467200,0.0,0.0
2011-01-27 00:00:00-05:00,32.045638731889326,32.356855989949,31.4750699898758,31.675140380859375,8052800,0.0,0.0
2011-01-28 00:00:00-05:00,32.1691428751462,33.09785752040563,31.959192271372803,32.507530212402344,16472400,0.0,0.0
2011-01-31 00:00:00-05:00,32.56432848916793,32.71252931132445,31.71712421647273,31.897432327270508,9790400,0.0,0.0
2011-02-01 00:00:00-05:00,32.11480130181705,32.863207743474725,31.615862417743777,32.51493835449219,8712000,0.0,0.0
2011-02-02 00:00:00-05:00,32.49517166212724,33.82896785955813,32.48529336536276,33.36460876464844,10083600,0.0,0.0
2011-02-03 00:00:00-05:00,33.35226219839526,33.710409860706136,32.82615331905254,33.13984298706055,7934000,0.0,0.0
2011-02-04 00:00:00-05:00,33.41647230617265,34.26121167838119,33.18676518785341,34.073490142822266,9096000,0.0,0.0
2011-02-07 00:00:00-05:00,34.10560861145211,34.25874672361466,33.636308439460386,33.81414794921875,9052800,0.0,0.0
2011-02-08 00:00:00-05:00,33.83884925111589,34.05373708775614,33.278160693632714,33.665950775146484,8430800,0.0,0.0
2011-02-09 00:00:00-05:00,33.475758884261886,33.6659490827192,32.915070354965195,33.20899963378906,6094000,0.0,0.0
2011-02-10 00:00:00-05:00,32.890374229440894,34.17476774788522,32.67795502597057,34.07596969604492,8619600,0.0,0.0
2011-02-11 00:00:00-05:00,33.959879352802645,35.08866234054479,33.616551040292855,34.95281219482422,8576000,0.0,0.0
2011-02-14 00:00:00-05:00,34.78732934814165,35.62959662701585,34.78732934814165,35.12818908691406,7187200,0.0,0.0
2011-02-15 00:00:00-05:00,35.83706867372871,36.18533801927026,34.952812179760656,35.19487380981445,9969600,0.0,0.0
2011-02-16 00:00:00-05:00,35.259098052978516,35.46904865577703,34.960227682617706,35.259098052978516,6031600,0.0,0.0
2011-02-17 00:00:00-05:00,35.08866070567149,35.19734081718425,34.63171503359772,34.8120231628418,8726800,0.0,0.0
2011-02-18 00:00:00-05:00,34.950344162580116,35.431991261216474,34.73545632678176,35.34060287475586,7945200,0.0,0.0
2011-02-22 00:00:00-05:00,34.78238301424027,34.99973945905901,33.40906611806202,33.777095794677734,10088800,0.0,0.0
2011-02-23 00:00:00-05:00,33.75239774890274,34.256277609091555,32.193835312715606,32.94224166870117,13047600,0.0,0.0
2011-02-24 00:00:00-05:00,33.26087386580978,33.6338408601963,32.628557264164485,33.17689514160156,17460000,0.0,0.0
2011-02-25 00:00:00-05:00,35.9383415044003,36.55583878110821,33.91047878937364,34.29085922241211,31779600,0.0,0.0
2011-02-28 00:00:00-05:00,33.801799019561116,33.942586424596556,31.704777122917374,32.6705436706543,27566400,0.0,0.0
2011-03-01 00:00:00-05:00,32.766877129604474,32.8212171926841,31.42814157153611,31.628211975097656,18276400,0.0,0.0
2011-03-02 00:00:00-05:00,31.739358913291905,32.660663762641384,31.368860560218458,31.618328094482422,15532800,0.0,0.0
2011-03-03 00:00:00-05:00,32.095040423452694,32.52481613423783,31.640563312986004,32.12715148925781,13414000,0.0,0.0
2011-03-04 00:00:00-05:00,32.51493908646169,32.59150815195365,31.699841861374036,32.10245132446289,15894000,0.0,0.0
2011-03-07 00:00:00-05:00,31.857918771763526,32.34697933354933,30.929204214863592,31.62080192565918,14676400,0.0,0.0
2011-03-08 00:00:00-05:00,31.47754322849161,31.904850308336922,31.1712632083497,31.44790267944336,9297200,0.0,0.0
2011-03-09 00:00:00-05:00,31.265119536478263,31.63561786659609,30.91438156956852,31.544227600097656,8771600,0.0,0.0
2011-03-10 00:00:00-05:00,31.05023272636712,31.601041124407438,30.566115089269314,31.41826057434082,12660000,0.0,0.0
2011-03-11 00:00:00-05:00,30.874864119871763,31.934487798147867,30.87239360309557,31.583751678466797,8255200,0.0,0.0
2011-03-14 00:00:00-04:00,31.02799997842071,31.68748465118171,30.67232098826009,30.86004066467285,12072400,0.0,0.0
2011-03-15 00:00:00-04:00,29.77818767256205,31.312050661353094,29.699148097573616,31.010713577270508,11552400,0.0,0.0
2011-03-16 00:00:00-04:00,30.971192700680795,31.677609723237822,30.41791567838545,30.66738510131836,16580000,0.0,0.0
2011-03-17 00:00:00-04:00,31.094693344419525,31.181142588017703,30.156096711048,30.215377807617188,12206000,0.0,0.0
2011-03-18 00:00:00-04:00,30.66491504270852,30.684675407770147,29.06189264501352,29.6423397064209,18676400,0.0,0.0
2011-03-21 00:00:00-04:00,29.832527749788685,31.158912561619882,29.36817048203773,30.731603622436523,13904000,0.0,0.0
2011-03-22 00:00:00-04:00,30.593282561695112,30.679731796009534,29.827586382199982,30.00789451599121,12389200,0.0,0.0
2011-03-23 00:00:00-04:00,29.86463711918284,30.336404025877453,29.39533884461791,30.16350555419922,10310800,0.0,0.0
2011-03-24 00:00:00-04:00,31.047757660747845,31.961652739375662,30.77605927665189,31.924604415893555,17210800,0.0,0.0
2011-03-25 00:00:00-04:00,31.949311186518965,32.16914007027591,31.42567280792763,31.480010986328125,11244000,0.0,0.0
2011-03-28 00:00:00-04:00,31.598570637294117,31.850508696379958,31.03541342390637,31.61338996887207,6440000,0.0,0.0
2011-03-29 00:00:00-04:00,31.391088059172702,31.971536958855758,31.149030202006646,31.46765899658203,8300400,0.0,0.0
2011-03-30 00:00:00-04:00,31.59362666734867,33.29050771437209,31.492356225146604,33.21887969970703,16511600,0.0,0.0
2011-03-31 00:00:00-04:00,32.719948771972426,33.08797853687792,32.5272899068285,32.994117736816406,10954800,0.0,0.0
2011-04-01 00:00:00-04:00,33.33497677461335,33.762283862111964,32.9200166183146,33.12749481201172,11558400,0.0,0.0
2011-04-04 00:00:00-04:00,33.2460537069333,33.30533103129713,32.63349371654341,33.125022888183594,5995600,0.0,0.0
2011-04-05 00:00:00-04:00,32.88296745250267,33.1917161027548,32.4680073067335,33.00152587890625,9096400,0.0,0.0
2011-04-06 00:00:00-04:00,33.14725416170193,33.33250335087192,31.95918996484979,32.46306610107422,10189200,0.0,0.0
2011-04-07 00:00:00-04:00,32.94224233188914,33.26581029027034,32.60385504242242,33.087974548339844,10424800,0.0,0.0
2011-04-08 00:00:00-04:00,33.22629648064803,33.532572735865834,32.974356521594274,33.25840377807617,9205200,0.0,0.0
2011-04-11 00:00:00-04:00,33.24110970971332,33.85860690947266,33.0978499071007,33.2509880065918,9428000,0.0,0.0
2011-04-12 00:00:00-04:00,32.801451636842046,32.95705836658033,32.309922514545036,32.806392669677734,9804400,0.0,0.0
2011-04-13 00:00:00-04:00,33.14972206753212,33.391779919928695,32.80639376758558,33.19171142578125,8226400,0.0,0.0
2011-04-14 00:00:00-04:00,32.88049444418641,33.19665275469556,32.603856864716995,32.855796813964844,7064400,0.0,0.0
2011-04-15 00:00:00-04:00,32.92741937219485,33.167008582085835,32.48776167688852,33.031158447265625,7830000,0.0,0.0
2011-04-18 00:00:00-04:00,32.72241155786942,32.85085203465138,32.24570551410964,32.65078353881836,8340000,0.0,0.0
2011-04-19 00:00:00-04:00,32.534697747766415,32.74217593414079,31.6652605019872,32.24076843261719,10565600,0.0,0.0
2011-04-20 00:00:00-04:00,33.295449686830786,35.18746200699947,33.12255122508383,35.09360122680664,22222400,0.0,0.0
2011-04-21 00:00:00-04:00,34.80461810441224,35.0713773855493,34.32543960508666,34.54773712158203,9527600,0.0,0.0
2011-04-25 00:00:00-04:00,34.55020215246562,34.55020215246562,34.01174267145199,34.285911560058594,7109600,0.0,0.0
2011-04-26 00:00:00-04:00,34.35507836748311,34.710757410019696,33.65113371729177,33.98952102661133,7600000,0.0,0.0
2011-04-27 00:00:00-04:00,33.91541408929438,34.39459249803667,33.043508383495585,34.33778381347656,7540400,0.0,0.0
2011-04-28 00:00:00-04:00,34.1105473283139,34.332844815963625,33.37201930963993,34.048797607421875,6931200,0.0,0.0
2011-04-29 00:00:00-04:00,33.95987802318949,34.45634442476239,33.65853908226349,34.234046936035156,5418400,0.0,0.0
2011-05-02 00:00:00-04:00,34.48598696214306,34.505747327414404,33.478230946730115,33.6387825012207,7436000,0.0,0.0
2011-05-03 00:00:00-04:00,33.59431921069679,33.66841963487134,32.54951491343841,33.01387405395508,7590800,0.0,0.0
2011-05-04 00:00:00-04:00,32.91014046013311,32.97929986253045,31.899911920798445,32.5223503112793,8614800,0.0,0.0
2011-05-05 00:00:00-04:00,32.10245023539521,32.80145763782831,32.07528020318387,32.349449157714844,7002800,0.0,0.0
2011-05-06 00:00:00-04:00,33.00152257726558,33.27816013416585,32.280286254701295,32.68289566040039,6811200,0.0,0.0
2011-05-09 00:00:00-04:00,32.7495857773037,32.947185666354756,32.28028933859879,32.77922821044922,4015600,0.0,0.0
2011-05-10 00:00:00-04:00,32.9891737270404,33.493053612659224,32.79404624698787,33.436241149902344,5544400,0.0,0.0
2011-05-11 00:00:00-04:00,33.48316830147657,33.83637866742519,32.85579279088433,33.19171142578125,4794000,0.0,0.0
2011-05-12 00:00:00-04:00,33.22135108693951,33.591849426199055,32.53716309848042,33.46588134765625,5315200,0.0,0.0
2011-05-13 00:00:00-04:00,33.53257102093017,33.98457948329928,33.27569381011986,33.32262420654297,5549600,0.0,0.0
2011-05-16 00:00:00-04:00,32.82615215580767,33.068213790337374,31.62080009204664,31.85297966003418,11210000,0.0,0.0
2011-05-17 00:00:00-04:00,31.77888158826874,32.312400153903724,31.43061221051498,32.12961959838867,11950400,0.0,0.0
2011-05-18 00:00:00-04:00,32.15678816391207,33.31521363567138,32.13455916691686,33.159603118896484,10472000,0.0,0.0
2011-05-19 00:00:00-04:00,33.56220979137375,33.94505504904467,32.98670193548587,33.544918060302734,17094000,0.0,0.0
2011-05-20 00:00:00-04:00,35.87412186574819,36.98067589087408,35.19734351779354,36.21250915527344,42194400,0.0,0.0
2011-05-23 00:00:00-04:00,35.61971480857937,36.25450005349341,35.377653160863446,35.88894271850586,15792000,0.0,0.0
2011-05-24 00:00:00-04:00,36.50396611250692,37.63028427287156,36.43974775471458,37.198036193847656,22720800,0.0,0.0
2011-05-25 00:00:00-04:00,36.68921381362803,37.51172057747305,36.62993649155891,37.279541015625,11510400,0.0,0.0
2011-05-26 00:00:00-04:00,36.800370341080566,38.03536493750566,36.800370341080566,37.92915344238281,11574800,0.0,0.0
2011-05-27 00:00:00-04:00,37.78836226790339,37.85258062373854,37.299301742644836,37.370933532714844,9974800,0.0,0.0
2011-05-31 00:00:00-04:00,37.551238799191204,37.60804748535156,36.83000253387724,37.60804748535156,8816000,0.0,0.0
2011-06-01 00:00:00-04:00,37.244962839196155,37.553711467234436,35.864239879145956,36.00749969482422,12743600,0.0,0.0
2011-06-02 00:00:00-04:00,35.96304295960878,36.82753914835991,35.83707110286344,36.61511993408203,7535600,0.0,0.0
2011-06-03 00:00:00-04:00,35.68639845470814,36.301427045593734,35.533260349460335,35.81237030029297,7051200,0.0,0.0
2011-06-06 00:00:00-04:00,35.686397200698835,35.90869845449954,35.063962735426,35.27885055541992,7246800,0.0,0.0
2011-06-07 00:00:00-04:00,35.39494217867719,35.51350059221833,34.80461497419606,35.08372116088867,7660400,0.0,0.0
2011-06-08 00:00:00-04:00,35.00715354627383,35.18993409171377,34.209348143068006,34.64900588989258,7897600,0.0,0.0
2011-06-09 00:00:00-04:00,35.017033914677285,35.25909177313317,34.58231345339684,35.02938461303711,7746000,0.0,0.0
2011-06-10 00:00:00-04:00,35.063964995461646,35.439400604423696,34.431644654722504,34.65394592285156,6952800,0.0,0.0
2011-06-13 00:00:00-04:00,34.72557978974554,34.804621258981754,33.78451443896691,33.863555908203125,9584400,0.0,0.0
2011-06-14 00:00:00-04:00,34.466227167968434,35.152887623586594,34.11796155989012,34.73298645019531,9129200,0.0,0.0
2011-06-15 00:00:00-04:00,34.33037476657776,34.920701923177226,33.94999439100105,34.44646453857422,12715200,0.0,0.0
2011-06-16 00:00:00-04:00,34.419290361342576,34.6885181963151,33.270743477323315,33.90800094604492,11200800,0.0,0.0
2011-06-17 00:00:00-04:00,34.44152756459325,34.67370713594748,34.14512963540017,34.4637565612793,13312000,0.0,0.0
2011-06-20 00:00:00-04:00,34.42670846598328,34.66382530337754,34.21675788989712,34.44399642944336,5276400,0.0,0.0
2011-06-21 00:00:00-04:00,34.607011545600535,35.64193740552611,34.49339040800503,35.54807662963867,8945200,0.0,0.0
2011-06-22 00:00:00-04:00,35.36777038170078,35.75802906604067,34.85154362482675,35.11088943481445,7700000,0.0,0.0
2011-06-23 00:00:00-04:00,34.58231594089326,35.77532112530865,34.58231594089326,35.6864013671875,8477200,0.0,0.0
2011-06-24 00:00:00-04:00,35.6098327861952,35.96304319113193,34.942936475788976,35.33072280883789,11150400,0.0,0.0
2011-06-27 00:00:00-04:00,35.14053550809169,35.985271316655194,34.84166517269583,35.83707046508789,5836800,0.0,0.0
2011-06-28 00:00:00-04:00,35.90622879429237,36.55583710566533,35.77038241476622,36.40022659301758,5732800,0.0,0.0
2011-06-29 00:00:00-04:00,36.484212461488454,36.484212461488454,35.84695478985643,36.123592376708984,4934000,0.0,0.0
2011-06-30 00:00:00-04:00,36.345888871688516,36.95350786152499,36.28413914287566,36.79789733886719,7045200,0.0,0.0
2011-07-01 00:00:00-04:00,36.87940955524933,37.17827991821881,36.38788409771483,36.899169921875,6382800,0.0,0.0
2011-07-05 00:00:00-04:00,36.95350408493691,38.10204741591513,36.66945686898865,38.02547836303711,8169200,0.0,0.0
2011-07-06 00:00:00-04:00,37.971141791103236,38.642979135106955,37.53642506159084,38.603458404541016,10210400,0.0,0.0
2011-07-07 00:00:00-04:00,38.899858475373414,39.52476539660523,38.80105665312276,39.05793762207031,9954000,0.0,0.0
2011-07-08 00:00:00-04:00,38.14898114545971,38.766478424502125,38.03783238901293,38.69731903076172,7116400,0.0,0.0
2011-07-11 00:00:00-04:00,38.1884992225957,38.618278655754565,37.46726290305271,37.65003967285156,8061600,0.0,0.0
2011-07-12 00:00:00-04:00,37.81552960375599,37.909386614229675,37.17333101552756,37.27212905883789,5363600,0.0,0.0
2011-07-13 00:00:00-04:00,37.65251600853241,38.1810935471477,37.63522427503959,37.76119613647461,5298400,0.0,0.0
2011-07-14 00:00:00-04:00,37.74638020058818,38.22061771790282,37.0547824078317,37.168399810791016,6653200,0.0,0.0
2011-07-15 00:00:00-04:00,37.617931788399865,38.16626962698936,37.32153387349029,38.136627197265625,6164400,0.0,0.0
2011-07-18 00:00:00-04:00,37.97854617207667,38.03782725967633,37.27707026221435,37.699440002441406,4457200,0.0,0.0
2011-07-19 00:00:00-04:00,37.95631423093454,39.54945611857155,37.92420317319793,39.35186004638672,8363200,0.0,0.0
2011-07-20 00:00:00-04:00,39.53711485429431,39.53711485429431,37.88469164695577,38.24530792236328,7633600,0.0,0.0
2011-07-21 00:00:00-04:00,38.01066334257193,38.146513501261055,36.126060392068084,36.33106994628906,13632000,0.0,0.0
2011-07-22 00:00:00-04:00,36.538547763982145,37.52407479371743,36.36812167815214,37.15110778808594,8096000,0.0,0.0
2011-07-25 00:00:00-04:00,36.731207967632606,37.45491293339754,36.681805172656844,36.95844650268555,4981600,0.0,0.0
2011-07-26 00:00:00-04:00,37.049834300108756,37.694501567686814,36.57065584013604,37.48208236694336,7111600,0.0,0.0
2011-07-27 00:00:00-04:00,37.33882037492395,37.34376140783522,35.822247396891576,35.91116714477539,9347600,0.0,0.0
2011-07-28 00:00:00-04:00,36.13594306751871,36.45457001880241,35.62959452328558,36.086544036865234,8042800,0.0,0.0
2011-07-29 00:00:00-04:00,35.73333158665295,36.056899553276345,34.975046898529264,35.74321365356445,7013600,0.0,0.0
2011-08-01 00:00:00-04:00,36.69663106791139,36.78801946155082,35.19734582610428,35.97786331176758,7644400,0.0,0.0
2011-08-02 00:00:00-04:00,35.708631066018974,36.69662661853873,35.367771394350406,35.38505935668945,7222800,0.0,0.0
2011-08-03 00:00:00-04:00,35.84200666144149,36.14581422035935,33.8808350040799,35.562896728515625,10394000,0.0,0.0
2011-08-04 00:00:00-04:00,35.199814019216625,35.31837621202564,33.394252553623524,33.4510612487793,10842400,0.0,0.0
2011-08-05 00:00:00-04:00,34.40201074814926,34.67617971183712,32.10491994007589,33.51528549194336,12984800,0.0,0.0
2011-08-08 00:00:00-04:00,32.675482720141204,33.078092131927065,30.575993961181798,30.857572555541992,13323600,0.0,0.0
2011-08-09 00:00:00-04:00,31.381212133963768,32.7545254646173,30.43767637721042,32.72982406616211,13769200,0.0,0.0
2011-08-10 00:00:00-04:00,32.011059518925975,32.67054614142864,31.39603089014287,31.67266845703125,12761600,0.0,0.0
2011-08-11 00:00:00-04:00,32.018469445938145,33.76969078795526,31.662790417661295,33.23370361328125,10658000,0.0,0.0
2011-08-12 00:00:00-04:00,33.56714694197229,33.71040674744701,32.843442018469744,33.117610931396484,8325200,0.0,0.0
2011-08-15 00:00:00-04:00,33.695592409523734,34.06855942408088,33.12255687163114,33.930240631103516,7332000,0.0,0.0
2011-08-16 00:00:00-04:00,34.08091328786545,34.17230546013489,32.109862767144826,32.89284896850586,13100800,0.0,0.0
2011-08-17 00:00:00-04:00,32.833560548950864,33.036101447271584,30.598221731227227,31.198429107666016,18484000,0.0,0.0
2011-08-18 00:00:00-04:00,30.346286328508356,30.417916238767212,27.817018009824316,28.17269515991211,30688000,0.0,0.0
2011-08-19 00:00:00-04:00,29.076710646806355,30.590813216931075,27.352657505294818,27.41687774658203,38495200,0.0,0.0
2011-08-22 00:00:00-04:00,28.222094131631852,28.703741220733693,26.977219480816306,27.38229751586914,20048000,0.0,0.0
2011-08-23 00:00:00-04:00,27.775028228562324,29.31630286993727,27.448989724512284,29.30889320373535,14463600,0.0,0.0
2011-08-24 00:00:00-04:00,29.027307906792927,29.269367641340075,28.283842625619975,28.7556095123291,15206800,0.0,0.0
2011-08-25 00:00:00-04:00,28.562952408615,28.98779081460777,27.570017667999842,27.779966354370117,12771200,0.0,0.0
2011-08-26 00:00:00-04:00,27.535436905870966,29.15080797756487,27.431695940567458,29.022369384765625,13376400,0.0,0.0
2011-08-29 00:00:00-04:00,29.348405872415363,31.415787107820474,29.207616590864955,31.265117645263672,16174800,0.0,0.0
2011-08-30 00:00:00-04:00,30.939084656398606,30.948964839144317,29.72631907780622,30.49448585510254,14607600,0.0,0.0
2011-08-31 00:00:00-04:00,31.067520394442532,32.10985602221443,31.01565085315627,31.80110740661621,19376400,0.0,0.0
2011-09-01 00:00:00-04:00,31.79369865351505,32.1172666089205,31.233010096209423,31.368860244750977,12228000,0.0,0.0
2011-09-02 00:00:00-04:00,30.630332218365048,31.00083054540382,30.03506400171916,30.531532287597656,11555200,0.0,0.0
2011-09-06 00:00:00-04:00,29.528719600183322,30.133866158603965,28.829712252596387,29.869577407836914,14421600,0.0,0.0
2011-09-07 00:00:00-04:00,30.71431070355558,31.16137996291298,30.257363147202497,30.988479614257812,8539600,0.0,0.0
2011-09-08 00:00:00-04:00,30.74642582156255,31.45284098598893,30.600695481545248,30.847694396972656,8763200,0.0,0.0
2011-09-09 00:00:00-04:00,30.46731413821957,30.956372792590624,30.161036027854504,30.43767547607422,12544800,0.0,0.0
2011-09-12 00:00:00-04:00,29.95849783715462,30.62539413630274,29.57318014293145,30.563644409179688,9336800,0.0,0.0
2011-09-13 00:00:00-04:00,30.57104953406618,31.368856719153058,30.225252621101557,31.265117645263672,8593600,0.0,0.0
2011-09-14 00:00:00-04:00,31.354040472756076,32.650784677231336,30.81805143605609,32.19877624511719,10766000,0.0,0.0
2011-09-15 00:00:00-04:00,32.198769859832815,33.04350546467582,31.90730926041495,32.65818786621094,12299200,0.0,0.0
2011-09-16 00:00:00-04:00,32.71748161439656,33.747466753377026,32.702658511951824,33.73017501831055,22376400,0.0,0.0
2011-09-19 00:00:00-04:00,33.01881079745752,33.836380313782925,32.626083455103526,33.611610412597656,10086000,0.0,0.0
2011-09-20 00:00:00-04:00,33.451058268856286,33.56962045110342,31.61091915429739,31.71712875366211,14564000,0.0,0.0
2011-09-21 00:00:00-04:00,32.01105842596559,32.66560399273861,31.005771110272008,31.287349700927734,13832800,0.0,0.0
2011-09-22 00:00:00-04:00,29.768307633110346,29.768307633110346,28.35053442549785,28.982851028442383,19255200,0.0,0.0
2011-09-23 00:00:00-04:00,29.014962803641666,29.844879307570174,28.938393743129627,29.713970184326172,10136000,0.0,0.0
2011-09-26 00:00:00-04:00,29.770776255224455,30.020245664662305,28.281373232774914,29.931325912475586,13437600,0.0,0.0
2011-09-27 00:00:00-04:00,30.781001175490612,31.43307806944889,30.630331707584535,30.8131103515625,11302400,0.0,0.0
2011-09-28 00:00:00-04:00,30.805701867328587,31.082339418124363,29.733725704639,29.839935302734375,9180400,0.0,0.0
2011-09-29 00:00:00-04:00,30.598222742299875,30.751362737144614,28.659281773916504,29.528718948364258,9748400,0.0,0.0
2011-09-30 00:00:00-04:00,28.644464289140817,29.22738187553382,27.92569654659396,28.227035522460938,12290400,0.0,0.0
2011-10-03 00:00:00-04:00,27.90593800763155,28.52837443895898,27.540378787393305,27.64164924621582,10690400,0.0,0.0
2011-10-04 00:00:00-04:00,27.12542023744396,29.135991215319837,26.992040599827973,29.04707145690918,13187200,0.0,0.0
2011-10-05 00:00:00-04:00,28.390054027005824,29.14587005420026,27.910875560378216,28.960620880126953,12980800,0.0,0.0
2011-10-06 00:00:00-04:00,29.06435968291938,30.30429519796133,28.602472952767428,30.133865356445312,13020400,0.0,0.0
2011-10-07 00:00:00-04:00,30.2598345837414,30.477192928841777,29.632457176132338,29.876985549926758,8627200,0.0,0.0
2011-10-10 00:00:00-04:00,30.358637021050917,31.19349266087951,30.32158680755259,31.055173873901367,8018800,0.0,0.0
2011-10-11 00:00:00-04:00,30.575994603589034,32.10985757386802,30.506835211865347,31.514589309692383,9520800,0.0,0.0
2011-10-12 00:00:00-04:00,31.694900789741087,32.41366472738253,31.39355994451536,31.433080673217773,8664800,0.0,0.0
2011-10-13 00:00:00-04:00,31.250298601160058,32.09997726663458,31.13421070629186,31.998706817626953,6344000,0.0,0.0
2011-10-14 00:00:00-04:00,32.55445098876953,32.72240840700836,31.894964474972557,32.55445098876953,7864000,0.0,0.0
2011-10-17 00:00:00-04:00,32.04811002779503,32.509996804419806,31.19349398652143,31.29970359802246,7901600,0.0,0.0
2011-10-18 00:00:00-04:00,31.156442023683816,32.31733613449682,30.38086560532835,31.99623680114746,9135200,0.0,0.0
2011-10-19 00:00:00-04:00,31.75664681719344,32.50999036250267,31.297226879557957,31.460247039794922,7756000,0.0,0.0
2011-10-20 00:00:00-04:00,31.32192973775915,31.976479080586323,30.76618221574382,31.536819458007812,6074800,0.0,0.0
2011-10-21 00:00:00-04:00,31.885083553732407,32.06539544430903,31.29722691545151,31.93448257446289,6832400,0.0,0.0
2011-10-24 00:00:00-04:00,31.34663147938335,32.83850318543455,31.34663147938335,32.734764099121094,8055200,0.0,0.0
2011-10-25 00:00:00-04:00,32.25311484466573,32.566804483802784,31.76405810782414,32.00117492675781,8303200,0.0,0.0
2011-10-26 00:00:00-04:00,32.07033493084595,32.139494318442594,29.699145966857763,30.519182205200195,21834400,0.0,0.0
2011-10-27 00:00:00-04:00,31.61092015174465,33.330032275080605,31.381211098635635,32.93977355957031,21904800,0.0,0.0
2011-10-28 00:00:00-04:00,32.55198434892069,34.5180973102025,32.37167620180637,34.367427825927734,15308400,0.0,0.0
2011-10-31 00:00:00-04:00,33.3300381553211,33.819095009865805,32.89284896850586,32.89284896850586,7856800,0.0,0.0
2011-11-01 00:00:00-04:00,31.96165237887007,32.54951089751358,31.30463636235606,32.19630432128906,12992400,0.0,0.0
2011-11-02 00:00:00-04:00,32.742172679192215,32.75205474550635,31.551638089359937,32.070335388183594,10990800,0.0,0.0
2011-11-03 00:00:00-04:00,32.544570481354015,32.9521208872998,31.72700480641635,32.86320114135742,8057600,0.0,0.0
2011-11-04 00:00:00-04:00,32.61372920908638,32.83355805311962,32.11232180338245,32.43836212158203,4981600,0.0,0.0
2011-11-07 00:00:00-05:00,32.30251318295941,33.26827970704277,32.134555753851245,32.93482971191406,7201200,0.0,0.0
2011-11-08 00:00:00-05:00,33.317684560445116,33.41154535719998,32.640906154868716,33.129966735839844,6369600,0.0,0.0
2011-11-09 00:00:00-05:00,32.34450421628827,32.93977245169859,31.682548993519617,31.80110740661621,8173200,0.0,0.0
2011-11-10 00:00:00-05:00,32.26793508110915,32.339563101429185,30.887212180179734,31.568927764892578,7618400,0.0,0.0
2011-11-11 00:00:00-05:00,32.11232322292288,32.48035291311643,31.813456686932064,32.07774353027344,7108400,0.0,0.0
2011-11-14 00:00:00-05:00,33.03363388216126,33.64372146001297,32.61620514269387,32.97929382324219,12706800,0.0,0.0
2011-11-15 00:00:00-05:00,33.357205991912956,33.93024154524414,32.85085743555396,33.740055084228516,10642800,0.0,0.0
2011-11-16 00:00:00-05:00,33.45352875691603,33.6807672732062,32.30992274170765,32.54457092285156,10648000,0.0,0.0
2011-11-17 00:00:00-05:00,33.008933116575555,33.008933116575555,30.694552726148725,31.14409065246582,26553600,0.0,0.0
2011-11-18 00:00:00-05:00,29.504016607884054,29.639866750939987,27.436637108055255,28.0170841217041,48698000,0.0,0.0
2011-11-21 00:00:00-05:00,27.651525904336676,28.264084001134087,25.94970364621004,27.658937454223633,28432800,0.0,0.0
2011-11-22 00:00:00-05:00,27.458869136464468,27.814548179785792,26.426413588558685,26.737632751464844,16068800,0.0,0.0
2011-11-23 00:00:00-05:00,26.396771762745267,26.606720440048672,25.687884277829387,26.13001251220703,16027600,0.0,0.0
2011-11-25 00:00:00-05:00,25.559447254893378,26.401712532339666,25.534745857086516,25.91759490966797,7435200,0.0,0.0
2011-11-28 00:00:00-05:00,26.954985795170842,28.014611165368382,26.954985795170842,27.461334228515625,17562400,0.0,0.0
2011-11-29 00:00:00-05:00,27.48850742921702,27.87382510489494,27.19704865584597,27.31560707092285,12251200,0.0,0.0
2011-11-30 00:00:00-05:00,28.399934067445855,29.26443020880961,28.15046465329146,29.249608993530273,17102400,0.0,0.0
2011-12-01 00:00:00-05:00,28.66422292625966,29.481788677314327,28.533311927107846,29.239728927612305,12666800,0.0,0.0
2011-12-02 00:00:00-05:00,29.387930797897795,29.800418520514093,29.15822173890123,29.550949096679688,9842800,0.0,0.0
2011-12-05 00:00:00-05:00,30.36357265297517,31.72700565305521,30.195613337763316,30.877330780029297,20778400,0.0,0.0
2011-12-06 00:00:00-05:00,30.837813656648347,31.121862781144458,30.35863705081056,30.45990562438965,12810000,0.0,0.0
2011-12-07 00:00:00-05:00,30.28206684555182,30.44508703529941,29.810299894024343,30.27959632873535,7630400,0.0,0.0
2011-12-08 00:00:00-05:00,30.007896120239113,30.627863892812794,29.721378373414975,29.79547691345215,7983600,0.0,0.0
2011-12-09 00:00:00-05:00,29.86957673897012,30.682203337577842,29.639867689002273,30.598222732543945,8000000,0.0,0.0
2011-12-12 00:00:00-05:00,29.336059038155216,29.63986851964045,28.217154303051124,28.66916275024414,15026800,0.0,0.0
2011-12-13 00:00:00-05:00,29.079179422658818,29.299008278512833,27.804664277550586,27.99238395690918,11335200,0.0,0.0
2011-12-14 00:00:00-05:00,27.70339905803634,27.70339905803634,26.5029841870055,26.76727294921875,15540800,0.0,0.0
2011-12-15 00:00:00-05:00,27.216811082814306,27.288440994393152,25.915125743752224,26.357254028320312,13297600,0.0,0.0
2011-12-16 00:00:00-05:00,26.624010810832633,26.99944829773964,26.332552042719197,26.443700790405273,12270000,0.0,0.0
2011-12-19 00:00:00-05:00,26.446171975688056,26.596841454464677,25.431006352531764,25.556976318359375,9168400,0.0,0.0
2011-12-20 00:00:00-05:00,26.191764231817977,26.191764231817977,25.282808181893344,25.766925811767578,14539600,0.0,0.0
2011-12-21 00:00:00-05:00,24.61344235924645,24.697421086159487,23.240127104694036,24.460302352905273,39458400,0.0,0.0
2011-12-22 00:00:00-05:00,24.571451468784133,24.932069637642375,23.72424516407438,24.78386878967285,18088800,0.0,0.0
2011-12-23 00:00:00-05:00,24.74681971904071,24.959238918003017,24.05275154754443,24.210830688476562,9992800,0.0,0.0
2011-12-27 00:00:00-05:00,24.196012708918673,25.142018975205684,24.196012708918673,24.771520614624023,15964400,0.0,0.0
2011-12-28 00:00:00-05:00,24.699889265960486,24.93453746020631,24.388670133562826,24.731998443603516,8098000,0.0,0.0
2011-12-29 00:00:00-05:00,24.727059862880353,25.30256774826491,24.581329532948775,25.24081802368164,8962800,0.0,0.0
2011-12-30 00:00:00-05:00,25.20870769444953,25.46558678232563,25.020989883059073,25.060508728027344,8144400,0.0,0.0
2012-01-03 00:00:00-05:00,25.732343898199407,26.191761974761356,24.92218785743053,24.996286392211914,12983600,0.0,0.0
2012-01-04 00:00:00-05:00,24.45041865876951,24.57638861550052,23.78105191859212,24.077451705932617,19788400,0.0,0.0
2012-01-05 00:00:00-05:00,23.94407347166241,24.687538788413793,23.504415740307238,24.396080017089844,14988800,0.0,0.0
2012-01-06 00:00:00-05:00,24.447951792368094,25.0086384625675,23.921842932735885,24.961708068847656,17464400,0.0,0.0
2012-01-09 00:00:00-05:00,24.902427404481834,25.154365436952194,24.583798618051834,24.8851375579834,13761600,0.0,0.0
2012-01-10 00:00:00-05:00,25.386546367644325,25.88795382774309,25.10990880866682,25.883014678955078,17688400,0.0,0.0
2012-01-11 00:00:00-05:00,26.053445744490464,26.601781739404643,25.93735595577481,26.13742446899414,14204000,0.0,0.0
2012-01-12 00:00:00-05:00,26.08061335701623,26.27821323390761,25.81138545631511,26.10284423828125,6792000,0.0,0.0
2012-01-13 00:00:00-05:00,25.83608550953029,25.900305753529363,25.359377539689564,25.66318702697754,8543600,0.0,0.0
2012-01-17 00:00:00-05:00,25.744693699938246,26.17941036532009,25.411243709449064,25.549564361572266,7567600,0.0,0.0
2012-01-18 00:00:00-05:00,25.537217146342662,26.740102516077968,25.2605776888244,26.601781845092773,11434400,0.0,0.0
2012-01-19 00:00:00-05:00,27.50332658140244,28.622231274241862,27.50332658140244,28.283843994140625,20426000,0.0,0.0
2012-01-20 00:00:00-05:00,28.026962071591917,28.476499939472372,27.812072376356888,28.204801559448242,9362800,0.0,0.0
2012-01-23 00:00:00-05:00,28.212213372782763,28.923569493935812,27.933103422463358,28.343122482299805,9100000,0.0,0.0
2012-01-24 00:00:00-05:00,28.372765226508648,29.1038817676974,28.308544982813412,29.029781341552734,7864000,0.0,0.0
2012-01-25 00:00:00-05:00,29.303949891756364,29.303949891756364,28.60988357283683,29.180450439453125,6836000,0.0,0.0
2012-01-26 00:00:00-05:00,29.491669589533235,29.632458889793394,28.53825366691106,28.706212997436523,6778000,0.0,0.0
2012-01-27 00:00:00-05:00,28.466623574109658,29.165630921950655,28.357943453752164,28.800071716308594,5397600,0.0,0.0
2012-01-30 00:00:00-05:00,28.582714046853223,28.985321590062156,28.28631422542487,28.545663833618164,10216800,0.0,0.0
2012-01-31 00:00:00-05:00,28.918633347760842,28.98779274227461,28.318425910441803,28.84947395324707,5320800,0.0,0.0
2012-02-01 00:00:00-05:00,28.985318560671026,29.63739546142882,28.558011548115946,29.471906661987305,7516800,0.0,0.0
2012-02-02 00:00:00-05:00,29.380515650707718,29.751013966022832,28.911219292203413,29.21502685546875,8062800,0.0,0.0
2012-02-03 00:00:00-05:00,29.476847804137254,30.822992939017258,29.476847804137254,30.652563095092773,11595600,0.0,0.0
2012-02-06 00:00:00-05:00,30.432734442748615,30.78841346410938,30.232665935459217,30.43767547607422,6050000,0.0,0.0
2012-02-07 00:00:00-05:00,30.34134115687326,30.60316124801313,30.08940313140299,30.331462860107422,5415600,0.0,0.0
2012-02-08 00:00:00-05:00,30.459904207152565,30.613044203226153,29.854757657234067,30.57846450805664,5908000,0.0,0.0
2012-02-09 00:00:00-05:00,30.484603578452198,31.54175856175177,30.412973671804995,31.025531768798828,9218800,0.0,0.0
2012-02-10 00:00:00-05:00,31.64302681270959,32.13455594296971,31.349097541136665,31.724536895751953,16473600,0.0,0.0
2012-02-13 00:00:00-05:00,32.06045434013864,32.932360056806964,31.961652529994097,32.66065979003906,17785600,0.0,0.0
2012-02-14 00:00:00-05:00,32.64090467489119,33.27816231937104,32.085157123544086,32.50505828857422,10091600,0.0,0.0
2012-02-15 00:00:00-05:00,32.68042543781355,32.981764411911655,32.09256682130997,32.262996673583984,9466000,0.0,0.0
2012-02-16 00:00:00-05:00,32.37661780978675,32.60385635636563,31.833220957628182,32.54210662841797,10111200,0.0,0.0
2012-02-17 00:00:00-05:00,32.71499833809866,32.85084846523183,31.897432712402043,31.904842376708984,9880400,0.0,0.0
2012-02-21 00:00:00-05:00,32.245706701605584,32.34450475267383,31.31204928961358,31.519529342651367,10157600,0.0,0.0
2012-02-22 00:00:00-05:00,31.867798295760284,32.06045713118459,31.551638129129714,31.633150100708008,7881200,0.0,0.0
2012-02-23 00:00:00-05:00,31.615859737259804,32.60385535404917,31.381211532053165,32.54704666137695,20930800,0.0,0.0
2012-02-24 00:00:00-05:00,35.94822022587061,36.126059745169236,34.518098174490476,35.47892379760742,58348400,0.0,0.0
2012-02-27 00:00:00-05:00,34.76015552052611,35.63947103638096,34.582316003959484,35.40729522705078,15408000,0.0,0.0
2012-02-28 00:00:00-05:00,34.826837056115345,35.44433416703938,34.826837056115345,35.43445587158203,11445200,0.0,0.0
2012-02-29 00:00:00-05:00,35.30849157989296,35.81484007263167,35.115832741704224,35.3603630065918,10067200,0.0,0.0
2012-03-01 00:00:00-05:00,35.56289948398479,35.96056785163383,35.07878376531013,35.809898376464844,9913600,0.0,0.0
2012-03-02 00:00:00-05:00,35.56537875531098,36.06184526829482,35.44681655040655,35.51597595214844,9123200,0.0,0.0
2012-03-05 00:00:00-05:00,35.42211018857774,35.42457882056563,34.63171452851755,35.09360122680664,7858400,0.0,0.0
2012-03-06 00:00:00-05:00,34.53044958602639,34.920708329818154,34.16982950642749,34.75027847290039,9244000,0.0,0.0
2012-03-07 00:00:00-05:00,34.910815758664235,35.567833589224186,34.85647571139066,35.43445587158203,6978800,0.0,0.0
2012-03-08 00:00:00-05:00,35.570310651113445,36.4323381790712,35.54808165438864,36.081600189208984,9545200,0.0,0.0
2012-03-09 00:00:00-05:00,36.081600432065585,36.555837876574266,35.970451678789274,36.41504669189453,7590400,0.0,0.0
2012-03-12 00:00:00-04:00,36.34095177978588,36.555839631026984,35.940810972321025,36.350830078125,6205200,0.0,0.0
2012-03-13 00:00:00-04:00,36.55336499893592,37.75871695039719,36.50890324144679,37.60804748535156,11707600,0.0,0.0
2012-03-14 00:00:00-04:00,37.51172431253153,37.63275513864707,36.953508117009505,37.447505950927734,6467600,0.0,0.0
2012-03-15 00:00:00-04:00,37.53642229198807,38.14650986280667,37.296833062853445,37.65003967285156,8651600,0.0,0.0
2012-03-16 00:00:00-04:00,37.93903484880718,38.00325320989696,37.10417731011841,37.393165588378906,7921200,0.0,0.0
2012-03-19 00:00:00-04:00,37.41538789422576,37.427738591546735,36.723790302191446,37.035011291503906,6862800,0.0,0.0
2012-03-20 00:00:00-04:00,36.86458171955905,37.37093016195015,36.38046227115542,37.29436111450195,6388800,0.0,0.0
2012-03-21 00:00:00-04:00,37.65004811880794,38.544186880173605,37.449979572442274,38.12922668457031,9936800,0.0,0.0
2012-03-22 00:00:00-04:00,37.74884362358087,38.013130495742445,37.49443504943756,37.751312255859375,5102800,0.0,0.0
2012-03-23 00:00:00-04:00,37.76366264932592,38.195910735532635,37.61793419908467,38.01313018798828,4654000,0.0,0.0
2012-03-26 00:00:00-04:00,38.23543639735874,38.91715211016723,38.07488482614302,38.86281204223633,6768400,0.0,0.0
2012-03-27 00:00:00-04:00,38.6997841881491,38.823283632868346,37.8871595002142,37.914329528808594,7746000,0.0,0.0
2012-03-28 00:00:00-04:00,38.02547660955869,38.46019704802592,37.46231946782049,38.05264663696289,6222800,0.0,0.0
2012-03-29 00:00:00-04:00,37.79330381818805,38.88503860461942,37.58582562758758,38.63310241699219,7193200,0.0,0.0
2012-03-30 00:00:00-04:00,38.71213328456801,38.77388300437255,37.76612712489403,38.163795471191406,6420800,0.0,0.0
2012-04-02 00:00:00-04:00,37.763664268285645,39.136977643741375,37.68215417340947,38.82328796386719,8230800,0.0,0.0
2012-04-03 00:00:00-04:00,38.680027636019915,39.275292095852045,38.63803450813387,39.10486602783203,5534800,0.0,0.0
2012-04-04 00:00:00-04:00,38.78376686982119,38.78376686982119,37.780951976686204,38.45278549194336,6243600,0.0,0.0
2012-04-05 00:00:00-04:00,38.53429536398311,38.93196372652358,38.144036666609544,38.78870391845703,4948400,0.0,0.0
2012-04-09 00:00:00-04:00,37.921737819527515,39.0011217212028,37.79329734638164,38.907264709472656,7308000,0.0,0.0
2012-04-10 00:00:00-04:00,38.96160595355917,39.27282319566278,37.78095157032137,37.97113800048828,10788800,0.0,0.0
2012-04-11 00:00:00-04:00,37.62781429954104,39.166620273762724,37.62781429954104,39.045589447021484,11344800,0.0,0.0
2012-04-12 00:00:00-04:00,38.973950343393525,39.19625158947203,38.628153430254095,39.09992218017578,6048000,0.0,0.0
2012-04-13 00:00:00-04:00,39.02335991121598,39.98665417150158,38.82328762432188,39.36421585083008,9975200,0.0,0.0
2012-04-16 00:00:00-04:00,39.71001650170318,39.890324653823534,38.09958252540111,38.267539978027344,9880400,0.0,0.0
2012-04-17 00:00:00-04:00,38.395978695218304,38.731897353858926,38.015602043137555,38.57381820678711,6028800,0.0,0.0
2012-04-18 00:00:00-04:00,38.331757345906034,39.41608229406894,38.230486899101045,39.183902740478516,5556000,0.0,0.0
2012-04-19 00:00:00-04:00,39.30493986585409,40.69307260857674,38.97643084563771,39.41361999511719,12405200,0.0,0.0
2012-04-20 00:00:00-04:00,39.53711736440355,39.791525940394735,38.736839538557795,38.754127502441406,7006400,0.0,0.0
2012-04-23 00:00:00-04:00,38.08722452402768,38.49230251500698,37.212850193477294,38.28482437133789,9539600,0.0,0.0
2012-04-24 00:00:00-04:00,38.1786230243769,38.22802205220348,36.43233893548018,37.04489517211914,9383600,0.0,0.0
2012-04-25 00:00:00-04:00,37.173333518963375,37.54383185968394,36.49902759414507,37.22273254394531,11908400,0.0,0.0
2012-04-26 00:00:00-04:00,37.29683285852318,38.61827844418478,37.29683285852318,38.58122634887695,7077600,0.0,0.0
2012-04-27 00:00:00-04:00,38.64791290462307,39.24318107683742,38.19343589524849,38.69484329223633,7682000,0.0,0.0
2012-04-30 00:00:00-04:00,38.55405723607571,38.810938201593366,38.23295791363068,38.46513748168945,3965200,0.0,0.0
2012-05-01 00:00:00-04:00,38.56887936125547,39.36668857634775,38.277422448426236,38.74919128417969,5548800,0.0,0.0
2012-05-02 00:00:00-04:00,38.52195510201949,39.39632966318533,38.41327496888941,39.25801086425781,5876400,0.0,0.0
2012-05-03 00:00:00-04:00,39.58651163080959,40.38431695948681,38.855393286252884,38.907264709472656,12618800,0.0,0.0
2012-05-04 00:00:00-04:00,38.82822497670412,38.82822497670412,37.61299088320933,37.68955993652344,10230400,0.0,0.0
2012-05-07 00:00:00-04:00,37.49196424613288,37.963733085827066,37.23261839637944,37.50184631347656,6163200,0.0,0.0
2012-05-08 00:00:00-04:00,37.1980394281908,37.267198825335655,35.08866650855933,36.0667839050293,15954400,0.0,0.0
2012-05-09 00:00:00-04:00,35.64441285691146,37.10417735058454,35.577722094500345,36.79789733886719,9210400,0.0,0.0
2012-05-10 00:00:00-04:00,36.8942262003193,37.0004376920819,33.18924252825978,33.45353317260742,38547600,0.0,0.0
2012-05-11 00:00:00-04:00,33.369554132000346,34.646538039971276,33.273224708193005,34.03150939941406,13857600,0.0,0.0
2012-05-14 00:00:00-04:00,33.636310931729525,34.24146129752839,33.39425304675262,33.72770309448242,7354000,0.0,0.0
2012-05-15 00:00:00-04:00,34.16242140616988,34.57738156841112,33.974703576170604,34.11055374145508,11282800,0.0,0.0
2012-05-16 00:00:00-04:00,34.451406560717125,34.515628688761936,33.11514533559039,33.735111236572266,13078400,0.0,0.0
2012-05-17 00:00:00-04:00,33.82896782520387,34.327902842734446,32.63102176514968,33.0484504699707,21522000,0.0,0.0
2012-05-18 00:00:00-04:00,35.42704948290779,36.790484430216104,35.32084176778488,35.958099365234375,36138000,0.0,0.0
2012-05-21 00:00:00-04:00,35.59747905145315,36.933743959550256,34.658886278493426,36.815185546875,15436400,0.0,0.0
2012-05-22 00:00:00-04:00,36.60029275396782,37.52160130318492,36.308835880463796,36.91398239135742,12460000,0.0,0.0
2012-05-23 00:00:00-04:00,36.31624779291203,37.28448302404246,35.95315911012511,37.200504302978516,10400000,0.0,0.0
2012-05-24 00:00:00-04:00,36.85223274732166,37.1091136973257,35.81483818806872,36.11370849609375,10060400,0.0,0.0
2012-05-25 00:00:00-04:00,36.34341376714866,37.04983068972218,36.11123422513515,36.308834075927734,9678400,0.0,0.0
2012-05-29 00:00:00-04:00,36.29896112182517,36.73367784242692,35.37024281708366,35.98527145385742,10981600,0.0,0.0
2012-05-30 00:00:00-04:00,35.1602919642199,35.31343006328574,34.45634365088756,34.814491271972656,13785200,0.0,0.0
2012-05-31 00:00:00-04:00,34.14512614380754,34.71322054629234,33.381896748828424,34.238983154296875,12621600,0.0,0.0
2012-06-01 00:00:00-04:00,33.15713957272614,33.1843096073005,32.258063568044676,32.354393005371094,15065600,0.0,0.0
2012-06-04 00:00:00-04:00,32.14196975174563,32.650786909453544,31.200902611875815,32.411197662353516,14039200,0.0,0.0
2012-06-05 00:00:00-04:00,32.292633757942376,33.40659730957462,32.06045421613035,33.03363037109375,10949200,0.0,0.0
2012-06-06 00:00:00-04:00,33.17936624810665,34.01916109062189,32.900256255119835,33.83391189575195,10435600,0.0,0.0
2012-06-07 00:00:00-04:00,34.16488502463058,34.234044405740875,33.40906532723331,33.4831657409668,7091200,0.0,0.0
2012-06-08 00:00:00-04:00,33.42389471963459,33.74746269267281,32.455655663940284,33.71288299560547,8953200,0.0,0.0
2012-06-11 00:00:00-04:00,33.92035755510809,33.96234691356913,32.20371604671211,32.22347640991211,8252000,0.0,0.0
2012-06-12 00:00:00-04:00,32.5272893827902,32.5272893827902,31.356513109012223,32.25312042236328,9843600,0.0,0.0
2012-06-13 00:00:00-04:00,32.17654426404149,32.203714290847095,31.260176786237743,31.450366973876953,8401600,0.0,0.0
2012-06-14 00:00:00-04:00,31.44049075532854,32.0184691713212,30.936612764408707,31.951778411865234,12167600,0.0,0.0
2012-06-15 00:00:00-04:00,32.06540301680466,33.3621474039606,31.754181951788294,33.236175537109375,12874000,0.0,0.0
2012-06-18 00:00:00-04:00,32.43589496743676,34.02162733634321,32.14443432707928,33.78944778442383,11644400,0.0,0.0
2012-06-19 00:00:00-04:00,34.16489069830689,35.1899346569852,33.72522917551568,34.08831787109375,10668400,0.0,0.0
2012-06-20 00:00:00-04:00,34.26368282831015,34.389650892559274,33.63877600184667,34.02409362792969,7940400,0.0,0.0
2012-06-21 00:00:00-04:00,33.42883358639321,34.02410189984962,32.7693469092781,32.79404830932617,8782000,0.0,0.0
2012-06-22 00:00:00-04:00,32.885437947093486,33.900603717364184,32.87555964804398,33.866024017333984,8194000,0.0,0.0
2012-06-25 00:00:00-04:00,33.39672448883683,33.45600181550981,32.77428617644055,33.13737487792969,5635200,0.0,0.0
2012-06-26 00:00:00-04:00,33.27816403644721,33.75734255291345,33.09785587688876,33.42636489868164,4588400,0.0,0.0
2012-06-27 00:00:00-04:00,33.33990928301982,33.91294851974884,33.18923980861297,33.52268981933594,4570800,0.0,0.0
2012-06-28 00:00:00-04:00,33.34484762284553,33.44858669651483,32.02340215393425,32.54951095581055,7087600,0.0,0.0
2012-06-29 00:00:00-04:00,33.42882257556869,34.16240944229384,33.38189219227802,34.15005874633789,10560800,0.0,0.0
2012-07-02 00:00:00-04:00,33.8166173217291,34.392125160251716,33.57455570746212,34.350135803222656,8538800,0.0,0.0
2012-07-03 00:00:00-04:00,34.29826338542066,35.21215845454255,34.21428467379892,34.913291931152344,3344400,0.0,0.0
2012-07-05 00:00:00-04:00,34.81449311393658,35.528319761887076,34.57984492004564,35.177581787109375,4278800,0.0,0.0
2012-07-06 00:00:00-04:00,34.483509865855716,34.483509865855716,32.96940569760077,33.530094146728516,11248400,0.0,0.0
2012-07-09 00:00:00-04:00,33.552331192714334,33.764750407101516,32.25805931013112,32.43095779418945,8984000,0.0,0.0
2012-07-10 00:00:00-04:00,32.75699349588151,33.016343099285535,31.615859763588812,31.830747604370117,8694400,0.0,0.0
2012-07-11 00:00:00-04:00,32.10738713140868,32.213594845244835,30.946491215441423,31.346630096435547,6042800,0.0,0.0
2012-07-12 00:00:00-04:00,31.610919343887943,31.860388754952826,30.827931416223155,31.502239227294922,6979200,0.0,0.0
2012-07-13 00:00:00-04:00,31.675141586300988,32.35685722133425,31.613389974327227,32.24570846557617,6668400,0.0,0.0
2012-07-16 00:00:00-04:00,32.097507606423854,32.304985786323705,31.477541699019206,31.61338996887207,4522800,0.0,0.0
2012-07-17 00:00:00-04:00,31.843095431854287,32.08515328104803,30.89955977749804,31.314517974853516,7252400,0.0,0.0
2012-07-18 00:00:00-04:00,32.19383782804005,33.70547375780749,31.961658243822914,33.320152282714844,12746400,0.0,0.0
2012-07-19 00:00:00-04:00,33.52763453501356,34.78485812492971,33.44365203840377,34.36001968383789,10063200,0.0,0.0
2012-07-20 00:00:00-04:00,34.09078972615062,34.09078972615062,33.22382116251804,33.38437271118164,6290000,0.0,0.0
2012-07-23 00:00:00-04:00,32.64831420533956,32.781695727696146,31.83568944750204,32.35685729980469,10374400,0.0,0.0
2012-07-24 00:00:00-04:00,32.30745964885287,32.38649734381173,31.0107153124681,31.29970359802246,15500000,0.0,0.0
2012-07-25 00:00:00-04:00,31.618328981976237,31.89497032289093,30.90203365349023,30.953903198242188,9948400,0.0,0.0
2012-07-26 00:00:00-04:00,31.70477787155277,32.2951050716279,30.353693633200646,30.778532028198242,18435600,0.0,0.0
2012-07-27 00:00:00-04:00,30.963774487328397,32.94717485526952,30.963774487328397,32.47787857055664,16979200,0.0,0.0
2012-07-30 00:00:00-04:00,32.49764705684381,32.49764705684381,30.88227214151164,31.089752197265625,14448400,0.0,0.0
2012-07-31 00:00:00-04:00,31.161382299783675,31.67019943355521,30.538944013069926,30.71678352355957,9177600,0.0,0.0
2012-08-01 00:00:00-04:00,31.46024766481633,31.524466016077767,30.373452228334052,30.76865005493164,8856800,0.0,0.0
2012-08-02 00:00:00-04:00,30.351223196013315,30.936611248947006,29.684326940834776,29.978256225585938,10301200,0.0,0.0
2012-08-03 00:00:00-04:00,30.655030395472526,31.771466360975204,30.012833700118417,31.682546615600586,10586400,0.0,0.0
2012-08-06 00:00:00-04:00,31.875210753265804,33.1843057573161,31.54917226065226,32.78169631958008,11321200,0.0,0.0
2012-08-07 00:00:00-04:00,33.01386989753266,34.330374328049395,32.873078732436106,33.759803771972656,11107600,0.0,0.0
2012-08-08 00:00:00-04:00,33.49304832913495,33.88577562847935,33.29050744636141,33.48069763183594,8405200,0.0,0.0
2012-08-09 00:00:00-04:00,33.45847487385863,34.32049867999575,33.43624210701531,34.02656936645508,6166400,0.0,0.0
2012-08-10 00:00:00-04:00,34.03151179389348,34.88859837041715,33.96729342980489,34.54032897949219,10627600,0.0,0.0
2012-08-13 00:00:00-04:00,35.44434763812017,36.160643051468035,35.2047583665104,35.85189437866211,17647600,0.0,0.0
2012-08-14 00:00:00-04:00,35.886467948744844,35.886467948744844,34.95034379103422,35.212162017822266,10455600,0.0,0.0
2012-08-15 00:00:00-04:00,35.27638474146313,35.666639687207955,35.10348249617129,35.599952697753906,4846400,0.0,0.0
2012-08-16 00:00:00-04:00,35.25662593288253,36.494089120886755,35.24674386585055,36.2989616394043,9492400,0.0,0.0
2012-08-17 00:00:00-04:00,36.65711086436136,36.65711086436136,36.214980684048534,36.36565017700195,6748000,0.0,0.0
2012-08-20 00:00:00-04:00,36.3681206452292,36.531137060475935,35.39494434269087,36.44963073730469,10104400,0.0,0.0
2012-08-21 00:00:00-04:00,36.8250666112641,37.26472436983712,36.249558698322055,36.4669189453125,8800800,0.0,0.0
2012-08-22 00:00:00-04:00,36.53607826263381,36.87199693050915,35.84448056184291,36.70897674560547,8528800,0.0,0.0
2012-08-23 00:00:00-04:00,36.70897898299653,36.869530545394795,35.955635277782406,36.25203323364258,16410800,0.0,0.0
2012-08-24 00:00:00-04:00,34.846603223566284,36.923864755453764,34.770034172075015,36.689212799072266,28062400,0.0,0.0
2012-08-27 00:00:00-04:00,36.355766941322614,37.53642132489124,36.311305181635966,36.81765365600586,12876400,0.0,0.0
2012-08-28 00:00:00-04:00,36.29154986850949,36.491622161584786,35.483866105664575,35.844482421875,14783200,0.0,0.0
2012-08-29 00:00:00-04:00,35.80249165822068,36.12605963097882,35.58019414425221,35.963043212890625,8646000,0.0,0.0
2012-08-30 00:00:00-04:00,35.65429708278042,35.77038688148954,35.105959156211,35.24427795410156,7556000,0.0,0.0
2012-08-31 00:00:00-04:00,35.63453636087266,36.18040188059963,35.271447635577104,35.85930252075195,8144400,0.0,0.0
2012-09-04 00:00:00-04:00,35.745679485148116,35.99514700600627,35.29861209948852,35.77531814575195,7312800,0.0,0.0
2012-09-05 00:00:00-04:00,35.72345224307875,35.95810044515201,35.32331146076748,35.74814987182617,6233600,0.0,0.0
2012-09-06 00:00:00-04:00,35.93833918087901,37.02266417791707,35.79261073753475,36.775665283203125,9194000,0.0,0.0
2012-09-07 00:00:00-04:00,36.750960004193544,37.19062145773496,36.57065188539131,36.94362258911133,6190400,0.0,0.0
2012-09-10 00:00:00-04:00,37.012785966125946,37.242493129667714,36.68180458207601,36.88681411743164,4713200,0.0,0.0
2012-09-11 00:00:00-04:00,36.822594795638096,37.35117226692923,36.60276593535589,37.24496078491211,6767600,0.0,0.0
2012-09-12 00:00:00-04:00,37.319063165237964,38.242840414696566,37.29930280082716,37.71920394897461,10642000,0.0,0.0
2012-09-13 00:00:00-04:00,37.91927305391455,39.02582709602773,37.73155147350585,38.77635955810547,10942800,0.0,0.0
2012-09-14 00:00:00-04:00,38.71213587035599,39.98911970894188,38.670146510352666,39.379032135009766,13426800,0.0,0.0
2012-09-17 00:00:00-04:00,39.27529639675843,39.490188017192175,38.93937771921245,39.06534957885742,5740800,0.0,0.0
2012-09-18 00:00:00-04:00,38.902328747202496,39.02582820354282,38.489841015294324,38.603458404541016,6022800,0.0,0.0
2012-09-19 00:00:00-04:00,38.50712353482804,39.25552983292088,38.171204910321734,39.02088165283203,8056000,0.0,0.0
2012-09-20 00:00:00-04:00,39.030771536099635,39.174031366161294,38.04030342581042,38.536773681640625,7120800,0.0,0.0
2012-09-21 00:00:00-04:00,38.67508435496339,38.96407258685737,38.287294311586166,38.334224700927734,9854000,0.0,0.0
2012-09-24 00:00:00-04:00,37.98348920810796,38.309529553745136,37.556182181390135,37.93162155151367,4796000,0.0,0.0
2012-09-25 00:00:00-04:00,38.01560072347363,38.487369516089146,37.57347059212267,37.57594299316406,6296800,0.0,0.0
2012-09-26 00:00:00-04:00,37.31165374207271,37.390695200229395,36.11617995423402,36.78801727294922,8626400,0.0,0.0
2012-09-27 00:00:00-04:00,37.14863611899215,38.07982310415313,36.871998534205524,37.83529281616211,6900000,0.0,0.0
2012-09-28 00:00:00-04:00,37.46726500768508,38.10699127572417,37.32153655630707,37.714263916015625,6212800,0.0,0.0
2012-10-01 00:00:00-04:00,37.83282073014936,37.911862186532666,36.94609559143452,37.33141326904297,8091600,0.0,0.0
2012-10-02 00:00:00-04:00,37.420333401143516,38.00819198999628,37.11652580902145,37.7760124206543,5214800,0.0,0.0
2012-10-03 00:00:00-04:00,37.91432950862791,38.976425486428894,37.87234014971419,38.78870391845703,8752000,0.0,0.0
2012-10-04 00:00:00-04:00,38.418207531914504,39.052996518684886,38.25271871995865,38.98383712768555,6671200,0.0,0.0
2012-10-05 00:00:00-04:00,39.39385685243018,39.48277660929598,37.976081775987794,38.2181396484375,6718400,0.0,0.0
2012-10-08 00:00:00-04:00,38.03042189756572,38.64297812978447,37.721673264747196,37.93903350830078,4539200,0.0,0.0
2012-10-09 00:00:00-04:00,37.80318483501452,38.13663111016106,37.09676778473317,37.57841491699219,5986400,0.0,0.0
2012-10-10 00:00:00-04:00,37.58828666363081,37.69202950686967,36.72379060860081,37.089351654052734,4948000,0.0,0.0
2012-10-11 00:00:00-04:00,37.78095491019168,38.27988999449369,37.45738317239817,37.69450378417969,5578800,0.0,0.0
2012-10-12 00:00:00-04:00,37.85505142433262,38.223081155429526,37.593233183901695,37.86246109008789,4350000,0.0,0.0
2012-10-15 00:00:00-04:00,37.810591831086974,38.27247856518916,37.42527415248792,38.07487869262695,3823600,0.0,0.0
2012-10-16 00:00:00-04:00,38.22307807457569,38.450316600198065,37.93655845878505,38.3984489440918,4082400,0.0,0.0
2012-10-17 00:00:00-04:00,38.27248430467201,38.34411610655873,37.21286052961953,37.452449798583984,6300000,0.0,0.0
2012-10-18 00:00:00-04:00,37.338822225717,37.566060755149564,36.7682553855575,37.07453536987305,6157600,0.0,0.0
2012-10-19 00:00:00-04:00,36.968329494404024,37.3437689242476,36.65958083112253,36.8053092956543,8387200,0.0,0.0
2012-10-22 00:00:00-04:00,36.87199753623163,37.04983705561091,36.12605976155212,36.46445083618164,6422400,0.0,0.0
2012-10-23 00:00:00-04:00,36.03220070712384,36.92633551830711,35.94080855134748,36.75343704223633,4791600,0.0,0.0
2012-10-24 00:00:00-04:00,37.000438643550694,37.33388492126807,36.42493071275637,36.61017990112305,5813600,0.0,0.0
2012-10-25 00:00:00-04:00,36.80036486036665,36.859642180068,35.207219053123495,35.89140701293945,17436800,0.0,0.0
2012-10-26 00:00:00-04:00,35.965508221370904,36.39034661011251,35.881529504013685,36.22238540649414,8319200,0.0,0.0
2012-10-31 00:00:00-04:00,35.77779003226824,36.3730544812913,35.570308104313064,36.0568962097168,6795600,0.0,0.0
2012-11-01 00:00:00-04:00,35.38259710311548,36.298964801590984,34.34272993831147,36.11618423461914,10004000,0.0,0.0
2012-11-02 00:00:00-04:00,36.348356000899386,36.659573232171056,36.03219773674613,36.21003723144531,7022400,0.0,0.0
2012-11-05 00:00:00-05:00,36.27672821745888,36.27672821745888,35.414704445258245,35.83707046508789,6740400,0.0,0.0
2012-11-06 00:00:00-05:00,35.9383374412172,36.82012526173535,35.9383374412172,36.48667526245117,3989600,0.0,0.0
2012-11-07 00:00:00-05:00,36.0396076314424,36.491616035943316,36.02478830160693,36.190277099609375,5667600,0.0,0.0
2012-11-08 00:00:00-05:00,36.128531295395476,36.24708971583381,35.19734435779433,35.3900032043457,8838400,0.0,0.0
2012-11-09 00:00:00-05:00,35.177585622210664,35.641944796382674,34.83178864287262,34.861427307128906,6524000,0.0,0.0
2012-11-12 00:00:00-05:00,34.989863303488384,35.27885154955941,34.5180945238844,34.99480056762695,4833200,0.0,0.0
2012-11-13 00:00:00-05:00,34.6292454440925,35.2418016681911,34.35260787880361,34.8540153503418,4170000,0.0,0.0
2012-11-14 00:00:00-05:00,35.249215043285034,35.5233839758877,34.42176721213259,34.50080490112305,5552000,0.0,0.0
2012-11-15 00:00:00-05:00,34.62677697420413,34.831786516907606,34.446468829476174,34.760154724121094,4548400,0.0,0.0
2012-11-16 00:00:00-05:00,34.91823609032163,35.79014197580928,34.61689710661664,35.641944885253906,6346000,0.0,0.0
2012-11-19 00:00:00-05:00,35.89141199779082,36.943629795475424,35.89141199779082,36.387882232666016,8460800,0.0,0.0
2012-11-20 00:00:00-05:00,36.395291331486376,36.93374715265429,35.65923185726926,36.037139892578125,12270000,0.0,0.0
2012-11-21 00:00:00-05:00,37.07453444138716,39.29505202312671,37.00043402151612,39.218482971191406,27916800,0.0,0.0
2012-11-23 00:00:00-05:00,38.62321513621461,39.44325325824059,38.28729649581543,39.38397216796875,8430800,0.0,0.0
2012-11-26 00:00:00-05:00,38.746717494814575,39.643324736971124,38.680030503260625,39.57416534423828,10954400,0.0,0.0
2012-11-27 00:00:00-05:00,38.87268984877531,39.334576606647005,38.566409842096974,38.62321853637695,11893200,0.0,0.0
2012-11-28 00:00:00-05:00,38.3144669484057,39.048053959682925,38.28482828739377,38.99124526977539,6702000,0.0,0.0
2012-11-29 00:00:00-05:00,39.02088462345625,39.47042442427171,38.991245961918196,39.21107482910156,5776800,0.0,0.0
2012-11-30 00:00:00-05:00,39.070281121608566,39.21848195752013,38.764004921783595,38.944313049316406,3504000,0.0,0.0
2012-12-03 00:00:00-05:00,39.198722497067,39.39632235986277,38.74671408292675,38.791175842285156,4642000,0.0,0.0
2012-12-04 00:00:00-05:00,38.788712831017065,38.9443233730847,38.31200667419468,38.764015197753906,3894000,0.0,0.0
2012-12-05 00:00:00-05:00,38.586171569971334,38.813410124020706,37.84764344263257,38.74671936035156,5315200,0.0,0.0
2012-12-06 00:00:00-05:00,38.652861699920386,39.201199594644535,38.531830874342845,38.88010025024414,5110000,0.0,0.0
2012-12-07 00:00:00-05:00,38.801052769642276,39.14191242670916,38.556526292967135,38.7047233581543,5182000,0.0,0.0
2012-12-10 00:00:00-05:00,38.70472777326826,39.14438552394576,38.628158715518296,39.12956619262695,3867600,0.0,0.0
2012-12-11 00:00:00-05:00,39.11227680686508,40.97464682999187,39.11227680686508,40.754817962646484,17480400,0.0,0.0
2012-12-12 00:00:00-05:00,40.79927989002581,41.52298868711463,40.606621033496644,41.256229400634766,9206000,0.0,0.0
2012-12-13 00:00:00-05:00,41.043807065212405,41.35008706029,40.89066895212567,41.15989685058594,6459200,0.0,0.0
2012-12-14 00:00:00-05:00,40.82892202753899,41.53533908599599,40.82892202753899,41.20188903808594,5086800,0.0,0.0
2012-12-17 00:00:00-05:00,40.69800957988002,42.125662912355146,40.67083955027635,41.720584869384766,10098400,0.0,0.0
2012-12-18 00:00:00-05:00,41.74528840774291,42.397365441640936,41.67366037532241,42.21211624145508,4890000,0.0,0.0
2012-12-19 00:00:00-05:00,42.30597637012947,42.66906509823755,41.9428876420214,41.955238342285156,4176000,0.0,0.0
2012-12-20 00:00:00-05:00,41.98981452515049,42.04909562010918,41.6242571951659,42.00957489013672,4705200,0.0,0.0
2012-12-21 00:00:00-05:00,41.478524992747836,41.9255961840624,41.36737623744264,41.730464935302734,10731600,0.0,0.0
2012-12-24 00:00:00-05:00,41.58720395671919,41.85149459114308,41.49581556895594,41.82926559448242,1648000,0.0,0.0
2012-12-26 00:00:00-05:00,41.792217245279396,41.91077567367142,40.81904088033802,41.08580017089844,3720400,0.0,0.0
2012-12-27 00:00:00-05:00,41.07097830414977,41.35996657553188,40.17684345924594,41.061100006103516,5888800,0.0,0.0
2012-12-28 00:00:00-05:00,40.61649491513366,40.9400628328392,40.39172503818119,40.55227279663086,4128400,0.0,0.0
2012-12-31 00:00:00-05:00,40.460888079801514,41.57732413202019,40.23859058355051,41.52051544189453,6147200,0.0,0.0
2013-01-02 00:00:00-05:00,42.42699798280921,42.96792612423551,41.21917363001087,42.2787971496582,8162800,0.0,0.0
2013-01-03 00:00:00-05:00,42.00709933670864,42.61718307395809,41.52544852844828,41.671180725097656,5707600,0.0,0.0
2013-01-04 00:00:00-05:00,41.658830221383774,42.08613721019217,41.5131017929612,41.89347839355469,3296400,0.0,0.0
2013-01-07 00:00:00-05:00,41.81196967972258,41.81196967972258,41.18953145315878,41.73786926269531,4185600,0.0,0.0
2013-01-08 00:00:00-05:00,41.8292646915072,42.162710940931376,41.384665923370896,41.98240280151367,3953600,0.0,0.0
2013-01-09 00:00:00-05:00,42.0169798598437,42.575195974924384,41.824321033890904,42.44181823730469,3856000,0.0,0.0
2013-01-10 00:00:00-05:00,42.63201934761822,42.93582699419781,41.94783121574923,42.76045608520508,4749200,0.0,0.0
2013-01-11 00:00:00-05:00,42.604845333602384,42.89136121822384,42.2936242803605,42.817264556884766,5296800,0.0,0.0
2013-01-14 00:00:00-05:00,42.715994938393116,43.17047205847196,42.594964107640855,42.980281829833984,3814000,0.0,0.0
2013-01-15 00:00:00-05:00,42.594962209690124,43.2149318994828,42.27880389947013,43.13835906982422,4128000,0.0,0.0
2013-01-16 00:00:00-05:00,42.97780563069467,43.155645127920195,41.31550420383502,41.9008903503418,16573600,0.0,0.0
2013-01-17 00:00:00-05:00,42.18247358699373,42.81479019414925,42.09355382855597,42.268924713134766,6331600,0.0,0.0
2013-01-18 00:00:00-05:00,42.36525699629932,42.50851682616688,41.40689995389782,41.99475860595703,6346000,0.0,0.0
2013-01-22 00:00:00-05:00,41.99475698735436,42.05650671669805,41.03145894825006,41.221649169921875,7501600,0.0,0.0
2013-01-23 00:00:00-05:00,41.303159661040745,42.414654799887046,41.288340328880835,42.09355545043945,5760000,0.0,0.0
2013-01-24 00:00:00-05:00,42.17506234613567,42.85184069168734,42.110843988680564,42.55543899536133,5149600,0.0,0.0
2013-01-25 00:00:00-05:00,42.77774086159207,43.40758882167435,42.634481044753045,42.94322967529297,6508000,0.0,0.0
2013-01-28 00:00:00-05:00,43.80031652885499,44.190575253277146,43.63235531265488,43.983097076416016,8180000,0.0,0.0
2013-01-29 00:00:00-05:00,43.150707767976286,43.469338464670614,42.5603805382688,43.14823913574219,6209600,0.0,0.0
2013-01-30 00:00:00-05:00,43.234685488247074,43.58048620711461,42.41959213920407,42.55791091918945,7241600,0.0,0.0
2013-01-31 00:00:00-05:00,42.8320769988916,43.170464260919566,42.13801074403526,42.51591873168945,4999600,0.0,0.0
2013-02-01 00:00:00-05:00,42.97287235881594,43.43229051480401,42.787623163157924,43.23963165283203,5174000,0.0,0.0
2013-02-04 00:00:00-05:00,42.92593642359691,43.18034875354903,42.44676173183827,42.67152786254883,5354400,0.0,0.0
2013-02-05 00:00:00-05:00,42.74809984276999,42.91852591155437,42.2615117263482,42.58260726928711,3767200,0.0,0.0
2013-02-06 00:00:00-05:00,42.3528986289424,42.809848068537214,42.15529876941751,42.310909271240234,4883200,0.0,0.0
2013-02-07 00:00:00-05:00,42.424525081009115,42.60730560388328,41.78233027237976,42.002159118652344,4346000,0.0,0.0
2013-02-08 00:00:00-05:00,42.10837188549977,42.345492490457445,41.86137298274993,41.97746276855469,4284000,0.0,0.0
2013-02-11 00:00:00-05:00,42.1923466457135,42.29855434536103,41.7650359086433,42.145416259765625,5684000,0.0,0.0
2013-02-12 00:00:00-05:00,42.17011782201382,42.730806336168754,42.105899469874664,42.57272720336914,5906400,0.0,0.0
2013-02-13 00:00:00-05:00,42.57273025005873,42.81972914829093,41.98981269947457,42.55791091918945,4106800,0.0,0.0
2013-02-14 00:00:00-05:00,42.55543972308618,43.33842956928859,42.375131577564304,43.0914306640625,6841200,0.0,0.0
2013-02-15 00:00:00-05:00,43.16306030150907,43.43228821373109,42.63448277532545,43.23221969604492,5413600,0.0,0.0
2013-02-19 00:00:00-05:00,43.15070449063259,43.40758544182661,42.9259346005638,43.18281555175781,3497200,0.0,0.0
2013-02-20 00:00:00-05:00,43.19517320679615,43.3779499991835,42.25163550429305,42.25657653808594,5296800,0.0,0.0
2013-02-21 00:00:00-05:00,42.209640782694244,42.27633153926908,41.43900544059931,41.63166427612305,5466800,0.0,0.0
2013-02-22 00:00:00-05:00,42.02686521823985,42.128135681152344,41.68106823378798,42.128135681152344,4078400,0.0,0.0
2013-02-25 00:00:00-05:00,41.93794411372076,42.226936160866536,40.32998253409914,40.38679122924805,10159600,0.0,0.0
2013-02-26 00:00:00-05:00,40.46089164733004,41.16977732705391,40.07804257544863,40.3497428894043,6919200,0.0,0.0
2013-02-27 00:00:00-05:00,40.35220945485713,41.54768700612388,40.01382216482124,41.2339973449707,6224400,0.0,0.0
2013-02-28 00:00:00-05:00,41.266103587955335,41.96510708304112,41.266103587955335,41.797149658203125,14840000,0.0,0.0
2013-03-01 00:00:00-05:00,43.84230142111307,45.260076356268804,42.18493726963669,44.95379638671875,26723200,0.0,0.0
2013-03-04 00:00:00-05:00,44.958738767469605,46.097403794904885,44.825357257012094,45.91462326049805,9554000,0.0,0.0
2013-03-05 00:00:00-05:00,45.38357186408093,45.91461790517874,45.21066964706908,45.884979248046875,9381200,0.0,0.0
2013-03-06 00:00:00-05:00,45.85781694209211,46.30488435063684,45.58858904408178,46.03318405151367,4816400,0.0,0.0
2013-03-07 00:00:00-05:00,46.05788636243864,46.0776467272125,45.46755912709724,45.56388854980469,3820000,0.0,0.0
2013-03-08 00:00:00-05:00,45.89486494270466,45.954146035428415,45.218090369736295,45.904747009277344,4218400,0.0,0.0
2013-03-11 00:00:00-04:00,45.82323997244277,46.42097689716596,45.82076757118286,45.926979064941406,4032000,0.0,0.0
2013-03-12 00:00:00-04:00,45.126698925066336,45.27984080812306,44.583302091034014,44.654930114746094,8922000,0.0,0.0
2013-03-13 00:00:00-04:00,44.83029875377421,44.86734707989343,44.20045082741973,44.6845703125,6623200,0.0,0.0
2013-03-14 00:00:00-04:00,44.8648828445383,45.176100121150874,44.054726703501835,44.08683776855469,7147600,0.0,0.0
2013-03-15 00:00:00-04:00,44.0720124703861,44.420281828288786,43.51873733954921,43.595306396484375,9867600,0.0,0.0
2013-03-18 00:00:00-04:00,43.298910304206984,43.71880770351069,42.933352967403046,43.00992202758789,6496800,0.0,0.0
2013-03-19 00:00:00-04:00,43.106249563878606,43.158117222870565,42.081201856108024,42.29362106323242,7280800,0.0,0.0
2013-03-20 00:00:00-04:00,42.76785467606935,42.901236182203625,42.42946741563532,42.60977554321289,4590400,0.0,0.0
2013-03-21 00:00:00-04:00,42.18000397820868,42.89876792596122,42.02439346231899,42.664119720458984,6500000,0.0,0.0
2013-03-22 00:00:00-04:00,43.32360549307311,43.748443902003295,42.74316034021095,43.48662567138672,7256400,0.0,0.0
2013-03-25 00:00:00-04:00,43.456986310672214,43.538496398518305,42.538150117194164,42.67152786254883,5163200,0.0,0.0
2013-03-26 00:00:00-04:00,42.85431213968152,43.177880118230206,42.28374524390124,42.87654113769531,4500800,0.0,0.0
2013-03-27 00:00:00-04:00,42.71104701221155,43.51379339354142,42.602366899099195,43.44216537475586,5028400,0.0,0.0
2013-03-28 00:00:00-04:00,43.4298178011608,44.26714393609391,43.24456862291096,44.170814514160156,6541200,0.0,0.0
2013-04-01 00:00:00-04:00,44.13870610886366,44.37335432833131,43.15812009809166,43.32114028930664,4823200,0.0,0.0
2013-04-02 00:00:00-04:00,43.71633929359416,43.790435952921435,43.17787969942186,43.30632019042969,3875600,0.0,0.0
2013-04-03 00:00:00-04:00,43.18034651229261,43.43475506013573,41.17224438851561,41.62178039550781,8306000,0.0,0.0
2013-04-04 00:00:00-04:00,41.62425621532385,41.658835911009675,40.636260602695536,41.10308837890625,5673200,0.0,0.0
2013-04-05 00:00:00-04:00,39.92984039530182,40.93265525888926,39.84586167948207,40.85855484008789,5285200,0.0,0.0
2013-04-08 00:00:00-04:00,40.744940803768955,41.29574730360646,40.50041053235387,41.214237213134766,3674400,0.0,0.0
2013-04-09 00:00:00-04:00,41.37478236580562,41.37478236580562,40.39666888006003,40.836326599121094,5304000,0.0,0.0
2013-04-10 00:00:00-04:00,40.98699679809123,41.794684231339446,40.88078531455452,41.688472747802734,4476400,0.0,0.0
2013-04-11 00:00:00-04:00,41.37725602553386,41.57979315999457,40.91042826383924,41.127784729003906,6846000,0.0,0.0
2013-04-12 00:00:00-04:00,41.09073280664319,41.9552288651645,40.63131475050143,41.87125015258789,7168400,0.0,0.0
2013-04-15 00:00:00-04:00,41.490872083638926,41.9749915616513,40.79927444458008,40.79927444458008,7120000,0.0,0.0
2013-04-16 00:00:00-04:00,41.18459899322007,42.088612125909826,41.019110178267766,42.086143493652344,6039200,0.0,0.0
2013-04-17 00:00:00-04:00,41.705764451545846,42.15283184336048,40.9178373824785,41.33526611328125,22142000,0.0,0.0
2013-04-18 00:00:00-04:00,40.67577528745701,41.4068936582215,40.27069725969537,40.53745651245117,4476800,0.0,4.0
2013-04-19 00:00:00-04:00,40.52758576855856,40.75482433683477,39.272830724586235,40.38926696777344,8713600,0.0,0.0
2013-04-22 00:00:00-04:00,40.56710169677906,40.67577804958918,39.64826546452694,39.83598327636719,4897800,0.0,0.0
2013-04-23 00:00:00-04:00,40.22129579439436,41.05121216296191,40.1224977522164,40.586856842041016,4115200,0.0,0.0
2013-04-24 00:00:00-04:00,40.527575829371926,41.03145187564529,40.37937499693073,40.41889572143555,2671100,0.0,0.0
2013-04-25 00:00:00-04:00,40.60661335184548,40.67577273500857,40.13237596633983,40.270694732666016,5148900,0.0,0.0
2013-04-26 00:00:00-04:00,40.349738695466456,40.606615881948535,40.1422605330497,40.22129821777344,2646100,0.0,0.0
2013-04-29 00:00:00-04:00,40.26082298306362,40.784459474708065,40.063223098077536,40.5177001953125,2651800,0.0,0.0
2013-04-30 00:00:00-04:00,40.557219760029454,40.744941341376,40.22130109588241,40.61650085449219,3806600,0.0,0.0
2013-05-01 00:00:00-04:00,40.71529927201664,41.683534543432245,40.62637951398335,41.061100006103516,6423600,0.0,0.0
2013-05-02 00:00:00-04:00,41.26858017402248,41.59461678992066,41.001820887067005,41.36737823486328,3598400,0.0,0.0
2013-05-03 00:00:00-04:00,41.76257552183209,41.98981406331801,41.55509734511506,41.73293685913086,2897000,0.0,0.0
2013-05-06 00:00:00-04:00,41.821858006307956,42.32573413349889,41.79221557371719,41.93053436279297,4305700,0.0,0.0
2013-05-07 00:00:00-04:00,42.1281306484659,42.335608814351374,41.604494200591866,41.910770416259766,2803000,0.0,0.0
2013-05-08 00:00:00-04:00,41.920658816232894,42.07873798111082,41.693420252277406,41.86137771606445,3029900,0.0,0.0
2013-05-09 00:00:00-04:00,41.84161566676167,43.25444979493949,41.77245627046522,42.632015228271484,6062100,0.0,0.0
2013-05-10 00:00:00-04:00,42.691284296129844,43.71880051213846,42.691284296129844,43.6397590637207,4287000,0.0,0.0
2013-05-13 00:00:00-04:00,43.79784639139671,44.02508492523095,43.303848595521195,43.43228530883789,2945200,0.0,0.0
2013-05-14 00:00:00-04:00,43.5212044005215,44.499321679787265,43.48168367291592,44.440040588378906,4117200,0.0,0.0
2013-05-15 00:00:00-04:00,44.489443815553585,44.52896454689198,43.87688755542612,44.25232696533203,3099500,0.0,0.0
2013-05-16 00:00:00-04:00,44.845121868178275,46.74207547252734,44.746323810921304,45.59600067138672,7165000,0.0,0.0
2013-05-17 00:00:00-04:00,45.62563554765119,46.26783417322903,45.20079715268197,46.22831344604492,4787600,0.0,0.0
2013-05-20 00:00:00-04:00,46.574111563685335,47.008832035889,46.25795327603035,46.44567108154297,6331700,0.0,0.0
2013-05-21 00:00:00-04:00,46.48518843971669,46.54446952769336,45.744191800075384,45.773834228515625,6112600,0.0,0.0
2013-05-22 00:00:00-04:00,45.87263302348303,46.65315040121309,44.983435533802734,45.23043441772461,6717200,0.0,0.0
2013-05-23 00:00:00-04:00,42.91852391074318,45.49719281368265,42.50356760258933,45.14151382446289,12218700,0.0,0.0
2013-05-24 00:00:00-04:00,42.236814245323224,43.293969294512536,41.298217619424065,42.730812072753906,21576800,0.0,0.0
2013-05-28 00:00:00-04:00,43.00744583787514,43.00744583787514,41.120374455116576,41.298213958740234,10067300,0.0,0.0
2013-05-29 00:00:00-04:00,40.68565813345057,41.85149321499415,40.359617784198406,41.42665481567383,8799500,0.0,0.0
2013-05-30 00:00:00-04:00,41.58473737600273,42.45417460991834,41.49581761606926,42.2466926574707,5557500,0.0,0.0
2013-05-31 00:00:00-04:00,42.00957526809425,42.54309382080969,41.57485854119887,41.82185745239258,5758500,0.0,0.0
2013-06-03 00:00:00-04:00,41.861372583327494,41.93053197392523,39.60874381779185,40.547340393066406,8969800,0.0,0.0
2013-06-04 00:00:00-04:00,38.7788277586443,39.7075422768229,37.11899482950082,37.34623336791992,29720600,0.0,0.0
2013-06-05 00:00:00-04:00,38.215666815557576,38.34410728777995,37.237549597547435,37.49443054199219,18556600,0.0,0.0
2013-06-06 00:00:00-04:00,37.41539349975286,37.939033747164764,36.65463641142981,37.60311508178711,10970900,0.0,0.0
2013-06-07 00:00:00-04:00,37.91927578899637,39.16414870505219,37.81059565963744,39.1345100402832,10146600,0.0,0.0
2013-06-10 00:00:00-04:00,39.470430390467506,39.49019075744779,38.05759618706623,38.215675354003906,10800800,0.0,0.0
2013-06-11 00:00:00-04:00,37.780954463947005,37.859992154337796,36.891756891399275,37.138755798339844,8942900,0.0,0.0
2013-06-12 00:00:00-04:00,37.662386612130355,38.04770424599704,36.8423523242173,37.12887191772461,7769100,0.0,0.0
2013-06-13 00:00:00-04:00,37.01031470919079,37.52407287953559,36.42739714754035,37.34623336791992,5839000,0.0,0.0
2013-06-14 00:00:00-04:00,37.336350295246675,38.255186398118056,37.04983069996341,37.10911178588867,4942800,0.0,0.0
2013-06-17 00:00:00-04:00,36.773200455406446,38.35399203755374,36.634881663081615,37.76119613647461,6521400,0.0,0.0
2013-06-18 00:00:00-04:00,37.79082489013672,38.057584106335504,37.583346756061026,37.79082489013672,3207200,0.0,0.0
2013-06-19 00:00:00-04:00,37.79083205180449,38.037830954103875,37.128876802716164,37.198036193847656,4960400,0.0,0.0
2013-06-20 00:00:00-04:00,36.91151192483847,37.33635028492624,36.14087665254142,36.308834075927734,5537300,0.0,0.0
2013-06-21 00:00:00-04:00,36.55583556562848,38.36386924186724,35.656759760581345,37.84022903442383,15540200,0.0,0.0
2013-06-24 00:00:00-04:00,37.178276537547816,37.178276537547816,35.69628309552332,36.506439208984375,8583200,0.0,0.0
2013-06-25 00:00:00-04:00,37.1585198575163,37.780958220183415,36.89176055923039,36.99055862426758,5831200,0.0,0.0
2013-06-26 00:00:00-04:00,37.29683198426899,37.74143073521325,37.26719332384068,37.54383087158203,5046600,0.0,0.0
2013-06-27 00:00:00-04:00,37.87975475100704,38.48243272247601,37.84023401903101,38.37375259399414,5187200,0.0,0.0
2013-06-28 00:00:00-04:00,37.97855309475023,38.10699359017622,37.35611852156436,37.721675872802734,5064800,0.0,0.0
2013-07-01 00:00:00-04:00,38.09711214338701,38.25519129050047,37.30671263891551,37.34623336791992,3799100,0.0,0.0
2013-07-02 00:00:00-04:00,37.28695733187333,37.939034307363755,37.277075264828646,37.7117919921875,4111000,0.0,0.0
2013-07-03 00:00:00-04:00,37.43515371904721,38.27495226367717,37.326473597008864,38.08723068237305,2292300,0.0,0.0
2013-07-05 00:00:00-04:00,38.49230980383973,38.60098992888499,37.869875254969386,38.47254943847656,2824600,0.0,0.0
2013-07-08 00:00:00-04:00,38.561461848960505,38.887502161958224,37.869868037577966,37.968666076660156,3846100,0.0,0.0
2013-07-09 00:00:00-04:00,38.02795705355295,38.344115383541634,37.484556390536866,38.25519561767578,3796000,0.0,0.0
2013-07-10 00:00:00-04:00,38.30458641604534,39.4901817830975,38.1168686257494,39.262943267822266,4668200,0.0,0.0
2013-07-11 00:00:00-04:00,39.727296698534154,41.19941159804984,39.677897679120306,41.02157211303711,6911700,0.0,0.0
2013-07-12 00:00:00-04:00,41.0610954295948,42.08860791257392,40.833856910815584,41.920650482177734,5274600,0.0,0.0
2013-07-15 00:00:00-04:00,41.76257477593893,41.9206539223625,40.794339532981574,41.47605514526367,4151300,0.0,0.0
2013-07-16 00:00:00-04:00,41.43653609428559,41.545216218522015,40.903021309067995,41.337738037109375,3897400,0.0,0.0
2013-07-17 00:00:00-04:00,41.49581633719388,42.22693475954801,41.22905706561484,42.19729232788086,4606300,0.0,0.0
2013-07-18 00:00:00-04:00,42.03920945733494,42.48380820394773,41.041335620629695,41.39701461791992,5920400,0.0,0.0
2013-07-19 00:00:00-04:00,41.347619840202114,42.23681750578039,41.19942274187547,41.98981857299805,6078500,0.0,0.0
2013-07-22 00:00:00-04:00,41.98980875155414,42.009569113823325,41.337731872286156,41.53533172607422,3133800,0.0,0.0
2013-07-23 00:00:00-04:00,41.624256964262706,42.64189125753067,41.50569477500304,42.029335021972656,4638200,0.0,0.0
2013-07-24 00:00:00-04:00,42.493687081441905,43.007445221333604,41.446414207231534,41.50569152832031,6022200,0.0,0.0
2013-07-25 00:00:00-04:00,41.61437443235611,42.94817077984123,41.555097107292895,42.701171875,5236900,0.0,0.0
2013-07-26 00:00:00-04:00,42.45417297015878,42.80985199615481,41.77245358069832,42.701171875,2733000,0.0,0.0
2013-07-29 00:00:00-04:00,42.641887813411934,42.90864706434411,41.999689197956265,42.79008865356445,3087200,0.0,0.0
2013-07-30 00:00:00-04:00,43.066729562643296,43.88676397381256,42.99757017021592,43.46192932128906,4357900,0.0,0.0
2013-07-31 00:00:00-04:00,43.43228974487699,43.758330132529544,43.126013492250685,43.22481155395508,3263200,0.0,0.0
2013-08-01 00:00:00-04:00,43.639764686491844,45.05259872331455,43.620008090745564,44.598121643066406,5479000,0.0,0.0
2013-08-02 00:00:00-04:00,44.430163504991015,45.05259802171879,44.39064277630553,44.97356033325195,3494500,0.0,0.0
2013-08-05 00:00:00-04:00,44.766078241534295,45.546591835762335,44.70679715369641,45.14151382446289,2620900,0.0,0.0
2013-08-06 00:00:00-04:00,44.83524271326718,45.10200198544871,44.36100526346809,44.874759674072266,2750300,0.0,0.0
2013-08-07 00:00:00-04:00,44.657405360019524,44.657405360019524,43.659527615532596,44.38076400756836,3000300,0.0,0.0
2013-08-08 00:00:00-04:00,44.65739776265009,45.141513451496415,44.43015924783801,44.69691848754883,3400700,0.0,0.0
2013-08-09 00:00:00-04:00,44.68703483684613,45.032835514089044,44.321477566758375,44.667274475097656,2543800,0.0,0.0
2013-08-12 00:00:00-04:00,44.59811299007239,45.13163142540834,44.51907531570972,44.84511184692383,2862900,0.0,0.0
2013-08-13 00:00:00-04:00,44.81548080883379,44.953799589160404,43.96580399379424,44.528961181640625,3644600,0.0,0.0
2013-08-14 00:00:00-04:00,44.558606695096444,44.70680756475141,43.65953071582116,44.1238899230957,3741400,0.0,0.0
2013-08-15 00:00:00-04:00,43.58048661822151,43.6496460088666,42.345492115410444,43.07660675048828,5910700,0.0,0.0
2013-08-16 00:00:00-04:00,43.00745036479117,43.58048966320797,42.94817303661315,43.30385208129883,4073400,0.0,0.0
2013-08-19 00:00:00-04:00,43.274204699813865,43.63976200109222,42.829605944797514,42.91852569580078,3482000,0.0,0.0
2013-08-20 00:00:00-04:00,42.90865372830446,43.333492182557336,42.503575640401074,42.86913299560547,3571400,0.0,0.0
2013-08-21 00:00:00-04:00,42.908650513416575,43.62000857308258,42.72093270051771,42.97780990600586,5379900,0.0,0.0
2013-08-22 00:00:00-04:00,43.22481155395508,43.43228974487699,42.97781263078962,43.22481155395508,2964900,0.0,0.0
2013-08-23 00:00:00-04:00,42.63200621804308,43.20504163323241,42.48380538935597,43.06672286987305,4312800,0.0,0.0
2013-08-26 00:00:00-04:00,42.64188865170142,43.31372594083356,42.632010354318886,42.87900924682617,5731000,0.0,0.0
2013-08-27 00:00:00-04:00,42.40476773415247,42.46404882470892,41.8218539704153,41.95029067993164,5589800,0.0,0.0
2013-08-28 00:00:00-04:00,41.940416183955314,42.73081195182674,41.871256789823086,42.26645278930664,5877500,0.0,0.0
2013-08-29 00:00:00-04:00,41.85149932542892,43.45205133742305,41.60450039529197,43.126014709472656,13186500,0.0,0.0
2013-08-30 00:00:00-04:00,47.09774580829328,49.340496147103046,46.81122996468802,48.54022216796875,31862700,0.0,0.0
2013-09-03 00:00:00-04:00,48.86626294509098,49.547982341747776,48.540226347089046,48.984825134277344,10222700,0.0,0.0
2013-09-04 00:00:00-04:00,48.22406815413294,48.65878487540207,47.72018827123276,48.184547424316406,8027400,0.0,0.0
2013-09-05 00:00:00-04:00,47.87826371427039,48.53034063013439,47.78934396352057,48.01658248901367,5991900,0.0,0.0
2013-09-06 00:00:00-04:00,48.105501904615075,48.65878076863748,47.443546696125765,47.888145446777344,5185300,0.0,0.0
2013-09-09 00:00:00-04:00,48.01659056445841,48.60939025878906,47.95731323325855,48.60939025878906,5220300,0.0,0.0
2013-09-10 00:00:00-04:00,48.8563832143185,49.478821498128106,48.75758139289405,49.41954040527344,5138200,0.0,0.0
2013-09-11 00:00:00-04:00,49.19229973145638,49.81473421931088,48.895901817872726,49.281219482421875,4309400,0.0,0.0
2013-09-12 00:00:00-04:00,49.231823293455506,49.992576600198795,48.80698487758868,49.360260009765625,3839600,0.0,0.0
2013-09-13 00:00:00-04:00,49.3207431173938,49.48870434480224,48.58962841616968,49.044105529785156,3350800,0.0,0.0
2013-09-16 00:00:00-04:00,49.597382450149404,49.85425966117525,48.895906442247764,49.053985595703125,3347600,0.0,0.0
2013-09-17 00:00:00-04:00,49.251580632347334,49.86414063636447,49.10338354923678,49.30098342895508,3167000,0.0,0.0
2013-09-18 00:00:00-04:00,49.33062355500206,51.93893149171726,49.27134245865695,51.859893798828125,10464300,0.0,0.0
2013-09-19 00:00:00-04:00,52.027850155895315,53.598763371360484,52.027850155895315,52.73920822143555,6897600,0.0,0.0
2013-09-20 00:00:00-04:00,52.857762507901796,53.37152065183586,52.116765837230275,52.126644134521484,6106400,0.0,0.0
2013-09-23 00:00:00-04:00,52.19580642457351,53.00596246954444,51.26708820065276,51.72156524658203,4339300,0.0,0.0
2013-09-24 00:00:00-04:00,51.54373397141115,52.09701292141347,51.08925685296523,51.514095306396484,2979400,0.0,0.0
2013-09-25 00:00:00-04:00,51.42517731267725,52.5218531828253,51.37577827965082,51.84013748168945,4045800,0.0,0.0
2013-09-26 00:00:00-04:00,52.22544694907836,53.29248021538784,52.21556488269451,52.67992401123047,4141300,0.0,0.0
2013-09-27 00:00:00-04:00,52.39340544082235,52.452686533603924,51.68205117196401,51.80060958862305,3948100,0.0,0.0
2013-09-30 00:00:00-04:00,50.526092933117425,51.62276862071614,50.15065356058273,51.28684997558594,5051500,0.0,0.0
2013-10-01 00:00:00-04:00,51.51409139140962,52.18592871931658,51.306613214265944,51.99821090698242,3753300,0.0,0.0
2013-10-02 00:00:00-04:00,51.622765423613686,52.511962890625,51.41528727094564,52.511962890625,3207700,0.0,0.0
2013-10-03 00:00:00-04:00,52.38352652073585,52.69968480733951,51.089250943830564,51.375770568847656,3089100,0.0,0.0
2013-10-04 00:00:00-04:00,51.612890866457995,52.72932316060356,51.45481172408049,52.19580841064453,3600800,0.0,0.0
2013-10-07 00:00:00-04:00,51.790728827589156,52.56136797755957,51.39553283912883,51.533851623535156,2974800,0.0,0.0
2013-10-08 00:00:00-04:00,51.919170557625954,52.18592983490074,48.90578458448405,49.53810119628906,5746200,0.0,0.0
2013-10-09 00:00:00-04:00,49.65665662865155,49.89377722825212,48.11538592241207,49.31085968017578,4749700,0.0,0.0
2013-10-10 00:00:00-04:00,49.59737716876773,51.148529874656404,49.5084574188612,50.92129135131836,4789800,0.0,0.0
2013-10-11 00:00:00-04:00,50.921295028827565,51.25721368952278,50.288978436672835,50.45693588256836,2614300,0.0,0.0
2013-10-14 00:00:00-04:00,49.903655785881156,50.59525345534084,49.37014102958172,50.55573272705078,3866500,0.0,0.0
2013-10-15 00:00:00-04:00,50.506337208466014,50.91141527930885,49.99257901173046,50.111141204833984,3661500,0.0,0.0
2013-10-16 00:00:00-04:00,50.36801905100538,52.29461137072161,50.36801905100538,51.948814392089844,5546400,0.0,0.0
2013-10-17 00:00:00-04:00,51.869777234194,52.46257318073719,51.62277829498355,52.373653411865234,3001700,0.0,0.0
2013-10-18 00:00:00-04:00,52.86763641081091,53.49995668310452,52.67004033017929,53.45055389404297,4548400,0.0,0.0
2013-10-21 00:00:00-04:00,55.4759473032734,55.56486704657833,54.07299177211829,54.43854904174805,4200400,0.0,0.0
2013-10-22 00:00:00-04:00,54.705314228599626,54.83375470933805,52.373644055952674,53.62839889526367,5078500,0.0,0.0
2013-10-23 00:00:00-04:00,53.30236590541293,53.39128566439239,52.34400892184579,52.69968795776367,2532500,0.0,0.0
2013-10-24 00:00:00-04:00,53.104761296971795,53.88527869312935,52.99608118245568,53.72719955444336,3193100,0.0,0.0
2013-10-25 00:00:00-04:00,53.89515867448166,54.23107732579894,53.00596490492701,53.9050407409668,2715100,0.0,0.0
2013-10-28 00:00:00-04:00,53.9050400989096,54.15203899343904,51.57336993152708,52.84788513183594,4450100,0.0,0.0
2013-10-29 00:00:00-04:00,53.104757907735895,53.44067652711772,52.16616143279517,53.05535888671875,3553400,0.0,0.0
2013-10-30 00:00:00-04:00,53.18380446602248,53.46044202541894,51.98832693669332,52.156288146972656,4280300,0.0,0.0
2013-10-31 00:00:00-04:00,52.15629464880539,53.0652488966497,51.87965328601859,52.719451904296875,3504400,0.0,0.0
2013-11-01 00:00:00-04:00,52.89728805100062,53.97420346118237,52.89728805100062,53.3122444152832,4330500,0.0,0.0
2013-11-04 00:00:00-05:00,53.84575150631807,55.00170436260938,53.49995460971046,54.91278839111328,4889200,0.0,0.0
2013-11-05 00:00:00-05:00,54.73495707479699,55.04123329493382,54.19155648635281,55.0214729309082,4262000,0.0,0.0
2013-11-06 00:00:00-05:00,55.2388348498064,55.27835557906211,54.003840327347035,54.56699752807617,4634200,0.0,0.0
2013-11-07 00:00:00-05:00,55.23883384961695,56.55286980679495,53.54936227802019,53.69755935668945,6338600,0.0,0.0
2013-11-08 00:00:00-05:00,53.69756105632452,54.88315656772566,53.69756105632452,54.82387924194336,4167400,0.0,0.0
2013-11-11 00:00:00-05:00,55.011599028795544,55.466076130985336,54.379282405069866,55.44631576538086,3391900,0.0,0.0
2013-11-12 00:00:00-05:00,55.45619273619904,56.80974562002655,55.288231528448875,56.02922821044922,6072000,0.0,0.0
2013-11-13 00:00:00-05:00,56.07862513065932,57.06662066957716,55.969948787257614,56.523223876953125,4583700,0.0,0.0
2013-11-14 00:00:00-05:00,56.40466428571517,56.997460089083326,56.058867361901044,56.30586624145508,4850200,0.0,0.0
2013-11-15 00:00:00-05:00,56.701069857846775,57.195067683782234,56.08851360898002,56.622032165527344,5295000,0.0,0.0
2013-11-18 00:00:00-05:00,57.50134220644311,57.669299642162215,54.54723383088379,54.843631744384766,15146000,0.0,0.0
2013-11-19 00:00:00-05:00,54.70531744768772,54.70531744768772,51.919170048668974,52.10689163208008,16325400,0.0,0.0
2013-11-20 00:00:00-05:00,52.818245071921595,54.14215935676782,52.68980835461343,52.96644592285156,7664600,0.0,0.0
2013-11-21 00:00:00-05:00,53.22331897588316,53.85563552192021,53.10476056572719,53.786476135253906,5691100,0.0,0.0
2013-11-22 00:00:00-05:00,53.99396463564148,54.42868137172439,53.845763778231394,54.03348159790039,3344800,0.0,0.0
2013-11-25 00:00:00-05:00,53.124523847246365,53.49008116383609,51.22757033602405,52.11676788330078,8399600,0.0,0.0
2013-11-26 00:00:00-05:00,51.92904969631441,52.502085180109006,51.375770807733346,51.67216873168945,5694000,0.0,0.0
2013-11-27 00:00:00-05:00,51.99820993077886,52.264969197343035,51.257213224402,52.077247619628906,3770700,0.0,0.0
2013-11-29 00:00:00-05:00,50.50633047653746,51.968563409775825,50.37789377115101,51.46468734741211,5635300,0.0,0.0
2013-12-02 00:00:00-05:00,51.385650309754425,51.66229164498112,50.684174327205646,50.94105529785156,4235400,0.0,0.0
2013-12-03 00:00:00-05:00,50.57549148500359,51.17816938112265,50.427294411978494,51.01021194458008,3832700,0.0,0.0
2013-12-04 00:00:00-05:00,50.78297344935779,51.98832547344844,50.73357065608111,51.64252853393555,4090700,0.0,0.0
2013-12-05 00:00:00-05:00,51.563485470696016,52.51196404601143,51.38564597338087,52.41316223144531,4855500,0.0,0.0
2013-12-06 00:00:00-05:00,53.03560401451258,53.499963151730114,52.591005241528144,53.23320388793945,4570100,0.0,0.0
2013-12-09 00:00:00-05:00,52.97632147849587,53.361639148283196,52.29460589109552,53.03560256958008,3173600,0.0,0.0
2013-12-10 00:00:00-05:00,53.332003854391104,53.885282766063796,53.01584555312221,53.07512664794922,3986400,0.0,0.0
2013-12-11 00:00:00-05:00,52.6601612199108,52.83800071758191,50.585372105619584,50.8126106262207,6996000,0.0,0.0
2013-12-12 00:00:00-05:00,50.60513972453262,51.00033573354128,49.686303444453515,50.368019104003906,5813800,0.0,0.0
2013-12-13 00:00:00-05:00,50.72369445033919,51.1781715235546,50.15065519105566,50.51621627807617,4452300,0.0,0.0
2013-12-16 00:00:00-05:00,50.11113597186257,50.6150120487689,49.518336374962466,50.54585266113281,6554600,0.0,0.0
2013-12-17 00:00:00-05:00,50.684174096976996,51.82037055733342,50.190176291414055,51.59313201904297,6232700,0.0,0.0
2013-12-18 00:00:00-05:00,51.761094855626844,52.76885093621806,51.099139536292995,52.719451904296875,5557300,0.0,0.0
2013-12-19 00:00:00-05:00,52.65029024648703,53.30236723901641,52.10689338086328,52.43292999267578,3597900,0.0,0.0
2013-12-20 00:00:00-05:00,52.54160810121886,53.55924239787161,52.52184773627653,53.07512664794922,5795000,0.0,0.0
2013-12-23 00:00:00-05:00,53.49996246946917,54.09275831328602,53.20356077865668,53.924800872802734,4289500,0.0,0.0
2013-12-24 00:00:00-05:00,53.82600021558198,54.31011972131623,53.79636155342214,54.14215850830078,1327500,0.0,0.0
2013-12-26 00:00:00-05:00,54.221201269667354,54.50771713821137,53.875400537569874,54.191558837890625,1985400,0.0,0.0
2013-12-27 00:00:00-05:00,54.240954933856685,54.28047188983685,53.67779779542384,53.796356201171875,1837300,0.0,0.0
2013-12-30 00:00:00-05:00,53.61852707881485,54.5768841136417,53.32212912266459,54.507720947265625,3743400,0.0,0.0
2013-12-31 00:00:00-05:00,54.47807823686497,54.88315629293424,54.20144066752133,54.5274772644043,3101700,0.0,0.0
2014-01-02 00:00:00-05:00,54.53735755661118,54.547235854235915,53.7568401326134,54.201438903808594,2730200,0.0,0.0
2014-01-03 00:00:00-05:00,54.27059899445251,54.72507606913913,53.86552094633547,54.458316802978516,1968700,0.0,0.0
2014-01-06 00:00:00-05:00,54.53735934426039,54.57688007386297,53.38140250126242,53.579002380371094,2532700,0.0,0.0
2014-01-07 00:00:00-05:00,53.776601327849846,54.45831694161523,53.63828254554129,54.29035949707031,2787200,0.0,0.0
2014-01-08 00:00:00-05:00,54.52747367933672,56.4441874806383,54.102635286403114,56.256465911865234,7036900,0.0,0.0
2014-01-09 00:00:00-05:00,56.325631201913446,56.325631201913446,54.981960263426956,55.61427688598633,4968100,0.0,0.0
2014-01-10 00:00:00-05:00,55.84151138584714,56.35526954663405,55.140035419137824,56.26634979248047,3517500,0.0,0.0
2014-01-13 00:00:00-05:00,56.28611132097617,56.68130730513079,55.189435586697,55.53523254394531,5306500,0.0,0.0
2014-01-14 00:00:00-05:00,55.53523604415344,56.987590893941956,54.98196087768498,56.81962966918945,4924600,0.0,0.0
2014-01-15 00:00:00-05:00,56.809742456838734,59.13153042360018,56.7801037972583,59.00309371948242,8745500,0.0,0.0
2014-01-16 00:00:00-05:00,58.77585931515172,58.93393845881636,58.143538971589095,58.49921798706055,5644800,0.0,0.0
2014-01-17 00:00:00-05:00,58.54861882327972,59.1908174842845,58.14354076955639,59.14141845703125,4333300,0.0,0.0
2014-01-21 00:00:00-05:00,59.546496870364834,60.33689261790267,58.93394063713603,60.21833419799805,6130800,0.0,0.0
2014-01-22 00:00:00-05:00,60.25784694332931,60.712323966831526,59.77372749210045,60.406044006347656,3515900,0.0,0.0
2014-01-23 00:00:00-05:00,59.35877990722656,59.42793930056893,58.212701345771926,59.35877990722656,4875700,0.0,0.0
2014-01-24 00:00:00-05:00,58.76598125678113,58.845022718456484,57.55074705030501,57.69894790649414,4803500,0.0,0.0
2014-01-27 00:00:00-05:00,57.80761306930048,57.96569219313703,56.26634255411996,56.39478302001953,5136700,0.0,0.0
2014-01-28 00:00:00-05:00,56.90854263700652,58.716576317340134,56.5923843599379,58.65729522705078,5534700,0.0,0.0
2014-01-29 00:00:00-05:00,57.85702463712139,58.509101593008126,57.09626756043617,57.264225006103516,4077800,0.0,0.0
2014-01-30 00:00:00-05:00,58.33125878232149,60.7518486587407,58.005218438361595,60.23809051513672,5946200,0.0,0.0
2014-01-31 00:00:00-05:00,59.309377421158715,60.5246116134257,59.27973875782917,59.803375244140625,4612200,0.0,0.0
2014-02-03 00:00:00-05:00,60.36653029528236,60.46533211767697,57.37290480145252,57.768104553222656,5450000,0.0,0.0
2014-02-04 00:00:00-05:00,58.7066963313487,60.61352812749273,58.351021083721704,60.22821044921875,5948100,0.0,0.0
2014-02-05 00:00:00-05:00,59.84289808722219,61.13717378593371,59.042620228932776,60.890174865722656,4860800,0.0,0.0
2014-02-06 00:00:00-05:00,61.10752859655109,61.99672617676763,60.36653186933873,60.95933151245117,5180000,0.0,0.0
2014-02-07 00:00:00-05:00,61.31501040764748,61.91768457855511,60.48509392426631,60.81113052368164,7537900,0.0,0.0
2014-02-10 00:00:00-05:00,60.840765644694365,60.959324051244025,59.91204744816133,60.307247161865234,5846400,0.0,0.0
2014-02-11 00:00:00-05:00,60.51472877801284,61.05812558876929,60.41593072838585,60.49496841430664,6376300,0.0,0.0
2014-02-12 00:00:00-05:00,60.8111332729529,61.11741329016933,60.36653446373692,60.741973876953125,4786500,0.0,0.0
2014-02-13 00:00:00-05:00,60.45544803271308,62.559879668161045,60.44556973525548,62.372161865234375,4760400,0.0,0.0
2014-02-14 00:00:00-05:00,62.70808252263987,62.77724191377227,61.65092752229696,62.04612350463867,3654800,0.0,0.0
2014-02-18 00:00:00-05:00,62.56976600894504,63.17244018653491,61.542249633574826,62.964962005615234,3780100,0.0,0.0
2014-02-19 00:00:00-05:00,62.59939978397246,63.19219561713953,62.09551993376685,62.26348114013672,4929600,0.0,0.0
2014-02-20 00:00:00-05:00,62.451197121119556,62.49071784721995,61.24584512628869,62.253597259521484,5738900,0.0,0.0
2014-02-21 00:00:00-05:00,62.58951667739839,63.8739139094189,62.58951667739839,62.826637268066406,5516500,0.0,0.0
2014-02-24 00:00:00-05:00,61.9967246189078,63.55775949408338,61.058128034243104,63.142799377441406,5698600,0.0,0.0
2014-02-25 00:00:00-05:00,63.15268257949599,63.23172404362465,62.53024800955276,62.89580535888672,4895500,0.0,0.0
2014-02-26 00:00:00-05:00,63.014359031711514,63.96283391626593,61.937443662091134,62.9748420715332,7285700,0.0,0.0
2014-02-27 00:00:00-05:00,62.75748276594515,65.55350843438487,62.74760069907514,65.4250717163086,9345800,0.0,0.0
2014-02-28 00:00:00-05:00,65.24722625565636,66.19570106791342,60.23808917785045,61.621280670166016,18892500,0.0,0.0
2014-03-03 00:00:00-05:00,59.921933686725204,60.96920659383376,59.101895542800385,60.75185012817383,9303400,0.0,0.0
2014-03-04 00:00:00-05:00,61.43356599892209,62.609279392517365,61.26560478903473,62.31288146972656,7927200,0.0,0.0
2014-03-05 00:00:00-05:00,62.31287618568348,62.98471343045396,62.184435714767545,62.91555404663086,5464400,0.0,0.0
2014-03-06 00:00:00-05:00,62.98471600200873,63.10327441213118,61.97696009370812,62.38203811645508,3958800,0.0,0.0
2014-03-07 00:00:00-05:00,62.441317051650444,62.59939618266105,59.01297142228466,60.01084899902344,11239300,0.0,0.0
2014-03-10 00:00:00-04:00,60.01086048082339,60.24797733825467,58.864785619493524,59.062381744384766,6012000,0.0,0.0
2014-03-11 00:00:00-04:00,59.2698566016734,61.61140507489757,58.80549747224726,60.28749084472656,9907300,0.0,0.0
2014-03-12 00:00:00-04:00,59.67492880849761,60.79136099306673,58.92405012922428,60.7814826965332,5573400,0.0,0.0
2014-03-13 00:00:00-04:00,61.058130606537176,61.42368794288341,57.718704243834985,58.35102462768555,9256600,0.0,0.0
2014-03-14 00:00:00-04:00,58.28186064635388,58.57825856516861,56.91842569712127,57.461822509765625,6782900,0.0,0.0
2014-03-17 00:00:00-04:00,57.90641936168079,58.558496269117995,57.32350184072148,57.61989974975586,6285200,0.0,0.0
2014-03-18 00:00:00-04:00,57.78785885148483,58.9141731262207,57.28397903242693,58.9141731262207,6019300,0.0,0.0
2014-03-19 00:00:00-04:00,58.746218570540286,59.082137231581115,57.22470441353744,57.72858428955078,4918600,0.0,0.0
2014-03-20 00:00:00-04:00,57.64954034806281,58.667178354127365,57.066622807506846,58.41029739379883,4708400,0.0,0.0
2014-03-21 00:00:00-04:00,59.022861376986796,59.19081882723938,56.088513110936645,56.34539031982422,10227600,0.0,0.0
2014-03-24 00:00:00-04:00,56.81962623001577,56.85914695920124,55.001714145430114,55.683433532714844,6299000,0.0,0.0
2014-03-25 00:00:00-04:00,56.1280345986086,57.402546131036345,54.596638316018236,55.96995544433594,7581100,0.0,0.0
2014-03-26 00:00:00-04:00,56.39479192333529,56.52322864060818,54.47807800419969,54.547237396240234,6485400,0.0,0.0
2014-03-27 00:00:00-04:00,54.339757841359855,55.97983038181564,53.21344346367269,55.29811477661133,6206100,0.0,0.0
2014-03-28 00:00:00-04:00,55.396915445612706,56.25647060041401,54.92267798886356,55.08075714111328,5109500,0.0,0.0
2014-03-31 00:00:00-04:00,55.49570902190667,56.493586652152686,55.46607036103536,56.404666900634766,6520600,0.0,0.0
2014-04-01 00:00:00-04:00,56.918429458303436,58.18306267222902,56.90854739131099,58.09414291381836,5356600,0.0,0.0
2014-04-02 00:00:00-04:00,58.341140046658744,58.637537976030025,57.01722577782317,57.45194625854492,4799700,0.0,0.0
2014-04-03 00:00:00-04:00,57.37290886564837,57.54087009116521,54.87328100000988,55.07088088989258,6053200,0.0,0.0
2014-04-04 00:00:00-04:00,55.57475572721654,55.930434766895424,53.40116452721565,53.75684356689453,6496700,0.0,0.0
2014-04-07 00:00:00-04:00,53.49008192646802,54.84363486203937,52.432926921246754,53.32212448120117,6017700,0.0,0.0
2014-04-08 00:00:00-04:00,53.52960311144008,54.85351739592277,52.48232639511956,54.547237396240234,8810300,0.0,0.0
2014-04-09 00:00:00-04:00,55.09063262434932,56.41454687013371,54.62627725835092,56.26634979248047,7376700,0.0,0.0
2014-04-10 00:00:00-04:00,56.266343721293566,56.39478418985748,53.578994791422886,53.8951530456543,10912100,0.0,0.0
2014-04-11 00:00:00-04:00,53.17392529046021,53.84576263029551,52.12664855038654,52.235328674316406,6425100,0.0,0.0
2014-04-14 00:00:00-04:00,52.847883569247024,54.10263459972094,52.44280554495212,53.1343994140625,4860500,0.0,0.0
2014-04-15 00:00:00-04:00,53.302364343127124,54.71519837833297,52.24520933341424,54.56699752807617,6137700,0.0,0.0
2014-04-16 00:00:00-04:00,55.28823066435237,55.40679284523032,53.85563634776083,55.30799102783203,4516800,0.0,0.0
2014-04-17 00:00:00-04:00,55.0412417130715,55.76247815024567,54.43856370927955,55.42655944824219,3817000,0.0,0.0
2014-04-21 00:00:00-04:00,55.40679703645338,55.81187509616843,54.72507763600068,55.43643569946289,3009500,0.0,0.0
2014-04-22 00:00:00-04:00,55.3475064690376,56.71094126769265,55.27834708791558,56.39478302001953,4662900,0.0,0.0
2014-04-23 00:00:00-04:00,55.84151362833174,55.9403116840681,54.41880127364521,54.972076416015625,4229200,0.0,0.0
2014-04-24 00:00:00-04:00,55.60439045358518,55.9205487400452,52.5317235737044,54.072998046875,6003000,0.0,0.0
2014-04-25 00:00:00-04:00,53.67780015579274,53.717317113510575,51.780846735890904,52.16616439819336,5321300,0.0,0.0
2014-04-28 00:00:00-04:00,52.403284597114116,52.49220434689614,47.700423693604336,48.54022216796875,17648300,0.0,0.0
2014-04-29 00:00:00-04:00,48.639021812082085,50.69405442168109,47.6016272098286,50.15065383911133,10347900,0.0,0.0
2014-04-30 00:00:00-04:00,49.992573725430375,51.11889182738896,49.23182046243336,51.029972076416016,6857500,0.0,0.0
2014-05-01 00:00:00-04:00,51.27697159207384,53.035602500676426,51.168291476346,51.454811096191406,6405200,0.0,0.0
2014-05-02 00:00:00-04:00,51.454814392425064,52.403289295876085,51.00033353673024,51.810489654541016,6515700,0.0,0.0
2014-05-05 00:00:00-04:00,52.334121334951085,53.18379804352325,51.37576452148197,53.005958557128906,7025800,0.0,0.0
2014-05-06 00:00:00-04:00,52.541608334212945,53.06524481634206,51.03985451207409,51.15841293334961,6947000,0.0,0.0
2014-05-07 00:00:00-04:00,51.08924856607265,51.17816831559799,48.58962105116575,49.824615478515625,9039300,0.0,0.0
2014-05-08 00:00:00-04:00,49.61714447329531,51.45481704918098,48.974945770916534,49.5479850769043,6499300,0.0,0.0
2014-05-09 00:00:00-04:00,49.389902440528054,50.14077744943326,48.72794341880389,49.67641830444336,5307000,0.0,0.0
2014-05-12 00:00:00-04:00,50.288973462718445,53.00596114202457,50.239570671608014,52.78860092163086,6558300,0.0,0.0
2014-05-13 00:00:00-04:00,53.21343952204387,53.55923644785881,51.57336710307161,51.65240478515625,5321200,0.0,0.0
2014-05-14 00:00:00-04:00,51.405410673526525,52.383527991286606,51.09913444478975,51.2572135925293,3277300,0.0,0.0
2014-05-15 00:00:00-04:00,51.622764818786294,51.67216383995176,49.992570737999976,50.80272674560547,4762400,0.0,0.0
2014-05-16 00:00:00-04:00,50.980569384721896,51.30660972857203,49.88389747908117,51.17816925048828,4646100,0.0,0.0
2014-05-19 00:00:00-04:00,51.32637030213368,52.788603284543974,51.0398506840448,52.59100341796875,4816200,0.0,0.0
2014-05-20 00:00:00-04:00,53.173921171259444,53.499961517791824,51.7610872074271,52.25508499145508,10653800,0.0,0.0
2014-05-21 00:00:00-04:00,51.96856695181518,52.36376669861162,49.024340521784374,49.58749771118164,20536600,0.0,0.0
2014-05-22 00:00:00-04:00,49.68630098049439,53.59876275841495,49.330621951791755,52.63052749633789,13735500,0.0,0.0
2014-05-23 00:00:00-04:00,52.017969610235774,53.01584350336528,51.4844510841329,52.76884460449219,6646200,0.0,0.0
2014-05-27 00:00:00-04:00,52.25508845008551,53.9544421456669,52.21556772021054,53.70744323730469,5931300,0.0,0.0
2014-05-28 00:00:00-04:00,53.49996578857889,53.70744396989622,52.69968795776367,52.69968795776367,5945800,0.0,0.0
2014-05-29 00:00:00-04:00,52.482326538276645,54.30023863881008,52.40328884811652,53.74696350097656,6813000,0.0,0.0
2014-05-30 00:00:00-04:00,54.83375730132535,54.8732780309444,51.8500100553631,51.99821090698242,9683400,0.0,0.0
2014-06-02 00:00:00-04:00,51.998208152712756,52.21556461629603,51.02009087542395,51.7512092590332,4070400,0.0,0.0
2014-06-03 00:00:00-04:00,51.306610298774274,51.523970530423355,50.29885436417945,50.338375091552734,5793700,0.0,0.0
2014-06-04 00:00:00-04:00,50.02221916768803,50.901534664209706,49.60725904852138,50.45693588256836,4712800,0.0,0.0
2014-06-05 00:00:00-04:00,50.85213204682652,51.158408254518974,50.140774046424056,50.75333023071289,5410000,0.0,0.0
2014-06-06 00:00:00-04:00,51.11889192899114,51.66228873317073,50.97069108744036,51.17816925048828,3153900,0.0,0.0
2014-06-09 00:00:00-04:00,51.18805047293317,51.464688019103875,50.52609149886254,51.08924865722656,3931400,0.0,0.0
2014-06-10 00:00:00-04:00,50.98056972069253,52.56136488833737,50.98056972069253,52.42304611206055,6589800,0.0,0.0
2014-06-11 00:00:00-04:00,52.05748399281828,52.96644185550756,51.86976619577232,52.6700439453125,4151400,0.0,0.0
2014-06-12 00:00:00-04:00,52.531718866772025,52.9269185738885,51.998204161739636,52.403282165527344,3626800,0.0,0.0
2014-06-13 00:00:00-04:00,52.49220778701501,53.73708059664316,52.1167684001191,53.658042907714844,5127700,0.0,0.0
2014-06-16 00:00:00-04:00,52.521850390230895,54.0730033119945,51.889533755741844,53.954444885253906,6994100,0.0,0.0
2014-06-17 00:00:00-04:00,53.64815561001443,57.30373976243316,53.59875658813792,57.12590026855469,13418900,0.0,0.0
2014-06-18 00:00:00-04:00,56.89866624631896,57.24446319566733,56.05887150138487,57.06662368774414,6043400,0.0,0.0
2014-06-19 00:00:00-04:00,57.27410040992559,57.916295224355636,56.8196196150122,57.1851806640625,4735800,0.0,0.0
2014-06-20 00:00:00-04:00,57.27411054452278,57.27411054452278,56.32563183118296,56.81962966918945,5955600,0.0,0.0
2014-06-23 00:00:00-04:00,56.76035599614838,57.530991467018765,56.06875822461885,57.30375289916992,3897100,0.0,0.0
2014-06-24 00:00:00-04:00,57.392663800010084,57.521104281614164,56.394789915450495,56.770225524902344,7784300,0.0,0.0
2014-06-25 00:00:00-04:00,56.42442727980536,56.98758444994012,55.95018986121313,56.7208251953125,3233100,0.0,0.0
2014-06-26 00:00:00-04:00,56.908545843395565,57.283985231906854,56.20706986218292,56.483707427978516,3048800,0.0,0.0
2014-06-27 00:00:00-04:00,56.246586251898776,56.898663155898554,56.23670418593752,56.691184997558594,3288100,0.0,0.0
2014-06-30 00:00:00-04:00,56.66154193151405,57.92617876816145,56.66154193151405,57.382781982421875,5393200,0.0,0.0
2014-07-01 00:00:00-04:00,57.54086684066779,58.775861371538966,57.47170367954713,58.489341735839844,5288500,0.0,0.0
2014-07-02 00:00:00-04:00,58.45970084981073,58.76598085836977,57.96570302440186,58.202823638916016,3621800,0.0,0.0
2014-07-03 00:00:00-04:00,58.291739433836845,58.37078088960074,57.26422312233055,58.05461883544922,2415000,0.0,0.0
2014-07-07 00:00:00-04:00,58.01509964206995,58.01509964206995,56.50346389448927,56.65166473388672,4332400,0.0,0.0
2014-07-08 00:00:00-04:00,56.65167311478919,56.65167311478919,53.420926750550166,54.231082916259766,9256400,0.0,0.0
2014-07-09 00:00:00-04:00,54.438554980211585,54.80411605862242,53.5296008551884,53.944557189941406,4227400,0.0,0.0
2014-07-10 00:00:00-04:00,52.76884356741738,54.37927741171299,52.66016345102447,53.64815902709961,4437400,0.0,0.0
2014-07-11 00:00:00-04:00,53.84575805093947,54.132277668041056,53.1047613805137,53.55923843383789,2521500,0.0,0.0
2014-07-14 00:00:00-04:00,54.033477318841484,54.537357179008666,53.39128244836512,54.072998046875,3004800,0.0,0.0
2014-07-15 00:00:00-04:00,54.1125210719701,54.30023888474178,52.52184750568598,53.094886779785156,4646700,0.0,0.0
2014-07-16 00:00:00-04:00,53.341885078625566,53.598762281009336,53.03560508021429,53.302364349365234,2537400,0.0,0.0
2014-07-17 00:00:00-04:00,52.97632238234047,53.628399319775994,51.85000801485221,52.008087158203125,4800100,0.0,0.0
2014-07-18 00:00:00-04:00,52.344003250055664,53.61851840102518,52.087126068007116,52.85776138305664,3597800,0.0,0.0
2014-07-21 00:00:00-04:00,52.61076462215967,52.838003153235725,51.94880939279517,52.67992401123047,2662700,0.0,0.0
2014-07-22 00:00:00-04:00,52.88739884283015,53.35175794207895,52.76884043602971,52.95655822753906,2991500,0.0,0.0
2014-07-23 00:00:00-04:00,53.312237216844196,53.32211928260478,52.541601919285604,52.95655822753906,3209400,0.0,0.0
2014-07-24 00:00:00-04:00,53.0553622556114,54.0532361115739,53.025719825995914,53.411041259765625,3122800,0.0,0.0
2014-07-25 00:00:00-04:00,53.24308722452567,54.705320396023595,52.94668927078634,54.231082916259766,4911200,0.0,0.0
2014-07-28 00:00:00-04:00,54.08287924553022,54.53735630391101,53.213442087264006,53.35176086425781,4017700,0.0,0.0
2014-07-29 00:00:00-04:00,53.60863776590579,54.497835283084065,52.99608157012963,54.17179870605469,3704400,0.0,0.0
2014-07-30 00:00:00-04:00,54.42868179205934,55.81187724222092,54.37928276217594,55.57475662231445,3881200,0.0,0.0
2014-07-31 00:00:00-04:00,55.011592638421874,55.238831163119805,53.499960649868555,53.598758697509766,4291100,0.0,0.0
2014-08-01 00:00:00-04:00,53.677803600455285,54.092759949901065,52.274847866582014,52.83800506591797,4311800,0.0,0.0
2014-08-04 00:00:00-04:00,53.24308151524542,54.48795806392819,53.134401397783776,54.24095916748047,3499900,0.0,0.0
2014-08-05 00:00:00-04:00,53.96431730993134,54.66579703331175,53.38139976929084,53.64815902709961,3379200,0.0,0.0
2014-08-06 00:00:00-04:00,53.45056596140175,54.26072213538939,52.91705114678137,53.24308776855469,2606600,0.0,0.0
2014-08-07 00:00:00-04:00,53.519719370267204,54.08288032468544,52.71944535343345,53.10476303100586,2754000,0.0,0.0
2014-08-08 00:00:00-04:00,53.262839702236455,53.88527795113714,52.887400339687986,53.786476135253906,2516700,0.0,0.0
2014-08-11 00:00:00-04:00,54.02360495898876,54.51760280699055,53.806244699818535,54.21132278442383,2573500,0.0,0.0
2014-08-12 00:00:00-04:00,53.73708006375694,53.83588188506775,51.86976898337992,52.11676788330078,6298600,0.0,0.0
2014-08-13 00:00:00-04:00,52.39340652038097,52.84788736992933,52.10689065496002,52.18592834472656,4714700,0.0,0.0
2014-08-14 00:00:00-04:00,52.51196999763376,53.10476587660156,52.185929625968484,52.867645263671875,4855700,0.0,0.0
2014-08-15 00:00:00-04:00,53.19368805958869,53.4011662497926,52.38353189592194,52.986209869384766,4697000,0.0,0.0
2014-08-18 00:00:00-04:00,53.46044030124126,53.974198444196716,53.25296213838539,53.72719955444336,4757300,0.0,0.0
2014-08-19 00:00:00-04:00,53.875401135547335,54.54723847341189,53.7766030789396,54.30023956298828,4713500,0.0,0.0
2014-08-20 00:00:00-04:00,54.71520028455769,54.893039803499924,53.98408184347244,54.72507858276367,5057600,0.0,0.0
2014-08-21 00:00:00-04:00,54.98195955041041,55.37715554993286,54.23108074418042,55.041236877441406,9544200,0.0,0.0
2014-08-22 00:00:00-04:00,57.19506655446638,60.27761187214559,57.07650813387601,59.08213806152344,25342200,0.0,0.0
2014-08-25 00:00:00-04:00,58.62766205818597,58.973459028339114,57.8372662914757,58.51898193359375,7388400,0.0,0.0
2014-08-26 00:00:00-04:00,58.104015095088414,59.14140958744265,57.67917674039705,58.924049377441406,5760900,0.0,0.0
2014-08-27 00:00:00-04:00,58.7067013142652,59.87253651455811,58.607903254133696,58.864784240722656,5347600,0.0,0.0
2014-08-28 00:00:00-04:00,57.451944588274166,58.32137798663277,57.10614387330751,57.59026336669922,5848400,0.0,0.0
2014-08-29 00:00:00-04:00,57.363022985667584,59.17105288220712,57.23458250888375,58.38065719604492,5603900,0.0,0.0
2014-09-02 00:00:00-04:00,58.48933970401435,59.38841554049995,58.40041995012438,59.131534576416016,5268100,0.0,0.0
2014-09-03 00:00:00-04:00,59.28961587675306,59.64529490525059,58.12378450509505,58.321380615234375,3935200,0.0,0.0
2014-09-04 00:00:00-04:00,58.46958281687251,59.15129845796487,58.1435424435864,58.370784759521484,4244200,0.0,0.0
2014-09-05 00:00:00-04:00,58.26209791248141,59.171051995724284,58.04473768870426,59.09201431274414,2789700,0.0,0.0
2014-09-08 00:00:00-04:00,59.10189560300952,60.26773069501559,59.05249657753212,59.635414123535156,3976900,0.0,0.0
2014-09-09 00:00:00-04:00,59.77372972211215,60.198568102641126,58.864775641196864,58.94381332397461,4419500,0.0,0.0
2014-09-10 00:00:00-04:00,59.09202084431511,59.99109672990125,58.79561913589202,59.971336364746094,2744000,0.0,0.0
2014-09-11 00:00:00-04:00,59.66505973911767,60.7024544706696,59.398300447763546,60.475215911865234,4437000,0.0,0.0
2014-09-12 00:00:00-04:00,60.178806845005894,60.317125614488376,58.35101664443805,58.538734436035156,5814000,0.0,0.0
2014-09-15 00:00:00-04:00,58.439945022609486,58.439945022609486,56.14779538405572,56.878910064697266,5678500,0.0,0.0
2014-09-16 00:00:00-04:00,56.77022566768641,57.254345164855394,56.335508965115295,56.918426513671875,4062100,0.0,0.0
2014-09-17 00:00:00-04:00,56.7702237562289,57.36302335130708,56.30586840765721,56.760345458984375,4674700,0.0,0.0
2014-09-18 00:00:00-04:00,57.20494744848493,57.23458611079877,56.50346769952269,56.96782684326172,3573200,0.0,0.0
2014-09-19 00:00:00-04:00,57.61990072203041,58.094138138268455,57.036983191234974,57.540863037109375,6455500,0.0,0.0
2014-09-22 00:00:00-04:00,57.35314476427595,57.53098427669699,55.920550367063896,56.63190841674805,5440900,0.0,0.0
2014-09-23 00:00:00-04:00,56.493586169902514,57.10614235907254,56.118146803486844,56.128028869628906,4010800,0.0,0.0
2014-09-24 00:00:00-04:00,56.266350863203634,57.145666354953086,55.92055013762412,56.96782684326172,4153700,0.0,0.0
2014-09-25 00:00:00-04:00,56.86903046447469,57.08638694268454,55.13015602537027,55.248714447021484,4901400,0.0,0.0
2014-09-26 00:00:00-04:00,55.337630455416324,55.99958944999381,55.15979471944304,55.88103103637695,2830800,0.0,0.0
2014-09-29 00:00:00-04:00,54.89303697799957,56.7010669689755,54.626277713317066,56.54298782348633,4540800,0.0,0.0
2014-09-30 00:00:00-04:00,56.48370696527364,56.98758683473554,56.029229891216964,56.839385986328125,3922200,0.0,0.0
2014-10-01 00:00:00-04:00,56.60226721936118,56.68130490528404,55.713069697079,56.048988342285156,4546700,0.0,0.0
2014-10-02 00:00:00-04:00,55.732833022374244,56.414548646413614,55.52535484578455,55.9600715637207,4604400,0.0,0.0
2014-10-03 00:00:00-04:00,56.938186301458565,57.857022491899116,56.79986752335423,57.75822067260742,5317700,0.0,0.0
2014-10-06 00:00:00-04:00,58.25222038585798,58.3806608707263,57.03698623522306,57.60014343261719,3295100,0.0,0.0
2014-10-07 00:00:00-04:00,57.21482124854935,57.432181472174946,56.197187054127426,56.22682571411133,2470800,0.0,0.0
2014-10-08 00:00:00-04:00,56.31575085165255,57.36302757517302,55.27835619500822,57.20494842529297,3417000,0.0,0.0
2014-10-09 00:00:00-04:00,57.05674335367638,58.686937528485856,56.236705233199004,56.44418716430664,5436800,0.0,0.0
2014-10-10 00:00:00-04:00,56.38491533809856,57.19507152553802,54.102643872172514,54.112525939941406,5873000,0.0,0.0
2014-10-13 00:00:00-04:00,54.09275712747489,54.31999565492,52.06736697511279,52.59100341796875,5442200,0.0,0.0
2014-10-14 00:00:00-04:00,53.27272325661225,53.63828435809989,51.79072979224784,52.08713150024414,5739700,0.0,0.0
2014-10-15 00:00:00-04:00,51.32637566688316,52.7589701381616,50.42729976045121,52.45269012451172,7010000,0.0,0.0
2014-10-16 00:00:00-04:00,51.346134376163405,53.5691245557431,51.069493035405266,53.223323822021484,5464200,0.0,0.0
2014-10-17 00:00:00-04:00,54.08288462172118,55.60439508880509,54.0038431590652,54.96220016479492,5410300,0.0,0.0
2014-10-20 00:00:00-04:00,54.09275448858409,55.70318823458751,54.033473400832335,55.35738754272461,3805600,0.0,0.0
2014-10-21 00:00:00-04:00,55.722955221436614,56.76034988254174,55.35739412353241,56.55287170410156,4283700,0.0,0.0
2014-10-22 00:00:00-04:00,56.08851482469149,56.50347119839732,55.337636002407976,55.57475662231445,3960500,0.0,0.0
2014-10-23 00:00:00-04:00,56.1477861415957,58.2225751865293,56.11814371370552,57.1851806640625,5139900,0.0,0.0
2014-10-24 00:00:00-04:00,57.254344757124066,58.963576662505,57.106143912194,58.854896545410156,4268000,0.0,0.0
2014-10-27 00:00:00-04:00,58.65729451152664,58.65729451152664,57.708819691890646,58.40041732788086,2850900,0.0,0.0
2014-10-28 00:00:00-04:00,59.25009589089193,60.97908814866205,59.14141577452173,60.79136657714844,6107900,0.0,0.0
2014-10-29 00:00:00-04:00,60.445568678254496,60.56412709019265,59.63541262035314,60.23809051513672,3781600,0.0,0.0
2014-10-30 00:00:00-04:00,59.87253756774375,61.127292551788486,59.49710191751642,60.979095458984375,2935100,0.0,0.0
2014-10-31 00:00:00-04:00,62.233848062955396,63.824517904084274,62.18444526500558,63.22184371948242,7418900,0.0,0.0
2014-11-03 00:00:00-05:00,63.152673840218,63.7257130691384,62.66855813058904,62.826637268066406,3815600,0.0,0.0
2014-11-04 00:00:00-05:00,62.678436658774295,63.19219479969506,62.233841674102194,62.80687713623047,2655100,0.0,0.0
2014-11-05 00:00:00-05:00,63.202081429299405,63.24160215889395,60.850650783083374,61.16680908203125,4971200,0.0,0.0
2014-11-06 00:00:00-05:00,61.33477147276819,62.68832445161257,61.13717158991616,62.332645416259766,3994200,0.0,0.0
2014-11-07 00:00:00-05:00,62.846400753728155,63.86403501624077,62.688321608397025,63.20207977294922,3639500,0.0,0.0
2014-11-10 00:00:00-05:00,63.28111929503262,63.765235013910164,62.37216141049502,63.67631149291992,2566000,0.0,0.0
2014-11-11 00:00:00-05:00,63.67631423752755,63.96283386981115,62.68832239351238,63.29099655151367,2026800,0.0,0.0
2014-11-12 00:00:00-05:00,63.024238818416215,63.16255759629678,62.50059859927748,63.004478454589844,2364200,0.0,0.0
2014-11-13 00:00:00-05:00,63.2317185193104,63.44907875776985,61.976963652674335,62.40180206298828,3025400,0.0,0.0
2014-11-14 00:00:00-05:00,62.43144133114325,63.162559741939035,61.63116729796199,63.142799377441406,3150500,0.0,0.0
2014-11-17 00:00:00-05:00,62.96495739779713,63.33051470441401,61.70032427075236,61.75960159301758,3334100,0.0,0.0
2014-11-18 00:00:00-05:00,61.759598285771695,62.5598760136331,61.41380136139543,61.7200813293457,4129800,0.0,0.0
2014-11-19 00:00:00-05:00,61.433565568687726,61.46320423008802,59.72433366469675,60.28749084472656,7256300,0.0,0.0
2014-11-20 00:00:00-05:00,58.716579529602114,58.963578432631266,57.11602769326638,57.60014343261719,15530100,0.0,0.0
2014-11-21 00:00:00-05:00,58.18306038250722,58.86477975979548,56.96782624465508,57.49146270751953,10342800,0.0,0.0
2014-11-24 00:00:00-05:00,56.602270118800654,57.54086671397703,56.11815060544721,57.39266586303711,9220400,0.0,0.0
2014-11-25 00:00:00-05:00,57.27410965877951,58.667183389657794,57.24446722610254,58.627662658691406,5882600,0.0,0.0
2014-11-26 00:00:00-05:00,58.56838096234358,58.706699750404844,58.20282362690964,58.51898193359375,3257300,0.0,0.0
2014-11-28 00:00:00-05:00,57.23458831834187,59.56625865586885,57.056748799791215,59.15129852294922,4469000,0.0,0.0
2014-12-01 00:00:00-05:00,58.38066305769487,59.09202113111598,58.2522225680151,58.370784759521484,4355400,0.0,0.0
2014-12-02 00:00:00-05:00,58.765972952885484,59.012971832362425,57.87677924811077,58.538734436035156,4939400,0.0,0.0
2014-12-03 00:00:00-05:00,58.706698214165314,58.864781132274956,57.83726477798754,58.17318344116211,3056600,0.0,0.0
2014-12-04 00:00:00-05:00,57.955824261610594,58.41030135280641,57.83726583975609,58.24234390258789,3087400,0.0,0.0
2014-12-05 00:00:00-05:00,58.271979911730774,58.43005905663822,57.85702356968776,58.14353942871094,2732000,0.0,0.0
2014-12-08 00:00:00-05:00,57.83725771183748,58.02497550080232,55.47594906017386,55.732826232910156,5057200,0.0,0.0
2014-12-09 00:00:00-05:00,54.37927843592907,55.525353175006025,52.79848322309266,55.46607208251953,6117600,0.0,0.0
2014-12-10 00:00:00-05:00,55.43643170684715,56.06874826487128,54.39903711828231,54.655914306640625,5642900,0.0,0.0
2014-12-11 00:00:00-05:00,54.83375190949734,55.66366830537021,54.497833278574895,54.81399154663086,4179300,0.0,0.0
2014-12-12 00:00:00-05:00,54.64603707170966,55.041233043705894,54.25083733080937,54.40891647338867,4477700,0.0,0.0
2014-12-15 00:00:00-05:00,54.754717012763464,55.485835450730576,54.448440773928084,54.74483871459961,4892200,0.0,0.0
2014-12-16 00:00:00-05:00,53.70744433039022,55.00171622445129,53.10476637869568,53.144287109375,5924300,0.0,0.0
2014-12-17 00:00:00-05:00,53.53948108380836,56.56274902611448,53.440683029752364,56.31575012207031,9257500,0.0,0.0
2014-12-18 00:00:00-05:00,57.78786987271565,58.86478533127989,57.61003034606068,58.6177864074707,11006500,0.0,0.0
2014-12-19 00:00:00-05:00,58.89441955186083,59.75397468656073,58.598021619437155,59.14141845703125,9550200,0.0,0.0
2014-12-22 00:00:00-05:00,59.210577848966636,59.7638567533539,58.73634040330792,59.14141845703125,5297700,0.0,0.0
2014-12-23 00:00:00-05:00,59.27973723608601,60.129414072827906,59.161178816907004,59.77373504638672,3404100,0.0,0.0
2014-12-24 00:00:00-05:00,59.80337767728445,60.14917842878352,59.368660932179154,59.60578155517578,2309500,0.0,0.0
2014-12-26 00:00:00-05:00,59.7342145461792,60.366531142765155,59.20069600447073,60.070133209228516,3454700,0.0,0.0
2014-12-29 00:00:00-05:00,59.68481133303153,60.198569473953704,59.2994936695659,59.62553024291992,2632500,0.0,0.0
2014-12-30 00:00:00-05:00,59.53661770216601,60.08989663683205,58.3016231087275,58.716583251953125,2777100,0.0,0.0
2014-12-31 00:00:00-05:00,58.677060151896875,59.50697663594374,58.50910270304304,58.5980224609375,3232000,0.0,0.0
2015-01-02 00:00:00-05:00,59.180931241470894,59.70456764408569,57.807614347208926,58.52885437011719,2796400,0.0,0.0
2015-01-05 00:00:00-05:00,57.89654098765571,58.52886134119626,57.145665985626,57.471702575683594,3688200,0.0,0.0
2015-01-06 00:00:00-05:00,57.48158283665472,57.84714014399485,55.87114899462591,56.51334762573242,3174900,0.0,0.0
2015-01-07 00:00:00-05:00,57.096262605097195,57.254341739201564,55.92054551184859,56.246585845947266,4284300,0.0,0.0
2015-01-08 00:00:00-05:00,56.64178501694449,58.07437550699172,56.48370211546769,57.88665771484375,3756600,0.0,0.0
2015-01-09 00:00:00-05:00,58.44981808508409,58.78573673144852,57.076504838416064,57.461822509765625,6875300,0.0,0.0
2015-01-12 00:00:00-05:00,57.74834150252533,57.89653857586749,56.829505325968825,57.036983489990234,2724500,0.0,0.0
2015-01-13 00:00:00-05:00,57.68906140722404,58.825257833637956,56.61214607251221,57.274105072021484,3509100,0.0,0.0
2015-01-14 00:00:00-05:00,56.720830925520175,57.086388265945864,55.70319659754127,56.56275177001953,3098400,0.0,0.0
2015-01-15 00:00:00-05:00,56.46394861444151,56.84926628563705,54.36939528199273,54.44843673706055,4821000,0.0,0.0
2015-01-16 00:00:00-05:00,54.30023861319473,56.03911302274775,54.29036031526845,55.9600715637207,3236700,0.0,0.0
2015-01-20 00:00:00-05:00,56.019354445927014,56.869031313065385,55.140038915159636,56.602272033691406,6521500,0.0,0.0
2015-01-21 00:00:00-05:00,56.30586911163217,57.84713978651678,56.15766826878373,57.0172233581543,3544900,0.0,0.0
2015-01-22 00:00:00-05:00,57.214833131846056,57.7582300348676,56.48371462619378,57.30375289916992,5481500,0.0,0.0
2015-01-23 00:00:00-05:00,57.303745503072484,58.34114014201969,57.08638526235633,57.91630172729492,3887300,0.0,0.0
2015-01-26 00:00:00-05:00,57.82738711929205,59.2599816381805,57.69895039189364,59.062381744384766,4753200,0.0,0.0
2015-01-27 00:00:00-05:00,58.192943439803834,58.192943439803834,56.552870863776945,57.09626770019531,4150700,0.0,0.0
2015-01-28 00:00:00-05:00,57.72858623144621,57.797745625554185,55.673553466796875,55.673553466796875,4683400,0.0,0.0
2015-01-29 00:00:00-05:00,56.118152333898216,57.560625082671244,55.17955570981286,57.40254592895508,4424500,0.0,0.0
2015-01-30 00:00:00-05:00,56.80974878478749,57.44206538562827,55.693312666419345,55.77235412597656,3817400,0.0,0.0
2015-02-02 00:00:00-05:00,56.19718837664566,56.64178713138652,54.78435442763802,56.592384338378906,3495200,0.0,0.0
2015-02-03 00:00:00-05:00,56.96782510473938,57.95582068669387,56.54298670298663,57.90642166137695,3474200,0.0,0.0
2015-02-04 00:00:00-05:00,57.73845977276267,58.756097773048175,57.51122124385728,58.2818603515625,3013100,0.0,0.0
2015-02-05 00:00:00-05:00,58.24233829424596,58.765974728509626,58.054616728073015,58.548614501953125,2513000,0.0,0.0
2015-02-06 00:00:00-05:00,58.5486212984626,58.983341802039334,57.94594711024782,58.45970153808594,2714200,0.0,0.0
2015-02-09 00:00:00-05:00,58.14354026518304,58.27198075005066,57.12590599075782,57.28398513793945,2879000,0.0,0.0
2015-02-10 00:00:00-05:00,57.79774321630819,58.459698466292764,57.521105651407666,58.08426284790039,3093700,0.0,0.0
2015-02-11 00:00:00-05:00,58.11390327889898,58.39054085221913,57.90642509890886,58.09414291381836,3413700,0.0,0.0
2015-02-12 00:00:00-05:00,58.57825615686023,60.603646249213085,58.509096770943586,60.52460479736328,5284800,0.0,0.0
2015-02-13 00:00:00-05:00,60.51473233388465,62.46108493091772,60.366531481831814,62.095523834228516,5107000,0.0,0.0
2015-02-17 00:00:00-05:00,61.828762340360946,61.85840100033821,61.08776568969835,61.32488250732422,3447200,0.0,0.0
2015-02-18 00:00:00-05:00,61.650928951293096,62.24372482299805,61.5422488287362,62.24372482299805,2534300,0.0,0.0
2015-02-19 00:00:00-05:00,61.83864713882469,62.273363862778865,61.2656078596583,62.056007385253906,2320900,0.0,0.0
2015-02-20 00:00:00-05:00,62.026363418074624,62.98472036935174,61.75960415012416,62.9748420715332,3473800,0.0,0.0
2015-02-23 00:00:00-05:00,62.38204483661397,62.67844277830178,61.62128773264254,61.82876968383789,4671400,0.0,0.0
2015-02-24 00:00:00-05:00,61.82876402143322,61.83864231872628,60.81112603066658,61.18656539916992,5481700,0.0,0.0
2015-02-25 00:00:00-05:00,61.18656943420962,62.29312348029899,61.14704870462323,62.11528396606445,7634000,0.0,0.0
2015-02-26 00:00:00-05:00,69.17943697862599,70.14767582067316,68.17168495248518,69.39679718017578,20370800,0.0,0.0
2015-02-27 00:00:00-05:00,69.01149355362027,69.56477623458075,68.18158083889229,68.54713439941406,8289500,0.0,0.0
2015-03-02 00:00:00-05:00,66.57113893736738,67.97409837854417,65.869662985683,67.63817596435547,8124800,0.0,0.0
2015-03-03 00:00:00-05:00,67.24299248150527,67.5591508394985,65.90919964427783,66.14631652832031,4945600,0.0,0.0
2015-03-04 00:00:00-05:00,65.58312827103441,65.60289239910097,63.943059918405176,64.10113525390625,9121300,0.0,0.0
2015-03-05 00:00:00-05:00,64.33827596482894,65.26698669993239,63.98259694702482,64.80262756347656,3925200,0.0,0.0
2015-03-06 00:00:00-05:00,64.39754448842396,65.14842314982391,63.50834706542496,63.78498458862305,3861800,0.0,0.0
2015-03-09 00:00:00-04:00,63.97271437135272,64.88166850392578,63.54787596667929,64.69395446777344,4567800,0.0,0.0
2015-03-10 00:00:00-04:00,64.00235436239473,64.18019387357548,62.994598388671875,62.994598388671875,3941700,0.0,0.0
2015-03-11 00:00:00-04:00,63.231712306651815,63.72571005904753,62.885915387536315,62.91555404663086,3374100,0.0,0.0
2015-03-12 00:00:00-04:00,62.89580699693551,64.56551839664257,62.89580699693551,64.17031860351562,3809500,0.0,0.0
2015-03-13 00:00:00-04:00,64.03198682029826,64.63466468658103,63.132914822638625,63.82450866699219,3248000,0.0,0.0
2015-03-16 00:00:00-04:00,64.1703087231074,65.67206619819994,64.13079553390679,65.6325454711914,4538900,0.0,0.0
2015-03-17 00:00:00-04:00,65.16819576419044,66.74898738382639,65.08915429875638,66.7391128540039,5594700,0.0,0.0
2015-03-18 00:00:00-04:00,66.23523612026256,68.11242955667107,65.94871644763832,67.72711181640625,5576600,0.0,0.0
2015-03-19 00:00:00-04:00,67.48010697559684,68.1222981279898,67.28250331979163,68.05313873291016,3883100,0.0,0.0
2015-03-20 00:00:00-04:00,68.35941958228209,69.05101350340858,66.48222639061362,66.87742614746094,8649500,0.0,0.0
2015-03-23 00:00:00-04:00,66.88729914045682,67.44058180246073,66.57114084980097,66.84778594970703,3659000,0.0,0.0
2015-03-24 00:00:00-04:00,66.86754025164551,67.01574109420297,66.45258392273101,66.56126403808594,3216100,0.0,0.0
2015-03-25 00:00:00-04:00,66.49209853078324,66.53161171654146,64.74334231759454,64.99034118652344,4030100,0.0,0.0
2015-03-26 00:00:00-04:00,64.93107469391985,65.66218935723828,64.03199504299693,65.19783020019531,2971600,0.0,0.0
2015-03-27 00:00:00-04:00,64.9903605567796,65.87955825750883,64.77300028128919,65.7511215209961,2106400,0.0,0.0
2015-03-30 00:00:00-04:00,66.59090117468713,66.7489765420707,65.44482272547313,66.04750061035156,2741200,0.0,0.0
2015-03-31 00:00:00-04:00,65.71159379921669,67.14418449854988,65.66219100083607,66.00798797607422,4031700,0.0,0.0
2015-04-01 00:00:00-04:00,65.71158920125393,65.75110992963134,64.63467008194208,65.28675079345703,3713000,0.0,0.0
2015-04-02 00:00:00-04:00,65.45470870827646,66.09690735788158,64.96071090670456,65.87954711914062,2021600,0.0,0.0
2015-04-06 00:00:00-04:00,65.44483064464679,67.24298245084162,65.20771379597512,67.12442779541016,6375400,0.0,0.0
2015-04-07 00:00:00-04:00,67.42081497746841,68.91269038528444,67.17381608719857,67.38129425048828,3817100,0.0,0.0
2015-04-08 00:00:00-04:00,67.44056947312959,68.09264253060566,66.99596701148936,67.39116668701172,2566700,0.0,0.0
2015-04-09 00:00:00-04:00,67.49985809629,67.52949675780414,66.0178647181181,66.92681884765625,2577500,0.0,0.0
2015-04-10 00:00:00-04:00,66.78848983718144,67.17380745345348,66.13641677033914,66.82801055908203,1953000,0.0,0.0
2015-04-13 00:00:00-04:00,66.94658709678457,67.49986224655524,66.19570829508969,66.27474975585938,2131000,0.0,0.0
2015-04-14 00:00:00-04:00,66.31426680490004,66.600786430928,65.50411072150688,66.1067886352539,1938000,0.0,0.0
2015-04-15 00:00:00-04:00,66.46245267074818,66.69957701333993,66.17594061461263,66.4031753540039,2140200,0.0,0.0
2015-04-16 00:00:00-04:00,65.86966008552345,67.39117410416986,65.84990349158599,67.09477996826172,2269300,0.0,0.0
2015-04-17 00:00:00-04:00,66.3537891242223,66.3537891242223,64.65443546030448,65.01998901367188,3794200,0.0,0.0
2015-04-20 00:00:00-04:00,65.39542503435888,66.24510177358448,65.39542503435888,66.0969009399414,1945200,0.0,0.0
2015-04-21 00:00:00-04:00,66.58102617107853,67.12442679305398,66.3043885954578,66.5711441040039,2223700,0.0,0.0
2015-04-22 00:00:00-04:00,66.57113830511784,67.30226044878151,66.21545929949981,66.89717864990234,2051400,0.0,0.0
2015-04-23 00:00:00-04:00,66.55138788031034,68.25074161184861,66.45258982243666,67.64806365966797,3518400,0.0,0.0
2015-04-24 00:00:00-04:00,67.77650040782903,67.8851805328755,66.57114450299282,67.0157470703125,1910900,0.0,0.0
2015-04-27 00:00:00-04:00,67.63817950726138,68.11242072336631,66.88730072251542,67.02561950683594,2643200,0.0,0.0
2015-04-28 00:00:00-04:00,67.15405786317223,67.51961138770464,65.7708626036617,66.08702087402344,2832800,0.0,0.0
2015-04-29 00:00:00-04:00,65.5139882088052,77.51813669335353,65.09903185077353,73.75387573242188,28245800,0.0,0.0
2015-04-30 00:00:00-04:00,71.32341198035708,73.11168178488857,70.14769468550121,71.94584655761719,17492100,0.0,0.0
2015-05-01 00:00:00-04:00,72.48924455501583,73.60567694132001,71.13568778221531,72.47936248779297,9210800,0.0,0.0
2015-05-04 00:00:00-04:00,71.40244141314143,71.50124700714883,70.15757233698015,70.74048614501953,5058500,0.0,0.0
2015-05-05 00:00:00-04:00,70.64168399142235,75.26550360873688,70.14768620127255,71.87667846679688,20008500,0.0,0.0
2015-05-06 00:00:00-04:00,72.76587890911752,74.62330796081437,71.92608413981127,72.9041976928711,11122100,0.0,0.0
2015-05-07 00:00:00-04:00,73.19071431695083,73.87242614089625,72.51887702157572,73.62542724609375,4377700,0.0,0.0
2015-05-08 00:00:00-04:00,71.13567644960864,72.61766970897548,70.89855963869604,71.53087615966797,6156400,0.0,0.0
2015-05-11 00:00:00-04:00,70.62192860728662,71.41232056239298,70.34528350830078,70.34528350830078,4048500,0.0,0.0
2015-05-12 00:00:00-04:00,69.85127714886497,71.28387511197059,69.19920405426404,70.90843200683594,3575500,0.0,0.0
2015-05-13 00:00:00-04:00,71.52100326969803,71.65932205529306,70.16744653887976,70.92820739746094,4209700,0.0,0.0
2015-05-14 00:00:00-04:00,71.6296836952149,72.20272297385065,70.93808976431552,72.00511932373047,3199500,0.0,0.0
2015-05-15 00:00:00-04:00,72.3410321732762,72.42994815069062,71.38267532616977,71.53087615966797,3649300,0.0,0.0
2015-05-18 00:00:00-04:00,71.67908751296993,72.32127865603248,70.80964651567655,71.92608642578125,2856700,0.0,0.0
2015-05-19 00:00:00-04:00,72.11380100045167,72.22248112590704,69.98960882719969,70.62193298339844,5104100,0.0,0.0
2015-05-20 00:00:00-04:00,70.37493460206696,70.37493460206696,68.45822059803027,69.31777954101562,9728300,0.0,0.0
2015-05-21 00:00:00-04:00,72.62756303900554,73.78351615152376,71.4419637249436,72.0347671508789,12316000,0.0,0.0
2015-05-22 00:00:00-04:00,72.1236846770618,74.97899159070434,71.62968683680795,74.10955810546875,11304800,0.0,0.0
2015-05-26 00:00:00-04:00,72.77575976664458,73.09191805822917,72.34103928903768,72.68683624267578,6547800,0.0,0.0
2015-05-27 00:00:00-04:00,72.1236858509236,73.56615866340498,72.05452645367478,73.0622787475586,3927000,0.0,0.0
2015-05-28 00:00:00-04:00,72.04463483051582,72.60779200136453,71.65931716297764,71.8075180053711,5066300,0.0,0.0
2015-05-29 00:00:00-04:00,71.68895689444136,72.05451797276314,70.79976690241817,71.87667846679688,4838100,0.0,0.0
2015-06-01 00:00:00-04:00,71.91620453339443,72.60779847582285,71.38268597588882,72.22248077392578,3191400,0.0,0.0
2015-06-02 00:00:00-04:00,71.95572006631933,72.46947445246789,71.73835983216905,72.0248794555664,2623000,0.0,0.0
2015-06-03 00:00:00-04:00,72.33115462524229,72.716472293719,71.82727477500043,72.5880355834961,2649500,0.0,0.0
2015-06-04 00:00:00-04:00,72.03476399060108,72.59792119028609,71.1455664285173,71.3431625366211,2767500,0.0,0.0
2015-06-05 00:00:00-04:00,71.13567998493001,72.78563075328435,70.98747914406648,72.66707611083984,3187600,0.0,0.0
2015-06-08 00:00:00-04:00,72.40030838766005,72.40030838766005,70.38479668111488,70.97759246826172,3830600,0.0,0.0
2015-06-09 00:00:00-04:00,71.59016111271058,71.60992524611544,70.14768842429724,70.89856719970703,3236500,0.0,0.0
2015-06-10 00:00:00-04:00,71.16532467346741,72.42008335621156,70.6120495277079,72.1533203125,2476600,0.0,0.0
2015-06-11 00:00:00-04:00,72.29162938284098,72.60778764332694,71.38267532616977,71.53087615966797,2371700,0.0,0.0
2015-06-12 00:00:00-04:00,71.33327036309385,71.48147119207819,70.61203788667453,70.90843200683594,2288100,0.0,0.0
2015-06-15 00:00:00-04:00,70.45397023143177,71.79764497265872,69.88093846005088,71.68896484375,2844600,0.0,0.0
2015-06-16 00:00:00-04:00,71.13568732371968,72.66708360761766,71.13568732371968,72.51888275146484,3434200,0.0,0.0
2015-06-17 00:00:00-04:00,72.61768003044376,74.89994756215897,72.42995844547721,73.5266342163086,7291600,0.0,0.0
2015-06-18 00:00:00-04:00,73.7341103826162,75.29514527077421,73.70447172007533,74.8011474609375,4230300,0.0,0.0
2015-06-19 00:00:00-04:00,74.59366053263346,75.03825549419503,74.06014205607508,74.09966278076172,5372600,0.0,0.0
2015-06-22 00:00:00-04:00,74.59365928743617,74.80113743522196,73.45746296953627,73.8823013305664,3112700,0.0,0.0
2015-06-23 00:00:00-04:00,73.96133810585987,74.07990027045005,72.97334268102905,73.30925750732422,3142400,0.0,0.0
2015-06-24 00:00:00-04:00,73.21046393532956,73.65506642629063,72.11378834388918,72.61766815185547,2763300,0.0,0.0
2015-06-25 00:00:00-04:00,73.42783247575932,73.75387283187983,72.48923967362738,72.72635650634766,1958200,0.0,0.0
2015-06-26 00:00:00-04:00,72.86467313305522,73.02275604206798,71.2245968721837,71.47159576416016,4089800,0.0,0.0
2015-06-29 00:00:00-04:00,70.80964167258935,71.00724531200831,69.09053146758899,69.1596908569336,2698200,0.0,0.0
2015-06-30 00:00:00-04:00,69.83153451989055,69.93033257970058,68.28038161366587,68.79413604736328,3559900,0.0,0.0
2015-07-01 00:00:00-04:00,69.73271987980381,70.18719687711645,69.30788153960616,69.69319915771484,3060700,0.0,0.0
2015-07-02 00:00:00-04:00,70.06864377943064,70.19708802729534,69.1399330724667,69.57464599609375,1562300,0.0,0.0
2015-07-06 00:00:00-04:00,68.93244327429635,68.99172813048355,67.72709508633363,68.32977294921875,3586700,0.0,0.0
2015-07-07 00:00:00-04:00,69.33753111417747,69.6635714693925,67.50974077216044,69.41657257080078,4937200,0.0,0.0
2015-07-08 00:00:00-04:00,69.18933104985238,69.64380812386337,68.24085617307186,68.55701446533203,2988500,0.0,0.0
2015-07-09 00:00:00-04:00,69.65368911656387,70.7404827583387,69.10041399809118,69.12017059326172,3297500,0.0,0.0
2015-07-10 00:00:00-04:00,70.11805328883979,70.5626483213034,69.62405545818747,70.2860107421875,2252200,0.0,0.0
2015-07-13 00:00:00-04:00,70.7306011377834,70.9973641700204,70.14768735397575,70.19709014892578,2446400,0.0,0.0
2015-07-14 00:00:00-04:00,70.35516812124808,71.14556764276985,70.35516812124808,70.92820739746094,2024100,0.0,0.0
2015-07-15 00:00:00-04:00,70.8886822327269,71.29376403506176,70.21684494280686,70.50336456298828,1722300,0.0,0.0
2015-07-16 00:00:00-04:00,71.04676398562292,71.56051835764114,70.77011889843538,71.5506362915039,2774900,0.0,0.0
2015-07-17 00:00:00-04:00,71.66920336086473,72.61767825393007,71.20484421223922,71.93595886230469,3005700,0.0,0.0
2015-07-20 00:00:00-04:00,72.01499314573628,72.31139481807745,71.54075951535958,71.89643096923828,2175900,0.0,0.0
2015-07-21 00:00:00-04:00,71.74823666434321,73.03262630491884,71.62967448950847,72.94371032714844,3620500,0.0,0.0
2015-07-22 00:00:00-04:00,72.4892404165963,73.52663128151028,72.30151883912261,72.98323822021484,3296400,0.0,0.0
2015-07-23 00:00:00-04:00,73.3586744980749,73.62542999779586,71.10604569933487,71.3431625366211,3231600,0.0,0.0
2015-07-24 00:00:00-04:00,71.83716468656247,73.29940160345728,71.39256964755322,73.03263854980469,3480300,0.0,0.0
2015-07-27 00:00:00-04:00,72.48923612265197,73.00299049134706,71.44195571530733,71.59015655517578,3478400,0.0,0.0
2015-07-28 00:00:00-04:00,71.91620207302648,72.97335708474787,70.88868572385107,72.9041976928711,3435200,0.0,0.0
2015-07-29 00:00:00-04:00,72.15332346383829,73.29940207331983,71.46172950143313,72.99311828613281,2158700,0.0,0.0
2015-07-30 00:00:00-04:00,72.80540286586888,72.9535961851682,71.47160268970538,72.47936248779297,2362800,0.0,0.0
2015-07-31 00:00:00-04:00,72.52875457286277,73.25986914537825,72.1335548582193,72.42007446289062,2144600,0.0,0.0
2015-08-03 00:00:00-04:00,72.68682087618647,72.75598025229334,71.19494571981666,71.57038879394531,2581400,0.0,0.0
2015-08-04 00:00:00-04:00,71.58028321930065,71.88656700246639,70.93809206455973,71.02700805664062,2089300,0.0,0.0
2015-08-05 00:00:00-04:00,71.69883774367962,72.75599269514174,71.5605189678104,71.65931701660156,2108900,0.0,0.0
2015-08-06 00:00:00-04:00,71.90631406938945,72.00511211565511,69.47584594977718,69.58452606201172,2195400,0.0,0.0
2015-08-07 00:00:00-04:00,69.60428675015447,69.88093184890099,68.64593735342054,69.56477355957031,2226200,0.0,0.0
2015-08-10 00:00:00-04:00,70.27613280144138,70.66145052895047,69.85129434062249,70.4144515991211,1814000,0.0,0.0
2015-08-11 00:00:00-04:00,69.83152595360829,71.01711760150884,69.55488840495202,70.7701187133789,2406200,0.0,0.0
2015-08-12 00:00:00-04:00,70.24647977255292,70.52311731134803,68.72496577137218,70.18720245361328,3135100,0.0,0.0
2015-08-13 00:00:00-04:00,70.58239792011604,71.06651358387114,69.90067864210884,70.54287719726562,2302900,0.0,0.0
2015-08-14 00:00:00-04:00,70.33540496850495,72.3904299648353,70.00936463093531,72.1137924194336,3246900,0.0,0.0
2015-08-17 00:00:00-04:00,71.71859363566179,73.24998975924899,70.74048014793871,73.15119171142578,3073000,0.0,0.0
2015-08-18 00:00:00-04:00,73.02276874801109,73.16108754856072,71.16533193295749,71.70873260498047,4126500,0.0,0.0
2015-08-19 00:00:00-04:00,71.66920688092426,72.0644066568973,70.87880732897818,71.17520904541016,4774900,0.0,0.0
2015-08-20 00:00:00-04:00,70.76024556279715,71.13568116645367,66.68970109355031,67.005859375,8168000,0.0,0.0
2015-08-21 00:00:00-04:00,68.17169204520617,70.69108367939124,67.46033405259826,68.31989288330078,13138700,0.0,0.0
2015-08-24 00:00:00-04:00,64.97059375686152,68.16181537232919,63.389802280328894,64.3876724243164,9650000,0.0,0.0
2015-08-25 00:00:00-04:00,66.77861792888683,67.38129583837237,64.23946957858855,64.39755249023438,7104000,0.0,0.0
2015-08-26 00:00:00-04:00,65.89930463844468,67.81601854751369,64.50623473814204,67.69745635986328,8044100,0.0,0.0
2015-08-27 00:00:00-04:00,68.4779684471934,69.39680460066275,67.43069558716883,69.10041046142578,4918100,0.0,0.0
2015-08-28 00:00:00-04:00,68.91269469346015,69.9698497083923,68.63605712511281,69.40669250488281,4191100,0.0,0.0
2015-08-31 00:00:00-04:00,68.9522203466453,69.36717672879749,68.20134150907782,68.52738189697266,3891900,0.0,0.0
2015-09-01 00:00:00-04:00,67.04537697333572,67.79625568341253,65.46458563986428,65.83013916015625,4373900,0.0,0.0
2015-09-02 00:00:00-04:00,66.77862281818517,67.16394805908203,65.53375371796578,67.16394805908203,3465400,0.0,0.0
2015-09-03 00:00:00-04:00,67.4801050064345,68.41869784624149,67.13430050331861,67.43070220947266,2937100,0.0,0.0
2015-09-04 00:00:00-04:00,66.47234330482668,67.15406268649288,65.74122866544201,66.32414245605469,3146000,0.0,0.0
2015-09-08 00:00:00-04:00,67.51961324307236,69.96984555906147,67.48997458219397,69.91056823730469,4098400,0.0,0.0
2015-09-09 00:00:00-04:00,70.16744898942413,70.47373277205999,68.02350020001681,68.20133972167969,3652800,0.0,0.0
2015-09-10 00:00:00-04:00,68.17169452971082,69.15969010260518,68.09265307480536,68.9028091430664,2861200,0.0,0.0
2015-09-11 00:00:00-04:00,68.70521134620971,69.24860437519196,68.07289479820369,69.20909118652344,3442000,0.0,0.0
2015-09-14 00:00:00-04:00,69.35728634797898,69.5548899856584,68.705213188157,69.05101013183594,3436000,0.0,0.0
2015-09-15 00:00:00-04:00,69.78213494178263,70.83929005993998,69.30790121768337,70.4144515991211,4276400,0.0,0.0
2015-09-16 00:00:00-04:00,70.64169233945287,71.13569018798052,70.12793789362007,71.01712799072266,3330300,0.0,0.0
2015-09-17 00:00:00-04:00,70.64167960825928,72.32126897543051,70.64167960825928,71.45183563232422,4205900,0.0,0.0
2015-09-18 00:00:00-04:00,70.44407915904316,71.55062924762626,69.77224194620035,70.54287719726562,6039500,0.0,0.0
2015-09-21 00:00:00-04:00,70.89855887110326,71.76799219357473,70.20695750153527,71.27399444580078,2914000,0.0,0.0
2015-09-22 00:00:00-04:00,70.53300550719916,71.07640610406533,70.05877183885075,70.78988647460938,3460100,0.0,0.0
2015-09-23 00:00:00-04:00,70.64167777586664,71.49135450318836,70.11804137043038,71.12579345703125,2688800,0.0,0.0
2015-09-24 00:00:00-04:00,70.69109909878983,71.1356941722426,69.60429774091084,70.84917449951172,3056000,0.0,0.0
2015-09-25 00:00:00-04:00,71.72846413741527,72.73622366103709,71.08626562339064,71.57038879394531,4829900,0.0,0.0
2015-09-28 00:00:00-04:00,71.08629112698434,71.81741340848309,68.14206801607304,68.21122741699219,5638500,0.0,0.0
2015-09-29 00:00:00-04:00,68.26061139832649,68.8336506471103,66.89718020366219,67.55913543701172,4660200,0.0,0.0
2015-09-30 00:00:00-04:00,68.25073777697139,68.78425630488222,67.00586121184614,68.5965347290039,4080100,0.0,0.0
2015-10-01 00:00:00-04:00,68.32978342782664,72.19284253673528,67.85554219464014,72.0347671508789,8106900,0.0,0.0
2015-10-02 00:00:00-04:00,70.81952840597054,73.13143460596461,70.3057739852414,73.04251861572266,4838600,0.0,0.0
2015-10-05 00:00:00-04:00,73.20058195590032,74.84065808117323,72.97334721524182,74.36641693115234,4169700,0.0,0.0
2015-10-06 00:00:00-04:00,74.18858949050525,74.3763110754718,73.00299772962144,73.5266342163086,2519400,0.0,0.0
2015-10-07 00:00:00-04:00,73.72422720294989,74.38618238138423,72.37067064921061,74.09966278076172,3044400,0.0,0.0
2015-10-08 00:00:00-04:00,74.07991079663286,74.9888649075589,73.23023400752129,74.18858337402344,3804700,0.0,0.0
2015-10-09 00:00:00-04:00,74.32691546190186,74.79126708186773,73.8427921701153,74.34667205810547,3113600,0.0,0.0
2015-10-12 00:00:00-04:00,74.40594378015676,75.33466202575313,74.08978550005281,74.96910095214844,2594500,0.0,0.0
2015-10-13 00:00:00-04:00,75.60142576867207,77.36006440272953,74.92958840785484,75.7101058959961,5578600,0.0,0.0
2015-10-14 00:00:00-04:00,75.3741979526742,75.65083556132488,74.30716071547057,74.67272186279297,3447200,0.0,0.0
2015-10-15 00:00:00-04:00,75.27539719253244,77.39958198493805,74.99875959377128,76.76726531982422,3295300,0.0,0.0
2015-10-16 00:00:00-04:00,77.24150327583345,77.8935765109829,76.53014517362757,77.82441711425781,3613400,0.0,0.0
2015-10-19 00:00:00-04:00,77.49837908488969,78.37769458638802,76.54990419128953,76.99449920654297,4346900,0.0,0.0
2015-10-20 00:00:00-04:00,77.06364802560752,77.56752783482256,75.95709036598815,76.59928894042969,2006700,0.0,0.0
2015-10-21 00:00:00-04:00,76.49061763979459,76.59929775895688,74.40594631812988,74.91970825195312,3134700,0.0,0.0
2015-10-22 00:00:00-04:00,75.53226899225707,77.47862174643654,75.53226899225707,76.44123077392578,3280100,0.0,0.0
2015-10-23 00:00:00-04:00,77.2612490990816,78.4270841511663,76.34241293483001,77.61692810058594,3971400,0.0,0.0
2015-10-26 00:00:00-04:00,77.63670782047524,78.3480659663085,76.70798940365853,77.2810287475586,2740300,0.0,0.0
2015-10-27 00:00:00-04:00,77.10317764900418,77.67621690697348,76.39181960984344,76.81665802001953,1683800,0.0,0.0
2015-10-28 00:00:00-04:00,76.9450968658736,77.58729553222656,75.65082500410064,77.58729553222656,3266800,0.0,0.0
2015-10-29 00:00:00-04:00,77.63670109512914,77.77501988508035,76.63882336378785,77.20198059082031,1822100,0.0,0.0
2015-10-30 00:00:00-04:00,77.21187358094394,77.68610734563386,76.49063332747374,76.77715301513672,3371600,0.0,0.0
2015-11-02 00:00:00-05:00,76.77714840002234,78.86182002392755,76.56967019821592,78.24925994873047,3110000,0.0,0.0
2015-11-03 00:00:00-05:00,78.08128829557164,78.36780791395739,77.31065296092416,77.68608856201172,2398500,0.0,0.0
2015-11-04 00:00:00-05:00,77.93308266650718,78.52588599934028,77.1426907857422,77.44896697998047,2585800,0.0,0.0
2015-11-05 00:00:00-05:00,77.46874254639025,78.52589759053814,76.8660645967742,77.76513671875,2601900,0.0,0.0
2015-11-06 00:00:00-05:00,77.61693896656082,78.67409405297064,77.24150331810621,78.45674133300781,2835100,0.0,0.0
2015-11-09 00:00:00-05:00,77.98250482530824,78.07142082463272,76.48075460240085,77.2810287475586,3088300,0.0,0.0
2015-11-10 00:00:00-05:00,77.26125089268679,77.41933380271763,76.37206090609142,77.31065368652344,2610500,0.0,0.0
2015-11-11 00:00:00-05:00,77.59717926729861,78.05165636183045,77.15257670204605,77.76513671875,2385700,0.0,0.0
2015-11-12 00:00:00-05:00,77.52801144931486,78.79264453804554,77.29089462962982,77.36005401611328,3159800,0.0,0.0
2015-11-13 00:00:00-05:00,77.14269916945481,77.14269916945481,74.51462722422417,74.69246673583984,3922600,0.0,0.0
2015-11-16 00:00:00-05:00,74.63319300570285,75.41371048106225,73.05240145843449,75.34455108642578,4053200,0.0,0.0
2015-11-17 00:00:00-05:00,75.65081944455447,77.54776910358099,75.49274407520622,76.31277465820312,4567600,0.0,0.0
2015-11-18 00:00:00-05:00,76.83641938201175,77.11306449936477,74.89994878739297,76.42146301269531,6442500,0.0,0.0
2015-11-19 00:00:00-05:00,80.07704837690748,81.90483877458085,79.48424497198992,79.67196655273438,11602800,0.0,0.0
2015-11-20 00:00:00-05:00,79.9288376240366,81.15394993600216,78.75312056448945,80.01775360107422,5336300,0.0,0.0
2015-11-23 00:00:00-05:00,79.4743649751369,80.75875467587272,79.42496218218987,79.8102798461914,3593700,0.0,0.0
2015-11-24 00:00:00-05:00,79.33604891980204,79.83004671497439,78.18008835036456,79.42496490478516,3420300,0.0,0.0
2015-11-25 00:00:00-05:00,79.40521193605994,80.14620866265987,78.7926519284596,79.44473266601562,2487300,0.0,0.0
2015-11-27 00:00:00-05:00,79.25701632020701,79.5138973129885,78.49625540945654,79.01001739501953,2221700,0.0,0.0
2015-11-30 00:00:00-05:00,78.77288864652323,79.21748362962471,78.33816819171619,78.73336791992188,4449700,0.0,0.0
2015-12-01 00:00:00-05:00,79.38544068322453,80.12643734337499,78.69384681554055,80.03752136230469,3767400,0.0,0.0
2015-12-02 00:00:00-05:00,79.80040800660095,80.9563686845518,79.45461102508096,79.90908813476562,3379800,0.0,0.0
2015-12-03 00:00:00-05:00,79.98811604769514,81.07490960741939,78.60492081813356,78.9704818725586,4769100,0.0,0.0
2015-12-04 00:00:00-05:00,79.36568402593407,81.1539535522461,79.19772659217381,81.1539535522461,4341700,0.0,0.0
2015-12-07 00:00:00-05:00,80.82792688815191,80.87732968893759,79.33605878838046,79.71149444580078,2962500,0.0,0.0
2015-12-08 00:00:00-05:00,79.24712297281386,80.48211742296581,78.9013260343329,80.10668182373047,2105700,0.0,0.0
2015-12-09 00:00:00-05:00,79.85968583287661,80.4228430210781,78.26901232030943,78.75312805175781,3181000,0.0,0.0
2015-12-10 00:00:00-05:00,78.84204974588718,79.01000718423468,78.2097331821488,78.42708587646484,2032800,0.0,0.0
2015-12-11 00:00:00-05:00,77.36006154320712,77.93309328505104,75.72986723141376,75.94722747802734,4490700,0.0,0.0
2015-12-14 00:00:00-05:00,75.8385458683214,76.73761796246431,74.93946623637011,76.06578063964844,3946700,0.0,0.0
2015-12-15 00:00:00-05:00,76.72775043427896,76.93522862878112,76.0460309824797,76.44123077392578,3393500,0.0,0.0
2015-12-16 00:00:00-05:00,76.70797580764935,78.1504484420045,76.1942214255014,77.9429702758789,3749400,0.0,0.0
2015-12-17 00:00:00-05:00,78.02200571734333,78.36780263423357,77.10316960228788,77.48848724365234,2654300,0.0,0.0
2015-12-18 00:00:00-05:00,77.17233023863211,78.53576133499628,76.10529327392578,76.10529327392578,6721400,0.0,0.0
2015-12-21 00:00:00-05:00,77.36005257805421,77.3896912377379,75.51249823375787,76.36217498779297,3011600,0.0,0.0
2015-12-22 00:00:00-05:00,76.58941631828617,77.15257351408944,75.927461069112,76.92533874511719,2100400,0.0,0.0
2015-12-23 00:00:00-05:00,77.26125531290714,77.95285677714749,77.00438187612299,77.10317993164062,2652800,0.0,0.0
2015-12-24 00:00:00-05:00,77.0932870011598,77.40944525694991,76.64869204507625,76.89569091796875,1084700,0.0,0.0
2015-12-28 00:00:00-05:00,76.72774236308325,77.2612533569336,76.45109726170568,77.2612533569336,2327400,0.0,0.0
2015-12-29 00:00:00-05:00,77.55766315225367,78.80253985611205,77.49838582181582,78.48638153076172,2230200,0.0,0.0
2015-12-30 00:00:00-05:00,78.34805483947795,78.93096863086805,78.02201447930639,78.18997192382812,1814700,0.0,0.0
2015-12-31 00:00:00-05:00,78.04176844705533,78.46660684629883,77.41933394771124,77.45885467529297,2463000,0.0,0.0
2016-01-04 00:00:00-05:00,76.21397718788819,76.2831365758413,74.73198384220022,75.78913879394531,4919200,0.0,0.0
2016-01-05 00:00:00-05:00,76.14480999837787,77.03400742224787,75.7496103057904,76.12505340576172,2656800,0.0,0.0
2016-01-06 00:00:00-05:00,74.81102647605576,76.40169996186845,74.72210295425212,75.37418365478516,3484400,0.0,0.0
2016-01-07 00:00:00-05:00,74.22809630011308,74.69245537301236,72.58802775387662,73.40806579589844,6972200,0.0,0.0
2016-01-08 00:00:00-05:00,73.88230250843331,74.35654366650951,72.02487367640042,72.35091400146484,3673800,0.0,0.0
2016-01-11 00:00:00-05:00,72.85478107251045,72.94370458108352,70.99735237326198,72.30150604248047,3685100,0.0,0.0
2016-01-12 00:00:00-05:00,73.08203872676867,74.3763106035998,72.1730845466706,73.56615447998047,4108100,0.0,0.0
2016-01-13 00:00:00-05:00,74.08979926890495,74.80115741578967,70.93809794841479,71.48149108886719,4727500,0.0,0.0
2016-01-14 00:00:00-05:00,71.55063434586165,72.73623350243086,70.01924579977866,72.19283294677734,4738200,0.0,0.0
2016-01-15 00:00:00-05:00,69.03125536198847,70.1970904727907,67.36154038404244,70.00936889648438,9572100,0.0,0.0
2016-01-19 00:00:00-05:00,70.9973613800504,71.32340172316854,69.06089099147617,69.95008850097656,7353700,0.0,0.0
2016-01-20 00:00:00-05:00,68.30013377802184,69.97973083702645,66.13642851870797,69.48573303222656,8083600,0.0,0.0
2016-01-21 00:00:00-05:00,69.5153622737423,69.79199980089099,68.31000658733106,68.67556762695312,4635600,0.0,0.0
2016-01-22 00:00:00-05:00,69.60428466176839,70.78000179828854,69.45609135700364,70.69108581542969,3751800,0.0,0.0
2016-01-25 00:00:00-05:00,70.37493745963955,70.54289492059641,68.96210329845437,69.08065795898438,2765100,0.0,0.0
2016-01-26 00:00:00-05:00,69.1201659790439,69.25848474942839,68.38905140161046,69.03125,2931200,0.0,0.0
2016-01-27 00:00:00-05:00,68.43845274193292,69.01149200609527,66.22534468114357,66.62054443359375,5487300,0.0,0.0
2016-01-28 00:00:00-05:00,66.07714553519382,66.68970554417359,64.4864719554859,64.90143585205078,8734000,0.0,0.0
2016-01-29 00:00:00-05:00,65.69182810118929,67.28250168723335,65.32627453798479,67.24298095703125,5612300,0.0,0.0
2016-02-01 00:00:00-05:00,66.77861360988071,68.26060689057375,66.2648592558758,67.61841583251953,4396400,0.0,0.0
2016-02-02 00:00:00-05:00,66.83791096525633,66.93670902821587,63.389808064647674,63.745479583740234,7636900,0.0,0.0
2016-02-03 00:00:00-05:00,64.63466736896447,65.70170437694209,62.48084052745784,64.55562591552734,7994500,0.0,0.0
2016-02-04 00:00:00-05:00,64.89154542881535,66.56126025359863,64.05175075248209,66.39329528808594,7220400,0.0,0.0
2016-02-05 00:00:00-05:00,62.352403031756616,62.510482177286256,57.05674600315751,57.807621002197266,19063800,0.0,0.0
2016-02-08 00:00:00-05:00,56.187304458486665,56.30586663511225,51.96856311394039,53.40115737915039,18025400,0.0,0.0
2016-02-09 00:00:00-05:00,52.96644728150341,57.87678685711143,52.156291151820966,56.64179229736328,16477700,0.0,0.0
2016-02-10 00:00:00-05:00,57.79774164202467,60.850648146180085,57.679183227282884,58.05461883544922,9859700,0.0,0.0
2016-02-11 00:00:00-05:00,56.50346060450151,59.131528451945684,55.900786522673016,58.52885437011719,7779000,0.0,0.0
2016-02-12 00:00:00-05:00,59.28961385625022,59.8033720166936,58.390538017700315,58.96357727050781,5081600,0.0,0.0
2016-02-16 00:00:00-05:00,59.95156851509447,60.24796641761026,57.75821725245078,59.00309371948242,5726200,0.0,0.0
2016-02-17 00:00:00-05:00,59.655180852262916,63.646680577821954,59.171061305562795,62.727848052978516,9836700,0.0,0.0
2016-02-18 00:00:00-05:00,62.717962538985816,63.40956023816487,60.84077309139038,60.95933151245117,6724000,0.0,0.0
2016-02-19 00:00:00-05:00,61.0087290974355,61.611407024337666,59.931813728603146,61.394046783447266,4905600,0.0,0.0
2016-02-22 00:00:00-05:00,61.39404773225466,63.567635099133454,61.39404773225466,63.21195983886719,7453300,0.0,0.0
2016-02-23 00:00:00-05:00,62.95507638226823,63.014353701974116,61.69043954092083,62.144920349121094,5280400,0.0,0.0
2016-02-24 00:00:00-05:00,61.2557273084547,62.22396254590049,59.6057764626074,61.76948547363281,11909400,0.0,0.0
2016-02-25 00:00:00-05:00,69.65368400194394,69.98959885983405,66.33401845925222,68.5866470336914,18246100,0.0,0.0
2016-02-26 00:00:00-05:00,68.84353591082431,69.16957627832362,67.46034051903419,68.883056640625,8364200,0.0,0.0
2016-02-29 00:00:00-05:00,68.30013785193024,68.32978405374553,66.83790848367741,66.93670654296875,7688100,0.0,0.0
2016-03-01 00:00:00-05:00,67.30226531407102,69.21897171867383,66.68970530726729,69.17945098876953,5146600,0.0,0.0
2016-03-02 00:00:00-05:00,68.84352940830769,69.70308824021515,68.68544650403645,69.58452606201172,4927600,0.0,0.0
2016-03-03 00:00:00-05:00,69.20909183269421,70.0884072760313,68.68544785534938,69.95008850097656,3241800,0.0,0.0
2016-03-04 00:00:00-05:00,70.32551712483242,71.31351258455875,69.78211660686007,70.20695495605469,4353000,0.0,0.0
2016-03-07 00:00:00-05:00,69.6536961544019,70.00937520587462,68.17170261920185,69.64381408691406,4624900,0.0,0.0
2016-03-08 00:00:00-05:00,68.95222626190413,70.04890217867982,68.33966616583722,68.98186492919922,4083700,0.0,0.0
2016-03-09 00:00:00-05:00,69.24860218949259,70.2662439040712,69.08064476062522,70.18720245361328,4255600,0.0,0.0
2016-03-10 00:00:00-05:00,70.58241003329223,71.45184347178997,68.95221574052661,69.85128784179688,4977700,0.0,0.0
2016-03-11 00:00:00-05:00,70.30576713545324,71.03688173373165,70.01924752068557,70.7701187133789,3426800,0.0,0.0
2016-03-14 00:00:00-04:00,70.45396299891891,71.61979809477987,70.31564421956321,71.35304260253906,3864100,0.0,0.0
2016-03-15 00:00:00-04:00,70.9183282671861,71.48148549980226,70.23660884008962,70.83928680419922,3205300,0.0,0.0
2016-03-16 00:00:00-04:00,70.41443074921314,72.04462471094388,70.25635540058964,71.8569107055664,2985800,0.0,0.0
2016-03-17 00:00:00-04:00,71.65932431016223,72.30152299938035,70.7404880410492,71.8470458984375,3379700,0.0,0.0
2016-03-18 00:00:00-04:00,72.22248046412163,72.65720096195965,71.32340834282134,71.77788543701172,5995900,0.0,0.0
2016-03-21 00:00:00-04:00,71.62968935850995,71.79764682103503,70.82941524122413,71.3826904296875,2852100,0.0,0.0
2016-03-22 00:00:00-04:00,71.29375971943792,72.40030986798838,70.83927515093178,71.97547149658203,3348100,0.0,0.0
2016-03-23 00:00:00-04:00,70.82941134021242,71.70872687536628,70.63180768535224,70.91832733154297,2945900,0.0,0.0
2016-03-24 00:00:00-04:00,70.68119143128096,71.5802633206701,70.20695032525775,71.57038879394531,2698800,0.0,0.0
2016-03-28 00:00:00-04:00,71.52098594930548,71.80750551802484,70.55275468461889,71.08626556396484,2688100,0.0,0.0
2016-03-29 00:00:00-04:00,70.68119683265637,71.81739313078725,69.86115878343251,71.43207550048828,4606100,0.0,0.0
2016-03-30 00:00:00-04:00,72.12366868097735,73.76374476502097,72.08414795798515,73.40806579589844,5181100,0.0,0.0
2016-03-31 00:00:00-04:00,73.17094507332224,73.49698540076209,72.49910782487386,72.94371032714844,4226900,0.0,0.0
2016-04-01 00:00:00-04:00,72.49911198047339,75.03826028571764,72.23235649406443,74.82090759277344,4550600,0.0,0.0
2016-04-04 00:00:00-04:00,74.93946270111428,75.52238400881821,74.50474977472331,74.78138732910156,2978100,0.0,0.0
2016-04-05 00:00:00-04:00,73.9811094348031,74.60355150063377,73.46735502818592,73.6847152709961,2365400,0.0,0.0
2016-04-06 00:00:00-04:00,73.86256563554048,74.77151993190971,73.57604595863526,74.67272186279297,2033300,0.0,0.0
2016-04-07 00:00:00-04:00,74.01075063230643,74.55414366479174,73.7835083380544,74.41582489013672,3843700,0.0,0.0
2016-04-08 00:00:00-04:00,74.81102831012375,75.02838854896356,73.40807636209543,73.95146942138672,2375700,0.0,0.0
2016-04-11 00:00:00-04:00,74.56403200551028,74.59367066860077,73.24011393093694,73.26976013183594,2151800,0.0,0.0
2016-04-12 00:00:00-04:00,73.63530654968726,73.64518861569485,72.55839502690178,73.37842559814453,2259700,0.0,0.0
2016-04-13 00:00:00-04:00,73.87243383653805,75.27539343390333,73.55627551976745,75.03826904296875,3099900,0.0,0.0
2016-04-14 00:00:00-04:00,75.08766950605708,75.67058332223228,74.75175460273074,75.23587036132812,2696200,0.0,0.0
2016-04-15 00:00:00-04:00,75.33465883778054,75.62117844478246,74.96909777964547,75.39393615722656,2132900,0.0,0.0
2016-04-18 00:00:00-04:00,75.32477309082968,76.36217135728374,74.94933752300618,76.3424072265625,1916100,0.0,0.0
2016-04-19 00:00:00-04:00,76.65857072854217,76.65857072854217,74.62330231767146,75.27538299560547,2365200,0.0,0.0
2016-04-20 00:00:00-04:00,75.28525998856563,75.71998045475374,74.88018572146056,75.22598266601562,2001600,0.0,0.0
2016-04-21 00:00:00-04:00,75.73976112504255,76.88583232549625,75.58167817998151,76.223876953125,3542500,0.0,0.0
2016-04-22 00:00:00-04:00,75.31491361788422,75.94723024682591,74.44547259973278,75.5619125366211,3184500,0.0,0.0
2016-04-25 00:00:00-04:00,75.26549715297863,75.9076957326516,74.96909548918882,75.59153747558594,2456200,0.0,0.0
2016-04-26 00:00:00-04:00,75.87806444611579,75.87806444611579,74.89006885456641,75.2951431274414,1953700,0.0,0.0
2016-04-27 00:00:00-04:00,74.76162319646996,75.2852596440871,73.90207187219579,74.78138732910156,3359300,0.0,0.0
2016-04-28 00:00:00-04:00,74.47510528564453,75.71998184673576,74.06014894455019,74.47510528564453,3824800,0.0,0.0
2016-04-29 00:00:00-04:00,74.1095506406798,75.14694147803492,73.58591418880415,74.89006805419922,3228000,0.0,0.0
2016-05-02 00:00:00-04:00,75.3840619853553,76.50049422110708,74.8011407027538,76.3226547241211,3287400,0.0,0.0
2016-05-03 00:00:00-04:00,75.4828631069862,75.7595006607254,73.48710783305407,74.00086975097656,3273100,0.0,0.0
2016-05-04 00:00:00-04:00,73.41794966820812,73.73410795458031,72.65719638274659,73.10179138183594,2839900,0.0,0.0
2016-05-05 00:00:00-04:00,73.22035187975182,73.69458552948515,72.75599275844061,72.9239501953125,2088600,0.0,0.0
2016-05-06 00:00:00-04:00,72.61767639776673,73.4278324859982,72.29163604160074,73.35867309570312,3080100,0.0,0.0
2016-05-09 00:00:00-04:00,73.35867444335942,74.41582945032377,73.30927164746613,73.72423553466797,2136600,0.0,0.0
2016-05-10 00:00:00-04:00,74.22811136774723,75.06791371064101,74.05027184708615,75.00862884521484,2706300,0.0,0.0
2016-05-11 00:00:00-04:00,75.07778409463504,75.99662031101585,74.87030592162108,74.88018798828125,2517500,0.0,0.0
2016-05-12 00:00:00-04:00,75.53226379472802,75.86818623257486,74.28739471337708,74.97898864746094,2730400,0.0,0.0
2016-05-13 00:00:00-04:00,75.0876782935092,76.41158900316725,75.03827549003441,75.45323944091797,3583200,0.0,0.0
2016-05-16 00:00:00-04:00,75.74961855772915,76.75737826049989,75.08766333477283,76.3819351196289,4141800,0.0,0.0
2016-05-17 00:00:00-04:00,76.5301462661619,76.61906979911156,75.65083069332913,75.84842681884766,4587700,0.0,0.0
2016-05-18 00:00:00-04:00,75.84842516041375,77.54777893882901,75.7199884354159,76.93522644042969,8010200,0.0,0.0
2016-05-19 00:00:00-04:00,81.27251476414784,81.48987498774855,79.18784358369781,80.1165542602539,13765000,0.0,0.0
2016-05-20 00:00:00-04:00,80.62044069412235,80.83780093551937,79.75100726634265,80.04740142822266,5097900,0.0,0.0
2016-05-23 00:00:00-04:00,79.82016780465338,81.1144396670831,79.74112634522646,80.74888610839844,4875800,0.0,0.0
2016-05-24 00:00:00-04:00,80.98600219551957,82.40871830073571,80.84768341171339,81.75663757324219,5805600,0.0,0.0
2016-05-25 00:00:00-04:00,82.00363813572544,82.94223097878202,81.3515573950523,82.5667953491211,4932700,0.0,0.0
2016-05-26 00:00:00-04:00,82.8137930490789,83.46587378022372,82.25063584391219,82.34943389892578,4757200,0.0,0.0
2016-05-27 00:00:00-04:00,82.1222054912137,82.79404287030991,82.01352536093276,82.76439666748047,3139700,0.0,0.0
2016-05-31 00:00:00-04:00,82.556900183108,83.05089792482177,82.16170801998284,82.7051010131836,4484500,0.0,0.0
2016-06-01 00:00:00-04:00,81.08479576188452,82.84342666248624,80.92672039105918,82.44822692871094,4172400,0.0,0.0
2016-06-02 00:00:00-04:00,82.2111145113223,82.36919742843122,81.46023573067163,82.24075317382812,3684300,0.0,0.0
2016-06-03 00:00:00-04:00,82.00363891144487,82.01352097852663,81.13420545346474,81.55904388427734,2826900,0.0,0.0
2016-06-06 00:00:00-04:00,81.8653167628059,82.39883529619014,81.50963774054975,81.83567810058594,2585500,0.0,0.0
2016-06-07 00:00:00-04:00,81.98387714036078,82.33954861696004,81.76651690513312,82.14195251464844,2605400,0.0,0.0
2016-06-08 00:00:00-04:00,82.13207365521085,82.55691207579683,81.94435961202755,82.34943389892578,2344600,0.0,0.0
2016-06-09 00:00:00-04:00,81.81591899564201,82.29016023373319,81.6578436081508,81.73688507080078,1852100,0.0,0.0
2016-06-10 00:00:00-04:00,81.01562893042474,81.59854264238639,80.57103398190507,80.84767150878906,2322100,0.0,0.0
2016-06-13 00:00:00-04:00,80.27464767765962,81.99375802195475,79.83005264410683,80.51176452636719,4618100,0.0,0.0
2016-06-14 00:00:00-04:00,80.14620045804214,80.73899627107551,79.80039599078226,80.1165542602539,3540300,0.0,0.0
2016-06-15 00:00:00-04:00,80.84768481056112,81.61832020161746,80.76864335050188,81.0057601928711,3574400,0.0,0.0
2016-06-16 00:00:00-04:00,80.21536289351673,80.85755398499617,79.247123916433,80.65995788574219,3045000,0.0,0.0
2016-06-17 00:00:00-04:00,80.55127988965684,80.55127988965684,79.20760527350622,79.53364562988281,5691300,0.0,0.0
2016-06-20 00:00:00-04:00,80.50189136349213,81.30216545259547,80.15608684507127,80.24501037597656,3448300,0.0,0.0
2016-06-21 00:00:00-04:00,80.59079287235238,80.88719453835388,80.25487801950433,80.65007019042969,3184200,0.0,0.0
2016-06-22 00:00:00-04:00,80.58090942259494,80.82790829408432,79.50399796104881,79.6521987915039,4222600,0.0,0.0
2016-06-23 00:00:00-04:00,80.18572425842356,81.33179520252288,79.82016318309628,81.29227447509766,2777100,0.0,0.0
2016-06-24 00:00:00-04:00,78.45673542800746,79.54352909726038,77.38969835442461,77.51813507080078,6815700,0.0,0.0
2016-06-27 00:00:00-04:00,76.53014320346317,76.75738552274346,74.60355467442709,75.15682983398438,6020700,0.0,0.0
2016-06-28 00:00:00-04:00,76.61906433105469,76.97474336185158,75.68046395730403,76.61906433105469,4781100,0.0,0.0
2016-06-29 00:00:00-04:00,77.31065431425843,78.69384963702723,76.96485736801826,78.05165100097656,5493600,0.0,0.0
2016-06-30 00:00:00-04:00,78.39745646591894,79.00013443962825,78.14057547602425,78.45674133300781,4644300,0.0,0.0
2016-07-01 00:00:00-04:00,78.6345568702484,79.87943328935788,78.37768347190136,78.8716812133789,2967300,0.0,0.0
2016-07-05 00:00:00-04:00,78.15046255980256,78.28878136220678,77.32054974537729,77.72562408447266,4163400,0.0,0.0
2016-07-06 00:00:00-04:00,77.53789111147012,77.78488998951177,76.79689447734516,77.55764770507812,4121200,0.0,0.0
2016-07-07 00:00:00-04:00,77.55764847265357,78.15044427825882,77.44896836221506,77.81452941894531,3085900,0.0,0.0
2016-07-08 00:00:00-04:00,78.47648795234353,80.12643873519822,78.34805124263062,79.91896057128906,3558900,0.0,0.0
2016-07-11 00:00:00-04:00,80.0869146735963,80.84767544739607,80.07704014558887,80.67971801757812,2928600,0.0,0.0
2016-07-12 00:00:00-04:00,80.96622876146806,81.46022651483347,80.24499626272677,80.94647216796875,3499400,0.0,0.0
2016-07-13 00:00:00-04:00,81.38119979400973,81.48987991237789,80.30428067685482,80.35368347167969,2474600,0.0,0.0
2016-07-14 00:00:00-04:00,81.01563015657658,81.03538674973562,80.46235509443491,80.5809097290039,1791700,0.0,0.0
2016-07-15 00:00:00-04:00,80.87732100787744,80.92672380336043,80.06716491149118,80.42284393310547,2253800,0.0,0.0
2016-07-18 00:00:00-04:00,80.53151555427507,81.08479062381655,80.17583657019627,80.65007019042969,2177300,0.0,0.0
2016-07-19 00:00:00-04:00,80.71923655076355,80.80816007337275,80.17584349987148,80.39320373535156,2164300,0.0,0.0
2016-07-20 00:00:00-04:00,81.06503757124636,81.73687484409521,80.44259555301697,81.1539535522461,4267800,0.0,0.0
2016-07-21 00:00:00-04:00,81.46024268780886,82.09255933463103,80.45249038750133,80.71924591064453,3195800,0.0,0.0
2016-07-22 00:00:00-04:00,81.00576119482763,81.6775985380241,80.25488992840286,81.55904388427734,2578700,0.0,0.0
2016-07-25 00:00:00-04:00,81.58867919569408,81.68747724902686,80.93659847564285,81.20336151123047,2633100,0.0,0.0
2016-07-26 00:00:00-04:00,81.01565080292004,81.20337240590382,80.45249353177796,80.77853393554688,3010000,0.0,0.0
2016-07-27 00:00:00-04:00,80.93660862037363,81.13421228961545,80.07705715705178,80.52165222167969,3570100,0.0,0.0
2016-07-28 00:00:00-04:00,80.93659301420645,81.72699246315067,80.7192327888564,81.3416748046875,2448200,0.0,0.0
2016-07-29 00:00:00-04:00,81.2626415938159,81.42072451476048,79.90908485000996,80.81804656982422,2996300,0.0,0.0
2016-08-01 00:00:00-04:00,80.7982802063737,80.8180443398507,79.58304982082981,80.04740142822266,4171900,0.0,0.0
2016-08-02 00:00:00-04:00,79.83992185312907,79.87944258158153,78.6444480842231,79.53364562988281,4267700,0.0,0.0
2016-08-03 00:00:00-04:00,79.56328731807417,79.77076549698513,78.88156791750352,79.44473266601562,2657500,0.0,0.0
2016-08-04 00:00:00-04:00,79.57316180180527,80.1462010248401,79.35580157666739,79.5929183959961,2467400,0.0,0.0
2016-08-05 00:00:00-04:00,79.89920640296204,80.35368347167969,79.69172823275234,80.35368347167969,3033500,0.0,0.0
2016-08-08 00:00:00-04:00,80.40308059201013,80.54139937535541,80.06716570040253,80.19560241699219,2682600,0.0,0.0
2016-08-09 00:00:00-04:00,80.1363230929628,80.65007748431348,80.0276429747872,80.20548248291016,2785300,0.0,0.0
2016-08-10 00:00:00-04:00,80.32405209578813,80.48212748551137,78.98037736300077,79.27677154541016,3376200,0.0,0.0
2016-08-11 00:00:00-04:00,79.45460400321728,80.65995983611309,79.2372437660973,80.50188446044922,3448600,0.0,0.0
2016-08-12 00:00:00-04:00,80.33391193100492,80.80815308904582,79.6225539628473,80.65007019042969,3275100,0.0,0.0
2016-08-15 00:00:00-04:00,78.39744888058817,78.79264862577124,77.27113450639177,77.97261047363281,10886100,0.0,0.0
2016-08-16 00:00:00-04:00,78.05164804612241,78.05164804612241,76.9846110485699,77.02413177490234,4797700,0.0,0.0
2016-08-17 00:00:00-04:00,76.49061750443046,76.52025616636624,74.95922884788611,75.40382385253906,8141600,0.0,0.0
2016-08-18 00:00:00-04:00,75.45323677124277,76.23375430410944,75.25563310214467,75.98675537109375,6200200,0.0,0.0
2016-08-19 00:00:00-04:00,75.79902508867247,76.63881985718261,75.59154691323879,76.5499038696289,3289300,0.0,0.0
2016-08-22 00:00:00-04:00,76.54989701275062,76.71785444384636,76.03613511576546,76.3226547241211,4059000,0.0,0.0
2016-08-23 00:00:00-04:00,76.8858160686735,77.3402931329143,76.74749728989622,77.08341217041016,4328600,0.0,0.0
2016-08-24 00:00:00-04:00,77.06365034667078,77.74536966568208,76.6486940384933,76.88581085205078,3661700,0.0,0.0
2016-08-25 00:00:00-04:00,77.20198311941152,79.276772574444,77.17234445456675,79.19773864746094,7495900,0.0,0.0
2016-08-26 00:00:00-04:00,79.42495386846993,79.73123004682026,78.50611779561183,79.06927490234375,4271500,0.0,0.0
2016-08-29 00:00:00-04:00,79.24712907507019,79.27676773810684,78.76301332391854,78.96060943603516,4582800,0.0,0.0
2016-08-30 00:00:00-04:00,79.03963863640752,79.2569988487068,78.39744006492523,78.8716812133789,3352700,0.0,0.0
2016-08-31 00:00:00-04:00,79.04953513053373,79.13845112208178,77.99238007232424,78.46661376953125,10307100,0.0,0.0
2016-09-01 00:00:00-04:00,74.54427175824594,75.63107304695173,73.1709583528547,74.9987564086914,27418500,0.0,0.0
2016-09-02 00:00:00-04:00,75.0876609322267,75.55202004140945,73.75386846270264,74.1984634399414,8153000,0.0,0.0
2016-09-06 00:00:00-04:00,74.03051740088569,74.71223683952354,73.65508175205512,74.51463317871094,5146000,0.0,0.0
2016-09-07 00:00:00-04:00,74.16883543420037,74.70235400621159,73.68471966133808,74.10955810546875,5566800,0.0,0.0
2016-09-08 00:00:00-04:00,74.09967944926528,74.11943604714905,73.47724485550276,73.98111724853516,5122200,0.0,0.0
2016-09-09 00:00:00-04:00,73.6254157417578,74.7813761175431,73.30925750732422,73.30925750732422,6915100,0.0,0.0
2016-09-12 00:00:00-04:00,72.89432213047888,73.81315844043488,72.61768453828724,73.46736145019531,5197800,0.0,0.0
2016-09-13 00:00:00-04:00,72.76587417833011,73.11167111523247,71.77787862271886,72.18295288085938,6780300,0.0,0.0
2016-09-14 00:00:00-04:00,72.18295909315125,73.61555729476619,72.12368176681152,72.933837890625,5828700,0.0,0.0
2016-09-15 00:00:00-04:00,72.63743224983125,73.40807513955859,72.47935687554923,73.10179138183594,4288800,0.0,0.0
2016-09-16 00:00:00-04:00,72.87455350916797,73.09191373511537,72.35091707637166,72.41019439697266,7317400,0.0,0.0
2016-09-19 00:00:00-04:00,72.83503046111932,72.89430777983077,71.72847277239087,72.12367248535156,3881800,0.0,0.0
2016-09-20 00:00:00-04:00,72.65720170274056,72.90420061761071,71.78776823600876,72.0347671508789,4833500,0.0,0.0
2016-09-21 00:00:00-04:00,72.34103777931776,73.368554089976,71.24436207937522,73.28951263427734,6315800,0.0,0.0
2016-09-22 00:00:00-04:00,74.09966184770668,74.31702206184248,73.41794254660941,73.694580078125,5155700,0.0,0.0
2016-09-23 00:00:00-04:00,72.21259867632806,72.3212788012079,69.25849378376105,69.54501342773438,23179200,0.0,0.0
2016-09-26 00:00:00-04:00,69.65369598988863,70.35517202368945,69.04113594984153,69.34741973876953,11726700,0.0,0.0
2016-09-27 00:00:00-04:00,69.13004973357073,69.8018870080531,68.97196682766531,69.20909118652344,8179500,0.0,0.0
2016-09-28 00:00:00-04:00,69.54500839469644,70.86892639387001,69.30789156566837,70.76024627685547,7467300,0.0,0.0
2016-09-29 00:00:00-04:00,70.74048325475806,71.254245186495,70.29588825112376,70.34528350830078,5323400,0.0,0.0
2016-09-30 00:00:00-04:00,70.44409333098018,70.92820909212966,70.39469053302652,70.4737319946289,5817000,0.0,0.0
2016-10-03 00:00:00-04:00,70.29588101223936,70.64167792810215,69.189323343671,69.6734390258789,4679900,0.0,0.0
2016-10-04 00:00:00-04:00,69.74259833322536,72.07426830309002,69.37704482448532,71.75811004638672,11238200,0.0,0.0
2016-10-05 00:00:00-04:00,67.39116992766931,68.7644830243481,65.968454042497,67.59864807128906,48274000,0.0,0.0
2016-10-06 00:00:00-04:00,70.28600934259634,71.13568619742358,69.66357480197996,70.40457153320312,18527100,0.0,0.0
2016-10-07 00:00:00-04:00,70.39468410047603,70.5725236039264,69.3671678069637,70.05876922607422,6707400,0.0,0.0
2016-10-10 00:00:00-04:00,72.69671353793228,74.820905453445,72.69671353793228,74.1984634399414,22522700,0.0,0.0
2016-10-11 00:00:00-04:00,73.01287302969219,73.03262962415879,70.69108498276113,71.5506362915039,16425400,0.0,0.0
2016-10-12 00:00:00-04:00,71.39256896179297,71.79764326534023,70.97760505318695,71.36293029785156,6301800,0.0,0.0
2016-10-13 00:00:00-04:00,70.52312408956672,70.52312408956672,69.65369066438818,69.7821273803711,6686800,0.0,0.0
2016-10-14 00:00:00-04:00,70.12792689777291,75.24574410757337,68.78425235743713,73.37842559814453,25005600,0.0,0.0
2016-10-17 00:00:00-04:00,73.21047781073516,73.84279443798994,71.86680309336654,71.95572662353516,8777200,0.0,0.0
2016-10-18 00:00:00-04:00,73.11166878046791,73.27962621048434,71.72847353922185,71.89643096923828,5248400,0.0,0.0
2016-10-19 00:00:00-04:00,71.73836836519715,74.59367533458227,71.57041090530602,71.94584655761719,3668800,0.0,0.0
2016-10-20 00:00:00-04:00,72.0940482358721,72.0940482358721,71.38269011792087,71.7186050415039,5054500,0.0,0.0
2016-10-21 00:00:00-04:00,71.47158774158389,73.37841927511555,71.36291517609592,73.11166381835938,6789700,0.0,0.0
2016-10-24 00:00:00-04:00,73.53650869669261,74.43558072274817,73.38830785741968,74.15894317626953,6329300,0.0,0.0
2016-10-25 00:00:00-04:00,74.15894317626953,74.3565468079027,73.67482746993191,74.15894317626953,4447200,0.0,0.0
2016-10-26 00:00:00-04:00,73.75386831288402,75.24574368369842,73.43771004269234,74.05026245117188,5748200,0.0,0.0
2016-10-27 00:00:00-04:00,74.5837776869522,75.24574039627069,73.72422643188204,73.84278106689453,4019400,0.0,0.0
2016-10-28 00:00:00-04:00,74.08978486245317,74.59366470815407,73.92182742648885,74.22810363769531,4827800,0.0,0.0
2016-10-31 00:00:00-04:00,74.41581919246276,75.08765641983675,73.97122424194191,74.25774383544922,4113500,0.0,0.0
2016-11-01 00:00:00-04:00,75.07777659692059,76.16457014894925,74.33677996538184,74.54425811767578,7141700,0.0,0.0
2016-11-02 00:00:00-04:00,74.24786361388473,74.74186136575648,74.02062133138844,74.09966278076172,4084800,0.0,0.0
2016-11-03 00:00:00-04:00,74.13920535234867,74.49488444153033,72.8449332731547,73.25000762939453,3883200,0.0,0.0
2016-11-04 00:00:00-04:00,73.24998398122882,74.27750018071612,72.97334645402212,73.47722625732422,4280800,0.0,0.0
2016-11-07 00:00:00-05:00,74.73199060087371,76.0756652921758,74.50475582182317,75.38407135009766,5977500,0.0,0.0
2016-11-08 00:00:00-05:00,75.44334379460507,76.11518109677579,75.08766477946715,75.63106536865234,4031100,0.0,0.0
2016-11-09 00:00:00-05:00,74.3269058981148,75.63105967619246,74.01074763487803,74.98886108398438,6880900,0.0,0.0
2016-11-10 00:00:00-05:00,75.30502138099584,75.80890121775917,71.40243446929202,72.74610900878906,10200200,0.0,0.0
2016-11-11 00:00:00-05:00,72.91407027326633,74.16882123058558,72.91407027326633,73.694580078125,8881800,0.0,0.0
2016-11-14 00:00:00-05:00,74.01075833364547,74.13919505553046,71.66920591137423,71.88656616210938,7241700,0.0,0.0
2016-11-15 00:00:00-05:00,73.59578304351025,73.83290739188864,72.42994804630949,73.13142395019531,6216400,0.0,0.0
2016-11-16 00:00:00-05:00,73.31915979335012,73.71435957983869,72.2620046987334,72.42996215820312,10638700,0.0,0.0
2016-11-17 00:00:00-05:00,72.82515485625943,74.50475190090006,72.43983717483543,74.28739166259766,12539100,0.0,0.0
2016-11-18 00:00:00-05:00,78.61480552563054,79.40520497988544,76.3325382197361,76.83641052246094,19903000,0.0,0.0
2016-11-21 00:00:00-05:00,77.12293813583302,77.36993704868189,74.89007339090142,75.23587036132812,8549800,0.0,0.0
2016-11-22 00:00:00-05:00,74.83078397954436,75.73974565233613,74.19846740409417,74.66282653808594,7873800,0.0,0.0
2016-11-23 00:00:00-05:00,74.18859323864419,74.29727336829359,72.65720443161818,73.0622787475586,8233800,0.0,0.0
2016-11-25 00:00:00-05:00,73.07214440598298,73.27962255113796,72.61766739214724,72.84490966796875,2346100,0.0,0.0
2016-11-28 00:00:00-05:00,72.66707964100397,73.04251525666335,71.91620087187695,72.05451965332031,6436900,0.0,0.0
2016-11-29 00:00:00-05:00,71.88656220982598,72.43983733559944,71.54076525621757,72.05451965332031,7435000,0.0,0.0
2016-11-30 00:00:00-05:00,72.3311548893948,72.42007841049539,71.13568115234375,71.13568115234375,6261900,0.0,0.0
2016-12-01 00:00:00-05:00,71.27399997135309,71.35304142619844,67.39117707131979,67.63817596435547,10907300,0.0,0.0
2016-12-02 00:00:00-05:00,65.79061659215203,68.62616638495719,65.63254123213555,67.58877563476562,15967600,0.0,0.0
2016-12-05 00:00:00-05:00,68.26060946402185,70.61204371556822,68.2013321426578,69.95008850097656,10209600,0.0,0.0
2016-12-06 00:00:00-05:00,69.94021239389483,70.49348754125421,69.1498128652598,69.77225494384766,4234100,0.0,0.0
2016-12-07 00:00:00-05:00,69.88093641030966,71.13568758298481,69.42645177303561,70.91832733154297,4919700,0.0,0.0
2016-12-08 00:00:00-05:00,70.58241149585582,71.40244215485251,70.14769099869474,70.99736785888672,5426600,0.0,0.0
2016-12-09 00:00:00-05:00,71.13567372904704,71.35303393815717,69.76236063091363,70.31563568115234,5126800,0.0,0.0
2016-12-12 00:00:00-05:00,69.96986155093893,69.99950021859135,68.7447488818442,69.53514099121094,6100900,0.0,0.0
2016-12-13 00:00:00-05:00,69.59442066144854,71.26412829612165,69.5054971273295,70.75037384033203,5895400,0.0,0.0
2016-12-14 00:00:00-05:00,70.84916763052726,71.00725055373205,70.27612834062293,70.4737319946289,5071600,0.0,0.0
2016-12-15 00:00:00-05:00,70.3452817466095,71.08627842598169,69.30789091817326,69.38693237304688,4740200,0.0,0.0
2016-12-16 00:00:00-05:00,69.63393758764424,69.7920129739338,68.78426071513789,69.02137756347656,7224800,0.0,0.0
2016-12-19 00:00:00-05:00,69.15968329946334,69.22884268125051,68.30012452198795,68.67556762695312,4526000,0.0,0.0
2016-12-20 00:00:00-05:00,69.12017562213362,69.21897368079068,68.30013741344351,69.02137756347656,5262100,0.0,0.0
2016-12-21 00:00:00-05:00,69.12017834868983,69.50549606911791,68.47797963537334,69.26837921142578,3515800,0.0,0.0
2016-12-22 00:00:00-05:00,68.9423356348771,69.21897321236825,68.38906047989477,69.06089782714844,3468600,0.0,0.0
2016-12-23 00:00:00-05:00,68.85341050410456,69.1695687703845,68.47796738065436,69.03125,2274000,0.0,0.0
2016-12-27 00:00:00-05:00,69.00160780176166,69.58452911457402,68.80401170056213,69.01148986816406,2939700,0.0,0.0
2016-12-28 00:00:00-05:00,69.01148354218142,69.21896169076473,68.02348805113284,68.26060485839844,4313700,0.0,0.0
2016-12-29 00:00:00-05:00,68.02349120711156,68.98184808394124,67.94444975508675,68.31989288330078,3229100,0.0,0.0
2016-12-30 00:00:00-05:00,68.52737348684555,68.54713008165287,67.41094120393512,67.63817596435547,4523300,0.0,0.0
2017-01-03 00:00:00-05:00,68.45820485921084,70.00935739661959,68.17168527742108,69.69319915771484,8112200,0.0,0.0
2017-01-04 00:00:00-05:00,70.22673269958996,72.19284193498169,69.91057439270381,71.92608642578125,9289500,0.0,0.0
2017-01-05 00:00:00-05:00,71.9359553253117,72.77575759339356,71.65931777066226,71.91619873046875,4695600,0.0,0.0
2017-01-06 00:00:00-05:00,72.01499815125447,73.24011057565662,71.67908326787331,72.91407775878906,4466100,0.0,0.0
2017-01-09 00:00:00-05:00,73.16107470471535,73.54639237257445,72.62755619433936,73.07215118408203,3933100,0.0,0.0
2017-01-10 00:00:00-05:00,73.23023772844645,73.40807724073416,72.55840040844939,73.0919189453125,3994800,0.0,0.0
2017-01-11 00:00:00-05:00,73.37843436615071,75.1667116368161,73.17095618204651,74.86042785644531,7591300,0.0,0.0
2017-01-12 00:00:00-05:00,74.2676310639697,74.84067034898318,73.11167796468324,74.3071517944336,4681700,0.0,0.0
2017-01-13 00:00:00-05:00,73.9415874999618,74.8703057812617,73.8032687182118,74.73198699951172,3690000,0.0,0.0
2017-01-17 00:00:00-05:00,74.39607565648159,74.39607565648159,73.4772393980441,74.11943054199219,3152500,0.0,0.0
2017-01-18 00:00:00-05:00,74.68257872957952,75.30502073963528,74.17870643491537,74.87030029296875,3969500,0.0,0.0
2017-01-19 00:00:00-05:00,74.81102738435261,75.25562238534447,74.43558423543595,74.66282653808594,3274300,0.0,0.0
2017-01-20 00:00:00-05:00,74.85055405609714,75.2062331002568,74.52451367598266,75.1173095703125,4593600,0.0,0.0
2017-01-23 00:00:00-05:00,74.79125822310678,76.03613469512185,74.79125822310678,75.24574279785156,3770900,0.0,0.0
2017-01-24 00:00:00-05:00,75.40383155221382,76.53014604763312,75.03827042945846,76.1843490600586,3730300,0.0,0.0
2017-01-25 00:00:00-05:00,76.59931194622139,77.64658506541868,76.3226743326832,77.52803039550781,5690400,0.0,0.0
2017-01-26 00:00:00-05:00,78.0516500731815,78.13069152789916,76.35229648579207,77.01425170898438,4121000,0.0,0.0
2017-01-27 00:00:00-05:00,77.25138445532698,77.6268200992606,76.9846214011617,77.2711410522461,2219300,0.0,0.0
2017-01-30 00:00:00-05:00,76.8660645967742,77.83429611274813,76.1744631189842,77.76513671875,4964000,0.0,0.0
2017-01-31 00:00:00-05:00,77.50825300267023,79.03964922145934,77.23161543644446,78.15045166015625,7835200,0.0,0.0
2017-02-01 00:00:00-05:00,77.96273621807039,78.34805389807664,76.52025601242701,77.6366958618164,6199700,0.0,0.0
2017-02-02 00:00:00-05:00,77.38970312583739,79.29653508241617,76.95498261621047,79.1680908203125,7676100,0.0,0.0
2017-02-03 00:00:00-05:00,79.42495557575303,79.74111382601595,78.85191639158673,79.24711608886719,4975400,0.0,0.0
2017-02-06 00:00:00-05:00,79.05940380813787,79.15820939740061,78.39744857180321,78.79264831542969,2664200,0.0,0.0
2017-02-07 00:00:00-05:00,79.31627547055572,79.5632743391301,78.58516093016159,79.24711608886719,3628200,0.0,0.0
2017-02-08 00:00:00-05:00,79.039652999619,79.85969120856414,78.67409189088463,79.73124694824219,2568000,0.0,0.0
2017-02-09 00:00:00-05:00,79.73122594354733,80.9958663901389,79.5237478136192,80.05726623535156,5147500,0.0,0.0
2017-02-10 00:00:00-05:00,80.43272740473465,81.01564120501293,79.57316849785093,79.67196655273438,3061900,0.0,0.0
2017-02-13 00:00:00-05:00,80.20549148513493,80.32405368312699,79.49413337280059,79.93873596191406,4327500,0.0,0.0
2017-02-14 00:00:00-05:00,79.97823943048432,80.3240439147884,79.59292175613051,79.94860076904297,4809500,0.0,0.0
2017-02-15 00:00:00-05:00,80.25489273758848,81.83568432461644,79.91897028532755,80.68960571289062,5271900,0.0,0.0
2017-02-16 00:00:00-05:00,80.54139398026307,80.73899761309718,79.53364183513655,79.84980010986328,5234700,0.0,0.0
2017-02-17 00:00:00-05:00,79.60282191889516,80.49201965332031,79.28666356196732,80.49201965332031,3674100,0.0,0.0
2017-02-21 00:00:00-05:00,80.69948362866732,81.4305982867158,80.31416593470878,81.1934814453125,4325000,0.0,0.0
2017-02-22 00:00:00-05:00,81.01563932893305,81.40095701052161,80.72911969994007,81.09468078613281,2741400,0.0,0.0
2017-02-23 00:00:00-05:00,81.34167403998337,82.13206594368923,80.84767627348934,81.08479309082031,5595200,0.0,0.0
2017-02-24 00:00:00-05:00,80.43272526148485,80.83779953705573,79.99800478621133,80.79827880859375,4434200,0.0,0.0
2017-02-27 00:00:00-05:00,80.6500732070042,80.93659281810709,79.92884068406227,80.5611572265625,3289300,0.0,0.0
2017-02-28 00:00:00-05:00,80.52164445670316,80.84768482615404,79.72137040242238,80.37344360351562,10533000,0.0,0.0
2017-03-01 00:00:00-05:00,81.87519101428298,83.3868229456783,81.12431231254794,82.80390167236328,14319200,0.0,0.0
2017-03-02 00:00:00-05:00,82.55690484336635,82.69522361582959,81.36143114547255,81.6775894165039,5884800,0.0,0.0
2017-03-03 00:00:00-05:00,81.01564146485858,81.59855526700646,80.66984450275318,81.23300170898438,6217200,0.0,0.0
2017-03-06 00:00:00-05:00,80.77852130151904,81.72699616047638,80.64020252236743,81.50963592529297,5328500,0.0,0.0
2017-03-07 00:00:00-05:00,82.35931671797557,83.37695101574577,81.81591610372521,81.9739990234375,5431800,0.0,0.0
2017-03-08 00:00:00-05:00,81.96411283046551,82.83354623169068,81.94435623540025,82.47787475585938,3732400,0.0,0.0
2017-03-09 00:00:00-05:00,82.19135745048565,82.57667513649778,81.81591429338069,82.2802734375,3646900,0.0,0.0
2017-03-10 00:00:00-05:00,82.55691784506224,82.942235563008,82.24075952423985,82.50752258300781,3930000,0.0,0.0
2017-03-13 00:00:00-04:00,82.46798921035258,82.7347446904245,82.0826715514666,82.60630798339844,3463700,0.0,0.0
2017-03-14 00:00:00-04:00,82.41859905081552,82.6162027124601,81.73688714711629,82.50752258300781,2933500,0.0,0.0
2017-03-15 00:00:00-04:00,82.55690867392849,82.76438684225013,82.00363355840412,82.47787475585938,3074100,0.0,0.0
2017-03-16 00:00:00-04:00,82.94222579035488,82.9916285843974,82.2703884955403,82.51738739013672,3762100,0.0,0.0
2017-03-17 00:00:00-04:00,82.9323436723571,82.97186439641281,82.02338209469048,82.03326416015625,7828200,0.0,0.0
2017-03-20 00:00:00-04:00,82.03327527924604,82.62607114481669,81.81591503638151,81.90483856201172,3428700,0.0,0.0
2017-03-21 00:00:00-04:00,82.00362777462499,82.18146726890154,80.39319779820393,80.57103729248047,4206200,0.0,0.0
2017-03-22 00:00:00-04:00,80.70937303548142,80.98601063191141,80.16597237263025,80.89708709716797,3057000,0.0,0.0
2017-03-23 00:00:00-04:00,81.01563061974139,81.41083032544796,80.48211214770865,80.54138946533203,3056700,0.0,0.0
2017-03-24 00:00:00-04:00,80.89707317067815,81.26263423891999,80.31415941252243,80.63031768798828,3701800,0.0,0.0
2017-03-27 00:00:00-04:00,80.02763979759902,80.80815718905082,79.53364202107063,80.63031768798828,3403000,0.0,0.0
2017-03-28 00:00:00-04:00,80.46235968511101,81.36143171238662,80.324040911684,81.1539535522461,3216000,0.0,0.0
2017-03-29 00:00:00-04:00,81.05515264919835,81.4503523612682,80.67971706852613,81.39106750488281,2874000,0.0,0.0
2017-03-30 00:00:00-04:00,81.26263248865386,81.59854735131033,81.03539019970977,81.56890869140625,3483000,0.0,0.0
2017-03-31 00:00:00-04:00,81.28238800980924,81.93446867032293,81.20335409704411,81.49974822998047,3174000,0.0,0.0
2017-04-03 00:00:00-04:00,81.61831636523743,81.98387744747225,80.57104345100817,81.32191467285156,4224200,0.0,0.0
2017-04-04 00:00:00-04:00,81.74675671080321,82.13207440534129,81.53927853203722,81.9739990234375,4441500,0.0,0.0
2017-04-05 00:00:00-04:00,82.19135209978859,85.38257350058085,82.01351259952902,84.31553649902344,13289300,0.0,0.0
2017-04-06 00:00:00-04:00,84.39459354399621,84.42423220988061,83.35720254899591,83.9796371459961,5014400,0.0,0.0
2017-04-07 00:00:00-04:00,83.68321605962979,83.83141689258932,82.81378273090539,83.36705780029297,4876400,0.0,0.0
2017-04-10 00:00:00-04:00,83.12006439137166,83.5943055804711,82.85330890474619,83.22874450683594,3401300,0.0,0.0
2017-04-11 00:00:00-04:00,83.0607877978332,83.25838389796952,82.30003452071954,82.85330963134766,2536200,0.0,0.0
2017-04-12 00:00:00-04:00,82.82367876348067,83.07067768079669,82.20123666764671,82.36920166015625,3098400,0.0,0.0
2017-04-13 00:00:00-04:00,82.20124711164264,83.05092409818928,82.13208770751953,82.13208770751953,2594700,0.0,0.0
2017-04-17 00:00:00-04:00,82.25063900712034,83.21887807423039,82.00364009118304,83.1892318725586,2960800,0.0,0.0
2017-04-18 00:00:00-04:00,82.99162060791447,83.38682030884695,82.52726152465434,82.7051010131836,2498200,0.0,0.0
2017-04-19 00:00:00-04:00,83.07067416065992,83.19911087861055,82.349434036024,82.49763488769531,2840600,0.0,0.0
2017-04-20 00:00:00-04:00,82.9422252962926,83.34730709916565,82.4581095763536,83.04103088378906,4012300,0.0,0.0
2017-04-21 00:00:00-04:00,83.00150175051395,83.3868193817421,82.64582277740992,82.78414154052734,2946100,0.0,0.0
2017-04-24 00:00:00-04:00,83.49551411394381,83.63383290129269,82.74463531275805,83.15959167480469,3193800,0.0,0.0
2017-04-25 00:00:00-04:00,83.55478074431699,84.10805582288504,83.33742052407737,83.73262023925781,3016500,0.0,0.0
2017-04-26 00:00:00-04:00,83.7326254566186,84.09818653505486,83.3769464445747,83.93022155761719,2165000,0.0,0.0
2017-04-27 00:00:00-04:00,84.35506072767174,85.28377899400795,84.26614474275435,84.81941986083984,2944500,0.0,0.0
2017-04-28 00:00:00-04:00,84.75025922543318,85.1849796905727,84.25626143788665,85.086181640625,2919200,0.0,0.0
2017-05-01 00:00:00-04:00,85.21462337239298,85.83705790776287,85.21462337239298,85.61970520019531,3290000,0.0,0.0
2017-05-02 00:00:00-04:00,85.74813861997606,86.15321289438573,85.0763013136648,86.0445327758789,3503200,0.0,0.0
2017-05-03 00:00:00-04:00,85.92598082908764,86.01489681731044,85.15534544658955,85.51102447509766,2786700,0.0,0.0
2017-05-04 00:00:00-04:00,85.70861895431966,86.08405457157487,85.25414187938706,85.48137664794922,2140100,0.0,0.0
2017-05-05 00:00:00-04:00,85.40235072864937,85.93586931123986,85.18499046857816,85.92598724365234,2595800,0.0,0.0
2017-05-08 00:00:00-04:00,85.8864659155697,86.12358277136273,85.58018966276165,85.81730651855469,2168400,0.0,0.0
2017-05-09 00:00:00-04:00,85.98525498811647,86.56817630585275,85.85681827503268,86.08405303955078,2887000,0.0,0.0
2017-05-10 00:00:00-04:00,86.33106125271632,86.5681856471157,85.85682753953553,86.26190185546875,2920700,0.0,0.0
2017-05-11 00:00:00-04:00,86.33106409252021,86.8942213565777,85.53078996407251,86.6571044921875,2731600,0.0,0.0
2017-05-12 00:00:00-04:00,86.91397536567419,88.20824720785663,86.5187756125305,87.97113037109375,5586600,0.0,0.0
2017-05-15 00:00:00-04:00,88.19837133691908,88.86033417350508,87.9810186183393,88.72201538085938,4053900,0.0,0.0
2017-05-16 00:00:00-04:00,88.92948839518768,89.196243897537,88.33669252722709,88.672607421875,6422300,0.0,0.0
2017-05-17 00:00:00-04:00,88.6725975136372,88.6725975136372,86.51876698839531,86.7855224609375,5619200,0.0,0.0
2017-05-18 00:00:00-04:00,86.82504620493664,87.33880811201759,86.12357026909842,86.69660949707031,10180000,0.0,0.0
2017-05-19 00:00:00-04:00,89.85819459020716,89.90759738411286,85.40233997124929,86.35081481933594,15733500,0.0,0.0
2017-05-22 00:00:00-04:00,86.489134385826,87.9810098292515,85.82717915317659,87.87232971191406,6058400,0.0,0.0
2017-05-23 00:00:00-04:00,87.66485111197845,88.17860549683706,87.10169393300677,87.42772674560547,4344600,0.0,0.0
2017-05-24 00:00:00-04:00,87.36845336170427,88.64296862163704,87.26965530683216,88.52440643310547,4577200,0.0,0.0
2017-05-25 00:00:00-04:00,88.88995728290355,90.70786540401805,88.83067996437386,90.17434692382812,7407100,0.0,0.0
2017-05-26 00:00:00-04:00,89.83844496929392,90.0064024211186,89.37408580664213,89.7396469116211,5284500,0.0,0.0
2017-05-30 00:00:00-04:00,89.41360806542706,89.97676529537651,89.38396940139951,89.769287109375,4626500,0.0,0.0
2017-05-31 00:00:00-04:00,89.60131739323691,89.87795493671594,88.4058437015981,88.56391906738281,6030100,0.0,0.0
2017-06-01 00:00:00-04:00,88.91959897768658,89.55191552294772,88.24776170612064,88.96900177001953,4890600,0.0,0.0
2017-06-02 00:00:00-04:00,89.15672708084048,89.99652189212529,88.75165277611623,89.769287109375,4969200,0.0,0.0
2017-06-05 00:00:00-04:00,89.90759206599719,90.77702540753016,89.660593186695,90.28302764892578,5537300,0.0,0.0
2017-06-06 00:00:00-04:00,89.90761062685067,90.84620354684247,89.7100144977395,90.00640869140625,4296700,0.0,0.0
2017-06-07 00:00:00-04:00,90.35220030127141,90.88571886344491,89.53216963030556,90.29292297363281,3484000,0.0,0.0
2017-06-08 00:00:00-04:00,90.2929131961045,90.52015549045963,89.50251373673905,90.15459442138672,3804900,0.0,0.0
2017-06-09 00:00:00-04:00,89.99651690835105,90.12496116243581,84.20686954205574,86.22237396240234,11672200,0.0,0.0
2017-06-12 00:00:00-04:00,85.0861770875033,85.79752753174586,82.54702889690108,85.14545440673828,9281600,0.0,0.0
2017-06-13 00:00:00-04:00,86.77565663224243,87.2498903060387,85.75802235533762,86.22237396240234,5308000,0.0,0.0
2017-06-14 00:00:00-04:00,86.63734290331034,87.03253514192505,85.0269051335012,86.12358093261719,3554800,0.0,0.0
2017-06-15 00:00:00-04:00,84.95774504948254,85.34306275547549,83.88083339370962,85.23438262939453,6661600,0.0,0.0
2017-06-16 00:00:00-04:00,85.0466699424771,85.93586756202845,84.82930968683024,84.9676284790039,8005000,0.0,0.0
2017-06-19 00:00:00-04:00,85.64934854493102,86.65710082935045,85.58018914833173,86.48914337158203,4835500,0.0,0.0
2017-06-20 00:00:00-04:00,86.57803990163215,86.73612279421118,85.74812732901384,85.8765640258789,3095500,0.0,0.0
2017-06-21 00:00:00-04:00,86.44962617185621,86.7460279052834,85.39247104475274,86.50890350341797,3794700,0.0,0.0
2017-06-22 00:00:00-04:00,86.81517079744013,87.93160304382396,86.19272878315768,87.40796661376953,4413000,0.0,0.0
2017-06-23 00:00:00-04:00,87.23012726476573,87.79328442191613,86.45949194843443,87.55616760253906,4890900,0.0,0.0
2017-06-26 00:00:00-04:00,87.73401123800167,88.72200682609714,86.64721006085013,87.05229187011719,4866500,0.0,0.0
2017-06-27 00:00:00-04:00,86.94361496339361,88.2082481568118,86.0642994605385,86.62745666503906,5370800,0.0,0.0
2017-06-28 00:00:00-04:00,87.22025332074801,87.40797490321478,85.64934388160556,87.03253173828125,4257800,0.0,0.0
2017-06-29 00:00:00-04:00,86.5978132206155,86.61756981538058,84.79966158467481,85.75801849365234,5215600,0.0,0.0
2017-06-30 00:00:00-04:00,85.75802846435262,86.2026235074336,85.26403062190315,85.5604248046875,3943500,0.0,0.0
2017-07-03 00:00:00-04:00,85.96549343252633,86.05440941234407,84.0981824782763,85.06641387939453,2741300,0.0,0.0
2017-07-05 00:00:00-04:00,85.2442671568133,86.45950517542327,85.06642763062182,86.44962310791016,4719800,0.0,0.0
2017-07-06 00:00:00-04:00,85.58018404987162,86.41997882649167,85.30353894214679,85.80741882324219,3275000,0.0,0.0
2017-07-07 00:00:00-04:00,86.15321258556574,87.38820707525451,86.1433380568701,86.86457061767578,2454300,0.0,0.0
2017-07-10 00:00:00-04:00,86.80529783216653,87.57593322796932,86.41998013426513,87.43761444091797,2332100,0.0,0.0
2017-07-11 00:00:00-04:00,87.2004822192818,87.58579984923242,86.6175609728134,87.28939819335938,2414700,0.0,0.0
2017-07-12 00:00:00-04:00,88.14896896333399,89.32468614377122,87.78340787637404,89.31480407714844,4273500,0.0,0.0
2017-07-13 00:00:00-04:00,89.47288748961338,89.68036568047559,88.42561446779202,88.4947738647461,3211100,0.0,0.0
2017-07-14 00:00:00-04:00,88.71213088653167,89.08756652232647,88.46513197244882,88.91960906982422,1978000,0.0,0.0
2017-07-17 00:00:00-04:00,88.89985142597887,89.17648900044311,88.19836788497634,88.21813201904297,2485700,0.0,0.0
2017-07-18 00:00:00-04:00,87.9316087613519,88.3268085105376,87.55617314542002,88.1983642578125,3813100,0.0,0.0
2017-07-19 00:00:00-04:00,88.27740799176738,89.04804337675861,87.73401491820587,88.4848861694336,4463000,0.0,0.0
2017-07-20 00:00:00-04:00,88.63309437972357,89.54204862528678,88.3465747188334,89.45313262939453,3481000,0.0,0.0
2017-07-21 00:00:00-04:00,89.25551813068722,89.54203775680004,88.46512618005943,88.61332702636719,2928700,0.0,0.0
2017-07-24 00:00:00-04:00,88.57380267074859,88.73187803927713,87.89208332833665,88.59355926513672,2393500,0.0,0.0
2017-07-25 00:00:00-04:00,88.65284795958068,89.72975953881168,88.16872469133524,89.54203796386719,3346000,0.0,0.0
2017-07-26 00:00:00-04:00,89.5420479716394,90.10520522160661,89.06781425472441,89.97676849365234,3638100,0.0,0.0
2017-07-27 00:00:00-04:00,90.15460713508108,91.02404063274516,88.02053281652977,89.42349243164062,3572100,0.0,0.0
2017-07-28 00:00:00-04:00,88.91959795398874,90.02615566436027,88.62319627901903,89.53215789794922,2108800,0.0,0.0
2017-07-31 00:00:00-04:00,89.71987361276524,89.9569979723288,88.7911629201355,89.70999908447266,3002900,0.0,0.0
2017-08-01 00:00:00-04:00,90.27315506196216,90.6782293130674,89.79891388686983,90.12495422363281,3157500,0.0,0.0
2017-08-02 00:00:00-04:00,90.25338558206681,90.25338558206681,87.92171564645851,88.8109130859375,3636900,0.0,0.0
2017-08-03 00:00:00-04:00,88.91960678429248,89.34444520710755,88.34656750927523,89.2654037475586,2351400,0.0,0.0
2017-08-04 00:00:00-04:00,89.52226440176979,89.77914531809097,89.16658545234256,89.36418151855469,1987600,0.0,0.0
2017-08-07 00:00:00-04:00,89.46300753307379,89.61120084769385,89.03816910960984,89.41360473632812,1903300,0.0,0.0
2017-08-08 00:00:00-04:00,89.09744169882921,89.79891765603648,88.46512513070414,89.17648315429688,2366700,0.0,0.0
2017-08-09 00:00:00-04:00,88.56392104787064,89.3839591685269,88.54416445338364,89.03816223144531,3055400,0.0,0.0
2017-08-10 00:00:00-04:00,88.59356056455853,88.84055945597603,86.49901478953514,86.57804870605469,3961500,0.0,0.0
2017-08-11 00:00:00-04:00,86.49901085251334,87.59568648351629,86.21249124697307,87.2301254272461,2881500,0.0,0.0
2017-08-14 00:00:00-04:00,88.21812066667225,89.56179517356632,88.03039910623912,89.16659545898438,4906900,0.0,0.0
2017-08-15 00:00:00-04:00,89.2654014708464,90.01628024179342,89.00852050276826,89.61119842529297,2531700,0.0,0.0
2017-08-16 00:00:00-04:00,89.95700366300981,91.29079623424711,89.72976135517135,91.1327133178711,4273700,0.0,0.0
2017-08-17 00:00:00-04:00,90.89559742450841,91.37971316976997,89.66060289428411,89.7890396118164,3630500,0.0,0.0
2017-08-18 00:00:00-04:00,89.72975614209375,90.25339258100277,89.19623763703328,89.67047882080078,3046800,0.0,0.0
2017-08-21 00:00:00-04:00,89.8581962266433,90.69799851148579,89.48276061467017,90.65847778320312,3512500,0.0,0.0
2017-08-22 00:00:00-04:00,91.32042837335125,92.31830598272091,90.94499278048906,91.83418273925781,11254400,0.0,0.0
2017-08-23 00:00:00-04:00,91.03391494047112,93.4940218998143,90.2040022458718,91.95275115966797,12034900,0.0,0.0
2017-08-24 00:00:00-04:00,92.57517290461213,93.17785074681535,92.22937599625142,93.019775390625,5494400,0.0,0.0
2017-08-25 00:00:00-04:00,93.01978548461669,94.08682252146778,92.74314792790894,92.97038269042969,5311000,0.0,0.0
2017-08-28 00:00:00-04:00,92.95061608039084,93.05929618564592,91.73537832972376,92.53565979003906,5536100,0.0,0.0
2017-08-29 00:00:00-04:00,91.63659148776524,92.99014816728712,91.38959258887638,92.70362854003906,3242800,0.0,0.0
2017-08-30 00:00:00-04:00,92.70364093614151,94.03743366093116,92.46651653427861,93.72127532958984,3808100,0.0,0.0
2017-08-31 00:00:00-04:00,93.80031112893592,94.51166921592194,93.21738976517453,94.34370422363281,5098200,0.0,0.0
2017-09-01 00:00:00-04:00,94.6005866631575,95.01554304101316,94.0473114926833,94.85746765136719,3679600,0.0,0.0
2017-09-05 00:00:00-04:00,94.21525745335705,95.33168972549363,93.98801515732164,95.0254135131836,4069500,0.0,0.0
2017-09-06 00:00:00-04:00,95.0056688520674,95.16374424228019,94.10658915901412,94.66974639892578,4105200,0.0,0.0
2017-09-07 00:00:00-04:00,94.93648544471776,96.34931933307466,94.72900729104673,95.56880950927734,4917300,0.0,0.0
2017-09-08 00:00:00-04:00,95.4601290911326,96.02328623150797,95.22300474101108,95.27240753173828,3316400,0.0,0.0
2017-09-11 00:00:00-04:00,95.78616200967387,97.04092053287285,95.78616200967387,96.53704071044922,4471500,0.0,0.0
2017-09-12 00:00:00-04:00,96.41849260571506,96.44813880720193,94.99578398450043,95.6873779296875,4743200,0.0,0.0
2017-09-13 00:00:00-04:00,95.72689824481785,95.73678031193722,94.21526610132446,94.46226501464844,5610300,0.0,0.0
2017-09-14 00:00:00-04:00,94.23501688984949,94.59069590613946,93.37546554865554,94.1559829711914,5054600,0.0,0.0
2017-09-15 00:00:00-04:00,94.36346718528443,94.47214731043474,93.0395490870029,93.49402618408203,6081700,0.0,0.0
2017-09-18 00:00:00-04:00,93.80030627142966,95.02541872567974,93.60270262538393,94.5906982421875,5990700,0.0,0.0
2017-09-19 00:00:00-04:00,94.81794331466683,95.05506015902539,94.01766925382631,94.20538330078125,3521000,0.0,0.0
2017-09-20 00:00:00-04:00,93.93861804155044,94.21525558755309,92.92098383826597,94.06705474853516,3362600,0.0,0.0
2017-09-21 00:00:00-04:00,93.68175459594603,93.95839219364353,93.03955586540013,93.72127532958984,2896100,0.0,0.0
2017-09-22 00:00:00-04:00,93.65210737436628,94.20538251921559,93.42486506112687,93.80030822753906,2254400,0.0,0.0
2017-09-25 00:00:00-04:00,93.7311457944177,93.75090238988933,91.00427581302895,91.35995483398438,5821100,0.0,0.0
2017-09-26 00:00:00-04:00,91.83417656219176,92.54553451160473,91.01414604510312,91.23149871826172,4558200,0.0,0.0
2017-09-27 00:00:00-04:00,91.79466270551275,92.53565930776789,91.50814311477058,92.09105682373047,2945100,0.0,0.0
2017-09-28 00:00:00-04:00,92.0910659608455,92.13058668809049,91.32043062408823,91.48838806152344,3017600,0.0,0.0
2017-09-29 00:00:00-04:00,91.65633962261391,92.34794099834869,91.50814632720628,92.29853820800781,4629700,0.0,0.0
2017-10-02 00:00:00-04:00,92.59494141511769,93.70149157421314,92.3281784033303,92.81230163574219,2755900,0.0,0.0
2017-10-03 00:00:00-04:00,93.03953862711691,94.3041717181721,92.82217840125284,94.21525573730469,4996800,0.0,0.0
2017-10-04 00:00:00-04:00,94.05717850017578,94.58082250213545,93.59282689798314,94.37333679199219,3128300,0.0,0.0
2017-10-05 00:00:00-04:00,94.3535758810723,94.72901147986781,93.54341982423405,94.58081817626953,3956300,0.0,0.0
2017-10-06 00:00:00-04:00,94.40298872070188,95.41074098145684,94.3239472584991,95.16374206542969,4402900,0.0,0.0
2017-10-09 00:00:00-04:00,95.17361896878512,95.59845738281355,94.8278220126709,95.11433410644531,2031300,0.0,0.0
2017-10-10 00:00:00-04:00,95.11433701466824,95.30205859850217,94.0769461146062,94.24490356445312,2028900,0.0,0.0
2017-10-11 00:00:00-04:00,94.24490761419298,94.85746765136719,93.69163244371879,94.85746765136719,2640800,0.0,0.0
2017-10-12 00:00:00-04:00,94.98589373924369,96.06281283295287,94.68949205236387,95.57868957519531,3118600,0.0,0.0
2017-10-13 00:00:00-04:00,95.98376905422413,96.45800269638059,95.52929200640425,95.77629089355469,2496000,0.0,0.0
2017-10-16 00:00:00-04:00,95.78617625247823,96.40861834267464,95.75653758871815,95.98377990722656,2544300,0.0,0.0
2017-10-17 00:00:00-04:00,95.7960615580535,95.83558229033916,94.77842719957665,95.55894470214844,2528300,0.0,0.0
2017-10-18 00:00:00-04:00,95.8059163306984,95.90471436436076,94.89696236051373,95.28227996826172,2876700,0.0,0.0
2017-10-19 00:00:00-04:00,95.24277513113064,96.0628132691212,94.95625550926135,96.0232925415039,2534100,0.0,0.0
2017-10-20 00:00:00-04:00,96.36908638083139,97.9893984718925,96.16160822088175,97.71276092529297,4588800,0.0,0.0
2017-10-23 00:00:00-04:00,97.88073536926981,98.24629649812476,97.11998198391227,97.25830078125,4024900,0.0,0.0
2017-10-24 00:00:00-04:00,97.07057276675891,97.53493192904622,96.63585226796933,97.47565460205078,3651400,0.0,0.0
2017-10-25 00:00:00-04:00,97.21876821002981,98.43399857263806,97.12984468667825,98.39447784423828,4687200,0.0,0.0
2017-10-26 00:00:00-04:00,98.62172618809544,99.55044451784829,98.10797176305026,98.84896850585938,3863300,0.0,0.0
2017-10-27 00:00:00-04:00,99.51092166563137,100.75579827759854,98.97740311764544,99.49115753173828,4030400,0.0,0.0
2017-10-30 00:00:00-04:00,99.49115753173828,99.76780264158204,98.71064761255673,99.49115753173828,2374600,0.0,0.0
2017-10-31 00:00:00-04:00,99.91599169010794,101.22014557244718,99.62947206336113,101.11146545410156,5111800,0.0,0.0
2017-11-01 00:00:00-04:00,102.42551194441596,102.67251086829339,100.08396697025572,100.72615814208984,3760800,0.0,0.0
2017-11-02 00:00:00-04:00,100.82495411003437,102.12910800200841,100.53843448117084,101.36834716796875,3212600,0.0,0.0
2017-11-03 00:00:00-04:00,101.62523638221869,101.83271457075601,100.47915777375482,101.47703552246094,3265500,0.0,0.0
2017-11-06 00:00:00-05:00,101.68451144046254,101.90187169154592,100.36060087522188,101.19051361083984,7046800,0.0,0.0
2017-11-07 00:00:00-05:00,103.68026716367257,103.73954449128308,100.52855859036242,101.4869155883789,5277100,0.0,0.0
2017-11-08 00:00:00-05:00,101.71413261216685,103.98652525276592,101.66473736038441,103.7691650390625,6674500,0.0,0.0
2017-11-09 00:00:00-05:00,103.07757857635947,103.18625869097617,101.18062891037167,102.35633850097656,5128600,0.0,0.0
2017-11-10 00:00:00-05:00,102.16863534377242,104.11498047221501,101.5955960489536,103.9766616821289,4675700,0.0,0.0
2017-11-13 00:00:00-05:00,103.73953464587579,104.68800948667256,103.73953464587579,104.51016998291016,4609500,0.0,0.0
2017-11-14 00:00:00-05:00,104.37185164197294,105.1029662547992,103.79881240103515,104.95477294921875,4366800,0.0,0.0
2017-11-15 00:00:00-05:00,104.60897796729732,105.7155358222252,103.73954449844528,104.16438293457031,4148400,0.0,0.0
2017-11-16 00:00:00-05:00,104.95477861553148,106.07121095875705,104.90537581913216,105.74517059326172,3708500,0.0,0.0
2017-11-17 00:00:00-05:00,105.90325651688741,106.5750938628186,105.44877942078817,106.28857421875,4407900,0.0,0.0
2017-11-20 00:00:00-05:00,107.39512128531119,107.69152298755627,105.72541380690193,106.08109283447266,5578500,0.0,0.0
2017-11-21 00:00:00-05:00,107.44452420558581,107.87924469263125,106.49604931023903,107.49392700195312,10682700,0.0,0.0
2017-11-22 00:00:00-05:00,105.5673258698021,106.19964243590721,104.77693393107477,105.54756927490234,9009600,0.0,0.0
2017-11-24 00:00:00-05:00,106.11073028739614,106.30832639476785,105.13261674163203,105.86373138427734,4000000,0.0,0.0
2017-11-27 00:00:00-05:00,105.50805343253806,105.99216917698233,104.58921720209005,105.30057525634766,5144200,0.0,0.0
2017-11-28 00:00:00-05:00,104.8263278298829,105.60684522995784,104.52005161715007,105.1820068359375,4794300,0.0,0.0
2017-11-29 00:00:00-05:00,104.48053715860799,104.60897387601938,101.55607101832723,102.28718566894531,6851000,0.0,0.0
2017-11-30 00:00:00-05:00,102.34646312454441,103.25542482782537,101.53630701396091,103.06770324707031,5201800,0.0,0.0
2017-12-01 00:00:00-05:00,102.61322630921208,103.57158327238643,101.59559202058232,102.58358764648438,4797600,0.0,0.0
2017-12-04 00:00:00-05:00,103.3443466697388,103.48266546198008,98.63161059052646,98.6513671875,9116000,0.0,0.0
2017-12-05 00:00:00-05:00,98.3549706494884,100.4396420883595,97.49541171446194,99.48128509521484,5323800,0.0,0.0
2017-12-06 00:00:00-05:00,99.0564373671072,102.08958344737744,98.79955640985536,101.68450164794922,4571000,0.0,0.0
2017-12-07 00:00:00-05:00,102.40573765836301,102.88985335495383,101.40786006767739,102.82069396972656,3900100,0.0,0.0
2017-12-08 00:00:00-05:00,103.73952802194528,104.08532494112359,101.97101516351044,102.19825744628906,4171500,0.0,0.0
2017-12-11 00:00:00-05:00,103.136856225849,103.462896570736,102.12910406815314,103.2850570678711,3357200,0.0,0.0
2017-12-12 00:00:00-05:00,103.69013208631823,103.79881220207426,102.04018129301572,102.42549896240234,4683600,0.0,0.0
2017-12-13 00:00:00-05:00,102.57371380275241,103.34434924668685,102.46503367216586,102.69227600097656,4067500,0.0,0.0
2017-12-14 00:00:00-05:00,102.94914198985174,103.9371376232968,102.69226855237814,102.98866271972656,4464900,0.0,0.0
2017-12-15 00:00:00-05:00,103.50242519840073,104.38174071362877,102.06982699991063,104.21378326416016,7261100,0.0,0.0
2017-12-18 00:00:00-05:00,104.1347389214932,104.6089725936667,103.53206099567443,103.8185806274414,3931400,0.0,0.0
2017-12-19 00:00:00-05:00,103.33445566919814,103.90749492340701,102.23778749346485,103.0084228515625,3942100,0.0,0.0
2017-12-20 00:00:00-05:00,103.00843132752973,103.24554817926885,101.57583307412732,102.14887237548828,3673500,0.0,0.0
2017-12-21 00:00:00-05:00,102.48477874318233,102.79105494269317,102.08957902709273,102.3760986328125,2486800,0.0,0.0
2017-12-22 00:00:00-05:00,102.05006809049017,102.25754626533211,100.79530943688299,101.39798736572266,3538300,0.0,0.0
2017-12-26 00:00:00-05:00,100.93361596678429,101.36832882691547,100.10369589233953,101.30905151367188,2524600,0.0,0.0
2017-12-27 00:00:00-05:00,101.35846263722271,101.57582287023547,100.8644648486694,101.4177474975586,2038600,0.0,0.0
2017-12-28 00:00:00-05:00,101.40787519141318,101.6647561767712,101.13123760924705,101.55607604980469,2719400,0.0,0.0
2017-12-29 00:00:00-05:00,101.37823562628043,101.93151078569537,100.98303585335174,101.00279998779297,2498800,0.0,0.0
2018-01-02 00:00:00-05:00,101.64499176364563,103.44314358060731,101.04231380223129,103.15663146972656,4669200,0.0,0.0
2018-01-03 00:00:00-05:00,103.64072911223813,104.86584141757005,103.36409157920906,104.02604675292969,3888700,0.0,0.0
2018-01-04 00:00:00-05:00,104.72753857410564,106.36761496615013,104.50029625867698,105.39937591552734,4540200,0.0,0.0
2018-01-05 00:00:00-05:00,106.46639989790643,106.9999183860101,105.913117278128,106.80231475830078,3368400,0.0,0.0
2018-01-08 00:00:00-05:00,106.70352296366443,107.82983732525624,106.27868456146344,107.5531997680664,2933600,0.0,0.0
2018-01-09 00:00:00-05:00,107.69152845044168,108.02744336140493,106.95053169504874,107.83972930908203,3302300,0.0,0.0
2018-01-10 00:00:00-05:00,107.37536481335663,108.17563885740988,106.93076979728446,107.49392700195312,3113300,0.0,0.0
2018-01-11 00:00:00-05:00,107.69150805020016,108.08670775244126,107.36546773051569,107.7903060913086,3668100,0.0,0.0
2018-01-12 00:00:00-05:00,107.91876347010108,109.38099274730003,107.6026051773709,108.91663360595703,5749500,0.0,0.0
2018-01-16 00:00:00-05:00,109.51930266488843,110.10222394550236,106.93075920823897,107.58283233642578,5790800,0.0,0.0
2018-01-17 00:00:00-05:00,108.43252788934022,109.05496246566324,107.91877344285584,108.71904754638672,4254700,0.0,0.0
2018-01-18 00:00:00-05:00,108.90676179315133,110.82346819283792,108.89687972624849,110.42826843261719,3842800,0.0,0.0
2018-01-19 00:00:00-05:00,110.86298705345246,111.05070863239916,110.27019119202033,110.58634948730469,3120900,0.0,0.0
2018-01-22 00:00:00-05:00,110.28994401376471,111.60397994581106,109.6773915776289,111.53482055664062,2214700,0.0,0.0
2018-01-23 00:00:00-05:00,111.82135316350892,112.39439247620524,111.32735531555876,111.88063049316406,2816800,0.0,0.0
2018-01-24 00:00:00-05:00,112.26593564344948,112.47341381182444,111.14950334567716,111.49530029296875,4975500,0.0,0.0
2018-01-25 00:00:00-05:00,111.92013589408981,112.10785746269458,110.55670473412904,110.61598205566406,4715100,0.0,0.0
2018-01-26 00:00:00-05:00,111.36686678631345,112.5524585076727,110.68514740073729,112.33509826660156,3927400,0.0,0.0
2018-01-29 00:00:00-05:00,112.33510312099705,113.03658667033415,111.49530832059305,111.93991088867188,3181500,0.0,0.0
2018-01-30 00:00:00-05:00,111.07046550645259,112.08809978639323,110.49742623924831,110.88275146484375,3737700,0.0,0.0
2018-01-31 00:00:00-05:00,111.70278495371542,113.14525768754818,111.28782859284748,112.54258728027344,4181800,0.0,0.0
2018-02-01 00:00:00-05:00,111.93990988561869,112.89825933200935,111.17914901581145,111.38662719726562,4302800,0.0,0.0
2018-02-02 00:00:00-05:00,110.68515173101272,111.00131003826463,109.3809977713725,109.45015716552734,4403800,0.0,0.0
2018-02-05 00:00:00-05:00,107.83972043967889,110.27018869293401,106.20952620432986,106.35772705078125,6124000,0.0,0.0
2018-02-06 00:00:00-05:00,103.7494193270598,108.30407961361881,102.44526544586815,108.25467681884766,6857900,0.0,0.0
2018-02-07 00:00:00-05:00,107.76068852915142,110.94203582518651,107.5038075417338,108.72892761230469,4515400,0.0,0.0
2018-02-08 00:00:00-05:00,108.77830626733649,108.85734771875359,102.7515350462252,102.78117370605469,6803800,0.0,0.0
2018-02-09 00:00:00-05:00,104.05569398584855,106.81220255333403,101.14111004552443,105.69577026367188,6615800,0.0,0.0
2018-02-12 00:00:00-05:00,106.40712306407931,108.16576156316395,104.98441452633439,107.2469253540039,4624100,0.0,0.0
2018-02-13 00:00:00-05:00,106.71340560119184,106.78256499085943,104.65837296848619,106.39724731445312,7542800,0.0,0.0
2018-02-14 00:00:00-05:00,105.44877745162984,107.90888447246044,105.44877745162984,107.7112808227539,7428000,0.0,0.0
2018-02-15 00:00:00-05:00,110.96178053190206,112.06833828867279,108.72891596131919,111.7620620727539,8341900,0.0,0.0
2018-02-16 00:00:00-05:00,111.48540859832063,112.77968782898871,111.31745117239974,111.50517272949219,4667300,0.0,0.0
2018-02-20 00:00:00-05:00,111.10010178146744,113.8763745325965,110.93214433918152,112.977294921875,4287800,0.0,0.0
2018-02-21 00:00:00-05:00,113.39225550856683,114.28145308603078,112.79945963619369,113.10574340820312,4976500,0.0,0.0
2018-02-22 00:00:00-05:00,113.14525125668007,113.61949245486639,111.12974689336055,111.64350128173828,4763400,0.0,0.0
2018-02-23 00:00:00-05:00,112.26593537905504,113.57997131347656,111.38661991323808,113.57997131347656,4173500,0.0,0.0
2018-02-26 00:00:00-05:00,114.71616107708438,115.39788040182688,113.98504649874792,115.24967956542969,5418900,0.0,0.0
2018-02-27 00:00:00-05:00,115.8918918296857,116.19816806662801,114.37037763636415,115.07185363769531,5908200,0.0,0.0
2018-02-28 00:00:00-05:00,115.59548891129033,116.73168539533052,114.82485352459774,114.8544921875,9684400,0.0,0.0
2018-03-01 00:00:00-05:00,119.45855180946785,120.99982253588927,116.6328837858231,117.9963150024414,15555500,0.0,0.0
2018-03-02 00:00:00-05:00,117.225678625723,120.86150270974552,116.22780096613256,120.4564208984375,10627500,0.0,0.0
2018-03-05 00:00:00-05:00,118.55946817203444,121.46417755434784,118.22355329702818,121.02945709228516,10121300,0.0,0.0
2018-03-06 00:00:00-05:00,121.3950213755336,123.19317305550332,121.27645919061614,122.9856948852539,8154800,0.0,0.0
2018-03-07 00:00:00-05:00,121.89889687727617,124.26020580596021,121.70130076840717,123.82549285888672,6750400,0.0,0.0
2018-03-08 00:00:00-05:00,124.25032853829923,125.76196059747257,124.19104367669857,124.84312438964844,6127900,0.0,0.0
2018-03-09 00:00:00-05:00,125.66316344243873,125.96943966796417,124.7344451614155,125.88052368164062,5637800,0.0,0.0
2018-03-12 00:00:00-04:00,126.33499094515827,126.66102374083523,125.25807189941406,125.25807189941406,5609800,0.0,0.0
2018-03-13 00:00:00-04:00,126.35476551446966,126.5721257677147,124.22069878893679,125.20869445800781,4641800,0.0,0.0
2018-03-14 00:00:00-04:00,125.52484909943301,127.32299332523174,124.99133054920117,126.45355987548828,5402400,0.0,0.0
2018-03-15 00:00:00-04:00,126.46343779722675,126.91792241008183,125.14940182979095,125.69280242919922,4603500,0.0,0.0
2018-03-16 00:00:00-04:00,125.7619710743739,126.41404430383808,124.18117949314835,124.45781707763672,6662900,0.0,0.0
2018-03-19 00:00:00-04:00,123.52908580793165,124.25032589590371,121.98781511963983,123.47969055175781,6830400,0.0,0.0
2018-03-20 00:00:00-04:00,123.0943750749388,125.30749077001971,122.95605628622232,123.6180191040039,7113600,0.0,0.0
2018-03-21 00:00:00-04:00,120.10073304901479,122.53120112468797,118.75705853823176,120.23905181884766,14824000,0.0,0.0
2018-03-22 00:00:00-04:00,118.95467130906229,119.21155227470166,116.03020524837966,116.62300109863281,10950500,0.0,0.0
2018-03-23 00:00:00-04:00,116.59336146373523,116.66252085339077,112.93777326503432,113.05633544921875,10902100,0.0,0.0
2018-03-26 00:00:00-04:00,116.82059948355118,117.82835923268411,113.65901652860313,117.54183959960938,13171700,0.0,0.0
2018-03-27 00:00:00-04:00,118.64839027326828,118.71755720289765,111.36686738508544,112.44377899169922,8304700,0.0,0.0
2018-03-28 00:00:00-04:00,111.79169587595572,113.481167329969,110.00341883856471,111.52493286132812,6489500,0.0,0.0
2018-03-29 00:00:00-04:00,112.54258361100273,115.85236739863959,111.16926277761432,114.90389251708984,7794700,0.0,0.0
2018-04-02 00:00:00-04:00,114.51857146238808,116.26732032489414,112.24617860996217,113.9158935546875,6461300,0.0,0.0
2018-04-03 00:00:00-04:00,115.35836152810099,116.04007332597928,113.22428754046172,115.09159851074219,5193300,0.0,0.0
2018-04-04 00:00:00-04:00,112.69076627108969,118.24330379093853,112.63148895216067,118.04570770263672,6389300,0.0,0.0
2018-04-05 00:00:00-04:00,118.95466699700448,119.58698355272772,117.24543136062866,117.61099243164062,5052400,0.0,0.0
2018-04-06 00:00:00-04:00,116.68228245982078,117.55172343889792,113.57009471604185,114.70629119873047,5385500,0.0,0.0
2018-04-09 00:00:00-04:00,115.73379270529539,117.79870722777574,115.73379270529539,115.78319549560547,4104200,0.0,0.0
2018-04-10 00:00:00-04:00,117.49243059888859,118.67802979773846,116.26731821077087,118.05558776855469,3693000,0.0,0.0
2018-04-11 00:00:00-04:00,117.89752593744976,119.26095725800567,117.44304883059779,117.72956848144531,3059400,0.0,0.0
2018-04-12 00:00:00-04:00,118.55947731986537,120.26871310119587,117.907396576458,119.94267272949219,4419900,0.0,0.0
2018-04-13 00:00:00-04:00,120.4761873071799,120.4761873071799,117.07747999070958,117.58135986328125,4933100,0.0,0.0
2018-04-16 00:00:00-04:00,119.49806914600205,119.52771534683795,117.23556577308108,117.9765625,4464700,0.0,0.0
2018-04-17 00:00:00-04:00,118.95466363052734,122.3731272687268,118.56934597584467,121.86924743652344,5524600,0.0,0.0
2018-04-18 00:00:00-04:00,122.04709851938193,123.2425723227521,120.76270872778657,122.96593475341797,4321800,0.0,0.0
2018-04-19 00:00:00-04:00,122.55097552127152,123.02520918961868,121.70129869952393,122.57073211669922,3657000,0.0,0.0
2018-04-20 00:00:00-04:00,122.52132097026673,122.88687447183479,120.58485074372568,121.3456039428711,2971000,0.0,0.0
2018-04-23 00:00:00-04:00,121.71119339194999,123.07462475214501,119.78459724323397,120.42679595947266,3932700,0.0,0.0
2018-04-24 00:00:00-04:00,121.8593831643979,122.04710475509802,115.50657819855579,116.46492767333984,5379300,0.0,0.0
2018-04-25 00:00:00-04:00,116.35623898869531,116.81072359989349,113.65901521043214,115.9116439819336,5080500,0.0,0.0
2018-04-26 00:00:00-04:00,117.27508103576108,120.6046291011117,116.74157001623168,119.3795166015625,4998800,0.0,0.0
2018-04-27 00:00:00-04:00,120.1698947420477,120.17977680802775,118.11486974885635,118.77682495117188,3801200,0.0,0.0
2018-04-30 00:00:00-04:00,119.41904299642411,120.2390736988528,118.3421237635487,119.53759765625,2788300,0.0,0.0
2018-05-01 00:00:00-04:00,119.42891506009543,121.83962693089582,118.97443795192648,121.63214874267578,3873900,0.0,0.0
2018-05-02 00:00:00-04:00,120.82196754714919,122.48180024672827,120.27856702075441,121.3456039428711,3671000,0.0,0.0
2018-05-03 00:00:00-04:00,121.1480214210501,123.49944820118984,120.2094210920362,122.91653442382812,4435600,0.0,0.0
2018-05-04 00:00:00-04:00,122.88689689186408,124.32936964405637,121.50370900469932,123.6180191040039,6341200,0.0,0.0
2018-05-07 00:00:00-04:00,124.27997324655502,126.15716648199522,123.95393287421786,125.44580841064453,4342000,0.0,0.0
2018-05-08 00:00:00-04:00,125.07035557730214,127.41191532941788,124.98143959415769,127.20442962646484,4467800,0.0,0.0
2018-05-09 00:00:00-04:00,127.33286606071982,128.18254280172866,125.8014700062066,128.1726531982422,4605300,0.0,0.0
2018-05-10 00:00:00-04:00,128.39003141936914,129.42742986470586,127.50084136657605,129.05198669433594,3772400,0.0,0.0
2018-05-11 00:00:00-04:00,128.4394475017311,129.27924991948993,127.34277161619158,129.0618896484375,3233200,0.0,0.0
2018-05-14 00:00:00-04:00,129.2199429621776,129.42742867959197,125.63352904484209,126.15716552734375,4169800,0.0,0.0
2018-05-15 00:00:00-04:00,125.4062815580324,127.04635033108326,124.57636133603638,126.59188079833984,2933100,0.0,0.0
2018-05-16 00:00:00-04:00,127.16490481222876,127.42177820970278,126.38437994100278,127.22418212890625,2439900,0.0,0.0
2018-05-17 00:00:00-04:00,127.63914777648336,127.9059107966989,124.04284457018558,124.5368423461914,5557000,0.0,0.0
2018-05-18 00:00:00-04:00,124.54673074135246,126.18680715844344,124.35901669127978,125.43592834472656,3612300,0.0,0.0
2018-05-21 00:00:00-04:00,126.46343454119098,126.80923902526102,124.48744337648486,124.8530044555664,2887200,0.0,0.0
2018-05-22 00:00:00-04:00,125.13952174866398,125.52483941558172,123.75632645156566,123.93416595458984,2789800,0.0,0.0
2018-05-23 00:00:00-04:00,123.38088793081766,126.55235290527344,123.08449377322292,126.55235290527344,4303900,0.0,0.0
2018-05-24 00:00:00-04:00,127.26370140811002,127.82686609473936,125.86074956898345,127.19454956054688,5972400,0.0,0.0
2018-05-25 00:00:00-04:00,127.18467299479943,127.69843494262722,126.08800478230029,126.42391967773438,4031800,0.0,0.0
2018-05-29 00:00:00-04:00,125.22843585081912,126.00895323915998,124.60600136848504,125.35687255859375,8141900,0.0,0.0
2018-05-30 00:00:00-04:00,130.7118356452113,130.95883457308372,126.30536813869523,127.74784851074219,14170900,0.0,0.0
2018-05-31 00:00:00-04:00,127.81697137714237,129.41753431810332,126.86850415160933,127.77745819091797,6408300,0.0,0.0
2018-06-01 00:00:00-04:00,128.3208846572629,129.29899073903948,126.80925246213747,128.9532012939453,6132800,0.0,0.0
2018-06-04 00:00:00-04:00,128.82475244154386,131.20582558064768,128.04424250985488,131.0576171875,4860700,0.0,0.0
2018-06-05 00:00:00-04:00,131.5417476774603,133.01386670643979,131.37379021653535,132.50997924804688,5123200,0.0,0.0
2018-06-06 00:00:00-04:00,132.71743483391052,134.08087342252526,132.50994914953299,133.92279052734375,4766900,0.0,0.0
2018-06-07 00:00:00-04:00,133.92279112219967,134.1203872042469,129.1606456441037,131.31448364257812,6564100,0.0,0.0
2018-06-08 00:00:00-04:00,130.11902907050026,132.07525631120683,129.24960311664057,131.92706298828125,3486600,0.0,0.0
2018-06-11 00:00:00-04:00,132.27285255416464,133.05336242602257,131.6602850455558,132.37164306640625,3443100,0.0,0.0
2018-06-12 00:00:00-04:00,133.33988542970107,135.8493874815438,133.03359414713466,134.624267578125,5319900,0.0,0.0
2018-06-13 00:00:00-04:00,134.73296016196792,135.8395255265686,133.97221437610017,134.8614044189453,5809300,0.0,0.0
2018-06-14 00:00:00-04:00,135.35538160862313,138.07236919565756,135.2467015021172,136.7484588623047,6494900,0.0,0.0
2018-06-15 00:00:00-04:00,136.41254401514615,137.28196979157914,135.1577855265072,136.7484588623047,7711100,0.0,0.0
2018-06-18 00:00:00-04:00,135.36527933310074,138.50711335691796,135.26648881292093,138.12179565429688,4202400,0.0,0.0
2018-06-19 00:00:00-04:00,136.42243769662488,138.03287538942533,135.58263538520478,137.84515380859375,4833700,0.0,0.0
2018-06-20 00:00:00-04:00,138.3193675257304,140.4139131240662,137.15354009287998,137.2720947265625,5341400,0.0,0.0
2018-06-21 00:00:00-04:00,137.40054004335443,138.37864593015178,135.4739367771837,136.22482299804688,3912800,0.0,0.0
2018-06-22 00:00:00-04:00,135.61225684177342,135.6517851041,132.34199415034294,133.38926696777344,7466000,0.0,0.0
2018-06-25 00:00:00-04:00,132.62855455573384,133.27074576128442,130.08939824866604,131.59115600585938,6969800,0.0,0.0
2018-06-26 00:00:00-04:00,133.1422796677407,135.5233526468181,132.21357648093726,133.8536376953125,7043100,0.0,0.0
2018-06-27 00:00:00-04:00,135.0392452594351,135.77036750584722,131.50223391422358,131.62078857421875,6851600,0.0,0.0
2018-06-28 00:00:00-04:00,132.38153059022153,134.25871612508976,131.59113112662908,133.49795532226562,6333700,0.0,0.0
2018-06-29 00:00:00-04:00,134.6440338578441,136.05687534950783,134.2685907204369,134.76258850097656,5229500,0.0,0.0
2018-07-02 00:00:00-04:00,134.51558210086463,138.78372992273748,133.67579496620098,138.74420166015625,6399200,0.0,0.0
2018-07-03 00:00:00-04:00,138.91218009557346,139.06037339754482,136.05687356453836,136.185302734375,3164700,0.0,0.0
2018-07-05 00:00:00-04:00,137.5882604278844,138.21070247374408,136.56075164761748,138.09214782714844,5576700,0.0,0.0
2018-07-06 00:00:00-04:00,138.50710941678966,140.02861604970857,137.3412667371412,139.70257568359375,5045800,0.0,0.0
2018-07-09 00:00:00-04:00,140.93757358299402,141.15493383226047,138.2008364842055,140.05825805664062,5183100,0.0,0.0
2018-07-10 00:00:00-04:00,140.59176641808696,141.78723256265442,139.81124150990723,140.73995971679688,3643700,0.0,0.0
2018-07-11 00:00:00-04:00,139.5148524338838,143.8916653016656,139.3271308751094,143.50634765625,6168000,0.0,0.0
2018-07-12 00:00:00-04:00,144.04975385484056,146.91493491262707,144.04975385484056,146.3814239501953,4681000,0.0,0.0
2018-07-13 00:00:00-04:00,145.97634673207514,146.2233456267149,143.66444069639525,145.83802795410156,3941800,0.0,0.0
2018-07-16 00:00:00-04:00,146.06527247340918,146.90507480153093,145.05752777040365,145.1958465576172,3592100,0.0,0.0
2018-07-17 00:00:00-04:00,143.6644382370616,145.67006802115327,141.36240676935302,145.25511169433594,5133900,0.0,0.0
2018-07-18 00:00:00-04:00,145.255128484733,146.41108161640415,144.01024428476595,146.06527709960938,2908100,0.0,0.0
2018-07-19 00:00:00-04:00,145.2353801912388,146.22337597485264,144.85006243865416,145.39346313476562,3590600,0.0,0.0
2018-07-20 00:00:00-04:00,145.67005246367086,146.1442860614405,144.92905587157455,145.1068878173828,2462200,0.0,0.0
2018-07-23 00:00:00-04:00,145.10691584540237,145.86767671473743,143.06177269550784,145.78863525390625,2538100,0.0,0.0
2018-07-24 00:00:00-04:00,146.76673654524598,147.0631382144184,143.43718141333954,144.24734497070312,4052300,0.0,0.0
2018-07-25 00:00:00-04:00,144.37578771172105,147.5571344381824,144.2473434721039,147.0828857421875,4056900,0.0,0.0
2018-07-26 00:00:00-04:00,146.20358970169968,146.96435056107094,143.93119672832108,145.79852294921875,3414300,0.0,0.0
2018-07-27 00:00:00-04:00,146.47033087534405,146.4999695338902,140.6708021937177,142.18243408203125,5924400,0.0,0.0
2018-07-30 00:00:00-04:00,141.8168978190488,142.00461941636397,133.89318306594467,136.373046875,9522000,0.0,0.0
2018-07-31 00:00:00-04:00,137.0152178250121,138.11189350604403,133.7647190468921,135.5035858154297,7442900,0.0,0.0
2018-08-01 00:00:00-04:00,136.34341808419288,139.20859982527966,135.85929472319273,136.02725219726562,5098100,0.0,0.0
2018-08-02 00:00:00-04:00,135.40481052832035,139.6037921549609,135.10840881013985,139.44570922851562,3779200,0.0,0.0
2018-08-03 00:00:00-04:00,139.83100127177315,140.03848695909826,136.75833467774999,139.3468780517578,3463500,0.0,0.0
2018-08-06 00:00:00-04:00,139.19869748691636,141.13517546844702,138.9615731190913,140.99685668945312,3247300,0.0,0.0
2018-08-07 00:00:00-04:00,141.80700560145797,142.87404264603745,141.0166061155899,142.70608520507812,3928300,0.0,0.0
2018-08-08 00:00:00-04:00,142.72586912380038,143.8916968434694,141.4414716656635,143.42733764648438,3026700,0.0,0.0
2018-08-09 00:00:00-04:00,143.55577233765504,145.08716862497343,143.34828661589248,144.0695343017578,3572600,0.0,0.0
2018-08-10 00:00:00-04:00,143.19020533077605,145.2353636056003,142.61718110826337,143.76324462890625,2748500,0.0,0.0
2018-08-13 00:00:00-04:00,143.88180025818002,145.4131813373059,142.48872288076612,142.71595764160156,2880400,0.0,0.0
2018-08-14 00:00:00-04:00,144.42519883490453,145.00812773376114,142.83454028947403,144.81053161621094,3474700,0.0,0.0
2018-08-15 00:00:00-04:00,144.32639775846704,146.10479283758883,141.87617291368605,143.2988739013672,4476900,0.0,0.0
2018-08-16 00:00:00-04:00,144.75122616221051,145.1464334372967,143.47671850464567,143.9805908203125,3704000,0.0,0.0
2018-08-17 00:00:00-04:00,143.75334739543675,144.25721968073537,142.22195133245853,143.27911376953125,2865600,0.0,0.0
2018-08-20 00:00:00-04:00,143.46684814576267,144.30663536294782,142.58753266211204,143.96084594726562,2882200,0.0,0.0
2018-08-21 00:00:00-04:00,144.65244575102759,147.0038651306185,143.61504731045835,143.7830047607422,4063700,0.0,0.0
2018-08-22 00:00:00-04:00,143.84226166389985,145.43293502675752,143.3087507255494,144.7018280029297,4245300,0.0,0.0
2018-08-23 00:00:00-04:00,145.06742412864764,146.55929234919796,144.31655275301785,146.055419921875,6196300,0.0,0.0
2018-08-24 00:00:00-04:00,146.71735423222995,150.55078218384196,146.71735423222995,150.47174072265625,4882000,0.0,0.0
2018-08-27 00:00:00-04:00,152.8528173983238,153.0207748538742,148.39694725900756,149.8591766357422,5814800,0.0,0.0
2018-08-28 00:00:00-04:00,150.20494487254996,151.5584937951645,149.74058581175544,151.15342712402344,5266900,0.0,0.0
2018-08-29 00:00:00-04:00,151.4893567871502,153.10966885721007,151.21271924413622,152.94171142578125,9018600,0.0,0.0
2018-08-30 00:00:00-04:00,149.30589986985086,151.89445876009026,147.7053517189005,150.31365966796875,14441000,0.0,0.0
2018-08-31 00:00:00-04:00,150.31365695327432,152.0228851993843,150.0765325710534,150.84716796875,6210500,0.0,0.0
2018-09-04 00:00:00-04:00,150.28401785428954,151.49924827396256,149.69121443826427,151.37081909179688,5310900,0.0,0.0
2018-09-05 00:00:00-04:00,150.5606641556688,150.9459818757354,145.31440939952395,146.8655548095703,7287400,0.0,0.0
2018-09-06 00:00:00-04:00,146.96433928357408,147.36942108058753,145.3143885104391,147.0433807373047,4190300,0.0,0.0
2018-09-07 00:00:00-04:00,146.06527095080608,149.59242260140937,145.72935605330585,148.62417602539062,3866800,0.0,0.0
2018-09-10 00:00:00-04:00,148.1993480225893,149.76038296416797,146.22335671562143,149.50350952148438,3872300,0.0,0.0
2018-09-11 00:00:00-04:00,149.2663821354987,151.90432866817443,148.81189751076474,151.0052490234375,4151000,0.0,0.0
2018-09-12 00:00:00-04:00,151.00525496711833,153.9000901268715,149.98762063049028,153.5048828125,5180800,0.0,0.0
2018-09-13 00:00:00-04:00,153.99887567086722,156.87394660306316,153.94948794933256,156.28114318847656,6213500,0.0,0.0
2018-09-14 00:00:00-04:00,156.05391108842875,156.8838238225882,154.4434884181088,155.5994415283203,4615300,0.0,0.0
2018-09-17 00:00:00-04:00,155.11532027944506,156.52814685206332,152.76388575929153,153.06028747558594,3899600,0.0,0.0
2018-09-18 00:00:00-04:00,152.90219931912202,156.13294927252886,152.89232478997647,154.1273193359375,3749600,0.0,0.0
2018-09-19 00:00:00-04:00,154.49285993821792,155.44134230322715,150.56064185489194,151.06451416015625,5546000,0.0,0.0
2018-09-20 00:00:00-04:00,151.44983912735634,154.19648076921487,149.8295269438494,153.63331604003906,4655600,0.0,0.0
2018-09-21 00:00:00-04:00,155.1844415077769,156.0637567925834,153.09977065382714,153.65304565429688,17991600,0.0,0.0
2018-09-24 00:00:00-04:00,153.51475305225352,157.00237613018575,151.48935916399668,156.87393188476562,5082100,0.0,0.0
2018-09-25 00:00:00-04:00,157.0913196341348,157.2296384320458,155.28328565568663,156.96287536621094,5699600,0.0,0.0
2018-09-26 00:00:00-04:00,157.1505690749853,158.0101203754819,155.46110513431162,156.42933654785156,4079700,0.0,0.0
2018-09-27 00:00:00-04:00,157.14069625666724,159.14632603006052,157.02212653848343,158.50411987304688,3930300,0.0,0.0
2018-09-28 00:00:00-04:00,158.07928276110874,158.92895950897432,157.03200992491483,157.1209259033203,4607700,0.0,0.0
2018-10-01 00:00:00-04:00,158.18796262404575,159.25499959009107,157.1110511300648,157.9409637451172,4297600,0.0,0.0
2018-10-02 00:00:00-04:00,157.35805785805925,157.6643340711094,154.8189020197243,155.37217712402344,4137000,0.0,0.0
2018-10-03 00:00:00-04:00,156.65658317551046,157.84217490499566,155.13507655320086,157.1901092529297,3561600,0.0,0.0
2018-10-04 00:00:00-04:00,156.30091615702847,156.9332327997065,151.9339769879679,153.04052734375,6206400,0.0,0.0
2018-10-05 00:00:00-04:00,153.00101036935772,154.72012826586467,150.63970131629605,153.20849609375,4963600,0.0,0.0
2018-10-08 00:00:00-04:00,152.3884622313493,152.7638903460181,143.85217998435033,146.8655548095703,10238700,0.0,0.0
2018-10-09 00:00:00-04:00,146.5395142201974,149.058890932688,145.44283850422687,146.71734619140625,5593300,0.0,0.0
2018-10-10 00:00:00-04:00,145.74909766683504,145.81824951122744,135.8888919060224,136.15565490722656,13660600,0.0,0.0
2018-10-11 00:00:00-04:00,135.7901168782169,140.45345728886517,134.81199581274228,137.56851196289062,10499300,0.0,0.0
2018-10-12 00:00:00-04:00,144.02012813409848,146.9643509092934,141.50073624624432,144.97848510742188,9371700,0.0,0.0
2018-10-15 00:00:00-04:00,144.93895075542088,144.93895075542088,139.62354470632516,140.2459716796875,6040800,0.0,0.0
2018-10-16 00:00:00-04:00,143.72370685941803,146.13441829601783,142.28122679345398,145.67005920410156,5383100,0.0,0.0
2018-10-17 00:00:00-04:00,146.5691341286203,146.5691341286203,143.6742995597542,145.24520874023438,3377900,0.0,0.0
2018-10-18 00:00:00-04:00,144.33626005723798,145.818253318331,139.73219737462807,141.12527465820312,5338200,0.0,0.0
2018-10-19 00:00:00-04:00,141.88603854113643,143.62490524518066,138.6948172032244,138.80349731445312,5141600,0.0,0.0
2018-10-22 00:00:00-04:00,139.99898368170992,142.07378062277803,137.52899450216097,141.23397827148438,4234900,0.0,0.0
2018-10-23 00:00:00-04:00,137.6475555657374,140.2657379009302,136.12603388460843,138.97146606445312,6462000,0.0,0.0
2018-10-24 00:00:00-04:00,139.53460386575725,139.80136687885386,131.40340491086616,131.6602783203125,7251500,0.0,0.0
2018-10-25 00:00:00-04:00,132.08510851540774,139.98907177987388,132.0653443860748,139.10975646972656,7792900,0.0,0.0
2018-10-26 00:00:00-04:00,134.1204079935695,137.53887953776368,131.01810229014993,133.89317321777344,7457000,0.0,0.0
2018-10-29 00:00:00-04:00,136.44222258622528,137.87481344515047,126.98709578120467,129.41757202148438,9212500,0.0,0.0
2018-10-30 00:00:00-04:00,128.8741609499612,131.39355298893904,126.49308770534672,130.58338928222656,10037900,0.0,0.0
2018-10-31 00:00:00-04:00,133.3003721379789,137.0448841176751,133.15217881978188,135.592529296875,6666400,0.0,0.0
2018-11-01 00:00:00-04:00,136.73857429784138,138.12177707485304,134.7724728562576,137.91429138183594,4668800,0.0,0.0
2018-11-02 00:00:00-04:00,138.45769453552427,138.86277632554874,134.46619918249758,135.1479034423828,4481400,0.0,0.0
2018-11-05 00:00:00-05:00,135.69131838735964,135.69131838735964,131.85790553275507,133.8141326904297,4629900,0.0,0.0
2018-11-06 00:00:00-05:00,133.7745857102778,136.34338006050433,131.38363839075436,132.3419952392578,4667100,0.0,0.0
2018-11-07 00:00:00-05:00,135.20721971216992,140.601667877082,134.79224824506755,140.08790588378906,5804000,0.0,0.0
2018-11-08 00:00:00-05:00,141.5007466485253,141.9058285073622,138.9912291053281,140.1669464111328,3986700,0.0,0.0
2018-11-09 00:00:00-05:00,139.36665299435728,139.36665299435728,133.42880503300114,135.27635192871094,5252500,0.0,0.0
2018-11-12 00:00:00-05:00,134.11052827869088,135.0194824223453,128.51846956006176,128.9334259033203,7571200,0.0,0.0
2018-11-13 00:00:00-05:00,129.9016567423063,132.16417509951586,127.40202909044869,130.57350158691406,6176300,0.0,0.0
2018-11-14 00:00:00-05:00,132.59890059230125,133.32013318351275,127.03648035204436,127.7972412109375,5729600,0.0,0.0
2018-11-15 00:00:00-05:00,127.64903720374434,131.35402095622698,124.78385579873812,130.89955139160156,6468700,0.0,0.0
2018-11-16 00:00:00-05:00,130.2672226406956,131.86777064857222,128.51846625114618,130.9588165283203,5126900,0.0,0.0
2018-11-19 00:00:00-05:00,130.02023582248674,130.6723015053129,118.97443642482797,119.55735778808594,14284700,0.0,0.0
2018-11-20 00:00:00-05:00,112.95753939618736,123.44017337452271,112.23629928747096,119.22142791748047,13829500,0.0,0.0
2018-11-21 00:00:00-05:00,122.70904691997231,124.24044307035638,120.15014200887782,122.10636901855469,7311300,0.0,0.0
2018-11-23 00:00:00-05:00,119.87351530565634,122.22494226419444,119.26095528249373,120.56510925292969,3009600,0.0,0.0
2018-11-26 00:00:00-05:00,122.98569295087124,125.42603569845504,122.17553687786499,124.89252471923828,9321200,0.0,0.0
2018-11-27 00:00:00-05:00,123.64764808103689,126.07811629811997,122.23481410313568,126.00895690917969,10558800,0.0,0.0
2018-11-28 00:00:00-05:00,136.81763173627664,139.19870484213018,130.38578555977986,138.9517059326172,25705400,0.0,0.0
2018-11-29 00:00:00-05:00,138.17119938723513,141.16482503761532,137.598160094092,138.04275512695312,7763000,0.0,0.0
2018-11-30 00:00:00-05:00,137.22271116158123,141.5007340084603,136.62003322990506,141.04624938964844,9401400,0.0,0.0
2018-12-03 00:00:00-05:00,144.5437861618409,145.30454713641805,140.84867650379962,142.41958618164062,7358900,0.0,0.0
2018-12-04 00:00:00-05:00,141.01660693823564,143.45695726194583,137.13379148934635,137.56851196289062,6978400,0.0,0.0
2018-12-06 00:00:00-05:00,133.1817880636145,140.35462951660156,131.15639440049907,140.35462951660156,9186600,0.0,0.0
2018-12-07 00:00:00-05:00,140.19654779545667,140.66090686125267,133.1225118576307,134.31797790527344,6225300,0.0,0.0
2018-12-10 00:00:00-05:00,133.5374754968794,137.81549782411616,131.5812335509903,135.6221466064453,5897000,0.0,0.0
2018-12-11 00:00:00-05:00,138.9022895139244,139.01096962647694,133.9623118081106,135.1479034423828,4548700,0.0,0.0
2018-12-12 00:00:00-05:00,140.08789956215188,142.30101529248267,137.87479890743865,138.40830993652344,6794300,0.0,0.0
2018-12-13 00:00:00-05:00,139.8013882752087,141.9058238911109,137.90443838471816,139.44570922851562,5122800,0.0,0.0
2018-12-14 00:00:00-05:00,137.2128361124661,139.020869900641,134.74284706997855,135.39491271972656,5354400,0.0,0.0
2018-12-17 00:00:00-05:00,132.6976807642208,133.87339788840194,128.4097836677142,129.25946044921875,8392400,0.0,0.0
2018-12-18 00:00:00-05:00,130.55373559752786,132.07524216047932,128.56786990500464,130.73158264160156,6668400,0.0,0.0
2018-12-19 00:00:00-05:00,130.3956588299661,134.86140329201734,127.9454338924267,129.58551025390625,7350700,0.0,0.0
2018-12-20 00:00:00-05:00,127.69842811958335,130.74145630086863,121.16777676320903,126.1966781616211,12265100,0.0,0.0
2018-12-21 00:00:00-05:00,127.02660635076253,127.83675493419865,120.98994486475249,121.4345474243164,12568600,0.0,0.0
2018-12-24 00:00:00-05:00,119.68579068521677,123.34137152155857,118.71755918356902,119.8735122680664,4721500,0.0,0.0
2018-12-26 00:00:00-05:00,121.04921029125661,129.32861020606677,120.65401810534908,129.2693328857422,8110900,0.0,0.0
2018-12-27 00:00:00-05:00,127.25383033596302,133.57699584960938,126.30534797110819,133.57699584960938,7967700,0.0,0.0
2018-12-28 00:00:00-05:00,134.36739377421432,135.23683467577388,131.01808948830816,133.063232421875,7276200,0.0,0.0
2018-12-31 00:00:00-05:00,134.36741809081659,136.31377086774037,132.87554997894262,135.32577514648438,5467700,0.0,0.0
2019-01-02 00:00:00-05:00,131.79859119683093,135.1874235375664,131.4528018236879,133.92279052734375,4783900,0.0,0.0
2019-01-03 00:00:00-05:00,131.87765362012505,133.1620509654379,128.53823861305207,128.83462524414062,6365700,0.0,0.0
2019-01-04 00:00:00-05:00,131.89741180158222,137.64755339507064,130.63277864728676,136.3038787841797,6650600,0.0,0.0
2019-01-07 00:00:00-05:00,139.32716446635243,141.66870956259888,137.12392309604576,140.51275634765625,9064800,0.0,0.0
2019-01-08 00:00:00-05:00,142.992597323806,144.7018405466102,141.17468905884218,143.97071838378906,9057300,0.0,0.0
2019-01-09 00:00:00-05:00,145.12666247897474,145.7293403539717,142.79499243028656,144.2374725341797,5445900,0.0,0.0
2019-01-10 00:00:00-05:00,142.0441220282858,145.44282907456716,142.03423242456,145.2748565673828,5116900,0.0,0.0
2019-01-11 00:00:00-05:00,144.8006416856249,146.2529965135606,143.8620488226586,145.7787628173828,5185200,0.0,0.0
2019-01-14 00:00:00-05:00,144.00036647734484,144.96859799646566,142.9629680261925,144.29676818847656,5815500,0.0,0.0
2019-01-15 00:00:00-05:00,144.59315927905217,148.0610183404078,144.04975869449373,147.39906311035156,5350400,0.0,0.0
2019-01-16 00:00:00-05:00,147.35952908001943,147.99184562396476,146.025744143499,146.75685119628906,3936800,0.0,0.0
2019-01-17 00:00:00-05:00,146.75688172478763,148.9107202940176,145.91709438464417,148.0215301513672,3743200,0.0,0.0
2019-01-18 00:00:00-05:00,150.0073694662629,151.43008550166618,148.43646012534515,150.67919921875,6151200,0.0,0.0
2019-01-22 00:00:00-05:00,148.53527020976512,149.56279418211673,145.63056043399678,147.16195678710938,5203300,0.0,0.0
2019-01-23 00:00:00-05:00,147.93259792457425,148.98976060263936,145.8775649763619,147.95236206054688,3335400,0.0,0.0
2019-01-24 00:00:00-05:00,148.14991563133202,148.6933161473255,144.76109845310643,145.1068878173828,6734700,0.0,0.0
2019-01-25 00:00:00-05:00,146.74699299298192,148.09066768279502,145.77876147514544,147.94247436523438,4600800,0.0,0.0
2019-01-28 00:00:00-05:00,146.39131409756862,146.42095276110956,144.34617093515678,145.5614013671875,4054700,0.0,0.0
2019-01-29 00:00:00-05:00,145.30453644934337,146.22336522425314,142.90369903235347,143.4372100830078,3915100,0.0,0.0
2019-01-30 00:00:00-05:00,145.42307796131175,147.89306701541213,144.32640221826654,147.3694305419922,4653400,0.0,0.0
2019-01-31 00:00:00-05:00,147.23110694454058,151.53876831708533,146.92483072394396,150.14569091796875,8615900,0.0,0.0
2019-02-01 00:00:00-05:00,150.57053979722224,154.07792757407495,149.25651877275214,153.99888610839844,5959200,0.0,0.0
2019-02-04 00:00:00-05:00,154.147070727705,156.99248767497116,153.54439283607002,155.82666015625,5264700,0.0,0.0
2019-02-05 00:00:00-05:00,156.43919953699262,157.96072100737084,155.92545274560538,157.08140563964844,4575600,0.0,0.0
2019-02-06 00:00:00-05:00,157.09130184398498,157.1901074351398,153.21836086545886,156.23175048828125,4205100,0.0,0.0
2019-02-07 00:00:00-05:00,154.08780930844978,155.17459548584608,151.51901456984518,153.07015991210938,4545500,0.0,0.0
2019-02-08 00:00:00-05:00,151.07441791954986,154.81891478639153,150.87682180537973,154.78927612304688,3018700,0.0,0.0
2019-02-11 00:00:00-05:00,156.3008926836943,159.56128100732624,155.67846573985216,157.99037170410156,7125500,0.0,0.0
2019-02-12 00:00:00-05:00,159.31429355103128,161.42860357249782,158.10893768989817,160.83580017089844,5631700,0.0,0.0
2019-02-13 00:00:00-05:00,161.47801790186318,161.6064621656942,158.34607337526336,158.47450256347656,5296000,0.0,0.0
2019-02-14 00:00:00-05:00,157.5556640625,158.51402102806998,154.8288015554159,157.5556640625,5061100,0.0,0.0
2019-02-15 00:00:00-05:00,159.05739970194728,159.28463444396033,156.19220372946052,157.14068603515625,5282000,0.0,0.0
2019-02-19 00:00:00-05:00,157.74338349929076,159.54152767915886,157.2296215583499,158.68197631835938,3883200,0.0,0.0
2019-02-20 00:00:00-05:00,158.40533080711694,159.5514092811104,155.32278946731546,156.63681030273438,7047200,0.0,0.0
2019-02-21 00:00:00-05:00,155.80690573764585,158.55353234600804,155.41171352121464,157.7137451171875,4463000,0.0,0.0
2019-02-22 00:00:00-05:00,158.54365299917225,159.76877295386635,158.27688996959847,159.37356567382812,4175000,0.0,0.0
2019-02-25 00:00:00-05:00,160.5591779315815,161.10257858898774,158.99814289558645,159.42298889160156,5076700,0.0,0.0
2019-02-26 00:00:00-05:00,158.87959137646928,161.4187476460142,157.95087297555585,161.04330444335938,4496300,0.0,0.0
2019-02-27 00:00:00-05:00,160.34178139247112,161.56690122693826,158.57327609915293,161.1618194580078,4278300,0.0,0.0
2019-02-28 00:00:00-05:00,161.043264286339,162.6240630948557,160.22322622353724,161.68545532226562,6908100,0.0,0.0
2019-03-01 00:00:00-05:00,163.1674841516545,164.15547985363392,159.80830479517164,162.554931640625,6919900,0.0,0.0
2019-03-04 00:00:00-05:00,163.57255194192217,163.79978671266434,153.55427698835243,156.59730529785156,17886300,0.0,0.0
2019-03-05 00:00:00-05:00,158.00024670203499,158.94872906423703,152.94171430526606,155.08566284179688,16042900,0.0,0.0
2019-03-06 00:00:00-05:00,155.2437516127616,158.32629302404027,154.4039493324656,154.90782165527344,7436300,0.0,0.0
2019-03-07 00:00:00-05:00,154.21620957321244,155.69820278089415,152.9515765753732,153.7321014404297,6916500,0.0,0.0
2019-03-08 00:00:00-05:00,150.19507823210617,153.54438233173298,148.44632199804525,153.19857788085938,4800700,0.0,0.0
2019-03-11 00:00:00-04:00,154.02849985694613,155.87606178257292,151.5881496480658,155.7574920654297,5699500,0.0,0.0
2019-03-12 00:00:00-04:00,156.10330628307733,157.4568554437396,155.2733935893406,156.37994384765625,4082100,0.0,0.0
2019-03-13 00:00:00-04:00,156.94311889869317,160.05529924260796,156.70599450962996,157.89158630371094,5230600,0.0,0.0
2019-03-14 00:00:00-04:00,159.01790957073254,159.65022623428095,157.822443180964,158.74127197265625,3247200,0.0,0.0
2019-03-15 00:00:00-04:00,158.71160045128775,160.2331069257339,157.27900995589815,159.57115173339844,6743700,0.0,0.0
2019-03-18 00:00:00-04:00,159.46248927881788,161.36932869153708,158.94874240364183,160.00588989257812,3575500,0.0,0.0
2019-03-19 00:00:00-04:00,160.56905008001175,162.6438318068764,159.66009593172583,161.9621124267578,4379000,0.0,0.0
2019-03-20 00:00:00-04:00,161.8732052938211,162.96988107929383,159.571173597266,161.5471649169922,4391000,0.0,0.0
2019-03-21 00:00:00-04:00,161.21123966777944,164.98539008261045,160.79628332633382,164.94586181640625,4277800,0.0,0.0
2019-03-22 00:00:00-04:00,163.96776170731485,164.49139818618502,159.4131012411223,159.56129455566406,5614300,0.0,0.0
2019-03-25 00:00:00-04:00,158.30652430957542,159.66008847778335,157.3086542215,158.94873046875,3795400,0.0,0.0
2019-03-26 00:00:00-04:00,159.4921104233318,160.1244420321559,155.50061513412905,157.48648071289062,6910300,0.0,0.0
2019-03-27 00:00:00-04:00,157.09130130954884,157.38770300638828,150.54088561942507,153.25787353515625,8218700,0.0,0.0
2019-03-28 00:00:00-04:00,153.82104134807,154.6015512589531,151.66720304513296,153.31715393066406,4424800,0.0,0.0
2019-03-29 00:00:00-04:00,154.98686342607428,156.59730106245956,153.5641473639445,156.46885681152344,4913100,0.0,0.0
2019-04-01 00:00:00-04:00,158.1780800922723,159.73909966157171,156.607155844308,159.24510192871094,4601100,0.0,0.0
2019-04-02 00:00:00-04:00,158.92894958128647,159.05739381470332,157.00236145810516,158.58314514160156,3158400,0.0,0.0
2019-04-03 00:00:00-04:00,159.837933957513,161.18160863534573,158.72149405645297,160.6678466796875,3819100,0.0,0.0
2019-04-04 00:00:00-04:00,160.75675370922286,160.84566968567205,153.95933987585303,156.61705017089844,6295200,0.0,0.0
2019-04-05 00:00:00-04:00,157.71373289882953,158.3164107813475,156.1230594761585,156.6565704345703,4315300,0.0,0.0
2019-04-08 00:00:00-04:00,156.49853630140888,156.8838540791249,154.5719474128288,156.5677032470703,2848400,0.0,0.0
2019-04-09 00:00:00-04:00,155.1548146910446,156.44910152633238,154.76949702919097,155.08566284179688,5642900,0.0,0.0
2019-04-10 00:00:00-04:00,156.3009170924916,158.45475556287872,155.75751644108996,158.31643676757812,3414700,0.0,0.0
2019-04-11 00:00:00-04:00,158.23735701704683,158.8993121683706,157.1110427919324,158.80050659179688,2578400,0.0,0.0
2019-04-12 00:00:00-04:00,160.05530002921492,160.54929786881127,157.58531083123322,158.78079223632812,2844200,0.0,0.0
2019-04-15 00:00:00-04:00,159.067277164391,160.08491133398974,157.57540937100228,158.16819763183594,2608400,0.0,0.0
2019-04-16 00:00:00-04:00,158.1188192794191,158.336179531337,155.85631584433247,156.7850341796875,3004800,0.0,0.0
2019-04-17 00:00:00-04:00,157.14073659119913,157.14073659119913,153.20851748868336,153.4752655029297,4765500,0.0,0.0
2019-04-18 00:00:00-04:00,153.04050503107928,154.33479186819454,151.33127694666038,154.117431640625,4391500,0.0,0.0
2019-04-22 00:00:00-04:00,153.5839088181758,157.22961489489236,153.41595137982827,156.8541717529297,2943300,0.0,0.0
2019-04-23 00:00:00-04:00,157.84217041956143,159.4624825881237,156.50838541514932,159.29452514648438,3418400,0.0,0.0
2019-04-24 00:00:00-04:00,159.936734076509,160.5394120012776,157.48649411071258,157.6445770263672,3384900,0.0,0.0
2019-04-25 00:00:00-04:00,160.05529054011194,161.92260166005522,159.06729491949395,161.1322021484375,5498400,0.0,0.0
2019-04-26 00:00:00-04:00,160.4702602079343,164.06656396238964,159.34394570998998,163.9677734375,3342900,0.0,0.0
2019-04-29 00:00:00-04:00,164.70875432371386,165.54854154453596,163.3453155614636,163.3749542236328,4509700,0.0,0.0
2019-04-30 00:00:00-04:00,163.2069836257475,164.44197803531867,161.65582341103075,163.3650665283203,3581800,0.0,0.0
2019-05-01 00:00:00-04:00,164.01713946267876,164.22462516604725,160.19360142365127,160.20347595214844,2707700,0.0,0.0
2019-05-02 00:00:00-04:00,159.74901032115423,160.7468804458412,157.71374180559712,159.8873291015625,3181100,0.0,0.0
2019-05-03 00:00:00-04:00,160.62834013307352,161.5372943533885,158.92898635034013,161.37921142578125,3131000,0.0,0.0
2019-05-06 00:00:00-04:00,156.71584322080017,160.88518548566847,155.96497205922952,160.5492706298828,2520600,0.0,0.0
2019-05-07 00:00:00-04:00,159.39333853778794,159.7292534375086,152.8923254123131,155.01651000976562,6541900,0.0,0.0
2019-05-08 00:00:00-04:00,155.22397336191307,156.0341218313088,153.17881544386054,154.9769744873047,4061300,0.0,0.0
2019-05-09 00:00:00-04:00,152.79350229741553,155.21410340027944,150.5606378324902,154.43357849121094,5809300,0.0,0.0
2019-05-10 00:00:00-04:00,154.4039669071461,158.68199010046735,152.52678110596847,158.02003479003906,4462200,0.0,0.0
2019-05-13 00:00:00-04:00,153.0602953442723,155.01652265139523,150.9459851035831,151.31153869628906,5694600,0.0,0.0
2019-05-14 00:00:00-04:00,153.18871919084827,156.68621694494936,151.0842837606898,156.17247009277344,4954000,0.0,0.0
2019-05-15 00:00:00-04:00,151.97347312474315,154.50273916066473,149.8789124398086,153.19857788085938,7783800,0.0,0.0
2019-05-16 00:00:00-04:00,154.878206548443,157.53591749725118,154.02852961026213,156.5775604248047,5048100,0.0,0.0
2019-05-17 00:00:00-04:00,154.30513588259024,155.27338236423603,151.33127474054658,152.7144775390625,5314000,0.0,0.0
2019-05-20 00:00:00-04:00,150.63968494078424,154.21622406044327,149.87892413486892,154.1075439453125,5437600,0.0,0.0
2019-05-21 00:00:00-04:00,155.47099278869882,155.9452264694651,153.31715447807167,153.9099578857422,3803100,0.0,0.0
2019-05-22 00:00:00-04:00,153.99886326480996,156.29102020256508,153.96922460403002,155.74761962890625,3170100,0.0,0.0
2019-05-23 00:00:00-04:00,154.1569490335835,154.46322525107078,150.32352136166617,151.86480712890625,4508200,0.0,0.0
2019-05-24 00:00:00-04:00,153.03062500537408,155.04612922652353,152.30939249922932,152.65518188476562,3151700,0.0,0.0
2019-05-28 00:00:00-04:00,153.48510926771684,155.9155697919908,152.53662694015603,153.3270263671875,4934100,0.0,0.0
2019-05-29 00:00:00-04:00,151.9142083888433,152.21061010418023,149.384941892454,151.05465698242188,4359500,0.0,0.0
2019-05-30 00:00:00-04:00,152.46747149538123,153.99885244682292,152.0525001223808,153.7913818359375,4418100,0.0,0.0
2019-05-31 00:00:00-04:00,150.82741702721805,152.62556124085484,149.4442140949574,149.59242248535156,5326900,0.0,0.0
2019-06-03 00:00:00-04:00,148.89093594614752,148.89093594614752,141.66869042323034,143.35816955566406,8835200,0.0,0.0
2019-06-04 00:00:00-04:00,144.29677953643946,149.10831392250384,140.79926620614066,148.9996337890625,12375100,0.0,0.0
2019-06-05 00:00:00-04:00,155.26351727359457,156.5973174906708,152.69473751470196,156.5380401611328,12072400,0.0,0.0
2019-06-06 00:00:00-04:00,156.5972785890385,158.07927176180542,155.441325723354,157.39755249023438,5601200,0.0,0.0
2019-06-07 00:00:00-04:00,157.92121906810456,161.03341437136828,157.58530416952763,159.3340606689453,7175300,0.0,0.0
2019-06-10 00:00:00-04:00,151.63757576813114,155.5599199019727,149.01939319418457,150.9558563232422,29856300,0.0,0.0
2019-06-11 00:00:00-04:00,153.44557934056388,153.84078658760095,147.00384443220247,148.34751892089844,15214300,0.0,0.0
2019-06-12 00:00:00-04:00,149.29601655515677,150.4914978711233,148.34753414057354,149.46397399902344,7161300,0.0,0.0
2019-06-13 00:00:00-04:00,150.33340270253964,150.41244415361368,148.44632763163705,149.5232391357422,5173800,0.0,0.0
2019-06-14 00:00:00-04:00,149.2268628736122,150.1555812373561,147.68559200425753,148.209228515625,6248200,0.0,0.0
2019-06-17 00:00:00-04:00,148.3969543645353,149.463991552904,148.07091396734336,148.48587036132812,4491800,0.0,0.0
2019-06-18 00:00:00-04:00,150.05677987464287,151.1139273507289,148.69334109225736,148.78225708007812,7317800,0.0,0.0
2019-06-19 00:00:00-04:00,149.869056110781,152.61568269352685,148.70321345463367,152.28964233398438,8095300,0.0,0.0
2019-06-20 00:00:00-04:00,154.4138019935562,156.38979289031,153.5542507776648,155.31288146972656,10153600,0.0,0.0
2019-06-21 00:00:00-04:00,154.78927216772414,155.89582243929505,154.06803958540502,154.9572296142578,9706900,0.0,0.0
2019-06-24 00:00:00-04:00,155.50062776184043,155.83654264959534,150.67920438233122,150.72860717773438,6378200,0.0,0.0
2019-06-25 00:00:00-04:00,150.99536647513696,151.13368525347232,146.80625978386942,147.54725646972656,7362500,0.0,0.0
2019-06-26 00:00:00-04:00,149.4639700168397,149.56277560500718,147.13229984687948,147.2508544921875,5844900,0.0,0.0
2019-06-27 00:00:00-04:00,148.0906582528244,148.95020959117699,146.68770632532284,148.8810577392578,6832800,0.0,0.0
2019-06-28 00:00:00-04:00,148.61428237489372,149.94808233977844,147.8041338983589,149.90855407714844,6936600,0.0,0.0
2019-07-01 00:00:00-04:00,152.71447390862727,152.88243133701414,150.02712490320727,152.21058654785156,6476400,0.0,0.0
2019-07-02 00:00:00-04:00,152.43780909952008,152.506976016295,150.7483453472753,152.2698516845703,4736300,0.0,0.0
2019-07-03 00:00:00-04:00,152.68481547174224,153.88029664071263,152.3093874392214,153.7222137451172,3885400,0.0,0.0
2019-07-05 00:00:00-04:00,152.10190797099764,152.95158472503275,150.73848439870156,152.72434997558594,3940900,0.0,0.0
2019-07-08 00:00:00-04:00,151.6771000165332,151.84505747195368,150.214855565312,150.97561645507812,4717400,0.0,0.0
2019-07-09 00:00:00-04:00,150.25436657908148,152.33903781377836,149.85915930969827,152.10191345214844,4979100,0.0,0.0
2019-07-10 00:00:00-04:00,152.71448401568463,154.5225026602913,152.71448401568463,154.39407348632812,4966300,0.0,0.0
2019-07-11 00:00:00-04:00,154.93749018131012,157.38771525298012,154.73987898429635,156.9925079345703,7083200,0.0,0.0
2019-07-12 00:00:00-04:00,157.4865042370511,157.7038644911482,155.5105128911628,156.18235778808594,4348000,0.0,0.0
2019-07-15 00:00:00-04:00,156.8541745177299,157.9212115645246,155.589541367962,157.73348999023438,3603700,0.0,0.0
2019-07-16 00:00:00-04:00,158.03977308145446,159.66995969086506,154.91770355947915,155.24374389648438,6913100,0.0,0.0
2019-07-17 00:00:00-04:00,155.7871486090279,158.00026431715787,155.76739955025002,156.34043884277344,4160500,0.0,0.0
2019-07-18 00:00:00-04:00,155.11529523169108,156.6763299481921,154.3347854112481,156.08352661132812,3724000,0.0,0.0
2019-07-19 00:00:00-04:00,157.81253943794616,158.81042468325907,154.4138320224832,154.86831665039062,5218800,0.0,0.0
2019-07-22 00:00:00-04:00,155.75749723026752,157.14070008829003,155.26349944003437,155.80690002441406,2909500,0.0,0.0
2019-07-23 00:00:00-04:00,156.08354153078048,156.54790067140013,153.41595641113818,154.3743133544922,4865800,0.0,0.0
2019-07-24 00:00:00-04:00,154.1075431684714,158.32628842922443,153.83090561782686,157.83229064941406,4110500,0.0,0.0
2019-07-25 00:00:00-04:00,158.19784902121856,159.19573421535287,156.7652584310717,157.43710327148438,6934500,0.0,0.0
2019-07-26 00:00:00-04:00,157.6445855185683,158.8894697018885,156.8245473095039,158.04966735839844,4979100,0.0,0.0
2019-07-29 00:00:00-04:00,158.4744974925786,159.26489703400043,153.65308893357823,154.33480834960938,8880500,0.0,0.0
2019-07-30 00:00:00-04:00,153.47522733969404,156.3206593890655,152.7638693273512,155.07579040527344,4241600,0.0,0.0
2019-07-31 00:00:00-04:00,155.50061592810056,155.9946136933052,150.47172229646472,152.6453094482422,7454200,0.0,0.0
2019-08-01 00:00:00-04:00,152.87257524574355,155.8859652406003,148.60444152688586,148.9996337890625,26124700,0.0,0.0
2019-08-02 00:00:00-04:00,148.00173062007434,148.10052112584341,143.56562534674987,143.95094299316406,13138900,0.0,0.0
2019-08-05 00:00:00-04:00,139.6432855364244,142.02435839797468,138.1217790432056,141.10552978515625,13070100,0.0,0.0
2019-08-06 00:00:00-04:00,142.06386024939872,143.2198282016109,140.25584182809393,141.08575439453125,6694000,0.0,0.0
2019-08-07 00:00:00-04:00,139.23822893321716,141.38219290215136,137.390681769641,139.93971252441406,7635500,0.0,0.0
2019-08-08 00:00:00-04:00,141.7971042238454,143.2198200138968,140.61151275734036,142.093505859375,8670300,0.0,0.0
2019-08-09 00:00:00-04:00,141.88606543920426,142.73574235835682,139.9891154727373,141.64894104003906,5286700,0.0,0.0
2019-08-12 00:00:00-04:00,139.85078464311644,140.26574099924028,138.36879119598123,139.03074645996094,4389500,0.0,0.0
2019-08-13 00:00:00-04:00,139.23820264310208,143.25935168177557,138.74420487868215,142.15280151367188,5205800,0.0,0.0
2019-08-14 00:00:00-04:00,139.5939004772672,140.65106307210468,136.21495712165841,138.04275512695312,8607800,0.0,0.0
2019-08-15 00:00:00-04:00,139.4061635037776,141.57975047052417,138.07236362102122,140.42379760742188,6647700,0.0,0.0
2019-08-16 00:00:00-04:00,141.34263586424908,143.59526443081324,140.8091249197955,142.1626739501953,5341100,0.0,0.0
2019-08-19 00:00:00-04:00,143.85216712915988,144.3856781263378,141.16481785862536,141.94532775878906,4632100,0.0,0.0
2019-08-20 00:00:00-04:00,142.42943836669164,144.74134427484526,141.3426372599791,143.79286193847656,6259200,0.0,0.0
2019-08-21 00:00:00-04:00,145.13654533238054,146.60866418050307,144.40543824824704,145.6107940673828,6142400,0.0,0.0
2019-08-22 00:00:00-04:00,147.69547429168688,148.10054104837553,143.72372758048033,146.46047973632812,11744500,0.0,0.0
2019-08-23 00:00:00-04:00,155.80689057060866,156.51824855143104,148.8415191358318,149.75048828125,26531900,0.0,0.0
2019-08-26 00:00:00-04:00,151.6671960475125,153.3468005938829,149.7010944918503,153.2776336669922,8975400,0.0,0.0
2019-08-27 00:00:00-04:00,152.40819048262412,154.02850260676237,150.6989623757528,151.7264862060547,6516500,0.0,0.0
2019-08-28 00:00:00-04:00,150.6693405475657,150.94597813071837,149.05890277194163,150.00738525390625,5326800,0.0,0.0
2019-08-29 00:00:00-04:00,151.55852350896185,154.1273181754664,150.82741639165255,154.0581512451172,5979900,0.0,0.0
2019-08-30 00:00:00-04:00,154.5422768568579,156.32067203154327,151.85492749858162,154.1964874267578,7591000,0.0,0.0
2019-09-03 00:00:00-04:00,152.35882038802197,153.45549619542885,149.9382189124501,150.89657592773438,4953800,0.0,0.0
2019-09-04 00:00:00-04:00,152.24022899580604,153.06026710230074,150.49148774611072,150.6298065185547,3604500,0.0,0.0
2019-09-05 00:00:00-04:00,152.78365421672123,152.8824598168208,150.1259433755929,151.92410278320312,5065400,0.0,0.0
2019-09-06 00:00:00-04:00,152.1216814100466,152.20072286591093,148.96009855355334,149.25650024414062,4722300,0.0,0.0
2019-09-09 00:00:00-04:00,149.83941874549217,150.32352694895295,146.31226715996354,147.74485778808594,6265500,0.0,0.0
2019-09-10 00:00:00-04:00,146.98408986534787,149.83939616231436,145.96645574025837,147.853515625,6249700,0.0,0.0
2019-09-11 00:00:00-04:00,148.28825207911714,152.79350948432503,147.25085371132465,152.240234375,6242400,0.0,0.0
2019-09-12 00:00:00-04:00,153.17883081561305,154.9177127157493,152.5564038405565,152.89231872558594,4993500,0.0,0.0
2019-09-13 00:00:00-04:00,152.46744939418093,153.05036303156237,150.90641493470915,151.14352416992188,3763500,0.0,0.0
2019-09-16 00:00:00-04:00,149.8295127619192,152.25011381707532,149.54300069786225,151.17318725585938,2592300,0.0,0.0
2019-09-17 00:00:00-04:00,151.16333613307438,151.6079311654011,149.90857742243088,150.98550415039062,3028500,0.0,0.0
2019-09-18 00:00:00-04:00,150.52113983704834,151.07441497619223,148.762508826648,150.93609619140625,2951200,0.0,0.0
2019-09-19 00:00:00-04:00,151.67709257412756,152.3983251592189,150.93609585536313,151.75613403320312,2947000,0.0,0.0
2019-09-20 00:00:00-04:00,152.83302652521323,154.99673908539955,151.77586410240934,153.33689880371094,11733000,0.0,0.0
2019-09-23 00:00:00-04:00,152.2995202516741,153.33691867773499,151.1238181161298,152.79351806640625,3642200,0.0,0.0
2019-09-24 00:00:00-04:00,152.42797285732138,154.3940896948763,149.27626421458893,150.22474670410156,4120800,0.0,0.0
2019-09-25 00:00:00-04:00,150.22470900243442,151.3707873259108,147.11251433483633,151.15342712402344,3445000,0.0,0.0
2019-09-26 00:00:00-04:00,150.59028718442488,151.55851864894726,150.0172479287151,150.51124572753906,3837300,0.0,0.0
2019-09-27 00:00:00-04:00,151.2818996654123,151.31153833093214,144.98837175973281,146.48023986816406,5858200,0.0,0.0
2019-09-30 00:00:00-04:00,146.17392732774547,147.18168693215327,145.6404164051852,146.65805053710938,3671200,0.0,0.0
2019-10-01 00:00:00-04:00,147.6954480819054,148.3574032370342,145.48233280421599,145.91705322265625,3172900,0.0,0.0
2019-10-02 00:00:00-04:00,144.30663200395068,144.741352471253,141.48096404210156,142.4887237548828,4432400,0.0,0.0
2019-10-03 00:00:00-04:00,142.27134984853316,145.29461362071615,140.37440032629314,145.23533630371094,3660900,0.0,0.0
2019-10-04 00:00:00-04:00,146.4999896281631,147.1323062232359,144.45484652988725,146.25299072265625,3259000,0.0,0.0
2019-10-07 00:00:00-04:00,145.51199063706161,147.53738463044658,145.23535307534837,147.0137481689453,2704700,0.0,0.0
2019-10-08 00:00:00-04:00,145.76885447609155,146.55925391853938,144.05962642317417,144.15843200683594,2613200,0.0,0.0
2019-10-09 00:00:00-04:00,145.50210448319177,146.07514369399013,144.8500238217024,145.2847442626953,2273000,0.0,0.0
2019-10-10 00:00:00-04:00,145.07726616236363,145.78862418019423,143.76323024263812,144.65243530273438,2687400,0.0,0.0
2019-10-11 00:00:00-04:00,146.3616890109055,148.90084531097864,146.31228620854878,147.57691955566406,4663900,0.0,0.0
2019-10-14 00:00:00-04:00,147.60655822195437,148.47599930145313,147.01376982052957,147.57691955566406,1556900,0.0,0.0
2019-10-15 00:00:00-04:00,147.8634501103405,151.13371368707718,147.82392183731307,150.90647888183594,3942600,0.0,0.0
2019-10-16 00:00:00-04:00,145.4922310936619,149.0391468639786,144.0695300495197,145.20571899414062,8988600,0.0,0.0
2019-10-17 00:00:00-04:00,145.80839112209648,146.26286065159027,143.76323301252543,144.41531372070312,5024400,0.0,0.0
2019-10-18 00:00:00-04:00,144.54378305431015,144.68210185802147,140.69059053557703,142.3603057861328,6080000,0.0,0.0
2019-10-21 00:00:00-04:00,142.370193745545,143.44710549595774,141.28339238922652,142.81478881835938,3358000,0.0,0.0
2019-10-22 00:00:00-04:00,143.30876339639036,144.20784300176305,140.4336926103039,140.6214141845703,4460500,0.0,0.0
2019-10-23 00:00:00-04:00,140.40406621802336,143.82253789265673,139.79151372267066,143.3878173828125,4761400,0.0,0.0
2019-10-24 00:00:00-04:00,144.8302565209328,147.00384360271943,144.64253496410132,146.34188842773438,5280100,0.0,0.0
2019-10-25 00:00:00-04:00,145.2847791213758,148.85144440813784,144.54378230342485,148.68348693847656,4991400,0.0,0.0
2019-10-28 00:00:00-04:00,149.38492334315214,153.06026797547642,147.63616700786505,152.93182373046875,7576700,0.0,0.0
2019-10-29 00:00:00-04:00,152.9219495006524,154.25574951884315,152.56627050084256,153.2282257080078,5477300,0.0,0.0
2019-10-30 00:00:00-04:00,153.87044163308568,156.5182626299457,153.14919398378953,156.37994384765625,4724500,0.0,0.0
2019-10-31 00:00:00-04:00,154.68058678833756,156.37994040512237,153.34680179039748,154.61143493652344,4578300,0.0,0.0
2019-11-01 00:00:00-04:00,156.01439958972867,158.16822291019275,154.86832099642353,157.8224334716797,4771100,0.0,0.0
2019-11-04 00:00:00-05:00,159.00800077081047,159.31427696869838,154.80901982744942,155.70809936523438,5748100,0.0,0.0
2019-11-05 00:00:00-05:00,155.69822024715873,157.2098522825202,153.60367443619853,156.25149536132812,4015000,0.0,0.0
2019-11-06 00:00:00-05:00,157.03201484801696,158.07928771704388,155.85629773352295,157.02212524414062,4207400,0.0,0.0
2019-11-07 00:00:00-05:00,157.02213190817113,159.19573426702087,156.1823447019031,157.58529663085938,3802300,0.0,0.0
2019-11-08 00:00:00-05:00,157.3382920214557,159.27476994114454,157.0023771511432,159.17596435546875,3265300,0.0,0.0
2019-11-11 00:00:00-05:00,159.28464603882037,160.28251613126804,158.32628913566288,159.83792114257812,3541200,0.0,0.0
2019-11-12 00:00:00-05:00,160.05529142029008,162.39683622983395,159.65020959546104,160.90496826171875,3710600,0.0,0.0
2019-11-13 00:00:00-05:00,161.0926815415409,162.4462306552842,160.075047305197,160.64808654785156,5389700,0.0,0.0
2019-11-14 00:00:00-05:00,161.07290249513125,161.61630302626747,160.44058598861307,161.09266662597656,3820700,0.0,0.0
2019-11-15 00:00:00-05:00,161.75463525082677,161.96210587731525,159.0574115771651,161.25076293945312,3693000,0.0,0.0
2019-11-18 00:00:00-05:00,162.0312703454812,162.0312703454812,159.94659913008485,160.8160400390625,5556700,0.0,0.0
2019-11-19 00:00:00-05:00,161.67560966428982,162.4758837390923,159.89721445605238,161.9917755126953,4952900,0.0,0.0
2019-11-20 00:00:00-05:00,161.47801057322783,164.3431919124577,160.302293343999,162.2288818359375,8450300,0.0,0.0
2019-11-21 00:00:00-05:00,163.33544007326893,163.91835385999525,160.26277314963585,160.9247283935547,5724200,0.0,0.0
2019-11-22 00:00:00-05:00,161.02351774469855,161.52740514620749,159.44273383912108,160.85556030273438,3761900,0.0,0.0
2019-11-25 00:00:00-05:00,161.81391127619827,162.67346258742407,159.51187981708387,159.76876831054688,5509300,0.0,0.0
2019-11-26 00:00:00-05:00,159.62055947072383,160.65795781870764,159.37356058194752,160.5887908935547,5881400,0.0,0.0
2019-11-27 00:00:00-05:00,159.97623351658763,160.87531306202254,159.17595955384797,159.57115173339844,4012800,0.0,0.0
2019-11-29 00:00:00-05:00,159.66996768267188,161.44836275734198,159.3834555952383,160.93460083007812,2432500,0.0,0.0
2019-12-02 00:00:00-05:00,161.14208804557435,161.25076816436655,156.20211005614064,159.06729125976562,5117400,0.0,0.0
2019-12-03 00:00:00-05:00,155.0757873237686,159.90708493415204,154.31502653320476,159.6304473876953,6216400,0.0,0.0
2019-12-04 00:00:00-05:00,158.4547494757689,158.76102571962463,152.645330145079,154.55215454101562,17803300,0.0,0.0
2019-12-05 00:00:00-05:00,153.870438610179,157.0122573500088,153.3863153438686,156.32066345214844,7126600,0.0,0.0
2019-12-06 00:00:00-05:00,156.20212076464063,157.5853086662605,155.69823332677964,156.11318969726562,4751200,0.0,0.0
2019-12-09 00:00:00-05:00,155.4907480623142,156.9924904784383,155.17458224274108,155.58953857421875,3709000,0.0,0.0
2019-12-10 00:00:00-05:00,155.12518463641814,155.7772653543814,154.29527194571025,154.5225067138672,4074700,0.0,0.0
2019-12-11 00:00:00-05:00,154.9572292908422,154.99675755795397,153.6135546457605,154.51263427734375,4867500,0.0,0.0
2019-12-12 00:00:00-05:00,153.90007851480294,157.08142554627108,153.44559390647188,156.68621826171875,5353900,0.0,0.0
2019-12-13 00:00:00-05:00,156.9529854580638,159.55141877381826,156.646709226671,159.19573974609375,5742300,0.0,0.0
2019-12-16 00:00:00-05:00,158.91910184433974,160.78641296707593,158.8894631817262,160.01577758789062,5370000,0.0,0.0
2019-12-17 00:00:00-05:00,160.05526602385217,160.42081952329025,157.8224016904937,159.68971252441406,4789600,0.0,0.0
2019-12-18 00:00:00-05:00,159.85768498124295,161.31991419214629,159.54151916503906,159.54151916503906,4144800,0.0,0.0
2019-12-19 00:00:00-05:00,159.65022104937069,161.37921351900468,158.89934974692352,161.3693389892578,4185400,0.0,0.0
2019-12-20 00:00:00-05:00,162.75250848266165,163.18722895212494,161.66572238461964,162.57467651367188,8586700,0.0,0.0
2019-12-23 00:00:00-05:00,162.07080069866294,162.8908389018208,161.38909635987085,161.7744140625,4368600,0.0,0.0
2019-12-24 00:00:00-05:00,161.34954526318182,161.8731816804741,160.9247144277095,161.29026794433594,1238000,0.0,0.0
2019-12-26 00:00:00-05:00,161.43848049372193,162.55492038384398,161.31005131277846,162.53515625,2155500,0.0,0.0
2019-12-27 00:00:00-05:00,162.88094182190943,163.47374516339738,161.93245949065178,162.99949645996094,3409900,0.0,0.0
2019-12-30 00:00:00-05:00,162.88096848968058,162.9600099531944,159.26490068091508,160.49002075195312,3197100,0.0,0.0
2019-12-31 00:00:00-05:00,160.09480341009666,161.30015927087885,159.85769411001934,160.68760681152344,3273500,0.0,0.0
2020-01-02 00:00:00-05:00,161.95222850972505,165.06442353303623,161.6163136413648,164.98538208007812,5189300,0.0,0.0
2020-01-03 00:00:00-05:00,163.07854102503813,164.76802002761409,163.0192637048803,164.1752166748047,3205400,0.0,0.0
2020-01-06 00:00:00-05:00,163.01925431365402,171.58517332215226,162.47585378415226,171.36781311035156,8836200,0.0,0.0
2020-01-07 00:00:00-05:00,171.15047030896082,174.74677362148014,170.024155949425,173.88722229003906,8272700,0.0,0.0
2020-01-08 00:00:00-05:00,173.12646661533475,176.70302097694156,172.6522329434439,175.20126342773438,7225100,0.0,0.0
2020-01-09 00:00:00-05:00,176.69314439396973,177.74041740623258,175.16174806963804,177.44403076171875,5952900,0.0,0.0
2020-01-10 00:00:00-05:00,177.6811556366162,178.51106846516473,176.54496653150474,178.03683471679688,5111800,0.0,0.0
2020-01-13 00:00:00-05:00,179.0840851929677,182.23579371274826,178.95565601053198,181.64300537109375,6202600,0.0,0.0
2020-01-14 00:00:00-05:00,181.29721578200542,181.64302031646912,179.85473538828793,179.93377685546875,4342300,0.0,0.0
2020-01-15 00:00:00-05:00,179.49905765763322,180.89213526026228,178.4517845920375,178.88650512695312,3886600,0.0,0.0
2020-01-16 00:00:00-05:00,180.04241789711415,180.91185877170935,178.78767445155032,180.4969024658203,3485300,0.0,0.0
2020-01-17 00:00:00-05:00,181.0304149538416,181.13909506409348,179.18286815517502,180.04241943359375,4577000,0.0,0.0
2020-01-21 00:00:00-05:00,179.33108615639495,183.767192080617,179.32121162705369,183.04595947265625,6302400,0.0,0.0
2020-01-22 00:00:00-05:00,183.1644904539473,184.201888774156,180.4969055417074,180.55618286132812,4781800,0.0,0.0
2020-01-23 00:00:00-05:00,181.01069278946585,182.08760444837816,179.12361744729424,181.7714385986328,4369000,0.0,0.0
2020-01-24 00:00:00-05:00,182.7791959973057,183.89563591056785,178.9556576403704,179.92388916015625,4653600,0.0,0.0
2020-01-27 00:00:00-05:00,176.6240114647705,179.54847055859332,175.17165644852858,178.5407257080078,4239400,0.0,0.0
2020-01-28 00:00:00-05:00,178.96553481146776,181.65288423617355,178.18502486652676,180.65501403808594,3445300,0.0,0.0
2020-01-29 00:00:00-05:00,181.79120836225607,181.89001396226536,179.43977377772046,179.58798217773438,2785500,0.0,0.0
2020-01-30 00:00:00-05:00,178.72838860656915,183.70789461093466,178.37270960625733,183.44113159179688,3715700,0.0,0.0
2020-01-31 00:00:00-05:00,182.640867011994,183.79682005360974,178.61971768825626,180.12147521972656,4193300,0.0,0.0
2020-02-03 00:00:00-05:00,181.0600635146575,183.63873256654333,179.66700121239606,183.1941375732422,4755200,0.0,0.0
2020-02-04 00:00:00-05:00,185.74317142035397,187.41288638405047,184.40937134001447,186.07908630371094,3983200,0.0,0.0
2020-02-05 00:00:00-05:00,188.11436816980597,188.26257656459873,180.66488750544949,183.26332092285156,6162700,0.0,0.0
2020-02-06 00:00:00-05:00,184.58723943867236,185.30847208240112,182.02833417997724,184.48843383789062,4102700,0.0,0.0
2020-02-07 00:00:00-05:00,184.60697937567593,186.38535935169241,183.42137262417683,183.49053955078125,3713100,0.0,0.0
2020-02-10 00:00:00-05:00,183.93513228867272,186.997924566451,183.3324543917789,186.84971618652344,3873500,0.0,0.0
2020-02-11 00:00:00-05:00,189.18138843803558,190.2879537332101,186.38535915232933,186.83984375,4299200,0.0,0.0
2020-02-12 00:00:00-05:00,187.43263730849344,188.23291127005444,184.52792805866818,187.18563842773438,4535400,0.0,0.0
2020-02-13 00:00:00-05:00,186.23718474855556,188.75657673507862,186.15814328547674,186.37550354003906,3132100,0.0,0.0
2020-02-14 00:00:00-05:00,187.07698094695007,187.96617099499758,185.8419863937635,187.66976928710938,3599400,0.0,0.0
2020-02-18 00:00:00-05:00,188.65773226240916,189.20113278684153,186.65210266137063,188.79605102539062,4957000,0.0,0.0
2020-02-19 00:00:00-05:00,189.6951210481579,191.5920704495658,189.49752497885547,190.55467224121094,3903200,0.0,0.0
2020-02-20 00:00:00-05:00,191.67113490242022,193.37048843853216,187.49191798628723,191.038818359375,5451200,0.0,0.0
2020-02-21 00:00:00-05:00,189.53706468454018,189.73466078149238,184.47853223960797,187.22515869140625,5242100,0.0,0.0
2020-02-24 00:00:00-05:00,176.64373821358404,184.90338257140328,176.64373821358404,183.70791625976562,8463300,0.0,0.0
2020-02-25 00:00:00-05:00,186.20752880836218,187.69939671206566,177.27604029213316,179.09396362304688,11361100,0.0,0.0
2020-02-26 00:00:00-05:00,174.42076169075364,180.4771804145,172.1582580744392,176.72279357910156,13923100,0.0,0.0
2020-02-27 00:00:00-05:00,170.1427274576057,176.18925565381917,168.00865336166575,170.08343505859375,9927300,0.0,0.0
2020-02-28 00:00:00-05:00,163.00940160271026,169.708010652251,161.1618395551326,168.3544464111328,12640800,0.0,0.0
2020-03-02 00:00:00-05:00,170.1328346406274,174.66773070215376,166.5661700193841,174.63809204101562,7761000,0.0,0.0
2020-03-03 00:00:00-05:00,176.26829577338052,176.27817030199947,165.0841785253296,167.33680725097656,8323500,0.0,0.0
2020-03-04 00:00:00-05:00,170.1822256692276,173.69948725354402,167.59368227134385,173.5809326171875,5846300,0.0,0.0
2020-03-05 00:00:00-05:00,170.4983889491049,171.66421639103382,166.0820479026648,167.5640411376953,5797500,0.0,0.0
2020-03-06 00:00:00-05:00,163.6812304422846,165.5584311414095,156.63681693847008,162.11032104492188,9757700,0.0,0.0
2020-03-09 00:00:00-04:00,149.87891405390204,155.816776646164,148.8316412379637,149.39480590820312,9657100,0.0,0.0
2020-03-10 00:00:00-04:00,155.34256567333176,159.53167302991082,149.18735644641768,159.40322875976562,11443900,0.0,0.0
2020-03-11 00:00:00-04:00,155.78712918953303,157.70384294527756,148.34752399472936,152.7144775390625,10341300,0.0,0.0
2020-03-12 00:00:00-04:00,142.60728147864154,149.4145705688196,138.41818977737287,138.9022979736328,13213000,0.0,0.0
2020-03-13 00:00:00-04:00,147.6757117733133,147.7053504369168,133.69557928394568,146.00599670410156,13765400,0.0,0.0
2020-03-16 00:00:00-04:00,132.4012987959511,139.8507948425262,121.90878924920564,122.80786895751953,13845300,0.0,0.0
2020-03-17 00:00:00-04:00,125.47543647044441,136.35326218920375,121.44441276531214,133.7943572998047,12191500,0.0,0.0
2020-03-18 00:00:00-04:00,124.03296714539067,131.81836967296124,113.90601235832081,130.6525421142578,12988200,0.0,0.0
2020-03-19 00:00:00-04:00,130.01032336917396,142.2713510614355,127.31309989313972,137.78585815429688,10444000,0.0,0.0
2020-03-20 00:00:00-04:00,138.73431707518532,144.44492947938414,132.98419148688467,137.6771697998047,12450100,0.0,0.0
2020-03-23 00:00:00-04:00,137.09426324712146,141.9947280284522,132.48032563050225,138.83314514160156,11898300,0.0,0.0
2020-03-24 00:00:00-04:00,142.89380436399028,152.2896368239526,141.46119872448412,151.79563903808594,11834400,0.0,0.0
2020-03-25 00:00:00-04:00,150.83727209086356,156.12305407817163,145.19582619398847,145.29461669921875,10639300,0.0,0.0
2020-03-26 00:00:00-04:00,146.51975397132472,153.21836309220083,145.95658922966766,152.87255859375,8573100,0.0,0.0
2020-03-27 00:00:00-04:00,148.82176902239556,149.631917504144,143.17043347913798,144.24734497070312,8273500,0.0,0.0
2020-03-30 00:00:00-04:00,145.94669695588857,151.16331200734783,144.8006185538944,148.05113220214844,7650400,0.0,0.0
2020-03-31 00:00:00-04:00,147.24096717069773,150.12591220226074,141.06599533714297,142.2515869140625,10429700,0.0,0.0
2020-04-01 00:00:00-04:00,136.65955436690118,137.39066143970885,131.50221628967086,132.45068359375,8737600,0.0,0.0
2020-04-02 00:00:00-04:00,132.401289256876,133.76472805364304,128.47894539060823,132.70758056640625,8150500,0.0,0.0
2020-04-03 00:00:00-04:00,132.8360116585809,134.55512951073612,130.07951043808055,132.69769287109375,6004400,0.0,0.0
2020-04-06 00:00:00-04:00,137.33139689945136,148.0511558531447,136.63980295177186,145.7787628173828,12296800,0.0,0.0
2020-04-07 00:00:00-04:00,148.52537289624178,148.98973201096507,142.77523155679106,143.32852172851562,7859500,0.0,0.0
2020-04-08 00:00:00-04:00,144.5437619056502,150.3334168292387,143.2593645873301,149.30589294433594,7665500,0.0,0.0
2020-04-09 00:00:00-04:00,150.56062832564456,154.22609813448653,149.85914491214353,152.6947021484375,7094600,0.0,0.0
2020-04-13 00:00:00-04:00,152.26987480647006,153.44559196526276,148.1993378185835,150.66932678222656,5138600,0.0,0.0
2020-04-14 00:00:00-04:00,153.8407965830015,156.88380966701604,153.28750640120106,155.81678771972656,7334300,0.0,0.0
2020-04-15 00:00:00-04:00,153.21836391543198,155.38207675449047,152.1513268273093,153.7617645263672,4042600,0.0,0.0
2020-04-16 00:00:00-04:00,155.11531373881724,156.1033093677269,152.39832575931567,155.17459106445312,4391500,0.0,0.0
2020-04-17 00:00:00-04:00,158.07930291859302,161.3001632883372,155.73775806830884,160.6678466796875,7312900,0.0,0.0
2020-04-20 00:00:00-04:00,158.8202866901186,162.33754848092408,158.59305193188996,160.80615234375,4686000,0.0,0.0
2020-04-21 00:00:00-04:00,158.0793059764267,158.16822196789028,146.2233580281947,148.75262451171875,13737900,0.0,0.0
2020-04-22 00:00:00-04:00,152.15132355196178,153.83091306955495,148.8612963699785,152.28964233398438,6660900,0.0,0.0
2020-04-23 00:00:00-04:00,151.65731246182034,154.59166036501358,149.68132141997253,149.898681640625,6281400,0.0,0.0
2020-04-24 00:00:00-04:00,151.74624359069156,152.64532322264287,149.4837402551613,152.13156127929688,6710500,0.0,0.0
2020-04-27 00:00:00-04:00,153.67282498474327,156.5380211954224,152.34891453340327,155.7377471923828,5036400,0.0,0.0
2020-04-28 00:00:00-04:00,157.58527979368333,158.87955146641082,152.3291365793168,152.6057891845703,4731800,0.0,0.0
2020-04-29 00:00:00-04:00,155.98474326478166,159.94660001862624,154.64106870508616,158.50411987304688,5256700,0.0,0.0
2020-04-30 00:00:00-04:00,159.6897391290557,163.3156812963402,158.0891759507422,160.00588989257812,6830700,0.0,0.0
2020-05-01 00:00:00-04:00,156.58743516379946,158.24726061068483,153.39619837680956,154.4928741455078,4276900,0.0,0.0
2020-05-04 00:00:00-04:00,153.71235339379749,160.07504730998156,153.2183556062132,159.53164672851562,5974200,0.0,0.0
2020-05-05 00:00:00-04:00,160.57890996695488,162.16958335031873,158.32628139711994,161.29026794433594,5264800,0.0,0.0
2020-05-06 00:00:00-04:00,162.46599151157824,163.72075008787314,160.96423404647973,161.70523071289062,4112600,0.0,0.0
2020-05-07 00:00:00-04:00,164.50126417141,169.2140073120878,164.02703051389017,167.86044311523438,6460900,0.0,0.0
2020-05-08 00:00:00-04:00,170.8738225959095,173.96625340543468,169.09542764034202,173.7884063720703,5403400,0.0,0.0
2020-05-11 00:00:00-04:00,173.4524934862718,181.09958434441947,172.06930576932206,180.47714233398438,8696000,0.0,0.0
2020-05-12 00:00:00-04:00,180.8032156734602,180.82297980891454,174.88511591900252,175.40875244140625,5904600,0.0,0.0
2020-05-13 00:00:00-04:00,173.06717548584075,173.106703749455,164.27402128359998,167.6035614013672,12534900,0.0,0.0
2020-05-14 00:00:00-04:00,166.4179858909418,166.54643014670089,162.59444763711068,164.99526977539062,7442300,0.0,0.0
2020-05-15 00:00:00-04:00,165.26204015756673,169.65861787967617,164.18511341839317,169.27330017089844,5673800,0.0,0.0
2020-05-18 00:00:00-04:00,171.91122303838316,174.87520964249322,170.06367621268484,170.42922973632812,6398300,0.0,0.0
2020-05-19 00:00:00-04:00,170.67622861903706,176.06080126801675,170.67622861903706,173.92672729492188,5264000,0.0,0.0
2020-05-20 00:00:00-04:00,176.42638810803678,176.98953778171864,172.8004308542659,174.80606079101562,4951200,0.0,0.0
2020-05-21 00:00:00-04:00,174.80604819770443,176.1497227700403,172.83005706636436,173.15609741210938,4429700,0.0,0.0
2020-05-22 00:00:00-04:00,174.48003233181663,176.4955367611455,173.34382832468665,175.71502685546875,4965100,0.0,0.0
2020-05-26 00:00:00-04:00,179.81521306073475,179.81521306073475,174.1045992585916,174.4010009765625,8353600,0.0,0.0
2020-05-27 00:00:00-04:00,174.17375018242132,174.48991603339252,169.31281329087025,174.48004150390625,6340200,0.0,0.0
2020-05-28 00:00:00-04:00,177.83923926808367,182.58162199702306,174.97405755456774,178.92604064941406,10275200,0.0,0.0
2020-05-29 00:00:00-04:00,172.20763375433432,172.8992276498103,168.6409690837907,172.69174194335938,19588900,0.0,0.0
2020-06-01 00:00:00-04:00,171.0220444334934,175.3889831775237,170.60707301484598,174.24290466308594,5711600,0.0,0.0
2020-06-02 00:00:00-04:00,172.75104104961952,172.80042877037263,169.1646121069187,172.1384735107422,8571800,0.0,0.0
2020-06-03 00:00:00-04:00,172.73129084840878,173.81807707812385,170.7651739689854,172.88937377929688,6004000,0.0,0.0
2020-06-04 00:00:00-04:00,172.8992197226432,173.3240505690948,167.95924201628196,169.3819580078125,7301600,0.0,0.0
2020-06-05 00:00:00-04:00,168.06793121976474,172.09895505527044,164.9952643171806,171.7926788330078,8232200,0.0,0.0
2020-06-08 00:00:00-04:00,171.54568808043595,174.45039767892726,170.58733110200538,174.43063354492188,4592600,0.0,0.0
2020-06-09 00:00:00-04:00,173.88722412063535,173.88722412063535,171.4468738033476,172.46450805664062,4025600,0.0,0.0
2020-06-10 00:00:00-04:00,174.13422128142653,180.30919366729273,173.93662518020204,179.91400146484375,8127200,0.0,0.0
2020-06-11 00:00:00-04:00,174.51953027591267,176.28803564600068,169.93523160766085,169.98463439941406,6521200,0.0,0.0
2020-06-12 00:00:00-04:00,173.78842924372336,175.5569499040361,169.79693344091285,173.00791931152344,5443800,0.0,0.0
2020-06-15 00:00:00-04:00,169.9352597116626,176.75242398380192,169.21402707475707,176.46591186523438,6000000,0.0,0.0
2020-06-16 00:00:00-04:00,177.8490716764187,180.30918599752434,175.8730805969938,178.3134307861328,5824100,0.0,0.0
2020-06-17 00:00:00-04:00,178.79756597641463,180.55619694857853,178.5110388084054,179.22239685058594,5038600,0.0,0.0
2020-06-18 00:00:00-04:00,179.72628240563446,186.73116755997447,179.4397552405782,185.40725708007812,8677800,0.0,0.0
2020-06-19 00:00:00-04:00,187.22515643421806,188.95414864403273,183.2632997120929,184.7057647705078,11841000,0.0,0.0
2020-06-22 00:00:00-04:00,184.78483003643564,190.18916758904118,184.75519137221144,189.349365234375,6252200,0.0,0.0
2020-06-23 00:00:00-04:00,189.6951606087245,191.76006785345265,186.32609189851524,186.7904510498047,6950800,0.0,0.0
2020-06-24 00:00:00-04:00,185.25904898756798,187.0275695487467,181.83070305953413,183.3225860595703,4903100,0.0,0.0
2020-06-25 00:00:00-04:00,183.905499014979,186.50393224787587,182.2259095225778,186.07908630371094,4022400,0.0,0.0
2020-06-26 00:00:00-04:00,185.74316601257775,185.96052624268427,180.82295232554466,180.9711456298828,7595700,0.0,0.0
2020-06-29 00:00:00-04:00,181.11936741421133,181.50468510962318,177.83921466301948,181.12924194335938,3972100,0.0,0.0
2020-06-30 00:00:00-04:00,181.247779736149,185.6344823685563,180.93162900103246,185.08120727539062,4478900,0.0,0.0
2020-07-01 00:00:00-04:00,185.8419749364778,190.50531528786155,185.20965836725372,189.5864715576172,4754600,0.0,0.0
2020-07-02 00:00:00-04:00,190.84123784202782,193.04446385651082,189.9816714000163,190.2187957763672,4200300,0.0,0.0
2020-07-06 00:00:00-04:00,192.10587213142867,197.055724795617,191.5130687249651,195.34649658203125,5794200,0.0,0.0
2020-07-07 00:00:00-04:00,195.2872315427106,197.81649809492865,193.85464080851403,194.02259826660156,5431500,0.0,0.0
2020-07-08 00:00:00-04:00,195.6231190312025,198.7847017781998,194.98092795351806,197.87574768066406,4233700,0.0,0.0
2020-07-09 00:00:00-04:00,199.5948791578636,200.38527866813274,193.29146228487858,198.3302459716797,6062800,0.0,0.0
2020-07-10 00:00:00-04:00,197.65839653678813,198.32035177707812,194.71417388168518,196.49256896972656,3783200,0.0,0.0
2020-07-13 00:00:00-04:00,197.59911853229147,197.85599195916157,185.7728100820845,186.07908630371094,5555400,0.0,0.0
2020-07-14 00:00:00-04:00,183.7573027177966,187.679646362921,181.09959220466223,187.28443908691406,5854700,0.0,0.0
2020-07-15 00:00:00-04:00,188.7368018159519,189.79396436415468,184.50818177437435,185.83209228515625,7681800,0.0,0.0
2020-07-16 00:00:00-04:00,184.18214544667572,184.61686594048527,179.74603959472276,183.28306579589844,7350000,0.0,0.0
2020-07-17 00:00:00-04:00,184.89351647880702,186.1383856455949,181.15889390282524,185.5258331298828,4324300,0.0,0.0
2020-07-20 00:00:00-04:00,185.6443565083896,192.9654071005197,185.0219295676882,192.748046875,5729000,0.0,0.0
2020-07-21 00:00:00-04:00,193.64714146824576,194.14113927811374,187.20540580639468,188.5095672607422,5376800,0.0,0.0
2020-07-22 00:00:00-04:00,188.4898065113519,189.5667181380511,186.60273122562734,189.01344299316406,2833000,0.0,0.0
2020-07-23 00:00:00-04:00,189.18139715791304,192.23431508217402,185.2590533391889,186.2766876220703,3639500,0.0,0.0
2020-07-24 00:00:00-04:00,183.82644272729863,186.67187462879022,182.1666175018386,186.22727966308594,3908400,0.0,0.0
2020-07-27 00:00:00-04:00,187.62034513124283,189.26042132931715,186.38535071864746,188.66763305664062,3015700,0.0,0.0
2020-07-28 00:00:00-04:00,188.70715203197148,190.65350449196308,186.78056370435985,187.22515869140625,3114200,0.0,0.0
2020-07-29 00:00:00-04:00,187.86734126069035,192.22440510262464,187.47214908469726,191.2858123779297,3747800,0.0,0.0
2020-07-30 00:00:00-04:00,187.80806924770522,189.61610290140274,185.12072016330822,189.39874267578125,3587400,0.0,0.0
2020-07-31 00:00:00-04:00,190.6831578526965,192.64927459663815,188.3811262104785,192.51095581054688,3734000,0.0,0.0
2020-08-03 00:00:00-04:00,195.42554326441268,202.33162323352283,194.21031283186142,200.75083923339844,6557500,0.0,0.0
2020-08-04 00:00:00-04:00,200.56311218683345,200.94842987815787,196.51232408778858,198.99220275878906,4480300,0.0,0.0
2020-08-05 00:00:00-04:00,200.3654956219822,201.45228165485534,199.16013987460965,200.20741271972656,3559100,0.0,0.0
2020-08-06 00:00:00-04:00,200.53346244425168,207.42966731527338,199.9702977319459,205.29559326171875,5113300,0.0,0.0
2020-08-07 00:00:00-04:00,204.13964809357074,204.45581392503507,196.1961700232371,198.6365203857422,5423400,0.0,0.0
2020-08-10 00:00:00-04:00,197.99432444279873,199.0613615657994,193.37051198541315,194.79322814941406,5528200,0.0,0.0
2020-08-11 00:00:00-04:00,191.2957101099356,193.48906162666452,189.41852443284404,189.68528747558594,5015400,0.0,0.0
2020-08-12 00:00:00-04:00,190.68316718347873,193.07411493183477,189.81372615657918,190.30772399902344,3980300,0.0,0.0
2020-08-13 00:00:00-04:00,190.99931073677013,195.69228969201146,190.91037967804476,192.79745483398438,4711600,0.0,0.0
2020-08-14 00:00:00-04:00,192.8764856982189,193.13335910496917,190.20890082209687,191.1376190185547,2833000,0.0,0.0
2020-08-17 00:00:00-04:00,192.99504730536415,194.70429046295928,192.08609320755963,194.3782501220703,3574500,0.0,0.0
2020-08-18 00:00:00-04:00,196.93716201379797,202.3414990765665,196.61112166126566,201.56097412109375,7284800,0.0,0.0
2020-08-19 00:00:00-04:00,201.55109045922848,204.6138826680218,197.628746953556,202.64776611328125,7080700,0.0,0.0
2020-08-20 00:00:00-04:00,201.40290579381573,207.58775272136427,201.0669758378455,206.9949493408203,5175100,0.0,0.0
2020-08-21 00:00:00-04:00,207.41978439809537,207.4790617179163,203.7740784729535,205.03871154785156,5727800,0.0,0.0
2020-08-24 00:00:00-04:00,206.37252164227934,206.7775883727439,202.6872872732271,205.9575653076172,5699000,0.0,0.0
2020-08-25 00:00:00-04:00,210.66042207176682,215.72884430071562,208.26947453980787,213.45645141601562,27096500,0.0,0.0
2020-08-26 00:00:00-04:00,248.93537368580795,274.6331333682721,246.4752592573128,269.05096435546875,63253400,0.0,0.0
2020-08-27 00:00:00-04:00,263.79489265724914,274.9394846690788,257.7088345867832,273.0030212402344,22817100,0.0,0.0
2020-08-28 00:00:00-04:00,268.0234130050557,272.43975401324155,264.18998571278513,267.8455810546875,28068000,0.0,0.0
2020-08-31 00:00:00-04:00,266.7588316574689,271.41228283403666,262.71793297384284,269.37701416015625,16010100,0.0,0.0
2020-09-01 00:00:00-04:00,267.7467943793403,278.5455785178277,267.33182298128804,277.8737487792969,13293600,0.0,0.0
2020-09-02 00:00:00-04:00,280.0671711206524,281.0848055903782,265.34603970521783,273.3685607910156,12963800,0.0,0.0
2020-09-03 00:00:00-04:00,267.33181701653115,268.48778505220264,254.31993278203907,261.8287048339844,14000600,0.0,0.0
2020-09-04 00:00:00-04:00,259.82308858877883,262.48079911216104,240.28052213884408,251.64247131347656,14374300,0.0,0.0
2020-09-08 00:00:00-04:00,237.68210909698018,250.63471696048003,237.25726314900064,238.3737030029297,15229600,0.0,0.0
2020-09-09 00:00:00-04:00,243.4421154185797,250.40748757418288,240.04342313979276,247.42373657226562,9988600,0.0,0.0
2020-09-10 00:00:00-04:00,251.75114555375652,253.43075006172748,244.0052640023572,244.82530212402344,5945000,0.0,0.0
2020-09-11 00:00:00-04:00,247.71023795641807,248.28327716703632,236.57552422592602,240.1817169189453,5455200,0.0,0.0
2020-09-14 00:00:00-04:00,243.35320462357402,245.88247105972064,241.1104502908711,243.6792449951172,4255200,0.0,0.0
2020-09-15 00:00:00-04:00,248.35243046417895,248.9155951501078,245.52676265773007,248.65870666503906,4133600,0.0,0.0
2020-09-16 00:00:00-04:00,251.61283960632295,252.36371084096027,247.2261366959938,247.59170532226562,5441200,0.0,0.0
2020-09-17 00:00:00-04:00,243.16545271670756,245.8330526829386,238.4131966745083,241.59454345703125,5279500,0.0,0.0
2020-09-18 00:00:00-04:00,242.1873811603158,245.13160400837816,235.8444508269435,239.86558532714844,6595600,0.0,0.0
2020-09-21 00:00:00-04:00,236.1013071522695,242.187363599763,233.95735853282397,242.1083221435547,5561600,0.0,0.0
2020-09-22 00:00:00-04:00,243.77806361852203,245.58609755246476,238.3638363464378,244.80557250976562,3600800,0.0,0.0
2020-09-23 00:00:00-04:00,245.5070504149472,245.78368799756763,232.5247878639669,233.1571044921875,7507900,0.0,0.0
2020-09-24 00:00:00-04:00,233.008869953071,237.07942192393276,230.8254082012487,234.69834899902344,4166800,0.0,0.0
2020-09-25 00:00:00-04:00,234.54026748120785,241.0215160006252,232.22836146829664,239.8260498046875,5117800,0.0,0.0
2020-09-28 00:00:00-04:00,244.5881930614839,245.59595281417646,239.30242554447042,243.70887756347656,4088300,0.0,0.0
2020-09-29 00:00:00-04:00,242.31579467690415,244.92410244978626,241.56492345045592,244.47950744628906,3983700,0.0,0.0
2020-09-30 00:00:00-04:00,243.68911718926773,252.34396859482032,243.26428630278104,248.30307006835938,8188500,0.0,0.0
2020-10-01 00:00:00-04:00,250.14073816684655,251.61285715221203,247.79919323748763,250.40750122070312,4318000,0.0,0.0
2020-10-02 00:00:00-04:00,246.75192640283277,251.8895010345349,244.24242395477057,244.87474060058594,4494500,0.0,0.0
2020-10-05 00:00:00-04:00,246.9988965237769,250.23952084011955,246.0109009376818,248.51052856445312,3403500,0.0,0.0
2020-10-06 00:00:00-04:00,249.69611189544318,254.20138428076538,246.0108927038234,247.13720703125,4448100,0.0,0.0
2020-10-07 00:00:00-04:00,249.17248090175696,257.60995647566335,249.17248090175696,256.8591003417969,4963200,0.0,0.0
2020-10-08 00:00:00-04:00,261.02848633757293,261.44342766331306,253.99393134795693,257.09625244140625,4150400,0.0,0.0
2020-10-09 00:00:00-04:00,259.7440355442438,262.8562156340416,258.36084774335956,262.7870788574219,4225000,0.0,0.0
2020-10-12 00:00:00-04:00,266.7588029275483,266.7588029275483,262.1053522521571,263.8639831542969,4317000,0.0,0.0
2020-10-13 00:00:00-04:00,263.22184036637935,265.56338546420903,261.0581272668371,263.62689208984375,3713200,0.0,0.0
2020-10-14 00:00:00-04:00,266.7588274340022,266.91691035729644,255.6438762909188,258.6868896484375,5129500,0.0,0.0
2020-10-15 00:00:00-04:00,255.011538580474,257.39261167620094,250.97065513179186,254.62623596191406,5256800,0.0,0.0
2020-10-16 00:00:00-04:00,256.1279932424828,259.36861790235713,255.38699647435996,255.44627380371094,3092300,0.0,0.0
2020-10-19 00:00:00-04:00,256.6417553194815,258.34110901457564,251.44488864063578,251.94876098632812,3242300,0.0,0.0
2020-10-20 00:00:00-04:00,253.04545589918934,256.06872035345606,251.00031262302812,252.8972625732422,2989300,0.0,0.0
2020-10-21 00:00:00-04:00,253.3714669548137,255.2091241769136,248.8266814645797,251.1781005859375,2794000,0.0,0.0
2020-10-22 00:00:00-04:00,250.84220958066933,252.15624557598275,243.17536892878053,246.67286682128906,3685700,0.0,0.0
2020-10-23 00:00:00-04:00,247.09769321399048,247.5620523287817,243.8471794104521,247.5126495361328,3159600,0.0,0.0
2020-10-26 00:00:00-04:00,242.35534827345072,245.13161377890546,234.53042413696454,239.0751953125,5864100,0.0,0.0
2020-10-27 00:00:00-04:00,245.0229104344451,248.7278939591595,242.8196844529209,247.29530334472656,4285600,0.0,0.0
2020-10-28 00:00:00-04:00,241.6637412063165,242.50352846061776,235.15283843727633,235.5677947998047,4425400,0.0,0.0
2020-10-29 00:00:00-04:00,239.60871063631808,239.60871063631808,234.28341465523576,234.2932891845703,4589000,0.0,0.0
2020-10-30 00:00:00-04:00,232.98915350157884,234.8959779686661,225.91510066258655,229.4817657470703,5741200,0.0,0.0
2020-11-02 00:00:00-05:00,232.29752288433951,235.6369528686885,226.24112004944828,229.65957641601562,3953400,0.0,0.0
2020-11-03 00:00:00-05:00,232.27778675515302,238.04767781770857,230.47962740945923,234.28341674804688,4151400,0.0,0.0
2020-11-04 00:00:00-05:00,243.0666857303797,249.84433626086215,240.32005912326102,247.7300262451172,6505400,0.0,0.0
2020-11-05 00:00:00-05:00,255.01156575320718,257.7878615192893,252.37363401443366,257.09625244140625,8961700,0.0,0.0
2020-11-06 00:00:00-05:00,256.8788452706551,258.60783749843836,251.43499516925635,257.02703857421875,3798600,0.0,0.0
2020-11-09 00:00:00-05:00,257.8174769887602,267.6677948276312,254.1618810224048,256.1675109863281,8777500,0.0,0.0
2020-11-10 00:00:00-05:00,254.96214477662076,255.8908630623821,239.98412770663603,244.68699645996094,6863200,0.0,0.0
2020-11-11 00:00:00-05:00,250.46676787848077,253.65798955678898,248.19438997959162,251.12872314453125,4163400,0.0,0.0
2020-11-12 00:00:00-05:00,244.43011737189173,251.90925166620815,243.4026085308778,246.42587280273438,5607000,0.0,0.0
2020-11-13 00:00:00-05:00,249.80479758186044,250.74339036305113,244.58818215155455,246.5147705078125,5160000,0.0,0.0
2020-11-16 00:00:00-05:00,246.52465947506198,250.44700310399494,245.20073395042397,246.8902130126953,5712600,0.0,0.0
2020-11-17 00:00:00-05:00,250.6940114616418,255.16961529243713,247.45338706749843,253.0948486328125,5090700,0.0,0.0
2020-11-18 00:00:00-05:00,253.32205075195787,259.50691248871607,252.77866526475057,254.07293701171875,5880500,0.0,0.0
2020-11-19 00:00:00-05:00,253.7567498280673,263.8837032731059,252.59092242386018,261.4729919433594,8084600,0.0,0.0
2020-11-20 00:00:00-05:00,260.4257461114646,261.8385725263445,254.72502258319298,254.9423828125,7286100,0.0,0.0
2020-11-23 00:00:00-05:00,258.09408047346363,258.59793768568915,251.5535398814339,254.54718017578125,5383600,0.0,0.0
2020-11-24 00:00:00-05:00,256.8788580594475,259.16112550164627,254.7250348704758,257.7087707519531,5797300,0.0,0.0
2020-11-25 00:00:00-05:00,260.5640794309583,262.9056240798069,242.10831456358173,243.85707092285156,26394900,0.0,0.0
2020-11-27 00:00:00-05:00,247.9869043569779,248.81681707213605,244.06456048042176,244.65736389160156,7395000,0.0,0.0
2020-11-30 00:00:00-05:00,242.53315363236402,244.6573531999153,233.23612657181965,242.8493194580078,18966400,0.0,0.0
2020-12-01 00:00:00-05:00,242.05892143155825,243.73851093249067,235.83454615105202,238.45274353027344,18872000,0.0,0.0
2020-12-02 00:00:00-05:00,222.77321436599317,223.2869762315919,213.04146803135666,218.129638671875,52225500,0.0,0.0
2020-12-03 00:00:00-05:00,223.39569506471335,223.39569506471335,217.48748535071786,218.31739807128906,21395300,0.0,0.0
2020-12-04 00:00:00-05:00,221.1331621756982,225.85577950512547,219.1571711566704,223.14866638183594,20504800,0.0,0.0
2020-12-07 00:00:00-05:00,225.37168033102284,227.11054718612635,223.53400788417687,224.9665985107422,12864100,0.0,0.0
2020-12-08 00:00:00-05:00,225.90518946151985,226.74499175753513,222.9510922456224,225.1246795654297,12116800,0.0,0.0
2020-12-09 00:00:00-05:00,225.31239825752473,226.0929081436199,217.428197637503,217.9221954345703,15651800,0.0,0.0
2020-12-10 00:00:00-05:00,217.92220730974267,221.61730138476742,217.51712547592555,220.24398803710938,9258600,0.0,0.0
2020-12-11 00:00:00-05:00,219.25597170503787,220.06613529624317,217.33925791668946,219.74996948242188,8214400,0.0,0.0
2020-12-14 00:00:00-05:00,220.4119288946575,220.7873720368199,217.8036211833973,218.61378479003906,8508500,0.0,0.0
2020-12-15 00:00:00-05:00,219.4041975487149,219.47334940373312,215.5806441959802,217.50723266601562,10766800,0.0,0.0
2020-12-16 00:00:00-05:00,218.82128246556394,221.31103583993624,217.60605198100873,220.9355926513672,8821400,0.0,0.0
2020-12-17 00:00:00-05:00,222.20018712257487,224.0082207389838,221.8049949435674,223.20794677734375,9946900,0.0,0.0
2020-12-18 00:00:00-05:00,224.29476236838528,225.08516185306087,221.70620367918235,224.6998291015625,11845400,0.0,0.0
2020-12-21 00:00:00-05:00,222.20021290342612,224.70973026569843,222.0125063957688,223.75137329101562,9219000,0.0,0.0
2020-12-22 00:00:00-05:00,224.275003354795,229.0865371488261,223.87981114124466,228.3949432373047,10339600,0.0,0.0
2020-12-23 00:00:00-05:00,229.7089739636462,230.38080372646988,224.38367835306204,224.6998291015625,7090500,0.0,0.0
2020-12-24 00:00:00-05:00,225.55939419903308,226.43870966326065,222.13104832628133,223.06964111328125,6146300,0.0,0.0
2020-12-28 00:00:00-05:00,224.49237472414376,225.1049272081991,219.38443897891563,221.94334411621094,6422500,0.0,0.0
2020-12-29 00:00:00-05:00,222.26936850201926,222.59540885493314,218.2087060348063,219.7895050048828,6122400,0.0,0.0
2020-12-30 00:00:00-05:00,220.45145697314103,220.9553292880246,218.92006082024673,219.73020935058594,4724000,0.0,0.0
2020-12-31 00:00:00-05:00,219.6017996512296,220.1155465401766,217.5270027342093,219.85867309570312,6011100,0.0,0.0
2021-01-04 00:00:00-05:00,219.96734533591135,221.06402108263086,213.13041742032925,217.66531372070312,10319900,0.0,0.0
2021-01-05 00:00:00-05:00,216.8551490449226,220.32300800376925,215.373155717543,218.86077880859375,8657200,0.0,0.0
2021-01-06 00:00:00-05:00,215.383050043888,217.81352595747128,213.18969851170363,213.5552520751953,9789800,0.0,0.0
2021-01-07 00:00:00-05:00,214.42470361743742,218.01113280006143,213.9010671072428,215.36329650878906,8443100,0.0,0.0
2021-01-08 00:00:00-05:00,217.35902267329402,219.65117960323525,216.58838734441068,219.37452697753906,7301700,0.0,0.0
2021-01-11 00:00:00-05:00,216.99345877013016,217.93205148987323,213.63426498945094,215.63002014160156,7199000,0.0,0.0
2021-01-12 00:00:00-05:00,215.38304041419624,215.67944210878863,211.519974006968,212.9328155517578,10736000,0.0,0.0
2021-01-13 00:00:00-05:00,214.39502459114306,216.27221002045084,212.94266999270224,215.56085205078125,6839200,0.0,0.0
2021-01-14 00:00:00-05:00,215.61027423968844,216.86503286513766,212.96245328428236,213.01185607910156,6548000,0.0,0.0
2021-01-15 00:00:00-05:00,213.57501596790925,215.2546055429735,210.43319706491317,210.58139038085938,8525600,0.0,0.0
2021-01-19 00:00:00-05:00,212.76485091904817,214.67167512289828,211.13464919168874,214.1579132080078,7753800,0.0,0.0
2021-01-20 00:00:00-05:00,219.3251304613325,221.94331255370633,217.3293752938613,220.75772094726562,9857700,0.0,0.0
2021-01-21 00:00:00-05:00,221.0047483247906,222.04214676755197,218.16920564677778,219.50299072265625,6785900,0.0,0.0
2021-01-22 00:00:00-05:00,222.20020226164843,225.05550891502028,221.06401336287902,223.0597686767578,10186100,0.0,0.0
2021-01-25 00:00:00-05:00,226.93269412073096,227.53537199286725,218.66317641629686,223.20794677734375,8213500,0.0,0.0
2021-01-26 00:00:00-05:00,225.06539061676665,225.17407073092465,221.8445154566019,223.5438690185547,5021000,0.0,0.0
2021-01-27 00:00:00-05:00,221.01461272311144,225.07527524247112,218.9200668751359,222.08164978027344,7641100,0.0,0.0
2021-01-28 00:00:00-05:00,222.2990276008252,226.84381375091138,222.2990276008252,223.78102111816406,7246000,0.0,0.0
2021-01-29 00:00:00-05:00,221.9630896751214,226.04350115171502,220.3427775338505,222.85227966308594,6473000,0.0,0.0
2021-02-01 00:00:00-05:00,224.48248900895635,227.14018453429716,222.0520131769518,225.7174835205078,5696700,0.0,0.0
2021-02-02 00:00:00-05:00,228.69135639437326,233.11757272551256,228.6024404032116,231.38858032226562,7134900,0.0,0.0
2021-02-03 00:00:00-05:00,232.17896111835574,233.1669566975828,229.47184780405183,232.00112915039062,5357600,0.0,0.0
2021-02-04 00:00:00-05:00,232.69270841551835,235.37016782459486,232.64330562453884,235.1231689453125,4770700,0.0,0.0
2021-02-05 00:00:00-05:00,236.27913599580828,236.4866217000619,233.57203776566865,236.0222625732422,5020000,0.0,0.0
2021-02-08 00:00:00-05:00,236.63482209730208,238.21562109669085,234.28340280712237,236.06178283691406,4336400,0.0,0.0
2021-02-09 00:00:00-05:00,236.6842344334486,237.19799639030217,233.40409672957693,233.8585662841797,5157200,0.0,0.0
2021-02-10 00:00:00-05:00,234.59955900374487,235.36031985896489,231.15146390821107,233.87832641601562,5535600,0.0,0.0
2021-02-11 00:00:00-05:00,236.06177276048487,239.97424182537705,235.71598335861515,238.34405517578125,6091600,0.0,0.0
2021-02-12 00:00:00-05:00,238.05750573501868,238.6601835753854,236.0420016073416,237.48446655273438,4314400,0.0,0.0
2021-02-16 00:00:00-05:00,242.05893419637147,248.21414287333494,240.87334243175758,245.6058349609375,10837600,0.0,0.0
2021-02-17 00:00:00-05:00,245.60582514122487,246.50490476472717,242.5529223236093,244.68699645996094,5879200,0.0,0.0
2021-02-18 00:00:00-05:00,243.01727576857064,245.0327801330128,239.65809680262828,244.04478454589844,4152800,0.0,0.0
2021-02-19 00:00:00-05:00,245.02292061246067,246.3962339596429,243.02716518307346,243.60020446777344,4647700,0.0,0.0
2021-02-22 00:00:00-05:00,241.32778850522004,241.58467699756088,237.49437600851024,238.05752563476562,5055000,0.0,0.0
2021-02-23 00:00:00-05:00,232.4358513841558,236.09144735267517,226.26087856654502,232.81129455566406,8641600,0.0,0.0
2021-02-24 00:00:00-05:00,232.70261210982818,238.60094729242317,228.73086541198649,237.58331298828125,6128300,0.0,0.0
2021-02-25 00:00:00-05:00,235.66659464648927,237.46475391586972,227.01175841996445,228.3060302734375,8828900,0.0,0.0
2021-02-26 00:00:00-05:00,226.6363255626481,227.73300135658738,213.74297908677204,213.90106201171875,20372900,0.0,0.0
2021-03-01 00:00:00-05:00,217.26022859205483,217.55663029015537,212.44869479592197,214.92855834960938,14027700,0.0,0.0
2021-03-02 00:00:00-05:00,215.77823606748478,215.97584725077823,210.7789806727404,210.9074249267578,10211500,0.0,0.0
2021-03-03 00:00:00-05:00,210.2751115656919,210.75923485120813,202.93429620162522,203.527099609375,11459000,0.0,0.0
2021-03-04 00:00:00-05:00,204.35699541287863,206.57998539460272,199.09097733598728,202.86512756347656,12800500,0.0,0.0
2021-03-05 00:00:00-05:00,207.4889532414841,209.80087443317862,200.78046966304876,208.22994995117188,11406000,0.0,0.0
2021-03-08 00:00:00-05:00,211.05562393825244,212.32025715227581,205.0782623726211,205.22645568847656,9576400,0.0,0.0
2021-03-09 00:00:00-05:00,209.6329138108491,213.1995787789421,208.63504361238745,208.99072265625,9732200,0.0,0.0
2021-03-10 00:00:00-05:00,212.14243579774327,213.5552623983791,209.22785152688746,209.4155731201172,7186400,0.0,0.0
2021-03-11 00:00:00-05:00,212.41905793457397,215.55100223551204,211.77686681292542,213.35765075683594,6431000,0.0,0.0
2021-03-12 00:00:00-05:00,210.88765676947335,211.28286405290285,206.78748107985072,209.6625518798828,6114600,0.0,0.0
2021-03-15 00:00:00-04:00,209.30687532832297,210.3837869215741,206.98507962212412,210.24546813964844,5733700,0.0,0.0
2021-03-16 00:00:00-04:00,212.260982994057,214.0887809868462,210.91730829964987,211.90530395507812,5311000,0.0,0.0
2021-03-17 00:00:00-04:00,210.95682227099158,212.23132994684494,208.32875038751718,210.56161499023438,5805100,0.0,0.0
2021-03-18 00:00:00-04:00,208.17065727861223,208.8425020851831,205.89826452131737,206.96530151367188,5580100,0.0,0.0
2021-03-19 00:00:00-04:00,207.29134020675704,210.19604948363525,206.5602331612948,209.65264892578125,7088400,0.0,0.0
2021-03-22 00:00:00-04:00,208.94131453618863,214.37529057725865,208.83263441234254,212.58702087402344,5002500,0.0,0.0
2021-03-23 00:00:00-04:00,212.18192775489567,214.8198741745247,211.75709688694346,212.41905212402344,4578000,0.0,0.0
2021-03-24 00:00:00-04:00,212.54749066541277,212.69568396987648,206.89615482908528,207.01470947265625,4617700,0.0,0.0
2021-03-25 00:00:00-04:00,203.6950637887148,205.6710551123583,201.91666858231218,202.9738311767578,7977200,0.0,0.0
2021-03-26 00:00:00-04:00,203.17140492931367,206.89615238554205,202.31185362234393,206.57998657226562,7333200,0.0,0.0
2021-03-29 00:00:00-04:00,206.5009557352984,209.10926352646086,203.5172198660888,208.23983764648438,5686900,0.0,0.0
2021-03-30 00:00:00-04:00,206.1353903939992,208.753572564204,204.8707572994532,207.47906494140625,4717900,0.0,0.0
2021-03-31 00:00:00-04:00,207.91380312180848,211.1050247906394,207.58776275431305,209.32662963867188,6838000,0.0,0.0
2021-04-01 00:00:00-04:00,211.03585840788128,216.30186149514452,210.80860857381774,216.09439086914062,7763500,0.0,0.0
2021-04-05 00:00:00-04:00,216.97372378784416,219.17694985082122,216.30187891120406,217.6455535888672,5553200,0.0,0.0
2021-04-06 00:00:00-04:00,217.18121521699726,218.8904435033606,215.63005478022,218.4359588623047,5448500,0.0,0.0
2021-04-07 00:00:00-04:00,219.29547906381876,220.00682192587186,216.75632349383082,218.13951110839844,4403400,0.0,0.0
2021-04-08 00:00:00-04:00,220.32302459183845,223.00049937149498,219.77962398243025,221.755615234375,6169100,0.0,0.0
2021-04-09 00:00:00-04:00,221.63703527298125,228.5332397335639,220.9454414289025,228.50360107421875,7319300,0.0,0.0
2021-04-12 00:00:00-04:00,226.76474124151287,227.09078157976379,224.4231815532774,226.01385498046875,6205700,0.0,0.0
2021-04-13 00:00:00-04:00,226.25102437775712,230.68713067596727,225.75702650793667,229.2150115966797,5397100,0.0,0.0
2021-04-14 00:00:00-04:00,230.05478117055992,230.34129326089055,224.9270816015868,225.2827606201172,4617600,0.0,0.0
2021-04-15 00:00:00-04:00,227.1105413919898,230.28201386836344,226.74498784797896,230.20297241210938,5073900,0.0,0.0
2021-04-16 00:00:00-04:00,231.1909599489527,231.1909599489527,227.13029761349134,229.1260528564453,5088700,0.0,0.0
2021-04-19 00:00:00-04:00,228.05902680820017,229.41257595986738,226.12254879340014,227.7329864501953,4257700,0.0,0.0
2021-04-20 00:00:00-04:00,227.23896918971053,228.67155967600087,224.16630252503376,225.2234649658203,4081200,0.0,0.0
2021-04-21 00:00:00-04:00,224.3836699546717,228.0194863422327,223.94894950059032,227.79225158691406,4024000,0.0,0.0
2021-04-22 00:00:00-04:00,227.23898435497634,231.08228657430323,226.26086329944394,228.57278442382812,4975400,0.0,0.0
2021-04-23 00:00:00-04:00,230.14369848937238,232.66309029558803,228.9679813080973,230.70684814453125,5447100,0.0,0.0
2021-04-26 00:00:00-04:00,231.23047116718763,232.9693529781556,229.62992320537907,232.63343811035156,3459600,0.0,0.0
2021-04-27 00:00:00-04:00,232.63346258113384,233.06816800398698,229.12607500551218,231.39846801757812,3445200,0.0,0.0
2021-04-28 00:00:00-04:00,232.17895574178274,235.46898275349554,230.72660106790192,234.03639221191406,4274500,0.0,0.0
2021-04-29 00:00:00-04:00,234.4711042342347,234.81689362114804,229.38291825670902,231.546630859375,4140800,0.0,0.0
2021-04-30 00:00:00-04:00,230.00537003827876,231.68495947993978,226.7647457982973,227.55514526367188,5024800,0.0,0.0
2021-05-03 00:00:00-04:00,227.99972590579,228.68144521333576,220.39216356592075,221.07386779785156,5835700,0.0,0.0
2021-05-04 00:00:00-04:00,219.00898162307593,219.3350219783339,211.78673623940148,214.5728759765625,6727500,0.0,0.0
2021-05-05 00:00:00-04:00,216.193213115053,216.93420984482663,212.26097961460994,212.8142547607422,4205800,0.0,0.0
2021-05-06 00:00:00-04:00,213.21933371057344,215.65968411370818,210.93706622580277,215.4324493408203,5200000,0.0,0.0
2021-05-07 00:00:00-04:00,217.86291921113383,218.59404143229918,212.50798450240876,213.90106201171875,5774700,0.0,0.0
2021-05-10 00:00:00-04:00,212.9130612852011,213.36754591471947,210.67030695211457,211.3223876953125,5263700,0.0,0.0
2021-05-11 00:00:00-04:00,206.4911016823176,213.97023638146183,206.4021856873013,212.97235107421875,6097900,0.0,0.0
2021-05-12 00:00:00-04:00,210.77896375446687,210.8086024144586,206.49106675202233,208.0125732421875,5482500,0.0,0.0
2021-05-13 00:00:00-04:00,210.413417628456,213.05136398977146,207.94342870487043,209.31674194335938,5337000,0.0,0.0
2021-05-14 00:00:00-04:00,211.61877331056124,215.6497970406666,211.57924504546108,215.047119140625,4429000,0.0,0.0
2021-05-17 00:00:00-04:00,213.989964589988,215.10640444846754,210.26523201147253,212.47833251953125,3816100,0.0,0.0
2021-05-18 00:00:00-04:00,212.85375570041265,214.74083074810298,211.22355405884176,211.757080078125,3540600,0.0,0.0
2021-05-19 00:00:00-04:00,213.2588515471033,218.93982612075132,211.93492601508055,218.6829376220703,8092100,0.0,0.0
2021-05-20 00:00:00-04:00,220.30324373258293,224.1070326340372,219.69069131518282,221.09364318847656,6705500,0.0,0.0
2021-05-21 00:00:00-04:00,222.50649908754727,223.0696487487769,219.76974701282305,219.90806579589844,4913600,0.0,0.0
2021-05-24 00:00:00-04:00,222.29900483442577,224.86779936498112,221.51849496183377,224.26512145996094,5288300,0.0,0.0
2021-05-25 00:00:00-04:00,225.2629830204682,226.96233655456658,223.5636294863698,224.97647094726562,6256300,0.0,0.0
2021-05-26 00:00:00-04:00,225.73724452499948,227.47612653768584,225.54952293721016,226.92283630371094,5807100,0.0,0.0
2021-05-27 00:00:00-04:00,226.76477077143187,226.76477077143187,222.68434382344302,223.1190643310547,15344100,0.0,0.0
2021-05-28 00:00:00-04:00,236.34829517991076,240.5769149010755,234.9749819771346,235.2417449951172,17810800,0.0,0.0
2021-06-01 00:00:00-04:00,235.14295812366765,235.53815034236828,229.66946900901837,233.36456298828125,8103900,0.0,0.0
2021-06-02 00:00:00-04:00,231.58618283378928,235.42948545039386,231.0921849906493,231.8035430908203,5543900,0.0,0.0
2021-06-03 00:00:00-04:00,230.09428736332723,230.3807994449441,226.67581606277304,228.0688934326172,5109000,0.0,0.0
2021-06-04 00:00:00-04:00,228.84941593888993,235.03426270515774,228.7407358244781,234.62918090820312,6177600,0.0,0.0
2021-06-07 00:00:00-04:00,233.75975870894436,236.59530118055392,233.0088724247267,235.28126525878906,3510800,0.0,0.0
2021-06-08 00:00:00-04:00,235.93334344366656,238.88744052844385,232.8409125074873,233.5819091796875,5827300,0.0,0.0
2021-06-09 00:00:00-04:00,236.0025011609787,236.0025011609787,232.68283538396742,233.25587463378906,3350900,0.0,0.0
2021-06-10 00:00:00-04:00,233.16698206198146,237.40547692466686,232.32717969803653,237.3066864013672,4659500,0.0,0.0
2021-06-11 00:00:00-04:00,236.16058353175808,237.48449399781995,235.54803109311194,237.4252166748047,4624200,0.0,0.0
2021-06-14 00:00:00-04:00,237.81053419327918,243.6792303777829,237.5931739586223,243.3037872314453,6764700,0.0,0.0
2021-06-15 00:00:00-04:00,242.26641736454417,242.41461068020368,239.10481925804885,239.66798400878906,5135300,0.0,0.0
2021-06-16 00:00:00-04:00,239.094922208126,242.06878337531126,236.60516921024092,239.48023986816406,5099300,0.0,0.0
2021-06-17 00:00:00-04:00,239.09493597713308,244.21274596547167,238.30453647944074,241.49575805664062,5170200,0.0,0.0
2021-06-18 00:00:00-04:00,238.9467565988848,243.0568070904151,238.1662315844935,239.86558532714844,7822200,0.0,0.0
2021-06-21 00:00:00-04:00,240.52750133960492,241.78225984514967,236.0222442739561,241.54513549804688,5895100,0.0,0.0
2021-06-22 00:00:00-04:00,240.87330867036502,241.78226273168835,237.9982381143308,240.19158935546875,4457200,0.0,0.0
2021-06-23 00:00:00-04:00,240.823903640468,241.56490026705407,237.95872271458123,238.93682861328125,4482400,0.0,0.0
2021-06-24 00:00:00-04:00,240.42873262651506,244.71662986486112,239.78652644826025,240.84368896484375,4987300,0.0,0.0
2021-06-25 00:00:00-04:00,241.2586487347222,241.2685232635313,238.09706581990406,238.96649169921875,15409300,0.0,0.0
2021-06-28 00:00:00-04:00,241.27839997835025,244.617814687033,240.67572208962684,241.6340789794922,4274900,0.0,0.0
2021-06-29 00:00:00-04:00,241.5056427697431,243.8175488162855,239.5197619991148,242.85919189453125,3871900,0.0,0.0
2021-06-30 00:00:00-04:00,242.53315850840335,243.66936250708525,240.57693141865633,241.3376922607422,4168800,0.0,0.0
2021-07-01 00:00:00-04:00,241.56490516448793,243.6298121876236,239.70746875865817,242.0391387939453,3899600,0.0,0.0
2021-07-02 00:00:00-04:00,243.95587159953482,245.97139106469535,242.88883454308802,245.2205047607422,4056200,0.0,0.0
2021-07-06 00:00:00-04:00,246.01090090329592,249.88384179117347,245.39834846419978,247.2458953857422,5590200,0.0,0.0
2021-07-07 00:00:00-04:00,249.96291489054872,250.45691274606364,244.8846175388801,245.45765686035156,5101400,0.0,0.0
2021-07-08 00:00:00-04:00,241.9008370566928,243.6199548134941,238.83805976775446,242.8493194580078,5159600,0.0,0.0
2021-07-09 00:00:00-04:00,242.6418310317692,245.02290399926477,241.1598376608059,242.11819458007812,4213500,0.0,0.0
2021-07-12 00:00:00-04:00,244.25226171542934,244.29177490426173,238.94673042225978,239.99400329589844,5604500,0.0,0.0
2021-07-13 00:00:00-04:00,239.38145494508962,244.19300392236087,238.77877700679397,241.0906982421875,6699800,0.0,0.0
2021-07-14 00:00:00-04:00,241.5649028203364,243.1950893858104,236.99047877299782,239.51974487304688,6375700,0.0,0.0
2021-07-15 00:00:00-04:00,238.32430021280223,239.12457423796198,232.98912999465952,234.72799682617188,7912600,0.0,0.0
2021-07-16 00:00:00-04:00,235.43936561715694,237.9883961946458,234.91572913046994,235.5677947998047,7288100,0.0,0.0
2021-07-19 00:00:00-04:00,233.67082517118808,235.63694176872326,231.49723794777375,234.69834899902344,8843000,0.0,0.0
2021-07-20 00:00:00-04:00,235.83453799375408,240.26075389708842,233.43371601073017,237.2276153564453,8487000,0.0,0.0
2021-07-21 00:00:00-04:00,238.54165804396317,240.0631646217302,235.40971382771815,239.20361328125,15323100,0.0,0.0
2021-07-22 00:00:00-04:00,240.57691258178983,245.71448634459406,240.4188296781674,245.29953002929688,7868700,0.0,0.0
2021-07-23 00:00:00-04:00,246.9988896887588,247.55216478956308,243.71873719739648,245.2698974609375,5877300,0.0,0.0
2021-07-26 00:00:00-04:00,245.22050437780914,245.49714193916523,242.8690851062824,244.62771606445312,3960700,0.0,0.0
2021-07-27 00:00:00-04:00,244.24240309410447,245.15135725260447,238.29466525902373,240.58680725097656,6352500,0.0,0.0
2021-07-28 00:00:00-04:00,240.8930838130105,243.12594834339433,240.08292022041556,241.03140258789062,4100200,0.0,0.0
2021-07-29 00:00:00-04:00,240.5670423633838,243.2049886779271,240.5670423633838,241.1104278564453,3271100,0.0,0.0
2021-07-30 00:00:00-04:00,240.0829193136553,241.30803922626353,238.72937023061075,239.0257568359375,3748400,0.0,0.0
2021-08-02 00:00:00-04:00,239.4012339280192,239.5593168570272,236.01241593776052,237.96864318847656,3525700,0.0,0.0
2021-08-03 00:00:00-04:00,238.48239625284995,240.13234718918085,236.170474960502,238.2353973388672,3077900,0.0,0.0
2021-08-04 00:00:00-04:00,238.71948462597842,241.71310999485684,236.79289628099963,241.23887634277344,4121600,0.0,0.0
2021-08-05 00:00:00-04:00,241.74273607184628,247.88806939893783,240.61642178451908,247.55215454101562,5235200,0.0,0.0
2021-08-06 00:00:00-04:00,246.23812781110541,249.0539211714965,246.2282532827827,247.58180236816406,4045400,0.0,0.0
2021-08-09 00:00:00-04:00,248.4018692616287,249.38986493051226,244.8747325630355,246.32708740234375,3312200,0.0,0.0
2021-08-10 00:00:00-04:00,247.858464992408,248.2339081652734,240.1224572094669,240.46826171875,4430600,0.0,0.0
2021-08-11 00:00:00-04:00,241.7328601850411,243.19508932207088,237.21772853315605,239.37155151367188,3999200,0.0,0.0
2021-08-12 00:00:00-04:00,239.58892509481993,245.4477315732141,239.0257603851055,245.40821838378906,4467400,0.0,0.0
2021-08-13 00:00:00-04:00,248.68835424457495,250.72362256498337,245.88243556365163,248.54014587402344,5986400,0.0,0.0
2021-08-16 00:00:00-04:00,247.16686833281247,247.98690652601638,241.5352961798152,246.20851135253906,4047500,0.0,0.0
2021-08-17 00:00:00-04:00,245.27978323555794,246.2085015154686,242.98764127347013,244.02503967285156,3472600,0.0,0.0
2021-08-18 00:00:00-04:00,245.0229071339728,253.7172562943626,244.7462695739031,248.20425415039062,8306700,0.0,0.0
2021-08-19 00:00:00-04:00,246.17886675358872,252.3736035103311,245.39835684729073,250.0320587158203,6600800,0.0,0.0
2021-08-20 00:00:00-04:00,249.96288211610144,254.77441577374384,249.57756444234633,253.05531311035156,5510700,0.0,0.0
2021-08-23 00:00:00-04:00,253.91484480161523,258.716488483639,253.49001397073263,257.392578125,7603900,0.0,0.0
2021-08-24 00:00:00-04:00,258.77581791173463,259.34884208675544,255.9501348488342,256.5429382324219,6685200,0.0,0.0
2021-08-25 00:00:00-04:00,257.7285484191789,258.75607240782364,255.64389192764742,257.71868896484375,9701000,0.0,0.0
2021-08-26 00:00:00-04:00,266.56116778990736,271.91611654491805,264.15045641252004,264.5753173828125,18987000,0.0,0.0
2021-08-27 00:00:00-04:00,264.6444957788431,267.6579005501885,262.243673626985,263.3304748535156,7992500,0.0,0.0
2021-08-30 00:00:00-04:00,262.6190666077055,264.36780768947744,261.57179384896375,261.7891540527344,5730000,0.0,0.0
2021-08-31 00:00:00-04:00,261.59157350917127,263.56756462873625,259.5464456153575,262.0855712890625,5901500,0.0,0.0
2021-09-01 00:00:00-04:00,263.0735898579964,269.97969992774136,262.4017600548798,265.0989990234375,7189000,0.0,0.0
2021-09-02 00:00:00-04:00,265.7707880860019,266.02767656302876,260.751784239246,260.97900390625,4498300,0.0,0.0
2021-09-03 00:00:00-04:00,260.4356652073396,264.19992630610847,258.65725490673975,263.8738708496094,7356700,0.0,0.0
2021-09-07 00:00:00-04:00,263.34035719265034,264.6840167438463,260.9000068404569,262.02630615234375,4672500,0.0,0.0
2021-09-08 00:00:00-04:00,260.4554028554208,261.1667609142481,258.43988333020445,259.4674072265625,3851500,0.0,0.0
2021-09-09 00:00:00-04:00,258.67703757643983,260.5443337431219,257.32348831169855,257.6099853515625,4126500,0.0,0.0
2021-09-10 00:00:00-04:00,257.8668436377616,258.44975740561483,253.42086357504158,254.1124725341797,5280900,0.0,0.0
2021-09-13 00:00:00-04:00,253.91487708211073,254.59659647937153,249.1626205106882,251.0595703125,5258200,0.0,0.0
2021-09-14 00:00:00-04:00,251.05956333796215,252.04755894118492,249.96288761536022,251.31643676757812,4097500,0.0,0.0
2021-09-15 00:00:00-04:00,251.48438262381737,253.66785943960645,249.91347330522134,253.08494567871094,4764600,0.0,0.0
2021-09-16 00:00:00-04:00,252.46249201317804,258.0841888893997,251.93885559778872,257.2344970703125,5122600,0.0,0.0
2021-09-17 00:00:00-04:00,256.15761221475077,258.55846447383954,255.57469842012125,257.4024963378906,7049400,0.0,0.0
2021-09-20 00:00:00-04:00,253.50980151585347,256.0983453079352,251.87961471523752,255.1202392578125,5985500,0.0,0.0
2021-09-21 00:00:00-04:00,256.35519270778445,259.3982055707587,254.67558830307954,254.87319946289062,6040600,0.0,0.0
2021-09-22 00:00:00-04:00,255.7920292908727,257.23449428062116,253.13431897991836,256.0588073730469,4355600,0.0,0.0
2021-09-23 00:00:00-04:00,266.7587839360627,276.03607611665154,263.20199412000255,274.5244140625,15617200,0.0,0.0
2021-09-24 00:00:00-04:00,275.1568183381975,282.92245051601003,274.8702911263067,282.20123291015625,13368300,0.0,0.0
2021-09-27 00:00:00-04:00,279.0495096330722,280.3536712013746,275.69033026269875,276.3226318359375,5941100,0.0,0.0
2021-09-28 00:00:00-04:00,271.80742757309616,273.37836695141357,266.79831330228103,269.01141357421875,7127100,0.0,0.0
2021-09-29 00:00:00-04:00,270.2069047886651,271.38262195516097,266.00792352296065,267.2528076171875,4361900,0.0,0.0
2021-09-30 00:00:00-04:00,267.4010076254749,270.96768748034816,267.1935369883165,267.96417236328125,5224200,0.0,0.0
2021-10-01 00:00:00-04:00,268.24084533666235,273.02274113446026,265.5436060926438,271.9557189941406,4756000,0.0,0.0
2021-10-04 00:00:00-04:00,271.9161667463996,271.9951931326549,262.9451794203029,267.6084899902344,6393800,0.0,0.0
2021-10-05 00:00:00-04:00,268.843483263995,270.2661994195824,267.7764612229218,268.507568359375,4050400,0.0,0.0
2021-10-06 00:00:00-04:00,266.4327643619625,272.1828753565292,264.28880082332165,271.96551513671875,4745500,0.0,0.0
2021-10-07 00:00:00-04:00,273.57597046172566,276.14476500363384,270.78981568585834,271.2838134765625,5374200,0.0,0.0
2021-10-08 00:00:00-04:00,272.2323094606989,273.5957481798127,269.0015446303035,269.20904541015625,2683300,0.0,0.0
2021-10-11 00:00:00-04:00,268.51748383559936,272.9535751064653,268.25073583743887,270.4638366699219,2693000,0.0,0.0
2021-10-12 00:00:00-04:00,273.10177183377897,277.37977974731007,272.7065494513526,275.6507873535156,5970100,0.0,0.0
2021-10-13 00:00:00-04:00,276.63881516987897,281.6775996192922,275.25562712427717,280.9958801269531,6573500,0.0,0.0
2021-10-14 00:00:00-04:00,282.56672098070425,287.1510347027721,281.24281059145983,286.5384521484375,5433900,0.0,0.0
2021-10-15 00:00:00-04:00,288.9788365954767,289.35427976482333,285.84690728510805,288.1588134765625,5119300,0.0,0.0
2021-10-18 00:00:00-04:00,287.28933408409165,289.72968420742075,285.244176135744,288.19830322265625,5163300,0.0,0.0
2021-10-19 00:00:00-04:00,288.5935181479717,291.9823357886488,287.8623809078274,288.83062744140625,3631200,0.0,0.0
2021-10-20 00:00:00-04:00,289.59137130888263,291.8637792440402,284.49334062579436,286.6076354980469,4487900,0.0,0.0
2021-10-21 00:00:00-04:00,285.99507877678224,288.0698755034688,284.80947203260934,286.33099365234375,2828500,0.0,0.0
2021-10-22 00:00:00-04:00,285.53074205824254,289.48272464728393,284.72057839119276,289.0480041503906,2927000,0.0,0.0
2021-10-25 00:00:00-04:00,289.7791104885712,291.5871594028048,288.2180906367115,290.3916931152344,2993500,0.0,0.0
2021-10-26 00:00:00-04:00,292.2293225799796,294.7783378324991,290.0952485737805,291.5673522949219,3601400,0.0,0.0
2021-10-27 00:00:00-04:00,292.97034186468187,295.5984138488237,291.5476257506918,291.6069030761719,3742700,0.0,0.0
2021-10-28 00:00:00-04:00,291.5278632603825,295.2229570841476,290.0063416236189,294.7981262207031,3450400,0.0,0.0
2021-10-29 00:00:00-04:00,294.4226922310061,297.1693188249642,292.7134489686439,296.0924072265625,4251900,0.0,0.0
2021-11-01 00:00:00-04:00,297.88066524608803,301.2003158986272,296.1220343322765,299.12554931640625,3825100,0.0,0.0
2021-11-02 00:00:00-04:00,298.0980175625437,299.7973711089521,295.815750261718,299.3132629394531,4177500,0.0,0.0
2021-11-03 00:00:00-04:00,300.3013013371766,300.3013013371766,294.61043652762413,299.2540283203125,3260200,0.0,0.0
2021-11-04 00:00:00-04:00,299.8566246988886,304.7076860675189,298.76982365325966,304.3421325683594,3833800,0.0,0.0
2021-11-05 00:00:00-04:00,304.7966093555323,307.6617902527776,299.69854899743484,303.5616149902344,4681800,0.0,0.0
2021-11-08 00:00:00-05:00,303.51222764794886,307.65193117759753,302.2278154157277,306.23907470703125,3893000,0.0,0.0
2021-11-09 00:00:00-05:00,306.278684193853,308.00767676591505,303.5320571997125,305.9921569824219,3126500,0.0,0.0
2021-11-10 00:00:00-05:00,302.88979491881196,304.88553502212307,294.31400100990635,296.0726318359375,4350900,0.0,0.0
2021-11-11 00:00:00-05:00,297.8806512739814,302.079632262089,297.8806512739814,299.3428955078125,2681900,0.0,0.0
2021-11-12 00:00:00-05:00,300.84465706511554,303.53200627516196,298.00911454685996,302.9688415527344,3803700,0.0,0.0
2021-11-15 00:00:00-05:00,303.21583126367585,304.0655231237199,299.5899044440036,301.82275390625,3595300,0.0,0.0
2021-11-16 00:00:00-05:00,300.42965783745905,303.88764208128964,299.0859984324466,303.4035339355469,2989400,0.0,0.0
2021-11-17 00:00:00-05:00,304.085308898309,306.17985491374105,303.56167239445097,304.3224182128906,3864700,0.0,0.0
2021-11-18 00:00:00-05:00,302.48474258452075,303.3047656824348,295.98371452136536,299.352783203125,4443100,0.0,0.0
2021-11-19 00:00:00-05:00,302.0401664087668,302.326693613034,297.4855205625498,297.5546875,4758900,0.0,0.0
2021-11-22 00:00:00-05:00,298.21658934568114,301.8227672682505,293.15805667990094,293.276611328125,4474700,0.0,0.0
2021-11-23 00:00:00-05:00,290.12490279244537,292.911057629218,284.84900989054165,287.92169189453125,6431100,0.0,0.0
2021-11-24 00:00:00-05:00,282.60626890944553,285.9753375121859,279.80036503309424,285.6986999511719,5091400,0.0,0.0
2021-11-26 00:00:00-05:00,281.084744936456,284.1178986295353,279.642279819549,280.7982177734375,4195300,0.0,0.0
2021-11-29 00:00:00-05:00,286.04446619803184,294.8080122195108,281.28235047179334,293.17779541015625,8215600,0.0,0.0
2021-11-30 00:00:00-05:00,292.63441642606733,295.6774295789282,279.99794437847333,281.5392150878906,13597600,0.0,0.0
2021-12-01 00:00:00-05:00,268.0036989044598,273.6155067347953,248.44138280495216,248.48089599609375,30723100,0.0,0.0
2021-12-02 00:00:00-05:00,249.7850750210686,259.42789235376125,249.1132301194357,258.0644836425781,12200800,0.0,0.0
2021-12-03 00:00:00-05:00,258.4101692764379,258.6077804050502,248.6784242167825,255.21896362304688,8944000,0.0,0.0
2021-12-06 00:00:00-05:00,253.02566246777448,256.11809331559294,247.70036713874805,255.6438446044922,7123000,0.0,0.0
2021-12-07 00:00:00-05:00,262.28316978552726,266.9860380711994,260.43562300222186,263.784912109375,7401200,0.0,0.0
2021-12-08 00:00:00-05:00,265.0890585400923,265.27678008893884,261.39396518091513,263.1130676269531,4586500,0.0,0.0
2021-12-09 00:00:00-05:00,262.8463568050157,263.4786583078215,259.4871778088261,261.1470031738281,3967000,0.0,0.0
2021-12-10 00:00:00-05:00,262.90565374958487,267.32199559939767,261.26557731965875,262.83648681640625,3480100,0.0,0.0
2021-12-13 00:00:00-05:00,262.6092002608186,267.312068640023,261.43348316601754,262.5697021484375,3625700,0.0,0.0
2021-12-14 00:00:00-05:00,258.8548449088753,259.00303821731706,250.2592862800779,252.52178955078125,7227300,0.0,0.0
2021-12-15 00:00:00-05:00,251.7906961858872,257.066589312613,248.87609697232645,256.91839599609375,6484900,0.0,0.0
2021-12-16 00:00:00-05:00,256.87885056562175,258.2126506276512,249.19224616628432,250.08143615722656,6556700,0.0,0.0
2021-12-17 00:00:00-05:00,248.2240226159078,250.85207948243976,243.82743008857145,249.8937225341797,12119400,0.0,0.0
2021-12-20 00:00:00-05:00,246.89020669454152,248.52039331722648,243.5409023924529,244.2423858642578,5580100,0.0,0.0
2021-12-21 00:00:00-05:00,245.02289724614963,249.97274954152152,242.3059094742669,249.51828002929688,5428200,0.0,0.0
2021-12-22 00:00:00-05:00,250.3778417510381,251.20775443227652,246.5147753583655,249.76528930664062,4982400,0.0,0.0
2021-12-23 00:00:00-05:00,248.21412114502434,251.25714928904185,246.34681013342447,250.1011962890625,3769500,0.0,0.0
2021-12-27 00:00:00-05:00,250.34820236995233,255.32769351869229,250.20000906144853,255.19924926757812,3531800,0.0,0.0
2021-12-28 00:00:00-05:00,256.612119106609,257.64950247084397,251.87961153621555,252.38348388671875,3293700,0.0,0.0
2021-12-29 00:00:00-05:00,252.92687045009592,253.35170131650926,250.08143833333514,251.48439025878906,2592700,0.0,0.0
2021-12-30 00:00:00-05:00,252.23528443319572,254.80406399607867,251.4053717317543,252.26492309570312,2950600,0.0,0.0
2021-12-31 00:00:00-05:00,251.41523005605788,253.4109702224697,250.58531740810747,251.07931518554688,3169300,0.0,0.0
2022-01-03 00:00:00-05:00,251.94874625382232,253.61847626395166,245.66509379129633,252.3933563232422,4316800,0.0,0.0
2022-01-04 00:00:00-05:00,253.76668522457436,253.78643428285696,240.4781318552869,245.25015258789062,7240700,0.0,0.0
2022-01-05 00:00:00-05:00,233.33492889704254,235.34055884369428,224.58128690833723,224.9369659423828,18882500,0.0,0.0
2022-01-06 00:00:00-05:00,225.30252464907792,231.66521913913817,223.3364229255564,226.39920043945312,9376100,0.0,0.0
2022-01-07 00:00:00-05:00,225.75695066554277,229.4915721007005,223.33636493173518,225.56922912597656,6286700,0.0,0.0
2022-01-10 00:00:00-05:00,222.79300180237504,227.07102444428395,216.26235045915664,226.87342834472656,7803800,0.0,0.0
2022-01-11 00:00:00-05:00,226.05337259945156,233.51274161265883,223.84025726021582,232.02085876464844,7635300,0.0,0.0
2022-01-12 00:00:00-05:00,234.15495270340023,236.4075814220925,232.92983275570492,234.97499084472656,6718900,0.0,0.0
2022-01-13 00:00:00-05:00,234.64898478966458,235.92349264219743,225.1839839309694,225.88546752929688,6680300,0.0,0.0
2022-01-14 00:00:00-05:00,225.2926406550597,230.48949220362783,224.87768430256872,228.4542236328125,5805100,0.0,0.0
2022-01-18 00:00:00-05:00,225.70759184033065,227.96022060263516,222.59541173008836,223.34628295898438,6032000,0.0,0.0
2022-01-19 00:00:00-05:00,224.73936369524353,229.42246833642247,223.4549663809337,223.55377197265625,5332600,0.0,0.0
2022-01-20 00:00:00-05:00,226.3201662051705,228.62218275657617,219.81915315055932,220.2637481689453,5663700,0.0,0.0
2022-01-21 00:00:00-05:00,220.38227550877002,222.071754460003,215.63001952940704,216.00546264648438,9128400,0.0,0.0
2022-01-24 00:00:00-05:00,209.84037384586853,220.69845034608483,205.01895074722074,220.35264587402344,11664300,0.0,0.0
2022-01-25 00:00:00-05:00,218.34702286423885,221.21220401184894,212.09300904280911,212.8043670654297,9092700,0.0,0.0
2022-01-26 00:00:00-05:00,216.97371424950208,218.801512139163,206.56024726211,208.46707153320312,10029600,0.0,0.0
2022-01-27 00:00:00-05:00,211.5100982197441,220.4712104030543,209.51434290202093,210.18618774414062,9462100,0.0,0.0
2022-01-28 00:00:00-05:00,211.72746299592225,219.6215382996815,208.34851980670257,219.46347045898438,8254900,0.0,0.0
2022-01-31 00:00:00-05:00,220.27361250708506,230.11405516009694,219.59189314181165,229.83741760253906,7084200,0.0,0.0
2022-02-01 00:00:00-05:00,229.58052550353423,229.98560730490007,223.60316437263924,229.33352661132812,6387100,0.0,0.0
2022-02-02 00:00:00-05:00,230.93411192680472,231.6751086747926,220.34279720284857,222.30889892578125,9378900,0.0,0.0
2022-02-03 00:00:00-05:00,215.45223109306187,218.13956554692334,207.87429075272794,210.21585083007812,12826600,0.0,0.0
2022-02-04 00:00:00-05:00,212.4091600305726,219.00896279823283,210.63076509821607,216.59825134277344,6176500,0.0,0.0
2022-02-07 00:00:00-05:00,216.37104744479808,218.78175924395305,214.05914124093331,214.36541748046875,3922300,0.0,0.0
2022-02-08 00:00:00-05:00,213.01186649516725,215.32377267983878,209.60326946897797,214.81988525390625,5628700,0.0,0.0
2022-02-09 00:00:00-05:00,218.4853370059401,219.52273535654942,212.98220958939555,219.37452697753906,6107700,0.0,0.0
2022-02-10 00:00:00-05:00,215.08663023787727,219.3251396294889,213.2193192338823,215.05699157714844,5312600,0.0,0.0
2022-02-11 00:00:00-05:00,215.00760016676998,217.28986761740973,203.63577610476287,205.40428161621094,8165600,0.0,0.0
2022-02-14 00:00:00-05:00,203.3294986692515,207.38027160727285,202.1735456196504,203.9222869873047,7005900,0.0,0.0
2022-02-15 00:00:00-05:00,207.23205972357698,211.9942053525666,206.01682945864673,211.67803955078125,6353000,0.0,0.0
2022-02-16 00:00:00-05:00,208.46705902522325,209.87001088352292,205.7105581007672,209.19818115234375,7072700,0.0,0.0
2022-02-17 00:00:00-05:00,205.8291199497703,207.2320718572028,197.10511721340626,197.62875366210938,8820100,0.0,0.0
2022-02-18 00:00:00-05:00,197.99432824886662,200.16793080543886,193.43966756087826,194.47706604003906,6691800,0.0,0.0
2022-02-22 00:00:00-05:00,193.18277459931258,199.04159622948757,191.20678343882201,192.78758239746094,8434800,0.0,0.0
2022-02-23 00:00:00-05:00,193.99295296827455,196.61113542484085,187.84761878562963,188.252685546875,7784300,0.0,0.0
2022-02-24 00:00:00-05:00,182.52232770459952,202.44030919458012,182.22592598490084,201.83763122558594,11792600,0.0,0.0
2022-02-25 00:00:00-05:00,202.26246999295617,205.96745366798012,199.1898029287783,205.59201049804688,5853600,0.0,0.0
2022-02-28 00:00:00-05:00,205.29560264634534,209.12903046493565,204.46568994611962,208.00271606445312,7904700,0.0,0.0
2022-03-01 00:00:00-05:00,210.83825524647628,211.81637631879642,205.95756964051424,206.3824005126953,12587300,0.0,0.0
2022-03-02 00:00:00-05:00,213.50585669051435,214.70132293256947,198.73531030623118,207.86439514160156,16670100,0.0,0.0
2022-03-03 00:00:00-05:00,207.8643935772173,209.0895135478277,201.76846253733413,202.29209899902344,6559900,0.0,0.0
2022-03-04 00:00:00-05:00,202.24266700470432,203.90250721155334,196.8679693072721,200.5729522705078,6813600,0.0,0.0
2022-03-07 00:00:00-05:00,201.00770390212455,202.46993318420834,193.68665281159116,193.87437438964844,7043500,0.0,0.0
2022-03-08 00:00:00-05:00,191.94777235409518,194.83271752255695,186.92875320054154,189.77418518066406,8229000,0.0,0.0
2022-03-09 00:00:00-05:00,195.96893494228658,202.76633447617024,194.8524950806776,200.72119140625,6881300,0.0,0.0
2022-03-10 00:00:00-05:00,196.70993112762002,198.7847128542465,195.15877079035533,197.747314453125,5604200,0.0,0.0
2022-03-11 00:00:00-05:00,202.31189408586732,202.31189408586732,195.25760502910833,195.52435302734375,5196900,0.0,0.0
2022-03-14 00:00:00-04:00,195.86025993422226,197.75720974264942,189.5173297722766,190.8017120361328,5665500,0.0,0.0
2022-03-15 00:00:00-04:00,196.1467703682284,197.5596119523294,190.4262823285785,193.78546142578125,5276300,0.0,0.0
2022-03-16 00:00:00-04:00,196.27522587969415,203.42830497172764,194.96118981305506,203.10227966308594,6043400,0.0,0.0
2022-03-17 00:00:00-04:00,202.1636523770069,208.15090322773352,200.1283838779801,207.8841552734375,5842600,0.0,0.0
2022-03-18 00:00:00-04:00,206.71830665740254,216.94406672671235,205.80935255189303,216.17343139648438,12220600,0.0,0.0
2022-03-21 00:00:00-04:00,215.57074486584477,216.46982440696283,208.08173701708353,211.15440368652344,6448700,0.0,0.0
2022-03-22 00:00:00-04:00,211.15440969950453,219.18681832798654,210.06760856658747,215.59051513671875,7018800,0.0,0.0
2022-03-23 00:00:00-04:00,211.30259150671176,211.36186882426156,205.80933897141287,208.5757293701172,8404700,0.0,0.0
2022-03-24 00:00:00-04:00,209.8008628913498,211.53972964720103,207.3506230516672,211.41128540039062,4150300,0.0,0.0
2022-03-25 00:00:00-04:00,211.69781517820218,213.26872451763904,205.9773123808789,208.4967041015625,3656500,0.0,0.0
2022-03-28 00:00:00-04:00,207.85452150516969,212.79449956109167,206.78748443601657,212.69569396972656,4290900,0.0,0.0
2022-03-29 00:00:00-04:00,215.9955833411495,219.49309604708105,214.16780061035078,218.63352966308594,5370400,0.0,0.0
2022-03-30 00:00:00-04:00,217.07253044930627,217.21084923699772,210.83826524708144,212.3597869873047,4951200,0.0,0.0
2022-03-31 00:00:00-04:00,211.92506348006742,214.1875668485179,209.24758867881934,209.771240234375,7141300,0.0,0.0
2022-04-01 00:00:00-04:00,209.9292916416073,211.4606877694343,207.518580071446,209.70205688476562,6007900,0.0,0.0
2022-04-04 00:00:00-04:00,212.0534818248761,218.3470084198393,211.52984540892297,216.2228240966797,7843600,0.0,0.0
2022-04-05 00:00:00-04:00,215.3830157202415,215.64977872235153,206.16501603653538,207.61737060546875,7304600,0.0,0.0
2022-04-06 00:00:00-04:00,202.74658664275395,203.00346007524865,195.70217308863306,198.40928649902344,7171300,0.0,0.0
2022-04-07 00:00:00-04:00,196.72967828607085,200.28646846254563,195.81084961792442,197.7572021484375,5246000,0.0,0.0
2022-04-08 00:00:00-04:00,196.25545539811694,197.7374488737599,194.2596999630783,194.8031005859375,3897700,0.0,0.0
2022-04-11 00:00:00-04:00,191.87863956363591,194.73394635553814,189.85324548982732,193.10374450683594,5173800,0.0,0.0
2022-04-12 00:00:00-04:00,197.35213660646284,198.7056858606174,192.2442007621932,192.471435546875,4832200,0.0,0.0
2022-04-13 00:00:00-04:00,189.6852942847045,194.73395276606524,187.04734765245627,193.37051391601562,8733000,0.0,0.0
2022-04-14 00:00:00-04:00,193.9633145934638,194.0917437774374,186.94853939942362,187.13626098632812,5126700,0.0,0.0
2022-04-18 00:00:00-04:00,186.03958325113572,187.0769816950845,183.302831089157,184.7650604248047,4899500,0.0,0.0
2022-04-19 00:00:00-04:00,184.99227781960786,189.89272692408193,183.2929243997427,189.0924530029297,6120400,0.0,0.0
2022-04-20 00:00:00-04:00,190.57446955859822,190.97955137036047,183.84622197432248,183.99441528320312,6015400,0.0,0.0
2022-04-21 00:00:00-04:00,186.51381540694365,187.88712874126435,174.6183545541444,175.1024627685547,9119500,0.0,0.0
2022-04-22 00:00:00-04:00,175.56682246412703,176.90062261028262,169.04606027616552,169.37208557128906,8843900,0.0,0.0
2022-04-25 00:00:00-04:00,167.6529724941396,172.66210224876076,167.1984878937653,172.47439575195312,7988900,0.0,0.0
2022-04-26 00:00:00-04:00,170.54780184242557,171.63460307214686,165.53867180780492,168.03829956054688,8073300,0.0,0.0
2022-04-27 00:00:00-04:00,168.94726711477497,175.10247619257876,168.58171352474784,172.5830841064453,9644600,0.0,0.0
2022-04-28 00:00:00-04:00,179.23227712343098,184.68600172871513,176.83144008716553,183.5102996826172,10614800,0.0,0.0
2022-04-29 00:00:00-04:00,180.37837314004082,183.13487437154137,173.19564054005318,173.8279571533203,7110800,0.0,0.0
2022-05-02 00:00:00-04:00,172.98814508015033,175.64585564233417,171.04179255229138,175.43838500976562,6278400,0.0,0.0
2022-05-03 00:00:00-04:00,174.8258099820697,178.22451709442444,174.0156614684218,176.21888732910156,5047700,0.0,0.0
2022-05-04 00:00:00-04:00,177.55269426401836,183.74741576417247,172.64235497146962,183.25341796875,7563100,0.0,0.0
2022-05-05 00:00:00-04:00,178.3233299949434,180.05232228256884,167.78141882746692,170.2316436767578,8379400,0.0,0.0
2022-05-06 00:00:00-04:00,167.45537117374823,170.36006542683256,163.59230495563045,167.662841796875,7232700,0.0,0.0
2022-05-09 00:00:00-04:00,164.71863471998233,168.24577132430792,160.1837383391564,161.63609313964844,9997800,0.0,0.0
2022-05-10 00:00:00-04:00,165.4102261754092,169.20412576751332,161.31992487988077,165.14346313476562,8598700,0.0,0.0
2022-05-11 00:00:00-04:00,163.51327799408668,167.93949422858464,158.89934017637893,159.3340606689453,7220100,0.0,0.0
2022-05-12 00:00:00-04:00,155.04612254521479,164.847050916787,152.78361954234387,158.49423217773438,10187500,0.0,0.0
2022-05-13 00:00:00-04:00,161.58667588793867,166.65508282904543,160.0651542922821,164.90634155273438,6499700,0.0,0.0
2022-05-16 00:00:00-04:00,162.76239354678694,164.11594263617374,159.93672564971135,162.1498260498047,5065800,0.0,0.0
2022-05-17 00:00:00-04:00,165.32131679930401,167.0700733513961,156.37007846669783,161.7645263671875,7317700,0.0,0.0
2022-05-18 00:00:00-04:00,160.86544633454423,162.54503579250186,154.31503086533183,155.44134521484375,7454400,0.0,0.0
2022-05-19 00:00:00-04:00,153.36653286445033,157.3382788822094,152.87253512855642,153.7321014404297,8382200,0.0,0.0
2022-05-20 00:00:00-04:00,156.83442546036397,158.8005270370291,152.69472152414502,157.73348999023438,9068700,0.0,0.0
2022-05-23 00:00:00-04:00,157.9212285061697,158.80054407300636,154.0384126553256,158.39547729492188,6148800,0.0,0.0
2022-05-24 00:00:00-04:00,155.8760703412337,156.48862279024704,152.69472329689702,155.046142578125,6928400,0.0,0.0
2022-05-25 00:00:00-04:00,153.45548234998887,159.94660554013635,153.45548234998887,157.73348999023438,7436800,0.0,0.0
2022-05-26 00:00:00-04:00,157.77302869589252,161.72501131932026,155.67848272967336,160.50978088378906,6697700,0.0,0.0
2022-05-27 00:00:00-04:00,158.74125920179156,163.2465169515746,158.32630283806074,163.1180877685547,7883600,0.0,0.0
2022-05-31 00:00:00-04:00,164.95576909324308,165.2719198786653,157.43712119553473,158.31643676757812,18114600,0.0,0.0
2022-06-01 00:00:00-04:00,175.8730891576805,182.2061444936489,172.2767858211004,173.95639038085938,37037400,0.0,0.0
2022-06-02 00:00:00-04:00,172.89921739579762,187.8475945582712,172.60281572228175,186.1383514404297,19231200,0.0,0.0
2022-06-03 00:00:00-04:00,182.77917782269438,187.36347659857407,181.5935861708595,182.6902618408203,9224000,0.0,0.0
2022-06-06 00:00:00-04:00,186.6620258766197,188.13414494031218,179.51882097586207,180.67477416992188,5811700,0.0,0.0
2022-06-07 00:00:00-04:00,179.52868281688922,186.33597173510793,179.52868281688922,184.9033660888672,6331100,0.0,0.0
2022-06-08 00:00:00-04:00,184.7551866493703,188.2724487531633,183.16451304899007,186.9188995361328,6226200,0.0,0.0
2022-06-09 00:00:00-04:00,186.26682843007276,190.36700456176214,184.3698784919377,184.86387634277344,8467700,0.0,0.0
2022-06-10 00:00:00-04:00,181.42564070784204,181.7417914672403,175.0728210255118,176.3078155517578,7855800,0.0,0.0
2022-06-13 00:00:00-04:00,168.50267109294262,170.60709170054167,163.0785692262758,164.03692626953125,10726200,0.0,0.0
2022-06-14 00:00:00-04:00,166.7044958801969,167.59370097897315,160.2034829251085,162.4758758544922,8576200,0.0,0.0
2022-06-15 00:00:00-04:00,164.72849792252663,169.4412410342734,162.7031039795885,166.5266571044922,7740700,0.0,0.0
2022-06-16 00:00:00-04:00,161.76450370891123,164.89644772612678,156.71584595372923,157.93109130859375,8090900,0.0,0.0
2022-06-17 00:00:00-04:00,156.65656453221916,164.23448823060573,156.27124688910172,161.30014038085938,13074600,0.0,0.0
2022-06-21 00:00:00-04:00,163.068655039279,167.3170385676032,162.9204466736824,164.82728576660156,6736800,0.0,0.0
2022-06-22 00:00:00-04:00,162.7228621235141,168.40383646806274,162.23875395819866,165.43984985351562,5864500,0.0,0.0
2022-06-23 00:00:00-04:00,167.0601717957594,171.30855587587646,165.113819264585,170.97264099121094,7258000,0.0,0.0
2022-06-24 00:00:00-04:00,175.5865945180348,184.17227944128123,174.4306413745148,183.6881561279297,12107100,0.0,0.0
2022-06-27 00:00:00-04:00,183.87588155215155,184.34024074028733,178.30358637014012,179.1334991455078,6170600,0.0,0.0
2022-06-28 00:00:00-04:00,178.12572134113566,180.14124082162942,169.38196926512614,169.4017333984375,6668600,0.0,0.0
2022-06-29 00:00:00-04:00,170.42923113894818,171.69386422772706,166.0425285166646,168.56192016601562,5430400,0.0,0.0
2022-06-30 00:00:00-04:00,163.06866645923643,165.48925251068758,159.17596162987164,163.05877685546875,9539400,0.0,0.0
2022-07-01 00:00:00-04:00,162.78215503772645,167.1194552628222,162.08068658076317,166.1808624267578,4561600,0.0,0.0
2022-07-05 00:00:00-04:00,164.10606405316608,170.28103613410076,162.6339452818497,170.13282775878906,4614200,0.0,0.0
2022-07-06 00:00:00-04:00,171.43700386242816,172.9585104809291,168.77929323781808,170.65647888183594,4085100,0.0,0.0
2022-07-07 00:00:00-04:00,172.07918106480125,174.81593292655828,171.09118552668403,174.51953125,4000100,0.0,0.0
2022-07-08 00:00:00-04:00,171.96062846201875,174.48989465747007,170.7651472134606,173.39321899414062,2869200,0.0,0.0
2022-07-11 00:00:00-04:00,171.911212505766,174.20336924213788,169.20409947931606,172.2668914794922,3689300,0.0,0.0
2022-07-12 00:00:00-04:00,170.14273204763606,171.2986851118842,162.3770858853703,164.33331298828125,7073000,0.0,0.0
2022-07-13 00:00:00-04:00,160.46038289456865,163.84920085941812,159.2352628173693,161.5274200439453,6225900,0.0,0.0
2022-07-14 00:00:00-04:00,159.0969217363995,159.7687665477178,155.75749196315277,159.10679626464844,6096100,0.0,0.0
2022-07-15 00:00:00-04:00,161.7447552269972,165.59793177274233,160.27263645664053,165.37069702148438,6037700,0.0,0.0
2022-07-18 00:00:00-04:00,166.92184562775893,170.56755162963097,165.10393742878387,165.87457275390625,3818200,0.0,0.0
2022-07-19 00:00:00-04:00,168.86820409582555,172.0100379050593,165.7955372140492,171.7235107421875,4373400,0.0,0.0
2022-07-20 00:00:00-04:00,173.98601833278616,181.29717920224925,173.50189509734062,180.25978088378906,5654000,0.0,0.0
2022-07-21 00:00:00-04:00,178.49126823789456,183.30280143372536,177.7502716229006,183.12496948242188,3886000,0.0,0.0
2022-07-22 00:00:00-04:00,182.848350835256,185.30845020270107,178.7580346254855,180.27955627441406,3804700,0.0,0.0
2022-07-25 00:00:00-04:00,179.64723623370892,179.80531914299652,172.9782661387505,175.16172790527344,4407900,0.0,0.0
2022-07-26 00:00:00-04:00,174.98393869617036,175.00370283356466,167.72216345478466,168.4137725830078,3886500,0.0,0.0
2022-07-27 00:00:00-04:00,172.76089172983154,180.04241365620425,172.2570194578954,178.13558959960938,4960900,0.0,0.0
2022-07-28 00:00:00-04:00,176.26829153380757,179.69663733414717,173.8180516897849,179.11370849609375,4562100,0.0,0.0
2022-07-29 00:00:00-04:00,179.6373564293052,182.20613578951188,178.05655753408917,181.81094360351562,4751400,0.0,0.0
2022-08-01 00:00:00-04:00,179.12360662282885,182.9570193278238,177.60208494520575,180.78343200683594,3997100,0.0,0.0
2022-08-02 00:00:00-04:00,178.63945694571413,182.91747910222068,177.27601838492234,181.58367919921875,4317900,0.0,0.0
2022-08-03 00:00:00-04:00,183.30283009232275,188.3910016138822,183.14474717159428,187.3733673095703,5786300,0.0,0.0
2022-08-04 00:00:00-04:00,186.29646306145133,189.28021423706915,185.0021911323837,188.97393798828125,3759700,0.0,0.0
2022-08-05 00:00:00-04:00,184.75520134388393,189.49758385874367,184.04384321287404,187.88714599609375,4090300,0.0,0.0
2022-08-08 00:00:00-04:00,188.79607847486088,192.0367028864005,186.81021271569455,187.47216796875,3396800,0.0,0.0
2022-08-09 00:00:00-04:00,184.06356648650078,184.88360456868915,177.6613598043207,180.05230712890625,5851700,0.0,0.0
2022-08-10 00:00:00-04:00,185.90126069609926,187.29433814758016,183.97467223959205,186.34585571289062,4179200,0.0,0.0
2022-08-11 00:00:00-04:00,189.82361969212423,190.1891732789041,184.08336705616892,184.48843383789062,4175100,0.0,0.0
2022-08-12 00:00:00-04:00,184.3896135799729,187.73891787799354,183.28304831699947,187.6104736328125,3846200,0.0,0.0
2022-08-15 00:00:00-04:00,186.78056802079197,189.80383209331305,186.6323596379409,188.7664337158203,2768500,0.0,0.0
2022-08-16 00:00:00-04:00,187.27454321119578,188.5589403294835,184.12283526902377,187.31405639648438,3835900,0.0,0.0
2022-08-17 00:00:00-04:00,185.46651944779452,187.15598333761167,184.2315250529395,185.70364379882812,3181300,0.0,0.0
2022-08-18 00:00:00-04:00,186.15811921708845,186.30632759455594,184.36984968853653,185.6739959716797,2791600,0.0,0.0
2022-08-19 00:00:00-04:00,182.99654014211558,183.21390037292423,179.40023688093936,181.56394958496094,4346100,0.0,0.0
2022-08-22 00:00:00-04:00,177.83920436336888,178.42211813730094,173.9464993668721,174.85545349121094,5182900,0.0,0.0
2022-08-23 00:00:00-04:00,173.76866764449304,175.9718935693818,172.81031072468613,173.88722229003906,5076800,0.0,0.0
2022-08-24 00:00:00-04:00,174.54917376533464,179.05443110655756,173.94649587074727,177.8490753173828,11438800,0.0,0.0
2022-08-25 00:00:00-04:00,166.55629325922123,172.04954615892018,163.57254244782786,171.8223114013672,24025600,0.0,0.0
2022-08-26 00:00:00-04:00,171.87171801968216,174.18362406262995,162.65371743367552,163.2465057373047,11074700,0.0,0.0
2022-08-29 00:00:00-04:00,162.30792337681027,163.82944511266453,158.1287060190599,158.2867889404297,9329900,0.0,0.0
2022-08-30 00:00:00-04:00,160.19360037471523,161.88307942486014,156.4787424759452,157.7532501220703,8079400,0.0,0.0
2022-08-31 00:00:00-04:00,157.87180683164306,159.27477381944553,154.09767156165765,154.24586486816406,9166100,0.0,0.0
2022-09-01 00:00:00-04:00,153.010861059663,153.46534563124698,149.05887898737373,151.68695068359375,9924000,0.0,0.0
2022-09-02 00:00:00-04:00,154.58178351123644,156.76524513728205,151.1237992400305,151.84503173828125,7315700,0.0,0.0
2022-09-06 00:00:00-04:00,151.0447600630444,152.57614105998428,149.00949170203958,149.898681640625,6373700,0.0,0.0
2022-09-07 00:00:00-04:00,149.47385515443176,152.21060732425906,148.67358109057017,151.43997192382812,6211400,0.0,0.0
2022-09-08 00:00:00-04:00,150.49150324148866,155.14495426726583,149.95797715311627,155.01651000976562,6659200,0.0,0.0
2022-09-09 00:00:00-04:00,156.69609122495012,161.32977742374868,156.56764698665935,160.63818359375,5642300,0.0,0.0
2022-09-12 00:00:00-04:00,161.72499458785825,163.67134703458345,160.7864018270209,163.64170837402344,6353400,0.0,0.0
2022-09-13 00:00:00-04:00,156.35031123681892,159.32417270895107,155.9155907397647,156.20211791992188,5463200,0.0,0.0
2022-09-14 00:00:00-04:00,156.68624180768958,159.70950637965683,156.11320246568775,158.35595703125,6037300,0.0,0.0
2022-09-15 00:00:00-04:00,154.9176910847766,157.92119064877508,152.45757696308198,152.92193603515625,7012200,0.0,0.0
2022-09-16 00:00:00-04:00,150.09628969977368,150.38281686603653,147.76461948141937,149.6912078857422,9882300,0.0,0.0
2022-09-19 00:00:00-04:00,148.90083063882196,151.696845054156,148.59453932463853,150.99537658691406,4874800,0.0,0.0
2022-09-20 00:00:00-04:00,149.18733117163765,149.76037041170196,147.06314672493687,148.00173950195312,5505700,0.0,0.0
2022-09-21 00:00:00-04:00,149.4047041273689,151.45973689846085,145.73923361472885,145.85780334472656,6164400,0.0,0.0
2022-09-22 00:00:00-04:00,147.71520240125417,151.02499337047007,147.3595234167283,148.34751892089844,12405100,0.0,0.0
2022-09-23 00:00:00-04:00,146.29249660283566,148.04123773177122,143.05185758893148,145.24520874023438,9175800,0.0,0.0
2022-09-26 00:00:00-04:00,145.23536743520958,149.37507181706036,143.6051805656738,144.56353759765625,7862400,0.0,0.0
2022-09-27 00:00:00-04:00,146.58889921063496,148.80201473449372,144.50422793622462,147.1026611328125,7046600,0.0,0.0
2022-09-28 00:00:00-04:00,144.24735455555182,149.06877780598933,143.92131420535915,148.36729431152344,7908400,0.0,0.0
2022-09-29 00:00:00-04:00,146.66795019097884,147.1915866757293,143.26924276689633,145.04763793945312,8602500,0.0,0.0
2022-09-30 00:00:00-04:00,144.2572143702094,146.84577277496797,142.02435001630474,142.11326599121094,7575600,0.0,0.0
2022-10-03 00:00:00-04:00,143.2396118701544,147.17184559701954,142.1725747087652,146.1245574951172,6819900,0.0,0.0
2022-10-04 00:00:00-04:00,149.8789288813709,155.53026489591034,149.40469521651636,153.8605499267578,8017900,0.0,0.0
2022-10-05 00:00:00-04:00,150.37293203544803,155.07580088778977,150.116058598589,154.35455322265625,4256200,0.0,0.0
2022-10-06 00:00:00-04:00,153.85066919371778,156.3502967444679,152.58603608802665,153.5937957763672,3853900,0.0,0.0
2022-10-07 00:00:00-04:00,149.97775354929297,151.33130286364462,147.47812557977295,148.48587036132812,5956700,0.0,0.0
2022-10-10 00:00:00-04:00,148.81190747904438,149.1478374744446,142.8444200855497,143.89169311523438,5497800,0.0,0.0
2022-10-11 00:00:00-04:00,142.7752190440351,143.22970359064553,137.845131328152,140.8585205078125,7415000,0.0,0.0
2022-10-12 00:00:00-04:00,140.60167331593743,141.71811334196724,137.9044491291454,140.5819091796875,5707100,0.0,0.0
2022-10-13 00:00:00-04:00,137.29188411476576,144.5832818643061,135.93831980354707,143.694091796875,6548600,0.0,0.0
2022-10-14 00:00:00-04:00,145.56141521796837,145.9269688201689,140.2953960772617,140.51275634765625,5736300,0.0,0.0
2022-10-17 00:00:00-04:00,144.31653204846947,147.2113520710194,144.18808778957913,145.41319274902344,6288200,0.0,0.0
2022-10-18 00:00:00-04:00,154.57189578729108,157.0616487140056,150.076513164939,151.68695068359375,16354800,0.0,0.0
2022-10-19 00:00:00-04:00,150.03698702640588,154.0778847283667,148.8316313923538,151.82525634765625,6220500,0.0,0.0
2022-10-20 00:00:00-04:00,153.1393248542907,159.36370042800786,151.75613698262782,155.60931396484375,9203400,0.0,0.0
2022-10-21 00:00:00-04:00,155.60930697545876,158.50412684670633,152.96148600417226,158.24725341796875,8335500,0.0,0.0
2022-10-24 00:00:00-04:00,159.24511776610265,159.63045050864636,156.49849130428578,158.7214813232422,6259200,0.0,0.0
2022-10-25 00:00:00-04:00,159.75888964017082,164.0369125079797,159.74901511113717,163.28604125976562,5804500,0.0,0.0
2022-10-26 00:00:00-04:00,157.8816915907933,162.14982451897563,156.79489045771078,157.99037170410156,6617500,0.0,0.0
2022-10-27 00:00:00-04:00,159.85768456175975,162.68335246529972,157.40745979507273,157.83229064941406,4987700,0.0,0.0
2022-10-28 00:00:00-04:00,157.5952049211972,161.13223170078965,156.27129416490615,161.06307983398438,5055400,0.0,0.0
2022-10-31 00:00:00-04:00,160.17382450597628,162.03126085707117,159.0672743779784,160.63818359375,4878100,0.0,0.0
2022-11-01 00:00:00-04:00,163.01928429389292,163.71087824244051,157.72362694047268,157.90147399902344,4545900,0.0,0.0
2022-11-02 00:00:00-04:00,157.59518760139963,157.85207613003732,148.15984079145733,148.209228515625,7238200,0.0,0.0
2022-11-03 00:00:00-04:00,147.21134116026232,148.61429307231305,144.3757986748625,144.57339477539062,5999400,0.0,0.0
2022-11-04 00:00:00-04:00,144.74135392627505,145.185948926625,134.40691342222684,138.09214782714844,14265300,0.0,0.0
2022-11-07 00:00:00-05:00,138.93192003109334,143.19017815182318,137.10413743244075,142.85426330566406,7379900,0.0,0.0
2022-11-08 00:00:00-05:00,143.34827150703964,149.74060395617914,143.33839697870786,145.3341522216797,9101800,0.0,0.0
2022-11-09 00:00:00-05:00,144.09914066913666,144.57337425822644,140.23607488823262,140.35462951660156,5588500,0.0,0.0
2022-11-10 00:00:00-05:00,149.1873266728997,154.492857903229,147.93256811480958,154.4237060546875,8777900,0.0,0.0
2022-11-11 00:00:00-05:00,154.61144290812206,158.00026071214467,153.71236325886898,155.8365478515625,7382500,0.0,0.0
2022-11-14 00:00:00-05:00,153.94946746602145,158.23736435741696,152.79349945381995,156.75537109375,6580100,0.0,0.0
2022-11-15 00:00:00-05:00,160.72711351403706,163.26626938770897,158.82028928335382,160.12445068359375,8116100,0.0,0.0
2022-11-16 00:00:00-05:00,158.07929691526925,158.88946054825595,151.98336583704818,153.25787353515625,6454700,0.0,0.0
2022-11-17 00:00:00-05:00,148.3870642150353,149.93820949530055,146.55926629228293,147.89306640625,7357900,0.0,0.0
2022-11-18 00:00:00-05:00,150.0172338338324,150.49148253058917,143.90153924689366,146.26284790039062,7555700,0.0,0.0
2022-11-21 00:00:00-05:00,144.26712863533962,145.5712750504133,141.6785697880761,143.11117553710938,8015900,0.0,0.0
2022-11-22 00:00:00-05:00,143.45695830514995,147.58678775823597,141.2043295400545,147.45834350585938,7017700,0.0,0.0
2022-11-23 00:00:00-05:00,145.8479102594017,151.07441559100496,145.7787584045357,150.41246032714844,5558900,0.0,0.0
2022-11-25 00:00:00-05:00,150.24449164845063,152.19082902694055,149.56277230175365,151.50912475585938,3023700,0.0,0.0
2022-11-28 00:00:00-05:00,150.1753169209434,153.45546923735395,150.1753169209434,151.84503173828125,7931700,0.0,0.0
2022-11-29 00:00:00-05:00,150.88670057932038,152.1710979709843,149.44422026162633,149.8591766357422,6398100,0.0,0.0
2022-11-30 00:00:00-05:00,148.9403501561205,158.32630920410156,148.32779765297627,158.32630920410156,14591500,0.0,0.0
2022-12-01 00:00:00-05:00,145.77873683561646,145.81825002174836,140.37440032629314,145.23533630371094,33721500,0.0,0.0
2022-12-02 00:00:00-05:00,142.55788295456813,143.4668522015727,141.066014979076,142.82464599609375,15086700,0.0,0.0
2022-12-05 00:00:00-05:00,141.08576577688547,142.65667506343803,131.28485185348956,132.32223510742188,20294600,0.0,0.0
2022-12-06 00:00:00-05:00,131.11687574670873,132.9347836587305,129.3384810172903,131.67015075683594,16981800,0.0,0.0
2022-12-07 00:00:00-05:00,130.90942116820256,132.1444157075252,128.45919622335913,128.91366577148438,12915900,0.0,0.0
2022-12-08 00:00:00-05:00,126.8882815878397,129.88192245372645,125.49521155871872,128.56788635253906,15156900,0.0,0.0
2022-12-09 00:00:00-05:00,128.18256826134674,131.76898242096294,126.8191293635318,129.53611755371094,10287500,0.0,0.0
2022-12-12 00:00:00-05:00,129.52623441090657,132.4803317255793,129.37802601956304,131.51210021972656,11852400,0.0,0.0
2022-12-13 00:00:00-05:00,135.74071505356008,138.20082952790986,132.43092375910533,133.99195861816406,12579800,0.0,0.0
2022-12-14 00:00:00-05:00,133.38927392876346,135.62215352267657,131.6306430538287,133.1324005126953,9611800,0.0,0.0
2022-12-15 00:00:00-05:00,130.08937584665017,132.50996199577486,128.1232592207127,128.8741455078125,10807300,0.0,0.0
2022-12-16 00:00:00-05:00,127.37237750440089,128.32085981360174,125.36674785405577,126.73018646240234,15464700,0.0,0.0
2022-12-19 00:00:00-05:00,126.23619130845253,128.02446842501595,125.67303413218211,127.4613037109375,9441400,0.0,0.0
2022-12-20 00:00:00-05:00,125.96944244775453,128.42955698630922,125.66316621547045,126.90803527832031,8455500,0.0,0.0
2022-12-21 00:00:00-05:00,126.42391105307195,130.57349693103927,125.0802364873844,128.73582458496094,9313200,0.0,0.0
2022-12-22 00:00:00-05:00,127.12538300083087,127.98493428749596,124.82335160749435,127.63914489746094,9968600,0.0,0.0
2022-12-23 00:00:00-05:00,127.1846782459554,128.30111817609455,126.0583637863488,127.88616180419922,5821300,0.0,0.0
2022-12-27 00:00:00-05:00,127.01671019598643,130.16841852920973,126.11763813187754,129.0915069580078,8300800,0.0,0.0
2022-12-28 00:00:00-05:00,128.1529230793171,129.56574963006764,126.63140132784406,126.92780303955078,6249800,0.0,0.0
2022-12-29 00:00:00-05:00,128.14302497624828,131.35401064295576,127.94542887342031,130.9489288330078,7628800,0.0,0.0
2022-12-30 00:00:00-05:00,129.04210966832687,131.04773958855088,128.79511076115034,130.9983367919922,5630200,0.0,0.0
2023-01-03 00:00:00-05:00,133.56713016183372,135.30599702427463,131.43305600637208,133.16204833984375,8196400,0.0,0.0
2023-01-04 00:00:00-05:00,139.52472890787374,140.14717091130976,135.96793899626118,137.91429138183594,14322600,0.0,0.0
2023-01-05 00:00:00-05:00,135.98770532068502,136.92629806716846,132.62852651991832,134.70330810546875,8493500,0.0,0.0
2023-01-06 00:00:00-05:00,135.928437551282,139.9495718363311,133.92280767318624,138.82325744628906,9145700,0.0,0.0
2023-01-09 00:00:00-05:00,140.878282618674,147.40893384253735,140.878282618674,145.3341522216797,13679700,0.0,0.0
2023-01-10 00:00:00-05:00,144.0596217118977,147.48796730934848,143.85215109885465,145.67005920410156,6527700,0.0,0.0
2023-01-11 00:00:00-05:00,143.53599612171436,145.2748629088157,141.83664252439473,143.16055297851562,13595000,0.0,0.0
2023-01-12 00:00:00-05:00,146.06525639221928,148.02149840751557,142.21207983290628,147.80413818359375,11678000,0.0,0.0
2023-01-13 00:00:00-05:00,144.44494708686915,148.15982002106006,144.3362669728239,147.7152099609375,8378100,0.0,0.0
2023-01-17 00:00:00-05:00,147.80413814358897,148.6834535671745,144.34615376927948,146.6876983642578,9407600,0.0,0.0
2023-01-18 00:00:00-05:00,147.07301740049166,147.7448471346535,143.5458660692952,143.70394897460938,7812600,0.0,0.0
2023-01-19 00:00:00-05:00,141.79712870291456,144.91918325270882,141.44144969399926,144.65243530273438,7070100,0.0,0.0
2023-01-20 00:00:00-05:00,142.56776014967892,149.7109637184084,142.56776014967892,149.434326171875,10127100,0.0,0.0
2023-01-23 00:00:00-05:00,155.46113060998687,155.97487752345708,151.39057804354573,153.99888610839844,19922900,0.0,0.0
2023-01-24 00:00:00-05:00,154.02850056233686,158.28677405596332,152.64531281946182,153.00099182128906,6390200,0.0,0.0
2023-01-25 00:00:00-05:00,149.39482303682638,154.5225075966035,148.02150973997047,154.29527282714844,9390500,0.0,0.0
2023-01-26 00:00:00-05:00,156.2910360418828,163.18724153520446,156.20212005053173,163.1082000732422,13354600,0.0,0.0
2023-01-27 00:00:00-05:00,163.06868041889965,165.23239324308116,161.63608978218733,162.5450439453125,9872300,0.0,0.0
2023-01-30 00:00:00-05:00,162.1004328532413,164.44197742084157,161.43846258564324,162.7722625732422,8169800,0.0,0.0
2023-01-31 00:00:00-05:00,162.30790729971952,165.99312646986996,162.30790729971952,165.95361328125,6421300,0.0,0.0
2023-02-01 00:00:00-05:00,165.71648730630147,171.00226946289348,164.99525478500044,169.7574005126953,8853900,0.0,0.0
2023-02-02 00:00:00-05:00,173.6007264498727,176.69314265696937,170.82444594340447,172.54356384277344,10667100,0.0,0.0
2023-02-03 00:00:00-05:00,167.97902591365133,172.97828152863136,167.8209429902991,168.9867706298828,6481700,0.0,0.0
2023-02-06 00:00:00-05:00,165.98326199778117,169.11520626330818,165.3410708833935,167.02066040039062,4310600,0.0,0.0
2023-02-07 00:00:00-05:00,165.5584368255543,169.66848723531285,164.60995437676877,169.22389221191406,6179200,0.0,0.0
2023-02-08 00:00:00-05:00,167.95924249195278,170.37982855980192,167.19848170184628,167.59368896484375,7694500,0.0,0.0
2023-02-09 00:00:00-05:00,171.2492922595818,173.27468640967066,169.94513073150281,171.57533264160156,11512300,0.0,0.0
2023-02-10 00:00:00-05:00,165.64735970656318,167.70239253474682,163.34532795781348,165.02491760253906,11273700,0.0,0.0
2023-02-13 00:00:00-05:00,166.2599151774285,169.10534761741195,164.9458790874533,169.02630615234375,8820300,0.0,0.0
2023-02-14 00:00:00-05:00,166.20062099871618,170.71575305032707,165.83506745099996,167.91973876953125,8393100,0.0,0.0
2023-02-15 00:00:00-05:00,166.8230760119918,169.5499386519866,166.22039804628503,169.0460662841797,4997000,0.0,0.0
2023-02-16 00:00:00-05:00,166.96135978248407,168.32478327868597,165.94372565516485,166.0919189453125,7483500,0.0,0.0
2023-02-17 00:00:00-05:00,163.0489218118485,165.10395458424577,160.78641839415369,163.18724060058594,8084500,0.0,0.0
2023-02-21 00:00:00-05:00,161.7743855004242,162.53513116641872,159.5118674063905,159.67982482910156,5210800,0.0,0.0
2023-02-22 00:00:00-05:00,161.15197264271362,163.01928383635993,160.1639769830993,161.3989715576172,4343700,0.0,0.0
2023-02-23 00:00:00-05:00,163.30577904284254,163.48362608248766,159.63044943902813,162.1498260498047,4679400,0.0,0.0
2023-02-24 00:00:00-05:00,158.66222549342044,160.44062076460494,157.74339673075224,160.25289916992188,6569900,0.0,0.0
2023-02-27 00:00:00-05:00,161.87320404888365,162.7920478448107,160.2726559164125,161.18161010742188,6891200,0.0,0.0
2023-02-28 00:00:00-05:00,160.57891332897086,162.4758629498314,159.5909177925467,161.6459503173828,6912600,0.0,0.0
2023-03-01 00:00:00-05:00,161.03340317054403,165.96349140999067,161.02351356646275,165.341064453125,15841200,0.0,0.0
2023-03-02 00:00:00-05:00,190.8017235904501,191.58224863101265,182.9767995034803,184.35011291503906,37712500,0.0,0.0
2023-03-03 00:00:00-05:00,185.8123131084448,187.49190237270014,182.07767640590936,184.19198608398438,12087200,0.0,0.0
2023-03-06 00:00:00-05:00,182.84834070259663,186.73115591468596,181.42562472162436,181.5935821533203,10770300,0.0,0.0
2023-03-07 00:00:00-05:00,182.24568394302364,183.92527353023445,180.83284232644505,181.11936950683594,9024300,0.0,0.0
2023-03-08 00:00:00-05:00,181.09960394294455,182.68038792258528,179.61761048199673,180.75379943847656,6749100,0.0,0.0
2023-03-09 00:00:00-05:00,180.9019951284769,181.63310220281718,176.3967226600008,176.57456970214844,7102400,0.0,0.0
2023-03-10 00:00:00-05:00,176.3572024254057,177.20687918577397,169.64871939778848,171.10105895996094,14109000,0.0,0.0
2023-03-13 00:00:00-04:00,168.9472369819295,174.97401579340243,167.9592414440235,173.40309143066406,9154800,0.0,0.0
2023-03-14 00:00:00-04:00,177.83919727539381,183.08545118291946,176.95988184744564,180.6945037841797,10138100,0.0,0.0
2023-03-15 00:00:00-04:00,177.00929566741053,181.65287198155457,176.07070286066065,180.7142791748047,7716900,0.0,0.0
2023-03-16 00:00:00-04:00,181.09957746355198,185.39734882653366,180.78341166848162,185.0515594482422,8369500,0.0,0.0
2023-03-17 00:00:00-04:00,183.80669883042324,185.40726198901953,181.96902637101033,182.63099670410156,10493300,0.0,0.0
2023-03-20 00:00:00-04:00,181.99870564214706,183.29297767606957,180.4574195925252,183.02621459960938,5513200,0.0,0.0
2023-03-21 00:00:00-04:00,183.6387282005208,187.0077966468511,182.67049678192225,186.4149932861328,6982000,0.0,0.0
2023-03-22 00:00:00-04:00,187.7191672600095,189.1418833608156,184.1722666125605,184.27105712890625,6575600,0.0,0.0
2023-03-23 00:00:00-04:00,185.15038261950647,188.27245255640184,183.3522383385365,185.18991088867188,8685000,0.0,0.0
2023-03-24 00:00:00-04:00,184.26116546609876,188.03531560899197,183.85608368258326,187.77842712402344,6102700,0.0,0.0
2023-03-27 00:00:00-04:00,186.6521439958956,189.8038526599416,186.6422694662154,188.96405029296875,7776500,0.0,0.0
2023-03-28 00:00:00-04:00,188.8850117070572,190.51521366620844,188.8850117070572,189.9915771484375,4899000,0.0,0.0
2023-03-29 00:00:00-04:00,190.8214649468679,195.05995933466465,190.56459152432802,194.27944946289062,8085200,0.0,0.0
2023-03-30 00:00:00-04:00,195.39588217197448,195.79107435773838,193.14325354676606,194.23992919921875,6932500,0.0,0.0
2023-03-31 00:00:00-04:00,195.1192714380671,197.59913515706592,194.62527360017444,197.38177490234375,6634300,0.0,0.0
2023-04-03 00:00:00-04:00,195.84048422836577,196.54195264479304,193.18277371753834,194.13125610351562,5340800,0.0,0.0
2023-04-04 00:00:00-04:00,195.77132597771788,196.31472658357745,194.25969388590104,194.83273315429688,4659100,0.0,0.0
2023-04-05 00:00:00-04:00,195.62314970285556,195.9096618241989,191.40440381889871,192.96543884277344,3953700,0.0,0.0
2023-04-06 00:00:00-04:00,191.67114651393138,191.7403134422684,187.32397190159395,190.23855590820312,6304700,0.0,0.0
2023-04-10 00:00:00-04:00,188.3020790881678,190.23855711083192,187.00780725531513,189.1912841796875,5263800,0.0,0.0
2023-04-11 00:00:00-04:00,186.79043973734773,188.17364257838656,185.0614474927612,186.6224822998047,4907700,0.0,0.0
2023-04-12 00:00:00-04:00,188.01555996410954,189.58646930207777,187.25479915412612,188.0353240966797,5033400,0.0,0.0
2023-04-13 00:00:00-04:00,188.16375132561373,192.04658171446977,188.16375132561373,191.69090270996094,4716400,0.0,0.0
2023-04-14 00:00:00-04:00,189.54696358909743,192.82710117117574,188.8948828691051,192.31333923339844,5073800,0.0,0.0
2023-04-17 00:00:00-04:00,192.8172075325674,195.14887754140278,192.6887632919488,194.7141571044922,5413500,0.0,0.0
2023-04-18 00:00:00-04:00,196.69016572152282,197.71767451154344,194.6944103897256,196.11712646484375,4679000,0.0,0.0
2023-04-19 00:00:00-04:00,193.94353044492922,196.68028235321606,193.38036574233212,196.53207397460938,3665100,0.0,0.0
2023-04-20 00:00:00-04:00,194.81296720787765,197.67816352319437,194.45730326075207,195.13900756835938,3620000,0.0,0.0
2023-04-21 00:00:00-04:00,194.66480134738077,196.72970884599962,194.1115261396761,196.6407928466797,4860100,0.0,0.0
2023-04-24 00:00:00-04:00,196.06771651608784,196.38388233263032,191.730416596351,192.58009338378906,4449700,0.0,0.0
2023-04-25 00:00:00-04:00,191.6414917385495,191.78968503593077,188.34159032819505,188.381103515625,5010000,0.0,0.0
2023-04-26 00:00:00-04:00,190.3077181816213,192.03671057732365,188.2823391500067,189.22093200683594,4007600,0.0,0.0
2023-04-27 00:00:00-04:00,191.83908855482267,195.1389899776979,190.94989861593086,193.5878448486328,4794400,0.0,0.0
2023-04-28 00:00:00-04:00,193.79537185343798,196.2653613752795,192.9259457931711,195.9887237548828,4094600,0.0,0.0
2023-05-01 00:00:00-04:00,195.38599549467799,196.66051820274515,194.75367894261555,195.41563415527344,2882900,0.0,0.0
2023-05-02 00:00:00-04:00,195.64289092844012,196.02820860546714,190.6139819185023,191.5130615234375,6051000,0.0,0.0
2023-05-03 00:00:00-04:00,191.87865070595603,193.43967063870605,190.24844876258865,190.2978515625,3779900,0.0,0.0
2023-05-04 00:00:00-04:00,189.59636888512279,192.22444106645443,188.47005438964035,190.07061767578125,4386500,0.0,0.0
2023-05-05 00:00:00-04:00,191.6217446942821,195.73181003179656,190.93015078547356,195.21804809570312,4284400,0.0,0.0
2023-05-08 00:00:00-04:00,196.33451677919012,198.09314800933322,193.7262086004461,195.52435302734375,4169400,0.0,0.0
2023-05-09 00:00:00-04:00,194.4177788713929,201.3535124153812,194.4177788713929,198.76495361328125,6996800,0.0,0.0
2023-05-10 00:00:00-04:00,202.47981564184445,203.80372609478013,200.6026150031474,202.39089965820312,6535600,0.0,0.0
2023-05-11 00:00:00-04:00,200.47417547994192,201.3534908936587,196.16651439040888,201.02745056152344,5366300,0.0,0.0
2023-05-12 00:00:00-04:00,200.9879535699144,201.51160514890256,197.727579892511,199.3874053955078,4733600,0.0,0.0
2023-05-15 00:00:00-04:00,201.30410123571951,202.9342879271365,200.0493426166605,200.88914489746094,4518200,0.0,0.0
2023-05-16 00:00:00-04:00,199.50593696021753,203.20104579602125,199.3281049950306,202.1043701171875,4423200,0.0,0.0
2023-05-17 00:00:00-04:00,204.021114161217,206.97522676200873,202.34152446896016,206.86654663085938,5772200,0.0,0.0
2023-05-18 00:00:00-04:00,206.9850810864555,211.31250669899973,206.81712364118727,210.7592315673828,5165500,0.0,0.0
2023-05-19 00:00:00-04:00,210.40354180947278,210.68017936116834,207.40990138288188,207.83474731445312,6091600,0.0,0.0
2023-05-22 00:00:00-04:00,206.65903508379935,210.26522802102255,206.53059083331695,207.73594665527344,3890800,0.0,0.0
2023-05-23 00:00:00-04:00,205.24620975100328,207.12339534593815,203.99145112773576,204.15940856933594,4256800,0.0,0.0
2023-05-24 00:00:00-04:00,203.56658808610516,207.6865426260875,202.9540356945865,206.5503387451172,4894000,0.0,0.0
2023-05-25 00:00:00-04:00,209.47482321578028,209.7810994278131,205.93779729577017,207.39015197753906,6496700,0.0,0.0
2023-05-26 00:00:00-04:00,210.2454823085277,213.55525876895086,209.99848339018487,212.85379028320312,6933300,0.0,0.0
2023-05-30 00:00:00-04:00,216.63779149941215,219.47333394337096,213.14027876115367,216.24258422851562,10421000,0.0,0.0
2023-05-31 00:00:00-04:00,216.9144159616089,222.29898844436042,214.4543017289366,220.6984405517578,19624000,0.0,0.0
2023-06-01 00:00:00-04:00,205.72044144900306,212.77472930690766,203.58636737208664,210.34425354003906,20907400,0.0,0.0
2023-06-02 00:00:00-04:00,210.34427302330263,213.5453844351821,207.9039225017893,210.47271728515625,11026900,0.0,0.0
2023-06-05 00:00:00-04:00,207.94343720235133,209.77123511074288,204.57436855475785,207.34075927734375,7804400,0.0,0.0
2023-06-06 00:00:00-04:00,206.0464769194762,210.83824633699862,205.86862987947129,210.29486083984375,6796000,0.0,0.0
2023-06-07 00:00:00-04:00,212.30049896925894,214.05912992803746,202.3217373970116,203.2603302001953,9323900,0.0,0.0
2023-06-08 00:00:00-04:00,202.9145339092567,207.85451173292648,202.39089746599697,207.01470947265625,5548600,0.0,0.0
2023-06-09 00:00:00-04:00,208.1607768379963,216.03510227478455,208.1607768379963,212.72531127929688,7676700,0.0,0.0
2023-06-12 00:00:00-04:00,213.555247158968,217.74435401354268,209.5933901513589,211.12478637695312,11568300,0.0,0.0
2023-06-13 00:00:00-04:00,212.9130646575319,213.63429726791355,205.4240557482068,206.47132873535156,11698900,0.0,0.0
2023-06-14 00:00:00-04:00,205.20667157581525,209.16854335762122,202.55885075287284,206.88626098632812,8963400,0.0,0.0
2023-06-15 00:00:00-04:00,205.45367866458778,210.76909973036635,204.88063941683035,209.3760223388672,7905400,0.0,0.0
2023-06-16 00:00:00-04:00,210.97657223314687,211.08525235136918,208.07187785410926,209.2179412841797,13672700,0.0,0.0
2023-06-20 00:00:00-04:00,206.145286432571,214.44445894157744,206.10577323982528,214.36541748046875,9522900,0.0,0.0
2023-06-21 00:00:00-04:00,213.92080707272203,215.1854402083039,205.57224744192067,207.07398986816406,7971600,0.0,0.0
2023-06-22 00:00:00-04:00,207.11351615289507,211.39153877985416,206.57999010277692,210.7295684814453,5689800,0.0,0.0
2023-06-23 00:00:00-04:00,207.9730749805098,208.46707278331388,205.572252895178,207.5679931640625,14037600,0.0,0.0
2023-06-26 00:00:00-04:00,206.5108496703765,209.20807350430056,204.86089878640598,204.8707733154297,4771500,0.0,0.0
2023-06-27 00:00:00-04:00,205.64141804487798,207.95332429333925,205.02886555399104,206.31326293945312,4014800,0.0,0.0
2023-06-28 00:00:00-04:00,205.9081434870976,209.65263975725455,205.10786955308083,209.6230010986328,4775900,0.0,0.0
2023-06-29 00:00:00-04:00,209.35627020293572,210.09726693335048,207.20244694282636,207.90391540527344,3838300,0.0,0.0
2023-06-30 00:00:00-04:00,209.31674135853189,211.28285796343445,208.42755137877188,208.72393798828125,5984200,0.0,0.0
2023-07-03 00:00:00-04:00,208.04224617906277,209.4155594960193,207.4000399768669,209.10926818847656,2400000,0.0,0.0
2023-07-05 00:00:00-04:00,207.96320757484204,212.0436193143468,207.5680002736922,211.25323486328125,5069300,0.0,0.0
2023-07-06 00:00:00-04:00,208.66464340742297,209.9490405529877,205.3351034473205,207.61737060546875,4250900,0.0,0.0
2023-07-07 00:00:00-04:00,207.25183691177634,209.56374294942296,206.76771365064883,207.07398986816406,3022200,0.0,0.0
2023-07-10 00:00:00-04:00,206.491079763867,210.3146178998906,205.81924999423256,210.25534057617188,3820100,0.0,0.0
2023-07-11 00:00:00-04:00,219.39429960816452,219.68082677331378,214.63216867536187,218.51498413085938,10028100,0.0,0.0
2023-07-12 00:00:00-04:00,219.2361997638776,225.35189444215732,218.949687696471,224.55162048339844,8923500,0.0,0.0
2023-07-13 00:00:00-04:00,225.51988179669948,228.18748211402578,224.86781612472063,227.60455322265625,5800300,0.0,0.0
2023-07-14 00:00:00-04:00,226.94259518808815,229.4125842847709,225.41119893302144,226.57704162597656,4278700,0.0,0.0
2023-07-17 00:00:00-04:00,226.48812047956235,227.51562928711473,225.07527890910902,225.26300048828125,3557900,0.0,0.0
2023-07-18 00:00:00-04:00,224.3244064154542,226.86354729552951,222.76337154153757,224.89744567871094,5092700,0.0,0.0
2023-07-19 00:00:00-04:00,231.17118564928856,235.3602920468953,228.4541979916094,231.55650329589844,8516300,0.0,0.0
2023-07-20 00:00:00-04:00,228.32580649804234,230.69699008753875,224.59118405299586,225.4210968017578,5303000,0.0,0.0
2023-07-21 00:00:00-04:00,227.2390102059796,228.0392843080844,224.56153523506336,225.32229614257812,3529700,0.0,0.0
2023-07-24 00:00:00-04:00,224.5318641632145,224.85790450509154,220.85651949647516,222.95108032226562,5363200,0.0,0.0
2023-07-25 00:00:00-04:00,223.16845707680457,224.78876930224757,222.4867376819969,223.316650390625,3203700,0.0,0.0
2023-07-26 00:00:00-04:00,221.76550477712814,224.77887937500927,220.4415791812259,222.87205505371094,4856700,0.0,0.0
2023-07-27 00:00:00-04:00,225.3025267418993,227.37732368640638,221.32090538391637,222.4472198486328,4299600,0.0,0.0
2023-07-28 00:00:00-04:00,223.28702268432664,224.58129460725644,221.29126719845308,222.89183044433594,4238700,0.0,0.0
2023-07-31 00:00:00-04:00,219.6808419170535,222.67446757287513,219.08803848841623,222.30889892578125,5571900,0.0,0.0
2023-08-01 00:00:00-04:00,221.2023309013904,222.1112850304292,218.96946630672662,221.57777404785156,4212600,0.0,0.0
2023-08-02 00:00:00-04:00,219.31527195529708,220.1748384292303,216.17345299895814,217.85304260253906,5127000,0.0,0.0
2023-08-03 00:00:00-04:00,213.60466772036477,215.59054872943713,212.02388364280873,212.97235107421875,5515200,0.0,0.0
2023-08-04 00:00:00-04:00,213.8121209321344,214.64203357730045,210.5122194080581,212.0139617919922,4800400,0.0,0.0
2023-08-07 00:00:00-04:00,212.72534236902243,214.2863773152205,211.7966240399005,213.46633911132812,3615200,0.0,0.0
2023-08-08 00:00:00-04:00,210.98645253552564,211.61876908395527,208.60537964393293,209.04010009765625,4843800,0.0,0.0
2023-08-09 00:00:00-04:00,209.109266686029,209.11915629061158,202.4501858637991,203.38877868652344,7847500,0.0,0.0
2023-08-10 00:00:00-04:00,205.68092462179862,207.81499881739646,203.96182186058124,205.75009155273438,4004700,0.0,0.0
2023-08-11 00:00:00-04:00,203.65554593617935,206.98508641614615,203.03310385927463,206.19468688964844,2930800,0.0,0.0
2023-08-14 00:00:00-04:00,205.40427797233116,209.55387152782583,204.63364261502304,209.51434326171875,3304700,0.0,0.0
2023-08-15 00:00:00-04:00,207.80513903804942,209.82064364876123,205.3450242983173,206.27374267578125,4076400,0.0,0.0
2023-08-16 00:00:00-04:00,205.50310398659167,207.17281911858157,204.4657054946127,204.50523376464844,2759600,0.0,0.0
2023-08-17 00:00:00-04:00,204.09025948764855,204.44592343307713,200.94842562248053,201.3930206298828,4062700,0.0,0.0
2023-08-18 00:00:00-04:00,198.5574908980048,203.03311007462227,197.7967300113455,202.37115478515625,4267200,0.0,0.0
2023-08-21 00:00:00-04:00,203.5270809015847,206.9060238336925,201.7684500493581,206.5207061767578,4023300,0.0,0.0
2023-08-22 00:00:00-04:00,207.33090277637453,207.5877762300384,203.52711331761847,204.27798461914062,3153200,0.0,0.0
2023-08-23 00:00:00-04:00,205.50308225634825,208.4571944910051,204.6534054478406,206.61952209472656,3833200,0.0,0.0
2023-08-24 00:00:00-04:00,208.47694450774765,209.44519104266283,202.97381689785826,203.04296875,3960300,0.0,0.0
2023-08-25 00:00:00-04:00,203.04294509531599,208.25956000896414,203.01330643704867,206.95541381835938,3068800,0.0,0.0
2023-08-28 00:00:00-04:00,207.92366243902762,210.91728777764965,207.1233884480952,209.1784210205078,4086900,0.0,0.0
2023-08-29 00:00:00-04:00,204.26810894109866,209.90957096519844,204.04087415353428,209.4155731201172,5850400,0.0,0.0
2023-08-30 00:00:00-04:00,209.2278375511119,213.00197299611077,206.91591633309127,212.4585723876953,9946000,0.0,0.0
2023-08-31 00:00:00-04:00,225.26298259639594,226.04349243791088,218.5446099248891,218.80149841308594,19268400,0.0,0.0
2023-09-01 00:00:00-04:00,220.81700366919017,221.28136278004712,217.87278117477334,218.8706512451172,5600900,0.0,0.0
2023-09-05 00:00:00-04:00,216.69707487626846,217.67519593900084,214.99772125296855,216.06475830078125,5807300,0.0,0.0
2023-09-06 00:00:00-04:00,216.83541007440658,219.5425236271098,216.3908150397248,218.9595947265625,5066700,0.0,0.0
2023-09-07 00:00:00-04:00,217.13181050030894,220.0562692126533,216.6773258632679,219.85867309570312,4201900,0.0,0.0
2023-09-08 00:00:00-04:00,220.63918862220225,222.76337317040668,220.18470400470414,222.0618896484375,4578900,0.0,0.0
2023-09-11 00:00:00-04:00,223.29687954760797,224.10704317379526,220.1155325178387,222.60528564453125,4418000,0.0,0.0
2023-09-12 00:00:00-04:00,220.76760515286531,222.09151558683254,218.60389246156385,218.9990997314453,4002300,0.0,0.0
2023-09-13 00:00:00-04:00,218.52485057627055,219.19669539593505,215.67943361681947,216.17343139648438,4173600,0.0,0.0
2023-09-14 00:00:00-04:00,216.78598783129766,217.92219179092504,215.71895079839908,216.15367126464844,4297200,0.0,0.0
2023-09-15 00:00:00-04:00,216.24257746686249,216.55874327369355,210.89753309121178,212.03372192382812,9939000,0.0,0.0
2023-09-18 00:00:00-04:00,211.98433165176402,213.78249086417952,211.60888850288248,212.41905212402344,4279400,0.0,0.0
2023-09-19 00:00:00-04:00,211.8163696946137,213.46632048779296,209.71193430586615,213.1106414794922,4001500,0.0,0.0
2023-09-20 00:00:00-04:00,212.616666089263,214.5728933031583,210.3640371579611,210.47271728515625,2990900,0.0,0.0
2023-09-21 00:00:00-04:00,207.2814604741444,209.34636746652757,205.572232467461,206.10574340820312,4957300,0.0,0.0
2023-09-22 00:00:00-04:00,206.7973671109471,207.20244894563743,203.4085492673903,203.95193481445312,3848300,0.0,0.0
2023-09-25 00:00:00-04:00,202.53909611824506,204.05072816615143,201.4226562764204,203.86300659179688,4067300,0.0,0.0
2023-09-26 00:00:00-04:00,203.0034572881449,203.9618142269028,198.86375330898548,200.05923461914062,5404500,0.0,0.0
2023-09-27 00:00:00-04:00,200.5532294431549,201.4819326305411,198.52783547659234,200.2963409423828,4123800,0.0,0.0
2023-09-28 00:00:00-04:00,198.3499998885736,202.68730015891185,197.15453360272573,200.76071166992188,4344000,0.0,0.0
2023-09-29 00:00:00-04:00,202.61814182302496,205.29560148794417,199.6739191218182,200.3457489013672,4405100,0.0,0.0
2023-10-02 00:00:00-04:00,198.38951662972133,202.64777519211935,198.11287907176623,201.26458740234375,3745700,0.0,0.0
2023-10-03 00:00:00-04:00,200.3161130191915,201.1262766681916,195.05009452754146,197.43116760253906,4622400,0.0,0.0
2023-10-04 00:00:00-04:00,198.46854933508428,200.30622164654304,197.1149851908943,199.4466552734375,3656400,0.0,0.0
2023-10-05 00:00:00-04:00,199.5751016679826,199.7232949706581,196.10724270483487,199.58497619628906,3592600,0.0,0.0
2023-10-06 00:00:00-04:00,198.07335859413863,205.76985295194334,197.49044479378588,204.8707733154297,4989200,0.0,0.0
2023-10-09 00:00:00-04:00,202.4304358895009,205.77974066843558,202.23283976704573,204.7324676513672,2781100,0.0,0.0
2023-10-10 00:00:00-04:00,205.1473860491346,206.70842075606245,203.78394742807797,204.39651489257812,4503500,0.0,0.0
2023-10-11 00:00:00-04:00,204.74231037587836,206.68866278472734,201.95617080814495,204.36688232421875,3971000,0.0,0.0
2023-10-12 00:00:00-04:00,205.33510635047773,206.07610297467085,200.82984928748203,203.21090698242188,3548500,0.0,0.0
2023-10-13 00:00:00-04:00,202.64777988197807,204.6534097613769,200.7705942558939,202.13401794433594,3677500,0.0,0.0
2023-10-16 00:00:00-04:00,203.369007603827,206.97520053454556,202.57860812068208,206.02671813964844,3623200,0.0,0.0
2023-10-17 00:00:00-04:00,204.0112228341383,209.39579599639734,203.52709954876624,207.3209991455078,4006100,0.0,0.0
2023-10-18 00:00:00-04:00,206.37254026160443,207.11353701370157,201.7388381597247,202.37115478515625,3380800,0.0,0.0
2023-10-19 00:00:00-04:00,203.97168241739226,208.41766248252338,203.06272830203937,205.81924438476562,4995900,0.0,0.0
2023-10-20 00:00:00-04:00,204.87076100123463,205.61175767512862,199.6936588124069,201.28433227539062,5539100,0.0,0.0
2023-10-23 00:00:00-04:00,197.5002919467106,201.12624865284852,195.47491325756377,199.57508850097656,4564100,0.0,0.0
2023-10-24 00:00:00-04:00,201.28433986235189,202.1834194787132,198.51794916041825,201.76846313476562,3959600,0.0,0.0
2023-10-25 00:00:00-04:00,200.7606731971789,201.29419918457523,193.08394429997549,194.6943817138672,4490000,0.0,0.0
2023-10-26 00:00:00-04:00,195.05010290237345,197.26321862517696,191.35499367806466,193.89414978027344,5149100,0.0,0.0
2023-10-27 00:00:00-04:00,194.93155980743865,195.92943006374486,193.06424848782032,194.2103271484375,3168600,0.0,0.0
2023-10-30 00:00:00-04:00,196.61112088273245,198.17215571188035,194.71417117374185,196.8778839111328,3438300,0.0,0.0
2023-10-31 00:00:00-04:00,198.01407711980966,199.48619599680725,196.27521028420935,198.41915893554688,3425400,0.0,0.0
2023-11-01 00:00:00-04:00,198.50809145070335,202.03524328652907,198.08326054195854,201.4622039794922,3593600,0.0,0.0
2023-11-02 00:00:00-04:00,203.83337548536466,205.7599639437523,203.47769645646105,205.6117706298828,4963600,0.0,0.0
2023-11-03 00:00:00-04:00,206.8764115362256,207.65692147771875,204.712698619399,204.97946166992188,3861900,0.0,0.0
2023-11-06 00:00:00-05:00,205.71059402529835,205.97734201334808,202.23284489456313,204.93006896972656,3729700,0.0,0.0
2023-11-07 00:00:00-05:00,206.98509084324257,210.77899056083692,206.45157981992546,209.2969970703125,5467100,0.0,0.0
2023-11-08 00:00:00-05:00,209.87000446270912,209.96881004397284,207.1332526783468,208.93141174316406,3433500,0.0,0.0
2023-11-09 00:00:00-05:00,211.0062141545191,211.01608868267132,206.56023423630958,207.4889373779297,4731400,0.0,0.0
2023-11-10 00:00:00-05:00,206.88625875998636,211.69780726130188,206.33298367312338,211.06549072265625,4112600,0.0,0.0
2023-11-13 00:00:00-05:00,210.01823430576218,213.54537079836982,209.21794519718486,212.69569396972656,3306600,0.0,0.0
2023-11-14 00:00:00-05:00,216.37103342528988,218.5940234947278,215.33363504442895,218.5248565673828,4743800,0.0,0.0
2023-11-15 00:00:00-05:00,218.10004680836298,218.7125993070246,215.04714376903516,216.7860107421875,4800700,0.0,0.0
2023-11-16 00:00:00-05:00,217.35902019073038,220.09577207521332,216.3117473237281,218.79161071777344,3712300,0.0,0.0
2023-11-17 00:00:00-05:00,218.51497403841935,220.1155220056178,217.7344641869974,218.5643768310547,3634900,0.0,0.0
2023-11-20 00:00:00-05:00,218.77187885450383,223.38583200292462,217.97160475604156,222.42747497558594,4599300,0.0,0.0
2023-11-21 00:00:00-05:00,221.31101617600285,223.25736872967147,220.8565315630844,221.62718200683594,3852300,0.0,0.0
2023-11-22 00:00:00-05:00,221.60740817701674,222.98072140892313,220.5304966296431,221.15292358398438,3893600,0.0,0.0
2023-11-24 00:00:00-05:00,221.66669826873874,221.79514252374616,219.45358264909737,221.68646240234375,1869100,0.0,0.0
2023-11-27 00:00:00-05:00,222.79300571951754,223.50436375092406,221.55801123105013,222.09152221679688,4885500,0.0,0.0
2023-11-28 00:00:00-05:00,220.92569886664202,222.82264862800827,219.56226010119076,222.219970703125,5535300,0.0,0.0
2023-11-29 00:00:00-05:00,225.86569045858985,228.7209973385387,224.53189027539673,227.58480834960938,12327400,0.0,0.0
2023-11-30 00:00:00-05:00,246.06030498468832,249.46888675894468,240.72511974724603,248.87608337402344,24425700,0.0,0.0
2023-12-01 00:00:00-05:00,246.99888962965747,260.26766274426706,246.70248794697872,256.87884521484375,14538200,0.0,0.0
2023-12-04 00:00:00-05:00,249.76529574146704,252.0574377404577,246.85071167770306,247.65098571777344,11429200,0.0,0.0
2023-12-05 00:00:00-05:00,246.9890034022193,248.64882862561444,245.65520343115065,248.0066375732422,5771500,0.0,0.0
2023-12-06 00:00:00-05:00,248.5006366858087,250.93109721556584,245.86269046418684,246.1393280029297,5374800,0.0,0.0
2023-12-07 00:00:00-05:00,245.7639110823138,247.7201381935752,243.926238621548,245.8627166748047,6568200,0.0,0.0
2023-12-08 00:00:00-05:00,245.56632952413207,249.06382760154986,245.02292888446638,247.7991943359375,4605800,0.0,0.0
2023-12-11 00:00:00-05:00,246.99888800291205,250.47663656716546,246.7123759260996,249.0736846923828,4766000,0.0,0.0
2023-12-12 00:00:00-05:00,248.77731675199578,253.49991984944793,248.00668132295877,253.3715057373047,5827600,0.0,0.0
2023-12-13 00:00:00-05:00,254.4187396299804,256.00939796726243,252.09694409464032,254.23101806640625,6567600,0.0,0.0
2023-12-14 00:00:00-05:00,253.42084608952956,255.6635850230916,250.180222051237,254.122314453125,6613200,0.0,0.0
2023-12-15 00:00:00-05:00,251.94872353201148,259.1610935970635,251.45472578886566,258.4596252441406,13739500,0.0,0.0
2023-12-18 00:00:00-05:00,256.70107842078676,262.40180338627175,256.56274453488334,260.4258117675781,7498500,0.0,0.0
2023-12-19 00:00:00-05:00,262.28321852471174,263.3798792742669,260.5739751168285,261.1667785644531,4665500,0.0,0.0
2023-12-20 00:00:00-05:00,258.5189012212072,261.73977613821626,256.9578514762695,257.1258239746094,4510500,0.0,0.0
2023-12-21 00:00:00-05:00,261.57185045461773,265.13850030739303,261.0679630206443,264.0418395996094,5160700,0.0,0.0
2023-12-22 00:00:00-05:00,264.0517611298463,264.9310616931334,262.1152676971515,263.1427917480469,3110600,0.0,0.0
2023-12-26 00:00:00-05:00,262.34248103587726,263.33047667569923,261.44340138549114,263.0242004394531,3218800,0.0,0.0
2023-12-27 00:00:00-05:00,262.74755311215966,263.80471564381946,262.2140270441168,263.5181884765625,3387000,0.0,0.0
2023-12-28 00:00:00-05:00,263.3008761250327,263.7158476203675,262.1152691251375,262.39190673828125,2958700,0.0,0.0
2023-12-29 00:00:00-05:00,261.8287482938947,262.46104985887735,259.4970627793841,259.981201171875,3706600,0.0,0.0
2024-01-02 00:00:00-05:00,257.4123772428552,257.4321263000413,250.72364293501863,253.05531311035156,4741400,0.0,0.0
2024-01-03 00:00:00-05:00,250.45689461704762,251.10897535727563,248.7476663818595,248.8168182373047,5097100,0.0,0.0
2024-01-04 00:00:00-05:00,248.8069433493408,249.60721740409517,246.84082660231905,248.22402954101562,4489800,0.0,0.0
2024-01-05 00:00:00-05:00,248.194384553842,250.86196969359128,247.16686067406428,248.10545349121094,3676000,0.0,0.0
2024-01-08 00:00:00-05:00,249.18234351098056,258.4200920874611,248.37217999127213,257.7383728027344,6626000,0.0,0.0
2024-01-09 00:00:00-05:00,256.3848505574006,260.7616636986359,255.67349254055628,258.2027587890625,4571800,0.0,0.0
2024-01-10 00:00:00-05:00,260.10956721546626,263.26127530630896,259.59582040440847,260.9592590332031,5128300,0.0,0.0
2024-01-11 00:00:00-05:00,264.782853570055,269.68330391019936,261.91767200570104,268.1222839355469,9012600,0.0,0.0
2024-01-12 00:00:00-05:00,267.97407055097216,271.93591259793584,267.80609802421293,268.6656494140625,4847600,0.0,0.0
2024-01-16 00:00:00-05:00,266.46241399419085,268.3099608630454,264.5061719353399,265.9585266113281,5858700,0.0,0.0
2024-01-17 00:00:00-05:00,265.0693385554277,268.63598807220694,260.95927338720185,268.1815185546875,4706500,0.0,0.0
2024-01-18 00:00:00-05:00,269.72281796696615,272.3805287319263,268.87315616317954,271.165283203125,4752400,0.0,0.0
2024-01-19 00:00:00-05:00,273.19064323363517,278.6147288381547,272.2223967967053,277.5081787109375,7413600,0.0,0.0
2024-01-22 00:00:00-05:00,280.38327523762905,282.2900994785344,276.80673604759414,276.9351501464844,6735900,0.0,0.0
2024-01-23 00:00:00-05:00,277.45876917278974,278.32821005633434,272.40023692441827,273.447509765625,6573800,0.0,0.0
2024-01-24 00:00:00-05:00,276.6190364809212,277.58725293351995,273.36852230848365,273.5562438964844,7037800,0.0,0.0
2024-01-25 00:00:00-05:00,275.265448489996,276.4905835762082,273.536456134429,275.680419921875,4178000,0.0,0.0
2024-01-26 00:00:00-05:00,275.9273871132863,279.9386465050281,275.34447337570344,276.5794677734375,4877400,0.0,0.0
2024-01-29 00:00:00-05:00,278.02191569734657,284.69088503516195,277.6267235446106,284.40435791015625,5762300,0.0,0.0
2024-01-30 00:00:00-05:00,284.17719538070816,285.81727178793886,283.08050452382423,284.2760009765625,4810900,0.0,0.0
2024-01-31 00:00:00-05:00,280.64012613336047,282.2011759993784,277.44891977844605,277.7156677246094,4557300,0.0,0.0
2024-02-01 00:00:00-05:00,278.62463710058057,281.6281218895295,277.98241586657116,280.39312744140625,3218300,0.0,0.0
2024-02-02 00:00:00-05:00,281.7763349455667,284.70079324845295,279.7608156382658,282.2308044433594,3629600,0.0,0.0
2024-02-05 00:00:00-05:00,282.81374036256295,285.58011598072545,277.982427408319,284.6513977050781,5274800,0.0,0.0
2024-02-06 00:00:00-05:00,284.4834288754939,285.17503779131823,278.52581717060934,282.39874267578125,4207200,0.0,0.0
2024-02-07 00:00:00-05:00,283.9005463268369,286.32111749562927,281.7763617823918,285.3726501464844,3621400,0.0,0.0
2024-02-08 00:00:00-05:00,285.827130415562,289.59139144222496,285.5109947214704,288.4453430175781,4488400,0.0,0.0
2024-02-09 00:00:00-05:00,289.7297347505866,291.695836516185,287.5561321821596,287.8031311035156,4376300,0.0,0.0
2024-02-12 00:00:00-05:00,287.3288953373087,287.50672731378404,283.5547448077526,283.87091064453125,3750000,0.0,0.0
2024-02-13 00:00:00-05:00,277.0438562662739,280.0275921933188,273.10176337886026,277.77496337890625,4956600,0.0,0.0
2024-02-14 00:00:00-05:00,281.57871873029984,285.9851702372086,281.2230548213362,285.67889404296875,3850700,0.0,0.0
2024-02-15 00:00:00-05:00,287.84262144130577,288.4947021259025,284.5526095089461,288.4354248046875,3986500,0.0,0.0
2024-02-16 00:00:00-05:00,288.4947247840506,288.56389171464434,284.42418760102106,286.2420959472656,4159400,0.0,0.0
2024-02-20 00:00:00-05:00,286.02473938741923,287.3585395391618,280.738956653467,282.95208740234375,4295500,0.0,0.0
2024-02-21 00:00:00-05:00,276.7079130447631,280.1658973712873,275.01841899348955,280.1461181640625,3797200,0.0,0.0
2024-02-22 00:00:00-05:00,288.4947217007785,291.0931550115274,287.901918297174,290.1249084472656,5264300,0.0,0.0
2024-02-23 00:00:00-05:00,294.4226532575536,294.4226532575536,287.5857112643608,289.2850646972656,4416800,0.0,0.0
2024-02-26 00:00:00-05:00,292.0416298996784,300.1827043887268,291.4587160856552,296.7840270996094,8719300,0.0,0.0
2024-02-27 00:00:00-05:00,297.95974199368754,298.1277145360268,293.0395425054274,295.90472412109375,6178800,0.0,0.0
2024-02-28 00:00:00-05:00,295.98372616665455,297.26813861370476,293.0493778542677,296.17144775390625,12490800,0.0,0.0
2024-02-29 00:00:00-05:00,296.39866498198415,306.81214652069593,291.2512166091418,305.11279296875,21737800,0.0,0.0
2024-03-01 00:00:00-05:00,303.31467804186707,314.8840991756457,302.9392348539693,313.0760803222656,9450200,0.0,0.0
2024-03-04 00:00:00-05:00,310.7937786293459,313.8367917667538,309.77614438212623,310.8629455566406,9350000,0.0,0.0
2024-03-05 00:00:00-05:00,307.57285546536974,308.797960152424,292.58498164946565,295.16363525390625,9015300,0.0,0.0
2024-03-06 00:00:00-05:00,300.9928846456513,302.21801981922255,299.1058092362968,300.1234436035156,8270000,0.0,0.0
2024-03-07 00:00:00-05:00,302.3266224332344,303.0873681123655,298.1276415661061,298.78961181640625,6788900,0.0,0.0
2024-03-08 00:00:00-05:00,298.5722822302302,305.1621959942232,298.5722822302302,301.61529541015625,4851600,0.0,0.0
2024-03-11 00:00:00-04:00,299.00694897588266,303.9172572778672,296.64562544479867,302.32659912109375,4895500,0.0,0.0
2024-03-12 00:00:00-04:00,303.0281554976243,305.3302023845341,300.222251301911,302.9392395019531,4832000,0.0,0.0
2024-03-13 00:00:00-04:00,301.7322892771597,304.43305145636157,299.86252387833866,301.41571044921875,5548800,0.4,0.0
2024-03-14 00:00:00-04:00,301.732336840326,306.1742228921562,298.76447778943754,300.0703430175781,4828800,0.0,0.0
2024-03-15 00:00:00-04:00,295.7569743406349,296.83529260445295,290.62257688691585,291.17657470703125,11885100,0.0,0.0
2024-03-18 00:00:00-04:00,296.4099564921705,297.7454990358206,292.8485197726443,297.2904357910156,5240500,0.0,0.0
2024-03-19 00:00:00-04:00,294.98535171971724,298.53688555303063,293.44206766375436,298.2203369140625,3329900,0.0,0.0
2024-03-20 00:00:00-04:00,298.7347682443716,303.73065169925434,297.46848305994746,302.80072021484375,4946600,0.0,0.0
2024-03-21 00:00:00-04:00,304.6407771771472,308.45940719620796,303.0678158332374,305.0859680175781,6083900,0.0,0.0
2024-03-22 00:00:00-04:00,306.0060375717568,306.9062917041253,303.3646299358518,304.4726257324219,3779000,0.0,0.0
2024-03-25 00:00:00-04:00,300.4462437844966,304.4132610854645,299.2986681208531,302.78094482421875,4141200,0.0,0.0
2024-03-26 00:00:00-04:00,304.18575225481396,304.68039538832863,301.6235044460824,302.55340576171875,3893900,0.0,0.0
2024-03-27 00:00:00-04:00,304.1461336110629,305.98619134186765,295.4305251239082,298.15106201171875,3859900,0.0,0.0
2024-03-28 00:00:00-04:00,296.78589645666574,299.5558860806789,296.4198653482021,297.9532470703125,4892300,0.0,0.0
2024-04-01 00:00:00-04:00,298.4577366199346,300.25824463220636,296.7759381134185,299.0216369628906,2918100,0.0,0.0
2024-04-02 00:00:00-04:00,294.31265103189565,301.1980746833356,291.730628484088,300.7430114746094,4746100,0.0,0.0
2024-04-03 00:00:00-04:00,300.7331024881509,303.86915302822507,299.8526534686546,301.4750671386719,3047400,0.0,0.0
2024-04-04 00:00:00-04:00,304.9573313167106,307.9647392097586,288.97046492229225,290.9886169433594,8351000,0.0,0.0
2024-04-05 00:00:00-04:00,290.39503462292015,300.16918559552903,290.15758544207716,298.67535400390625,4918200,0.0,0.0
2024-04-08 00:00:00-04:00,297.87408981546224,300.2483707287352,296.3110006657122,298.4973449707031,3142900,0.0,0.0
2024-04-09 00:00:00-04:00,300.0702659967041,302.3258370888031,296.0438643387303,299.13043212890625,2997700,0.0,0.0
2024-04-10 00:00:00-04:00,295.2524642179776,297.6960022216823,294.9556602579294,296.409912109375,3036400,0.0,0.0
2024-04-11 00:00:00-04:00,296.2615862038509,297.8642252698813,293.2343723700994,295.94500732421875,3468600,0.0,0.0
2024-04-12 00:00:00-04:00,293.68941600950535,294.6589274420905,290.3555260435255,291.166748046875,3820000,0.0,0.0
2024-04-15 00:00:00-04:00,279.9086381296287,283.410719709562,268.7494910695705,269.9761962890625,18365100,0.0,0.0
2024-04-16 00:00:00-04:00,271.83606911272454,277.5541423153611,269.5211429570502,274.4378967285156,7624300,0.0,0.0
2024-04-17 00:00:00-04:00,274.76435821584954,275.98119119323854,271.8954340788356,273.3595886230469,4199400,0.0,0.0
2024-04-18 00:00:00-04:00,273.3595980731929,273.3694704065848,266.8599798266608,269.0067443847656,5918200,0.0,0.0
2024-04-19 00:00:00-04:00,269.5705789703492,270.22351146583037,265.85088349845057,267.4732971191406,4913600,0.0,0.0
2024-04-22 00:00:00-04:00,276.3966367291025,276.7033129812848,266.6719382067117,270.87640380859375,6747200,0.0,0.0
2024-04-23 00:00:00-04:00,272.00422211347217,273.7354727683736,267.5128548182413,273.7156677246094,6285200,0.0,0.0
2024-04-24 00:00:00-04:00,275.02156263169604,275.95149407167145,271.17322483574833,273.23095703125,3938800,0.0,0.0
2024-04-25 00:00:00-04:00,268.6901746724826,270.6489422941364,266.39502312912003,270.21368408203125,4811900,0.0,0.0
2024-04-26 00:00:00-04:00,272.0537336996763,273.9333716398406,270.53022433758395,271.3513488769531,3754600,0.0,0.0
2024-04-29 00:00:00-04:00,271.9448670621704,274.31914763385345,270.29274601230946,272.7857360839844,3576400,0.0,0.0
2024-04-30 00:00:00-04:00,271.56895546557405,271.66785992981664,265.48482138375783,266.0586242675781,5218000,0.0,0.0
2024-05-01 00:00:00-04:00,266.13776097451904,271.06441708802635,263.6942228683271,265.8113098144531,3761000,0.0,0.0
2024-05-02 00:00:00-04:00,267.5326788034801,270.1542813813765,265.0693656516896,269.2144775390625,3859900,0.0,0.0
2024-05-03 00:00:00-04:00,273.8542057924443,274.6951050780381,270.42138156279435,270.7280578613281,4041600,0.0,0.0
2024-05-06 00:00:00-04:00,273.2112556137921,274.16096216435153,271.123845478934,272.6770324707031,3744800,0.0,0.0
2024-05-07 00:00:00-04:00,272.6373961391329,275.8921563803691,271.1336918960387,274.2103576660156,3507700,0.0,0.0
2024-05-08 00:00:00-04:00,272.7758930478209,276.9407794697765,272.7758930478209,275.9811706542969,3283300,0.0,0.0
2024-05-09 00:00:00-04:00,269.254064934958,272.39998811596575,268.1658439693391,272.221923828125,4709700,0.0,0.0
2024-05-10 00:00:00-04:00,273.14194065415825,276.6440224452385,272.0240423571029,273.7058410644531,2912300,0.0,0.0
2024-05-13 00:00:00-04:00,274.17078850338964,274.8236908194147,272.2416683614599,274.54669189453125,2998700,0.0,0.0
2024-05-14 00:00:00-04:00,273.992670502794,275.8723080594741,272.09325809268506,273.8343811035156,3056800,0.0,0.0
2024-05-15 00:00:00-04:00,276.742870742344,284.71651391246314,276.73299841143404,284.4593200683594,5828500,0.0,0.0
2024-05-16 00:00:00-04:00,286.3192112529969,286.9127587914071,281.5310397119602,281.6299743652344,3559200,0.0,0.0
2024-05-17 00:00:00-04:00,283.96475119790273,284.26152501499047,281.2145364606078,282.550048828125,3478900,0.0,0.0
2024-05-20 00:00:00-04:00,282.9358413302844,284.6374147305248,282.0553621577252,283.994384765625,2799300,0.0,0.0
2024-05-21 00:00:00-04:00,283.71741531432224,284.14280116090634,280.25491339998314,280.7198791503906,3492100,0.0,0.0
2024-05-22 00:00:00-04:00,280.3736248470743,284.0141910676993,279.79982190486544,280.77923583984375,3309200,0.0,0.0
2024-05-23 00:00:00-04:00,283.60854537951724,283.92512419230906,274.48732589644624,275.58544921875,5456600,0.0,0.0
2024-05-24 00:00:00-04:00,268.0272664336743,272.0140880693231,265.65298591500914,269.3727111816406,8325100,0.0,0.0
2024-05-28 00:00:00-04:00,270.1740721688583,270.302684207695,264.2977096187989,266.9390869140625,9294100,0.0,0.0
2024-05-29 00:00:00-04:00,265.12868886091525,269.94650759292637,264.9011421772258,268.70989990234375,13397900,0.0,0.0
2024-05-30 00:00:00-04:00,221.00652243644615,222.67841846459632,209.7286662337009,215.6742706298828,66763300,0.0,0.0
2024-05-31 00:00:00-04:00,216.76250856774948,232.10633271000063,213.74518251783536,231.9282684326172,36807400,0.0,0.0
2024-06-03 00:00:00-04:00,232.10632746778333,238.40809093666886,227.743586722013,234.08489990234375,19962700,0.0,0.0
2024-06-04 00:00:00-04:00,233.19453670821804,238.0123555154584,229.71224517047568,232.34375,11197500,0.0,0.0
2024-06-05 00:00:00-04:00,233.1154007494996,234.38168588431347,229.06922379380043,233.99586486816406,10772100,0.0,0.0
2024-06-06 00:00:00-04:00,237.30996951013498,244.1063606165592,236.88456861066504,240.1591033935547,11693800,0.0,0.0
2024-06-07 00:00:00-04:00,239.73370320050722,241.3165519084465,237.7155510966016,239.25885009765625,6883800,0.0,0.0
2024-06-10 00:00:00-04:00,239.1994798194223,241.02966514516496,237.85405011768432,239.2489471435547,7656900,0.0,0.0
2024-06-11 00:00:00-04:00,238.57625789321708,241.1385054668937,233.7287465722869,238.4080810546875,7264400,0.0,0.0
2024-06-12 00:00:00-04:00,237.98267837017568,239.60510708332416,232.37342760407137,233.273681640625,10260100,0.0,0.0
2024-06-13 00:00:00-04:00,232.99669053708172,233.12528747853975,226.2101865871021,226.5762176513672,13566700,0.0,0.0
2024-06-14 00:00:00-04:00,226.89278483963028,232.72956709419873,226.74438285974952,229.4550323486328,8833700,0.0,0.0
2024-06-17 00:00:00-04:00,227.81281168411914,229.3560956511484,225.32970890078963,228.0106658935547,10563700,0.0,0.0
2024-06-18 00:00:00-04:00,228.0106788188837,229.80128442303925,226.77407107067577,229.32643127441406,7119800,0.0,0.0
2024-06-20 00:00:00-04:00,230.355302948724,241.158306687056,230.355302948724,239.20941162109375,14809600,0.0,0.0
2024-06-21 00:00:00-04:00,237.99257831188092,242.74113979475362,237.61664474128514,242.43446350097656,15719600,0.0,0.0
2024-06-24 00:00:00-04:00,240.58450375161763,241.79143407487362,237.24071169912395,237.36932373046875,7545700,0.0,0.0
2024-06-25 00:00:00-04:00,239.18962027328695,240.49548532511884,237.30007997645885,239.16983032226562,6037800,0.0,0.0
2024-06-26 00:00:00-04:00,238.8829435383746,241.00001543461522,237.32975693511042,240.54493713378906,4524700,0.0,0.0
2024-06-27 00:00:00-04:00,242.37510423469556,255.8294017731939,241.83099383878044,250.14100646972656,12869000,0.0,0.0
2024-06-28 00:00:00-04:00,250.78400798822219,257.39243140662217,250.46742921365347,254.34544372558594,12619300,0.0,0.0
2024-07-01 00:00:00-04:00,255.38422926073724,256.6999968277493,251.803018008409,253.4650115966797,5871700,0.0,0.0
2024-07-02 00:00:00-04:00,252.31746572291067,254.96876077124222,251.33806688308306,253.44525146484375,5130600,0.0,0.0
2024-07-03 00:00:00-04:00,254.22673851898404,258.421301685591,254.18715862384224,258.1542053222656,4755700,0.0,0.0
2024-07-05 00:00:00-04:00,259.905273532858,262.96216428987475,258.5202788810636,260.3702392578125,6562100,0.0,0.0
2024-07-08 00:00:00-04:00,258.5796265889622,260.023975958557,254.4345150790308,254.61257934570312,6539300,0.0,0.0
2024-07-09 00:00:00-04:00,253.74066996033076,254.64232540252667,248.78653911592363,250.11424255371094,7014900,0.4,0.0
2024-07-10 00:00:00-04:00,248.89551841073276,252.46249849155237,243.85221708661274,250.27276611328125,8947700,0.0,0.0
2024-07-11 00:00:00-04:00,250.2826872243794,253.07680905744832,248.61809145928578,248.81625366210938,5341800,0.0,0.0
2024-07-12 00:00:00-04:00,249.31167393278065,252.94800413143543,247.39938669800452,251.64012145996094,4705500,0.0,0.0
2024-07-15 00:00:00-04:00,253.67129757522991,254.0379286467674,249.80708167526035,250.54029846191406,4404300,0.0,0.0
2024-07-16 00:00:00-04:00,251.45186970649118,254.42434828143004,250.35205202901147,253.6812286376953,4780400,0.0,0.0
2024-07-17 00:00:00-04:00,251.66982427186082,253.2254284741902,247.32009838624506,248.9153289794922,5625300,0.0,0.0
2024-07-18 00:00:00-04:00,249.82689141533618,250.13404508630188,243.46578968882605,245.08084106445312,6351600,0.0,0.0
2024-07-19 00:00:00-04:00,246.3689234433536,246.70581583462027,242.92085257254473,245.35829162597656,4468900,0.0,0.0
2024-07-22 00:00:00-04:00,246.46797981453437,253.23532354691474,245.7248602774051,251.74908447265625,5647600,0.0,0.0
2024-07-23 00:00:00-04:00,254.2360894319847,254.9692911393405,251.42214667018013,253.71095275878906,3905500,0.0,0.0
2024-07-24 00:00:00-04:00,251.30324265435354,253.56232507936082,246.61662405335565,247.48855590820312,5204100,0.0,0.0
2024-07-25 00:00:00-04:00,252.40304812705153,261.6573452259714,249.4107490484276,254.1667022705078,7155800,0.0,0.0
2024-07-26 00:00:00-04:00,255.80156786336107,262.0635653530551,254.71165318968295,260.2998962402344,6127300,0.0,0.0
2024-07-29 00:00:00-04:00,260.29991101398406,263.63899006561377,256.1483473197158,256.21771240234375,5101400,0.0,0.0
2024-07-30 00:00:00-04:00,257.23831106914935,258.357949590918,252.77959285952662,255.56381225585938,3944300,0.0,0.0
2024-07-31 00:00:00-04:00,253.85951508070647,259.42795223299174,253.00741925460576,256.4257507324219,4647700,0.0,0.0
2024-08-01 00:00:00-04:00,257.5156959556684,260.94394577667447,247.4489143241743,250.7384490966797,5527400,0.0,0.0
2024-08-02 00:00:00-04:00,245.51680533532763,245.72488547933938,238.90799672157164,241.7318572998047,6504500,0.0,0.0
2024-08-05 00:00:00-04:00,230.18873806168295,239.60158647182513,230.07974658060272,236.81735229492188,6899300,0.0,0.0
2024-08-06 00:00:00-04:00,238.87826144805268,241.61295116727325,235.84633599309643,236.23275756835938,5673900,0.0,0.0
2024-08-07 00:00:00-04:00,240.38432096152468,244.26835746307742,237.4613869874191,237.837890625,4035500,0.0,0.0
2024-08-08 00:00:00-04:00,241.0085475031773,247.14174840046056,240.85001169767943,246.8345947265625,4474300,0.0,0.0
2024-08-09 00:00:00-04:00,246.418452032449,250.6294630255688,246.17074550344196,250.21331787109375,2975300,0.0,0.0
2024-08-12 00:00:00-04:00,250.2826754607024,251.7589966533348,246.73551625729607,249.00450134277344,3679700,0.0,0.0
2024-08-13 00:00:00-04:00,250.67901537781444,253.4335108590226,250.67901537781444,252.26434326171875,4031600,0.0,0.0
2024-08-14 00:00:00-04:00,253.04708739480688,255.3457961787807,251.53112460948267,252.9777374267578,4145200,0.0,0.0
2024-08-15 00:00:00-04:00,255.53405705682044,260.47830008792386,253.88928202561883,260.37921142578125,5167900,0.0,0.0
2024-08-16 00:00:00-04:00,259.3487459424135,261.1817803757758,257.29772854555483,260.49810791015625,3494900,0.0,0.0
2024-08-19 00:00:00-04:00,260.68638253309615,262.95538302605195,259.22986679134596,262.9454650878906,4501300,0.0,0.0
2024-08-20 00:00:00-04:00,262.5194433158686,263.0643856921228,258.6353908704004,259.4379577636719,5731300,0.0,0.0
2024-08-21 00:00:00-04:00,258.704681119877,259.7351486521884,256.80228184773387,258.69476318359375,4648200,0.0,0.0
2024-08-22 00:00:00-04:00,259.1010199236984,260.8448835005592,254.90981471969812,256.21771240234375,5111400,0.0,0.0
2024-08-23 00:00:00-04:00,259.5865243143035,263.1634223146865,258.308380396437,261.5780944824219,4711300,0.0,0.0
2024-08-26 00:00:00-04:00,261.5186406618094,264.84780181076894,260.82505030363654,262.8463439941406,3818300,0.0,0.0
2024-08-27 00:00:00-04:00,257.26799860080547,262.033869866982,257.0202920683114,261.7762756347656,5276400,0.0,0.0
2024-08-28 00:00:00-04:00,259.4279850487505,262.7472585388257,254.99899116216827,256.5248718261719,10981900,0.0,0.0
2024-08-29 00:00:00-04:00,268.5237868641205,269.4551658026557,253.9289077523873,254.6522216796875,14301700,0.0,0.0
2024-08-30 00:00:00-04:00,255.0782846932192,256.75278329403153,248.69736191278247,250.57992553710938,10507700,0.0,0.0
2024-09-03 00:00:00-04:00,250.30248155972424,251.3626727311111,244.3773457856331,245.78431701660156,6190400,0.0,0.0
2024-09-04 00:00:00-04:00,244.20890007234024,247.1912810683949,242.9109203535218,245.4077911376953,4706500,0.0,0.0
2024-09-05 00:00:00-04:00,243.7233912788697,246.22027719638035,242.75238596826233,243.8621063232422,4083600,0.0,0.0
2024-09-06 00:00:00-04:00,245.4672761228171,247.7065377815921,239.22506834695955,241.7318572998047,6259400,0.0,0.0
2024-09-09 00:00:00-04:00,244.23863362681792,247.0723968773012,242.5245087072464,243.5054168701172,4588800,0.0,0.0
2024-09-10 00:00:00-04:00,244.86286647211946,245.07093149299567,241.07790339652593,243.90176391601562,3544800,0.0,0.0
2024-09-11 00:00:00-04:00,242.56414495727648,247.72635579986428,239.7898287410246,247.28048706054688,4822200,0.0,0.0
2024-09-12 00:00:00-04:00,249.0837770413773,251.80854886415008,247.28048136953987,251.0456085205078,5219700,0.0,0.0
2024-09-13 00:00:00-04:00,250.22322815576874,254.47386566808734,250.1340574311791,252.234619140625,4998900,0.0,0.0
2024-09-16 00:00:00-04:00,252.23463195116605,255.4448991498943,252.23463195116605,254.55316162109375,5367000,0.0,0.0
2024-09-17 00:00:00-04:00,256.34653776159587,256.9905686990718,252.42285963148268,252.8489227294922,5423400,0.0,0.0
2024-09-18 00:00:00-04:00,254.04970679283613,254.16878774728167,249.04810985307088,250.50689697265625,4436700,0.4,0.0
2024-09-19 00:00:00-04:00,258.7337220820819,267.4865347282224,256.0840499858392,263.96356201171875,11022800,0.0,0.0
2024-09-20 00:00:00-04:00,263.98346579910145,268.26062850476694,259.32919320169236,264.7674255371094,11463200,0.0,0.0
2024-09-23 00:00:00-04:00,265.2139922078009,266.01781891011416,260.24215052046145,262.1971435546875,6034000,0.0,0.0
2024-09-24 00:00:00-04:00,267.7743311435845,270.38429976621893,264.2613218573424,268.37969970703125,7154500,0.0,0.0
2024-09-25 00:00:00-04:00,268.38963850890605,274.93933339419,267.32778283877536,272.00189208984375,7920000,0.0,0.0
2024-09-26 00:00:00-04:00,274.0263560606948,276.5172437497849,270.6323974154602,273.6591796875,5253400,0.0,0.0
2024-09-27 00:00:00-04:00,274.1553608353051,275.72331049693696,272.964490756409,274.532470703125,5220100,0.0,0.0
2024-09-30 00:00:00-04:00,271.8629480342527,273.63928927077893,267.08959502075254,271.624755859375,5059700,0.0,0.0
2024-10-01 00:00:00-04:00,272.0515345526866,272.6072658834686,267.6354238610257,268.8064270019531,4369900,0.0,0.0
2024-10-02 00:00:00-04:00,271.6347021728905,279.8516208941231,268.78657172784386,277.350830078125,8512300,0.0,0.0
2024-10-03 00:00:00-04:00,276.86451160996955,278.978289101095,275.61413148394377,278.7698974609375,3868400,0.0,0.0
2024-10-04 00:00:00-04:00,281.6974515061887,285.6967787837511,279.3256750193778,285.5578308105469,6129900,0.0,0.0
2024-10-07 00:00:00-04:00,284.3967049920806,285.97461838356645,281.2211020499471,282.40203857421875,4794700,0.0,0.0
2024-10-08 00:00:00-04:00,283.82115131765556,290.40064648926926,281.9356322435412,289.3487243652344,5211200,0.0,0.0
2024-10-09 00:00:00-04:00,288.60440182490277,289.3486879672498,284.8928743345441,285.72650146484375,4851000,0.0,0.0
2024-10-10 00:00:00-04:00,285.72649223105543,288.01889105259465,282.45161513951393,287.9593505859375,3965500,0.0,0.0
2024-10-11 00:00:00-04:00,287.006711065969,288.02886303437316,284.11887660337004,285.9051818847656,3597000,0.0,0.0
2024-10-14 00:00:00-04:00,287.71131515896195,290.22203964305663,286.0540243981558,289.418212890625,3642500,0.0,0.0
2024-10-15 00:00:00-04:00,291.2243150507366,291.3433960049719,285.80591963743404,286.15325927734375,3850800,0.0,0.0
2024-10-16 00:00:00-04:00,285.3593534285688,288.7037052873726,282.06466911224425,288.6441345214844,3497000,0.0,0.0
2024-10-17 00:00:00-04:00,289.73574238619153,291.10523392928116,287.8899270264342,288.8922119140625,2830000,0.0,0.0
2024-10-18 00:00:00-04:00,289.8151450442657,292.46478708553286,287.9395291921711,290.7082824707031,3087900,0.0,0.0
2024-10-21 00:00:00-04:00,286.798299338365,290.68844876555454,285.8456214259229,289.07086181640625,2712600,0.0,0.0
2024-10-22 00:00:00-04:00,287.54258762465736,289.7159058952571,285.45858006975675,286.1333923339844,3100100,0.0,0.0
2024-10-23 00:00:00-04:00,285.53800037324555,286.10363493138357,280.46691408597155,282.26312255859375,3227100,0.0,0.0
2024-10-24 00:00:00-04:00,284.376889969211,286.7089929592307,283.00739841400434,284.57537841796875,3210700,0.0,0.0
2024-10-25 00:00:00-04:00,287.7907052611882,292.13734213798836,286.6296052972822,288.2471923828125,3351200,0.0,0.0
2024-10-28 00:00:00-04:00,291.3632334803498,293.8144171567927,290.2616741951865,291.53192138671875,3867800,0.0,0.0
2024-10-29 00:00:00-04:00,291.76021510250945,298.3099402740727,290.57927847571625,296.61297607421875,4280700,0.0,0.0
2024-10-30 00:00:00-04:00,294.8067851639728,297.25796872769035,294.09226925877755,294.1418762207031,2826500,0.0,0.0
2024-10-31 00:00:00-04:00,290.3708783756658,293.83428066117176,287.3440961561807,289.1502380371094,4301800,0.0,0.0
2024-11-01 00:00:00-04:00,288.01894737042204,294.7274269678682,287.7906886802173,292.4747314453125,3527500,0.0,0.0
2024-11-04 00:00:00-05:00,295.7197875262781,297.8931056841978,290.6884357589127,295.7396545410156,5107900,0.0,0.0
2024-11-05 00:00:00-05:00,295.17399532730803,296.5335533188354,292.49455280431073,295.2236022949219,4456100,0.0,0.0
2024-11-06 00:00:00-05:00,302.6764011014171,306.2092773275318,300.7611117989333,304.5619201660156,5874900,0.0,0.0
2024-11-07 00:00:00-05:00,305.15737326313314,309.81164586676636,303.66880071063,308.4123840332031,5722600,0.0,0.0
2024-11-08 00:00:00-05:00,307.66808135677087,320.3507176166486,307.0825798182067,319.4972839355469,8485000,0.0,0.0
2024-11-11 00:00:00-05:00,322.77212667228025,342.2525830062161,322.77212667228025,339.1265869140625,13954200,0.0,0.0
2024-11-12 00:00:00-05:00,336.7051795352578,346.20224893805914,335.93112305730034,338.5509948730469,7659700,0.0,0.0
2024-11-13 00:00:00-05:00,342.86783938280405,345.53734828300503,336.1891003787379,339.11663818359375,6902900,0.0,0.0
2024-11-14 00:00:00-05:00,339.83118952027087,343.3640659260675,328.29971908825195,329.1233825683594,7630600,0.0,0.0
2024-11-15 00:00:00-05:00,324.4393344156664,327.7439823599531,321.71028480372735,322.7820739746094,7093000,0.0,0.0
2024-11-18 00:00:00-05:00,324.5087647241987,324.5087647241987,317.77048556401724,319.7949523925781,4250400,0.0,0.0
2024-11-19 00:00:00-05:00,316.5697597902427,322.22634754943186,313.5926147138455,320.96600341796875,5469900,0.0,0.0
2024-11-20 00:00:00-05:00,322.8118393667225,324.76683245259846,319.5568287262121,323.2187194824219,3763500,0.0,0.0
2024-11-21 00:00:00-05:00,328.8256500794366,340.3273492193925,326.0966006722791,333.2218933105469,8364200,0.0,0.0
2024-11-22 00:00:00-05:00,336.3677789672962,340.1983576744547,333.22191574976597,339.41436767578125,5649400,0.0,0.0
2024-11-25 00:00:00-05:00,342.37166210881327,345.1999558093376,335.71278985602765,336.5265197753906,7117200,0.0,0.0
2024-11-26 00:00:00-05:00,339.37468145274875,341.1907265140792,336.55632125175697,340.5655212402344,4492800,0.0,0.0
2024-11-27 00:00:00-05:00,333.896692525784,334.80969689005127,326.3744535965018,327.495849609375,7471500,0.0,0.0
2024-11-29 00:00:00-05:00,326.83094070632785,329.4607457943361,324.75686687144275,327.4759826660156,3517600,0.0,0.0
2024-12-02 00:00:00-05:00,329.4707294568515,331.95168374493016,327.59511347822246,328.48828125,6063400,0.0,0.0
2024-12-03 00:00:00-05:00,324.9057627717939,330.2646178988805,321.18433139394403,328.9050598144531,12632400,0.0,0.0
2024-12-04 00:00:00-05:00,364.0154912598132,366.1888093805696,353.93289059767216,365.0674133300781,24733100,0.0,0.0
2024-12-05 00:00:00-05:00,358.03145703192314,362.66589274772684,353.95278291257443,358.62689208984375,10942100,0.0,0.0
2024-12-06 00:00:00-05:00,362.20938384365564,364.35293193123545,358.3391013043111,359.23223876953125,5738900,0.0,0.0
2024-12-09 00:00:00-05:00,358.94443187729155,358.94443187729155,348.1175451365924,348.8916015625,6475000,0.0,0.0
2024-12-10 00:00:00-05:00,348.67332218786936,352.7817667463889,344.78317253332085,346.16259765625,6033000,0.0,0.0
2024-12-11 00:00:00-05:00,350.7969821614354,357.45588488364274,349.1992622308716,352.1466369628906,7546600,0.0,0.0
2024-12-12 00:00:00-05:00,352.2954532533317,357.25736104563214,350.2313129371707,355.3023681640625,5422000,0.0,0.0
2024-12-13 00:00:00-05:00,361.2269291293821,362.02082235409387,349.81453988490983,351.6107482910156,5538000,0.0,0.0
2024-12-16 00:00:00-05:00,348.1076405272929,355.34211137177573,347.8893153487804,354.5085144042969,5482300,0.0,0.0
2024-12-17 00:00:00-05:00,354.1810197777556,354.50852269572664,346.45035791812523,348.29620361328125,6911000,0.0,0.0
2024-12-18 00:00:00-05:00,352.20069983284696,352.468937687748,333.06561120593415,335.042724609375,8400000,0.4,0.0
2024-12-19 00:00:00-05:00,339.483747674258,341.3018649629688,333.2543954576421,334.0492248535156,7423400,0.0,0.0
2024-12-20 00:00:00-05:00,330.5818401167717,344.20293894703144,328.99224196546874,341.42108154296875,14932300,0.0,0.0
2024-12-23 00:00:00-05:00,340.03018628182775,341.6198148382353,334.49630570317106,340.67596435546875,5330300,0.0,0.0
2024-12-24 00:00:00-05:00,340.775296683177,342.7126610808064,338.61935799617214,342.1960144042969,1811000,0.0,0.0
2024-12-26 00:00:00-05:00,342.64310891356513,342.64310891356513,338.81807399716564,339.50360107421875,3483300,0.0,0.0
2024-12-27 00:00:00-05:00,338.14252298182026,340.0500530352346,333.09545447955594,336.2548522949219,3220400,0.0,0.0
2024-12-30 00:00:00-05:00,331.3071120832029,335.91700123928774,329.4591602921029,333.5623779296875,3411100,0.0,0.0
2024-12-31 00:00:00-05:00,334.08891847406267,334.9632155839923,330.2539692559901,332.1614990234375,3026000,0.0,0.0
2025-01-02 00:00:00-05:00,334.12866746636405,336.721754590603,325.68379905899747,328.51531982421875,4807100,0.0,0.0
2025-01-03 00:00:00-05:00,329.94598466935423,331.2772897070929,327.13432324755786,330.74078369140625,4101200,0.0,0.0
2025-01-06 00:00:00-05:00,331.85352346699364,334.41680647409135,325.1572490493602,328.38616943359375,5785300,0.0,0.0
2025-01-07 00:00:00-05:00,328.3563902455701,329.3499042856474,320.81562231973993,322.822509765625,4643100,0.0,0.0
2025-01-08 00:00:00-05:00,325.6142722519488,326.6673946780022,321.01429753003026,324.77972412109375,3788200,0.0,0.0
2025-01-10 00:00:00-05:00,320.6764933873943,320.6764933873943,313.9702740855954,315.7884216308594,6540000,0.0,0.0
2025-01-13 00:00:00-05:00,312.5595100124572,318.4709001121339,311.7646806218206,317.0005187988281,4583000,0.0,0.0
2025-01-14 00:00:00-05:00,322.892050272035,327.80001186174127,319.4147512691054,321.4415283203125,5935200,0.0,0.0
2025-01-15 00:00:00-05:00,327.7403774267142,329.3796693340175,318.6993946729668,319.0769348144531,6042700,0.0,0.0
2025-01-16 00:00:00-05:00,320.84540247859553,325.59439802140986,317.4773755817616,317.9244689941406,5047700,0.0,0.0
2025-01-17 00:00:00-05:00,326.58794772465546,327.43244075175977,320.9745992686521,322.4549255371094,6303600,0.0,0.0
2025-01-21 00:00:00-05:00,327.26348603632,327.38270285807397,320.35858233952825,324.7200927734375,6397200,0.0,0.0
2025-01-22 00:00:00-05:00,329.1014762702018,333.0556724699669,325.157224911627,330.46258544921875,7259300,0.0,0.0
2025-01-23 00:00:00-05:00,330.1744754160669,333.2841789095482,327.4622017555929,332.4893798828125,4355900,0.0,0.0
2025-01-24 00:00:00-05:00,334.11873383442384,336.453497712837,329.63800647589477,331.7144470214844,3299100,0.0,0.0
2025-01-27 00:00:00-05:00,330.2042777882614,350.85944104302604,328.356356417523,344.84869384765625,15661100,0.0,0.0
2025-01-28 00:00:00-05:00,352.46893116995307,364.7090302427245,348.1868884947929,357.6153564453125,12099300,0.0,0.0
2025-01-29 00:00:00-05:00,356.43308522242864,357.843858095249,349.2201640242237,351.7039489746094,6266700,0.0,0.0
2025-01-30 00:00:00-05:00,338.6889180371325,345.74287353232364,337.79476149709785,341.34161376953125,7591100,0.0,0.0
2025-01-31 00:00:00-05:00,345.7428599854995,347.2331309337128,337.8941057221704,339.4837341308594,5778000,0.0,0.0
2025-02-03 00:00:00-05:00,333.7908930522389,339.2452750998084,329.11145069623467,337.0396728515625,4549400,0.0,0.0
2025-02-04 00:00:00-05:00,343.3782791590096,344.6797799799326,336.47337554687374,341.90789794921875,4965600,0.0,0.0
2025-02-05 00:00:00-05:00,343.4776519354873,345.7826116294076,336.67207515696214,345.6733093261719,4521000,0.0,0.0
2025-02-06 00:00:00-05:00,335.29108833936823,335.29108833936823,326.96543684600834,328.6643371582031,13240600,0.0,0.0
2025-02-07 00:00:00-05:00,329.8466388374716,331.65484154395693,321.6203443587684,323.7166442871094,7626100,0.0,0.0
2025-02-10 00:00:00-05:00,325.7931205914578,329.59826582842817,324.5313384209432,325.0777893066406,5981900,0.0,0.0
2025-02-11 00:00:00-05:00,321.9183887916446,324.3227059631927,319.17631082499133,322.2959289550781,5455900,0.0,0.0
2025-02-12 00:00:00-05:00,317.4773668901393,324.87905785912807,314.91411426969023,324.0047607421875,5643400,0.0,0.0
2025-02-13 00:00:00-05:00,324.08428173911244,328.2073588109497,321.12359907835935,327.7106018066406,4312100,0.0,0.0
2025-02-14 00:00:00-05:00,325.90238420868343,326.36933698427754,320.5274700282111,324.42205810546875,5879700,0.0,0.0
2025-02-18 00:00:00-05:00,326.4587596538271,327.0250699071274,320.90502006566066,326.82635498046875,5262100,0.0,0.0
2025-02-19 00:00:00-05:00,327.60124750194956,327.60124750194956,320.77581219723197,322.425048828125,5012000,0.0,0.0
2025-02-20 00:00:00-05:00,320.14994044105924,322.34562820285663,316.1460802490606,316.3646545410156,6393100,0.0,0.0
2025-02-21 00:00:00-05:00,316.90112401343634,316.90112401343634,304.86965514155384,307.79058837890625,7353200,0.0,0.0
2025-02-24 00:00:00-05:00,309.4895327968412,310.7016209993714,301.5513359105853,306.3202209472656,6652900,0.0,0.0
2025-02-25 00:00:00-05:00,304.2636524456165,306.4195910950157,298.67016395931057,303.89605712890625,7360100,0.0,0.0
2025-02-26 00:00:00-05:00,310.6320859187478,311.66534895175005,304.4623725667541,305.3366394042969,12638500,0.0,0.0
2025-02-27 00:00:00-05:00,294.41790609687524,302.9422723555118,290.7717270553276,292.98724365234375,16691400,0.0,0.0
2025-02-28 00:00:00-05:00,294.0403958363837,300.0213695389735,290.25510991055074,295.91815185546875,10863100,0.0,0.0
2025-03-03 00:00:00-05:00,299.0477137849774,301.10429504021255,289.1721822065069,291.1592102050781,6298200,0.0,0.0
2025-03-04 00:00:00-05:00,288.11906932324877,289.7583614123664,280.409390731486,285.476318359375,9096300,0.0,0.0
2025-03-05 00:00:00-05:00,285.3570722590492,290.7816498287126,283.7674439067222,290.0762634277344,6612600,0.0,0.0
2025-03-06 00:00:00-05:00,286.36052447456217,296.14661220775275,282.98255293334245,284.19464111328125,10396800,0.0,0.0
2025-03-07 00:00:00-05:00,281.3432729965196,286.440004409572,273.3852468768571,281.05517578125,8248100,0.0,0.0
2025-03-10 00:00:00-04:00,275.17355279582483,276.5446068623499,268.9640907696343,271.12994384765625,10040200,0.0,0.0
2025-03-11 00:00:00-04:00,271.9446332052547,278.6309928464292,270.23578803869503,275.2530212402344,8313400,0.0,0.0
2025-03-12 00:00:00-04:00,280.02191816433384,284.0754418163111,277.2798099082185,282.73419189453125,7463900,0.0,0.0
2025-03-13 00:00:00-04:00,280.22060469021176,280.7273065200528,268.00039491818404,269.97747802734375,9494500,0.0,0.0
2025-03-14 00:00:00-04:00,273.216343637986,278.07464153828516,270.9113839349445,277.5877990722656,6976900,0.0,0.0
2025-03-17 00:00:00-04:00,275.5709645664941,280.8962152033799,274.28932305774714,278.9290466308594,4484300,0.0,0.0
2025-03-18 00:00:00-04:00,278.20379146136474,278.68068911717126,274.15026750575765,276.92218017578125,5881700,0.0,0.0
2025-03-19 00:00:00-04:00,275.7001249146373,280.38951203588084,275.49149547176864,277.577880859375,5245400,0.0,0.0
2025-03-20 00:00:00-04:00,275.26296071611097,281.0452189329981,275.26296071611097,277.2201843261719,5504700,0.0,0.0
2025-03-21 00:00:00-04:00,274.41849582398214,280.0219293858747,272.27250192706424,278.7998962402344,9804100,0.0,0.0
2025-03-24 00:00:00-04:00,281.8996528327976,284.9000845192314,281.3830364675475,284.1052551269531,6763800,0.0,0.0
2025-03-25 00:00:00-04:00,283.75752555792866,288.5661601105729,283.75752555792866,286.7380676269531,4301700,0.0,0.0
2025-03-26 00:00:00-04:00,286.4698142053963,287.16528611160646,277.76662213399413,279.16748046875,5070300,0.0,0.0
2025-03-27 00:00:00-04:00,278.7204217691993,279.07807225027915,274.21980463110077,276.00811767578125,3757200,0.0,0.0
2025-03-28 00:00:00-04:00,274.91523797693566,275.4119949543966,267.4440239509934,268.2189636230469,4973400,0.0,0.0
2025-03-31 00:00:00-04:00,262.8341291870963,266.7088582287802,257.50890844493546,266.6194152832031,7585800,0.0,0.0
2025-04-01 00:00:00-04:00,267.11614388452494,269.06345304092576,264.09588333107763,268.4474792480469,4598200,0.0,0.0
2025-04-02 00:00:00-04:00,264.2349534287142,271.85521852869005,264.02632399520644,269.7787780761719,5396900,0.0,0.0
2025-04-03 00:00:00-04:00,258.4527266057897,260.8669581631167,252.7996147958357,253.57455444335938,8872600,0.0,0.0
2025-04-04 00:00:00-04:00,246.09341488172535,248.66661250455718,237.97640731715396,239.19842529296875,9705000,0.0,0.0
2025-04-07 00:00:00-04:00,228.5082126973041,251.309355236658,228.5082126973041,242.6260528564453,11965200,0.0,0.0
2025-04-08 00:00:00-04:00,252.30287689789762,255.72058263827554,238.71161267455042,242.40748596191406,9340300,0.0,0.0
2025-04-09 00:00:00-04:00,239.33752885197924,266.4306764307174,239.33752885197924,263.45013427734375,12491100,0.0,0.0
2025-04-10 00:00:00-04:00,258.71949617764693,259.9533794418881,246.90796096091665,253.863525390625,9692300,0.416,0.0
2025-04-11 00:00:00-04:00,253.01774008168894,255.14720010547077,246.46018388832317,253.744140625,6089000,0.0,0.0
2025-04-14 00:00:00-04:00,258.7194965840514,258.7194965840514,251.89328156683433,253.2963409423828,6038100,0.0,0.0
2025-04-15 00:00:00-04:00,253.11722940917366,255.45566179284566,252.55004454006084,253.67446899414062,5227700,0.0,0.0
2025-04-16 00:00:00-04:00,250.68924602363424,255.3461898945357,245.47506256308372,248.6095428466797,7190900,0.0,0.0
2025-04-17 00:00:00-04:00,248.53989968187287,250.32107734194676,245.58452556639912,246.04225158691406,5566900,0.0,0.0
2025-04-21 00:00:00-04:00,239.24589685454328,241.2858038279371,231.62363319661833,235.096435546875,9240000,0.0,0.0
2025-04-22 00:00:00-04:00,237.05672381882823,243.01722880700052,234.43968677425073,242.19131469726562,7145300,0.0,0.0
2025-04-23 00:00:00-04:00,251.36591368061553,256.5204104313382,248.27122960999503,249.24639892578125,5818900,0.0,0.0
2025-04-24 00:00:00-04:00,256.9283748622034,263.67498208751874,255.7342727259102,263.3963623046875,7857600,0.0,0.0
2025-04-25 00:00:00-04:00,263.4162635639989,267.70503452055453,262.89883547981884,266.5308532714844,5651700,0.0,0.0
2025-04-28 00:00:00-04:00,266.8293743717208,268.17273179181507,262.03310523853975,264.3317565917969,4977700,0.0,0.0
2025-04-29 00:00:00-04:00,264.0928914551403,267.25722257747185,263.8640436466732,266.4412841796875,3139800,0.0,0.0
2025-04-30 00:00:00-04:00,263.4958497574938,267.5458123249117,261.70472689146015,267.3865966796875,4624100,0.0,0.0
2025-05-01 00:00:00-04:00,272.05353361112446,273.24763591027425,267.67520912638,268.0035705566406,5208900,0.0,0.0
2025-05-02 00:00:00-04:00,273.10827808062066,274.9591333857254,270.9091708166825,273.7252197265625,4323400,0.0,0.0
2025-05-05 00:00:00-04:00,272.02366883721663,274.8098972721253,270.9688916853805,271.2873229980469,4219600,0.0,0.0
2025-05-06 00:00:00-04:00,268.491158563174,273.4466129008133,267.21746370777396,272.0137023925781,4681600,0.0,0.0
2025-05-07 00:00:00-04:00,272.36198256421926,277.41698080777826,272.36198256421926,276.8597412109375,4267600,0.0,0.0
2025-05-08 00:00:00-04:00,277.8349160879543,281.6560009092958,277.00901709896107,278.3623046875,4789900,0.0,0.0
2025-05-09 00:00:00-04:00,280.2330148555544,281.0887951410864,272.53114412216104,274.0635681152344,4324200,0.0,0.0
2025-05-12 00:00:00-04:00,283.5963890315926,287.5468381917414,281.83511712667,287.3975830078125,5937400,0.0,0.0
2025-05-13 00:00:00-04:00,289.5668541989714,291.2982751560329,287.50704145311965,287.7458801269531,6711600,0.0,0.0
2025-05-14 00:00:00-04:00,292.0545222782317,294.5919514662753,287.83541385450167,289.30810546875,7926200,0.0,0.0
2025-05-15 00:00:00-04:00,288.143891699413,290.5320657640479,286.53187496496645,289.3280334472656,4635600,0.0,0.0
2025-05-16 00:00:00-04:00,289.65639289703677,290.7310909575918,288.29314493618807,289.7160949707031,3846000,0.0,0.0
2025-05-19 00:00:00-04:00,286.68112642706654,288.47224936046155,285.49698469459213,286.21343994140625,5781200,0.0,0.0
2025-05-20 00:00:00-04:00,286.67117794219195,287.0194602958218,283.80535683514177,286.6413269042969,4032300,0.0,0.0
2025-05-21 00:00:00-04:00,283.009285122029,286.2134278449618,279.72551939321505,280.8897705078125,5689800,0.0,0.0
2025-05-22 00:00:00-04:00,281.10868756007653,284.9397323843511,279.6459260950728,282.024169921875,6642700,0.0,0.0
2025-05-23 00:00:00-04:00,277.6259367118648,279.3573575673769,270.3121290798704,271.78485107421875,8887800,0.0,0.0
2025-05-27 00:00:00-04:00,271.8246687911871,277.2079981681154,268.9588477460283,275.8248596191406,10958000,0.0,0.0
2025-05-28 00:00:00-04:00,276.3422815272568,277.4368701473734,272.2326167433027,274.6705627441406,12758600,0.0,0.0
2025-05-29 00:00:00-04:00,262.2918515403526,266.4711792598392,253.2466221952144,265.60546875,28053100,0.0,0.0
2025-05-30 00:00:00-04:00,266.75969407812215,268.41152223111067,259.41606604700235,264.06304931640625,12388500,0.0,0.0
2025-06-02 00:00:00-04:00,261.8141951511624,262.49086929872703,257.8637761542416,260.33154296875,9213500,0.0,0.0
2025-06-03 00:00:00-04:00,260.7096742926187,263.4461307975984,260.0728116569826,263.1675109863281,7838500,0.0,0.0
2025-06-04 00:00:00-04:00,262.88889757181516,264.1924435456143,260.3315472331505,261.8739318847656,7372500,0.0,0.0
2025-06-05 00:00:00-04:00,262.41121061002536,267.4263969382351,262.341578441582,265.8243408203125,8642900,0.0,0.0
2025-06-06 00:00:00-04:00,268.640401491774,273.5461139997748,266.8890597577699,273.1580505371094,7507000,0.0,0.0
2025-06-09 00:00:00-04:00,271.5062307850607,272.84958816275235,268.33193897752176,270.9091796875,5728300,0.0,0.0
2025-06-10 00:00:00-04:00,270.7300621519756,272.401780861444,265.5258089771785,266.8990173339844,6309700,0.0,0.0
2025-06-11 00:00:00-04:00,267.1776743106173,268.1827099166162,264.10289578106074,264.6004333496094,6568100,0.0,0.0
2025-06-12 00:00:00-04:00,263.39638210899955,267.69508331485355,262.10276630287075,265.5954895019531,8054000,0.0,0.0
2025-06-13 00:00:00-04:00,262.1823785034667,264.39144627352516,256.7293564345736,257.12738037109375,7659300,0.0,0.0
2025-06-16 00:00:00-04:00,259.107611548361,262.6799273986216,258.6797061899617,262.5804138183594,7177000,0.0,0.0
2025-06-17 00:00:00-04:00,262.5505705952052,269.16781392129263,260.80918917427266,261.4659423828125,9110100,0.0,0.0
2025-06-18 00:00:00-04:00,263.91368765093256,264.1927492588952,256.60823494739657,258.6314392089844,7628000,0.416,0.0
2025-06-20 00:00:00-04:00,259.817456655112,261.99015275869795,258.3922502544928,259.7576599121094,12859200,0.0,0.0
2025-06-23 00:00:00-04:00,259.7676331752182,263.85388583857736,257.88394454608215,262.5283508300781,9283800,0.0,0.0
2025-06-24 00:00:00-04:00,264.82064320505685,272.46498460976255,264.55155786179466,270.26239013671875,9713900,0.0,0.0
2025-06-25 00:00:00-04:00,271.0895987672613,273.08290464055,266.0864119748629,266.8638000488281,6074300,0.0,0.0
2025-06-26 00:00:00-04:00,267.8803700666945,270.10291702325173,264.27249137022915,269.83380126953125,6708000,0.0,0.0
2025-06-27 00:00:00-04:00,270.9500761150971,273.2523725794237,268.52821656996906,272.5048828125,21741400,0.0,0.0
2025-06-30 00:00:00-04:00,273.541347404653,275.45493436234784,269.4949390492876,271.77728271484375,8541900,0.0,0.0
2025-07-01 00:00:00-04:00,271.1693224168494,273.0829094718521,269.7341701448904,270.9999084472656,6256800,0.0,0.0
2025-07-02 00:00:00-04:00,270.6112260808115,270.8005925941724,264.7608775244461,268.3089599609375,6115200,0.0,0.0
2025-07-03 00:00:00-04:00,268.7973236476577,273.81048697220405,268.41859064487744,271.2391052246094,5031800,0.0,0.0
2025-07-07 00:00:00-04:00,270.6012712197317,273.0829275068359,267.31229800414667,268.89697265625,6283500,0.0,0.0
2025-07-08 00:00:00-04:00,269.8836872256023,275.87355135806405,268.8272374285782,272.7341003417969,6661200,0.0,0.0
2025-07-09 00:00:00-04:00,273.44167206780656,274.63766770095964,268.4683838838861,270.0132141113281,6373600,0.0,0.0
2025-07-10 00:00:00-04:00,269.9932846279135,270.5813062328398,262.3290208230744,263.08648681640625,7244600,0.0,0.0
2025-07-11 00:00:00-04:00,261.7011219794026,262.0699091251535,256.3989513251319,257.20623779296875,7011200,0.0,0.0
2025-07-14 00:00:00-04:00,257.73444976835225,261.35230471439434,256.63812547933446,258.8108215332031,6533900,0.0,0.0
2025-07-15 00:00:00-04:00,260.12643161487614,260.93371810734266,256.3690607744403,256.7178649902344,5201500,0.0,0.0
2025-07-16 00:00:00-04:00,258.0633398248054,258.1131907213305,253.66811189393175,257.0866394042969,5649500,0.0,0.0
2025-07-17 00:00:00-04:00,257.12647375976223,259.3290985834791,255.7909625141523,259.0101623535156,5837400,0.0,0.0
2025-07-18 00:00:00-04:00,259.4287756865312,262.0998289653263,258.25273239205177,261.5018310546875,6381200,0.0,0.0
2025-07-21 00:00:00-04:00,262.73764140771107,263.4253343649166,260.7642880656724,261.4021301269531,6714700,0.0,0.0
2025-07-22 00:00:00-04:00,262.1197420448966,265.0000838477651,261.12308903331905,262.707763671875,5001400,0.0,0.0
2025-07-23 00:00:00-04:00,263.03667974225016,267.5814151030404,261.6214190639502,266.32562255859375,5620700,0.0,0.0
2025-07-24 00:00:00-04:00,267.08307773232013,268.39863655611185,264.75091339847336,266.80401611328125,5877100,0.0,0.0
2025-07-25 00:00:00-04:00,267.11296512767046,270.1926190733175,266.1163121841432,268.2092590332031,4015400,0.0,0.0
2025-07-28 00:00:00-04:00,268.5979692739651,269.4351540997721,265.6977055477225,269.345458984375,4533700,0.0,0.0
2025-07-29 00:00:00-04:00,270.6909567011995,273.0829177811591,266.4153068809318,266.49505615234375,5137100,0.0,0.0
2025-07-30 00:00:00-04:00,265.9767782608509,266.8737598677049,262.4486181640939,263.9236755371094,3928200,0.0,0.0
2025-07-31 00:00:00-04:00,264.1130203024067,264.152894935,256.99690394843594,257.46533203125,7340300,0.0,0.0
2025-08-01 00:00:00-04:00,254.1365472328568,255.13320020653453,249.29281317247444,249.90077209472656,7646900,0.0,0.0
2025-08-04 00:00:00-04:00,250.1598899349808,252.65152230485114,249.8010942654108,251.47547912597656,4403500,0.0,0.0
2025-08-05 00:00:00-04:00,252.16314951484713,252.44221111549828,246.1832320019514,246.66163635253906,6761000,0.0,0.0
2025-08-06 00:00:00-04:00,248.53534134245595,249.42236185988793,246.19321603395085,248.3360137939453,5834700,0.0,0.0
2025-08-07 00:00:00-04:00,249.85092372884824,252.16315060246154,236.1768444070978,240.07376098632812,10010200,0.0,0.0
2025-08-08 00:00:00-04:00,240.48238993587321,242.13683752621722,237.03397915454343,239.7050018310547,8812000,0.0,0.0
2025-08-11 00:00:00-04:00,238.12033484425083,241.0604581762803,230.7949443601488,231.90121459960938,10740100,0.0,0.0
2025-08-12 00:00:00-04:00,232.22013961205553,232.8878952701341,225.72195805659598,230.88462829589844,13178000,0.0,0.0
2025-08-13 00:00:00-04:00,232.23009942481045,236.5555848046755,228.84148546301256,236.2366485595703,10209200,0.0,0.0
2025-08-14 00:00:00-04:00,236.20675283651198,236.20675283651198,232.09057122230067,232.58889770507812,7544800,0.0,0.0
2025-08-15 00:00:00-04:00,235.35959942334426,243.68165804074732,233.8446978157562,241.62855529785156,12942800,0.0,0.0
2025-08-18 00:00:00-04:00,238.9674726814049,243.70157400771933,238.6884110829974,243.15341186523438,8809200,0.0,0.0
2025-08-19 00:00:00-04:00,244.17996755460413,247.66825280538418,242.6351524734296,245.17662048339844,8642200,0.0,0.0
2025-08-20 00:00:00-04:00,244.8776323408181,246.74138374093866,243.63181612499412,245.6251220703125,8195100,0.0,0.0
2025-08-21 00:00:00-04:00,244.21983778353916,245.46565399964132,239.21665080922955,245.0072021484375,5646800,0.0,0.0
2025-08-22 00:00:00-04:00,244.95736043181125,248.694808988169,243.29295183297268,247.45895385742188,6694300,0.0,0.0
2025-08-25 00:00:00-04:00,248.53533890783123,248.53533890783123,245.96397249639642,247.0403594970703,4957700,0.0,0.0
2025-08-26 00:00:00-04:00,245.87429398147762,247.99716975455067,242.03718902609776,242.92420959472656,8862300,0.0,0.0
2025-08-27 00:00:00-04:00,244.9274649263173,249.53199673516653,244.78793412022242,249.3227081298828,6506900,0.0,0.0
2025-08-28 00:00:00-04:00,251.63492851216466,254.79431648794338,249.45225615352194,253.67807006835938,8461200,0.0,0.0
2025-08-29 00:00:00-04:00,254.54517284221765,256.77769626861664,252.02364194183815,255.392333984375,7363200,0.0,0.0
2025-09-02 00:00:00-04:00,253.9671183974592,254.1365475782886,247.91742753930816,252.013671875,9312500,0.0,0.0
2025-09-03 00:00:00-04:00,254.2062973549213,257.13645944226556,249.71139805417766,255.59165954589844,17417900,0.0,0.0
2025-09-04 00:00:00-04:00,239.25650693405856,244.39923985299026,233.83471240318957,243.1932830810547,30967500,0.0,0.0
2025-09-05 00:00:00-04:00,244.0105402023087,250.28945674210604,243.54211210566288,249.92068481445312,13029400,0.0,0.0
2025-09-08 00:00:00-04:00,249.9605628679778,252.09339957238274,246.47227754344624,251.42564392089844,12602200,0.0,0.0
2025-09-09 00:00:00-04:00,250.47882566429809,254.4853595572759,250.36919323193996,251.21633911132812,10901900,0.0,0.0
2025-09-10 00:00:00-04:00,251.90403758730855,253.1398927420404,240.92091762504424,241.75811767578125,11363600,0.0,0.0
2025-09-11 00:00:00-04:00,242.8843220284092,246.34270899797176,242.6849944790048,245.4556884765625,6944900,0.0,0.0
2025-09-12 00:00:00-04:00,245.27629639079507,246.76129954919494,240.44252351375297,241.9474639892578,8386400,0.0,0.0
2025-09-15 00:00:00-04:00,242.43583488042594,243.89095490758902,240.03389757358784,241.70828247070312,7244600,0.0,0.0
2025-09-16 00:00:00-04:00,241.70828064430623,241.8677335603887,236.44595422065126,238.50901794433594,8779800,0.0,0.0
2025-09-17 00:00:00-04:00,239.5832760328519,242.60839179826723,238.99423050732716,241.81967163085938,10124000,0.416,0.0
2025-09-18 00:00:00-04:00,243.7665355373202,246.89148112821167,242.5584787704777,243.88633728027344,9344400,0.0,0.0
2025-09-19 00:00:00-04:00,245.6235352392074,246.80162631939768,242.95783985692353,246.69180297851562,11813900,0.0,0.0
2025-09-22 00:00:00-04:00,244.88471622264223,250.0763330824201,242.76813759719553,249.28761291503906,7523800,0.0,0.0
2025-09-23 00:00:00-04:00,249.33753841836412,250.95492284170336,243.7365785723499,244.16587829589844,7669800,0.0,0.0
2025-09-24 00:00:00-04:00,245.27409721111175,248.43898687954513,242.6183801855698,245.49374389648438,6707100,0.0,0.0
2025-09-25 00:00:00-04:00,244.1059732887912,244.2657190952083,239.1040526946698,240.5616912841797,8145500,0.0,0.0
2025-09-26 00:00:00-04:00,240.30212973638223,244.13593790795204,239.96268130367227,243.03770446777344,4974600,0.0,0.0
2025-09-29 00:00:00-04:00,244.32562460095255,245.42385799816446,242.47859986042315,244.70501708984375,6373500,0.0,0.0
2025-09-30 00:00:00-04:00,244.65510291400471,244.81484872886895,235.4299877672869,236.61807250976562,10801100,0.0,0.0
2025-10-01 00:00:00-04:00,236.10889448599363,242.07925326422549,233.13368588015516,235.3101806640625,10016600,0.0,0.0
2025-10-02 00:00:00-04:00,235.05058850917524,239.01419192564174,233.22355102815519,238.4950408935547,7679200,0.0,0.0
2025-10-03 00:00:00-04:00,238.36525018389457,242.41870498515195,238.11565306328316,239.97265625,8849800,0.0,0.0
2025-10-06 00:00:00-04:00,238.9443087004941,250.0663553838117,235.030627818784,245.3839111328125,13922600,0.0,0.0
2025-10-07 00:00:00-04:00,246.08278137033756,246.9613680829946,237.16717980686568,239.35365295410156,8387400,0.0,0.0
2025-10-08 00:00:00-04:00,239.35365101557989,240.93110658498432,235.27023070219687,240.0425262451172,7120200,0.0,0.0
2025-10-09 00:00:00-04:00,238.88441488031407,245.56363622116956,236.7678209522734,244.9346466064453,7929100,0.0,0.0
2025-10-10 00:00:00-04:00,246.1227237369477,248.64864528416416,240.33206770887335,241.29051208496094,7988300,0.0,0.0
2025-10-13 00:00:00-04:00,242.49857920437358,248.94817553892844,241.9794129251161,248.34913635253906,8276500,0.0,0.0
2025-10-14 00:00:00-04:00,247.71016207938936,247.87988628993733,239.16395927651064,239.38360595703125,9123900,0.0,0.0
2025-10-15 00:00:00-04:00,240.48182555475006,240.93111255297558,235.51983364711316,236.19874572753906,8389200,0.0,0.0
2025-10-16 00:00:00-04:00,252.78197687329362,256.3262437224176,242.27892599819603,245.6035614013672,24869700,0.0,0.0
2025-10-17 00:00:00-04:00,246.17265954454095,250.37586659475454,241.7697626071404,242.6882781982422,10851200,0.0,0.0
2025-10-20 00:00:00-04:00,244.60518003126887,254.988414232794,243.90631113516227,253.87022399902344,9963900,0.0,0.0
2025-10-21 00:00:00-04:00,254.08985944257833,266.6995103873049,253.5906652197049,262.9855041503906,13354700,0.0,0.0
2025-10-22 00:00:00-04:00,261.7774780774517,261.97713749732,256.0966450491536,256.2264404296875,9370000,0.0,0.0
2025-10-23 00:00:00-04:00,257.1848706434358,258.14331502365,253.7104678711125,254.63897705078125,6110100,0.0,0.0
2025-10-24 00:00:00-04:00,257.0051798213831,258.08342599002344,253.59067776195727,254.41934204101562,5490800,0.0,0.0
2025-10-27 00:00:00-04:00,256.6656946460323,257.68407038593926,254.5091871272732,255.0583038330078,4942400,0.0,0.0
2025-10-28 00:00:00-04:00,255.05830701181281,258.42287132512075,253.7304485011051,253.85025024414062,6435600,0.0,0.0
2025-10-29 00:00:00-04:00,251.5938868484303,253.16136401144894,248.63865036335372,251.0547637939453,7904200,0.0,0.0
2025-10-30 00:00:00-04:00,250.09630629684727,258.8621556541047,249.5971120727019,256.23638916015625,7767800,0.0,0.0
2025-10-31 00:00:00-04:00,254.38939627545577,261.3980879054935,252.22289502936,259.9903564453125,6878300,0.0,0.0
2025-11-03 00:00:00-05:00,259.581016790974,261.13850045424783,254.6889191066702,260.9188537597656,7054300,0.0,0.0
2025-11-04 00:00:00-05:00,257.7339810055552,258.84220806616736,253.05155181314677,254.02996826171875,6792200,0.0,0.0
2025-11-05 00:00:00-05:00,254.28954564855417,256.4161027754438,251.60387816989416,252.27279663085938,5241200,0.0,0.0
2025-11-06 00:00:00-05:00,250.13624181719678,250.13624181719678,234.10212534656964,238.88441467285156,11041800,0.0,0.0
2025-11-07 00:00:00-05:00,235.76942361831442,240.58166320348778,235.4100031711471,239.49342346191406,5741500,0.0,0.0
2025-11-10 00:00:00-05:00,239.6132293842693,241.5201549909935,234.70116000999562,241.3204803466797,6486600,0.0,0.0
2025-11-11 00:00:00-05:00,241.51017136260455,245.3040506985469,240.77137362461437,244.10598754882812,5762800,0.0,0.0
2025-11-12 00:00:00-05:00,245.34398760395354,248.02963978607323,243.28729456320232,245.62353515625,4278200,0.0,0.0
2025-11-13 00:00:00-05:00,244.85476585694323,245.5037122517735,239.52337522293246,240.0425262451172,5542100,0.0,0.0
2025-11-14 00:00:00-05:00,237.92594966999576,244.78487346350207,237.03738455666786,243.267333984375,5512900,0.0,0.0
2025-11-17 00:00:00-05:00,241.67989651286456,242.43866624147637,235.21032846563247,236.64801025390625,5280900,0.0,0.0
2025-11-18 00:00:00-05:00,235.85929283939552,237.4067827490581,229.8989125760023,233.1237030029297,8045100,0.0,0.0
2025-11-19 00:00:00-05:00,231.62612726745814,231.90567482301051,224.69730878155454,227.5127716064453,9710700,0.0,0.0
2025-11-20 00:00:00-05:00,228.8805575724273,230.6976319067919,222.9401492013568,225.00680541992188,7521100,0.0,0.0
2025-11-21 00:00:00-05:00,224.49762926549602,228.31146525310695,221.60230883110134,226.74400329589844,7479300,0.0,0.0
2025-11-24 00:00:00-05:00,226.97363407477627,228.4712167993143,224.6773375169781,226.45448303222656,8563300,0.0,0.0
2025-11-25 00:00:00-05:00,226.43451053962758,234.2518941740301,226.15496298368106,233.74270629882812,10233000,0.0,0.0
2025-11-26 00:00:00-05:00,230.13851545978986,232.44480556934866,225.63578904762014,227.78231811523438,8506600,0.0,0.0
2025-11-28 00:00:00-05:00,228.63096074180987,232.18522127482206,228.26156188105725,230.16847229003906,3691500,0.0,0.0
2025-12-01 00:00:00-05:00,228.30148853607872,233.87249800065496,228.23160926528996,232.4547882080078,5634700,0.0,0.0
2025-12-02 00:00:00-05:00,232.64449284586362,236.2686327464416,231.24673980347964,234.33177185058594,7626200,0.0,0.0
2025-12-03 00:00:00-05:00,234.98071076435025,238.8744197012809,232.78425917853812,238.33529663085938,13782000,0.0,0.0
2025-12-04 00:00:00-05:00,243.2972894524746,248.5687793718207,237.21710730737183,247.06121826171875,20912100,0.0,0.0
2025-12-05 00:00:00-05:00,250.42577647236214,261.4579718798408,249.0979180071859,260.15008544921875,15852400,0.0,0.0
2025-12-08 00:00:00-05:00,261.4579743418438,263.8541005481511,255.92689375155607,259.11175537109375,10805400,0.0,0.0
2025-12-09 00:00:00-05:00,259.580989495859,261.8273634434193,258.5826010747211,260.5993347167969,8045900,0.0,0.0
2025-12-10 00:00:00-05:00,260.3297787441035,265.5014234121082,258.73235118929074,263.77423095703125,8894700,0.0,0.0
2025-12-11 00:00:00-05:00,263.0753561983486,267.4682592783796,260.34974476512775,261.9272155761719,7783800,0.0,0.0
2025-12-12 00:00:00-05:00,263.0953333430303,264.06377143176593,260.4895539155952,261.80743408203125,6006600,0.0,0.0
2025-12-15 00:00:00-05:00,260.78904397285606,261.85732694921745,252.68213446346326,254.16973876953125,10271800,0.0,0.0
2025-12-16 00:00:00-05:00,253.59066938620413,255.44767253517185,251.7037158021078,254.49920654296875,6145300,0.0,0.0
2025-12-17 00:00:00-05:00,255.9168879687216,261.5478132312219,255.8370303019412,257.7239990234375,6269000,0.0,0.0
2025-12-18 00:00:00-05:00,258.4200134277344,260.07000732421875,256.1600036621094,257.8500061035156,5654200,0.416,0.0
2025-12-19 00:00:00-05:00,260.67999267578125,262.0400085449219,255.5,259.9100036621094,20729400,0.0,0.0
2025-12-22 00:00:00-05:00,260.6199951171875,264.6300048828125,258.4800109863281,264.6300048828125,4198025,0.0,0.0
