Date,Open,High,Low,Close,Volume,Dividends,Stock Splits
1992-06-17 00:00:00-04:00,4.851505369651975,4.994196704053504,4.423431366447389,4.530449867248535,902000,0.0,0.0
1992-06-18 00:00:00-04:00,4.530448272705078,4.530448272705078,4.280738525390625,4.459102630615234,421400,0.0,0.0
1992-06-19 00:00:00-04:00,4.459103421559409,4.53044907630436,4.423430594186934,4.494776248931885,453400,0.0,0.0
1992-06-22 00:00:00-04:00,4.494774951309455,4.494774951309455,4.316410865940032,4.352083683013916,597200,0.0,0.0
1992-06-23 00:00:00-04:00,4.352081639979913,4.423427240635321,4.352081639979913,4.387754440307617,853800,0.0,0.0
1992-06-24 00:00:00-04:00,4.387758109195174,4.423430939351232,4.280739618726999,4.316412448883057,357600,0.0,0.0
1992-06-25 00:00:00-04:00,4.387754440307617,4.459100040963025,4.387754440307617,4.387754440307617,785000,0.0,0.0
1992-06-26 00:00:00-04:00,4.3877557246915755,4.423428535461426,4.352082913921726,4.423428535461426,435000,0.0,0.0
1992-06-29 00:00:00-04:00,4.38775698852539,4.459102630615234,4.352084167480468,4.459102630615234,386600,0.0,0.0
1992-06-30 00:00:00-04:00,4.459102024403653,4.60179328918457,4.459102024403653,4.60179328918457,884400,0.0,0.0
1992-07-01 00:00:00-04:00,4.494776248931885,4.53044907630436,4.459103421559409,4.494776248931885,552600,0.0,0.0
1992-07-02 00:00:00-04:00,4.530447656794111,4.60179328918457,4.387756392013195,4.60179328918457,1788200,0.0,0.0
1992-07-06 00:00:00-04:00,4.530446967770977,4.530446967770977,4.3877557246915755,4.423428535461426,580400,0.0,0.0
1992-07-07 00:00:00-04:00,4.459102439065265,4.459102439065265,4.1023742439400435,4.173719882965088,1147000,0.0,0.0
1992-07-08 00:00:00-04:00,4.209395464476165,4.209395464476165,3.888339878202559,3.9596855640411377,1192800,0.0,0.0
1992-07-09 00:00:00-04:00,3.959682965889955,4.173719882965088,3.959682965889955,4.173719882965088,2136600,0.0,0.0
1992-07-10 00:00:00-04:00,4.102376155685961,4.13804899182236,4.031030483413161,4.0667033195495605,866200,0.0,0.0
1992-07-13 00:00:00-04:00,4.066699368020763,4.138044970968496,4.066699368020763,4.102372169494629,846600,0.0,0.0
1992-07-14 00:00:00-04:00,4.066701108011706,4.138046741485596,4.066701108011706,4.138046741485596,990000,0.0,0.0
1992-07-15 00:00:00-04:00,4.138047063452565,4.20939270247761,4.138047063452565,4.173719882965088,1080400,0.0,0.0
1992-07-16 00:00:00-04:00,4.138044970968496,4.1737177724423615,4.066699368020763,4.102372169494629,2689000,0.0,0.0
1992-07-17 00:00:00-04:00,4.031028604914999,4.173719882965088,4.031028604914999,4.173719882965088,840400,0.0,0.0
1992-07-20 00:00:00-04:00,3.9596848111403617,4.102376155685961,3.924011975003962,4.0667033195495605,1228200,0.0,0.0
1992-07-21 00:00:00-04:00,3.9953576472767613,4.13804899182236,3.9953576472767613,4.0667033195495605,1279600,0.0,0.0
1992-07-22 00:00:00-04:00,3.95968326875719,4.316411491167748,3.95968326875719,4.20939302444458,2743000,0.0,0.0
1992-07-23 00:00:00-04:00,4.173719882965088,4.280738341502654,4.173719882965088,4.173719882965088,2203800,0.0,0.0
1992-07-24 00:00:00-04:00,4.138045831888664,4.280737067471032,4.138045831888664,4.2450642585754395,1404000,0.0,0.0
1992-07-27 00:00:00-04:00,4.245066479841868,4.31641213496526,4.173720824718475,4.2807393074035645,1308000,0.0,0.0
1992-07-28 00:00:00-04:00,4.245066479841868,4.31641213496526,4.209393652280172,4.2807393074035645,1134400,0.0,0.0
1992-07-29 00:00:00-04:00,4.280738668926692,4.316411491167748,4.138047379962469,4.20939302444458,1697600,0.0,0.0
1992-07-30 00:00:00-04:00,4.245066479841868,4.2807393074035645,4.138047997156779,4.2807393074035645,912800,0.0,0.0
1992-07-31 00:00:00-04:00,4.2450667885709406,4.316412448883057,4.2450667885709406,4.316412448883057,1303000,0.0,0.0
1992-08-03 00:00:00-04:00,4.280736039324504,4.387754440307617,4.2450632389968,4.387754440307617,1616800,0.0,0.0
1992-08-04 00:00:00-04:00,4.3877557246915755,4.459101346231276,4.3877557246915755,4.423428535461426,1457000,0.0,0.0
1992-08-05 00:00:00-04:00,4.423428535461426,4.459101346231276,4.423428535461426,4.423428535461426,492000,0.0,0.0
1992-08-06 00:00:00-04:00,4.387756500087801,4.423429317161686,4.280738048866147,4.352083683013916,1277800,0.0,0.0
1992-08-07 00:00:00-04:00,4.245066479841868,4.31641213496526,4.245066479841868,4.2807393074035645,306200,0.0,0.0
1992-08-10 00:00:00-04:00,4.173718640784256,4.280737067471032,4.138045831888664,4.2450642585754395,593000,0.0,0.0
1992-08-11 00:00:00-04:00,4.245065191696431,4.245065191696431,4.138046741485596,4.138046741485596,1804800,0.0,0.0
1992-08-12 00:00:00-04:00,4.245065191696431,4.280738008433375,4.066701108011706,4.138046741485596,1591600,0.0,0.0
1992-08-13 00:00:00-04:00,4.173720824718475,4.31641213496526,4.173720824718475,4.2807393074035645,1100600,0.0,0.0
1992-08-14 00:00:00-04:00,4.280739284697034,4.53044907630436,4.280739284697034,4.494776248931885,1476600,0.0,0.0
1992-08-17 00:00:00-04:00,4.423431366447389,4.566122700848918,4.423431366447389,4.530449867248535,1461000,0.0,0.0
1992-08-18 00:00:00-04:00,4.566120147705078,4.673138588666916,4.530447334051132,4.566120147705078,1660200,0.0,0.0
1992-08-19 00:00:00-04:00,4.566122700848918,4.6374683680496815,4.494777033648154,4.530449867248535,928000,0.0,0.0
1992-08-20 00:00:00-04:00,4.566120472989341,4.60179328918457,4.566120472989341,4.60179328918457,370400,0.0,0.0
1992-08-21 00:00:00-04:00,4.566119569720644,4.7444836154128565,4.566119569720644,4.708810806274414,3771600,0.0,0.0
1992-08-24 00:00:00-04:00,4.530447656794111,4.6731389215750285,4.530447656794111,4.60179328918457,2085000,0.0,0.0
1992-08-25 00:00:00-04:00,4.637467861175537,4.673140690876887,4.5304493720714865,4.637467861175537,1168800,0.0,0.0
1992-08-26 00:00:00-04:00,4.601794868935156,4.673140525817871,4.566122040493798,4.673140525817871,1347000,0.0,0.0
1992-08-27 00:00:00-04:00,4.673140690876887,4.7088135205782375,4.637467861175537,4.637467861175537,764400,0.0,0.0
1992-08-28 00:00:00-04:00,4.60179328918457,4.637466105379799,4.566120472989341,4.60179328918457,516800,0.0,0.0
1992-08-31 00:00:00-04:00,4.637466105379799,4.637466105379799,4.60179328918457,4.60179328918457,304000,0.0,0.0
1992-09-01 00:00:00-04:00,4.583744049072266,4.65536504983902,4.5479335486888885,4.583744049072266,1067400,0.031,0.0
1992-09-02 00:00:00-04:00,4.547934570009746,4.58374507843502,4.476313553159199,4.512124061584473,1153600,0.0,0.0
1992-09-03 00:00:00-04:00,4.512125541687012,4.547936061859131,4.476315021514893,4.476315021514893,474800,0.0,0.0
1992-09-04 00:00:00-04:00,4.512122712484221,4.512122712484221,4.404691219329834,4.404691219329834,461600,0.0,0.0
1992-09-08 00:00:00-04:00,4.440501717047963,4.476312214766092,4.404691219329834,4.404691219329834,693800,0.0,0.0
1992-09-09 00:00:00-04:00,4.440502542210376,4.547934055328369,4.440502542210376,4.547934055328369,474200,0.0,0.0
1992-09-10 00:00:00-04:00,4.583744559701033,4.6195550640736975,4.512123550955705,4.547934055328369,867200,0.0,0.0
1992-09-11 00:00:00-04:00,4.583744559701033,4.6195550640736975,4.512123550955705,4.547934055328369,856600,0.0,0.0
1992-09-14 00:00:00-04:00,4.6195572289553555,4.726988792419434,4.6195572289553555,4.726988792419434,1092800,0.0,0.0
1992-09-15 00:00:00-04:00,4.619555473327637,4.691176488417987,4.619555473327637,4.619555473327637,1036400,0.0,0.0
1992-09-16 00:00:00-04:00,4.5837453988882215,4.65536642074585,4.512124377030593,4.65536642074585,864000,0.0,0.0
1992-09-17 00:00:00-04:00,4.65536642074585,4.65536642074585,4.5837453988882215,4.65536642074585,660000,0.0,0.0
1992-09-18 00:00:00-04:00,4.655367800297628,4.691178321838379,4.619557278756877,4.691178321838379,1351400,0.0,0.0
1992-09-21 00:00:00-04:00,4.65536642074585,4.691176931674664,4.619555909817036,4.65536642074585,491200,0.0,0.0
1992-09-22 00:00:00-04:00,4.655365980872812,4.691176488417987,4.619555473327637,4.619555473327637,1030000,0.0,0.0
1992-09-23 00:00:00-04:00,4.583744559701033,4.6195550640736975,4.476313046583041,4.547934055328369,714800,0.0,0.0
1992-09-24 00:00:00-04:00,4.547934887959407,4.691176931674664,4.547934887959407,4.65536642074585,639400,0.0,0.0
1992-09-25 00:00:00-04:00,4.65536642074585,4.65536642074585,4.5837453988882215,4.65536642074585,438800,0.0,0.0
1992-09-28 00:00:00-04:00,4.619557278756877,4.691178321838379,4.619557278756877,4.691178321838379,217600,0.0,0.0
1992-09-29 00:00:00-04:00,4.691176488417987,4.691176488417987,4.619555473327637,4.619555473327637,313000,0.0,0.0
1992-09-30 00:00:00-04:00,4.65536504983902,4.65536504983902,4.5479335486888885,4.583744049072266,675200,0.0,0.0
1992-10-01 00:00:00-04:00,4.547934570009746,4.58374507843502,4.4405030447339255,4.512124061584473,727800,0.0,0.0
1992-10-02 00:00:00-04:00,4.512124061584473,4.58374507843502,4.4405030447339255,4.512124061584473,376000,0.0,0.0
1992-10-05 00:00:00-04:00,4.476315021514893,4.512125541687012,4.261451900482178,4.476315021514893,815800,0.0,0.0
1992-10-06 00:00:00-04:00,4.440502643585205,4.476313148775409,4.297260622824393,4.440502643585205,600800,0.0,0.0
1992-10-07 00:00:00-04:00,4.476313046583041,4.583744559701033,4.440502542210376,4.547934055328369,491400,0.0,0.0
1992-10-08 00:00:00-04:00,4.5479335486888885,4.619554549455643,4.5479335486888885,4.583744049072266,327400,0.0,0.0
1992-10-09 00:00:00-04:00,4.547935720349922,4.547935720349922,4.36888313293457,4.36888313293457,628200,0.0,0.0
1992-10-12 00:00:00-04:00,4.404694667532424,4.440505193284721,4.2972630902755355,4.333073616027832,629600,0.0,0.0
1992-10-13 00:00:00-04:00,4.333070223893577,4.440501717047963,4.333070223893577,4.404691219329834,1432200,0.0,0.0
1992-10-14 00:00:00-04:00,4.368880721611705,4.476312214766092,4.333070223893577,4.404691219329834,941200,0.0,0.0
1992-10-15 00:00:00-04:00,4.368884141780128,4.440505193284721,4.333073616027832,4.333073616027832,944000,0.0,0.0
1992-10-16 00:00:00-04:00,4.3330726154515,4.36888313293457,4.3330726154515,4.36888313293457,404800,0.0,0.0
1992-10-19 00:00:00-04:00,4.368882027883378,4.512124061584473,4.368882027883378,4.512124061584473,336200,0.0,0.0
1992-10-20 00:00:00-04:00,4.547934570009746,4.619555586860294,4.476313553159199,4.512124061584473,1016800,0.0,0.0
1992-10-21 00:00:00-04:00,4.512124061584473,4.512124061584473,4.476313553159199,4.512124061584473,297000,0.0,0.0
1992-10-22 00:00:00-04:00,4.512123653965612,4.547934159155815,4.368881633204799,4.440502643585205,648800,0.0,0.0
1992-10-23 00:00:00-04:00,4.368881633204799,4.440502643585205,4.368881633204799,4.440502643585205,455400,0.0,0.0
1992-10-26 00:00:00-05:00,4.440504501342774,4.512125541687012,4.440504501342774,4.476315021514893,757600,0.0,0.0
1992-10-27 00:00:00-05:00,4.512123550955705,4.583744559701033,4.476313046583041,4.547934055328369,611600,0.0,0.0
1992-10-28 00:00:00-05:00,4.5479335486888885,4.583744049072266,4.5121230483055115,4.583744049072266,1490800,0.0,0.0
1992-10-29 00:00:00-05:00,4.547936061859131,4.547936061859131,4.476315021514893,4.476315021514893,442000,0.0,0.0
1992-10-30 00:00:00-05:00,4.512124061584473,4.547934570009746,4.476313553159199,4.512124061584473,786200,0.0,0.0
1992-11-02 00:00:00-05:00,4.547934055328369,4.583744559701033,4.512123550955705,4.547934055328369,529000,0.0,0.0
1992-11-03 00:00:00-05:00,4.547934055328369,4.6195550640736975,4.547934055328369,4.547934055328369,1005000,0.0,0.0
1992-11-04 00:00:00-05:00,4.547934055328369,4.547934055328369,4.512123550955705,4.547934055328369,338000,0.0,0.0
1992-11-05 00:00:00-05:00,4.512123950692111,4.619555473327637,4.512123950692111,4.619555473327637,1018800,0.0,0.0
1992-11-06 00:00:00-05:00,4.547934887959407,4.726987442603479,4.547934887959407,4.65536642074585,1850000,0.0,0.0
1992-11-09 00:00:00-05:00,4.6195572289553555,4.834420355883512,4.6195572289553555,4.726988792419434,1272200,0.0,0.0
1992-11-10 00:00:00-05:00,4.726985874460705,4.906038369705429,4.726985874460705,4.798606872558594,2574600,0.0,0.0
1992-11-11 00:00:00-05:00,4.834417788421407,4.870228290557861,4.798607286284952,4.870228290557861,974400,0.0,0.0
1992-11-12 00:00:00-05:00,4.834417884511159,4.834417884511159,4.726986375966466,4.762796878814697,1504400,0.0,0.0
1992-11-13 00:00:00-05:00,4.726985874460705,4.798606872558594,4.69117537541176,4.798606872558594,654600,0.0,0.0
1992-11-16 00:00:00-05:00,4.798608464461107,4.798608464461107,4.619555909817036,4.65536642074585,2219600,0.0,0.0
1992-11-17 00:00:00-05:00,4.655365980872812,4.691176488417987,4.583744965782461,4.619555473327637,2032000,0.0,0.0
1992-11-18 00:00:00-05:00,4.6195572289553555,4.762799313574127,4.6195572289553555,4.726988792419434,807200,0.0,0.0
1992-11-19 00:00:00-05:00,4.691178271264741,4.762799313574127,4.655367750110049,4.726988792419434,1040000,0.0,0.0
1992-11-20 00:00:00-05:00,4.762799313574127,4.762799313574127,4.655367750110049,4.726988792419434,1954000,0.0,0.0
1992-11-23 00:00:00-05:00,4.691175550222397,4.726986050605774,4.583744049072266,4.583744049072266,1565400,0.0,0.0
1992-11-24 00:00:00-05:00,4.619555909817036,4.726987442603479,4.619555909817036,4.65536642074585,470400,0.0,0.0
1992-11-25 00:00:00-05:00,4.726986375966466,4.798607381662928,4.691175873118236,4.762796878814697,1022000,0.0,0.0
1992-11-27 00:00:00-05:00,4.76279637350965,4.798606872558594,4.76279637350965,4.798606872558594,747800,0.0,0.0
1992-11-30 00:00:00-05:00,4.798609834728819,4.834420355883512,4.726988792419434,4.726988792419434,998000,0.0,0.0
1992-12-01 00:00:00-05:00,4.744816947529334,4.81670811340099,4.6729257816576775,4.708871364593506,2407000,0.031,0.0
1992-12-02 00:00:00-05:00,4.708870095417912,4.816706815160306,4.6729245221704465,4.780761241912842,1942400,0.0,0.0
1992-12-03 00:00:00-05:00,4.780764283555927,4.852655475789851,4.744818687438965,4.744818687438965,1448200,0.0,0.0
1992-12-04 00:00:00-05:00,4.816705703735351,4.8526512686886,4.780760138782102,4.816705703735352,1611400,0.0,0.0
1992-12-07 00:00:00-05:00,4.780760138782102,4.8526512686886,4.744814573828854,4.816705703735352,884800,0.0,0.0
1992-12-08 00:00:00-05:00,4.744815668665376,4.780761241912842,4.744815668665376,4.780761241912842,1178000,0.0,0.0
1992-12-09 00:00:00-05:00,4.780764283555927,4.816709879672889,4.744818687438965,4.744818687438965,815000,0.0,0.0
1992-12-10 00:00:00-05:00,4.744816758897569,4.888599084924768,4.744816758897569,4.852653503417969,1170600,0.0,0.0
1992-12-11 00:00:00-05:00,4.780761241912842,4.816706815160306,4.744815668665376,4.780761241912842,461600,0.0,0.0
1992-12-14 00:00:00-05:00,4.780760750403771,4.816706319955679,4.672924041748047,4.672924041748047,967400,0.0,0.0
1992-12-15 00:00:00-05:00,4.529141128063202,4.601032257080078,4.493195563554764,4.601032257080078,2203000,0.0,0.0
1992-12-16 00:00:00-05:00,4.6010329026442305,4.708869611299955,4.6010329026442305,4.672924041748047,834600,0.0,0.0
1992-12-17 00:00:00-05:00,4.636977878969106,4.8526512686886,4.636977878969106,4.816705703735352,1126000,0.0,0.0
1992-12-18 00:00:00-05:00,4.816706815160306,4.816706815160306,4.708870095417912,4.780761241912842,1563200,0.0,0.0
1992-12-21 00:00:00-05:00,4.816709879672889,4.816709879672889,4.744818687438965,4.744818687438965,901000,0.0,0.0
1992-12-22 00:00:00-05:00,4.780764283555927,4.852655475789851,4.708873091322003,4.744818687438965,1963800,0.0,0.0
1992-12-23 00:00:00-05:00,4.780764283555927,4.816709879672889,4.744818687438965,4.744818687438965,474600,0.0,0.0
1992-12-24 00:00:00-05:00,4.744818687438965,4.780764283555927,4.708873091322003,4.744818687438965,447800,0.0,0.0
1992-12-28 00:00:00-05:00,4.672924041748047,4.708869611299955,4.565087333092323,4.672924041748047,1947200,0.0,0.0
1992-12-29 00:00:00-05:00,4.672924041748047,4.744815180851862,4.672924041748047,4.672924041748047,482400,0.0,0.0
1992-12-30 00:00:00-05:00,4.672927495205041,4.744818687438965,4.672927495205041,4.744818687438965,591000,0.0,0.0
1992-12-31 00:00:00-05:00,4.708869008875604,4.816705703735351,4.708869008875604,4.816705703735352,1022000,0.0,0.0
1993-01-04 00:00:00-05:00,4.780762530465162,4.81670811340099,4.708871364593506,4.708871364593506,1185200,0.0,0.0
1993-01-05 00:00:00-05:00,4.708873091322003,4.816709879672889,4.672927495205041,4.744818687438965,878600,0.0,0.0
1993-01-06 00:00:00-05:00,4.780762340404369,4.888599084924768,4.744816758897569,4.852653503417969,564400,0.0,0.0
1993-01-07 00:00:00-05:00,4.85265364612106,5.032381558940359,4.85265364612106,4.924544811248779,3073800,0.0,0.0
1993-01-08 00:00:00-05:00,4.888599084924768,4.996435829445168,4.816707921911169,4.852653503417969,1084000,0.0,0.0
1993-01-11 00:00:00-05:00,4.816706512285315,4.960488796234131,4.780760941298112,4.960488796234131,1454400,0.0,0.0
1993-01-12 00:00:00-05:00,4.924544811248779,4.924544811248779,4.85265364612106,4.924544811248779,1041400,0.0,0.0
1993-01-13 00:00:00-05:00,4.924544018857619,4.960489595637601,4.888598442077637,4.888598442077637,905800,0.0,0.0
1993-01-14 00:00:00-05:00,4.88859922868492,4.9604903938126395,4.88859922868492,4.924544811248779,704800,0.0,0.0
1993-01-15 00:00:00-05:00,4.924542398595098,4.924542398595098,4.780760138782102,4.816705703735352,1567000,0.0,0.0
1993-01-18 00:00:00-05:00,4.816705703735351,4.8526512686886,4.816705703735351,4.816705703735352,521600,0.0,0.0
1993-01-19 00:00:00-05:00,4.816706512285315,4.960488796234131,4.816706512285315,4.960488796234131,1416200,0.0,0.0
1993-01-20 00:00:00-05:00,4.888597654259724,4.996434367221335,4.816706512285315,4.960488796234131,1809200,0.0,0.0
1993-01-21 00:00:00-05:00,4.960488796234131,4.996434367221335,4.888597654259724,4.960488796234131,2216200,0.0,0.0
1993-01-22 00:00:00-05:00,4.924542398595098,4.9604879635483465,4.816705703735351,4.816705703735352,2587600,0.0,0.0
1993-01-25 00:00:00-05:00,4.85265364612106,4.9604903938126395,4.816708063557201,4.924544811248779,2629200,0.0,0.0
1993-01-26 00:00:00-05:00,4.9604903938126395,5.032381558940359,4.88859922868492,4.924544811248779,1378800,0.0,0.0
1993-01-27 00:00:00-05:00,4.888599084924768,4.924544666431568,4.780762340404369,4.852653503417969,3023400,0.0,0.0
1993-01-28 00:00:00-05:00,4.780760138782102,4.8526512686886,4.744814573828854,4.816705703735352,1312600,0.0,0.0
1993-01-29 00:00:00-05:00,4.816706815160306,4.852652388407772,4.708870095417912,4.780761241912842,1787800,0.0,0.0
1993-02-01 00:00:00-05:00,4.816707921911169,4.852653503417969,4.780762340404369,4.852653503417969,490600,0.0,0.0
1993-02-02 00:00:00-05:00,4.852652865297654,4.924544018857619,4.816707288517671,4.888598442077637,1114600,0.0,0.0
1993-02-03 00:00:00-05:00,4.888598442077637,4.960489595637601,4.888598442077637,4.888598442077637,1257600,0.0,0.0
1993-02-04 00:00:00-05:00,4.924544811248779,4.9604903938126395,4.85265364612106,4.924544811248779,1058600,0.0,0.0
1993-02-05 00:00:00-05:00,4.9604903938126395,5.068327141504218,4.924544811248779,4.924544811248779,1071200,0.0,0.0
1993-02-08 00:00:00-05:00,4.996437492504926,5.104274272918701,4.996437492504926,5.104274272918701,2291800,0.0,0.0
1993-02-09 00:00:00-05:00,5.032382488250732,5.068328077452524,4.960491309847151,5.032382488250732,1717000,0.0,0.0
1993-02-10 00:00:00-05:00,5.032383378569063,5.176165760813893,5.032383378569063,5.1402201652526855,1820200,0.0,0.0
1993-02-11 00:00:00-05:00,5.140217145284017,5.1761627197265625,5.068325996398926,5.068325996398926,596200,0.0,0.0
1993-02-12 00:00:00-05:00,5.104274272918701,5.14021986638996,5.104274272918701,5.104274272918701,425200,0.0,0.0
1993-02-16 00:00:00-05:00,5.104272724068078,5.140218306631938,4.924544811248779,4.924544811248779,1180600,0.0,0.0
1993-02-17 00:00:00-05:00,4.960490247938368,4.960490247938368,4.816707921911169,4.852653503417969,1200400,0.0,0.0
1993-02-18 00:00:00-05:00,5.032383456374659,5.032383456374659,4.744818687438965,4.744818687438965,2241800,0.0,0.0
1993-02-19 00:00:00-05:00,4.816707921911169,4.924544666431568,4.780762340404369,4.852653503417969,732000,0.0,0.0
1993-02-22 00:00:00-05:00,4.924542398595098,4.924542398595098,4.816705703735351,4.816705703735352,697200,0.0,0.0
1993-02-23 00:00:00-05:00,4.816705703735351,4.888596833641849,4.816705703735351,4.816705703735352,556400,0.0,0.0
1993-02-24 00:00:00-05:00,4.816705703735351,4.888596833641849,4.780760138782102,4.816705703735352,1198800,0.0,0.0
1993-02-25 00:00:00-05:00,4.816707921911169,4.852653503417969,4.780762340404369,4.852653503417969,763600,0.0,0.0
1993-02-26 00:00:00-05:00,4.85265364612106,4.924544811248779,4.7807624809933404,4.924544811248779,810000,0.0,0.0
1993-03-01 00:00:00-05:00,4.8702837104228,4.942436061688324,4.798131359157277,4.834207534790039,545200,0.031,0.0
1993-03-02 00:00:00-05:00,4.834211083019481,4.906363487243652,4.798134880907395,4.906363487243652,595600,0.0,0.0
1993-03-03 00:00:00-05:00,4.834212161876537,4.906364582203052,4.834212161876537,4.870288372039795,727000,0.0,0.0
1993-03-04 00:00:00-05:00,4.870287285131567,4.906363487243652,4.834211083019481,4.906363487243652,946400,0.0,0.0
1993-03-05 00:00:00-05:00,4.906363487243652,4.978515891467823,4.870287285131567,4.906363487243652,992200,0.0,0.0
1993-03-08 00:00:00-05:00,4.942439505394469,5.158896710010286,4.906363304625167,5.08674430847168,635600,0.0,0.0
1993-03-09 00:00:00-05:00,5.050668646819401,5.050668646819401,4.942440032958984,4.942440032958984,416600,0.0,0.0
1993-03-10 00:00:00-05:00,4.942439295405106,5.050667893114707,4.9063630961685725,5.014591693878174,644000,0.0,0.0
1993-03-11 00:00:00-05:00,5.014590864596159,5.014590864596159,4.978514671325684,4.978514671325684,411000,0.0,0.0
1993-03-12 00:00:00-05:00,4.978515891467823,4.978515891467823,4.870287285131567,4.906363487243652,554000,0.0,0.0
1993-03-15 00:00:00-05:00,4.978514671325684,5.014590864596159,4.9063622847847315,4.978514671325684,682600,0.0,0.0
1993-03-16 00:00:00-05:00,4.978515891467823,4.978515891467823,4.906363487243652,4.906363487243652,471800,0.0,0.0
1993-03-17 00:00:00-05:00,4.94243916784014,5.08674396106175,4.906362969534738,5.050667762756348,860400,0.0,0.0
1993-03-18 00:00:00-05:00,5.050667893114707,5.086744092351241,4.9785154946416394,5.014591693878174,417200,0.0,0.0
1993-03-19 00:00:00-05:00,5.050667893114707,5.050667893114707,5.014591693878174,5.014591693878174,451400,0.0,0.0
1993-03-22 00:00:00-05:00,4.978515366145543,5.050667762756348,4.906362969534738,5.050667762756348,550800,0.0,0.0
1993-03-23 00:00:00-05:00,5.050669249954757,5.19497408566775,5.050669249954757,5.158897876739502,717200,0.0,0.0
1993-03-24 00:00:00-05:00,5.194972910779588,5.194972910779588,5.050668107702377,5.08674430847168,740400,0.0,0.0
1993-03-25 00:00:00-05:00,5.08674430847168,5.158896710010286,5.014591906933075,5.08674430847168,714200,0.0,0.0
1993-03-26 00:00:00-05:00,5.122821667811254,5.19497408566775,5.086745458883006,5.158897876739502,646200,0.0,0.0
1993-03-29 00:00:00-05:00,5.1588976005028035,5.267126221492372,5.1588976005028035,5.23105001449585,582000,0.0,0.0
1993-03-30 00:00:00-05:00,5.194970607757568,5.231046792533663,5.158894422981475,5.194970607757568,544600,0.0,0.0
1993-03-31 00:00:00-05:00,5.194972910779588,5.231049111548891,4.834210903086561,5.08674430847168,505400,0.0,0.0
1993-04-01 00:00:00-05:00,5.086744851439539,5.122821056059677,4.906363828338846,4.942440032958984,478600,0.0,0.0
1993-04-02 00:00:00-05:00,4.9063598860555615,4.942436061688324,4.834207534790039,4.834207534790039,565600,0.0,0.0
1993-04-05 00:00:00-04:00,4.834211083019481,4.942439689355737,4.834211083019481,4.906363487243652,528400,0.0,0.0
1993-04-06 00:00:00-04:00,4.906361457996798,4.942437645187951,4.79813289642334,4.79813289642334,713400,0.0,0.0
1993-04-07 00:00:00-04:00,4.8702837104228,4.9063598860555615,4.834207534790039,4.834207534790039,615400,0.0,0.0
1993-04-08 00:00:00-04:00,4.9063598860555615,4.9063598860555615,4.834207534790039,4.834207534790039,455600,0.0,0.0
1993-04-12 00:00:00-04:00,4.906362969534738,5.050667762756348,4.870286771229336,5.050667762756348,433000,0.0,0.0
1993-04-13 00:00:00-04:00,5.08674430847168,5.08674430847168,4.942439505394469,5.08674430847168,365000,0.0,0.0
1993-04-14 00:00:00-04:00,5.014591693878174,5.158896490824308,5.014591693878174,5.014591693878174,320000,0.0,0.0
1993-04-15 00:00:00-04:00,5.014591906933075,5.158896710010286,5.014591906933075,5.08674430847168,405400,0.0,0.0
1993-04-16 00:00:00-04:00,5.122820854187012,5.2310494637825125,5.086744650988512,5.122820854187012,968000,0.0,0.0
1993-04-19 00:00:00-04:00,5.158893261870293,5.303197968496035,5.158893261870293,5.2671217918396,1175200,0.0,0.0
1993-04-20 00:00:00-04:00,5.19497408566775,5.231050294595999,5.122821667811254,5.158897876739502,538600,0.0,0.0
1993-04-21 00:00:00-04:00,5.19497408566775,5.231050294595999,5.122821667811254,5.158897876739502,376600,0.0,0.0
1993-04-22 00:00:00-04:00,5.158894422981475,5.37535153163804,5.158894422981475,5.194970607757568,1271600,0.0,0.0
1993-04-23 00:00:00-04:00,5.122821667811254,5.19497408566775,5.086745458883006,5.158897876739502,323800,0.0,0.0
1993-04-26 00:00:00-04:00,5.014589740008843,5.050665925188762,4.365218406770287,4.437370777130127,2802400,0.0,0.0
1993-04-27 00:00:00-04:00,4.401295686172227,4.401295686172227,4.112686132980605,4.256990909576416,3280600,0.0,0.0
1993-04-28 00:00:00-04:00,4.293067800998688,4.509525001049042,4.293067800998688,4.32914400100708,1824200,0.0,0.0
1993-04-29 00:00:00-04:00,4.401296749587886,4.4373729524533605,4.329144343856937,4.365220546722412,1260000,0.0,0.0
1993-04-30 00:00:00-04:00,4.401295761108398,4.581676734924316,4.401295761108398,4.509524345397949,948400,0.0,0.0
1993-05-03 00:00:00-04:00,4.545599937438965,4.545599937438965,4.437371367499941,4.545599937438965,384000,0.0,0.0
1993-05-04 00:00:00-04:00,4.5456019151406215,4.5456019151406215,4.401297092437744,4.401297092437744,2682200,0.0,0.0
1993-05-05 00:00:00-04:00,4.401297092437744,4.473449503789183,4.401297092437744,4.401297092437744,532200,0.0,0.0
1993-05-06 00:00:00-04:00,4.365220546722412,4.4373729524533605,4.329144343856937,4.365220546722412,692000,0.0,0.0
1993-05-07 00:00:00-04:00,4.365220201015472,4.437372601032257,4.32914400100708,4.32914400100708,1197000,0.0,0.0
1993-05-10 00:00:00-04:00,4.2930671037253685,4.329143297874321,4.220914715427463,4.256990909576416,781200,0.0,0.0
1993-05-11 00:00:00-04:00,4.2930671037253685,4.2930671037253685,4.220914715427463,4.256990909576416,448600,0.0,0.0
1993-05-12 00:00:00-04:00,4.293067800998688,4.365220201015472,4.256991600990295,4.32914400100708,555600,0.0,0.0
1993-05-13 00:00:00-04:00,4.329144404484675,4.365220607855381,4.220915794372559,4.220915794372559,1181600,0.0,0.0
1993-05-14 00:00:00-04:00,4.184837457408076,4.2569898273633875,4.14876127243042,4.14876127243042,648200,0.0,0.0
1993-05-17 00:00:00-04:00,4.112685087452764,4.220913642385732,4.076608902475108,4.14876127243042,500800,0.0,0.0
1993-05-18 00:00:00-04:00,4.256990909576416,4.2930671037253685,4.220914715427463,4.256990909576416,1209200,0.0,0.0
1993-05-19 00:00:00-04:00,4.220913666050608,4.437370777130127,4.220913666050608,4.437370777130127,1440800,0.0,0.0
1993-05-20 00:00:00-04:00,4.401294591950207,4.545599332669886,4.401294591950207,4.437370777130127,836600,0.0,0.0
1993-05-21 00:00:00-04:00,4.509524345397949,4.545600540161132,4.401295761108398,4.509524345397949,631400,0.0,0.0
1993-05-24 00:00:00-04:00,4.473448150634765,4.545600540161132,4.401295761108398,4.509524345397949,528400,0.0,0.0
1993-05-25 00:00:00-04:00,4.473446962310046,4.617751703029725,4.437370777130127,4.437370777130127,909000,0.0,0.0
1993-05-26 00:00:00-04:00,4.473447557479616,4.581676127418639,4.365218987540593,4.545599937438965,617200,0.0,0.0
1993-05-27 00:00:00-04:00,4.5816739946603775,4.61775016784668,4.509521648287773,4.61775016784668,623200,0.0,0.0
1993-05-28 00:00:00-04:00,4.545600540161132,4.581676734924316,4.437371955871582,4.509524345397949,254400,0.0,0.0
1993-06-01 00:00:00-04:00,4.4550499802544,4.563709735870361,4.4550499802544,4.563709735870361,323800,0.031,0.0
1993-06-02 00:00:00-04:00,4.527488708496094,4.599928527832032,4.491268798828125,4.527488708496094,401400,0.0,0.0
1993-06-03 00:00:00-04:00,4.563707756996155,4.563707756996155,4.310168437163035,4.346388339996338,531400,0.0,0.0
1993-06-04 00:00:00-04:00,4.237728463501489,4.346388167693835,4.237728463501489,4.310168266296387,1171000,0.0,0.0
1993-06-07 00:00:00-04:00,4.310167611655543,4.346387507551808,4.201507923966748,4.273947715759277,499200,0.0,0.0
1993-06-08 00:00:00-04:00,4.27394897917397,4.31016888577714,4.201509165967632,4.237729072570801,615400,0.0,0.0
1993-06-09 00:00:00-04:00,4.2739483648989385,4.382608069091284,4.237728463501489,4.310168266296387,789200,0.0,0.0
1993-06-10 00:00:00-04:00,4.310168714358889,4.382608524684248,4.165289093708171,4.20150899887085,1046600,0.0,0.0
1993-06-11 00:00:00-04:00,4.201509165967632,4.31016888577714,4.201509165967632,4.237729072570801,441200,0.0,0.0
1993-06-14 00:00:00-04:00,4.237727819863013,4.346387507551808,4.237727819863013,4.273947715759277,548800,0.0,0.0
1993-06-15 00:00:00-04:00,4.273950561019015,4.382610321044922,4.273950561019015,4.382610321044922,494000,0.0,0.0
1993-06-16 00:00:00-04:00,4.34638867612745,4.455048393030636,4.310168770493054,4.41882848739624,1691800,0.0,0.0
1993-06-17 00:00:00-04:00,4.455049672434407,4.491269588470459,4.418829756398355,4.491269588470459,957600,0.0,0.0
1993-06-18 00:00:00-04:00,4.41882848739624,4.455048393030636,4.382608581761845,4.41882848739624,954400,0.0,0.0
1993-06-21 00:00:00-04:00,4.455048889160157,4.6361484375,4.418828979492187,4.527488708496094,1495000,0.0,0.0
1993-06-22 00:00:00-04:00,4.527488708496094,4.599928527832032,4.491268798828125,4.527488708496094,493200,0.0,0.0
1993-06-23 00:00:00-04:00,4.491269588470459,4.563709420542564,4.491269588470459,4.491269588470459,933400,0.0,0.0
1993-06-24 00:00:00-04:00,4.491268298665031,4.491268298665031,4.41882848739624,4.41882848739624,570000,0.0,0.0
1993-06-25 00:00:00-04:00,4.491270081070829,4.491270081070829,4.346390401036286,4.382610321044922,1148600,0.0,0.0
1993-06-28 00:00:00-04:00,4.346388840093845,4.455048561096191,4.346388840093845,4.455048561096191,806400,0.0,0.0
1993-06-29 00:00:00-04:00,4.41882848739624,4.455048393030636,4.382608581761845,4.41882848739624,1304800,0.0,0.0
1993-06-30 00:00:00-04:00,4.455049672434407,4.563709420542564,4.418829756398355,4.491269588470459,1685800,0.0,0.0
1993-07-01 00:00:00-04:00,4.5999296544090145,4.6361495729476685,4.491269898793054,4.563709735870361,1349600,0.0,0.0
1993-07-02 00:00:00-04:00,4.563709735870361,4.5999296544090145,4.527489817331707,4.563709735870361,448800,0.0,0.0
1993-07-06 00:00:00-04:00,4.599929336578615,4.67236916865072,4.491269588470459,4.491269588470459,1088000,0.0,0.0
1993-07-07 00:00:00-04:00,4.527489504506511,4.527489504506511,4.455049672434407,4.491269588470459,267000,0.0,0.0
1993-07-08 00:00:00-04:00,4.527488723397255,4.708588272333145,4.491268813610077,4.636148452758789,803400,0.0,0.0
1993-07-09 00:00:00-04:00,4.599928527832032,4.6361484375,4.491268798828125,4.527488708496094,339000,0.0,0.0
1993-07-12 00:00:00-04:00,4.491267761817345,4.708587169647217,4.491267761817345,4.708587169647217,1114800,0.0,0.0
1993-07-13 00:00:00-04:00,4.636148287555364,4.708588104548417,4.563708470562311,4.599928379058838,1293200,0.0,0.0
1993-07-14 00:00:00-04:00,4.563708618164062,4.563708618164062,4.455048889160157,4.527488708496094,1409600,0.0,0.0
1993-07-15 00:00:00-04:00,4.563708633184433,4.708588272333145,4.491268813610077,4.636148452758789,827200,0.0,0.0
1993-07-16 00:00:00-04:00,4.636148452758789,4.636148452758789,4.527488723397255,4.636148452758789,681200,0.0,0.0
1993-07-19 00:00:00-04:00,4.6361484375,4.6361484375,4.491268798828125,4.527488708496094,263000,0.0,0.0
1993-07-20 00:00:00-04:00,4.491268468096973,4.5274883750977555,4.455048561096191,4.455048561096191,563400,0.0,0.0
1993-07-21 00:00:00-04:00,4.455048745072732,4.599928379058838,4.455048745072732,4.599928379058838,617400,0.0,0.0
1993-07-22 00:00:00-04:00,4.563708618164062,4.6361484375,4.527488708496094,4.527488708496094,767800,0.0,0.0
1993-07-23 00:00:00-04:00,4.527489817331707,4.6361495729476685,4.527489817331707,4.563709735870361,413800,0.0,0.0
1993-07-26 00:00:00-04:00,4.527489817331707,4.5999296544090145,4.491269898793054,4.563709735870361,1005200,0.0,0.0
1993-07-27 00:00:00-04:00,4.599928527832032,4.599928527832032,4.491268798828125,4.527488708496094,658800,0.0,0.0
1993-07-28 00:00:00-04:00,4.5999296544090145,4.708589410024976,4.527489817331707,4.563709735870361,1789200,0.0,0.0
1993-07-29 00:00:00-04:00,4.563708618164062,4.6361484375,4.527488708496094,4.527488708496094,839800,0.0,0.0
1993-07-30 00:00:00-04:00,4.527488708496094,4.563708618164062,4.455048889160157,4.527488708496094,1002000,0.0,0.0
1993-08-02 00:00:00-04:00,4.491268798828125,4.563708618164062,4.455048889160157,4.527488708496094,504600,0.0,0.0
1993-08-03 00:00:00-04:00,4.491269588470459,4.563709420542564,4.455049672434407,4.491269588470459,1130000,0.0,0.0
1993-08-04 00:00:00-04:00,4.527488708496094,4.599928527832032,4.491268798828125,4.527488708496094,721200,0.0,0.0
1993-08-05 00:00:00-04:00,4.527489504506511,4.563709420542564,4.455049672434407,4.491269588470459,537400,0.0,0.0
1993-08-06 00:00:00-04:00,4.491269898793054,4.563709735870361,4.491269898793054,4.563709735870361,902200,0.0,0.0
1993-08-09 00:00:00-04:00,4.599928542971611,4.672368362545967,4.599928542971611,4.636148452758789,721000,0.0,0.0
1993-08-10 00:00:00-04:00,4.599928379058838,4.636148287555364,4.563708470562311,4.599928379058838,695000,0.0,0.0
1993-08-11 00:00:00-04:00,4.6723694914863225,4.6723694914863225,4.527489817331707,4.563709735870361,914000,0.0,0.0
1993-08-12 00:00:00-04:00,4.527488708496094,4.563708618164062,4.527488708496094,4.527488708496094,791000,0.0,0.0
1993-08-13 00:00:00-04:00,4.527489817331707,4.563709735870361,4.491269898793054,4.563709735870361,454000,0.0,0.0
1993-08-16 00:00:00-04:00,4.491269898793054,4.563709735870361,4.491269898793054,4.563709735870361,273600,0.0,0.0
1993-08-17 00:00:00-04:00,4.563709420542564,4.563709420542564,4.491269588470459,4.491269588470459,796000,0.0,0.0
1993-08-18 00:00:00-04:00,4.491269588470459,4.527489504506511,4.491269588470459,4.491269588470459,927200,0.0,0.0
1993-08-19 00:00:00-04:00,4.5274883750977555,4.5637082820985375,4.455048561096191,4.455048561096191,595600,0.0,0.0
1993-08-20 00:00:00-04:00,4.491268298665031,4.491268298665031,4.41882848739624,4.41882848739624,950400,0.0,0.0
1993-08-23 00:00:00-04:00,4.418830061715746,4.563709735870361,4.418830061715746,4.563709735870361,366200,0.0,0.0
1993-08-24 00:00:00-04:00,4.527489817331707,4.5999296544090145,4.4550499802544,4.563709735870361,922800,0.0,0.0
1993-08-25 00:00:00-04:00,4.563708618164062,4.6361484375,4.491268798828125,4.527488708496094,674600,0.0,0.0
1993-08-26 00:00:00-04:00,4.5274883750977555,4.5274883750977555,4.455048561096191,4.455048561096191,517200,0.0,0.0
1993-08-27 00:00:00-04:00,4.455049672434407,4.491269588470459,4.455049672434407,4.491269588470459,421800,0.0,0.0
1993-08-30 00:00:00-04:00,4.491268468096973,4.491268468096973,4.418828654095409,4.455048561096191,486400,0.0,0.0
1993-08-31 00:00:00-04:00,4.455048561096191,4.491268468096973,4.418828654095409,4.455048561096191,345400,0.0,0.0
1993-09-01 00:00:00-04:00,4.418830241053557,4.491270081070829,4.310170481027651,4.382610321044922,544200,0.0,0.0
1993-09-02 00:00:00-04:00,4.437016210248394,4.546123166238108,4.437016210248394,4.509754180908203,381200,0.031,0.0
1993-09-03 00:00:00-04:00,4.509755172128753,4.618862152099609,4.509755172128753,4.618862152099609,672000,0.0,0.0
1993-09-07 00:00:00-04:00,4.618860857827323,4.655229840959821,4.582491874694824,4.582491874694824,350400,0.0,0.0
1993-09-08 00:00:00-04:00,4.618860787492457,4.618860787492457,4.364277909441691,4.473384857177734,978800,0.0,0.0
1993-09-09 00:00:00-04:00,4.437016210248394,4.509754180908203,4.437016210248394,4.509754180908203,364000,0.0,0.0
1993-09-10 00:00:00-04:00,4.473384857177734,4.546122822335096,4.473384857177734,4.473384857177734,473400,0.0,0.0
1993-09-13 00:00:00-04:00,4.509753908429826,4.582491874694824,4.473384925297328,4.582491874694824,894200,0.0,0.0
1993-09-14 00:00:00-04:00,4.546125404170302,4.582494407403664,4.437018394470215,4.437018394470215,528800,0.0,0.0
1993-09-15 00:00:00-04:00,4.473385195578299,4.546123166238108,4.437016210248394,4.509754180908203,568800,0.0,0.0
1993-09-16 00:00:00-04:00,4.509753908429826,4.582491874694824,4.473384925297328,4.582491874694824,602600,0.0,0.0
1993-09-17 00:00:00-04:00,4.509753908429826,4.582491874694824,4.509753908429826,4.582491874694824,840800,0.0,0.0
1993-09-20 00:00:00-04:00,4.582493453979493,4.618862449645996,4.546124458312988,4.546124458312988,966200,0.0,0.0
1993-09-21 00:00:00-04:00,4.546122891562326,4.618860857827323,4.509753908429826,4.582491874694824,679400,0.0,0.0
1993-09-22 00:00:00-04:00,4.618862152099609,4.618862152099609,4.546124165452372,4.618862152099609,658800,0.0,0.0
1993-09-23 00:00:00-04:00,4.582494407403664,4.618863410637027,4.437018394470215,4.437018394470215,604200,0.0,0.0
1993-09-24 00:00:00-04:00,4.473384857177734,4.546122822335096,4.437015874599053,4.473384857177734,345600,0.0,0.0
1993-09-27 00:00:00-04:00,4.473385195578299,4.546123166238108,4.473385195578299,4.509754180908203,434000,0.0,0.0
1993-09-28 00:00:00-04:00,4.509755583834057,4.54612458047788,4.400648593902588,4.400648593902588,455200,0.0,0.0
1993-09-29 00:00:00-04:00,4.400649391236852,4.473387397703577,4.400649391236852,4.437018394470215,558600,0.0,0.0
1993-09-30 00:00:00-04:00,4.437016210248394,4.509754180908203,4.4006472249184885,4.509754180908203,338400,0.0,0.0
1993-10-01 00:00:00-04:00,4.4733864669799805,4.546124458312988,4.4733864669799805,4.546124458312988,287000,0.0,0.0
1993-10-04 00:00:00-04:00,4.546122891562326,4.618860857827323,4.509753908429826,4.582491874694824,400600,0.0,0.0
1993-10-05 00:00:00-04:00,4.582493453979493,4.618862449645996,4.509755462646485,4.546124458312988,284200,0.0,0.0
1993-10-06 00:00:00-04:00,4.546124458312988,4.618862449645996,4.546124458312988,4.546124458312988,333600,0.0,0.0
1993-10-07 00:00:00-04:00,4.546124458312988,4.582493453979493,4.546124458312988,4.546124458312988,164000,0.0,0.0
1993-10-08 00:00:00-04:00,4.546124458312988,4.582493453979493,4.546124458312988,4.546124458312988,325800,0.0,0.0
1993-10-11 00:00:00-04:00,4.618862152099609,4.655231145423229,4.582493158775991,4.618862152099609,1413200,0.0,0.0
1993-10-12 00:00:00-04:00,4.618861136897918,4.655230122227823,4.509754180908203,4.509754180908203,516400,0.0,0.0
1993-10-13 00:00:00-04:00,4.509754180908203,4.5824921515680135,4.509754180908203,4.509754180908203,275800,0.0,0.0
1993-10-14 00:00:00-04:00,4.509755583834057,4.582493577121703,4.400648593902588,4.400648593902588,437800,0.0,0.0
1993-10-15 00:00:00-04:00,4.473384857177734,4.5097538397564145,4.437015874599053,4.473384857177734,501800,0.0,0.0
1993-10-18 00:00:00-04:00,4.473385195578299,4.509754180908203,4.437016210248394,4.509754180908203,641000,0.0,0.0
1993-10-19 00:00:00-04:00,4.4733862519264225,4.4733862519264225,4.291541282335917,4.364279270172119,1097400,0.0,0.0
1993-10-20 00:00:00-04:00,4.327910276254018,4.364279270172119,4.146065306663513,4.364279270172119,1060600,0.0,0.0
1993-10-21 00:00:00-04:00,4.364277909441691,4.727967735228499,4.327908926863011,4.473384857177734,451200,0.0,0.0
1993-10-22 00:00:00-04:00,4.437017590546411,4.509755583834057,4.400648593902588,4.400648593902588,380200,0.0,0.0
1993-10-25 00:00:00-04:00,4.4006472249184885,4.509754180908203,4.4006472249184885,4.509754180908203,478800,0.0,0.0
1993-10-26 00:00:00-04:00,4.509753908429826,4.618860857827323,4.437015942164829,4.582491874694824,833400,0.0,0.0
1993-10-27 00:00:00-04:00,4.582493158775991,4.691600138746848,4.582493158775991,4.618862152099609,1571000,0.0,0.0
1993-10-28 00:00:00-04:00,4.6552308548328485,4.7643378279929935,4.546123881672703,4.6915998458862305,880800,0.0,0.0
1993-10-29 00:00:00-04:00,4.6552308548328485,4.727968836939612,4.6552308548328485,4.6915998458862305,892000,0.0,0.0
1993-11-01 00:00:00-05:00,4.727968739387684,4.909813690902595,4.727968739387684,4.837075710296631,2378200,0.0,0.0
1993-11-02 00:00:00-05:00,4.873447565471425,4.94618558883667,4.873447565471425,4.94618558883667,1456600,0.0,0.0
1993-11-03 00:00:00-05:00,4.873447565471425,4.982554600519293,4.873447565471425,4.94618558883667,1346400,0.0,0.0
1993-11-04 00:00:00-05:00,4.873444700599613,4.909813690902595,4.800706719993649,4.837075710296631,332400,0.0,0.0
1993-11-05 00:00:00-05:00,4.800707969956726,4.837076969729125,4.618862971094728,4.764338970184326,428200,0.0,0.0
1993-11-08 00:00:00-05:00,4.800706109004235,4.873444080352783,4.727968137655686,4.873444080352783,192200,0.0,0.0
1993-11-09 00:00:00-05:00,4.837075094678509,4.946182051701332,4.837075094678509,4.873444080352783,777400,0.0,0.0
1993-11-10 00:00:00-05:00,4.873445969501525,4.909814969273924,4.764338970184326,4.764338970184326,436400,0.0,0.0
1993-11-11 00:00:00-05:00,4.7643379140783235,4.90981388092041,4.727968922367802,4.90981388092041,524600,0.0,0.0
1993-11-12 00:00:00-05:00,4.873447565471425,4.982554600519293,4.873447565471425,4.94618558883667,367200,0.0,0.0
1993-11-15 00:00:00-05:00,4.982551671508559,4.982551671508559,4.800706719993649,4.837075710296631,379600,0.0,0.0
1993-11-16 00:00:00-05:00,4.837075710296631,4.873444700599613,4.800706719993649,4.837075710296631,309600,0.0,0.0
1993-11-17 00:00:00-05:00,4.873444652557374,4.873444652557374,4.727968692779541,4.727968692779541,421000,0.0,0.0
1993-11-18 00:00:00-05:00,4.727968739387684,4.837075710296631,4.727968739387684,4.837075710296631,392600,0.0,0.0
1993-11-19 00:00:00-05:00,4.837077296141422,4.837077296141422,4.7643392916881675,4.800708293914795,427600,0.0,0.0
1993-11-22 00:00:00-05:00,4.800707118717704,4.800707118717704,4.582493158775991,4.618862152099609,784000,0.0,0.0
1993-11-23 00:00:00-05:00,4.618860857827323,4.618860857827323,4.546122891562326,4.582491874694824,1464400,0.0,0.0
1993-11-24 00:00:00-05:00,4.618862006813288,4.691599991172552,4.5824930146336555,4.65523099899292,504800,0.0,0.0
1993-11-26 00:00:00-05:00,4.727968836939612,4.727968836939612,4.6915998458862305,4.6915998458862305,98800,0.0,0.0
1993-11-29 00:00:00-05:00,4.727968692779541,4.837075662612915,4.6915997028350835,4.727968692779541,284200,0.0,0.0
1993-11-30 00:00:00-05:00,4.727968836939612,4.7643378279929935,4.6915998458862305,4.6915998458862305,436000,0.0,0.0
1993-12-01 00:00:00-05:00,4.727969132070466,4.764338125394086,4.582493158775991,4.618862152099609,485200,0.0,0.0
1993-12-02 00:00:00-05:00,4.655230712890625,4.727968692779541,4.582492733001709,4.727968692779541,507800,0.0,0.0
1993-12-03 00:00:00-05:00,4.6552301663071365,4.873444080352783,4.6552301663071365,4.873444080352783,546600,0.0,0.0
1993-12-06 00:00:00-05:00,4.855048469260887,4.964560840747975,4.8185443454318575,4.928056716918945,601600,0.031,0.0
1993-12-07 00:00:00-05:00,4.891551340432992,4.928055454913835,4.818543111471305,4.855047225952148,327200,0.0,0.0
1993-12-08 00:00:00-05:00,4.818543111471305,4.891551340432992,4.745534882509619,4.855047225952148,446600,0.0,0.0
1993-12-09 00:00:00-05:00,4.818543791770935,4.818543791770935,4.636023193597794,4.672527313232422,607200,0.0,0.0
1993-12-10 00:00:00-05:00,4.745535996124034,4.81854424221825,4.63602362698271,4.782040119171143,589200,0.0,0.0
1993-12-13 00:00:00-05:00,4.745536097773799,4.928056716918945,4.745536097773799,4.928056716918945,615800,0.0,0.0
1993-12-14 00:00:00-05:00,4.8550461097197095,4.8550461097197095,4.782037897543473,4.818542003631592,474800,0.0,0.0
1993-12-15 00:00:00-05:00,4.782039672136307,4.818543791770935,4.672527313232422,4.672527313232422,1046200,0.0,0.0
1993-12-16 00:00:00-05:00,4.745536097773799,4.928056716918945,4.745536097773799,4.928056716918945,679400,0.0,0.0
1993-12-17 00:00:00-05:00,4.928054649438431,4.928054649438431,4.855046432409714,4.891550540924072,521200,0.0,0.0
1993-12-20 00:00:00-05:00,4.818545062725361,4.8550491919884315,4.709032674936148,4.745536804199219,544000,0.0,0.0
1993-12-21 00:00:00-05:00,4.74553618320199,4.782040307688159,4.6725279342296515,4.70903205871582,965800,0.0,0.0
1993-12-22 00:00:00-05:00,4.70903143286705,4.70903143286705,4.636023193597794,4.672527313232422,509200,0.0,0.0
1993-12-23 00:00:00-05:00,4.70903205871582,4.74553618320199,4.6725279342296515,4.70903205871582,368600,0.0,0.0
1993-12-27 00:00:00-05:00,4.709032674936148,4.78204093346229,4.709032674936148,4.745536804199219,292400,0.0,0.0
1993-12-28 00:00:00-05:00,4.745535996124034,4.81854424221825,4.745535996124034,4.782040119171143,303400,0.0,0.0
1993-12-29 00:00:00-05:00,4.818543111471305,4.928055454913835,4.818543111471305,4.855047225952148,1024000,0.0,0.0
1993-12-30 00:00:00-05:00,4.855046432409714,4.928054649438431,4.818542323895355,4.891550540924072,540600,0.0,0.0
1993-12-31 00:00:00-05:00,4.855047225952148,4.891551340432992,4.855047225952148,4.855047225952148,463600,0.0,0.0
1994-01-03 00:00:00-05:00,4.818542003631592,4.8550461097197095,4.782037897543473,4.818542003631592,1213000,0.0,0.0
1994-01-04 00:00:00-05:00,4.8550461097197095,4.928054321895946,4.818542003631592,4.818542003631592,667400,0.0,0.0
1994-01-05 00:00:00-05:00,4.782040119171143,4.81854424221825,4.745535996124034,4.782040119171143,732000,0.0,0.0
1994-01-06 00:00:00-05:00,4.818542003631592,4.818542003631592,4.782037897543473,4.818542003631592,412000,0.0,0.0
1994-01-07 00:00:00-05:00,4.891552593089917,5.0010649645770044,4.855048469260887,4.928056716918945,1643200,0.0,0.0
1994-01-10 00:00:00-05:00,4.928056716918945,4.964560840747975,4.891552593089917,4.928056716918945,568600,0.0,0.0
1994-01-11 00:00:00-05:00,4.928056532449095,5.001064777374268,4.928056532449095,5.001064777374268,1292400,0.0,0.0
1994-01-12 00:00:00-05:00,4.928056675454845,5.074073169542396,4.891552551932957,5.037569046020508,632200,0.0,0.0
1994-01-13 00:00:00-05:00,4.964559555053711,5.001063669429106,4.928055440678317,4.964559555053711,821600,0.0,0.0
1994-01-14 00:00:00-05:00,5.001063806670052,5.147080268178667,4.964559691292899,5.110576152801514,1422400,0.0,0.0
1994-01-17 00:00:00-05:00,5.110577144762025,5.147081267224611,4.818544165061338,5.001064777374268,1139000,0.0,0.0
1994-01-18 00:00:00-05:00,4.964559555053711,5.001063669429106,4.928055440678317,4.964559555053711,777200,0.0,0.0
1994-01-19 00:00:00-05:00,5.00106492249862,5.037569046020508,4.964560798976732,5.037569046020508,712800,0.0,0.0
1994-01-20 00:00:00-05:00,5.110575358072917,5.2200876871744795,5.074071248372396,5.1470794677734375,1045800,0.0,0.0
1994-01-21 00:00:00-05:00,5.110578470296793,5.220090866088867,5.074074338366102,5.220090866088867,1098800,0.0,0.0
1994-01-24 00:00:00-05:00,5.220090866088867,5.256594998019558,5.147082602227485,5.220090866088867,1404600,0.0,0.0
1994-01-25 00:00:00-05:00,5.183586734158176,5.3296032618809415,5.183586734158176,5.220090866088867,1027400,0.0,0.0
1994-01-26 00:00:00-05:00,5.256590162004743,5.65813524382455,5.256590162004743,5.621631145477295,3588200,0.0,0.0
1994-01-27 00:00:00-05:00,5.694646947524127,5.73115109462364,5.548630359126072,5.585134506225586,1690000,0.0,0.0
1994-01-28 00:00:00-05:00,5.548625946044922,5.621634182177092,5.548625946044922,5.548625946044922,712600,0.0,0.0
1994-01-31 00:00:00-05:00,5.585130877842177,5.585130877842177,5.40261026091923,5.512122631072998,1151600,0.0,0.0
1994-02-01 00:00:00-05:00,5.402609473780582,5.658138300243177,5.402609473780582,5.548625946044922,1309800,0.0,0.0
1994-02-02 00:00:00-05:00,5.621634182177092,5.694642418309262,5.548625946044922,5.548625946044922,1178800,0.0,0.0
1994-02-03 00:00:00-05:00,5.548622948782785,5.621631145477295,5.439110653741019,5.621631145477295,778600,0.0,0.0
1994-02-04 00:00:00-05:00,5.548625946044922,5.621634182177092,5.475617709912752,5.548625946044922,642200,0.0,0.0
1994-02-07 00:00:00-05:00,5.402606555393763,5.621631145477295,5.293094260351999,5.621631145477295,1152400,0.0,0.0
1994-02-08 00:00:00-05:00,5.548626754457588,5.585130877842177,5.43911438430382,5.512122631072998,759600,0.0,0.0
1994-02-09 00:00:00-05:00,5.475617709912752,5.658138300243177,5.4391135918466675,5.548625946044922,796400,0.0,0.0
1994-02-10 00:00:00-05:00,5.548625817170014,5.585129934388237,5.293096996642447,5.402609348297119,787600,0.0,0.0
1994-02-11 00:00:00-05:00,5.3661036392052965,5.475615958372751,5.183583107259539,5.256591320037842,598200,0.0,0.0
1994-02-14 00:00:00-05:00,5.256595269564925,5.329603537197771,5.220091135748502,5.293099403381348,528200,0.0,0.0
1994-02-15 00:00:00-05:00,5.366106137534641,5.512122631072999,5.293097890765462,5.512122631072998,711800,0.0,0.0
1994-02-16 00:00:00-05:00,5.475615978240967,5.585128297805786,5.43911187171936,5.475615978240967,574000,0.0,0.0
1994-02-17 00:00:00-05:00,5.54862548520901,5.54862548520901,5.402609025071931,5.439113140106201,414800,0.0,0.0
1994-02-18 00:00:00-05:00,5.439110895403388,5.475614995372538,5.293094495526788,5.366102695465088,312000,0.0,0.0
1994-02-22 00:00:00-05:00,5.43911593864704,5.43911593864704,5.293099403381348,5.293099403381348,725000,0.0,0.0
1994-02-23 00:00:00-05:00,5.366105231078895,5.439113465515343,5.329601113860671,5.402609348297119,388800,0.0,0.0
1994-02-24 00:00:00-05:00,5.4026118048306175,5.4026118048306175,5.256595269564925,5.293099403381348,532200,0.0,0.0
1994-02-25 00:00:00-05:00,5.256590395557637,5.402606795434238,5.220086295588487,5.366102695465088,600200,0.0,0.0
1994-02-28 00:00:00-05:00,5.366103658676148,5.512120084762573,5.366103658676148,5.475615978240967,585000,0.0,0.0
1994-03-01 00:00:00-05:00,5.459496357669569,5.459496357669569,5.31293269706099,5.349573612213135,265200,0.035,0.0
1994-03-02 00:00:00-05:00,5.3495728153510385,5.459495544433594,5.276290995962668,5.459495544433594,572000,0.0,0.0
1994-03-03 00:00:00-05:00,5.459496291908058,5.496137206618851,5.386214462486474,5.422855377197266,324400,0.0,0.0
1994-03-04 00:00:00-05:00,5.459496431792808,5.569419178741657,5.422855516143192,5.532778263092041,858000,0.0,0.0
1994-03-07 00:00:00-05:00,5.532776136398315,5.6060579395294186,5.496135234832763,5.496135234832764,722800,0.0,0.0
1994-03-08 00:00:00-05:00,5.532777363821965,5.532777363821965,5.422854634739409,5.459495544433594,687800,0.0,0.0
1994-03-09 00:00:00-05:00,5.459492875384045,5.715979117851752,5.459492875384045,5.642697334289551,1851200,0.0,0.0
1994-03-10 00:00:00-05:00,5.642701010040889,5.642701010040889,5.496137347442424,5.532778263092041,643000,0.0,0.0
1994-03-11 00:00:00-05:00,5.49614008735208,5.606062889099121,5.49614008735208,5.606062889099121,898200,0.0,0.0
1994-03-14 00:00:00-05:00,5.569421955183441,5.606062889099121,5.53278102126776,5.606062889099121,452600,0.0,0.0
1994-03-15 00:00:00-05:00,5.569421955183441,5.642703823014802,5.569421955183441,5.606062889099121,555400,0.0,0.0
1994-03-16 00:00:00-05:00,5.569419178741657,5.642701010040889,5.53277826309204,5.532778263092041,343200,0.0,0.0
1994-03-17 00:00:00-05:00,5.53278102126776,5.606062889099121,5.3862172856050385,5.606062889099121,378800,0.0,0.0
1994-03-18 00:00:00-05:00,5.569419178741657,5.569419178741657,5.496137347442424,5.532778263092041,694000,0.0,0.0
1994-03-21 00:00:00-05:00,5.422852289109003,5.496134076799666,5.3495705014183415,5.386211395263672,968200,0.0,0.0
1994-03-22 00:00:00-05:00,5.386212530136108,5.496135234832763,5.349571628570557,5.496135234832764,882000,0.0,0.0
1994-03-23 00:00:00-05:00,5.459495698150836,5.642700251780059,5.459495698150836,5.569418430328369,1331200,0.0,0.0
1994-03-24 00:00:00-05:00,5.532776136398315,5.569417037963866,5.496135234832763,5.496135234832764,668200,0.0,0.0
1994-03-25 00:00:00-05:00,5.4961366088766805,5.606059341054214,5.4961366088766805,5.569418430328369,755800,0.0,0.0
1994-03-28 00:00:00-05:00,5.569419178741657,5.606060094391273,5.496137347442424,5.532778263092041,1566000,0.0,0.0
1994-03-29 00:00:00-05:00,5.5327757563855915,5.5327757563855915,5.276289463043213,5.276289463043213,1531400,0.0,0.0
1994-03-30 00:00:00-05:00,5.276292998215248,5.422856692610115,5.203011151017813,5.312933921813965,1589800,0.0,0.0
1994-03-31 00:00:00-05:00,5.276293253727096,5.312934179100202,4.836602149249838,5.093088626861572,1561000,0.0,0.0
1994-04-04 00:00:00-04:00,4.873243074622943,5.129729552234677,4.799961223876734,5.093088626861572,920800,0.0,0.0
1994-04-05 00:00:00-04:00,5.239648563994302,5.349571261141035,5.129725866847568,5.276289463043213,1442800,0.0,0.0
1994-04-06 00:00:00-04:00,5.422855442517424,5.496137272821714,5.349573612213135,5.349573612213135,596400,0.0,0.0
1994-04-07 00:00:00-04:00,5.349573612213135,5.422855442517424,5.31293269706099,5.349573612213135,631000,0.0,0.0
1994-04-08 00:00:00-04:00,5.349573612213135,5.459496357669569,5.31293269706099,5.349573612213135,640400,0.0,0.0
1994-04-11 00:00:00-04:00,5.349571261141035,5.422853059238857,5.276289463043213,5.276289463043213,715200,0.0,0.0
1994-04-12 00:00:00-04:00,5.276292998215248,5.3862157690113985,5.276292998215248,5.312933921813965,315400,0.0,0.0
1994-04-13 00:00:00-04:00,5.312931905656853,5.459495544433594,5.239650086268483,5.459495544433594,803600,0.0,0.0
1994-04-14 00:00:00-04:00,5.422853059238857,5.422853059238857,5.276289463043213,5.276289463043213,310000,0.0,0.0
1994-04-15 00:00:00-04:00,5.239652074616531,5.349574845412682,5.239652074616531,5.312933921813965,498000,0.0,0.0
1994-04-18 00:00:00-04:00,5.386212160189946,5.386212160189946,5.203007664945391,5.276289463043213,292000,0.0,0.0
1994-04-19 00:00:00-04:00,5.203011706158832,5.349575416191475,5.203011706158832,5.239652633666992,949800,0.0,0.0
1994-04-20 00:00:00-04:00,5.276292552118716,5.349574393120365,5.019806108612945,5.0564470291137695,1123600,0.0,0.0
1994-04-21 00:00:00-04:00,5.0564470291137695,5.129728870115418,4.983165188112121,5.0564470291137695,1767800,0.0,0.0
1994-04-22 00:00:00-04:00,5.129727840423584,5.239650579861232,5.056446014131819,5.129727840423584,635600,0.0,0.0
1994-04-25 00:00:00-04:00,5.093088923634349,5.276293561175153,5.056447996126189,5.239652633666992,743000,0.0,0.0
1994-04-26 00:00:00-04:00,5.2396478198823475,5.4594931829543345,5.2396478198823475,5.386211395263672,981600,0.0,0.0
1994-04-28 00:00:00-04:00,5.386214600493576,5.569419178741657,5.386214600493576,5.532778263092041,1308600,0.0,0.0
1994-04-29 00:00:00-04:00,5.569421955183441,5.679344756930482,5.53278102126776,5.606062889099121,1754600,0.0,0.0
1994-05-02 00:00:00-04:00,5.60605990051464,5.825905386809332,5.569418986132191,5.752623558044434,2728800,0.0,0.0
1994-05-03 00:00:00-04:00,5.715982643661985,5.789264472426883,5.679341729279537,5.752623558044434,1792600,0.0,0.0
1994-05-04 00:00:00-04:00,5.715982913970947,5.715982913970947,5.642701081740551,5.715982913970947,1104000,0.0,0.0
1994-05-05 00:00:00-04:00,5.715982073231747,5.715982073231747,5.532777519602525,5.569418430328369,725800,0.0,0.0
1994-05-06 00:00:00-04:00,5.532777519602525,5.569418430328369,5.459495698150836,5.569418430328369,891200,0.0,0.0
1994-05-09 00:00:00-04:00,5.459496291908058,5.569419036040435,5.386214462486474,5.422855377197266,768800,0.0,0.0
1994-05-10 00:00:00-04:00,5.496135234832763,5.532776136398315,5.42285343170166,5.496135234832764,584400,0.0,0.0
1994-05-11 00:00:00-04:00,5.496137347442424,5.606060094391273,5.496137347442424,5.532778263092041,709000,0.0,0.0
1994-05-12 00:00:00-04:00,5.606060094391273,5.642701010040889,5.496137347442424,5.532778263092041,1025400,0.0,0.0
1994-05-13 00:00:00-04:00,5.569417037963866,5.569417037963866,5.4594943332672115,5.496135234832764,1264200,0.0,0.0
1994-05-16 00:00:00-04:00,5.532776136398315,5.6060579395294186,5.496135234832763,5.496135234832764,2640000,0.0,0.0
1994-05-17 00:00:00-04:00,5.532776136398315,5.6060579395294186,5.496135234832763,5.496135234832764,2230400,0.0,0.0
1994-05-18 00:00:00-04:00,5.53278102126776,5.606062889099121,5.49614008735208,5.606062889099121,1183400,0.0,0.0
1994-05-19 00:00:00-04:00,5.789264409047252,5.935828064972499,5.789264409047252,5.8259053230285645,3126000,0.0,0.0
1994-05-20 00:00:00-04:00,5.862548069924301,5.899188995361328,5.8259071444872745,5.899188995361328,2172000,0.0,0.0
1994-05-23 00:00:00-04:00,5.862546443939209,5.89918735921383,5.825905528664589,5.862546443939209,1563400,0.0,0.0
1994-05-24 00:00:00-04:00,5.862548069924301,5.972470846235383,5.8259071444872745,5.899188995361328,860000,0.0,0.0
1994-05-25 00:00:00-04:00,5.899188910525269,5.972470760345459,5.899188910525269,5.972470760345459,613200,0.0,0.0
1994-05-26 00:00:00-04:00,5.9724690594324255,6.082391802857562,5.93582814495738,6.009109973907471,717400,0.0,0.0
1994-05-27 00:00:00-04:00,5.9724691897630695,6.009110105037689,5.862546443939209,5.862546443939209,828600,0.0,0.0
1994-05-31 00:00:00-04:00,5.825907060705079,6.045752610165648,5.825907060705079,5.972470760345459,610200,0.0,0.0
1994-06-01 00:00:00-04:00,5.956290071660822,6.103358962319114,5.882755626331676,6.066591739654541,665800,0.035,0.0
1994-06-02 00:00:00-04:00,6.066592917209718,6.066592917209718,5.956291227805905,6.029825687408447,1027000,0.0,0.0
1994-06-03 00:00:00-04:00,5.993058457607177,6.1033601470109895,5.993058457607177,6.029825687408447,309000,0.0,0.0
1994-06-06 00:00:00-04:00,6.066592917209718,6.1033601470109895,5.956291227805905,6.029825687408447,657200,0.0,0.0
1994-06-07 00:00:00-04:00,6.029828311475508,6.066595557277188,5.9562938198721485,5.993061065673828,911400,0.0,0.0
1994-06-08 00:00:00-04:00,5.993057948571664,5.993057948571664,5.882756268536603,5.9562907218933105,523000,0.0,0.0
1994-06-09 00:00:00-04:00,5.919527053833008,5.956294302614579,5.882759805051436,5.919527053833008,853800,0.0,0.0
1994-06-10 00:00:00-04:00,5.956294302614579,5.993061551396151,5.919527053833008,5.919527053833008,318400,0.0,0.0
1994-06-13 00:00:00-04:00,5.919522848996249,6.103358962319114,5.919522848996249,6.066591739654541,543000,0.0,0.0
1994-06-14 00:00:00-04:00,6.103360652923584,6.213662351470395,6.103360652923584,6.103360652923584,1327200,0.0,0.0
1994-06-15 00:00:00-04:00,6.140126184983687,6.140126184983687,6.029824516989968,6.066591739654541,507000,0.0,0.0
1994-06-16 00:00:00-04:00,6.066591739654541,6.140126184983687,6.029824516989968,6.066591739654541,353200,0.0,0.0
1994-06-17 00:00:00-04:00,6.1768951186214585,6.1768951186214585,6.0298261872257095,6.103360652923584,1341800,0.0,0.0
1994-06-20 00:00:00-04:00,5.956294302614579,5.956294302614579,5.809225307488293,5.919527053833008,977800,0.0,0.0
1994-06-21 00:00:00-04:00,5.919525354336469,5.919525354336469,5.735689163208007,5.735689163208008,672400,0.0,0.0
1994-06-22 00:00:00-04:00,5.772453738797096,5.809220960063319,5.698919296264648,5.698919296264648,602800,0.0,0.0
1994-06-23 00:00:00-04:00,5.735686517530872,5.845988181329543,5.698919296264648,5.698919296264648,1329200,0.0,0.0
1994-06-24 00:00:00-04:00,5.735687141418458,5.735687141418458,5.478316564559937,5.5150837898254395,593400,0.0,0.0
1994-06-27 00:00:00-04:00,5.515087352079504,5.662156348134957,5.4783201030656405,5.625389099121094,1625600,0.0,0.0
1994-06-28 00:00:00-04:00,5.625385363390491,5.772454261779785,5.625385363390491,5.772454261779785,539000,0.0,0.0
1994-06-29 00:00:00-04:00,5.7356877628761005,5.845989450623718,5.7356877628761005,5.809222221374512,281800,0.0,0.0
1994-06-30 00:00:00-04:00,5.845990877885084,5.845990877885084,5.698921924982315,5.735689163208008,590400,0.0,0.0
1994-07-01 00:00:00-04:00,5.809222221374512,5.809222221374512,5.7356877628761005,5.809222221374512,322200,0.0,0.0
1994-07-05 00:00:00-04:00,5.84598970413208,5.919524165819276,5.809222473288482,5.84598970413208,198000,0.0,0.0
1994-07-06 00:00:00-04:00,5.809222473288482,5.956291396662874,5.809222473288482,5.84598970413208,448600,0.0,0.0
1994-07-07 00:00:00-04:00,5.882758116110777,5.882758116110777,5.735689163208007,5.735689163208008,250800,0.0,0.0
1994-07-08 00:00:00-04:00,5.735687361823188,5.9562907218933105,5.735687361823188,5.9562907218933105,215800,0.0,0.0
1994-07-11 00:00:00-04:00,5.956291396662874,5.956291396662874,5.7724552424448845,5.84598970413208,586600,0.0,0.0
1994-07-12 00:00:00-04:00,5.845988181329543,5.845988181329543,5.698919296264648,5.698919296264648,183600,0.0,0.0
1994-07-13 00:00:00-04:00,5.73568480355399,5.772452013833182,5.662150382995605,5.6621503829956055,474000,0.0,0.0
1994-07-14 00:00:00-04:00,5.735687792301178,5.88275671005249,5.662153333425522,5.88275671005249,452200,0.0,0.0
1994-07-15 00:00:00-04:00,5.88275671005249,5.919523939490318,5.845989480614662,5.88275671005249,493000,0.0,0.0
1994-07-18 00:00:00-04:00,5.919523998004634,6.029825687408447,5.845989538402092,6.029825687408447,417000,0.0,0.0
1994-07-19 00:00:00-04:00,6.360729477871423,6.434263922702307,6.28719503304054,6.397496700286865,2489000,0.0,0.0
1994-07-20 00:00:00-04:00,6.397498539515904,6.397498539515904,6.140127908615838,6.1768951416015625,1146800,0.0,0.0
1994-07-21 00:00:00-04:00,6.140127885772521,6.1768951186214585,6.0298261872257095,6.103360652923584,522200,0.0,0.0
1994-07-22 00:00:00-04:00,6.140128155431804,6.323964327750122,6.103360920968141,6.213662624359131,1173000,0.0,0.0
1994-07-25 00:00:00-04:00,6.176895389895468,6.213662624359132,6.140128155431804,6.213662624359131,228400,0.0,0.0
1994-07-26 00:00:00-04:00,6.176894254462663,6.323963165283203,6.176894254462663,6.323963165283203,936400,0.0,0.0
1994-07-27 00:00:00-04:00,6.287198074980279,6.360732555389404,6.250430834775716,6.360732555389404,676200,0.0,0.0
1994-07-28 00:00:00-04:00,6.36073045838963,6.47103214263916,6.36073045838963,6.47103214263916,679200,0.0,0.0
1994-07-29 00:00:00-04:00,6.4710336049397785,6.728404259681702,6.434266368548076,6.618102550506592,1359200,0.0,0.0
1994-08-01 00:00:00-04:00,6.6180992650461725,6.949004228298481,6.5813320469070264,6.691633701324463,1360200,0.0,0.0
1994-08-02 00:00:00-04:00,6.654868283055046,6.691635511138223,6.47103214263916,6.47103214263916,1106600,0.0,0.0
1994-08-03 00:00:00-04:00,6.507800841331482,6.618102550506592,6.360731895764669,6.618102550506592,657800,0.0,0.0
1994-08-04 00:00:00-04:00,6.54456875641222,6.581335996616783,6.360732555389404,6.360732555389404,1029200,0.0,0.0
1994-08-05 00:00:00-04:00,6.323963165283203,6.360730392988338,6.287195937578068,6.323963165283203,320800,0.0,0.0
1994-08-08 00:00:00-04:00,6.287198548998152,6.434267520904541,6.250431306021555,6.434267520904541,583000,0.0,0.0
1994-08-09 00:00:00-04:00,6.434263922702307,6.471031145117749,6.360729477871423,6.397496700286865,709600,0.0,0.0
1994-08-10 00:00:00-04:00,6.434266580700201,6.544568293512205,6.434266580700201,6.507801055908203,862200,0.0,0.0
1994-08-11 00:00:00-04:00,6.507801055908203,6.618102768720207,6.507801055908203,6.507801055908203,806400,0.0,0.0
1994-08-12 00:00:00-04:00,6.507802006857736,6.544569249834333,6.397500277927944,6.434267520904541,376000,0.0,0.0
1994-08-15 00:00:00-04:00,6.36072772288183,6.397494935152823,6.25042608606885,6.287193298339844,277000,0.0,0.0
1994-08-16 00:00:00-04:00,6.323965315184842,6.360732555389404,6.287198074980279,6.360732555389404,1035600,0.0,0.0
1994-08-17 00:00:00-04:00,6.360730392988338,6.397497620693473,6.287195937578068,6.323963165283203,1372200,0.0,0.0
1994-08-18 00:00:00-04:00,6.287193298339843,6.323960510610837,6.213658873797857,6.287193298339844,1464000,0.0,0.0
1994-08-19 00:00:00-04:00,6.323960510610837,6.323960510610837,6.287193298339843,6.287193298339844,192800,0.0,0.0
1994-08-22 00:00:00-04:00,6.323964867888198,6.544568293512205,6.323964867888198,6.507801055908203,1418000,0.0,0.0
1994-08-23 00:00:00-04:00,6.4710336049397785,6.765171496073405,6.4710336049397785,6.618102550506592,1938800,0.0,0.0
1994-08-24 00:00:00-04:00,6.6181010878487925,6.6548683161146185,6.397497718253833,6.544566631317139,1142200,0.0,0.0
1994-08-25 00:00:00-04:00,6.544566631317139,6.581333859582966,6.471032174785486,6.544566631317139,1123600,0.0,0.0
1994-08-26 00:00:00-04:00,6.544568077723185,6.654869786898296,6.544568077723185,6.618102550506592,1227400,0.0,0.0
1994-08-29 00:00:00-04:00,6.6180992650461725,6.765168137602754,6.6180992650461725,6.691633701324463,962000,0.0,0.0
1994-08-30 00:00:00-04:00,6.69163535313053,6.7284025803455325,6.581333671485521,6.654868125915527,571800,0.0,0.0
1994-08-31 00:00:00-04:00,6.6180992650461725,6.8387025738810445,6.6180992650461725,6.691633701324463,1269400,0.0,0.0
1994-09-01 00:00:00-04:00,6.638526705747151,6.712288113588786,6.601646001826333,6.675407409667969,566600,0.035,0.0
1994-09-02 00:00:00-04:00,6.67540494290144,6.67540494290144,6.601643562316894,6.6016435623168945,811400,0.0,0.0
1994-09-06 00:00:00-04:00,6.564761441329431,6.564761441329431,6.343477347801472,6.417238712310791,1011600,0.0,0.0
1994-09-07 00:00:00-04:00,6.417238712310792,6.417238712310792,6.343477347801472,6.417238712310791,505200,0.0,0.0
1994-09-08 00:00:00-04:00,6.4172385243007115,6.5647612489972795,6.3803578431265695,6.4541192054748535,1045600,0.0,0.0
1994-09-09 00:00:00-04:00,6.380361557006836,6.417242259648495,6.343480854365178,6.380361557006836,273200,0.0,0.0
1994-09-12 00:00:00-04:00,6.306596665546812,6.417238712310792,6.232835301037493,6.417238712310791,289600,0.0,0.0
1994-09-13 00:00:00-04:00,6.380361557006836,6.49100366493181,6.380361557006836,6.380361557006836,1899400,0.0,0.0
1994-09-14 00:00:00-04:00,6.417240110855528,6.601643562316894,6.417240110855528,6.6016435623168945,900600,0.0,0.0
1994-09-15 00:00:00-04:00,6.601642234351044,6.896687697338801,6.601642234351044,6.859807014465332,1600600,0.0,0.0
1994-09-16 00:00:00-04:00,6.859818255315061,6.859818255315061,6.712295282082479,6.749176025390625,1312800,0.0,0.0
1994-09-19 00:00:00-04:00,6.786045648718392,6.97044906308574,6.786045648718392,6.859807014465332,1080400,0.0,0.0
1994-09-20 00:00:00-04:00,6.786051236666165,6.8229319499089165,6.638528383695162,6.712289810180664,605200,0.0,0.0
1994-09-21 00:00:00-04:00,6.712290567965121,6.896694154997129,6.675409850558719,6.822932720184326,1018200,0.0,0.0
1994-09-22 00:00:00-04:00,6.786048762003581,6.822929461797078,6.63852596282959,6.63852596282959,350200,0.0,0.0
1994-09-23 00:00:00-04:00,6.675407409667969,6.675407409667969,6.564765297905516,6.675407409667969,310800,0.0,0.0
1994-09-26 00:00:00-04:00,6.638526705747151,6.749168817509604,6.638526705747151,6.675407409667969,259800,0.0,0.0
1994-09-27 00:00:00-04:00,6.638528383695162,6.8229319499089165,6.56476695720966,6.712289810180664,1129600,0.0,0.0
1994-09-28 00:00:00-04:00,6.749167184981088,7.081093439980158,6.749167184981088,6.970451354980469,2003200,0.0,0.0
1994-09-29 00:00:00-04:00,6.970451228320599,7.117974005639553,6.970451228320599,7.0810933113098145,1638800,0.0,0.0
1994-09-30 00:00:00-04:00,7.081094125600961,7.265497618455153,7.081094125600961,7.191736221313477,2884000,0.0,0.0
1994-10-03 00:00:00-04:00,7.191738824254458,7.191738824254458,7.007335264658191,7.154858112335205,933600,0.0,0.0
1994-10-04 00:00:00-04:00,7.154859176841941,7.228620611654745,6.822932720184325,6.822932720184326,2274800,0.0,0.0
1994-10-05 00:00:00-04:00,6.8229319499089165,6.8229319499089165,6.454124817481407,6.712289810180664,3499400,0.0,0.0
1994-10-06 00:00:00-04:00,6.7122877849621725,6.7122877849621725,6.527884274386289,6.564764976501465,897800,0.0,0.0
1994-10-07 00:00:00-04:00,6.601645263036092,6.786048762003581,6.601645263036092,6.63852596282959,768600,0.0,0.0
1994-10-10 00:00:00-04:00,6.675409602082294,6.8598131822503134,6.601648170015086,6.7860517501831055,705600,0.0,0.0
1994-10-11 00:00:00-04:00,6.822932748233572,7.0810977711397065,6.7860520306755525,6.896694183349609,895000,0.0,0.0
1994-10-12 00:00:00-04:00,6.933570659980571,7.081093439980158,6.896689964980675,6.970451354980469,430600,0.0,0.0
1994-10-13 00:00:00-04:00,7.044215679168701,7.11797709989298,7.007334968806561,7.044215679168701,592800,0.0,0.0
1994-10-14 00:00:00-04:00,7.0073375549722225,7.0073375549722225,6.822933935104532,6.9335761070251465,595000,0.0,0.0
1994-10-17 00:00:00-04:00,6.970454000171862,7.044215418163098,6.896692582180625,7.0073347091674805,609400,0.0,0.0
1994-10-18 00:00:00-04:00,6.97044906308574,6.97044906308574,6.859807014465331,6.859807014465332,725600,0.0,0.0
1994-10-19 00:00:00-04:00,6.8598092699807784,7.007332049980365,6.749167184981088,6.970451354980469,945800,0.0,0.0
1994-10-20 00:00:00-04:00,6.970455618465649,7.007336336023668,6.859813465791591,6.896694183349609,819600,0.0,0.0
1994-10-21 00:00:00-04:00,6.9335761070251465,6.9335761070251465,6.85981465907807,6.9335761070251465,1061000,0.0,0.0
1994-10-24 00:00:00-04:00,6.933574089637169,6.933574089637169,6.712289810180663,6.712289810180664,782000,0.0,0.0
1994-10-25 00:00:00-04:00,6.712285633193713,6.712285633193713,6.527882181732347,6.6016435623168945,1718000,0.0,0.0
1994-10-26 00:00:00-04:00,6.78605676869877,6.933579741931352,6.712295282082479,6.749176025390625,1396000,0.0,0.0
1994-10-27 00:00:00-04:00,6.749176025390624,6.78605676869877,6.712295282082479,6.749176025390625,386600,0.0,0.0
1994-10-28 00:00:00-04:00,6.749171285371522,6.822932720184325,6.749171285371522,6.822932720184326,655800,0.0,0.0
1994-10-31 00:00:00-05:00,6.896694154997129,6.933574872403531,6.786052002777923,6.822932720184326,1123800,0.0,0.0
1994-11-01 00:00:00-05:00,6.786047013778259,6.786047013778259,6.5647628720246205,6.6016435623168945,1386400,0.0,0.0
1994-11-02 00:00:00-05:00,6.56476695720966,6.786051236666165,6.491005530724158,6.712289810180664,1244000,0.0,0.0
1994-11-03 00:00:00-05:00,6.749171285371522,6.859813437590727,6.749171285371522,6.822932720184326,710200,0.0,0.0
1994-11-04 00:00:00-05:00,6.822932720184325,6.896694154997129,6.786052002777923,6.822932720184326,447400,0.0,0.0
1994-11-07 00:00:00-05:00,6.749176025390624,6.859818255315061,6.6754145387743336,6.749176025390625,225600,0.0,0.0
1994-11-08 00:00:00-05:00,6.786051236666165,6.786051236666165,6.675409096937913,6.712289810180664,414400,0.0,0.0
1994-11-09 00:00:00-05:00,6.786049189192526,6.786049189192526,6.4910035722711115,6.564764976501465,863800,0.0,0.0
1994-11-10 00:00:00-05:00,6.564765009963721,6.601645712266888,6.269719391538385,6.306600093841553,759600,0.0,0.0
1994-11-11 00:00:00-05:00,6.269719701824767,6.3434811100815285,5.974674068797719,6.085316181182861,1899800,0.0,0.0
1994-11-14 00:00:00-05:00,6.08531836952482,6.195960521697998,5.7533919130052835,6.195960521697998,4177400,0.0,0.0
1994-11-15 00:00:00-05:00,6.195958293568005,6.195958293568005,6.048435477054481,6.085316181182861,929000,0.0,0.0
1994-11-16 00:00:00-05:00,6.08531588002255,6.306600093841552,6.08531588002255,6.306600093841553,1014400,0.0,0.0
1994-11-17 00:00:00-05:00,6.195959787882731,6.2328405009058425,6.122198361836508,6.159079074859619,613400,0.0,0.0
1994-11-18 00:00:00-05:00,6.195956762582978,6.195956762582978,5.9746725924907285,6.0115532875061035,639000,0.0,0.0
1994-11-21 00:00:00-05:00,6.122198581695556,6.195960010390683,6.085317867347992,6.122198581695557,434800,0.0,0.0
1994-11-22 00:00:00-05:00,6.048435850913481,6.122197263729499,5.937793731689454,5.937793731689453,734200,0.0,0.0
1994-11-23 00:00:00-05:00,5.900911202459978,6.0115532875061035,5.900911202459978,6.0115532875061035,485400,0.0,0.0
1994-11-25 00:00:00-05:00,6.011552932858467,6.085314318537712,5.9009108543396,5.9009108543396,151200,0.0,0.0
1994-11-28 00:00:00-05:00,5.900911741618868,5.937792440003986,5.753388948078396,5.827150344848633,703000,0.0,0.0
1994-11-29 00:00:00-05:00,5.753389358520507,5.827150760552821,5.6796279564881935,5.753389358520508,1126600,0.0,0.0
1994-11-30 00:00:00-05:00,5.790270699395073,5.974674224853515,5.753389994303385,5.974674224853516,1184800,0.0,0.0
1994-12-01 00:00:00-05:00,5.921381824421433,5.9953990972267,5.81035591521353,5.884373188018799,483800,0.035,0.0
1994-12-02 00:00:00-05:00,5.884373090885304,5.995398998260498,5.884373090885304,5.995398998260498,476000,0.0,0.0
1994-12-05 00:00:00-05:00,6.032407283782959,6.14343318471148,5.995398650140118,6.032407283782959,403600,0.0,0.0
1994-12-06 00:00:00-05:00,6.0324076340522295,6.0324076340522295,5.958390362468767,5.995398998260498,879400,0.0,0.0
1994-12-07 00:00:00-05:00,5.921381726677035,6.0324076340522295,5.921381726677035,5.995398998260498,456200,0.0,0.0
1994-12-08 00:00:00-05:00,6.069414259512213,6.143431506579435,5.773345271243325,5.847362518310547,581200,0.0,0.0
1994-12-09 00:00:00-05:00,5.810355404884585,5.810355404884585,5.551294972819667,5.736338138580322,1531200,0.0,0.0
1994-12-12 00:00:00-05:00,5.699329245324229,5.773346508250517,5.588303350934796,5.662320613861084,1045600,0.0,0.0
1994-12-13 00:00:00-05:00,5.62531198239794,5.736337876787373,5.588303350934796,5.662320613861084,1154600,0.0,0.0
1994-12-14 00:00:00-05:00,5.6993270542310634,5.995395992113197,5.6993270542310634,5.95838737487793,764800,0.0,0.0
1994-12-15 00:00:00-05:00,5.995395992113197,6.06941322658373,5.958387374877931,5.95838737487793,642600,0.0,0.0
1994-12-16 00:00:00-05:00,6.06941322658373,6.06941322658373,5.958387374877931,5.95838737487793,765000,0.0,0.0
1994-12-19 00:00:00-05:00,5.921381824421433,5.9583904608240665,5.773347278810896,5.884373188018799,372600,0.0,0.0
1994-12-20 00:00:00-05:00,5.847363905473189,6.143432963978161,5.847363905473189,6.106424331665039,819000,0.0,0.0
1994-12-21 00:00:00-05:00,6.18043907828953,6.254456312760063,5.958387374877931,5.95838737487793,437400,0.0,0.0
1994-12-22 00:00:00-05:00,5.958390016497279,6.069415917425799,5.958390016497279,6.032407283782959,416000,0.0,0.0
1994-12-23 00:00:00-05:00,6.069415699351918,6.217450228604404,6.069415699351918,6.106424331665039,270800,0.0,0.0
1994-12-27 00:00:00-05:00,6.069416423043805,6.217450969947312,6.069416423043805,6.1804423332214355,302600,0.0,0.0
1994-12-28 00:00:00-05:00,6.14343318471148,6.14343318471148,5.958390016497279,6.032407283782959,412200,0.0,0.0
1994-12-29 00:00:00-05:00,5.921385695294637,6.106428998272594,5.921385695294637,6.069420337677002,480800,0.0,0.0
1994-12-30 00:00:00-05:00,6.069420337677002,6.106428998272594,5.995403016485819,6.069420337677002,556600,0.0,0.0
1995-01-03 00:00:00-05:00,6.0324076340522295,6.069416269843961,5.884373090885304,5.995398998260498,500800,0.0,0.0
1995-01-04 00:00:00-05:00,5.995395992113197,6.032404609348464,5.8843701404073965,5.95838737487793,292200,0.0,0.0
1995-01-05 00:00:00-05:00,5.958389802412554,6.10642433166504,5.9213811700994325,6.106424331665039,507600,0.0,0.0
1995-01-06 00:00:00-05:00,6.069416080202375,6.254459253379277,6.069416080202375,6.2174506187438965,1409600,0.0,0.0
1995-01-09 00:00:00-05:00,6.217451117759527,6.439502943393796,6.217451117759527,6.365485668182373,484200,0.0,0.0
1995-01-10 00:00:00-05:00,6.365483410387155,6.4395006593451445,6.143431663513184,6.143431663513184,522600,0.0,0.0
1995-01-11 00:00:00-05:00,6.217450228604404,6.217450228604404,5.995398434725675,6.106424331665039,358000,0.0,0.0
1995-01-12 00:00:00-05:00,6.032411677081411,6.143437658868185,6.032411677081411,6.069420337677002,280600,0.0,0.0
1995-01-13 00:00:00-05:00,6.069415699351918,6.10642433166504,5.995398434725675,6.106424331665039,685200,0.0,0.0
1995-01-16 00:00:00-05:00,6.106425059769681,6.254459606673189,6.106425059769681,6.1804423332214355,648600,0.0,0.0
1995-01-17 00:00:00-05:00,6.217454169778263,6.291471481323241,6.180445514005773,6.291471481323242,484600,0.0,0.0
1995-01-18 00:00:00-05:00,6.254459857940674,6.328477134366007,6.217451219728007,6.254459857940674,297600,0.0,0.0
1995-01-19 00:00:00-05:00,6.29146849615334,6.3654857725786735,6.106425305090006,6.254459857940674,1184000,0.0,0.0
1995-01-20 00:00:00-05:00,6.328480137095731,6.328480137095731,6.180445514005773,6.291471481323242,767600,0.0,0.0
1995-01-23 00:00:00-05:00,6.180440287992179,6.254457536950169,6.106423039034189,6.143431663513184,565600,0.0,0.0
1995-01-24 00:00:00-05:00,6.143437658868185,6.217454980059368,5.995403016485819,6.069420337677002,469000,0.0,0.0
1995-01-25 00:00:00-05:00,6.106424905635692,6.106424905635692,5.847364455093572,5.995398998260498,544600,0.0,0.0
1995-01-26 00:00:00-05:00,5.958390016497279,6.032407283782959,5.958390016497279,6.032407283782959,522800,0.0,0.0
1995-01-27 00:00:00-05:00,6.106424905635692,6.2174508130108865,5.995398998260498,5.995398998260498,814400,0.0,0.0
1995-01-30 00:00:00-05:00,5.9953990972267,6.106425006434602,5.884373188018798,5.884373188018799,754000,0.0,0.0
1995-01-31 00:00:00-05:00,5.8843701404073965,5.958387374877931,5.84736152317213,5.95838737487793,1006400,0.0,0.0
1995-02-01 00:00:00-05:00,5.958387374877931,6.032404609348464,5.921378757642664,5.95838737487793,500400,0.0,0.0
1995-02-02 00:00:00-05:00,6.032404609348464,6.06941322658373,5.958387374877931,5.95838737487793,472600,0.0,0.0
1995-02-03 00:00:00-05:00,6.032407283782959,6.106424551068639,5.995398650140118,6.032407283782959,310600,0.0,0.0
1995-02-06 00:00:00-05:00,6.0324076340522295,6.143433541427424,5.995398998260498,5.995398998260498,445600,0.0,0.0
1995-02-07 00:00:00-05:00,6.106425305090006,6.254459857940674,6.06941666687734,6.254459857940674,1055600,0.0,0.0
1995-02-08 00:00:00-05:00,6.328475475311279,6.4024927323324645,6.254458218290095,6.328475475311279,970000,0.0,0.0
1995-02-09 00:00:00-05:00,6.254459606673189,6.291468243399065,6.180442333221435,6.1804423332214355,609400,0.0,0.0
1995-02-10 00:00:00-05:00,6.254458860917525,6.254458860917525,6.069415699351918,6.106424331665039,1825200,0.0,0.0
1995-02-13 00:00:00-05:00,6.143433349473136,6.254459253379277,6.143433349473136,6.2174506187438965,839400,0.0,0.0
1995-02-14 00:00:00-05:00,6.254458218290095,6.365484103821872,6.217449589779503,6.328475475311279,674400,0.0,0.0
1995-02-15 00:00:00-05:00,6.328473995471822,6.476508474898064,6.291465375615262,6.439499855041504,1103600,0.0,0.0
1995-02-16 00:00:00-05:00,6.439501360843057,6.439501360843057,6.254458218290095,6.328475475311279,842400,0.0,0.0
1995-02-17 00:00:00-05:00,6.365484103821872,6.550527246374833,6.291466846800687,6.328475475311279,921600,0.0,0.0
1995-02-21 00:00:00-05:00,6.328473668779646,6.513516758510044,6.328473668779646,6.476508140563965,514200,0.0,0.0
1995-02-22 00:00:00-05:00,6.513517658362228,6.624543527538857,6.439500412244476,6.5875349044799805,642200,0.0,0.0
1995-02-23 00:00:00-05:00,6.5875349044799805,6.624543527538857,6.476509035303352,6.5875349044799805,387800,0.0,0.0
1995-02-24 00:00:00-05:00,6.624547123908997,6.624547123908997,6.439503908157349,6.513521194458008,369000,0.0,0.0
1995-02-27 00:00:00-05:00,6.513521312993799,6.587538600641455,6.476512669169971,6.550529956817627,554200,0.0,0.0
1995-02-28 00:00:00-05:00,6.587536253323213,6.698562145233154,6.550527622686565,6.698562145233154,561400,0.0,0.0
1995-03-01 00:00:00-05:00,6.6480522437762195,6.945171897129346,6.6480522437762195,6.908031940460205,2099600,0.04,0.0
1995-03-02 00:00:00-05:00,6.833750037507637,6.833750037507637,6.648050308227539,6.648050308227539,1336800,0.0,0.0
1995-03-03 00:00:00-05:00,6.648054756013687,6.685194726717674,6.536634843901726,6.573774814605713,794000,0.0,0.0
1995-03-06 00:00:00-05:00,6.536633291909861,6.536633291909861,6.350933482480603,6.388073444366455,1009800,0.0,0.0
1995-03-07 00:00:00-05:00,6.3880711159510914,6.462351012648197,6.313791219253986,6.350931167602539,1029800,0.0,0.0
1995-03-08 00:00:00-05:00,6.053813525188116,6.090953485465343,5.905253684079205,6.016673564910889,3155600,0.0,0.0
1995-03-09 00:00:00-05:00,6.016673286006136,6.128093161672917,5.9052534103393555,5.9052534103393555,1778800,0.0,0.0
1995-03-10 00:00:00-05:00,5.9052523381961795,5.979532241821289,5.8681123863836255,5.979532241821289,2720800,0.0,0.0
1995-03-13 00:00:00-05:00,5.942393368894949,5.979533327450543,5.8681134517837625,5.9052534103393555,1250000,0.0,0.0
1995-03-14 00:00:00-05:00,5.942392863199383,6.2023725509643555,5.942392863199383,6.2023725509643555,1471800,0.0,0.0
1995-03-15 00:00:00-05:00,6.3137969970703125,6.35093697940602,6.239517032398897,6.3137969970703125,1103200,0.0,0.0
1995-03-16 00:00:00-05:00,6.3137927704308865,6.3137927704308865,6.239512855484641,6.276652812957764,693600,0.0,0.0
1995-03-17 00:00:00-05:00,6.2766535587089,6.425213406252307,6.239513596823049,6.388073444366455,1302800,0.0,0.0
1995-03-20 00:00:00-05:00,6.350931881495885,6.499491691589356,6.350931881495885,6.4994916915893555,926400,0.0,0.0
1995-03-21 00:00:00-05:00,6.536629580379872,6.648049402772711,6.499489639582259,6.610909461975098,1148200,0.0,0.0
1995-03-22 00:00:00-05:00,6.6109147853097,6.722334697421661,6.536634843901726,6.573774814605713,1509000,0.0,0.0
1995-03-23 00:00:00-05:00,6.610909461975098,6.6666193731715175,6.536629580379872,6.610909461975098,882200,0.0,0.0
1995-03-24 00:00:00-05:00,6.573774814605713,6.6109147853097,6.536634843901726,6.573774814605713,873600,0.0,0.0
1995-03-27 00:00:00-05:00,6.648052560690358,6.759472436009191,6.610912602250747,6.72233247756958,1197200,0.0,0.0
1995-03-28 00:00:00-05:00,6.759472984737821,6.759472984737821,6.64805310037401,6.685193061828613,807200,0.0,0.0
1995-03-29 00:00:00-05:00,6.685192519129969,6.778042415228996,6.648052560690358,6.72233247756958,2113200,0.0,0.0
1995-03-30 00:00:00-05:00,6.796613620675128,6.83375358581543,6.648053760113923,6.83375358581543,1255400,0.0,0.0
1995-03-31 00:00:00-05:00,6.833752027121924,6.982311853798487,6.759472113783642,6.908031940460205,943800,0.0,0.0
1995-04-03 00:00:00-04:00,6.833752907647027,6.908032830556234,6.685193061828613,6.685193061828613,1029000,0.0,0.0
1995-04-04 00:00:00-04:00,6.722332157114501,6.945171897129346,6.722332157114501,6.908031940460205,798200,0.0,0.0
1995-04-05 00:00:00-04:00,6.87089185765449,6.982311725616454,6.833751901667168,6.982311725616455,795400,0.0,0.0
1995-04-06 00:00:00-04:00,6.945171897129346,7.019451810467628,6.908031940460206,6.908031940460205,855000,0.0,0.0
1995-04-07 00:00:00-04:00,6.908032484312315,6.945172443905392,6.8337525651261615,6.870892524719238,529000,0.0,0.0
1995-04-10 00:00:00-04:00,6.833754617659773,6.908034559156074,6.796614646911622,6.796614646911621,280000,0.0,0.0
1995-04-11 00:00:00-04:00,6.833754617659773,6.870894588407924,6.796614646911622,6.796614646911621,323800,0.0,0.0
1995-04-12 00:00:00-04:00,6.833754617659773,6.870894588407924,6.759474676163471,6.796614646911621,409800,0.0,0.0
1995-04-13 00:00:00-04:00,6.83375358581543,6.908033516096032,6.796613620675128,6.83375358581543,1035400,0.0,0.0
1995-04-17 00:00:00-04:00,6.870892524719238,6.908032484312315,6.796612605533084,6.870892524719238,819000,0.0,0.0
1995-04-18 00:00:00-04:00,6.833754617659773,6.870894588407924,6.72233470541532,6.796614646911621,859800,0.0,0.0
1995-04-19 00:00:00-04:00,6.83375358581543,6.908033516096032,6.759473655534827,6.83375358581543,1089200,0.0,0.0
1995-04-20 00:00:00-04:00,6.833754015218524,7.130873755010635,6.833754015218524,7.093733787536621,1349600,0.0,0.0
1995-04-21 00:00:00-04:00,7.168013047407018,7.20515301138322,6.908033299573603,6.945173263549805,777400,0.0,0.0
1995-04-24 00:00:00-04:00,6.94517477353414,7.1308746337890625,6.908034801483154,7.1308746337890625,1007200,0.0,0.0
1995-04-25 00:00:00-04:00,7.130875420324581,7.242295348767152,7.0937354441770575,7.205155372619629,748600,0.0,0.0
1995-04-26 00:00:00-04:00,7.205153319300438,7.316573215990651,7.205153319300438,7.279433250427246,715200,0.0,0.0
1995-04-27 00:00:00-04:00,7.205155713934647,7.205155713934647,7.056595802307129,7.056595802307129,679600,0.0,0.0
1995-04-28 00:00:00-04:00,7.019455824400249,7.056595802307129,6.87089591277273,7.056595802307129,811000,0.0,0.0
1995-05-01 00:00:00-04:00,7.019454479217529,7.05659445000704,6.908034566848997,7.019454479217529,390800,0.0,0.0
1995-05-02 00:00:00-04:00,6.982311725616454,7.019451681603776,6.908031813641811,6.982311725616455,584800,0.0,0.0
1995-05-03 00:00:00-04:00,6.982313227526007,6.982313227526007,6.8708933355974,6.945173263549805,536800,0.0,0.0
1995-05-04 00:00:00-04:00,6.982313885114579,7.168013722484648,6.982313885114579,7.093733787536621,768200,0.0,0.0
1995-05-05 00:00:00-04:00,7.130873083430815,7.168013047407018,6.945173263549805,6.945173263549805,481400,0.0,0.0
1995-05-08 00:00:00-04:00,6.870891983791065,6.945171897129346,6.796612070452783,6.908031940460205,671400,0.0,0.0
1995-05-09 00:00:00-04:00,6.945173263549805,6.945173263549805,6.908033299573603,6.945173263549805,474600,0.0,0.0
1995-05-10 00:00:00-04:00,6.908032484312315,6.982312403498469,6.8337525651261615,6.870892524719238,560200,0.0,0.0
1995-05-11 00:00:00-04:00,7.01945549188201,7.205155372619629,6.982315515734485,7.205155372619629,1070000,0.0,0.0
1995-05-12 00:00:00-04:00,7.1308733881736295,7.279433250427247,7.093733422610225,7.279433250427246,538400,0.0,0.0
1995-05-15 00:00:00-04:00,7.24229097366333,7.316570881085518,7.205151019952236,7.24229097366333,306800,0.0,0.0
1995-05-16 00:00:00-04:00,7.242289745807648,7.42798948287964,7.242289745807648,7.427989482879639,677800,0.0,0.0
1995-05-17 00:00:00-04:00,7.390854036747502,7.427994006781409,7.279434126645781,7.3165740966796875,1005800,0.0,0.0
1995-05-18 00:00:00-04:00,7.279434126645781,7.353714066713595,7.1680142165440595,7.3165740966796875,965600,0.0,0.0
1995-05-19 00:00:00-04:00,7.24229097366333,7.316570881085518,7.205151019952236,7.24229097366333,477400,0.0,0.0
1995-05-22 00:00:00-04:00,7.205154186577967,7.353714066713595,7.205154186577967,7.3165740966796875,246600,0.0,0.0
1995-05-23 00:00:00-04:00,7.316569640636445,7.576549272537232,7.316569640636445,7.427989482879639,639000,0.0,0.0
1995-05-24 00:00:00-04:00,7.502269377708435,7.539409325122834,7.093729956150056,7.427989482879639,499600,0.0,0.0
1995-05-25 00:00:00-04:00,7.353713181554055,7.4279931126808645,7.279433250427247,7.279433250427246,597200,0.0,0.0
1995-05-26 00:00:00-04:00,7.279433250427247,7.353713181554055,7.279433250427247,7.279433250427246,425000,0.0,0.0
1995-05-30 00:00:00-04:00,7.279434126645781,7.390854036747502,7.279434126645781,7.3165740966796875,292400,0.0,0.0
1995-05-31 00:00:00-04:00,7.353714387021472,7.390854358673096,7.316574415369849,7.390854358673096,341200,0.0,0.0
1995-06-01 00:00:00-04:00,7.340176024803748,7.340176024803748,7.228396694476787,7.265656471252441,599800,0.04,0.0
1995-06-02 00:00:00-04:00,7.1911367882964425,7.1911367882964425,6.818539027244813,6.930318355560303,1851000,0.0,0.0
1995-06-05 00:00:00-04:00,7.042099066429738,7.191138200110791,7.004839283009474,7.116618633270264,644400,0.0,0.0
1995-06-06 00:00:00-04:00,7.153881072998047,7.228400667508443,7.116621275742848,7.153881072998047,461800,0.0,0.0
1995-06-07 00:00:00-04:00,7.116621275742848,7.191140870253244,7.07936147848765,7.153881072998047,425400,0.0,0.0
1995-06-08 00:00:00-04:00,7.11662123579728,7.153881032843339,7.079361438751221,7.079361438751221,234000,0.0,0.0
1995-06-09 00:00:00-04:00,7.116618008537088,7.116618008537088,6.930319107790044,6.967578887939453,365800,0.0,0.0
1995-06-12 00:00:00-04:00,6.930319107790044,7.0793582283876795,6.930319107790044,6.967578887939453,691000,0.0,0.0
1995-06-13 00:00:00-04:00,6.967580198590221,6.967580198590221,6.669501901324329,6.818541049957275,3403800,0.0,0.0
1995-06-14 00:00:00-04:00,6.781282816040383,6.781282816040383,6.520464246192676,6.632243633270264,3416200,0.0,0.0
1995-06-15 00:00:00-04:00,6.632241520801736,6.706761088451193,6.557721953152278,6.669501304626465,1883000,0.0,0.0
1995-06-16 00:00:00-04:00,6.706761688482565,6.8558008371155115,6.669501901324329,6.818541049957275,2695800,0.0,0.0
1995-06-19 00:00:00-04:00,6.744022104475233,7.079360220167372,6.744022104475233,7.042100429534912,681200,0.0,0.0
1995-06-20 00:00:00-04:00,7.079357587374173,7.340176024803748,7.079357587374173,7.265656471252441,1338400,0.0,0.0
1995-06-21 00:00:00-04:00,7.302917480468749,7.377437046595982,7.228397914341517,7.30291748046875,685800,0.0,0.0
1995-06-22 00:00:00-04:00,7.340176024803748,7.377435801579401,7.153877140925481,7.265656471252441,1285200,0.0,0.0
1995-06-23 00:00:00-04:00,7.191138537888674,7.265658108229489,7.191138537888674,7.228398323059082,676400,0.0,0.0
1995-06-26 00:00:00-04:00,7.228398323059081,7.228398323059081,7.153878752718266,7.228398323059082,789800,0.0,0.0
1995-06-27 00:00:00-04:00,7.228397914341517,7.377437046595982,7.191138131277901,7.30291748046875,799600,0.0,0.0
1995-06-28 00:00:00-04:00,7.340177196768386,7.5264761103919495,7.340177196768386,7.489216327667236,1607400,0.0,0.0
1995-06-29 00:00:00-04:00,7.414702403363843,7.451962214436023,7.302922970147302,7.340182781219482,592000,0.0,0.0
1995-06-30 00:00:00-04:00,7.377436911041412,7.451956475799407,7.340177128662416,7.41469669342041,495800,0.0,0.0
1995-07-03 00:00:00-04:00,7.414696693420409,7.451956475799407,7.377436911041412,7.41469669342041,159200,0.0,0.0
1995-07-05 00:00:00-04:00,7.414700351509393,7.600999355316161,7.414700351509393,7.600999355316162,701600,0.0,0.0
1995-07-06 00:00:00-04:00,7.563739153055043,7.8245577445397005,7.563739153055043,7.750038146972656,1319200,0.0,0.0
1995-07-07 00:00:00-04:00,7.675514788960301,8.048112594249636,7.675514788960301,8.010852813720703,1903000,0.0,0.0
1995-07-10 00:00:00-04:00,7.973598566141214,8.532495661898775,7.973598566141214,8.271677017211914,1985600,0.0,0.0
1995-07-11 00:00:00-04:00,8.159894977297101,8.159894977297101,7.787297033128285,7.824556827545166,577000,0.0,0.0
1995-07-12 00:00:00-04:00,7.861812085170919,8.197150041410437,7.861812085170919,8.090028762817383,1004200,0.0,0.0
1995-07-13 00:00:00-04:00,8.159893304651435,8.271672664989126,8.085373731092973,8.197153091430664,731000,0.0,0.0
1995-07-14 00:00:00-04:00,8.1598931599091,8.383451876618938,8.1598931599091,8.308932304382324,750600,0.0,0.0
1995-07-17 00:00:00-04:00,8.234411496894303,8.271671277423238,7.9735930331917695,8.010852813720703,710200,0.0,0.0
1995-07-18 00:00:00-04:00,8.048118178908888,8.271677017211914,8.048118178908888,8.271677017211914,615000,0.0,0.0
1995-07-19 00:00:00-04:00,8.197152558096212,8.197152558096212,7.750035145836419,7.861814498901367,1386200,0.0,0.0
1995-07-20 00:00:00-04:00,7.861816925621928,7.973596313190012,7.787297333909872,7.936336517333984,819800,0.0,0.0
1995-07-21 00:00:00-04:00,8.010852413792763,8.159891528467979,7.9735926351239605,8.085371971130371,552000,0.0,0.0
1995-07-24 00:00:00-04:00,8.048113944313744,8.271672664989126,8.048113944313744,8.197153091430664,797400,0.0,0.0
1995-07-25 00:00:00-04:00,8.12263715634787,8.457975387573242,8.12263715634787,8.457975387573242,1081000,0.0,0.0
1995-07-26 00:00:00-04:00,8.383453269889452,8.53249243913193,8.197154308336353,8.234414100646973,995400,0.0,0.0
1995-07-27 00:00:00-04:00,8.197154405381944,8.495232747395834,8.197154405381944,8.383453369140625,609400,0.0,0.0
1995-07-28 00:00:00-04:00,8.346194856063178,8.607013445315154,8.346194856063178,8.569753646850586,740000,0.0,0.0
1995-07-31 00:00:00-04:00,8.495232479912895,8.53249227149146,8.234413938862938,8.346193313598633,763400,0.0,0.0
1995-08-01 00:00:00-04:00,8.271676370225814,8.569754797981698,8.234416566756328,8.457975387573242,689200,0.0,0.0
1995-08-02 00:00:00-04:00,8.420711662737244,8.644270379447082,8.271672518264019,8.308932304382324,792600,0.0,0.0
1995-08-03 00:00:00-04:00,8.234411085805586,8.234411085805586,8.048112192461568,8.085371971130371,410400,0.0,0.0
1995-08-04 00:00:00-04:00,8.010852413792763,8.122631749799174,7.9735926351239605,8.085371971130371,570600,0.0,0.0
1995-08-07 00:00:00-04:00,8.19715491047612,8.19715491047612,8.010855935238027,8.048115730285645,626200,0.0,0.0
1995-08-08 00:00:00-04:00,8.048115904902069,8.048115904902069,7.899076721477956,7.936336517333984,639600,0.0,0.0
1995-08-09 00:00:00-04:00,7.973593296616842,8.010853078376734,7.787294387817384,7.787294387817383,1139800,0.0,0.0
1995-08-10 00:00:00-04:00,7.824556827545166,7.8990764163789295,7.7500372387114025,7.824556827545166,1048000,0.0,0.0
1995-08-11 00:00:00-04:00,7.824557817207193,7.8990774154663095,7.824557817207193,7.899077415466309,973400,0.0,0.0
1995-08-14 00:00:00-04:00,7.824554714546385,7.936334067611333,7.824554714546385,7.861814498901367,439000,0.0,0.0
1995-08-15 00:00:00-04:00,7.861816621962048,7.936336210795812,7.7500372387114025,7.824556827545166,653800,0.0,0.0
1995-08-16 00:00:00-04:00,7.787298018077635,7.8990774154663095,7.7500382189480765,7.899077415466309,421400,0.0,0.0
1995-08-17 00:00:00-04:00,7.86181329911755,8.122631749799174,7.86181329911755,8.085371971130371,560000,0.0,0.0
1995-08-18 00:00:00-04:00,8.122631749799174,8.122631749799174,8.010852413792763,8.085371971130371,328200,0.0,0.0
1995-08-21 00:00:00-04:00,8.04811380155418,8.308932304382324,8.04811380155418,8.308932304382324,437800,0.0,0.0
1995-08-22 00:00:00-04:00,8.271673892957592,8.271673892957592,8.159894516025734,8.234414100646973,523600,0.0,0.0
1995-08-23 00:00:00-04:00,8.271672664989126,8.271672664989126,8.122633517872204,8.197153091430664,458800,0.0,0.0
1995-08-24 00:00:00-04:00,8.159893989562988,8.197153779469668,8.122634199656307,8.159893989562988,690200,0.0,0.0
1995-08-25 00:00:00-04:00,8.122635841369629,8.197155436244579,8.085376043932152,8.122635841369629,617200,0.0,0.0
1995-08-28 00:00:00-04:00,8.159895115428501,8.19715491047612,8.010855935238027,8.048115730285645,781200,0.0,0.0
1995-08-29 00:00:00-04:00,7.973596005212693,8.010855799629574,7.787297033128285,7.824556827545166,492000,0.0,0.0
1995-08-30 00:00:00-04:00,7.824557484060094,7.824557484060094,7.675518293887521,7.712778091430664,871200,0.0,0.0
1995-08-31 00:00:00-04:00,7.712778348189133,7.787297945756178,7.600998951838566,7.750038146972656,1009800,0.0,0.0
1995-09-01 00:00:00-04:00,7.712773040660377,7.7872925869469505,7.638253494373803,7.67551326751709,543200,0.0,0.0
1995-09-05 00:00:00-04:00,7.6009983546297315,7.936336517333984,7.6009983546297315,7.936336517333984,461600,0.0,0.0
1995-09-06 00:00:00-04:00,7.885511418558516,8.07237187871393,7.885511418558516,7.9228835105896,303400,0.04,0.0
1995-09-07 00:00:00-04:00,7.997627694651765,8.034999786682848,7.885511418558516,7.9228835105896,286600,0.0,0.0
1995-09-08 00:00:00-04:00,7.960254138114894,8.034998308425832,7.810765797493017,7.885509967803955,476000,0.0,0.0
1995-09-11 00:00:00-04:00,7.885511418558516,7.960255602620682,7.848139326527433,7.9228835105896,625200,0.0,0.0
1995-09-12 00:00:00-04:00,7.96025388534755,8.184486389160156,7.96025388534755,8.184486389160156,373600,0.0,0.0
1995-09-13 00:00:00-04:00,8.184488665889686,8.483465420808031,7.960256099700928,7.960256099700928,954800,0.0,0.0
1995-09-14 00:00:00-04:00,7.99762926874934,8.296606063842773,7.99762926874934,8.296606063842773,513400,0.0,0.0
1995-09-15 00:00:00-04:00,8.595576117524002,8.595576117524002,8.408715767143047,8.446087837219238,1094200,0.0,0.0
1995-09-18 00:00:00-04:00,8.446095000279632,8.52083920382193,8.446095000279632,8.483467102050781,482800,0.0,0.0
1995-09-19 00:00:00-04:00,8.44609446138949,8.520838660162848,8.296606063842773,8.296606063842773,377600,0.0,0.0
1995-09-20 00:00:00-04:00,8.37134792751736,8.446092105441624,8.33397583855523,8.408720016479492,359600,0.0,0.0
1995-09-21 00:00:00-04:00,8.520834219401777,8.520834219401777,8.221857580124523,8.25922966003418,1045400,0.0,0.0
1995-09-22 00:00:00-04:00,8.296603097828157,8.296603097828157,8.109742667696892,8.147114753723145,748800,0.0,0.0
1995-09-25 00:00:00-04:00,8.184489765682736,8.333978163229453,8.109745566909378,8.296606063842773,550400,0.0,0.0
1995-09-26 00:00:00-04:00,8.408719355906916,8.446091441933168,8.109742667696892,8.147114753723145,409400,0.0,0.0
1995-09-27 00:00:00-04:00,8.072368621826172,8.14711277573197,8.034996544873273,8.072368621826172,456600,0.0,0.0
1995-09-28 00:00:00-04:00,8.035001264554317,8.109745462364126,7.997629165649414,7.997629165649414,388600,0.0,0.0
1995-09-29 00:00:00-04:00,8.035001264554317,8.035001264554317,7.9228849678396065,7.997629165649414,347600,0.0,0.0
1995-10-02 00:00:00-04:00,7.922879579534941,7.922879579534941,7.773391285581451,7.810763359069824,491800,0.0,0.0
1995-10-03 00:00:00-04:00,7.810761548986482,7.810761548986482,7.474412965537304,7.51178503036499,890200,0.0,0.0
1995-10-04 00:00:00-04:00,7.511786702963022,7.511786702963022,7.138065971472325,7.2875542640686035,1917400,0.0,0.0
1995-10-05 00:00:00-04:00,7.362299639603187,7.661276274713976,7.362299639603187,7.586532115936279,1473600,0.0,0.0
1995-10-06 00:00:00-04:00,7.623905371715673,7.9976262232703625,7.623905371715673,7.885509967803955,1051600,0.0,0.0
1995-10-09 00:00:00-04:00,7.848136837665851,7.885508917845212,7.773392677307129,7.773392677307129,547600,0.0,0.0
1995-10-10 00:00:00-04:00,7.698649378520686,7.698649378520686,7.586533125435434,7.6612772941589355,374000,0.0,0.0
1995-10-11 00:00:00-04:00,7.661275065116334,7.810763359069823,7.661275065116334,7.810763359069824,292000,0.0,0.0
1995-10-12 00:00:00-04:00,7.773392740885416,7.848136901855469,7.773392740885416,7.848136901855469,341000,0.0,0.0
1995-10-13 00:00:00-04:00,7.810764821370443,7.922881062825521,7.810764821370443,7.848136901855469,616600,0.0,0.0
1995-10-16 00:00:00-04:00,7.848139816606548,8.035000288430513,7.586535156052997,7.960256099700928,821800,0.0,0.0
1995-10-17 00:00:00-04:00,8.221860246838263,8.221860246838263,7.922883510589599,7.9228835105896,521200,0.0,0.0
1995-10-18 00:00:00-04:00,7.99762685397803,8.109743118286133,7.960254765875329,8.109743118286133,683600,0.0,0.0
1995-10-19 00:00:00-04:00,8.221860246838263,8.221860246838263,7.922883510589599,7.9228835105896,2996200,0.0,0.0
1995-10-20 00:00:00-04:00,7.960249993967455,8.072366191065589,7.848133796869322,8.034994125366211,955200,0.0,0.0
1995-10-23 00:00:00-04:00,8.034994125366211,8.072366191065589,7.997622059666833,8.034994125366211,644200,0.0,0.0
1995-10-24 00:00:00-04:00,8.07237187871393,8.07237187871393,7.848139326527433,7.9228835105896,338200,0.0,0.0
1995-10-25 00:00:00-04:00,7.922877928268078,8.072366191065589,7.922877928268078,8.034994125366211,1166800,0.0,0.0
1995-10-26 00:00:00-04:00,7.997625223795573,8.072369384765626,7.810764821370443,7.848136901855469,1189800,0.0,0.0
1995-10-27 00:00:00-04:00,7.810761731169944,8.034994125366211,7.623901402673056,8.034994125366211,1048600,0.0,0.0
1995-10-30 00:00:00-05:00,8.221858734203176,8.333974989669583,7.810765797493017,7.885509967803955,2279400,0.0,0.0
1995-10-31 00:00:00-05:00,7.960252390967475,8.14711277573197,7.960252390967475,8.072368621826172,2953200,0.0,0.0
1995-11-01 00:00:00-05:00,8.109743304782443,8.483464194403753,8.072371215820311,8.408720016479492,1472800,0.0,0.0
1995-11-02 00:00:00-05:00,8.446089511265571,8.707694053649902,8.446089511265571,8.707694053649902,1556800,0.0,0.0
1995-11-03 00:00:00-05:00,8.670320948481043,8.670320948481043,8.520832656265855,8.632948875427246,1532800,0.0,0.0
1995-11-06 00:00:00-05:00,8.558209912673286,8.707698295427406,8.520837816984757,8.595582008361816,1616200,0.0,0.0
1995-11-07 00:00:00-05:00,8.595579317060569,8.857183904971107,8.595579317060569,8.819811820983887,847400,0.0,0.0
1995-11-08 00:00:00-05:00,8.819813687577208,8.819813687577208,8.632953228094639,8.74506950378418,1008400,0.0,0.0
1995-11-09 00:00:00-05:00,8.74506613113338,8.74506613113338,8.558205743715998,8.707694053649902,948200,0.0,0.0
1995-11-10 00:00:00-05:00,8.520834717569471,8.857183456420898,8.520834717569471,8.857183456420898,695400,0.0,0.0
1995-11-13 00:00:00-05:00,8.819808608817256,9.044041031075322,8.819808608817256,8.931924819946289,1481800,0.0,0.0
1995-11-14 00:00:00-05:00,8.931928185621897,8.969300270080566,8.85718401670456,8.969300270080566,843200,0.0,0.0
1995-11-15 00:00:00-05:00,8.931928185621897,8.969300270080566,8.81981193224589,8.969300270080566,656200,0.0,0.0
1995-11-16 00:00:00-05:00,8.931928072945547,9.006672240919986,8.819811820983887,8.819811820983887,877000,0.0,0.0
1995-11-17 00:00:00-05:00,8.857182363583807,8.894554441067283,8.558205743715998,8.707694053649902,1423000,0.0,0.0
1995-11-20 00:00:00-05:00,8.670322801348423,8.707694882388719,8.520834477187243,8.558206558227539,1338800,0.0,0.0
1995-11-21 00:00:00-05:00,8.520832656265855,8.632948875427246,8.483460583212056,8.632948875427246,633800,0.0,0.0
1995-11-22 00:00:00-05:00,8.558206799664074,8.857183456420898,8.558206799664074,8.857183456420898,754200,0.0,0.0
1995-11-24 00:00:00-05:00,8.819810286100331,8.857182363583807,8.670321976166427,8.707694053649902,337000,0.0,0.0
1995-11-27 00:00:00-05:00,8.670325319991152,8.74506950378418,8.670325319991152,8.74506950378418,755200,0.0,0.0
1995-11-28 00:00:00-05:00,8.782436538440912,8.931924819946289,8.707692397688223,8.931924819946289,814000,0.0,0.0
1995-11-29 00:00:00-05:00,8.969299702704706,9.006671784799309,8.819811374326294,8.857183456420898,1178400,0.0,0.0
1995-11-30 00:00:00-05:00,8.819810286100331,8.819810286100331,8.707694053649902,8.707694053649902,358400,0.0,0.0
1995-12-01 00:00:00-05:00,8.670326199738875,8.670326199738875,8.558209912673286,8.595582008361816,292200,0.0,0.0
1995-12-04 00:00:00-05:00,8.595581095794152,8.707697370956684,8.558209004073307,8.67032527923584,791200,0.0,0.0
1995-12-05 00:00:00-05:00,8.731785663242997,8.731785663242997,8.656834713343915,8.694310188293457,931000,0.04,0.0
1995-12-06 00:00:00-05:00,8.76925886130031,8.994111652615704,8.73178339608108,8.881685256958008,1298800,0.0,0.0
1995-12-07 00:00:00-05:00,8.844209791738775,8.956636187396471,8.844209791738775,8.881685256958008,904600,0.0,0.0
1995-12-08 00:00:00-05:00,8.919158935546875,8.956634393259257,8.881683477834494,8.919158935546875,604800,0.0,0.0
1995-12-11 00:00:00-05:00,8.919157431828035,9.031583786010742,8.8816819804338,9.031583786010742,522200,0.0,0.0
1995-12-12 00:00:00-05:00,8.994111061096191,9.031586523850759,8.994111061096191,8.994111061096191,890400,0.0,0.0
1995-12-13 00:00:00-05:00,8.994108861806442,9.256437036942463,8.994108861806442,9.181486129760742,811000,0.0,0.0
1995-12-14 00:00:00-05:00,9.256437139548803,9.593716225605236,9.256437139548803,9.481289863586426,1920600,0.0,0.0
1995-12-15 00:00:00-05:00,9.481289863586426,9.556240771598967,9.443814409580154,9.481289863586426,1320000,0.0,0.0
1995-12-18 00:00:00-05:00,9.40633815116728,9.40633815116728,9.181485446358499,9.256436347961426,602200,0.0,0.0
1995-12-19 00:00:00-05:00,9.181484909057618,9.556239395141601,9.181484909057618,9.36886215209961,1714400,0.0,0.0
1995-12-20 00:00:00-05:00,9.481289045078547,9.51876449584961,9.406338143536424,9.51876449584961,1355800,0.0,0.0
1995-12-21 00:00:00-05:00,9.481288497924805,9.518763946533204,9.33138670349121,9.36886215209961,1194600,0.0,0.0
1995-12-22 00:00:00-05:00,9.33138364904067,9.556236267089844,9.33138364904067,9.556236267089844,648000,0.0,0.0
1995-12-26 00:00:00-05:00,9.81856918334961,9.893520093146172,9.743618273553048,9.81856918334961,732400,0.0,0.0
1995-12-27 00:00:00-05:00,9.818570762091362,10.04342352763544,9.818570762091362,10.005948066711426,1533800,0.0,0.0
1995-12-28 00:00:00-05:00,10.005952317776275,10.230805178849899,9.931001364085066,10.155854225158691,1907400,0.0,0.0
1995-12-29 00:00:00-05:00,10.155850162293387,10.193325624146869,10.043423776732944,10.080899238586426,642800,0.0,0.0
1996-01-02 00:00:00-05:00,9.818571578291126,9.968473434448242,9.743620650212568,9.968473434448242,773800,0.0,0.0
1996-01-03 00:00:00-05:00,9.893525887239463,10.193329702004295,9.743623979857047,10.155854225158691,1691400,0.0,0.0
1996-01-04 00:00:00-05:00,10.118375166407171,10.118375166407171,9.85604692135217,9.930997848510742,836400,0.0,0.0
1996-01-05 00:00:00-05:00,9.856048350133202,9.893523819145114,9.631195536061721,9.781097412109375,1732200,0.0,0.0
1996-01-08 00:00:00-05:00,9.743623733520508,9.81857468531682,9.668672781724197,9.743623733520508,238600,0.0,0.0
1996-01-09 00:00:00-05:00,9.856050161214975,9.89352563711313,9.706148257622353,9.743623733520508,955000,0.0,0.0
1996-01-10 00:00:00-05:00,9.593715397391732,9.668666298933854,9.443813594307485,9.51876449584961,796400,0.0,0.0
1996-01-11 00:00:00-05:00,9.443818779878837,9.743622550668642,9.443818779878837,9.668671607971191,712400,0.0,0.0
1996-01-12 00:00:00-05:00,9.631194505138675,10.343228340148926,9.631194505138675,10.343228340148926,960400,0.0,0.0
1996-01-15 00:00:00-05:00,10.193329811096191,10.45565815182293,10.155854333849513,10.193329811096191,809600,0.0,0.0
1996-01-16 00:00:00-05:00,10.080899238586426,10.118374700439906,9.818571005612057,10.080899238586426,1372800,0.0,0.0
1996-01-17 00:00:00-05:00,10.08089982656608,10.118375290605359,9.743620650212568,9.968473434448242,1221200,0.0,0.0
1996-01-18 00:00:00-05:00,10.0434250831604,10.230802416801453,9.781096816062927,9.893523216247559,1497600,0.0,0.0
1996-01-19 00:00:00-05:00,9.893522506369685,10.005948898487521,9.893522506369685,9.968473434448242,1908000,0.0,0.0
1996-01-22 00:00:00-05:00,10.043425316358135,10.268278121948242,10.005949848759784,10.268278121948242,1792000,0.0,0.0
1996-01-23 00:00:00-05:00,10.230804443359375,10.305755391662375,10.118378020904878,10.230804443359375,712400,0.0,0.0
1996-01-24 00:00:00-05:00,10.193325097220283,10.493128776550291,10.043423257555279,10.493128776550293,2084800,0.0,0.0
1996-01-25 00:00:00-05:00,10.493125778799843,10.643027575639842,10.418174880379844,10.455650329589844,1968200,0.0,0.0
1996-01-26 00:00:00-05:00,10.41817785671779,10.530604236466543,10.41817785671779,10.493128776550293,1052400,0.0,0.0
1996-01-29 00:00:00-05:00,10.49313104802912,10.49313104802912,10.230802771828392,10.305753707885742,1080400,0.0,0.0
1996-01-30 00:00:00-05:00,10.3432317200829,10.45565815182293,10.08090337935616,10.193329811096191,2038600,0.0,0.0
1996-01-31 00:00:00-05:00,10.155854333849513,10.3432317200829,10.08090337935616,10.193329811096191,1711600,0.0,0.0
1996-02-01 00:00:00-05:00,10.155852161087356,10.717984199523926,10.155852161087356,10.717984199523926,2113800,0.0,0.0
1996-02-02 00:00:00-05:00,10.605557204141311,10.755459072751082,10.530606269836424,10.530606269836426,1104600,0.0,0.0
1996-02-05 00:00:00-05:00,10.455652749159311,10.64303003857077,10.380701833394728,10.605554580688477,848400,0.0,0.0
1996-02-06 00:00:00-05:00,10.792928303757758,10.980305531253553,10.71797741275944,10.942830085754395,1283800,0.0,0.0
1996-02-07 00:00:00-05:00,10.867882470289867,10.867882470289867,10.717980643113455,10.79293155670166,908000,0.0,0.0
1996-02-08 00:00:00-05:00,10.792934298099958,10.830409764412805,10.680507899161416,10.75545883178711,697400,0.0,0.0
1996-02-09 00:00:00-05:00,10.792935137982134,10.792935137982134,10.643033261065716,10.717984199523926,783600,0.0,0.0
1996-02-12 00:00:00-05:00,10.680505138332562,11.055259704589844,10.680505138332562,11.055259704589844,890400,0.0,0.0
1996-02-13 00:00:00-05:00,10.867882421461204,11.16768607446703,10.867882421461204,11.055259704589844,1499600,0.0,0.0
1996-02-14 00:00:00-05:00,11.055260783917195,11.167687164770589,11.055260783917195,11.09273624420166,575000,0.0,0.0
1996-02-15 00:00:00-05:00,11.055259274001104,11.43001382566216,11.017783818835,11.205161094665527,1087800,0.0,0.0
1996-02-16 00:00:00-05:00,11.16768990570169,11.355067253112793,11.130214436219472,11.355067253112793,652400,0.0,0.0
1996-02-20 00:00:00-05:00,11.355062915329949,11.43001382566216,11.167685639499421,11.205161094665527,853200,0.0,0.0
1996-02-21 00:00:00-05:00,11.24263808533952,11.355064466192914,11.092736244201658,11.09273624420166,688200,0.0,0.0
1996-02-22 00:00:00-05:00,11.092732567578453,11.167683463305336,11.092732567578453,11.130208015441895,1026400,0.0,0.0
1996-02-23 00:00:00-05:00,11.055255992189824,11.092731436231144,10.643026107735288,10.830403327941895,723800,0.0,0.0
1996-02-26 00:00:00-05:00,10.792934901277786,10.830410369685,10.455655685612854,10.643033027648926,1854800,0.0,0.0
1996-02-27 00:00:00-05:00,10.68050386236726,10.717979314515917,10.41817569732666,10.41817569732666,844800,0.0,0.0
1996-02-28 00:00:00-05:00,10.568076677219842,10.680503024849841,10.455650329589844,10.455650329589844,662000,0.0,0.0
1996-02-29 00:00:00-05:00,10.455654735150546,10.493130200151084,10.268277410147848,10.343228340148926,686600,0.0,0.0
1996-03-01 00:00:00-05:00,10.380704976461985,10.717984199523926,10.380704976461985,10.717984199523926,814400,0.0,0.0
1996-03-04 00:00:00-05:00,10.605554225081105,11.055259704589844,10.605554225081105,11.055259704589844,849800,0.0,0.0
1996-03-05 00:00:00-05:00,11.121389142510031,11.271678184976382,10.97110010004368,11.046244621276855,898800,0.0475,0.0
1996-03-06 00:00:00-05:00,11.0086687591961,11.271674497470409,10.895952014221397,11.234102249145508,1088800,0.0,0.0
1996-03-07 00:00:00-05:00,11.196533306574418,11.196533306574418,10.971099750066207,11.083816528320312,461800,0.0,0.0
1996-03-08 00:00:00-05:00,10.82081174178862,10.933528530765587,10.482661374857727,10.670522689819336,540600,0.0,0.0
1996-03-11 00:00:00-05:00,10.482655053320228,10.858377456665039,10.407510572651265,10.858377456665039,610200,0.0,0.0
1996-03-12 00:00:00-05:00,10.783237186638084,11.158959736695161,10.745664931632378,11.121387481689453,582400,0.0,0.0
1996-03-13 00:00:00-05:00,11.158962135314942,11.346823450724285,11.008673082987467,11.271678924560547,395200,0.0,0.0
1996-03-14 00:00:00-05:00,11.384386933766878,11.79768150892013,11.384386933766878,11.72253704071045,988000,0.0,0.0
1996-03-15 00:00:00-05:00,11.684970246591876,11.760114749785393,11.534681240204842,11.647397994995117,1330200,0.0,0.0
1996-03-18 00:00:00-05:00,11.684975158119824,11.722547425509276,11.421969286393654,11.534686088562012,674400,0.0,0.0
1996-03-19 00:00:00-05:00,11.722544875799441,11.797689394234052,11.421966802060993,11.497111320495605,727400,0.0,0.0
1996-03-20 00:00:00-05:00,11.459545677286446,11.497117958195583,11.196539710922496,11.309256553649902,596800,0.0,0.0
1996-03-21 00:00:00-05:00,11.421958850214656,11.910397879993573,11.421958850214656,11.760108947753906,6521200,0.0,0.0
1996-03-22 00:00:00-05:00,11.872829157835358,11.872829157835358,11.609823448642803,11.797684669494629,1843800,0.0,0.0
1996-03-25 00:00:00-05:00,11.797688642639352,11.985549926757812,11.797688642639352,11.985549926757812,821800,0.0,0.0
1996-03-26 00:00:00-05:00,11.910401062738329,11.910401062738329,11.722539847237725,11.835256576538086,1097000,0.0,0.0
1996-03-27 00:00:00-05:00,11.835260044170331,11.947976806495763,11.835260044170331,11.872832298278809,556800,0.0,0.0
1996-03-28 00:00:00-05:00,11.797684669494629,11.872829157835358,11.7225401811539,11.797684669494629,518200,0.0,0.0
1996-03-29 00:00:00-05:00,11.872833156286736,12.023122183581505,11.797688642639352,11.985549926757812,1072400,0.0,0.0
1996-04-01 00:00:00-05:00,11.91040824750148,12.436419968211323,11.87283598173649,12.286130905151367,1383400,0.0,0.0
1996-04-02 00:00:00-05:00,12.323697157639723,12.323697157639723,12.210980415344238,12.210980415344238,966600,0.0,0.0
1996-04-03 00:00:00-05:00,12.210990742939275,12.323707580566406,12.210990742939275,12.323707580566406,635400,0.0,0.0
1996-04-04 00:00:00-05:00,12.361268933997097,12.47398567199707,12.361268933997097,12.47398567199707,913400,0.0,0.0
1996-04-08 00:00:00-04:00,12.323700653263396,12.323700653263396,12.098267104728091,12.248556137084961,2182200,0.0,0.0
1996-04-09 00:00:00-04:00,12.323701722703113,12.323701722703113,12.098268154604886,12.13584041595459,927000,0.0,0.0
1996-04-10 00:00:00-04:00,12.09825938175886,12.09825938175886,11.722537040710447,11.72253704071045,1445800,0.0,0.0
1996-04-11 00:00:00-04:00,11.722542498188634,11.760114749785393,11.5722534918016,11.647397994995117,1516000,0.0,0.0
1996-04-12 00:00:00-04:00,11.609826519519467,11.947976806495763,11.57225426541099,11.872832298278809,1097200,0.0,0.0
1996-04-15 00:00:00-04:00,11.835260899463044,12.023122183581505,11.835260899463044,11.985549926757812,1084800,0.0,0.0
1996-04-16 00:00:00-04:00,11.947973305838449,12.023117792038692,11.835256576538086,11.835256576538086,1143000,0.0,0.0
1996-04-17 00:00:00-04:00,11.647400357364829,11.684972616582135,11.346822283626382,11.497111320495605,1524800,0.0,0.0
1996-04-18 00:00:00-04:00,11.534681927074086,11.64739868857644,11.497109673239969,11.572254180908203,854000,0.0,0.0
1996-04-19 00:00:00-04:00,11.609822558436747,11.722539282305066,11.609822558436747,11.684967041015625,361600,0.0,0.0
1996-04-22 00:00:00-04:00,11.72253671469399,11.872825646933656,11.60982001551424,11.760108947753906,1087200,0.0,0.0
1996-04-23 00:00:00-04:00,11.797681180813822,11.872825646933656,11.72253671469399,11.760108947753906,310200,0.0,0.0
1996-04-24 00:00:00-04:00,11.947979217767715,12.210985049605368,11.835262432694435,12.023123741149902,887000,0.0,0.0
1996-04-25 00:00:00-04:00,11.985551479458808,12.060696002840995,11.985551479458808,12.023123741149902,360600,0.0,0.0
1996-04-26 00:00:00-04:00,12.023117683386877,12.060689926147461,11.947973197865709,12.060689926147461,455800,0.0,0.0
1996-04-29 00:00:00-04:00,12.02311813451682,12.02311813451682,11.760112425324264,11.797684669494629,587000,0.0,0.0
1996-04-30 00:00:00-04:00,11.760120894916621,11.760120894916621,11.421970453848731,11.609831809997559,700400,0.0,0.0
1996-05-01 00:00:00-04:00,11.5722534918016,11.684970246591876,11.534681240204842,11.647397994995117,504000,0.0,0.0
1996-05-02 00:00:00-04:00,11.572259538767794,11.87283770860592,11.534687267538029,11.609831809997559,628400,0.0,0.0
1996-05-03 00:00:00-04:00,11.684967041015627,11.872828247462822,11.647394799726186,11.684967041015625,455800,0.0,0.0
1996-05-06 00:00:00-04:00,11.872829157835358,11.910401402005723,11.609823448642803,11.797684669494629,416600,0.0,0.0
1996-05-07 00:00:00-04:00,11.760114749785393,11.872831504575668,11.534681240204842,11.647397994995117,596200,0.0,0.0
1996-05-08 00:00:00-04:00,11.421965599060059,11.459537854320125,11.083815301719465,11.421965599060059,1788800,0.0,0.0
1996-05-09 00:00:00-04:00,11.459537419405851,11.459537419405851,11.158959388732912,11.15895938873291,1024000,0.0,0.0
1996-05-10 00:00:00-04:00,11.196533306574418,11.271677825410487,10.820810712394067,11.083816528320312,1058200,0.0,0.0
1996-05-13 00:00:00-04:00,11.083815301719465,11.421965599060059,11.046243046459399,11.421965599060059,1252800,0.0,0.0
1996-05-14 00:00:00-04:00,11.572255838930216,11.609828098147522,11.421966802060993,11.497111320495605,714600,0.0,0.0
1996-05-15 00:00:00-04:00,11.497108988608083,11.83525925297891,11.459536737011325,11.647397994995117,815400,0.0,0.0
1996-05-16 00:00:00-04:00,11.609826434742322,11.609826434742322,11.421965165571734,11.572254180908203,590200,0.0,0.0
1996-05-17 00:00:00-04:00,11.722548623686857,11.722548623686857,11.60983180999756,11.609831809997559,797400,0.0,0.0
1996-05-20 00:00:00-04:00,11.684964481634072,11.797681180813822,11.647392248574155,11.760108947753906,759000,0.0,0.0
1996-05-21 00:00:00-04:00,11.797684669494629,11.985545890346454,11.7225401811539,11.797684669494629,724800,0.0,0.0
1996-05-22 00:00:00-04:00,11.760112425324264,11.835256913664994,11.7225401811539,11.797684669494629,968400,0.0,0.0
1996-05-23 00:00:00-04:00,11.797681180813822,12.023114579173322,11.760108947753906,11.760108947753906,484600,0.0,0.0
1996-05-24 00:00:00-04:00,11.835260899463044,12.023122183581505,11.797688642639352,11.985549926757812,471600,0.0,0.0
1996-05-28 00:00:00-04:00,11.985551590423103,12.060696114500992,11.797690280228384,11.910407066345215,417200,0.0,0.0
1996-05-29 00:00:00-04:00,12.023123741149902,12.173412787914275,11.985551479458808,12.023123741149902,754800,0.0,0.0
1996-05-30 00:00:00-04:00,12.023120193007571,12.135836944817017,12.023120193007571,12.098264694213867,342000,0.0,0.0
1996-05-31 00:00:00-04:00,12.13583592048058,12.248552662776065,12.023119178185095,12.210980415344238,659600,0.0,0.0
1996-06-03 00:00:00-04:00,12.248555724523658,12.248555724523658,11.872833156286736,11.985549926757812,372200,0.0,0.0
1996-06-04 00:00:00-04:00,12.060694793485245,12.060694793485245,11.760116730096204,11.947978019714355,809200,0.0,0.0
1996-06-05 00:00:00-04:00,12.05192802855687,12.164914853824591,11.97660347837839,12.127252578735352,525200,0.0475,0.0
1996-06-06 00:00:00-04:00,12.164913661754763,12.164913661754763,12.08958911895752,12.08958911895752,289000,0.0,0.0
1996-06-07 00:00:00-04:00,11.901281075791506,12.089592485218587,11.788294230135257,12.014267921447754,1356200,0.0,0.0
1996-06-10 00:00:00-04:00,11.93894120328915,12.164914853824591,11.93894120328915,12.127252578735352,397000,0.0,0.0
1996-06-11 00:00:00-04:00,12.127254767104002,12.277903894645666,11.976605639562338,12.014267921447754,494400,0.0,0.0
1996-06-12 00:00:00-04:00,12.08959053322996,12.35322646386114,12.051928257425503,12.164915084838867,642400,0.0,0.0
1996-06-13 00:00:00-04:00,12.1649147678992,12.616862065777807,12.1649147678992,12.57919979095459,1267200,0.0,0.0
1996-06-14 00:00:00-04:00,12.579193569091428,12.579193569091428,12.390882288117005,12.50386905670166,834400,0.0,0.0
1996-06-17 00:00:00-04:00,12.50386611426749,12.50386611426749,12.315554877606834,12.353217124938965,535600,0.0,0.0
1996-06-18 00:00:00-04:00,12.353220442321403,12.353220442321403,12.240233669983098,12.2778959274292,938800,0.0,0.0
1996-06-19 00:00:00-04:00,12.240241050720215,12.50387701181265,12.240241050720215,12.240241050720215,884400,0.0,0.0
1996-06-20 00:00:00-04:00,12.2778959274292,12.315558184875302,12.164909155090895,12.2778959274292,529400,0.0,0.0
1996-06-21 00:00:00-04:00,12.353221430923,12.541532733223654,12.240234649542606,12.428545951843262,1197400,0.0,0.0
1996-06-24 00:00:00-04:00,12.42854454431189,12.50386905670166,12.390882288117005,12.50386905670166,321200,0.0,0.0
1996-06-25 00:00:00-04:00,12.50386947210581,12.541531729551913,12.2778959274292,12.2778959274292,702600,0.0,0.0
1996-06-26 00:00:00-04:00,12.240239404003072,12.240239404003072,12.05192802855687,12.127252578735352,634400,0.0,0.0
1996-06-27 00:00:00-04:00,12.014267369783841,12.240241050720215,11.976605089627778,12.240241050720215,501000,0.0,0.0
1996-06-28 00:00:00-04:00,12.315559226380296,12.729844093322754,12.240234705118032,12.729844093322754,1086600,0.0,0.0
1996-07-01 00:00:00-04:00,12.729846719506984,12.767508987907892,12.3532240354979,12.541535377502441,592000,0.0,0.0
1996-07-02 00:00:00-04:00,12.616855825286313,12.654518081481198,12.42854454431189,12.50386905670166,576000,0.0,0.0
1996-07-03 00:00:00-04:00,12.579199070716971,12.654523616050605,12.541536798050155,12.616861343383789,472000,0.0,0.0
1996-07-05 00:00:00-04:00,12.42854454431189,12.579193569091428,12.353220031922122,12.50386905670166,224600,0.0,0.0
1996-07-08 00:00:00-04:00,12.428550488318354,12.46621276252538,12.315563665697278,12.390888214111328,387200,0.0,0.0
1996-07-09 00:00:00-04:00,12.390882699767506,12.390882699767506,12.240233669983098,12.2778959274292,383200,0.0,0.0
1996-07-10 00:00:00-04:00,12.353221845626832,12.353221845626832,11.976599228382112,12.051923751831055,658800,0.0,0.0
1996-07-11 00:00:00-04:00,12.089585020572326,12.202571796465524,11.863611468785926,11.901273727416992,978400,0.0,0.0
1996-07-12 00:00:00-04:00,11.82594892373039,11.82594892373039,11.374001831103751,11.71296215057373,2190600,0.0,0.0
1996-07-15 00:00:00-04:00,11.712960371845647,11.750622623845151,11.33633785185061,11.449324607849121,1447400,0.0,0.0
1996-07-16 00:00:00-04:00,11.374002702165358,11.486989483974948,10.997380096133393,11.411664962768555,1086400,0.0,0.0
1996-07-17 00:00:00-04:00,11.486989704767863,11.562314227422078,11.223353875478109,11.298678398132324,574800,0.0,0.0
1996-07-18 00:00:00-04:00,11.298677968043906,11.524651527404785,11.223353448256947,11.524651527404785,1096800,0.0,0.0
1996-07-19 00:00:00-04:00,11.449325362711853,11.637636635124878,11.449325362711853,11.562312126159668,987800,0.0,0.0
1996-07-22 00:00:00-04:00,11.449327223371752,11.486989483974948,11.374002702165358,11.411664962768555,673200,0.0,0.0
1996-07-23 00:00:00-04:00,11.411665900495139,11.411665900495139,11.261016845703125,11.261016845703125,879600,0.0,0.0
1996-07-24 00:00:00-04:00,11.072706699371338,11.110368967056274,10.959719896316528,10.997382164001465,1144800,0.0,0.0
1996-07-25 00:00:00-04:00,11.072709083557129,11.223358186734776,11.035046807762717,11.072709083557129,1457600,0.0,0.0
1996-07-26 00:00:00-04:00,11.110368967056274,11.148031234741211,10.884395360946655,10.997382164001465,781400,0.0,0.0
1996-07-29 00:00:00-04:00,11.035049151729893,11.261022854495693,11.035049151729893,11.148036003112793,908400,0.0,0.0
1996-07-30 00:00:00-04:00,11.148029138546178,11.411664962768555,11.148029138546178,11.411664962768555,838800,0.0,0.0
1996-07-31 00:00:00-04:00,11.524649871677063,11.599974380642273,11.449325362711853,11.562312126159668,1076000,0.0,0.0
1996-08-01 00:00:00-04:00,11.599982820708176,12.089592485218587,11.599982820708176,12.014267921447754,1378000,0.0,0.0
1996-08-02 00:00:00-04:00,12.202571796465524,12.202571796465524,11.82594921015486,11.901273727416992,1172400,0.0,0.0
1996-08-05 00:00:00-04:00,11.938935986048058,12.014260503310192,11.82594921015486,11.901273727416992,181600,0.0,0.0
1996-08-06 00:00:00-04:00,11.863616452984253,12.014265550799927,11.788291904076418,11.93894100189209,585800,0.0,0.0
1996-08-07 00:00:00-04:00,11.863616452984253,11.93894100189209,11.825954178530337,11.93894100189209,746600,0.0,0.0
1996-08-08 00:00:00-04:00,11.901273727416992,11.938935986048058,11.863611468785926,11.901273727416992,326400,0.0,0.0
1996-08-09 00:00:00-04:00,11.901279018771264,11.901279018771264,11.599980815764397,11.675305366516113,540400,0.0,0.0
1996-08-12 00:00:00-04:00,11.675305366516113,11.75062991726783,11.524656265012679,11.675305366516113,583600,0.0,0.0
1996-08-13 00:00:00-04:00,11.712961144090087,11.712961144090087,11.524649871677063,11.562312126159668,330200,0.0,0.0
1996-08-14 00:00:00-04:00,11.524649871677063,11.599974380642273,11.486987617194458,11.562312126159668,163000,0.0,0.0
1996-08-15 00:00:00-04:00,11.63764762878418,11.67530991884497,11.52466075860181,11.63764762878418,479000,0.0,0.0
1996-08-16 00:00:00-04:00,11.637639306912757,11.825950622558594,11.562314780654422,11.825950622558594,303800,0.0,0.0
1996-08-19 00:00:00-04:00,11.938940033363034,12.127251390356141,11.938940033363034,12.08958911895752,852800,0.0,0.0
1996-08-20 00:00:00-04:00,12.089590099707763,12.127252374161682,11.825954178530337,11.93894100189209,436400,0.0,0.0
1996-08-21 00:00:00-04:00,11.863611468785926,11.901273727416992,11.788286951523792,11.901273727416992,504400,0.0,0.0
1996-08-22 00:00:00-04:00,11.901281075791506,12.014267921447754,11.86361879390609,12.014267921447754,235800,0.0,0.0
1996-08-23 00:00:00-04:00,12.014267013186501,12.014267013186501,11.788293338957288,11.863617897033691,880800,0.0,0.0
1996-08-26 00:00:00-04:00,11.901276588439941,11.901276588439941,11.675302982330322,11.750627517700195,409000,0.0,0.0
1996-08-27 00:00:00-04:00,11.712967355168582,12.127252374161682,11.599980531806827,11.93894100189209,610800,0.0,0.0
1996-08-28 00:00:00-04:00,11.976599228382112,12.089586013555527,11.93893696665764,12.051923751831055,623200,0.0,0.0
1996-08-29 00:00:00-04:00,12.051928257425503,12.35322646386114,12.051928257425503,12.164915084838867,1484400,0.0,0.0
1996-08-30 00:00:00-04:00,12.164914568869177,12.428550488318354,12.164914568869177,12.390888214111328,863400,0.0,0.0
1996-09-03 00:00:00-04:00,12.315561532974243,12.729846477508545,12.24023699760437,12.654521942138672,1172400,0.0,0.0
1996-09-04 00:00:00-04:00,12.654523616050605,12.692185888717423,12.541536798050155,12.616861343383789,925800,0.0,0.0
1996-09-05 00:00:00-04:00,12.607802065477632,12.607802065477632,12.456810423974906,12.494558334350586,288600,0.0475,0.0
1996-09-06 00:00:00-04:00,12.456813691610314,12.796544974108777,12.419065771332706,12.532309532165527,955600,0.0,0.0
1996-09-09 00:00:00-04:00,12.645545372596153,12.872032752403847,12.645545372596153,12.7587890625,539400,0.0,0.0
1996-09-10 00:00:00-04:00,12.758793933050974,12.796541844095502,12.532306466783796,12.683298110961914,529200,0.0,0.0
1996-09-11 00:00:00-04:00,12.834285297225007,12.834285297225007,12.683293705492947,12.796537399291992,640400,0.0,0.0
1996-09-12 00:00:00-04:00,12.758789501358976,12.79653739929199,12.721041603425961,12.796537399291992,332800,0.0,0.0
1996-09-13 00:00:00-04:00,12.90978345309987,12.947531357933494,12.721043928931742,12.834287643432617,600000,0.0,0.0
1996-09-16 00:00:00-04:00,12.909785270690918,12.909785270690918,12.834289450394479,12.909785270690918,740600,0.0,0.0
1996-09-17 00:00:00-04:00,12.83428485576923,12.83428485576923,12.645545372596153,12.7587890625,739200,0.0,0.0
1996-09-18 00:00:00-04:00,12.758789501358976,12.94752899102405,12.721041603425961,12.796537399291992,373000,0.0,0.0
1996-09-19 00:00:00-04:00,12.834285373857536,12.834285373857536,12.683293781223918,12.721041679382324,468000,0.0,0.0
1996-09-20 00:00:00-04:00,12.721045719949823,12.909785270690918,12.721045719949823,12.909785270690918,974600,0.0,0.0
1996-09-23 00:00:00-04:00,12.796544555971877,13.098527908325195,12.796544555971877,13.098527908325195,1197200,0.0,0.0
1996-09-24 00:00:00-04:00,13.06077532560929,13.13627113673998,12.947531608913255,13.023027420043945,566600,0.0,0.0
1996-09-25 00:00:00-04:00,13.098527606143508,13.136275524316831,12.872040097103563,12.985283851623535,530600,0.0,0.0
1996-09-26 00:00:00-04:00,12.947533180839137,13.21176855187667,12.909785270690918,12.909785270690918,445600,0.0,0.0
1996-09-27 00:00:00-04:00,13.06077938135768,13.06077938135768,12.796543960347554,12.872039794921875,783600,0.0,0.0
1996-09-30 00:00:00-04:00,12.909788015276886,13.098527606143508,12.872040097103563,12.985283851623535,557800,0.0,0.0
1996-10-01 00:00:00-04:00,12.9852795144786,13.098523231174635,12.9852795144786,13.023027420043945,225800,0.0,0.0
1996-10-02 00:00:00-04:00,13.06077325378243,13.211764852092054,12.985277454627619,13.174016952514648,332600,0.0,0.0
1996-10-03 00:00:00-04:00,13.174020988119523,13.55150009952696,13.174020988119523,13.362760543823242,492400,0.0,0.0
1996-10-04 00:00:00-04:00,13.362758027405299,13.626993355630827,13.362758027405299,13.476001739501953,619200,0.0,0.0
1996-10-07 00:00:00-04:00,13.513749643534172,13.55149754756639,13.400505931437518,13.476001739501953,266400,0.0,0.0
1996-10-08 00:00:00-04:00,13.476005975094589,13.589249722784459,13.438258059197965,13.513753890991211,328000,0.0,0.0
1996-10-09 00:00:00-04:00,13.589246942755882,13.589246942755882,13.36275949370995,13.438255310058594,750800,0.0,0.0
1996-10-10 00:00:00-04:00,13.55150009952696,13.55150009952696,13.362760543823242,13.362760543823242,487800,0.0,0.0
1996-10-11 00:00:00-04:00,13.400506019592287,13.513749732433912,13.362758115311745,13.400506019592285,297800,0.0,0.0
1996-10-14 00:00:00-04:00,13.438253923872828,13.513749732433912,13.400506019592287,13.400506019592285,117000,0.0,0.0
1996-10-15 00:00:00-04:00,13.438258059197965,13.551501806887835,13.438258059197965,13.513753890991211,326800,0.0,0.0
1996-10-16 00:00:00-04:00,13.513749986224704,13.589245796203613,13.362758366266887,13.589245796203613,329800,0.0,0.0
1996-10-17 00:00:00-04:00,13.589242861415801,13.815730242439397,13.589242861415801,13.664738655090332,725600,0.0,0.0
1996-10-18 00:00:00-04:00,13.740238189697266,13.891229818155477,13.626994468353606,13.740238189697266,498000,0.0,0.0
1996-10-21 00:00:00-04:00,13.815740455751833,13.928984229979308,13.777992531009343,13.891236305236816,515400,0.0,0.0
1996-10-22 00:00:00-04:00,13.891223400911986,14.00446706994116,13.853475511235596,13.928971290588379,307800,0.0,0.0
1996-10-23 00:00:00-04:00,13.928974639712356,14.41969732349626,13.891226740959748,14.381949424743652,1108000,0.0,0.0
1996-10-24 00:00:00-04:00,13.92897772527003,14.04222144661369,13.589246561239055,13.740238189697266,2856600,0.0,0.0
1996-10-25 00:00:00-04:00,13.740237416161431,13.740237416161431,13.287262556287978,13.589245796203613,848800,0.0,0.0
1996-10-28 00:00:00-05:00,13.589247275859863,13.626995184959474,13.43825563946142,13.551499366760254,643800,0.0,0.0
1996-10-29 00:00:00-05:00,13.513749643534172,13.55149754756639,13.325010123373081,13.476001739501953,771800,0.0,0.0
1996-10-30 00:00:00-05:00,13.589247275859863,13.626995184959474,13.551499366760252,13.551499366760254,1147600,0.0,0.0
1996-10-31 00:00:00-05:00,13.589248010667703,13.626995921808447,13.362760543823242,13.362760543823242,979200,0.0,0.0
1996-11-01 00:00:00-05:00,13.325008471127589,13.438252169182498,13.060773175666135,13.249512672424316,1825400,0.0,0.0
1996-11-04 00:00:00-05:00,13.287264721541755,13.400508454963985,13.098525165838037,13.362760543823242,646000,0.0,0.0
1996-11-05 00:00:00-05:00,13.287263677361306,13.476003218232917,13.287263677361306,13.438255310058594,650400,0.0,0.0
1996-11-06 00:00:00-05:00,13.40050763370588,13.740238813151944,13.325011816051198,13.626995086669922,713600,0.0,0.0
1996-11-07 00:00:00-05:00,13.664748756781869,13.966732154721798,13.664748756781869,13.891236305236816,768800,0.0,0.0
1996-11-08 00:00:00-05:00,13.85347270965576,13.928968473741078,13.664733299442467,13.853472709655762,412000,0.0,0.0
1996-11-11 00:00:00-05:00,13.81573539106813,13.891231212877248,13.740239569259016,13.777987480163574,431800,0.0,0.0
1996-11-12 00:00:00-05:00,13.740246219019735,14.079977581577916,13.740246219019735,14.042229652404785,713600,0.0,0.0
1996-11-13 00:00:00-05:00,14.004472981107995,14.268708320374184,14.004472981107995,14.193212509155273,966400,0.0,0.0
1996-11-14 00:00:00-05:00,14.570690071459898,14.834925383636632,14.495194267980832,14.646185874938965,1415000,0.0,0.0
1996-11-15 00:00:00-05:00,15.09916583697001,15.09916583697001,14.41970337430636,14.495199203491211,1649000,0.0,0.0
1996-11-18 00:00:00-05:00,14.495190685332133,14.532938577741852,14.344199115693257,14.419694900512695,525400,0.0,0.0
1996-11-19 00:00:00-05:00,14.419705091491538,14.419705091491538,14.268713415140843,14.306461334228516,479000,0.0,0.0
1996-11-20 00:00:00-05:00,14.268709908861258,14.30645781867306,14.042222449990444,14.079970359802246,732400,0.0,0.0
1996-11-21 00:00:00-05:00,14.079971106046075,14.230962753295898,14.04222319423362,14.230962753295898,462600,0.0,0.0
1996-11-22 00:00:00-05:00,14.155465691270155,14.495196867860638,14.155465691270155,14.457448959350586,319200,0.0,0.0
1996-11-25 00:00:00-05:00,14.495198155656645,14.910425186157225,14.457450243792955,14.910425186157227,852800,0.0,0.0
1996-11-26 00:00:00-05:00,14.87267748352207,15.136912870285153,14.68393792154844,14.75943374633789,1396200,0.0,0.0
1996-11-27 00:00:00-05:00,14.759429580157565,14.834925383636632,14.532942169720364,14.646185874938965,568400,0.0,0.0
1996-11-29 00:00:00-05:00,14.72167829008519,14.72167829008519,14.646182503982189,14.683930397033691,73600,0.0,0.0
1996-12-02 00:00:00-05:00,14.60843436256129,14.60843436256129,14.344199115693257,14.419694900512695,636400,0.0,0.0
1996-12-03 00:00:00-05:00,14.344201525991044,14.570688918506693,14.344201525991044,14.381949424743652,514400,0.0,0.0
1996-12-04 00:00:00-05:00,14.297231360518964,14.410701450681813,14.183761270356115,14.259407997131348,502000,0.0475,0.0
1996-12-05 00:00:00-05:00,14.221576790535014,14.486340188231145,14.145930105478977,14.448516845703125,577400,0.0,0.0
1996-12-06 00:00:00-05:00,14.259408656777389,14.259408656777389,14.070291831090685,14.108115196228027,459000,0.0,0.0
1996-12-09 00:00:00-05:00,14.145936955903705,14.448523842661004,14.145936955903705,14.37287712097168,931200,0.0,0.0
1996-12-10 00:00:00-05:00,14.486352314786334,14.599822437356462,14.410705566406248,14.41070556640625,366000,0.0,0.0
1996-12-11 00:00:00-05:00,13.994634760187028,14.221574783325195,13.994634760187028,14.221574783325195,663000,0.0,0.0
1996-12-12 00:00:00-05:00,14.221575618434596,14.221575618434596,13.956812242559483,13.994635581970215,412000,0.0,0.0
1996-12-13 00:00:00-05:00,13.918993625069184,13.918993625069184,13.692053511616969,13.881170272827148,342000,0.0,0.0
1996-12-16 00:00:00-05:00,13.843352365493775,13.881175732612611,13.502942061424257,13.616412162780762,753000,0.0,0.0
1996-12-17 00:00:00-05:00,13.57858884401914,13.616412211272676,13.389472007751465,13.389472007751465,1098000,0.0,0.0
1996-12-18 00:00:00-05:00,13.427295327186586,13.654235529899598,13.427295327186586,13.616412162780762,777000,0.0,0.0
1996-12-19 00:00:00-05:00,13.692055069053797,13.881171851775536,13.65423171250945,13.729878425598145,1595200,0.0,0.0
1996-12-20 00:00:00-05:00,13.9189935826859,13.9189935826859,13.540760061417261,13.654230117797852,1496200,0.0,0.0
1996-12-23 00:00:00-05:00,13.654237136203268,13.729883879340127,13.502943649929547,13.578590393066406,316800,0.0,0.0
1996-12-24 00:00:00-05:00,13.654237136203268,13.654237136203268,13.502943649929547,13.578590393066406,129800,0.0,0.0
1996-12-26 00:00:00-05:00,13.616406807132897,13.881170272827148,13.616406807132897,13.881170272827148,337200,0.0,0.0
1996-12-27 00:00:00-05:00,14.032469129174705,14.032469129174705,13.80552892762471,13.956822395324707,321400,0.0,0.0
1996-12-30 00:00:00-05:00,13.956822984358844,14.18376319548663,13.88117624731625,14.145939826965332,487200,0.0,0.0
1996-12-31 00:00:00-05:00,14.221585963799702,14.524172899199694,13.956822395324707,13.956822395324707,584200,0.0,0.0
1997-01-02 00:00:00-05:00,13.881165563738023,14.070282260791675,13.729872206095102,13.994635581970215,563800,0.0,0.0
1997-01-03 00:00:00-05:00,14.18376350402832,14.259410242716472,14.108116765340169,14.18376350402832,815600,0.0,0.0
1997-01-06 00:00:00-05:00,14.259410273644233,14.335057012496456,14.070293426513672,14.070293426513672,632800,0.0,0.0
1997-01-07 00:00:00-05:00,13.994641921408578,13.994641921408578,13.616408355965103,13.729878425598145,1697200,0.0,0.0
1997-01-08 00:00:00-05:00,13.654232346521663,13.881172496325348,13.61640898822105,13.805525779724121,1512600,0.0,0.0
1997-01-09 00:00:00-05:00,13.805525782315629,13.956819215546485,13.692055707392486,13.91899585723877,1230600,0.0,0.0
1997-01-10 00:00:00-05:00,13.7298790657002,13.91899585723877,13.616408990777058,13.91899585723877,1540600,0.0,0.0
1997-01-13 00:00:00-05:00,14.032466888427734,14.070290249312984,13.881173444886734,14.032466888427734,1384000,0.0,0.0
1997-01-14 00:00:00-05:00,13.95681697731122,13.95681697731122,13.843346920585113,13.881170272827148,941200,0.0,0.0
1997-01-15 00:00:00-05:00,13.767702421423506,13.881172496325348,13.767702421423506,13.805525779724121,1171400,0.0,0.0
1997-01-16 00:00:00-05:00,13.843346920585113,13.918993625069184,13.76770021610104,13.881170272827148,1130400,0.0,0.0
1997-01-17 00:00:00-05:00,13.994646687661449,14.145940165365896,13.994646687661449,14.070293426513672,863800,0.0,0.0
1997-01-20 00:00:00-05:00,14.108112648777341,14.108112648777341,13.881172498931056,13.91899585723877,1015400,0.0,0.0
1997-01-21 00:00:00-05:00,13.843353209957,14.221586904218121,13.80552984053089,14.070293426513672,976800,0.0,0.0
1997-01-22 00:00:00-05:00,14.032468465953345,14.183761926502708,14.032468465953345,14.108115196228027,907800,0.0,0.0
1997-01-23 00:00:00-05:00,14.070293426513672,14.259410273644233,14.032470057087561,14.070293426513672,1549400,0.0,0.0
1997-01-24 00:00:00-05:00,14.070289287828418,14.145936004429647,13.767702421423506,13.805525779724121,962800,0.0,0.0
1997-01-27 00:00:00-05:00,13.767702421423506,14.032465929527804,13.767702421423506,13.805525779724121,1010000,0.0,0.0
1997-01-28 00:00:00-05:00,13.843350084001484,14.145936971083485,13.843350084001484,14.032466888427734,937800,0.0,0.0
1997-01-29 00:00:00-05:00,13.994635581970215,14.070282260791675,13.956812242559483,13.994635581970215,500400,0.0,0.0
1997-01-30 00:00:00-05:00,14.070281434566416,14.221574783325195,13.956811422997333,14.221574783325195,869800,0.0,0.0
1997-01-31 00:00:00-05:00,14.259407053739233,14.259407053739233,13.994643527542484,14.032466888427734,669600,0.0,0.0
1997-02-03 00:00:00-05:00,13.918999948809224,14.070293426513672,13.918999948809224,14.070293426513672,838800,0.0,0.0
1997-02-04 00:00:00-05:00,14.10810477175611,14.297221457704584,14.032458097376722,14.221574783325195,614200,0.0,0.0
1997-02-05 00:00:00-05:00,14.372874891537789,14.524168311448713,14.259404826604596,14.335051536560059,1048000,0.0,0.0
1997-02-06 00:00:00-05:00,14.18376319548663,14.372880038093118,14.145939826965334,14.145939826965332,1039000,0.0,0.0
1997-02-07 00:00:00-05:00,14.25940327855999,14.561990085532086,14.25940327855999,14.486343383789062,1133800,0.0,0.0
1997-02-10 00:00:00-05:00,14.561980247497559,14.826743524724787,14.561980247497559,14.561980247497559,599000,0.0,0.0
1997-02-11 00:00:00-05:00,14.5998102158152,14.637633558343218,14.372870160647087,14.448516845703125,557200,0.0,0.0
1997-02-12 00:00:00-05:00,14.448515458982817,14.940218864655007,14.410692120084956,14.826748847961426,617200,0.0,0.0
1997-02-13 00:00:00-05:00,15.053688109064678,15.734508174298758,14.97804143514978,15.696684837341309,1165400,0.0,0.0
1997-02-14 00:00:00-05:00,15.356273694581624,15.394097028804731,14.82674701545812,14.940217018127441,837200,0.0,0.0
1997-02-18 00:00:00-05:00,14.826762714385987,15.167173082828523,14.826762714385987,15.129349708557129,2394600,0.0,0.0
1997-02-19 00:00:00-05:00,15.015870744423161,15.129340800426357,14.978047392422095,15.091517448425293,498200,0.0,0.0
1997-02-20 00:00:00-05:00,15.015872635022559,15.129342705312402,14.940225921495996,14.978049278259277,326800,0.0,0.0
1997-02-21 00:00:00-05:00,14.978047392422095,15.091517448425293,14.940224040421029,15.091517448425293,356000,0.0,0.0
1997-02-24 00:00:00-05:00,14.978053711167533,15.05370044708252,14.826760239337558,15.05370044708252,532200,0.0,0.0
1997-02-25 00:00:00-05:00,15.053699869987291,15.053699869987291,14.52417273888221,14.751112937927246,1086600,0.0,0.0
1997-02-26 00:00:00-05:00,14.788928618418769,14.864575312119122,14.524165190467539,14.637635231018066,832400,0.0,0.0
1997-02-27 00:00:00-05:00,14.599824431081297,14.63764781043643,14.297237396240233,14.297237396240234,830600,0.0,0.0
1997-02-28 00:00:00-05:00,14.18376244031466,14.78893630443475,14.18376244031466,14.751112937927246,1421800,0.0,0.0
1997-03-03 00:00:00-05:00,14.599807010119475,14.97804035235055,14.561983675896368,14.940217018127441,572600,0.0,0.0
1997-03-04 00:00:00-05:00,14.940224283749295,15.015870988983469,14.6376374628126,14.675460815429688,621200,0.0,0.0
1997-03-05 00:00:00-05:00,14.595090592573136,14.936274528503418,14.595090592573136,14.936274528503418,740000,0.055,0.0
1997-03-06 00:00:00-05:00,14.860459747314453,15.277462444305419,14.860459747314453,15.163734436035156,726800,0.0,0.0
1997-03-07 00:00:00-05:00,15.239553108215333,15.315371780395507,15.08791576385498,15.163734436035156,1029600,0.0,0.0
1997-03-10 00:00:00-05:00,15.087914215391548,15.277460876388929,15.087914215391548,15.239551544189453,791000,0.0,0.0
1997-03-11 00:00:00-05:00,15.239552670613707,15.31537134061676,15.0879153306076,15.277462005615234,359200,0.0,0.0
1997-03-12 00:00:00-05:00,15.201641682694133,15.277460344453205,15.01209502829645,15.125823020935059,269200,0.0,0.0
1997-03-13 00:00:00-05:00,15.050003827220262,15.050003827220262,14.898366509061871,15.012094497680664,334600,0.0,0.0
1997-03-14 00:00:00-05:00,14.936281502552523,14.97419084646763,14.746734782976983,14.78464412689209,1082800,0.0,0.0
1997-03-17 00:00:00-05:00,14.82254447160483,14.89836311340332,14.708816508907095,14.89836311340332,551800,0.0,0.0
1997-03-18 00:00:00-05:00,14.822545265966609,14.936273234759192,14.670907974243164,14.670907974243164,324400,0.0,0.0
1997-03-19 00:00:00-05:00,14.557180770320596,14.784636719856854,14.481362120475175,14.632999420166016,598000,0.0,0.0
1997-03-20 00:00:00-05:00,14.632994231573825,14.632994231573825,14.329719739727734,14.367629051208496,405000,0.0,0.0
1997-03-21 00:00:00-05:00,14.48136642496422,14.595094433537238,14.329729080200197,14.329729080200195,753600,0.0,0.0
1997-03-24 00:00:00-05:00,14.329735786684097,14.329735786684097,14.026460955219884,14.102279663085938,1221000,0.0,0.0
1997-03-25 00:00:00-05:00,14.178097254503768,14.670918816826093,14.064369201660156,14.064369201660156,830800,0.0,0.0
1997-03-26 00:00:00-05:00,13.799001530839064,13.91272956543389,13.533636116784466,13.761092185974121,2782200,0.0,0.0
1997-03-27 00:00:00-05:00,13.723175490643344,13.988540762561863,13.419900894165039,13.419900894165039,769800,0.0,0.0
1997-03-31 00:00:00-05:00,13.34407940282795,13.609444618225096,13.040804870945497,13.609444618225098,715200,0.0,0.0
1997-04-01 00:00:00-05:00,13.457811591971634,13.495720920399723,12.964990322406477,13.306174278259277,1310800,0.0,0.0
1997-04-02 00:00:00-05:00,13.344081664353274,13.72317489345422,13.344081664353274,13.495718955993652,1555000,0.0,0.0
1997-04-03 00:00:00-05:00,13.495720920399723,13.495720920399723,13.192446292975012,13.306174278259277,764800,0.0,0.0
1997-04-04 00:00:00-05:00,13.116625204853628,13.19244384765625,13.002897240649695,13.19244384765625,1608000,0.0,0.0
1997-04-07 00:00:00-04:00,13.154538597859126,13.457813262939453,13.116629264724086,13.457813262939453,674000,0.0,0.0
1997-04-08 00:00:00-04:00,13.571545461649409,13.799001530839064,13.533636116784466,13.761092185974121,619400,0.0,0.0
1997-04-09 00:00:00-04:00,13.912726499757715,13.950635836269315,13.685270480688105,13.723179817199707,756400,0.0,0.0
1997-04-10 00:00:00-04:00,13.723178513844807,13.723178513844807,13.571541182200114,13.647359848022461,493600,0.0,0.0
1997-04-11 00:00:00-04:00,13.57153706166936,13.57153706166936,13.19244384765625,13.19244384765625,338000,0.0,0.0
1997-04-14 00:00:00-04:00,13.2303556214031,13.30617427825928,12.889171665550299,13.306174278259277,459200,0.0,0.0
1997-04-15 00:00:00-04:00,13.571541262344574,13.685269261749697,13.34408526353433,13.457813262939453,624800,0.0,0.0
1997-04-16 00:00:00-04:00,13.495723798130099,13.761089153711309,13.419905125106895,13.723179817199707,1134200,0.0,0.0
1997-04-17 00:00:00-04:00,13.685266453060297,13.95063173054346,13.64735712770556,13.874813079833984,629000,0.0,0.0
1997-04-18 00:00:00-04:00,13.836900517136936,13.874809833622242,13.495716668769177,13.609444618225098,873600,0.0,0.0
1997-04-21 00:00:00-04:00,13.571542471153302,13.79899849022291,13.571542471153302,13.723179817199707,403600,0.0,0.0
1997-04-22 00:00:00-04:00,14.102273565577711,14.633004291163969,13.988545552952084,14.44345760345459,1216800,0.0,0.0
1997-04-23 00:00:00-04:00,14.784635973226338,14.784635973226338,14.329724097127066,14.481361389160156,805400,0.0,0.0
1997-04-24 00:00:00-04:00,14.405548265912715,14.557185616080218,14.291820253287089,14.44345760345459,1168800,0.0,0.0
1997-04-25 00:00:00-04:00,14.443449039898262,14.860451505617108,14.405539724832911,14.822542190551758,1123400,0.0,0.0
1997-04-28 00:00:00-04:00,14.784644126892092,14.784644126892092,14.63300675123166,14.78464412689209,976200,0.0,0.0
1997-04-29 00:00:00-04:00,15.012094025564666,15.315368652343752,14.82254738382774,15.31536865234375,772600,0.0,0.0
1997-04-30 00:00:00-04:00,15.163731055455981,15.6565523147583,15.163731055455981,15.6565523147583,1484800,0.0,0.0
1997-05-01 00:00:00-04:00,15.618643760681152,15.7323717492298,15.504915772132502,15.618643760681152,1238600,0.0,0.0
1997-05-02 00:00:00-04:00,15.618647405991009,15.656556744355065,15.391191375806674,15.580738067626953,572400,0.0,0.0
1997-05-05 00:00:00-04:00,15.54282433184238,15.80818962531286,15.54282433184238,15.6565523147583,1004000,0.0,0.0
1997-05-06 00:00:00-04:00,15.504913840076622,16.073553711962074,15.467004515284257,15.808188438415527,1527000,0.0,0.0
1997-05-07 00:00:00-04:00,15.808186343083014,15.921914302385769,15.656549064012674,15.77027702331543,672800,0.0,0.0
1997-05-08 00:00:00-04:00,15.694461642396941,15.73237097003558,15.54282433184238,15.6565523147583,648800,0.0,0.0
1997-05-09 00:00:00-04:00,15.656548876934743,15.808186154193189,15.542820918990905,15.732367515563965,489800,0.0,0.0
1997-05-12 00:00:00-04:00,15.77027702331543,15.921914302385769,15.694458383780258,15.77027702331543,543800,0.0,0.0
1997-05-13 00:00:00-04:00,15.694461642396941,15.73237097003558,15.467005676565101,15.6565523147583,834800,0.0,0.0
1997-05-14 00:00:00-04:00,15.73237097003558,15.73237097003558,15.467005676565101,15.6565523147583,646800,0.0,0.0
1997-05-15 00:00:00-04:00,15.656556744355065,15.69446608271912,15.315372699078562,15.580738067626953,533600,0.0,0.0
1997-05-16 00:00:00-04:00,15.580732891525049,15.69446086883545,15.467004914214646,15.69446086883545,741400,0.0,0.0
1997-05-19 00:00:00-04:00,15.580733659481021,15.6565523147583,15.50491500420374,15.6565523147583,514400,0.0,0.0
1997-05-20 00:00:00-04:00,15.542824745178223,15.580734073824999,15.46700608788467,15.542824745178223,543400,0.0,0.0
1997-05-21 00:00:00-04:00,15.504921804155623,15.921924591064455,15.504921804155623,15.921924591064453,658600,0.0,0.0
1997-05-22 00:00:00-04:00,15.884007088000255,15.92191641279262,15.732369788830802,15.808188438415527,471200,0.0,0.0
1997-05-23 00:00:00-04:00,15.884009471220129,16.22519344554228,15.84610014073989,16.111465454101562,405400,0.0,0.0
1997-05-27 00:00:00-04:00,16.073556123621323,16.18728411506204,15.921918801700368,16.111465454101562,531800,0.0,0.0
1997-05-28 00:00:00-04:00,16.035647916122223,16.225194581797425,16.035647916122223,16.149375915527344,481200,0.0,0.0
1997-05-29 00:00:00-04:00,16.111466582392303,16.149375915527344,16.035647916122223,16.149375915527344,630200,0.0,0.0
1997-05-30 00:00:00-04:00,16.07356597465461,16.07356597465461,15.921928559799376,15.959837913513184,350600,0.0,0.0
1997-06-02 00:00:00-04:00,15.997737462660846,16.149374784581802,15.84610014073989,16.111465454101562,350800,0.0,0.0
1997-06-03 00:00:00-04:00,16.03565014634177,16.263106176786334,15.959831469526915,16.225196838378906,374800,0.0,0.0
1997-06-04 00:00:00-04:00,16.144664401099796,16.334601629348025,15.840764835902622,15.954727172851562,940400,0.055,0.0
1997-06-05 00:00:00-04:00,16.030689239501953,16.10666407002092,15.802764747945053,16.030689239501953,511600,0.0,0.0
1997-06-06 00:00:00-04:00,15.954731112328647,16.258630752563477,15.954731112328647,16.258630752563477,274000,0.0,0.0
1997-06-09 00:00:00-04:00,16.182647156265546,16.37258432946115,16.068684852348184,16.106672286987305,606800,0.0,0.0
1997-06-10 00:00:00-04:00,16.144665804776277,16.296615600585938,16.106678355823863,16.296615600585938,419600,0.0,0.0
1997-06-11 00:00:00-04:00,16.37258247915468,16.676481921923212,16.37258247915468,16.63849449157715,455200,0.0,0.0
1997-06-12 00:00:00-04:00,17.018369311576862,17.36025619506836,16.86641958558064,17.36025619506836,900000,0.0,0.0
1997-06-13 00:00:00-04:00,17.36025619506836,17.626168215561748,17.09434417457497,17.36025619506836,1251400,0.0,0.0
1997-06-16 00:00:00-04:00,17.28427965202247,17.512204218862326,17.018367657375972,17.1323299407959,698200,0.0,0.0
1997-06-17 00:00:00-04:00,17.056357916410978,17.056357916410978,16.79044587762506,16.86642074584961,901200,0.0,0.0
1997-06-18 00:00:00-04:00,16.866423048261545,17.094347684048863,16.79044816966577,17.056360244750977,958200,0.0,0.0
1997-06-19 00:00:00-04:00,16.980373839493634,17.32226056109418,16.942386425982463,17.284273147583008,774600,0.0,0.0
1997-06-20 00:00:00-04:00,17.284282815139907,17.284282815139907,16.942395902312963,17.170320510864258,840000,0.0,0.0
1997-06-23 00:00:00-04:00,17.018375519783266,17.056362965139925,16.48655128479004,16.48655128479004,544400,0.0,0.0
1997-06-24 00:00:00-04:00,16.48654640472687,16.904408179961884,16.372584102390046,16.86642074584961,952600,0.0,0.0
1997-06-25 00:00:00-04:00,16.79045225955822,16.828439708109258,16.372590325496816,16.41057777404785,880400,0.0,0.0
1997-06-26 00:00:00-04:00,16.41057376173239,16.429567481364025,16.144661686889506,16.31560516357422,994000,0.0,0.0
1997-06-27 00:00:00-04:00,16.33459372953935,16.82843028415333,16.33459372953935,16.714468002319336,784800,0.0,0.0
1997-06-30 00:00:00-04:00,16.67647904583386,17.094340707574574,16.60050419824464,17.01836585998535,886200,0.0,0.0
1997-07-01 00:00:00-04:00,17.550194250334293,17.550194250334293,16.56252098083496,16.56252098083496,806400,0.0,0.0
1997-07-02 00:00:00-04:00,16.63849971680517,16.828436928184225,16.60051227452936,16.771455764770508,654000,0.0,0.0
1997-07-03 00:00:00-04:00,16.98038585418804,17.056360734967406,16.82843609262931,16.923404693603516,427600,0.0,0.0
1997-07-07 00:00:00-04:00,17.170319959852428,17.36025712754991,16.94239535861545,17.094345092773438,935200,0.0,0.0
1997-07-08 00:00:00-04:00,17.05635765923394,17.094345092773438,16.904407925075954,17.094345092773438,623000,0.0,0.0
1997-07-09 00:00:00-04:00,17.32226977887452,17.53120066436533,17.189313760834914,17.30327606201172,1755200,0.0,0.0
1997-07-10 00:00:00-04:00,17.32227654814195,17.41724516956817,17.132339305289516,17.246301651000977,991600,0.0,0.0
1997-07-11 00:00:00-04:00,17.246297441240408,17.26529116088935,17.01837280545309,17.056360244750977,402800,0.0,0.0
1997-07-14 00:00:00-04:00,16.86641771143133,16.980379993265323,16.581512006846342,16.714468002319336,575000,0.0,0.0
1997-07-15 00:00:00-04:00,16.71446867575678,16.75245610456532,16.50553781730982,16.676481246948242,682200,0.0,0.0
1997-07-16 00:00:00-04:00,16.638492402977707,17.265284925007688,16.638492402977707,17.18931007385254,667000,0.0,0.0
1997-07-17 00:00:00-04:00,17.17033105147512,17.398255799946032,17.132343593396637,17.322280883789062,1056400,0.0,0.0
1997-07-18 00:00:00-04:00,17.246297441240408,17.32227231983618,17.01837280545309,17.056360244750977,696000,0.0,0.0
1997-07-21 00:00:00-04:00,17.018368864939603,17.53119917671792,16.999375149688557,17.49321174621582,794800,0.0,0.0
1997-07-22 00:00:00-04:00,17.398247198431953,17.43623463772984,17.056360244750977,17.056360244750977,1055800,0.0,0.0
1997-07-23 00:00:00-04:00,17.018370225694444,17.28428226047092,16.695477040608722,17.094345092773438,1253800,0.0,0.0
1997-07-24 00:00:00-04:00,17.113341403697806,17.113341403697806,16.942397926857318,17.056360244750977,601400,0.0,0.0
1997-07-25 00:00:00-04:00,17.094345350523252,17.094345350523252,16.828433311737335,16.86642074584961,1012600,0.0,0.0
1997-07-28 00:00:00-04:00,16.714475814905544,16.904413040074925,16.714475814905544,16.809444427490234,976800,0.0,0.0
1997-07-29 00:00:00-04:00,16.809447211305798,16.809447211305798,16.41057897239346,16.65749740600586,1330600,0.0,0.0
1997-07-30 00:00:00-04:00,16.65748909960021,16.866419977702378,16.6384953834091,16.695476531982422,1209600,0.0,0.0
1997-07-31 00:00:00-04:00,16.695471718197776,16.999371089632547,16.638490586053756,16.752452850341797,1249000,0.0,0.0
1997-08-01 00:00:00-04:00,16.771455764770508,16.809443207046318,16.562524832253548,16.771455764770508,463000,0.0,0.0
1997-08-04 00:00:00-04:00,16.771454932044787,17.01837329457772,16.733467491655105,16.923404693603516,708800,0.0,0.0
1997-08-05 00:00:00-04:00,16.96138933113029,17.018370482298703,16.86642074584961,16.86642074584961,927000,0.0,0.0
1997-08-06 00:00:00-04:00,16.90440974970368,17.151328094362274,16.866422312063897,16.88541603088379,634000,0.0,0.0
1997-08-07 00:00:00-04:00,16.923409565280753,16.98039074226823,16.65749740600586,16.65749740600586,1073200,0.0,0.0
1997-08-08 00:00:00-04:00,16.657493556068896,16.695480998614094,16.182650524253933,16.448562622070312,1367400,0.0,0.0
1997-08-11 00:00:00-04:00,16.410570821739956,16.429564537968822,16.106671362078107,16.372583389282227,1165600,0.0,0.0
1997-08-12 00:00:00-04:00,16.258621683109492,16.258621683109492,16.10667194775333,16.12566566467285,1018200,0.0,0.0
1997-08-13 00:00:00-04:00,16.163653144469627,16.2966091632843,15.726797654078558,15.802772521972656,1823600,0.0,0.0
1997-08-14 00:00:00-04:00,15.840762210666918,15.935730809052211,15.650825013896332,15.783781051635742,1391800,0.0,0.0
1997-08-15 00:00:00-04:00,15.726790701146463,15.783771826875254,15.308929112468658,15.327922821044922,1418200,0.0,0.0
1997-08-18 00:00:00-04:00,15.346922507297617,15.726796826785183,15.308935075348861,15.688809394836426,1435600,0.0,0.0
1997-08-19 00:00:00-04:00,15.87875662044603,15.897750348460917,15.707813068312042,15.821775436401367,1569000,0.0,0.0
1997-08-20 00:00:00-04:00,15.840763358978563,16.27761894321898,15.840763358978563,15.878750801086426,3732200,0.0,0.0
1997-08-21 00:00:00-04:00,15.878749994484775,15.878749994484775,15.707806513682906,15.764787673950195,760600,0.0,0.0
1997-08-22 00:00:00-04:00,15.650815568059128,15.650815568059128,15.118991738076536,15.289935111999512,3038400,0.0,0.0
1997-08-25 00:00:00-04:00,15.346925376252445,15.631831169128418,15.308937937202316,15.631831169128418,1654000,0.0,0.0
1997-08-26 00:00:00-04:00,15.688810201612252,15.707803918563357,15.479879315150104,15.536860466003418,1145600,0.0,0.0
1997-08-27 00:00:00-04:00,15.612837913237422,15.935731154752066,15.536863032881037,15.764787673950195,1477600,0.0,0.0
1997-08-28 00:00:00-04:00,15.878756202269939,16.410580572680892,15.840768747240585,16.258630752563477,2014600,0.0,0.0
1997-08-29 00:00:00-04:00,16.220634121365016,16.372583855523,16.125665537516277,16.239627838134766,1016200,0.0,0.0
1997-09-02 00:00:00-04:00,16.277615482862604,16.56252123810524,16.22063433181408,16.334596633911133,851000,0.0,0.0
1997-09-03 00:00:00-04:00,16.41056989586872,16.429563611025973,15.536858998634965,15.72679615020752,11759000,0.0,0.0
1997-09-04 00:00:00-04:00,15.836438928413623,15.98871237964837,15.760302202796248,15.817404747009277,1215000,0.055,0.0
1997-09-05 00:00:00-04:00,15.817398601619413,15.893535297656088,15.608022687518554,15.779330253601074,1213400,0.0,0.0
1997-09-08 00:00:00-04:00,15.779334945586122,15.798369125255103,15.569958969227319,15.684164047241211,943600,0.0,0.0
1997-09-09 00:00:00-04:00,15.741265380611788,16.02677805377887,15.68416284597837,15.83643627166748,765000,0.0,0.0
1997-09-10 00:00:00-04:00,15.646095687903246,15.817403304924085,15.627061508234265,15.684164047241211,1039600,0.0,0.0
1997-09-11 00:00:00-04:00,15.68416376277112,15.741266300742375,15.53189032818111,15.569958686828613,1329200,0.0,0.0
1997-09-12 00:00:00-04:00,15.7222318649292,15.836436939008589,15.608026790849811,15.7222318649292,871800,0.0,0.0
1997-09-15 00:00:00-04:00,15.722223669680346,16.08387288242118,15.722223669680346,16.007736206054688,494000,0.0,0.0
1997-09-16 00:00:00-04:00,16.179048320352337,16.445526763275787,16.179048320352337,16.331321716308594,920600,0.0,0.0
1997-09-17 00:00:00-04:00,16.483590433345256,16.5216587715285,15.912565360596574,16.007736206054688,1330400,0.0,0.0
1997-09-18 00:00:00-04:00,16.026776198799727,16.19808378287241,16.007742022791653,16.10291290283203,1541600,0.0,0.0
1997-09-19 00:00:00-04:00,16.160018154026307,16.616838455200195,16.140983974810727,16.616838455200195,3046800,0.0,0.0
1997-09-22 00:00:00-04:00,16.616845762012492,16.864290200622072,16.540709011671083,16.769119262695312,1278400,0.0,0.0
1997-09-23 00:00:00-04:00,16.769111471252792,16.82621400747726,16.42649625390597,16.57876968383789,947800,0.0,0.0
1997-09-24 00:00:00-04:00,16.502638828079657,16.59780975557723,16.140989303588867,16.140989303588867,1461600,0.0,0.0
1997-09-25 00:00:00-04:00,16.179055849332208,16.198090032684362,15.969679832458496,15.969679832458496,946000,0.0,0.0
1997-09-26 00:00:00-04:00,15.969675519145452,16.102914766623424,15.798367915245203,15.83643627166748,1117200,0.0,0.0
1997-09-29 00:00:00-04:00,15.874507291222308,15.969678198244026,15.798370565604936,15.817404747009277,1045800,0.0,0.0
1997-09-30 00:00:00-04:00,15.760303581153954,15.798371947292006,15.588995933532715,15.588995933532715,3881200,0.0,0.0
1997-10-01 00:00:00-04:00,15.627058993853055,15.646093170459453,14.485008397469153,14.846657752990723,8651200,0.0,0.0
1997-10-02 00:00:00-04:00,14.465974540170402,14.789555549621582,14.23756441585192,14.789555549621582,6811000,0.0,0.0
1997-10-03 00:00:00-04:00,15.075068205019681,15.075068205019681,14.694384664488881,14.789555549621582,5258200,0.0,0.0
1997-10-06 00:00:00-04:00,14.846653605616371,14.941824462062629,14.656311892723853,14.73244857788086,1641600,0.0,0.0
1997-10-07 00:00:00-04:00,14.732443312728359,15.017955780029297,14.732443312728359,15.017955780029297,2449000,0.0,0.0
1997-10-08 00:00:00-04:00,15.07507104824244,15.151207770708313,14.637284894063683,14.694387435913086,3093600,0.0,0.0
1997-10-09 00:00:00-04:00,14.50404167175293,14.713417601397657,14.465973320908434,14.50404167175293,3518400,0.0,0.0
1997-10-10 00:00:00-04:00,14.504046031048425,14.694387842479506,14.351772581903559,14.465977668762207,2605200,0.0,0.0
1997-10-13 00:00:00-04:00,14.561141441822675,14.694380644558306,14.44693641090642,14.599209785461426,1583400,0.0,0.0
1997-10-14 00:00:00-04:00,14.732448988197058,14.96085905002957,14.5421072700033,14.599209785461426,2585400,0.0,0.0
1997-10-15 00:00:00-04:00,14.618240154074105,14.637274320941389,14.31369348419756,14.351761817932129,1503600,0.0,0.0
1997-10-16 00:00:00-04:00,14.427899254979314,14.427899254979314,14.085284233093262,14.085284233093262,2064200,0.0,0.0
1997-10-17 00:00:00-04:00,14.085288146175085,14.104322319345592,13.666536336423933,13.837843894958496,2307800,0.0,0.0
1997-10-20 00:00:00-04:00,13.894946409135144,13.933014755461542,13.62846798485036,13.666536331176758,5686000,0.0,0.0
1997-10-21 00:00:00-04:00,13.933013041500047,14.465969824508244,13.818808016569719,14.446935653686523,3520000,0.0,0.0
1997-10-22 00:00:00-04:00,14.846658172607421,14.846658172607421,14.161427795410155,14.275632858276367,3515000,0.0,0.0
1997-10-23 00:00:00-04:00,14.275632323102748,14.33273485239516,14.08529055879471,14.313700675964355,2342400,0.0,0.0
1997-10-24 00:00:00-04:00,14.69438367498001,14.69438367498001,14.14239257838102,14.180460929870605,2332600,0.0,0.0
1997-10-27 00:00:00-05:00,14.256598330028519,14.29466668337973,13.095513552816582,13.114547729492188,1791000,0.0,0.0
1997-10-28 00:00:00-05:00,12.410280876669807,13.171647801618874,12.410280876669807,12.809998512268066,6366600,0.0,0.0
1997-10-29 00:00:00-05:00,13.247779974416526,13.704599973534336,13.247779974416526,13.590394973754883,5725000,0.0,0.0
1997-10-30 00:00:00-05:00,13.514266258630997,13.514266258630997,12.905172568101149,13.361992835998535,6159400,0.0,0.0
1997-10-31 00:00:00-05:00,13.323925352164972,13.400062068463058,13.114549382345237,13.266822814941406,2082600,0.0,0.0
1997-11-03 00:00:00-05:00,13.323928901503757,13.780749320983887,13.323928901503757,13.780749320983887,1469600,0.0,0.0
1997-11-04 00:00:00-05:00,13.837848219355115,13.933019114949028,13.40006209962311,13.53330135345459,2059600,0.0,0.0
1997-11-05 00:00:00-05:00,13.609436481012462,13.78074407308115,13.438128888943774,13.476197242736816,1706000,0.0,0.0
1997-11-06 00:00:00-05:00,13.438136061316039,13.533306996594481,13.228760003703467,13.342965126037598,2302400,0.0,0.0
1997-11-07 00:00:00-05:00,13.17165245769693,13.285857536809909,13.095515738288276,13.228754997253418,1548800,0.0,0.0
1997-11-10 00:00:00-05:00,13.22875552069872,13.361994784935973,12.63869592193374,12.657730102539062,2347000,0.0,0.0
1997-11-11 00:00:00-05:00,12.714831064043253,13.076480450595382,12.714831064043253,13.038412094116211,2237000,0.0,0.0
1997-11-12 00:00:00-05:00,12.848071700119112,12.98131096219442,12.600627356264965,12.63869571685791,1950000,0.0,0.0
1997-11-13 00:00:00-05:00,12.75289012821576,12.790958456956703,11.953455224655967,12.467377662658691,4123800,0.0,0.0
1997-11-14 00:00:00-05:00,12.486411827029162,12.524480155770105,12.181865197101622,12.467377662658691,2893600,0.0,0.0
1997-11-17 00:00:00-05:00,12.676764077450857,12.752900798636748,12.543524815375546,12.63869571685791,2419200,0.0,0.0
1997-11-18 00:00:00-05:00,12.695794848708418,12.71482902389389,12.56255562241013,12.67676067352295,1119000,0.0,0.0
1997-11-19 00:00:00-05:00,12.82903704806696,12.94324212564619,12.714831970487728,12.771934509277344,3759400,0.0,0.0
1997-11-20 00:00:00-05:00,12.790963193918639,13.00033907953338,12.790963193918639,12.962270736694336,2602800,0.0,0.0
1997-11-21 00:00:00-05:00,13.038415395504353,13.476201605864354,12.962278663267831,13.438133239746094,2664600,0.0,0.0
1997-11-24 00:00:00-05:00,13.40006119165665,13.514266258630997,13.247787769024189,13.361992835998535,2186400,0.0,0.0
1997-11-25 00:00:00-05:00,13.38102858658378,13.457165306848836,13.361994406517514,13.419096946716309,1100200,0.0,0.0
1997-11-26 00:00:00-05:00,13.438133239746094,13.457167422805224,13.400064873627832,13.438133239746094,1794200,0.0,0.0
1997-11-28 00:00:00-05:00,13.438125925077653,13.457160097776063,13.361989234284012,13.381023406982422,542200,0.0,0.0
1997-12-01 00:00:00-05:00,13.400060417946804,13.666538892167338,13.361992064486728,13.55233383178711,1294200,0.0,0.0
1997-12-02 00:00:00-05:00,13.704608996161099,14.161429296033136,13.609438100354426,13.799779891967773,1145200,0.0,0.0
1997-12-03 00:00:00-05:00,13.833356820620022,13.909678789285513,13.623471406789925,13.89059829711914,1236000,0.055,0.0
1997-12-04 00:00:00-05:00,13.928761768862197,14.081405733452469,13.928761768862197,13.966922760009766,1387600,0.0,0.0
1997-12-05 00:00:00-05:00,13.966925170650661,14.367615646857853,13.966925170650661,14.100488662719727,1259000,0.0,0.0
1997-12-08 00:00:00-05:00,14.11956847701942,14.11956847701942,13.81428050994873,13.81428050994873,756600,0.0,0.0
1997-12-09 00:00:00-05:00,13.852438304506498,13.871518798038876,13.64255287565034,13.833357810974121,719600,0.0,0.0
1997-12-10 00:00:00-05:00,13.871523019840913,13.890603519180445,13.661637527106043,13.757040023803711,1037200,0.0,0.0
1997-12-11 00:00:00-05:00,13.776120523143245,13.890603519180445,13.566235030408375,13.757040023803711,1340400,0.0,0.0
1997-12-12 00:00:00-05:00,13.890600677320219,14.024164145371376,13.508990768602631,13.699795722961426,2206200,0.0,0.0
1997-12-15 00:00:00-05:00,13.604392915176582,13.75703687495416,13.604392915176582,13.718875885009766,990200,0.0,0.0
1997-12-16 00:00:00-05:00,13.642556028471468,13.890602501716403,13.547153538761876,13.81428050994873,2024800,0.0,0.0
1997-12-17 00:00:00-05:00,13.87152713627901,13.966929661287807,13.757044106268454,13.795205116271973,743800,0.0,0.0
1997-12-18 00:00:00-05:00,13.737956713833183,13.737956713833183,13.56623225491027,13.699795722961426,1561800,0.0,0.0
1997-12-19 00:00:00-05:00,13.432667031442834,13.528069496154785,13.184620623191758,13.528069496154785,1495200,0.0,0.0
1997-12-22 00:00:00-05:00,13.661640508691749,13.776123529714305,13.547157487669192,13.642560005187988,993000,0.0,0.0
1997-12-23 00:00:00-05:00,13.604398867702889,13.62347937102365,13.413593834495275,13.48991584777832,1052400,0.0,0.0
1997-12-24 00:00:00-05:00,13.48990854933309,13.547150028326017,13.432667070340164,13.47082805633545,621200,0.0,0.0
1997-12-26 00:00:00-05:00,13.508989042330734,13.585311014321302,13.432667070340164,13.47082805633545,133600,0.0,0.0
1997-12-29 00:00:00-05:00,13.585312420204385,13.852439349815146,13.585312420204385,13.718875885009766,802800,0.0,0.0
1997-12-30 00:00:00-05:00,13.661636526413385,13.871522003774485,13.50899254287804,13.81428050994873,1809400,0.0,0.0
1997-12-31 00:00:00-05:00,13.814279943042331,13.871521434519025,13.69979696008894,13.737957954406738,788000,0.0,0.0
1998-01-02 00:00:00-05:00,13.699790875882199,13.871515274047853,13.699790875882199,13.871515274047852,797000,0.0,0.0
1998-01-05 00:00:00-05:00,14.23404935860211,14.291290843958418,13.947841931820566,13.986002922058105,1007200,0.0,0.0
1998-01-06 00:00:00-05:00,13.909676251417999,13.947837228788144,13.85243478536278,13.871515274047852,668400,0.0,0.0
1998-01-07 00:00:00-05:00,13.833368206955234,13.833368206955234,13.470838557393648,13.680724143981934,1296800,0.0,0.0
1998-01-08 00:00:00-05:00,13.547157015504137,13.585318021181614,13.470835004149183,13.50899600982666,866000,0.0,0.0
1998-01-09 00:00:00-05:00,13.3945108449684,13.451752344305872,13.089222848501883,13.146464347839355,1268400,0.0,0.0
1998-01-12 00:00:00-05:00,12.669452062601314,13.241867065429688,12.669452062601314,13.241867065429688,1776400,0.0,0.0
1998-01-13 00:00:00-05:00,13.241861928158297,13.356344884309522,13.146459464698944,13.318183898925781,717000,0.0,0.0
1998-01-14 00:00:00-05:00,13.299108541464504,13.585316042356853,13.299108541464504,13.566235542297363,954600,0.0,0.0
1998-01-15 00:00:00-05:00,13.432673083802621,13.451753585342114,12.364164997591049,12.917499542236328,5791200,0.0,0.0
1998-01-16 00:00:00-05:00,12.955658026415891,13.280026489522033,12.955658026415891,13.222784996032715,2381600,0.0,0.0
1998-01-20 00:00:00-05:00,13.184625347397668,13.356349845410085,13.051061848943569,13.146464347839355,1056800,0.0,0.0
1998-01-21 00:00:00-05:00,13.203705847176826,13.203705847176826,13.089222848501883,13.146464347839355,729800,0.0,0.0
1998-01-22 00:00:00-05:00,12.516803823617789,12.535884317251352,12.135193950946514,12.402320861816406,9400000,0.0,0.0
1998-01-23 00:00:00-05:00,12.478648326908353,12.65037284516856,12.13519929038794,12.631292343139648,3878200,0.0,0.0
1998-01-26 00:00:00-05:00,12.669451492147488,12.707612490617812,12.516807498266193,12.57404899597168,1279600,0.0,0.0
1998-01-27 00:00:00-05:00,12.574054356532397,12.65037638601059,12.345088268097816,12.383249282836914,1330200,0.0,0.0
1998-01-28 00:00:00-05:00,12.383245066515702,12.554969574371851,12.383245066515702,12.459567070007324,2136200,0.0,0.0
1998-01-29 00:00:00-05:00,12.478647927980164,12.955660463453412,12.478647927980164,12.707613945007324,1854600,0.0,0.0
1998-01-30 00:00:00-05:00,12.688528725464419,12.707609219788425,12.612206748168392,12.650367736816406,1235200,0.0,0.0
1998-02-02 00:00:00-05:00,12.70761423027061,13.07014376536842,12.70761423027061,13.01290225982666,2305800,0.0,0.0
1998-02-03 00:00:00-05:00,13.07013888691747,13.146460865819176,12.955655918564906,13.12738037109375,2088200,0.0,0.0
1998-02-04 00:00:00-05:00,13.127380169139188,13.127380169139188,12.822092258228974,12.974736213684082,1609200,0.0,0.0
1998-02-05 00:00:00-05:00,13.012899973051637,13.012899973051637,12.860255985097952,12.912727355957031,3234600,0.0,0.0
1998-02-06 00:00:00-05:00,12.974732615668245,13.356342398482017,12.91749114824618,13.18461799621582,2706800,0.0,0.0
1998-02-09 00:00:00-05:00,13.203706065241128,13.547155066938153,13.089223064675455,13.241867065429688,1484600,0.0,0.0
1998-02-10 00:00:00-05:00,13.394502245978023,13.680709558926273,13.394502245978023,13.585307121276855,2063200,0.0,0.0
1998-02-11 00:00:00-05:00,13.642554473063006,13.8142789349617,13.35634703656518,13.413588523864746,878800,0.0,0.0
1998-02-12 00:00:00-05:00,13.203706370608908,13.585316381320148,13.203706370608908,13.547155380249023,940800,0.0,0.0
1998-02-13 00:00:00-05:00,13.489914002743635,13.547155504876917,13.413591999899257,13.432672500610352,808000,0.0,0.0
1998-02-17 00:00:00-05:00,13.508987362645254,13.814275212648536,13.508987362645254,13.623470306396484,1047600,0.0,0.0
1998-02-18 00:00:00-05:00,13.585312420204385,13.776117369926357,13.54715143025999,13.718875885009766,980200,0.0,0.0
1998-02-19 00:00:00-05:00,13.737963601266696,13.87152713627901,13.661641581259659,13.795205116271973,1026800,0.0,0.0
1998-02-20 00:00:00-05:00,13.737964394651813,13.909688949584961,13.680722876340763,13.909688949584961,789400,0.0,0.0
1998-02-23 00:00:00-05:00,13.871521562297106,13.947843551635742,13.757038578289151,13.947843551635742,947600,0.0,0.0
1998-02-24 00:00:00-05:00,13.928764343261717,14.04324733786387,13.890603345061,13.928764343261719,888400,0.0,0.0
1998-02-25 00:00:00-05:00,14.119575155569635,14.157736169503606,13.986011606800732,14.138655662536621,1000600,0.0,0.0
1998-02-26 00:00:00-05:00,14.119562246540113,14.672896442688307,14.119562246540113,14.5584135055542,1687400,0.0,0.0
1998-02-27 00:00:00-05:00,14.4630170236226,14.634741500156377,14.4630170236226,14.596580505371094,915600,0.0,0.0
1998-03-02 00:00:00-05:00,14.520258515800526,14.634741500156377,14.501178018407883,14.596580505371094,1038000,0.0,0.0
1998-03-03 00:00:00-05:00,14.558411556040511,14.691974964811525,14.558411556040511,14.672894477844238,860400,0.0,0.0
1998-03-04 00:00:00-05:00,14.672899279874914,14.672899279874914,14.596378292756922,14.634638786315918,526400,0.0625,0.0
1998-03-05 00:00:00-05:00,14.519853126405096,14.653764815317924,14.385941437492269,14.500722885131836,1024000,0.0,0.0
1998-03-06 00:00:00-05:00,14.500725837464028,14.500725837464028,14.309423385782445,14.385944366455078,1017400,0.0,0.0
1998-03-09 00:00:00-05:00,14.405079473148692,14.405079473148692,14.156386202031916,14.309428215026855,934800,0.0,0.0
1998-03-10 00:00:00-05:00,14.290293110460437,14.443335071482771,14.271162865332645,14.42420482635498,839800,0.0,0.0
1998-03-11 00:00:00-05:00,14.424216209896027,14.577258291698637,14.385955689445375,14.46247673034668,1532800,0.0,0.0
1998-03-12 00:00:00-05:00,14.405076026916504,14.424206273964202,14.309424791678014,14.405076026916504,355400,0.0,0.0
1998-03-13 00:00:00-05:00,14.424212712113576,14.519863990045364,14.23291015625,14.23291015625,759800,0.0,0.0
1998-03-16 00:00:00-05:00,14.290291680089684,14.443333625793455,14.271161436876714,14.443333625793457,600800,0.0,0.0
1998-03-17 00:00:00-05:00,14.443343403451731,14.653776221250366,14.443343403451731,14.61551570892334,707600,0.0,0.0
1998-03-18 00:00:00-05:00,14.53898283632211,14.672894520340865,14.481592114599785,14.596373558044434,910200,0.0,0.0
1998-03-19 00:00:00-05:00,14.577241364319086,14.711153030395508,14.558111126308168,14.711153030395508,827600,0.0,0.0
1998-03-20 00:00:00-05:00,14.76855754852295,14.845078572090426,14.672906269063605,14.76855754852295,1122200,0.0,0.0
1998-03-23 00:00:00-05:00,14.768555096041773,14.845076106902093,14.538992063460812,14.825945854187012,708200,0.0,0.0
1998-03-24 00:00:00-05:00,14.921599388122559,15.112901944380539,14.921599388122559,14.921599388122559,590400,0.0,0.0
1998-03-25 00:00:00-05:00,14.978987383872383,15.285071417259303,14.940726879699017,15.246810913085938,843400,0.0,0.0
1998-03-26 00:00:00-05:00,15.132033100920959,15.839852601216881,15.132033100920959,15.648550033569336,1712800,0.0,0.0
1998-03-27 00:00:00-05:00,15.744200409627428,15.801591176612705,15.552897853009842,15.610288619995117,1341600,0.0,0.0
1998-03-30 00:00:00-05:00,15.533755366323012,15.686797291114372,15.380713441531652,15.418973922729492,782600,0.0,0.0
1998-03-31 00:00:00-05:00,15.36159279453653,15.878109613281843,15.36159279453653,15.744197845458984,1037200,0.0,0.0
1998-04-01 00:00:00-05:00,15.744199011823255,15.992892313346589,15.610287234079923,15.954631805419922,847600,0.0,0.0
1998-04-02 00:00:00-05:00,15.954623544004543,16.27983769298305,15.878102567774304,16.165056228637695,763200,0.0,0.0
1998-04-03 00:00:00-05:00,15.878112899189134,15.954633925209322,15.686810334138661,15.801591873168945,1289000,0.0,0.0
1998-04-06 00:00:00-04:00,15.801582140254855,15.878103119142288,15.43810749053955,15.43810749053955,1167400,0.0,0.0
1998-04-07 00:00:00-04:00,15.265940989618716,15.418983004552237,15.112898974685194,15.399852752685547,996400,0.0,0.0
1998-04-08 00:00:00-04:00,15.30420509934125,15.323335355715427,15.151163048347838,15.189423561096191,1108400,0.0,0.0
1998-04-09 00:00:00-04:00,15.265942737000792,15.667678072185023,15.265942737000792,15.514636039733887,991200,0.0,0.0
1998-04-13 00:00:00-04:00,15.265942244694152,15.572026299725614,15.265942244694152,15.53376579284668,569000,0.0,0.0
1998-04-14 00:00:00-04:00,15.533766904713419,16.18419556821127,15.533766904713419,16.14593505859375,1228800,0.0,0.0
1998-04-15 00:00:00-04:00,16.088538975260704,16.27984146010328,15.916366738902385,16.241580963134766,1468200,0.0,0.0
1998-04-16 00:00:00-04:00,16.222458117205733,16.490281718197334,16.145937088350987,16.394630432128906,1158600,0.0,0.0
1998-04-17 00:00:00-04:00,16.145930251894832,16.24158149746293,16.145930251894832,16.18419075012207,1318600,0.0,0.0
1998-04-20 00:00:00-04:00,16.14592940920875,16.20332015355428,15.916366431826637,16.069408416748047,538400,0.0,0.0
1998-04-21 00:00:00-04:00,16.03114840673873,16.03114840673873,15.533761940658533,15.572022438049316,1883400,0.0,0.0
1998-04-22 00:00:00-04:00,15.533759269393792,15.99288515912957,15.533759269393792,15.935494422912598,1429000,0.0,0.0
1998-04-23 00:00:00-04:00,15.9163736282759,15.973764398570165,15.62941977680458,15.648550033569336,1097600,0.0,0.0
1998-04-24 00:00:00-04:00,15.648551385794113,15.648551385794113,15.265946217437289,15.380727767944336,526200,0.0,0.0
1998-04-27 00:00:00-04:00,15.43811854319786,15.591160610540589,15.246815959019447,15.380727767944336,908800,0.0,0.0
1998-04-28 00:00:00-04:00,15.304201493352096,15.457243508285616,15.25637586368537,15.399852752685547,763400,0.0,0.0
1998-04-29 00:00:00-04:00,15.323323364354264,15.342453605757953,15.036369743298941,15.132020950317383,1146400,0.0,0.0
1998-04-30 00:00:00-04:00,15.227680485885335,15.533764515752377,15.208550234018645,15.399852752685547,1135000,0.0,0.0
1998-05-01 00:00:00-04:00,15.476369497484697,15.533760237277594,15.227676291715476,15.34245777130127,508200,0.0,0.0
1998-05-04 00:00:00-04:00,15.342460472201122,15.686804971577207,15.342460472201122,15.495502471923828,581400,0.0,0.0
1998-05-05 00:00:00-04:00,15.342467251108653,15.495509318451383,15.30420673427297,15.380727767944336,485000,0.0,0.0
1998-05-06 00:00:00-04:00,15.41898663758631,15.41898663758631,15.13203279197366,15.189423561096191,399200,0.0,0.0
1998-05-07 00:00:00-04:00,15.11289987248622,15.151160378492515,14.959857848461043,15.036378860473633,400000,0.0,0.0
1998-05-08 00:00:00-04:00,15.036377493905837,15.132028750228393,14.959856488847793,14.978986740112305,831600,0.0,0.0
1998-05-11 00:00:00-04:00,14.978987021879718,15.285071047869597,14.921596267006615,15.151159286499023,725600,0.0,0.0
1998-05-12 00:00:00-04:00,15.26594633102417,15.476379175186157,15.227685813903808,15.304206848144531,993400,0.0,0.0
1998-05-13 00:00:00-04:00,15.304199715281309,15.342460214569511,15.189418217416698,15.285069465637207,380800,0.0,0.0
1998-05-14 00:00:00-04:00,15.361590543782937,15.361590543782937,15.112897297121444,15.208548545837402,963200,0.0,0.0
1998-05-15 00:00:00-04:00,15.227684073844545,15.399856381212134,15.170293304722014,15.189423561096191,480200,0.0,0.0
1998-05-18 00:00:00-04:00,15.170293063267023,15.227683831476103,14.864208966151924,15.017251014709473,544200,0.0,0.0
1998-05-19 00:00:00-04:00,15.07463799643486,15.170289252757415,14.92159598631877,14.978986740112305,244800,0.0,0.0
1998-05-20 00:00:00-04:00,15.055507745170349,15.07463799643486,14.902465735054259,14.978986740112305,664000,0.0,0.0
1998-05-21 00:00:00-04:00,15.05550225695273,15.361586165607424,14.998111524079976,15.265934944152832,457200,0.0,0.0
1998-05-22 00:00:00-04:00,15.304199715281309,15.342460214569511,15.2276787167049,15.285069465637207,383000,0.0,0.0
1998-05-26 00:00:00-04:00,15.304202402517692,15.304202402517692,15.036378860473631,15.036378860473633,613600,0.0,0.0
1998-05-27 00:00:00-04:00,14.84507583753884,15.112899370690313,14.596382556755328,15.055508613586426,950200,0.0,0.0
1998-05-28 00:00:00-04:00,15.11289987248622,15.11289987248622,14.883336836448455,15.036378860473633,420200,0.0,0.0
1998-05-29 00:00:00-04:00,14.97898093466523,15.112892641616261,14.787678496163759,15.093762397766113,768600,0.0,0.0
1998-06-01 00:00:00-04:00,15.09376696919619,15.380720713857714,14.883334223111072,15.285069465637207,1611800,0.0,0.0
1998-06-02 00:00:00-04:00,15.265935346762538,15.361586570739746,14.998111919626352,15.361586570739746,976400,0.0,0.0
1998-06-03 00:00:00-04:00,15.342407226562498,15.342407226562498,15.073915100097656,15.150627136230469,614000,0.0625,0.0
1998-06-04 00:00:00-04:00,15.035574941924123,15.18899917602539,14.920506766348174,15.18899917602539,308200,0.0,0.0
1998-06-05 00:00:00-04:00,15.265698764994834,15.534190954328913,15.188986710899382,15.476656913757324,692800,0.0,0.0
1998-06-08 00:00:00-04:00,15.380769224515628,15.399947241005048,15.073920960684893,15.20816707611084,657800,0.0,0.0
1998-06-09 00:00:00-04:00,15.208168658701256,15.208168658701256,14.882142344454193,15.093100547790527,647400,0.0,0.0
1998-06-10 00:00:00-04:00,15.11227936399845,15.41912767595781,15.05474530550607,15.38077163696289,1187000,0.0,0.0
1998-06-11 00:00:00-04:00,15.380768953910051,15.380768953910051,14.747894420893802,14.901318550109863,1135200,0.0,0.0
1998-06-12 00:00:00-04:00,14.767070015271505,14.882138093312582,14.460221807161968,14.728713989257812,1406600,0.0,0.0
1998-06-15 00:00:00-04:00,14.460231529287741,14.460231529287741,14.038314959467675,14.09584903717041,820800,0.0,0.0
1998-06-16 00:00:00-04:00,14.26844372012751,14.306799751633228,14.057485546846054,14.153375625610352,1136800,0.0,0.0
1998-06-17 00:00:00-04:00,14.30680259173239,14.632828924251761,14.287624572172428,14.594472885131836,1056000,0.0,0.0
1998-06-18 00:00:00-04:00,14.594472885131836,15.227347530610615,14.575294865571873,14.594472885131836,1333200,0.0,0.0
1998-06-19 00:00:00-04:00,14.594475042688977,14.613653065084101,13.67392996772305,13.961600303649902,2201600,0.0,0.0
1998-06-22 00:00:00-04:00,13.96159487266916,14.076662962279071,13.635568618774414,13.635568618774414,859000,0.0,0.0
1998-06-23 00:00:00-04:00,13.673914641756795,13.96158465525799,13.3862446282556,13.94240665435791,3883600,0.0,0.0
1998-06-24 00:00:00-04:00,13.884880226373348,14.153372385446866,13.731456135474195,14.134194374084473,1070200,0.0,0.0
1998-06-25 00:00:00-04:00,14.134197504767055,14.345155676479996,13.846527270613045,13.904061317443848,937600,0.0,0.0
1998-06-26 00:00:00-04:00,13.9807784903434,14.268448829650879,13.808176286758915,14.268448829650879,592200,0.0,0.0
1998-06-29 00:00:00-04:00,14.325966578213869,14.364322579761964,14.153364571247437,14.172542572021484,617400,0.0,0.0
1998-06-30 00:00:00-04:00,14.210915638066739,14.498585995112625,14.210915638066739,14.364339828491211,1268400,0.0,0.0
1998-07-01 00:00:00-04:00,14.421873172960783,14.652009446997392,14.36433910445163,14.575297355651855,704600,0.0,0.0
1998-07-02 00:00:00-04:00,14.652008991266852,14.69036503574661,14.26844854646929,14.402694702148438,927400,0.0,0.0
1998-07-06 00:00:00-04:00,14.402694702148438,14.421872724388315,14.26844854646929,14.402694702148438,988800,0.0,0.0
1998-07-07 00:00:00-04:00,14.421870707823805,14.421870707823805,14.19173447312449,14.249268531799316,410800,0.0,0.0
1998-07-08 00:00:00-04:00,14.210914479749656,14.421872724388315,14.153380413030021,14.402694702148438,609400,0.0,0.0
1998-07-09 00:00:00-04:00,14.402690248203537,14.402690248203537,13.999951905710494,14.076663970947266,1423400,0.0,0.0
1998-07-10 00:00:00-04:00,13.8081693649292,13.90405942996343,13.616389234860739,13.8081693649292,3190000,0.0,0.0
1998-07-13 00:00:00-04:00,13.846527678956601,13.942417759835802,13.76981561425324,13.827349662780762,1259000,0.0,0.0
1998-07-14 00:00:00-04:00,13.904061727484121,14.019129824539164,13.59721346867068,13.827349662780762,798600,0.0,0.0
1998-07-15 00:00:00-04:00,13.86570958318657,13.904065626293587,13.654751346097978,13.731463432312012,931000,0.0,0.0
1998-07-16 00:00:00-04:00,13.808172311821867,14.095842568318156,13.75063826052261,14.057486534118652,763200,0.0,0.0
1998-07-17 00:00:00-04:00,14.153378434007935,14.325980610032422,14.095844375333106,14.249268531799316,663400,0.0,0.0
1998-07-20 00:00:00-04:00,14.230092617181631,14.325982729157248,13.827354146884039,13.961600303649902,830200,0.0,0.0
1998-07-21 00:00:00-04:00,14.421862980953831,14.728711129484763,14.325972934537914,14.632821083068848,1674000,0.0,0.0
1998-07-22 00:00:00-04:00,14.709548444458932,15.227355234550707,14.690370415196274,15.18899917602539,1269200,0.0,0.0
1998-07-23 00:00:00-04:00,15.150631556705552,15.323233688364223,15.035563468933105,15.035563468933105,1564600,0.0,0.0
1998-07-24 00:00:00-04:00,15.073919498190588,15.169809571334293,14.920495381160658,15.035563468933105,1042400,0.0,0.0
1998-07-27 00:00:00-04:00,14.997203063964843,15.150627136230467,14.958847045898436,15.150627136230469,704000,0.0,0.0
1998-07-28 00:00:00-04:00,15.073912604670213,15.131446622245289,14.882132546086622,14.978022575378418,943200,0.0,0.0
1998-07-29 00:00:00-04:00,15.093101552724839,15.419127888679506,15.016389473676682,15.342415809631348,907200,0.0,0.0
1998-07-30 00:00:00-04:00,15.342415597967971,15.515017773445111,15.22734748098321,15.38077163696289,993800,0.0,0.0
1998-07-31 00:00:00-04:00,15.188982387484632,15.380762468134689,14.997202306834573,15.11227035522461,737200,0.0,0.0
1998-08-03 00:00:00-04:00,15.035556592953494,15.093090610528572,14.843776534369903,14.978022575378418,666400,0.0,0.0
1998-08-04 00:00:00-04:00,14.958858638614803,15.131460853675742,14.728722351866882,14.767078399658203,857200,0.0,0.0
1998-08-05 00:00:00-04:00,14.69036505484456,14.74789912163899,14.46022878766684,14.652009010314941,1365600,0.0,0.0
1998-08-06 00:00:00-04:00,14.652002761537664,14.652002761537664,14.345154536165149,14.479400634765625,1059400,0.0,0.0
1998-08-07 00:00:00-04:00,14.517757242491136,14.536935257342511,14.402689153382884,14.460223197937012,855400,0.0,0.0
1998-08-10 00:00:00-04:00,14.383514668707251,14.383514668707251,14.19173447312449,14.249268531799316,1427200,0.0,0.0
1998-08-11 00:00:00-04:00,13.99995405684069,13.99995405684069,13.50132555618609,13.59721565246582,1290200,0.0,0.0
1998-08-12 00:00:00-04:00,13.616395150461505,13.808175363848287,13.309546809042654,13.673929214477539,1639000,0.0,0.0
1998-08-13 00:00:00-04:00,13.673926353454588,13.673926353454588,12.887627643087635,13.232831954956055,1551400,0.0,0.0
1998-08-14 00:00:00-04:00,13.232832372014792,13.271188407875705,12.887628049266581,13.156120300292969,833400,0.0,0.0
1998-08-17 00:00:00-04:00,13.175297580648852,13.558857917785645,13.117763530078333,13.558857917785645,1396600,0.0,0.0
1998-08-18 00:00:00-04:00,13.520490634556158,13.99994065705815,13.520490634556158,13.94240665435791,907400,0.0,0.0
1998-08-19 00:00:00-04:00,13.942417759835802,13.961595776011642,13.67392553337404,13.827349662780762,595800,0.0,0.0
1998-08-20 00:00:00-04:00,13.788997342509608,13.904065470541678,13.65475119313886,13.673929214477539,935600,0.0,0.0
1998-08-21 00:00:00-04:00,13.347907388850464,13.347907388850464,13.117771054559938,13.213661193847656,1371800,0.0,0.0
1998-08-24 00:00:00-04:00,13.290364530118026,13.367076590897929,13.041050332583346,13.06022834777832,402600,0.0,0.0
1998-08-25 00:00:00-04:00,13.194479783376057,13.271191875139872,12.695851186911264,12.8876314163208,2877000,0.0,0.0
1998-08-26 00:00:00-04:00,12.925986632839791,12.925986632839791,12.59996026376223,12.695850372314453,1028400,0.0,0.0
1998-08-27 00:00:00-04:00,12.408177692126605,12.446533728269191,11.736947059631348,11.736947059631348,2210000,0.0,0.0
1998-08-28 00:00:00-04:00,11.79447375998205,11.79447375998205,11.257489588795876,11.276667594909668,1289000,0.0,0.0
1998-08-31 00:00:00-04:00,11.315031799289823,11.736948239263342,11.008183479309082,11.008183479309082,907400,0.0,0.0
1998-09-01 00:00:00-04:00,11.19996303689891,11.334209169190505,10.624622469934923,11.123250961303711,1319200,0.0,0.0
1998-09-02 00:00:00-04:00,10.969821359070254,11.104067424653282,10.854753302856231,10.893109321594238,2081000,0.0,0.0
1998-09-03 00:00:00-04:00,10.931607902472747,11.085574210958278,10.777641593987214,10.85462474822998,1179800,0.0625,0.0
1998-09-04 00:00:00-04:00,10.970097238756383,11.047080377273971,10.662164684686028,10.719902038574219,1047400,0.0,0.0
1998-09-08 00:00:00-04:00,11.201045671551649,11.278028803314891,10.816130012735442,11.18179988861084,1749400,0.0,0.0
1998-09-09 00:00:00-04:00,11.18180020650228,11.278029123942058,10.970096588134766,11.0855712890625,1509800,0.0,0.0
1998-09-10 00:00:00-04:00,11.066323474601464,11.085569254557292,10.373475396191633,10.392721176147461,1938200,0.0,0.0
1998-09-11 00:00:00-04:00,10.354231193830381,10.450460108271185,9.719120358521083,10.200264930725098,3472800,0.0,0.0
1998-09-14 00:00:00-04:00,10.277245042149199,10.91235569082134,10.277245042149199,10.758389472961426,952400,0.0,0.0
1998-09-15 00:00:00-04:00,10.777639980973868,11.2010472659407,10.681411052572317,11.162555694580078,1072600,0.0,0.0
1998-09-16 00:00:00-04:00,11.143308017704937,11.43199475391491,11.143308017704937,11.393503189086914,1860200,0.0,0.0
1998-09-17 00:00:00-04:00,11.239537556966146,11.239537556966146,10.931605021158855,11.0855712890625,762800,0.0,0.0
1998-09-18 00:00:00-04:00,11.085570325349508,11.143307670794036,10.97009563446045,10.97009563446045,803800,0.0,0.0
1998-09-21 00:00:00-04:00,9.545909511021204,10.14252885546003,9.545909511021204,10.104037284851074,3304600,0.0,0.0
1998-09-22 00:00:00-04:00,10.065546743453496,10.084792530725874,9.62289363618881,9.69987678527832,4318000,0.0,0.0
1998-09-23 00:00:00-04:00,9.680625896453858,9.699871673583985,9.449676570892334,9.622888565063477,3850600,0.0,0.0
1998-09-24 00:00:00-04:00,9.661382377728618,9.911577538904856,9.661382377728618,9.873085975646973,2555800,0.0,0.0
1998-09-25 00:00:00-04:00,9.873092035491407,10.219516317438472,9.834600448608398,9.834600448608398,2197600,0.0,0.0
1998-09-28 00:00:00-04:00,9.87308911201375,10.065546989440918,9.853843324271033,10.065546989440918,1357000,0.0,0.0
1998-09-29 00:00:00-04:00,10.161773047059606,10.277247740776193,10.161773047059606,10.181018829345703,1017400,0.0,0.0
1998-09-30 00:00:00-04:00,10.161775928154503,10.18102171589722,10.007809626212767,10.065546989440918,1288800,0.0,0.0
1998-10-01 00:00:00-04:00,10.007807092759217,10.065544441371289,9.85384082979369,9.911578178405762,1667800,0.0,0.0
1998-10-02 00:00:00-04:00,9.873086929321289,10.123282114664715,9.796103795369467,9.988561630249023,1702800,0.0,0.0
1998-10-05 00:00:00-04:00,9.96931905041409,10.007810629759318,9.73836957434272,9.892335891723633,945800,0.0,0.0
1998-10-06 00:00:00-04:00,9.930823659626434,10.219510393917899,9.930823659626434,10.181018829345703,641400,0.0,0.0
1998-10-07 00:00:00-04:00,10.258002907146109,10.60442702033303,10.200265554948288,10.58518123626709,1497200,0.0,0.0
1998-10-08 00:00:00-04:00,10.488948591706578,10.758389472961426,10.296490819381686,10.758389472961426,1502000,0.0,0.0
1998-10-09 00:00:00-04:00,10.700662727983604,10.75840011680366,10.469713172703383,10.527450561523438,1133400,0.0,0.0
1998-10-12 00:00:00-04:00,10.37347819709445,11.104818032882186,10.37347819709445,11.02783489227295,843000,0.0,0.0
1998-10-13 00:00:00-04:00,11.085573863480338,11.104819651437769,10.79688704411887,10.95085334777832,612600,0.0,0.0
1998-10-14 00:00:00-04:00,10.796887966302725,11.085574810321514,10.488955332682684,11.008591651916504,1565800,0.0,0.0
1998-10-15 00:00:00-04:00,11.008591580064328,11.278032632723246,10.585184211600316,11.239541053771973,1205400,0.0,0.0
1998-10-16 00:00:00-04:00,11.239539820973466,11.278031395702827,11.008590372597299,11.04708194732666,1662000,0.0,0.0
1998-10-19 00:00:00-04:00,11.1240654393952,11.1240654393952,10.700658104331715,10.95085334777832,1339000,0.0,0.0
1998-10-20 00:00:00-04:00,11.239543154411379,11.855408532735291,11.239543154411379,11.489738464355469,2096800,0.0,0.0
1998-10-21 00:00:00-04:00,11.62445165290207,11.990121489665547,11.62445165290207,11.7399263381958,1378400,0.0,0.0
1998-10-22 00:00:00-04:00,12.04786140658844,12.240319256533944,11.93238669662114,12.182581901550293,1430000,0.0,0.0
1998-10-23 00:00:00-04:00,12.182583234526895,12.182583234526895,11.797667492519727,11.8554048538208,1411400,0.0,0.0
1998-10-26 00:00:00-05:00,12.009372748217535,12.009372748217535,11.75917748262967,11.893898010253906,883400,0.0,0.0
1998-10-27 00:00:00-05:00,11.932389225822668,12.14409290563565,11.893897647674853,12.047863960266113,1186800,0.0,0.0
1998-10-28 00:00:00-05:00,12.047864602661132,12.240322503662108,11.89389828186035,12.028618812561035,1094400,0.0,0.0
1998-10-29 00:00:00-05:00,12.047858856028618,12.047858856028618,11.874646827747057,11.913138389587402,769800,0.0,0.0
1998-10-30 00:00:00-05:00,11.932386374621657,12.490514124402347,11.932386374621657,12.394285202026367,1848600,0.0,0.0
1998-11-02 00:00:00-05:00,12.394280190504235,12.875424607837473,12.394280190504235,12.60598373413086,1187800,0.0,0.0
1998-11-03 00:00:00-05:00,12.625231085101946,12.721459980567662,12.29805284051851,12.52900218963623,2187400,0.0,0.0
1998-11-04 00:00:00-05:00,12.452020633239268,12.779198918811243,12.240317036692698,12.336545944213867,966000,0.0,0.0
1998-11-05 00:00:00-05:00,12.375038462372782,12.375038462372782,11.990122802578917,12.278809547424316,1355400,0.0,0.0
1998-11-06 00:00:00-05:00,12.298053109645842,12.317298889160156,12.221069991588593,12.317298889160156,1455400,0.0,0.0
1998-11-09 00:00:00-05:00,12.298056895016162,12.625235247465731,12.298056895016162,12.54825210571289,1378800,0.0,0.0
1998-11-10 00:00:00-05:00,12.529002163022064,12.548247942074324,12.375035930603973,12.413527488708496,914000,0.0,0.0
1998-11-11 00:00:00-05:00,12.43277448243267,12.471266044297787,11.855401054455921,11.97087574005127,580800,0.0,0.0
1998-11-12 00:00:00-05:00,11.778418536256687,11.990122137398556,11.624452280880783,11.720681190490723,996200,0.0,0.0
1998-11-13 00:00:00-05:00,11.759177751159667,12.259568293762205,11.682194590759277,12.028618812561035,701400,0.0,0.0
1998-11-16 00:00:00-05:00,12.00936612861101,12.509756383969803,12.00936612861101,12.413527488708496,1424600,0.0,0.0
1998-11-17 00:00:00-05:00,12.259561901092528,12.625231722318208,12.24031612102802,12.509757041931152,739600,0.0,0.0
1998-11-18 00:00:00-05:00,12.509762898039893,12.548254476187708,12.047863960266113,12.047863960266113,510000,0.0,0.0
1998-11-19 00:00:00-05:00,11.855405119151493,12.182583507180023,11.662947243840591,12.105600357055664,652000,0.0,0.0
1998-11-20 00:00:00-05:00,12.27880889491031,12.37503780474503,11.970876383439204,12.067105293273926,489000,0.0,0.0
1998-11-23 00:00:00-05:00,11.778423272290276,11.970881168896325,11.778423272290276,11.893898010253906,737800,0.0,0.0
1998-11-24 00:00:00-05:00,11.89389419555664,12.375038782755535,11.89389419555664,12.298055648803711,1019200,0.0,0.0
1998-11-25 00:00:00-05:00,12.259565041528493,12.336548181506695,12.105598761572091,12.182581901550293,677200,0.0,0.0
1998-11-27 00:00:00-05:00,12.182586978286599,12.278815943359954,12.124849599242587,12.20183277130127,128400,0.0,0.0
1998-11-30 00:00:00-05:00,12.009369545794547,12.105598468437131,11.73992856239531,11.759174346923828,1095800,0.0,0.0
1998-12-01 00:00:00-05:00,11.720680831650556,11.739926612983316,11.104815829002252,11.355010986328125,1829600,0.0,0.0
1998-12-02 00:00:00-05:00,11.2395398092022,11.412751895302916,11.047081935756955,11.104819297790527,3007800,0.0,0.0
1998-12-03 00:00:00-05:00,10.931001256668335,11.143441210419839,10.85375036439506,10.873063087463379,1291000,0.0625,0.0
1998-12-04 00:00:00-05:00,10.931004911399265,11.066194018077347,10.892379452348385,10.988943099975586,1021000,0.0,0.0
1998-12-07 00:00:00-05:00,10.988940880754113,11.31725721638297,10.988940880754113,11.220693588256836,1400800,0.0,0.0
1998-12-08 00:00:00-05:00,11.220689891317615,11.259315329841945,11.008249979433804,11.104813575744629,682600,0.0,0.0
1998-12-09 00:00:00-05:00,11.182072388237437,11.182072388237437,11.085508723399462,11.143446922302246,683800,0.0,0.0
1998-12-10 00:00:00-05:00,11.066194405922522,11.143445326731754,10.89237983410175,11.046881675720215,1010600,0.0,0.0
1998-12-11 00:00:00-05:00,11.008253945998874,11.085504850883076,10.834439410009418,10.853752136230469,1622600,0.0,0.0
1998-12-14 00:00:00-05:00,10.776500813110136,11.220693498955178,10.718562636695566,10.931002616882324,1500200,0.0,0.0
1998-12-15 00:00:00-05:00,10.892376647124419,10.911689371676058,10.544747605194916,10.718562126159668,1069200,0.0,0.0
1998-12-16 00:00:00-05:00,10.71856651617133,10.71856651617133,10.50612645909406,10.660628318786621,965000,0.0,0.0
1998-12-17 00:00:00-05:00,10.583376006256762,10.815128765517859,10.583376006256762,10.73787784576416,1533000,0.0,0.0
1998-12-18 00:00:00-05:00,10.79581036852367,10.79581036852367,10.119865175503405,10.351617813110352,2867800,0.0,0.0
1998-12-21 00:00:00-05:00,10.35162071432647,10.467497065606246,10.023304385700445,10.081242561340332,1978600,0.0,0.0
1998-12-22 00:00:00-05:00,10.023304000496864,10.100554898381233,9.733613133430481,9.888114929199219,2145200,0.0,0.0
1998-12-23 00:00:00-05:00,9.888113839285714,10.216430119105746,9.888113839285714,10.139179229736328,1532400,0.0,0.0
1998-12-24 00:00:00-05:00,10.119868123756264,10.27436992717239,10.119868123756264,10.23574447631836,532000,0.0,0.0
1998-12-28 00:00:00-05:00,10.312994956970217,10.506122203355426,10.274369507693173,10.312994956970215,1170400,0.0,0.0
1998-12-29 00:00:00-05:00,10.293682610287386,10.621998941197115,10.293682610287386,10.506122589111328,1699800,0.0,0.0
1998-12-30 00:00:00-05:00,10.506122589111328,10.679937117240009,10.506122589111328,10.506122589111328,791200,0.0,0.0
1998-12-31 00:00:00-05:00,10.506121479873116,10.969626839279282,10.506121479873116,10.892375946044922,747200,0.0,0.0
1999-01-04 00:00:00-05:00,10.969632325593892,11.278636053075411,10.969632325593892,11.143446922302246,1893800,0.0,0.0
1999-01-05 00:00:00-05:00,11.14344539971187,11.259321781684612,11.124132669383082,11.201383590698242,1037400,0.0,0.0
1999-01-06 00:00:00-05:00,11.220692215739069,11.43313217163086,11.201379492476178,11.43313217163086,1262600,0.0,0.0
1999-01-07 00:00:00-05:00,11.43313217163086,11.529695787945307,11.413819448367969,11.43313217163086,1483600,0.0,0.0
1999-01-08 00:00:00-05:00,11.452447296572759,11.742138206266842,11.452447296572759,11.645574569702148,899000,0.0,0.0
1999-01-11 00:00:00-05:00,11.568325740807818,11.587638471593808,11.49107481766386,11.52970027923584,1453200,0.0,0.0
1999-01-12 00:00:00-05:00,11.549013838671998,11.587639303015383,11.491075642156922,11.510388374328613,1187000,0.0,0.0
1999-01-13 00:00:00-05:00,11.124126434326172,11.201377312342327,11.066188275814056,11.124126434326172,3159000,0.0,0.0
1999-01-14 00:00:00-05:00,11.085501798441713,11.143439961151339,10.969625473022461,10.969625473022461,1611600,0.0,0.0
1999-01-15 00:00:00-05:00,11.008255857310884,11.336572260072787,11.008255857310884,11.278634071350098,623600,0.0,0.0
1999-01-19 00:00:00-05:00,11.124132596529446,11.18207078713637,10.911692564304058,11.046881675720215,912600,0.0,0.0
1999-01-20 00:00:00-05:00,10.950313990233374,11.085503051841194,10.525434082323084,10.60268497467041,1262800,0.0,0.0
1999-01-21 00:00:00-05:00,10.679935989650428,11.085503179130823,10.641310543033248,10.892375946044922,767200,0.0,0.0
1999-01-22 00:00:00-05:00,10.737875564631087,10.969628274659097,10.506122854603078,10.544748306274414,1183800,0.0,0.0
1999-01-25 00:00:00-05:00,10.506122589111328,10.621998941197115,10.390246237025542,10.506122589111328,1274800,0.0,0.0
1999-01-26 00:00:00-05:00,10.969628274659097,10.969628274659097,10.428871951260408,10.544748306274414,1630600,0.0,0.0
1999-01-27 00:00:00-05:00,10.506122610422487,10.892377118158608,10.370933532714844,10.370933532714844,2327400,0.0,0.0
1999-01-28 00:00:00-05:00,10.390240907221752,10.428866338103617,10.119862891048696,10.29367733001709,1204600,0.0,0.0
1999-01-29 00:00:00-05:00,10.216436810373569,10.255062280356077,9.888120315522244,9.984683990478516,1002000,0.0,0.0
1999-02-01 00:00:00-05:00,10.042617222048202,10.37093355430747,10.042617222048202,10.23574447631836,1127200,0.0,0.0
1999-02-02 00:00:00-05:00,10.158494044394388,10.73787583399863,10.158494044394388,10.5833740234375,1407000,0.0,0.0
1999-02-03 00:00:00-05:00,10.583371431129413,10.699247760667326,10.39024421523289,10.486807823181152,2048600,0.0,0.0
1999-02-04 00:00:00-05:00,10.409558389701095,10.91168922111525,10.409558389701095,10.83443832397461,1914400,0.0,0.0
1999-02-05 00:00:00-05:00,10.85375036439506,11.085503041214883,10.815124918258423,10.873063087463379,1190200,0.0,0.0
1999-02-08 00:00:00-05:00,10.873063087463379,10.911688533600016,10.795812195190104,10.873063087463379,949200,0.0,0.0
1999-02-09 00:00:00-05:00,10.87306866075592,11.259323320107816,10.795817728885538,11.143446922302246,1634600,0.0,0.0
1999-02-10 00:00:00-05:00,11.124129695595855,11.394507847919366,11.10481697042989,11.18206787109375,1291400,0.0,0.0
1999-02-11 00:00:00-05:00,11.240007400512695,11.336571037974144,11.182069218035824,11.240007400512695,443600,0.0,0.0
1999-02-12 00:00:00-05:00,11.259318258248124,11.317256431103603,10.81512559968945,10.83443832397461,632000,0.0,0.0
1999-02-16 00:00:00-05:00,11.027563485077449,11.104814367634908,10.737872675486972,10.815123558044434,499800,0.0,0.0
1999-02-17 00:00:00-05:00,10.699249668224068,10.969627818684604,10.699249668224068,10.757187843322754,543400,0.0,0.0
1999-02-18 00:00:00-05:00,10.757188290466756,10.853751919645092,10.525435580438746,10.544748306274414,808200,0.0,0.0
1999-02-19 00:00:00-05:00,10.583376006256762,10.873066955333133,10.583376006256762,10.73787784576416,485000,0.0,0.0
1999-02-22 00:00:00-05:00,10.815123339968736,11.317254066467285,10.776497899468847,11.317254066467285,1061800,0.0,0.0
1999-02-23 00:00:00-05:00,11.278633509273021,11.29794623788479,10.77650256536703,10.911691665649414,741000,0.0,0.0
1999-02-24 00:00:00-05:00,10.930999239285788,11.220690031846365,10.930999239285788,11.124126434326172,888800,0.0,0.0
1999-02-25 00:00:00-05:00,11.066191271731727,11.085503996464244,10.834438574941533,11.00825309753418,838200,0.0,0.0
1999-02-26 00:00:00-05:00,11.04687508871389,11.04687508871389,10.660620714982635,10.795809745788574,648600,0.0,0.0
1999-03-01 00:00:00-05:00,10.815125502549208,10.815125502549208,10.293681951533443,10.409558296203613,1000400,0.0,0.0
1999-03-02 00:00:00-05:00,10.35162078633028,10.641311666544746,10.312995335635017,10.506122589111328,909200,0.0,0.0
1999-03-03 00:00:00-05:00,10.646526723341509,10.85984510941939,10.627134142788975,10.665919303894043,1140600,0.07,0.0
1999-03-04 00:00:00-05:00,10.646523022519949,10.685308170142973,10.510775005839367,10.530167579650879,779000,0.0,0.0
1999-03-05 00:00:00-05:00,10.568958675261024,10.82106227668927,10.568958675261024,10.78227710723877,1546000,0.0,0.0
1999-03-08 00:00:00-05:00,10.801664573805674,10.918020027024406,10.68530912058694,10.859842300415039,1076400,0.0,0.0
1999-03-09 00:00:00-05:00,10.859846850853733,10.859846850853733,10.510780344933435,10.607743263244629,515000,0.0,0.0
1999-03-10 00:00:00-05:00,10.607743263244629,10.646528430569107,10.452602593946718,10.607743263244629,628000,0.0,0.0
1999-03-11 00:00:00-05:00,10.85984269140451,10.995590725047064,10.704702081527302,10.87923526763916,615800,0.0,0.0
1999-03-12 00:00:00-05:00,10.956809800714785,11.053772719305181,10.898632049560547,10.898632049560547,454800,0.0,0.0
1999-03-15 00:00:00-05:00,10.859845342601925,10.937415666477653,10.724097275819402,10.821060180664062,755400,0.0,0.0
1999-03-16 00:00:00-05:00,10.937417785040767,10.976202954491265,10.74349193778827,10.78227710723877,723200,0.0,0.0
1999-03-17 00:00:00-05:00,10.782275018726198,10.821060180664062,10.70470469485047,10.821060180664062,724800,0.0,0.0
1999-03-18 00:00:00-05:00,10.782272433223657,11.014983349048629,10.782272433223657,10.976198196411133,948400,0.0,0.0
1999-03-19 00:00:00-05:00,11.13134145133103,11.13134145133103,10.72409725189209,10.72409725189209,952000,0.0,0.0
1999-03-22 00:00:00-05:00,10.743486464243533,10.840449338469558,10.41381269187505,10.510775566101074,933800,0.0,0.0
1999-03-23 00:00:00-05:00,10.471991494437244,10.530169224961895,10.375028610229492,10.375028610229492,1037200,0.0,0.0
1999-03-24 00:00:00-05:00,10.336246474222705,10.49138713424856,10.219890979203312,10.239283561706543,1075000,0.0,0.0
1999-03-25 00:00:00-05:00,10.239280402327383,10.433206167522979,10.181102672768706,10.413813591003418,1882400,0.0,0.0
1999-03-26 00:00:00-05:00,10.433210949966874,11.170129195503566,10.413818364558013,10.704707145690918,1738600,0.0,0.0
1999-03-29 00:00:00-05:00,10.976201691586747,11.402838506454076,10.918023944104839,11.344660758972168,1762200,0.0,0.0
1999-03-30 00:00:00-05:00,11.267087936401367,11.305873092808945,11.131339888974844,11.267087936401367,691200,0.0,0.0
1999-03-31 00:00:00-05:00,11.2283060034185,11.480409592441712,11.073165333250367,11.189520835876465,651600,0.0,0.0
1999-04-01 00:00:00-05:00,11.073160226146381,11.208908249934515,11.053767651319504,11.170123100280762,456600,0.0,0.0
1999-04-05 00:00:00-04:00,11.247693399588268,11.325263698895773,11.092552800973257,11.170123100280762,613000,0.0,0.0
1999-04-06 00:00:00-04:00,11.092551894221746,11.208907333671624,10.859841015321988,10.937411308288574,1029400,0.0,0.0
1999-04-07 00:00:00-04:00,10.956803551861938,11.11194413312724,10.89862583388745,11.014981269836426,850200,0.0,0.0
1999-04-08 00:00:00-04:00,11.014981498651455,11.09255179089548,11.014981498651455,11.073159217834473,683800,0.0,0.0
1999-04-09 00:00:00-04:00,11.073163599716988,11.150733922657214,11.034378438246877,11.053771018981934,399600,0.0,0.0
1999-04-12 00:00:00-04:00,11.20890765300285,11.751899719238281,11.20890765300285,11.751899719238281,926200,0.0,0.0
1999-04-13 00:00:00-04:00,11.693723982030695,12.120360677892512,11.654938827861438,11.94582748413086,1823800,0.0,0.0
1999-04-14 00:00:00-04:00,11.94582894204677,13.652375933767736,11.926436362595394,13.497235298156738,2793800,0.0,0.0
1999-04-15 00:00:00-04:00,13.807516958814917,15.048642078708392,13.729946638821573,14.137190818786621,3769000,0.0,0.0
1999-04-16 00:00:00-04:00,14.059615529273168,14.117793248704643,13.865689797834918,14.079008102416992,1939400,0.0,0.0
1999-04-19 00:00:00-04:00,14.07901236399306,15.514063211011637,14.07901236399306,14.815930366516113,2518200,0.0,0.0
1999-04-20 00:00:00-04:00,14.505652229257876,15.436496222579239,14.292333814121731,14.447474479675293,2810000,0.0,0.0
1999-04-21 00:00:00-04:00,14.408684484459775,15.126209822178499,14.350506754374472,15.106817245483398,2594000,0.0,0.0
1999-04-22 00:00:00-04:00,15.029252204542738,15.242570622929795,14.583222784278888,14.699578285217285,2043000,0.0,0.0
1999-04-23 00:00:00-04:00,14.73836498556977,14.971076011657713,14.622009472525798,14.971076011657715,1392000,0.0,0.0
1999-04-26 00:00:00-04:00,14.89349701648622,14.932282164966653,14.718963848324272,14.777141571044922,1477000,0.0,0.0
1999-04-27 00:00:00-04:00,14.777147046077713,15.320139325986082,14.50565090612353,14.525043487548828,2626000,0.0,0.0
1999-04-28 00:00:00-04:00,14.602610915185224,15.53345463886237,14.602610915185224,15.378314018249512,5163800,0.0,0.0
1999-04-29 00:00:00-04:00,15.455886938872506,15.979486621870697,15.455886938872506,15.843738555908203,5091000,0.0,0.0
1999-04-30 00:00:00-04:00,15.921306474197316,16.05705451965332,15.669202961207588,16.05705451965332,2300200,0.0,0.0
1999-05-03 00:00:00-04:00,16.057053743559738,16.92971970788364,15.940698281649885,16.87154197692871,4440200,0.0,0.0
1999-05-04 00:00:00-04:00,16.929716760257506,17.04607220190876,16.367332125609778,16.444902420043945,5300200,0.0,0.0
1999-05-05 00:00:00-04:00,16.444906985555708,16.48369214354051,15.688596404852085,15.863129615783691,3165200,0.0,0.0
1999-05-06 00:00:00-04:00,15.863132059365963,16.677620502511893,15.863132059365963,16.658227920532227,2836000,0.0,0.0
1999-05-07 00:00:00-04:00,16.541865288086658,16.832753892214793,16.289761831175607,16.444902420043945,1380000,0.0,0.0
1999-05-10 00:00:00-04:00,16.40611472976542,16.600040435791016,16.32854444735518,16.600040435791016,827000,0.0,0.0
1999-05-11 00:00:00-04:00,16.987899731051538,18.035099029541016,16.871544253441595,18.035099029541016,3119400,0.0,0.0
1999-05-12 00:00:00-04:00,17.530884953457562,17.530884953457562,16.63882664830375,17.02667808532715,2732400,0.0,0.0
1999-05-13 00:00:00-04:00,17.026683533672795,17.492105407030593,17.026683533672795,17.298179626464844,2214000,0.0,0.0
1999-05-14 00:00:00-04:00,17.259389377932784,17.2981745226023,16.444901339873034,16.8133602142334,1441800,0.0,0.0
1999-05-17 00:00:00-04:00,16.7551944860431,16.7551944860431,15.785565175508198,16.212202072143555,858200,0.0,0.0
1999-05-18 00:00:00-04:00,16.17341027730427,16.832757938489337,16.17341027730427,16.309158325195312,1827200,0.0,0.0
1999-05-19 00:00:00-04:00,16.30916538147915,16.44491348810264,15.998883994911177,16.32855796813965,1258800,0.0,0.0
1999-05-20 00:00:00-04:00,16.250987621497654,16.483698661423634,16.250987621497654,16.32855796813965,1300800,0.0,0.0
1999-05-21 00:00:00-04:00,16.28976360120271,16.677615115517064,16.28976360120271,16.580652236938477,1241200,0.0,0.0
1999-05-24 00:00:00-04:00,16.444906513753843,16.561261984370024,16.076447523469263,16.173410415649414,890400,0.0,0.0
1999-05-25 00:00:00-04:00,16.057050045538126,16.13462033561319,15.552843160050214,15.649806022644043,1411000,0.0,0.0
1999-05-26 00:00:00-04:00,15.514059571234945,15.59162986909112,15.203778379810245,15.397704124450684,987600,0.0,0.0
1999-05-27 00:00:00-04:00,15.358920742519706,15.47527620269031,14.815928595056889,15.106817245483398,758800,0.0,0.0
1999-05-28 00:00:00-04:00,15.048639051220084,15.552846029740346,14.796535561959955,15.320135116577148,722200,0.0,0.0
1999-06-01 00:00:00-04:00,15.009856140118064,15.863129615783691,14.85471550817886,15.863129615783691,934800,0.0,0.0
1999-06-02 00:00:00-04:00,15.785556622579987,15.824341773986816,15.339527381401437,15.824341773986816,943400,0.0,0.0
1999-06-03 00:00:00-04:00,15.809565045438557,16.548511505126953,15.809565045438557,16.548511505126953,1278200,0.07,0.0
1999-06-04 00:00:00-04:00,16.606848098613597,16.879091510066278,16.31515872920001,16.801307678222656,1512200,0.0,0.0
1999-06-07 00:00:00-04:00,16.72351809877889,16.72351809877889,16.256815268115293,16.315153121948242,1025600,0.0,0.0
1999-06-08 00:00:00-04:00,16.159590305190488,16.315157961558146,16.042914562914746,16.14014434814453,517200,0.0,0.0
1999-06-09 00:00:00-04:00,16.14014394462182,16.14014394462182,15.51787333470869,15.809562683105469,1169600,0.0,0.0
1999-06-10 00:00:00-04:00,15.595650989206593,15.790110477850067,15.459529347156161,15.478975296020508,555800,0.0,0.0
1999-06-11 00:00:00-04:00,15.478978655231533,15.692884139160611,15.478978655231533,15.634546279907227,555000,0.0,0.0
1999-06-14 00:00:00-04:00,15.634553123922908,15.867904663085936,15.517877354341394,15.867904663085938,1230600,0.0,0.0
1999-06-15 00:00:00-04:00,15.867907118089127,16.004028870327637,15.595663613612107,15.712339401245117,740400,0.0,0.0
1999-06-16 00:00:00-04:00,15.751228332519531,15.790120254328222,15.55676872347608,15.751228332519531,654400,0.0,0.0
1999-06-17 00:00:00-04:00,15.751223262801048,15.77066921744648,15.576209670992148,15.692885398864746,689600,0.0,0.0
1999-06-18 00:00:00-04:00,15.595655359793742,15.751222994305401,15.595655359793742,15.702608108520508,825000,0.0,0.0
1999-06-21 00:00:00-04:00,15.55677363045485,15.57621959749292,14.992840586350862,15.303976058959961,944400,0.0,0.0
1999-06-22 00:00:00-04:00,15.381753173296062,15.673442550792196,15.245631463797867,15.615104675292969,1347600,0.0,0.0
1999-06-23 00:00:00-04:00,15.576214920444988,15.71233664883839,15.323417424857242,15.537322998046875,753200,0.0,0.0
1999-06-24 00:00:00-04:00,15.478979431073487,15.5373172932509,14.915046763358498,15.051168441772461,682000,0.0,0.0
1999-06-25 00:00:00-04:00,14.817827603724094,15.245638899369672,14.817827603724094,14.973395347595215,989000,0.0,0.0
1999-06-28 00:00:00-04:00,14.895601507872733,14.973385327757187,14.681696003190488,14.817817687988281,1082200,0.0,0.0
1999-06-29 00:00:00-04:00,14.817815881532146,15.440086364746096,14.817815881532146,15.440086364746094,956600,0.0,0.0
1999-06-30 00:00:00-04:00,15.40119460533405,15.517870322041126,15.226181030273436,15.226181030273438,1823800,0.0,0.0
1999-07-01 00:00:00-04:00,14.701148041891395,15.031729413203767,14.662256115854644,14.83726978302002,1723200,0.0,0.0
1999-07-02 00:00:00-04:00,14.973388527924161,15.51787538348504,14.973388527924161,15.459537506103516,1738800,0.0,0.0
1999-07-06 00:00:00-04:00,15.537319670434849,15.673441369675205,15.342860100091483,15.381752014160156,1672000,0.0,0.0
1999-07-07 00:00:00-04:00,15.517877036847816,15.63455280404216,15.478985114449701,15.537322998046875,2482800,0.0,0.0
1999-07-08 00:00:00-04:00,15.537314836978911,15.751220297813415,15.498422935009001,15.556760787963867,2194000,0.0,0.0
1999-07-09 00:00:00-04:00,15.55676692434018,15.790118428205282,15.55676692434018,15.576212882995605,652000,0.0,0.0
1999-07-12 00:00:00-04:00,15.984573037558299,15.984573037558299,15.362302554344351,15.440086364746094,1724800,0.0,0.0
1999-07-13 00:00:00-04:00,15.303969738804073,15.303969738804073,14.1955500753837,14.603915214538574,2812000,0.0,0.0
1999-07-14 00:00:00-04:00,14.623358900457582,15.090061844089206,14.623358900457582,15.031723976135254,3835000,0.0,0.0
1999-07-15 00:00:00-04:00,15.09006004481928,15.167843859483296,14.895600508159237,14.992830276489258,1113400,0.0,0.0
1999-07-16 00:00:00-04:00,14.817820137860823,15.440090799818233,14.428900974137441,15.245631217956543,2695600,0.0,0.0
1999-07-19 00:00:00-04:00,15.167848719632563,15.167848719632563,14.428902243547899,14.545578002929688,2386800,0.0,0.0
1999-07-20 00:00:00-04:00,14.545569949679903,14.973380830552843,14.545569949679903,14.70113754272461,2266400,0.0,0.0
1999-07-21 00:00:00-04:00,14.701144003099012,14.798373791479296,14.428900595634216,14.467792510986328,2138200,0.0,0.0
1999-07-22 00:00:00-04:00,14.351123545121174,14.428907412574405,14.078880009034863,14.29278564453125,1432000,0.0,0.0
1999-07-23 00:00:00-04:00,14.292784681860004,14.545582234056168,14.137216957431596,14.428906440734863,1142200,0.0,0.0
1999-07-26 00:00:00-04:00,14.351116764929989,14.662252087746898,14.312224849577873,14.467792510986328,1330800,0.0,0.0
1999-07-27 00:00:00-04:00,14.487242564618828,14.642810270010708,14.448350638270858,14.526134490966797,1380400,0.0,0.0
1999-07-28 00:00:00-04:00,14.54557733751645,14.740036927590198,14.54557733751645,14.603915214538574,671800,0.0,0.0
1999-07-29 00:00:00-04:00,14.545582234056168,14.545582234056168,14.117770991878045,14.428906440734863,765400,0.0,0.0
1999-07-30 00:00:00-04:00,14.390008094187996,14.428900007956072,14.137210654695505,14.351116180419922,654000,0.0,0.0
1999-08-02 00:00:00-04:00,14.351122578520657,14.623366096270372,14.312230647413555,14.428906440734863,666000,0.0,0.0
1999-08-03 00:00:00-04:00,14.467787306359474,14.6233549118042,14.390003503637113,14.6233549118042,773400,0.0,0.0
1999-08-04 00:00:00-04:00,14.934488727818781,15.673434784663982,14.778921136904003,15.478975296020508,2263200,0.0,0.0
1999-08-05 00:00:00-04:00,15.517875007029328,15.692888634928156,15.303969461819651,15.576212882995605,2289600,0.0,0.0
1999-08-06 00:00:00-04:00,15.55676813257234,15.712335813898065,15.381754491080901,15.498430252075195,560400,0.0,0.0
1999-08-09 00:00:00-04:00,14.934495886977837,15.576212507121417,14.934495886977837,15.245631217956543,1661800,0.0,0.0
1999-08-10 00:00:00-04:00,15.24562698305795,15.478978416472101,15.167843171919898,15.226181030273438,643400,0.0,0.0
1999-08-11 00:00:00-04:00,15.284518743942607,15.55676208034871,15.245626838741735,15.440086364746094,553800,0.0,0.0
1999-08-12 00:00:00-04:00,15.44009496536723,15.90679808774609,15.44009496536723,15.84846019744873,789000,0.0,0.0
1999-08-13 00:00:00-04:00,15.867898990673648,16.10125044641885,15.53731776170128,15.692885398864746,553400,0.0,0.0
1999-08-16 00:00:00-04:00,15.69288732670954,15.69288732670954,15.109508615679447,15.381752014160156,813200,0.0,0.0
1999-08-17 00:00:00-04:00,15.420653893490032,15.654005528700473,15.28453210628394,15.40120792388916,1781800,0.0,0.0
1999-08-18 00:00:00-04:00,15.381759927112235,15.401205894150303,15.187300256731548,15.303976058959961,509000,0.0,0.0
1999-08-19 00:00:00-04:00,15.226189338243923,15.4206489721934,15.070621631084343,15.167851448059082,2220800,0.0,0.0
1999-08-20 00:00:00-04:00,15.187293343398034,15.440090799818233,15.167847385211866,15.245631217956543,837000,0.0,0.0
1999-08-23 00:00:00-04:00,15.32342404548568,15.537329711095252,15.32342404548568,15.40120792388916,1048000,0.0,0.0
1999-08-24 00:00:00-04:00,15.362302936724761,15.653992232991689,15.284519124386915,15.634546279907227,649800,0.0,0.0
1999-08-25 00:00:00-04:00,15.712326682392677,15.906786171036151,15.478975296020508,15.478975296020508,1097200,0.0,0.0
1999-08-26 00:00:00-04:00,15.440098579208572,15.51788245114413,14.720597763804644,14.973395347595215,835000,0.0,0.0
1999-08-27 00:00:00-04:00,15.012283740899502,15.245635301638872,14.953945850714659,15.167851448059082,1235600,0.0,0.0
1999-08-30 00:00:00-04:00,15.148402066745073,15.187293984759823,14.5844692555312,14.603915214538574,430600,0.0,0.0
1999-08-31 00:00:00-04:00,14.759476566568335,14.837260369290698,14.448341355678883,14.6233549118042,688600,0.0,0.0
1999-09-01 00:00:00-04:00,14.62335813827715,15.012277237699413,14.62335813827715,14.817817687988281,479000,0.0,0.0
1999-09-02 00:00:00-04:00,14.881007566930123,14.900510853387436,14.627464842985049,14.783491134643555,380400,0.07,0.0
1999-09-03 00:00:00-04:00,14.802991492807323,15.232063709990143,14.802991492807323,14.959017753601074,428800,0.0,0.0
1999-09-07 00:00:00-04:00,14.56895415968294,14.802993583934875,14.529947588974284,14.549450874328613,1306200,0.0,0.0
1999-09-08 00:00:00-04:00,14.549451697155794,14.822497707558181,14.451935264869228,14.783491134643555,893000,0.0,0.0
1999-09-09 00:00:00-04:00,14.744485172472503,14.832249965165792,14.705478597942152,14.822498321533203,279000,0.0,0.0
1999-09-10 00:00:00-04:00,14.783497570047961,14.822504159942547,14.666477800364204,14.705484390258789,384400,0.0,0.0
1999-09-13 00:00:00-04:00,14.705479505646432,14.920015678805731,14.627466351770325,14.881009101867676,396600,0.0,0.0
1999-09-14 00:00:00-04:00,14.802999656677247,14.802999656677247,14.54945684305827,14.627470016479492,445800,0.0,0.0
1999-09-15 00:00:00-04:00,14.744493691318006,14.803003586918473,14.549460705983112,14.568964004516602,659600,0.0,0.0
1999-09-16 00:00:00-04:00,14.568961500641484,14.783497747638883,14.432438434370413,14.52995491027832,503400,0.0,0.0
1999-09-17 00:00:00-04:00,14.56896132562774,14.939523929626304,14.56896132562774,14.705484390258789,1200600,0.0,0.0
1999-09-20 00:00:00-04:00,14.354424342636234,14.47144410629903,14.042371639535446,14.159391403198242,1162600,0.0,0.0
1999-09-21 00:00:00-04:00,14.217900897679705,14.217900897679705,13.788828442605693,13.886344909667969,985600,0.0,0.0
1999-09-22 00:00:00-04:00,13.847339630126953,14.139889058932452,13.632803382336252,13.847339630126953,1680200,0.0,0.0
1999-09-23 00:00:00-04:00,13.769325954225947,13.847339132436858,13.34025347406593,13.379260063171387,1016000,0.0,0.0
1999-09-24 00:00:00-04:00,13.184222365000162,13.203725652522351,12.599123739334473,12.950182914733887,2087400,0.0,0.0
1999-09-27 00:00:00-04:00,13.223232933644498,13.92535149649288,13.184226346819589,13.886344909667969,2063800,0.0,0.0
1999-09-28 00:00:00-04:00,13.827837975731846,14.27641381979649,13.78883138059579,14.081380844116211,1639000,0.0,0.0
1999-09-29 00:00:00-04:00,14.042361495620666,14.646963171126556,14.042361495620666,14.412923812866211,1101400,0.0,0.0
1999-09-30 00:00:00-04:00,14.33491546822631,14.744484481604204,14.295908895523652,14.354418754577637,1571400,0.0,0.0
1999-10-01 00:00:00-04:00,14.315409993864801,14.334913277235188,14.100873876790532,14.276403427124023,1443600,0.0,0.0
1999-10-04 00:00:00-04:00,14.27640849864174,14.412931530732576,14.27640849864174,14.29591178894043,1526600,0.0,0.0
1999-10-05 00:00:00-04:00,14.276405609172324,14.451935186334278,14.276405609172324,14.354418754577637,786800,0.0,0.0
1999-10-06 00:00:00-04:00,14.276412901586415,14.373929383154628,14.256909605272773,14.334922790527344,869000,0.0,0.0
1999-10-07 00:00:00-04:00,14.334914649559172,14.920013206684038,14.276404793846687,14.724980354309082,782800,0.0,0.0
1999-10-08 00:00:00-04:00,14.666468620300293,14.881004730437663,14.549448923861727,14.666468620300293,1633400,0.0,0.0
1999-10-11 00:00:00-04:00,14.549450874328613,14.84200015464353,14.451934447556972,14.549450874328613,402400,0.0,0.0
1999-10-12 00:00:00-04:00,14.471436914112598,14.490940198363422,14.23739750310269,14.256900787353516,467600,0.0,0.0
1999-10-13 00:00:00-04:00,14.256904420839435,14.256904420839435,13.944851793297122,14.061871528625488,862600,0.0,0.0
1999-10-14 00:00:00-04:00,14.081372291554331,14.120378862999079,13.847332862885837,14.022862434387207,1206800,0.0,0.0
1999-10-15 00:00:00-04:00,14.100878536097394,14.100878536097394,13.457269972209131,13.476773262023926,674000,0.0,0.0
1999-10-18 00:00:00-04:00,13.47677501814706,13.944854034696307,13.457271725790843,13.652304649353027,584400,0.0,0.0
1999-10-19 00:00:00-04:00,13.652302212797839,13.691308790548689,13.457269324043583,13.496275901794434,856600,0.0,0.0
1999-10-20 00:00:00-04:00,13.535282702575595,13.730315594543544,13.320746521410852,13.63279914855957,864800,0.0,0.0
1999-10-21 00:00:00-04:00,13.632805788909995,14.276414645897162,13.47677939933735,14.19840145111084,928400,0.0,0.0
1999-10-22 00:00:00-04:00,14.19839038848877,14.19839038848877,13.866834568977355,14.042364120483398,478800,0.0,0.0
1999-10-25 00:00:00-04:00,13.964361866751869,14.45194433416639,13.866845373268966,14.19840145111084,1108800,0.0,0.0
1999-10-26 00:00:00-04:00,14.19839065110995,14.529946476754,14.15938408338712,14.178887367248535,1129600,0.0,0.0
1999-10-27 00:00:00-04:00,14.295907045390509,14.354416896872324,14.022861071808698,14.237397193908691,839200,0.0,0.0
1999-10-28 00:00:00-04:00,14.25691025913249,14.33492344796495,14.217903664716257,14.315420150756836,1790000,0.0,0.0
1999-10-29 00:00:00-04:00,14.315413926374466,14.998029031855538,14.276407348918406,14.588459968566895,1614600,0.0,0.0
1999-11-01 00:00:00-05:00,14.588456852715991,14.646966706403354,14.432430576216355,14.451933860778809,807000,0.0,0.0
1999-11-02 00:00:00-05:00,14.451934845466925,14.529947989032198,14.237398700662421,14.393424987792969,785400,0.0,0.0
1999-11-03 00:00:00-05:00,14.315412181874981,14.510445045388265,14.139882604713026,14.354418754577637,904800,0.0,0.0
1999-11-04 00:00:00-05:00,14.39342882516677,14.90051439353308,14.354422242984747,14.763991355895996,1134000,0.0,0.0
1999-11-05 00:00:00-05:00,14.978530099740613,15.134556454946244,14.783497155733572,14.803000450134277,1115000,0.0,0.0
1999-11-08 00:00:00-05:00,14.76399743139262,14.76399743139262,14.354428149940512,14.471447944641113,457400,0.0,0.0
1999-11-09 00:00:00-05:00,14.510454694801403,14.62747449072722,14.393434898875585,14.60797119140625,697200,0.0,0.0
1999-11-10 00:00:00-05:00,14.939523510939205,14.959026805339908,14.66647738932935,14.803000450134277,894200,0.0,0.0
1999-11-11 00:00:00-05:00,15.017534140079151,15.017534140079151,14.39342882516677,14.763991355895996,945400,0.0,0.0
1999-11-12 00:00:00-05:00,14.510445045388265,14.510445045388265,14.21789575011834,14.354418754577637,883200,0.0,0.0
1999-11-15 00:00:00-05:00,14.373925735813161,14.900514602661133,14.35442244444842,14.900514602661133,861000,0.0,0.0
1999-11-16 00:00:00-05:00,14.861509893132352,15.329588944884552,14.861509893132352,15.271079063415527,934000,0.0,0.0
1999-11-17 00:00:00-05:00,15.2905735577878,15.446599818581554,14.86150134060498,14.959017753601074,1294800,0.0,0.0
1999-11-18 00:00:00-05:00,14.939519165671447,15.0370356093116,14.529950102382804,14.588459968566895,1207200,0.0,0.0
1999-11-19 00:00:00-05:00,14.510446813654772,14.627466546022957,14.41293037001462,14.588459968566895,612800,0.0,0.0
1999-11-22 00:00:00-05:00,14.510454108916132,14.666480497184047,14.393434317715196,14.568964004516602,603000,0.0,0.0
1999-11-23 00:00:00-05:00,14.256900477735964,14.256900477735964,13.808324949708703,14.237397193908691,1138800,0.0,0.0
1999-11-24 00:00:00-05:00,14.100882649920475,14.1788958319394,13.98386287689209,13.98386287689209,479800,0.0,0.0
1999-11-26 00:00:00-05:00,14.003368587520798,14.061878484126039,13.827838897705078,13.827838897705078,363200,0.0,0.0
1999-11-29 00:00:00-05:00,13.866845495441904,13.944858690915558,13.730322403363012,13.827838897705078,924400,0.0,0.0
1999-11-30 00:00:00-05:00,13.769323856556783,14.02286664711661,13.632800815486107,13.925350189208984,702600,0.0,0.0
1999-12-01 00:00:00-05:00,13.808331232347923,14.120383915564826,13.788827939646866,14.10088062286377,825200,0.0,0.0
1999-12-02 00:00:00-05:00,14.022868345591647,14.159391403198242,14.003365051647847,14.159391403198242,717200,0.0,0.0
1999-12-03 00:00:00-05:00,14.222780336800973,14.711871820184774,14.222780336800973,14.359725952148438,823200,0.07,0.0
1999-12-06 00:00:00-05:00,14.320597389253113,14.379288362159889,14.007578867083646,14.027142524719238,386800,0.0,0.0
1999-12-07 00:00:00-05:00,13.948878501521218,14.24233316845364,13.870623923672571,14.085824012756348,911000,0.0,0.0
1999-12-08 00:00:00-05:00,14.046696723832026,14.164078590604994,13.772805701361763,14.085824012756348,566800,0.0,0.0
1999-12-09 00:00:00-05:00,14.124960073881844,14.35972395322614,14.124960073881844,14.261905670166016,1012200,0.0,0.0
1999-12-10 00:00:00-05:00,14.18365209281039,14.53579793787327,14.144524776692293,14.379288673400879,703000,0.0,0.0
1999-12-13 00:00:00-05:00,14.457536964272947,14.535791562185114,14.08582762419015,14.296136856079102,569800,0.0,0.0
1999-12-14 00:00:00-05:00,14.08582770074164,14.398846094091455,13.968445803235461,13.988009452819824,845400,0.0,0.0
1999-12-15 00:00:00-05:00,13.909752659681367,14.437971115112305,13.753243487701829,14.437971115112305,2000200,0.0,0.0
1999-12-16 00:00:00-05:00,14.51622327084237,14.94662342172988,14.340150481842935,14.711859703063965,2032200,0.0,0.0
1999-12-17 00:00:00-05:00,14.633618368803262,14.711873012486702,14.398854437752941,14.653182029724121,1318400,0.0,0.0
1999-12-20 00:00:00-05:00,14.692298461561618,14.692298461561618,14.242334593897281,14.398843765258789,902800,0.0,0.0
1999-12-21 00:00:00-05:00,14.555355853594465,14.653174105298728,14.418410301208494,14.418410301208496,1286400,0.0,0.0
1999-12-22 00:00:00-05:00,14.45753577077711,14.574917657955273,14.301026587872892,14.477099418640137,929800,0.0,0.0
1999-12-23 00:00:00-05:00,14.496663542724852,15.00531840387309,14.496663542724852,14.829245567321777,1675800,0.0,0.0
1999-12-27 00:00:00-05:00,14.985757014912027,15.142266226556018,14.96619336345653,15.10313892364502,1792600,0.0,0.0
1999-12-28 00:00:00-05:00,15.103140415780368,15.650922710653232,15.103140415780368,15.592231750488281,1001600,0.0,0.0
1999-12-29 00:00:00-05:00,15.513972028251967,16.19869967136523,15.47484473435978,16.003063201904297,1657800,0.0,0.0
1999-12-30 00:00:00-05:00,15.846561431884766,15.963943368417244,15.748743151441031,15.846561431884766,666000,0.0,0.0
1999-12-31 00:00:00-05:00,15.768305758363713,15.866124032298972,15.709614794002558,15.74874210357666,463000,0.0,0.0
2000-01-03 00:00:00-05:00,15.748740977594814,16.316086925855995,15.4944134835467,15.592231750488281,1369400,0.0,0.0
2000-01-04 00:00:00-05:00,15.435724141497264,15.513978763253904,15.220523931666504,15.318342208862305,983600,0.0,0.0
2000-01-05 00:00:00-05:00,15.31834060305185,15.866122897924713,15.31834060305185,15.592231750488281,3410600,0.0,0.0
2000-01-06 00:00:00-05:00,15.592231157784152,16.805177621752303,15.553103852494855,16.74648666381836,2463600,0.0,0.0
2000-01-07 00:00:00-05:00,16.66823966027419,16.8834399375782,16.413912059823996,16.76605796813965,2128400,0.0,0.0
2000-01-10 00:00:00-05:00,16.64867222837079,16.824745142654383,16.570417599800304,16.78561782836914,1391600,0.0,0.0
2000-01-11 00:00:00-05:00,16.70735783970684,17.196449111361023,16.70735783970684,17.05950355529785,2303600,0.0,0.0
2000-01-12 00:00:00-05:00,16.98125824544366,17.176894861174574,16.45303938297018,16.76605796813965,1497600,0.0,0.0
2000-01-13 00:00:00-05:00,16.746476754634337,17.079058652798803,16.53127670288086,16.53127670288086,1135200,0.0,0.0
2000-01-14 00:00:00-05:00,16.726919174194336,16.90299200760691,16.687791877880432,16.726919174194336,995200,0.0,0.0
2000-01-18 00:00:00-05:00,16.413899787772255,16.453027081664445,15.768299438551178,16.003063201904297,1185000,0.0,0.0
2000-01-19 00:00:00-05:00,15.76830831719172,15.787871975153497,15.220525894261982,15.396598815917969,1538400,0.0,0.0
2000-01-20 00:00:00-05:00,15.318336779964316,15.318336779964316,14.242336112150731,14.829245567321777,1869400,0.0,0.0
2000-01-21 00:00:00-05:00,14.907504791259765,14.946632100423177,14.614049972534179,14.672740936279297,1574400,0.0,0.0
2000-01-24 00:00:00-05:00,14.59448234117948,15.337901012714093,14.477100445674017,15.25964641571045,2158000,0.0,0.0
2000-01-25 00:00:00-05:00,14.633613624409964,14.711868242722318,13.264157803943792,13.753249168395996,3920200,0.0,0.0
2000-01-26 00:00:00-05:00,13.753249811119735,14.007577332520242,13.225031112826375,13.440231323242188,2475200,0.0,0.0
2000-01-27 00:00:00-05:00,13.225029514857702,13.772811802455358,13.185902208600726,13.694557189941406,2670800,0.0,0.0
2000-01-28 00:00:00-05:00,13.577177222983579,13.616304534865376,12.520739802175058,12.775067329406738,2028200,0.0,0.0
2000-01-31 00:00:00-05:00,12.833758278127096,12.833758278127096,12.051212041655932,12.75550365447998,2810000,0.0,0.0
2000-02-01 00:00:00-05:00,12.67724439574451,12.91200818085089,12.383789664361535,12.83375358581543,2200800,0.0,0.0
2000-02-02 00:00:00-05:00,12.833758720984825,12.833758720984825,11.894703204815205,12.207721710205078,3565200,0.0,0.0
2000-02-03 00:00:00-05:00,12.481616152657402,13.009835018051994,12.44248882929484,12.677252769470215,3135600,0.0,0.0
2000-02-04 00:00:00-05:00,12.598995519908893,13.068523303259534,12.579431862269283,12.951141357421875,2354600,0.0,0.0
2000-02-07 00:00:00-05:00,13.029394268989563,13.264158129692078,12.912012338638306,13.14677619934082,3286000,0.0,0.0
2000-02-08 00:00:00-05:00,12.872875931442424,13.146766908707157,12.716366801576864,12.735930442810059,1675600,0.0,0.0
2000-02-09 00:00:00-05:00,12.657683965894911,12.657683965894911,12.227283583747017,12.325101852416992,2568400,0.0,0.0
2000-02-10 00:00:00-05:00,12.325101526772103,12.48161075250889,11.81644654312754,12.031646728515625,2178600,0.0,0.0
2000-02-11 00:00:00-05:00,11.95339473299806,11.972958390498874,11.620812555484202,11.777321815490723,2328800,0.0,0.0
2000-02-14 00:00:00-05:00,11.699057402434173,12.207712072105224,11.581675555587006,12.14902114868164,1752400,0.0,0.0
2000-02-15 00:00:00-05:00,12.012082766301884,12.716374264000365,11.97295546087419,12.598992347717285,3780000,0.0,0.0
2000-02-16 00:00:00-05:00,12.638121812492383,13.029394933622177,12.481612564040464,12.85332202911377,2291200,0.0,0.0
2000-02-17 00:00:00-05:00,12.775067348363567,13.146776811792217,12.755503692393638,12.794631004333496,1514200,0.0,0.0
2000-02-18 00:00:00-05:00,12.677251605205356,12.75550624474366,12.325105727282985,12.403360366821289,1340400,0.0,0.0
2000-02-22 00:00:00-05:00,12.325102845324745,12.442484777184982,12.246848224084587,12.364230155944824,1890800,0.0,0.0
2000-02-23 00:00:00-05:00,12.442483423587166,12.677247261768056,12.012083053588869,12.012083053588867,2666000,0.0,0.0
2000-02-24 00:00:00-05:00,12.031643759686014,12.031643759686014,10.994770395030146,11.24909782409668,2292200,0.0,0.0
2000-02-25 00:00:00-05:00,11.209967453714828,11.34691295489459,10.994767380432345,11.112149238586426,1495200,0.0,0.0
2000-02-28 00:00:00-05:00,10.994780565785096,11.30779922957969,10.916525899836447,11.053471565246582,1979200,0.0,0.0
2000-02-29 00:00:00-05:00,10.994770420922174,11.073025014665392,10.446988264719645,10.564370155334473,2777800,0.0,0.0
2000-03-01 00:00:00-05:00,10.642622613101693,10.681749902120451,10.329604300951644,10.427422523498535,1595600,0.0,0.0
2000-03-02 00:00:00-05:00,10.446986831169054,10.603495997179078,10.133968499149008,10.231786727905273,1540400,0.0,0.0
2000-03-03 00:00:00-05:00,10.378821572104654,10.968527343246963,10.378821572104654,10.732645034790039,3211600,0.0775,0.0
2000-03-06 00:00:00-05:00,10.614702780748205,10.850585064764832,10.575389066745434,10.654016494750977,2260200,0.0,0.0
2000-03-07 00:00:00-05:00,10.595048474986651,10.61470533672132,10.024999484681247,10.083970069885254,1034800,0.0,0.0
2000-03-08 00:00:00-05:00,10.14293805727235,10.378820337674032,10.024996917071508,10.10362434387207,2256400,0.0,0.0
2000-03-09 00:00:00-05:00,10.103622938654512,10.103622938654512,9.867740691059465,10.005338668823242,1279000,0.0,0.0
2000-03-10 00:00:00-05:00,9.98568267964605,10.850584329064212,9.98568267964605,10.5360746383667,2692200,0.0,0.0
2000-03-13 00:00:00-05:00,10.457451409614935,10.693333772237828,10.14294159278441,10.49676513671875,1626000,0.0,0.0
2000-03-14 00:00:00-05:00,10.575390815734863,10.811273138762406,10.496763374725681,10.575390815734863,1874600,0.0,0.0
2000-03-15 00:00:00-05:00,10.654020607071436,12.265883503344234,10.654020607071436,11.71549129486084,2931400,0.0,0.0
2000-03-16 00:00:00-05:00,11.833425997943849,12.737641273534242,11.794112290309483,12.600043296813965,3434000,0.0,0.0
2000-03-17 00:00:00-05:00,12.423134210947397,12.442791068876112,11.302693309010687,11.636859893798828,2063200,0.0,0.0
2000-03-20 00:00:00-05:00,11.794117249940571,12.501764284937005,11.794117249940571,11.951372146606445,1126600,0.0,0.0
2000-03-21 00:00:00-05:00,11.99068801169602,12.344511592369019,11.872746818138355,12.246227264404297,1242000,0.0,0.0
2000-03-22 00:00:00-05:00,12.088972405341773,12.108629271041517,11.676178225647176,11.833433151245117,1736600,0.0,0.0
2000-03-23 00:00:00-05:00,11.813772076802538,12.38382097901098,11.813772076802538,11.872742652893066,1291000,0.0,0.0
2000-03-24 00:00:00-05:00,11.636859371658302,12.305192511246785,11.636859371658302,12.206908226013184,1361400,0.0,0.0
2000-03-27 00:00:00-05:00,12.206911216585999,12.442793558935486,11.971028874236511,12.010342597961426,1354400,0.0,0.0
2000-03-28 00:00:00-05:00,11.97102473166681,12.75729893407514,11.97102473166681,12.187250137329102,1548000,0.0,0.0
2000-03-29 00:00:00-05:00,12.344508729512501,12.737645950197614,12.344508729512501,12.5214204788208,1575000,0.0,0.0
2000-03-30 00:00:00-05:00,12.580389652856335,13.582889453318323,12.462448499860805,13.03249740600586,2351400,0.0,0.0
2000-03-31 00:00:00-05:00,13.052159844934046,13.445297189660975,12.659022500207117,13.091473579406738,1894400,0.0,0.0
2000-04-03 00:00:00-04:00,13.012838804024806,13.248721078418004,12.816270242030473,13.111123085021973,1019000,0.0,0.0
2000-04-04 00:00:00-04:00,13.248720001106832,13.563229674723612,12.727813354179041,13.170092582702637,2181200,0.0,0.0
2000-04-05 00:00:00-04:00,13.091473765489532,13.366669910710034,12.462454004985531,12.894905090332031,1260000,0.0,0.0
2000-04-06 00:00:00-04:00,12.973523374463692,13.288033032026448,12.914552813670676,13.189748764038086,1317800,0.0,0.0
2000-04-07 00:00:00-04:00,12.993186269281855,13.111127445704987,12.934215681070288,13.012843132019043,929400,0.0,0.0
2000-04-10 00:00:00-04:00,13.091464433325342,13.248719261353274,12.973523312304392,13.05215072631836,963400,0.0,0.0
2000-04-11 00:00:00-04:00,12.934215294194589,14.07431329885004,12.914558432045357,14.015342712402344,2230200,0.0,0.0
2000-04-12 00:00:00-04:00,13.70083278257857,14.192254331451545,13.68117592062365,13.936715126037598,1629800,0.0,0.0
2000-04-13 00:00:00-04:00,13.995685132529925,13.995685132529925,13.405979298294113,13.484606742858887,832400,0.0,0.0
2000-04-14 00:00:00-04:00,13.209408894601662,13.2880363284981,12.501761989533716,12.541075706481934,1966200,0.0,0.0
2000-04-17 00:00:00-04:00,12.580392565898865,12.776961199741036,12.226569024982961,12.560735702514648,1165600,0.0,0.0
2000-04-18 00:00:00-04:00,12.48210969621129,12.501766561874614,11.794119397994919,11.971031188964844,1422200,0.0,0.0
2000-04-19 00:00:00-04:00,12.147939130857393,12.324850865772792,11.931713677071906,12.108625411987305,1347400,0.0,0.0
2000-04-20 00:00:00-04:00,12.029997515288716,13.720487362208372,12.029997515288716,13.229065895080566,2534000,0.0,0.0
2000-04-24 00:00:00-04:00,13.209415283203125,13.622209510803224,13.052160339355469,13.268385887145996,2424200,0.0,0.0
2000-04-25 00:00:00-04:00,13.052162672344007,13.523927588211864,13.052162672344007,13.445300102233887,1858200,0.0,0.0
2000-04-26 00:00:00-04:00,13.4452957120435,13.917060473869586,13.288040791434803,13.681178092956543,2848400,0.0,0.0
2000-04-27 00:00:00-04:00,13.209411096436247,13.818773810706372,13.209411096436247,13.720489501953125,1737800,0.0,0.0
2000-04-28 00:00:00-04:00,13.720491116895287,14.251226446631925,13.661520524702327,13.976030349731445,2131200,0.0,0.0
2000-05-01 00:00:00-04:00,13.838430955674912,14.172597612275016,13.64186233414544,14.15294075012207,1605400,0.0,0.0
2000-05-02 00:00:00-04:00,14.152938006395964,14.821271190031329,14.05465371468488,14.703330039978027,1765200,0.0,0.0
2000-05-03 00:00:00-04:00,14.506765233073638,14.664020140749233,14.40848091577639,14.42813777923584,1554200,0.0,0.0
2000-05-04 00:00:00-04:00,14.349514429385845,14.388828167548546,14.231573214897741,14.310200691223145,2043800,0.0,0.0
2000-05-05 00:00:00-04:00,14.231565532322499,14.624702701723672,14.231565532322499,14.50676155090332,901000,0.0,0.0
2000-05-08 00:00:00-04:00,14.428134088477098,14.781957540238118,14.310192937890092,14.369163513183594,816600,0.0,0.0
2000-05-09 00:00:00-04:00,14.349510472123795,14.428137926765569,14.035000653556697,14.231569290161133,997000,0.0,0.0
2000-05-10 00:00:00-04:00,14.152941993810499,14.290540040972546,13.8974027633667,13.8974027633667,1222000,0.0,0.0
2000-05-11 00:00:00-04:00,14.03500024937401,14.408480648166876,14.01534338627965,14.270882606506348,1380200,0.0,0.0
2000-05-12 00:00:00-04:00,14.211906267306736,14.270876832731245,13.877739729901183,14.133278846740723,883800,0.0,0.0
2000-05-15 00:00:00-04:00,13.83842418504798,14.62469828647116,13.720483069834502,14.467443466186523,1148600,0.0,0.0
2000-05-16 00:00:00-04:00,14.467455643873947,14.467455643873947,14.231573214897741,14.310200691223145,754000,0.0,0.0
2000-05-17 00:00:00-04:00,14.192254474427964,14.428136820263331,14.034999577204385,14.15294075012207,631600,0.0,0.0
2000-05-18 00:00:00-04:00,14.074318262246939,14.310200691223143,14.035004524084236,14.310200691223145,808400,0.0,0.0
2000-05-19 00:00:00-04:00,14.231569144641346,14.605049550370886,14.211912281181897,14.42813777923584,1264200,0.0,0.0
2000-05-22 00:00:00-04:00,14.546080712349184,14.939218028899163,14.349512054074196,14.62470817565918,1183800,0.0,0.0
2000-05-23 00:00:00-04:00,14.624703080278021,15.214408849644071,14.624703080278021,15.076810836791992,2124800,0.0,0.0
2000-05-24 00:00:00-04:00,14.899900567768425,14.899900567768425,14.585390793250886,14.840929985046387,1495800,0.0,0.0
2000-05-25 00:00:00-04:00,14.78196004803261,14.821273771564613,13.740146374434568,13.995685577392578,1565000,0.0,0.0
2000-05-26 00:00:00-04:00,13.759801079578597,13.759801079578597,12.894899297433657,13.229065895080566,3445200,0.0,0.0
2000-05-30 00:00:00-04:00,13.28803371030893,13.347004274112075,12.619700653873274,13.170092582702637,3105400,0.0,0.0
2000-05-31 00:00:00-04:00,13.091472336224149,13.484609643618267,13.012844874745324,13.209413528442383,1472200,0.0,0.0
2000-06-01 00:00:00-04:00,13.32735028849468,13.32735028849468,12.91455625301033,13.03249740600586,1301200,0.0,0.0
2000-06-02 00:00:00-04:00,13.052160455546248,13.071817323702192,12.835934905830873,12.855591773986816,1708400,0.0,0.0
2000-06-05 00:00:00-04:00,12.924250281900854,13.161030439737205,12.628275084605413,12.84532356262207,956000,0.0775,0.0
2000-06-06 00:00:00-04:00,12.707202275594076,12.845324039459229,12.707202275594076,12.786128997802734,1105000,0.0,0.0
2000-06-07 00:00:00-04:00,12.707210000955834,12.825600156244242,12.509893075475153,12.549356460571289,1317000,0.0,0.0
2000-06-08 00:00:00-04:00,12.628278294002575,12.628278294002575,12.33230302148689,12.450693130493164,809400,0.0,0.0
2000-06-09 00:00:00-04:00,12.549350900725116,12.746667738786833,12.490155849306602,12.529619216918945,1021000,0.0,0.0
2000-06-12 00:00:00-04:00,12.490156336675717,12.766399920741215,12.47042465209961,12.47042465209961,786200,0.0,0.0
2000-06-13 00:00:00-04:00,12.391500279794332,12.62828053991779,11.996866512921901,12.075793266296387,1001200,0.0,0.0
2000-06-14 00:00:00-04:00,12.154720979578354,12.707208296831915,12.154720979578354,12.411232948303223,2954200,0.0,0.0
2000-06-15 00:00:00-04:00,12.47042910979285,12.588819259569362,12.01660020231621,12.174453735351562,1553200,0.0,0.0
2000-06-16 00:00:00-04:00,12.312575576757496,12.312575576757496,11.977136819057373,12.174453735351562,2050200,0.0,0.0
2000-06-19 00:00:00-04:00,12.174445758445092,12.233640794547743,11.858738899230955,11.858738899230957,2615800,0.0,0.0
2000-06-20 00:00:00-04:00,11.97713482457828,12.213915084701739,11.760086252798443,12.075793266296387,2103200,0.0,0.0
2000-06-21 00:00:00-04:00,11.996862587808561,12.075789315359934,11.543033904388173,11.740350723266602,1003400,0.0,0.0
2000-06-22 00:00:00-04:00,11.700891777498638,11.85874529220351,11.68116008816053,11.779818534851074,1259000,0.0,0.0
2000-06-23 00:00:00-04:00,11.779817290088982,12.095524286138268,11.602232104811257,11.70089054107666,1916000,0.0,0.0
2000-06-26 00:00:00-04:00,11.996867227146769,11.996867227146769,11.483843299670097,11.543038368225098,1213000,0.0,0.0
2000-06-27 00:00:00-04:00,11.621960146250832,12.450690750907087,11.602228465187586,12.27310562133789,1785800,0.0,0.0
2000-06-28 00:00:00-04:00,12.154720056201766,12.312573563425165,11.937671483769591,12.184317588806152,1254800,0.0,0.0
2000-06-29 00:00:00-04:00,12.292837816126207,12.31256949801405,11.621960631939544,11.740350723266602,1421600,0.0,0.0
2000-06-30 00:00:00-04:00,12.036326269872598,12.292838141197752,11.760082716137818,11.8192777633667,2365200,0.0,0.0
2000-07-03 00:00:00-04:00,11.917935521815851,12.273105785711024,11.917935521815851,12.134984016418457,700600,0.0,0.0
2000-07-05 00:00:00-04:00,11.91793943150424,12.292841499713811,11.91793943150424,12.115256309509277,1801800,0.0,0.0
2000-07-06 00:00:00-04:00,11.996866656473589,12.036330033633043,11.444379376241253,11.720623016357422,2166600,0.0,0.0
2000-07-07 00:00:00-04:00,11.720621804668479,11.878475296987245,11.503573252730174,11.52330493927002,2083800,0.0,0.0
2000-07-10 00:00:00-04:00,11.523301756059801,11.91793537784267,11.523301756059801,11.68115520477295,7850600,0.0,0.0
2000-07-11 00:00:00-04:00,11.681158002638659,11.996864975682946,11.661426316823391,11.917938232421875,8247600,0.0,0.0
2000-07-12 00:00:00-04:00,11.99686224712589,12.194179060400987,11.878472159160832,12.134984016418457,5810400,0.0,0.0
2000-07-13 00:00:00-04:00,12.075794219970703,12.470428018008962,12.075794219970703,12.411232948303223,3230200,0.0,0.0
2000-07-14 00:00:00-04:00,12.549356259477024,12.549356259477024,12.23364918376691,12.352039337158203,3084400,0.0,0.0
2000-07-17 00:00:00-04:00,12.23364881023982,12.25338050186924,12.075795277204467,12.174453735351562,1593600,0.0,0.0
2000-07-18 00:00:00-04:00,12.174449129538104,12.292839234525507,12.075790708715266,12.154717445373535,1030600,0.0,0.0
2000-07-19 00:00:00-04:00,12.174445948554473,12.292836022608487,12.056055874500458,12.194177627563477,2264000,0.0,0.0
2000-07-20 00:00:00-04:00,12.509890268719387,12.529621956840394,12.332305075630309,12.430963516235352,2146000,0.0,0.0
2000-07-21 00:00:00-04:00,12.490161382927086,12.667746615859699,12.470429690379017,12.549356460571289,1755800,0.0,0.0
2000-07-24 00:00:00-04:00,12.430962200822503,12.430962200822503,11.937670049996212,12.016596794128418,3022400,0.0,0.0
2000-07-25 00:00:00-04:00,12.016597870506759,12.273109811913308,11.829146836401973,12.115256309509277,2431000,0.0,0.0
2000-07-26 00:00:00-04:00,12.115251075781368,12.35203122709957,12.075787717228334,12.29283618927002,1867200,0.0,0.0
2000-07-27 00:00:00-04:00,12.29283935297429,12.470424512166534,11.977132403299189,12.371766090393066,2805600,0.0,0.0
2000-07-28 00:00:00-04:00,12.41123175120315,12.41123175120315,12.174451495218353,12.21391487121582,1171000,0.0,0.0
2000-07-31 00:00:00-04:00,12.233647079829355,12.726939300790216,12.233647079829355,12.490159034729004,1985600,0.0,0.0
2000-08-01 00:00:00-04:00,12.509890268719387,12.549353644961403,12.273110011267285,12.430963516235352,1048200,0.0,0.0
2000-08-02 00:00:00-04:00,12.450696328107048,12.470428018008962,12.273111118989831,12.411232948303223,1480000,0.0,0.0
2000-08-03 00:00:00-04:00,12.391497913795181,12.746668236165107,12.391497913795181,12.47042465209961,2108800,0.0,0.0
2000-08-04 00:00:00-04:00,12.509887533112773,12.58881426833746,12.352034062663401,12.529619216918945,1854600,0.0,0.0
2000-08-07 00:00:00-04:00,12.628277062662276,13.29915428161621,12.539484489565432,13.299154281616211,1945400,0.0,0.0
2000-08-08 00:00:00-04:00,13.65433363782996,13.65433363782996,13.417553285728863,13.595138549804688,2187800,0.0,0.0
2000-08-09 00:00:00-04:00,13.59513291509676,13.59513291509676,13.18076747065985,13.358352661132812,1034000,0.0,0.0
2000-08-10 00:00:00-04:00,13.358351909580515,13.496473716621967,13.062376608777402,13.220230102539062,832400,0.0,0.0
2000-08-11 00:00:00-04:00,13.180765695350116,13.85164299122123,13.180765695350116,13.575399398803711,1805400,0.0,0.0
2000-08-14 00:00:00-04:00,13.930578155626414,13.930578155626414,13.575407607749252,13.83191967010498,1143200,0.0,0.0
2000-08-15 00:00:00-04:00,13.752982132804513,13.910835586265684,13.733250451121867,13.87137222290039,689800,0.0,0.0
2000-08-16 00:00:00-04:00,13.910844205808239,14.16735622662456,13.831917430172448,14.08842945098877,724400,0.0,0.0
2000-08-17 00:00:00-04:00,14.088425395163624,14.147620459849184,13.772718383507296,13.891108512878418,1511800,0.0,0.0
2000-08-18 00:00:00-04:00,13.851644557097863,13.930571306710956,13.65432768306513,13.733254432678223,1443400,0.0,0.0
2000-08-21 00:00:00-04:00,13.752985788962903,13.812180849747534,13.69379072817827,13.772717475891113,1024200,0.0,0.0
2000-08-22 00:00:00-04:00,13.8121857362635,14.127892838806664,13.792454042354551,14.08842945098877,4651800,0.0,0.0
2000-08-23 00:00:00-04:00,14.147623270877952,14.167354963027014,13.654330967151385,13.792452812194824,1330800,0.0,0.0
2000-08-24 00:00:00-04:00,13.752989427896699,13.9108429650892,13.733257735747635,13.792452812194824,1554400,0.0,0.0
2000-08-25 00:00:00-04:00,13.792450071735816,13.930571889335459,13.792450071735816,13.891108512878418,1285200,0.0,0.0
2000-08-28 00:00:00-04:00,13.95030357756398,13.95030357756398,13.812181759964338,13.891108512878418,768600,0.0,0.0
2000-08-29 00:00:00-04:00,13.930565676223777,13.970029035079936,13.772712240799144,13.950297355651855,1983000,0.0,0.0
2000-08-30 00:00:00-04:00,13.930569870303376,13.930569870303376,13.644460432457201,13.674057960510254,1214600,0.0,0.0
2000-08-31 00:00:00-04:00,13.713520284343684,14.068690593866254,13.674056916618953,13.97496509552002,2399600,0.0,0.0
2000-09-01 00:00:00-04:00,13.989760556463468,14.029223914873802,13.891102160437631,13.9700288772583,1139600,0.0,0.0
2000-09-05 00:00:00-04:00,13.89110913155099,13.950304198872942,13.851645753336358,13.930572509765625,1036600,0.0,0.0
2000-09-06 00:00:00-04:00,13.940077972412109,14.316301667690277,13.920276725292206,14.256897926330566,2511800,0.0775,0.0
2000-09-07 00:00:00-04:00,14.17768732888358,14.17768732888358,13.603451389585222,13.860867500305176,2371600,0.0,0.0
2000-09-08 00:00:00-04:00,13.74206676738223,13.74206676738223,13.167830547995942,13.326240539550781,2437800,0.0,0.0
2000-09-11 00:00:00-04:00,13.26683099616529,13.544048360264265,13.068818593237449,13.346035957336426,1141000,0.0,0.0
2000-09-12 00:00:00-04:00,13.32624053955078,13.36584303743949,13.148029299051586,13.326240539550781,845600,0.0,0.0
2000-09-13 00:00:00-04:00,13.346040435204138,13.346040435204138,12.71240053323599,12.870810508728027,1673800,0.0,0.0
2000-09-14 00:00:00-04:00,12.791604147031327,12.969815350318141,12.613392943744513,12.77180290222168,940400,0.0,0.0
2000-09-15 00:00:00-04:00,12.692594455078027,12.692594455078027,12.039153554894602,12.13815975189209,3838800,0.0,0.0
2000-09-18 00:00:00-04:00,12.039154153286526,12.098557874437612,11.920346710984356,12.019352912902832,1203200,0.0,0.0
2000-09-19 00:00:00-04:00,11.959949091861121,11.959949091861121,11.603526767931486,11.662930488586426,1225000,0.0,0.0
2000-09-20 00:00:00-04:00,11.722332610024345,11.860941272642878,11.346109097202618,11.405512809753418,1566200,0.0,0.0
2000-09-21 00:00:00-04:00,11.48472224774004,11.801542171815626,11.326312285702246,11.643132209777832,1985400,0.0,0.0
2000-09-22 00:00:00-04:00,11.60352611541748,11.880743462884793,11.405513724369401,11.60352611541748,1104800,0.0,0.0
2000-09-25 00:00:00-04:00,11.563926696777344,11.662932918496328,11.207504298589,11.563926696777344,1075600,0.0,0.0
2000-09-26 00:00:00-04:00,11.40551340203536,11.544122071851763,11.167898539492958,11.28670597076416,1523800,0.0,0.0
2000-09-27 00:00:00-04:00,11.286709891052782,11.524324836127576,11.088697436823786,11.266908645629883,1337600,0.0,0.0
2000-09-28 00:00:00-04:00,11.12829574467183,11.662929170127594,11.12829574467183,11.544121742248535,2665200,0.0,0.0
2000-09-29 00:00:00-04:00,11.464919058375534,11.999552589595119,11.464919058375534,11.841142654418945,1961200,0.0,0.0
2000-10-02 00:00:00-04:00,11.999556109944328,12.256972330124652,11.821344880588718,12.078761100769043,1998000,0.0,0.0
2000-10-03 00:00:00-04:00,12.07874983549118,12.989606380462646,12.05894860625267,12.672786712646484,2492000,0.0,0.0
2000-10-04 00:00:00-04:00,12.65299726649517,13.06882346774149,12.118363579178473,12.256972312927246,1881000,0.0,0.0
2000-10-05 00:00:00-04:00,12.276766609115853,12.395574027913748,11.900543116255852,11.920344352722168,1348400,0.0,0.0
2000-10-06 00:00:00-04:00,11.920347519430374,12.355974837416202,11.524322684897804,11.860943794250488,2120000,0.0,0.0
2000-10-09 00:00:00-04:00,12.03915933845869,12.514389312345218,11.959954342810937,12.118364334106445,1123000,0.0,0.0
2000-10-10 00:00:00-04:00,12.15796023304841,12.454978805517019,11.920345375073522,12.098556518554688,1398000,0.0,0.0
2000-10-11 00:00:00-04:00,12.098558799080227,12.316372459947466,11.821341412521924,11.841142654418945,919600,0.0,0.0
2000-10-12 00:00:00-04:00,11.9005476192957,11.979752595131279,11.326311544487755,11.425317764282227,782600,0.0,0.0
2000-10-13 00:00:00-04:00,11.247100625719343,11.365908026695251,10.77187102181571,11.088690757751465,1531800,0.0,0.0
2000-10-16 00:00:00-04:00,11.167898818150462,11.959948379721418,11.088693861993368,11.801538467407227,1427200,0.0,0.0
2000-10-17 00:00:00-04:00,11.801543609834813,12.157966067849957,11.10849994147203,11.20750617980957,1446000,0.0,0.0
2000-10-18 00:00:00-04:00,11.32630812447026,11.623326694167908,11.0688920307323,11.544121742248535,1135000,0.0,0.0
2000-10-19 00:00:00-04:00,9.821415100681167,10.61346470557481,9.603601459335415,10.356048583984375,11413800,0.0,0.0
2000-10-20 00:00:00-04:00,10.356050367262757,10.356050367262757,9.979826740153785,10.197640419006348,3327600,0.0,0.0
2000-10-23 00:00:00-04:00,10.276842337388258,10.276842337388258,9.960022535079563,10.039227485656738,1746400,0.0,0.0
2000-10-24 00:00:00-04:00,10.078833408072093,10.950088162404453,10.01942967482216,10.653069496154785,3255800,0.0,0.0
2000-10-25 00:00:00-04:00,10.890683984667007,10.890683984667007,10.43525538167184,10.554062843322754,2111200,0.0,0.0
2000-10-26 00:00:00-04:00,10.613465984372326,11.049093319551787,10.573863499356012,10.851080894470215,2851000,0.0,0.0
2000-10-27 00:00:00-04:00,10.89068621712944,11.346114913482127,10.613468749784328,11.20750617980957,2697600,0.0,0.0
2000-10-30 00:00:00-05:00,11.227308856390918,11.841147612207706,11.187706356015642,11.464923858642578,2914400,0.0,0.0
2000-10-31 00:00:00-05:00,11.464917403739571,12.217364487231977,11.464917403739571,11.801538467407227,2484400,0.0,0.0
2000-11-01 00:00:00-05:00,11.781737410503885,11.860942367885423,11.385712623596191,11.385712623596191,1344200,0.0,0.0
2000-11-02 00:00:00-05:00,11.44511555234932,11.880742787905866,11.405513076389633,11.544121742248535,1984600,0.0,0.0
2000-11-03 00:00:00-05:00,11.58372503338438,11.959948581477207,11.365911400278009,11.76193618774414,989200,0.0,0.0
2000-11-06 00:00:00-05:00,11.841140984675176,11.841140984675176,11.563923637207864,11.60352611541748,729000,0.0,0.0
2000-11-07 00:00:00-05:00,11.60352611541748,11.860942223779984,11.484718680788632,11.60352611541748,1019600,0.0,0.0
2000-11-08 00:00:00-05:00,11.563926709643102,11.940150352593818,11.326311777253174,11.742137908935547,1353800,0.0,0.0
2000-11-09 00:00:00-05:00,11.702535073237435,11.742137560794923,11.049094028538898,11.44511890411377,1279400,0.0,0.0
2000-11-10 00:00:00-05:00,11.464921099858879,11.563927326973376,11.207504909361184,11.266908645629883,666000,0.0,0.0
2000-11-13 00:00:00-05:00,11.187703554218041,11.583728458792132,11.088697328074518,11.108498573303223,970000,0.0,0.0
2000-11-14 00:00:00-05:00,11.148097009975041,11.365910628287164,10.752072249407544,11.346109390258789,1186600,0.0,0.0
2000-11-15 00:00:00-05:00,11.42531990415216,11.62333238082724,11.128301189139538,11.20750617980957,1090000,0.0,0.0
2000-11-16 00:00:00-05:00,11.365910891828866,11.365910891828866,10.712470021741144,10.910482406616211,1221000,0.0,0.0
2000-11-17 00:00:00-05:00,10.910486643262905,11.266909074440278,10.851082904733342,11.009492874145508,1164400,0.0,0.0
2000-11-20 00:00:00-05:00,10.930284447432882,10.950085687373884,10.732272048022866,10.752073287963867,541800,0.0,0.0
2000-11-21 00:00:00-05:00,10.752076043802148,10.93028724894804,10.554063593640047,10.77187728881836,755000,0.0,0.0
2000-11-22 00:00:00-05:00,10.791677065017227,10.930285761265155,10.692670853411565,10.870882034301758,768400,0.0,0.0
2000-11-24 00:00:00-05:00,10.930280889783587,11.227299392223358,10.930280889783587,11.088690757751465,957200,0.0,0.0
2000-11-27 00:00:00-05:00,11.128299818531929,11.148101063760633,10.910486121016179,11.108498573303223,1396000,0.0,0.0
2000-11-28 00:00:00-05:00,11.108494660184052,11.36591075747887,11.04909094542371,11.1282958984375,824400,0.0,0.0
2000-11-29 00:00:00-05:00,11.207504298589,11.623330429808734,11.207504298589,11.563926696777344,2015000,0.0,0.0
2000-11-30 00:00:00-05:00,11.623327495740808,11.959948564612347,11.365911384250808,11.385712623596191,2326800,0.0,0.0
2000-12-01 00:00:00-05:00,11.445119757230591,12.276772057929007,11.405517266721143,11.643132209777832,2483600,0.0,0.0
2000-12-04 00:00:00-05:00,11.563923809306656,12.395575864085561,11.563923809306656,12.13815975189209,1502400,0.0,0.0
2000-12-05 00:00:00-05:00,12.127819591965496,12.167582934889973,11.92900287734311,12.147701263427734,1282800,0.0775,0.0
2000-12-06 00:00:00-05:00,12.06818042843547,12.565222455965761,11.909126979625777,12.008535385131836,723800,0.0,0.0
2000-12-07 00:00:00-05:00,12.088063251233379,12.227235032086396,11.769956323569344,11.869364738464355,1195200,0.0,0.0
2000-12-08 00:00:00-05:00,11.948883280478235,12.12781830464513,11.630776570848198,12.028409957885742,993600,0.0,0.0
2000-12-11 00:00:00-05:00,12.068176287073754,12.068176287073754,11.710306150060035,11.889241218566895,611200,0.0,0.0
2000-12-12 00:00:00-05:00,12.008532293911637,12.44592916554418,11.968768941945044,12.107940673828125,1075000,0.0,0.0
2000-12-13 00:00:00-05:00,12.266994495781102,12.962853178686027,12.207349465817822,12.664628028869629,3543800,0.0,0.0
2000-12-14 00:00:00-05:00,12.724270924600855,13.121904390994633,12.66462590464179,12.764034271240234,2385800,0.0,0.0
2000-12-15 00:00:00-05:00,12.724271897832741,12.803798597194197,12.525455149429105,12.585100173950195,2177400,0.0,0.0
2000-12-18 00:00:00-05:00,12.585104260077843,12.942974523397593,12.565222578782302,12.92309284210205,1827200,0.0,0.0
2000-12-19 00:00:00-05:00,12.88332408811988,13.22131252870327,12.823679069193398,13.042377471923828,1369400,0.0,0.0
2000-12-20 00:00:00-05:00,13.002622087370565,13.022503772519448,12.68451512498841,12.98274040222168,1334400,0.0,0.0
2000-12-21 00:00:00-05:00,12.942972835741546,13.261079694991722,12.942972835741546,13.22131633758545,1353800,0.0,0.0
2000-12-22 00:00:00-05:00,13.082142733831475,13.718356362224496,13.02249770616963,13.618947982788086,1220000,0.0,0.0
2000-12-26 00:00:00-05:00,13.440011525325637,13.85752667626031,13.300839808347414,13.817763328552246,1076000,0.0,0.0
2000-12-27 00:00:00-05:00,13.658710024512185,14.115988526060628,13.380366588787046,14.03646183013916,1195000,0.0,0.0
2000-12-28 00:00:00-05:00,13.996701856988155,14.275045359825988,13.320724778667705,14.056346893310547,1396400,0.0,0.0
2000-12-29 00:00:00-05:00,14.076230137784716,14.49374543848172,14.076230137784716,14.11599349975586,1265800,0.0,0.0
2001-01-02 00:00:00-05:00,13.877415766390731,14.275049455972127,13.638835552641893,13.698480606079102,1530800,0.0,0.0
2001-01-03 00:00:00-05:00,13.718358208151425,14.294926886465035,13.380369672588273,14.195518493652344,1971400,0.0,0.0
2001-01-04 00:00:00-05:00,14.275046705871246,14.77208872209239,14.275046705871246,14.434100151062012,1555000,0.0,0.0
2001-01-05 00:00:00-05:00,14.45397365833151,14.45397365833151,13.95693192317568,14.414210319519043,2014800,0.0,0.0
2001-01-08 00:00:00-05:00,14.394332274962007,14.732320739981832,14.03646213552925,14.155752182006836,2462200,0.0,0.0
2001-01-09 00:00:00-05:00,13.937050061664364,13.99669506906093,13.63882502468153,13.837641716003418,2033000,0.0,0.0
2001-01-10 00:00:00-05:00,13.599069783615963,13.917176679139144,13.440016335854374,13.897294998168945,1883400,0.0,0.0
2001-01-11 00:00:00-05:00,13.917168591025941,14.155748624014958,13.440008525047908,13.73823356628418,2045600,0.0,0.0
2001-01-12 00:00:00-05:00,13.678586369067167,13.678586369067167,13.181544713214436,13.479769706726074,1661200,0.0,0.0
2001-01-16 00:00:00-05:00,13.479782076809334,13.877415766390731,13.280965232018637,13.698480606079102,1226200,0.0,0.0
2001-01-17 00:00:00-05:00,13.67859919587074,13.857534359770211,13.360492237827234,13.599072456359863,1613200,0.0,0.0
2001-01-18 00:00:00-05:00,13.519541122008285,13.539422800128884,13.32072434080228,13.459896087646484,946800,0.0,0.0
2001-01-19 00:00:00-05:00,13.121910361769778,13.141792044136096,12.624868302611832,12.803803443908691,1871400,0.0,0.0
2001-01-22 00:00:00-05:00,12.724263191223145,12.883316481113434,12.525446578860283,12.724263191223145,2038000,0.0,0.0
2001-01-23 00:00:00-05:00,12.724269057765152,13.440009192264442,12.664624046556877,13.121902465820312,2072200,0.0,0.0
2001-01-24 00:00:00-05:00,13.102024639440206,13.320723078034806,12.883326200845605,12.942971229553223,2171600,0.0,0.0
2001-01-25 00:00:00-05:00,12.565215694543088,13.181547477028587,12.565215694543088,13.121902465820312,2312800,0.0,0.0
2001-01-26 00:00:00-05:00,13.201430861695655,13.241194207664618,12.70438903708362,12.863442420959473,1293200,0.0,0.0
2001-01-29 00:00:00-05:00,12.91513822299082,13.595887932855588,12.886508556625097,13.500454902648926,2055800,0.0,0.0
2001-01-30 00:00:00-05:00,13.78357354308734,14.416605639711795,13.503639111335978,14.254371643066406,3460200,0.0,0.0
2001-01-31 00:00:00-05:00,14.06349849056563,14.219371324951478,14.025326022065771,14.101672172546387,1473200,0.0,0.0
2001-02-01 00:00:00-05:00,14.08576612675707,14.391149520874023,14.08576612675707,14.391149520874023,2111400,0.0,0.0
2001-02-02 00:00:00-05:00,14.314808513713446,14.435689458715139,14.187565285976785,14.34025764465332,1223600,0.0,0.0
2001-02-05 00:00:00-05:00,14.330708016274016,14.674263868882193,14.330708016274016,14.486580848693848,1404400,0.0,0.0
2001-02-06 00:00:00-05:00,14.48976679416092,14.531121024490938,14.267091756167178,14.473861694335938,1458200,0.0,0.0
2001-02-07 00:00:00-05:00,14.473863658243474,14.547028098150882,14.283000007483412,14.432509422302246,1286600,0.0,0.0
2001-02-08 00:00:00-05:00,14.400702684426797,14.626558341999527,14.155760171791467,14.457962036132812,1473800,0.0,0.0
2001-02-09 00:00:00-05:00,14.251185456137453,14.387971487378865,14.092132044320113,14.228918075561523,1642000,0.0,0.0
2001-02-12 00:00:00-05:00,14.330706688961644,14.346611781372768,14.079402103031262,14.244817733764648,1056600,0.0,0.0
2001-02-13 00:00:00-05:00,14.24482969235396,14.457961992726874,14.152579593532815,14.314813613891602,2006400,0.0,0.0
2001-02-14 00:00:00-05:00,14.324354727117196,14.391158104931545,14.04442150129967,14.206655502319336,1055000,0.0,0.0
2001-02-15 00:00:00-05:00,14.15575020937228,14.776058607310624,14.108033712038202,14.47067642211914,3139000,0.0,0.0
2001-02-16 00:00:00-05:00,14.470687578055324,14.63292160979714,14.171666229400639,14.292547225952148,1045600,0.0,0.0
2001-02-20 00:00:00-05:00,14.012602069489192,14.43250288165214,14.012602069489192,14.343433380126953,1733400,0.0,0.0
2001-02-21 00:00:00-05:00,14.362528182460279,14.362528182460279,13.983980164203903,14.003067016601562,1495600,0.0,0.0
2001-02-22 00:00:00-05:00,14.044416525872574,14.11758094852913,13.646783002642673,13.751757621765137,2292400,0.0,0.0
2001-02-23 00:00:00-05:00,13.789921136348047,13.789921136348047,13.28413157503912,13.440004348754883,2848600,0.0,0.0
2001-02-26 00:00:00-05:00,13.50045093276874,13.856731390216282,13.50045093276874,13.840825080871582,2189400,0.0,0.0
2001-02-27 00:00:00-05:00,13.948986256476866,13.948986256476866,13.599069172518103,13.856736183166504,1652200,0.0,0.0
2001-02-28 00:00:00-05:00,13.901267547609098,14.187562942504883,13.869456139188799,14.187562942504883,2629600,0.0,0.0
2001-03-01 00:00:00-05:00,14.187563293070829,14.273452277706175,13.879000511397017,13.968070030212402,2080200,0.0,0.0
2001-03-02 00:00:00-05:00,14.03487371244918,14.216194517677286,13.901269419536394,14.015788078308105,1432800,0.0,0.0
2001-03-05 00:00:00-05:00,14.2904175729484,14.676817398199786,14.252097241217873,14.469247817993164,2493200,0.085,0.0
2001-03-06 00:00:00-05:00,15.088766145973116,15.127086480808583,14.909935886438472,15.091958999633789,3046600,0.0,0.0
2001-03-07 00:00:00-05:00,15.111126755172226,15.800899191687417,15.101546971584334,15.7721586227417,3982400,0.0,0.0
2001-03-08 00:00:00-05:00,15.72744905206134,15.829637456061809,15.641227357776845,15.695515632629395,2169200,0.0,0.0
2001-03-09 00:00:00-05:00,15.647608379914503,15.791311149488774,15.299528879470781,15.61567497253418,2356800,0.0,0.0
2001-03-12 00:00:00-05:00,15.48793542337361,15.631638160628768,15.04086051150893,15.069601058959961,1295600,0.0,0.0
2001-03-13 00:00:00-05:00,15.08876851480214,15.08876851480214,14.42134992224553,14.753462791442871,2191000,0.0,0.0
2001-03-14 00:00:00-05:00,14.689592142816888,14.833294918285084,14.373446036786858,14.48202133178711,1038400,0.0,0.0
2001-03-15 00:00:00-05:00,14.753455736318015,14.753455736318015,14.050909993030283,14.274447441101074,1178200,0.0,0.0
2001-03-16 00:00:00-05:00,14.066878078678231,14.497986317762315,14.066878078678231,14.252095222473145,2227800,0.0,0.0
2001-03-19 00:00:00-05:00,14.354285035028482,14.88119353450449,14.338318332289452,14.727910995483398,1911200,0.0,0.0
2001-03-20 00:00:00-05:00,14.370255260978006,15.012126126635106,14.16268441993567,14.561858177185059,3459400,0.0,0.0
2001-03-21 00:00:00-05:00,14.529921083661444,14.529921083661444,13.734766624621729,14.242515563964844,1865600,0.0,0.0
2001-03-22 00:00:00-05:00,13.891237436691421,14.11477483448124,13.603832036935824,13.92636489868164,2660600,0.0,0.0
2001-03-23 00:00:00-05:00,13.974273569559756,14.306386409221824,13.629388096204195,14.111589431762695,1635800,0.0,0.0
2001-03-26 00:00:00-05:00,14.258478142891201,14.414953475295654,14.082840825444148,14.17544937133789,1470400,0.0,0.0
2001-03-27 00:00:00-05:00,14.194614101445476,14.386216950836333,14.015783882014455,14.351089477539062,1893600,0.0,0.0
2001-03-28 00:00:00-05:00,14.35748447597402,14.402191751428958,14.105206315127564,14.370258331298828,1767000,0.0,0.0
2001-03-29 00:00:00-05:00,14.322348734555144,14.40218345708484,14.10200533891841,14.130745887756348,1642200,0.0,0.0
2001-03-30 00:00:00-05:00,14.146715475137233,14.27445154452063,14.050914032190404,14.258484840393066,1120600,0.0,0.0
2001-04-02 00:00:00-04:00,14.51076201723512,14.689592274777741,14.299998350715567,14.430927276611328,2001800,0.0,0.0
2001-04-03 00:00:00-04:00,14.450084777875135,14.453277630776599,14.066877866096352,14.130745887756348,2086200,0.0,0.0
2001-04-04 00:00:00-04:00,14.13075202971889,14.513959108059474,14.13075202971889,14.379836082458496,1807600,0.0,0.0
2001-04-05 00:00:00-04:00,14.561855010322484,14.922708349489634,14.440507091599777,14.887580871582031,1530800,0.0,0.0
2001-04-06 00:00:00-04:00,14.88758217827458,14.88758217827458,14.210583914881166,14.689592361450195,1517000,0.0,0.0
2001-04-09 00:00:00-04:00,14.689595094905691,15.264405094113487,14.689595094905691,14.826910972595215,1551600,0.0,0.0
2001-04-10 00:00:00-04:00,15.008933938836783,15.360206373536885,14.884391915955506,15.277178764343262,1333200,0.0,0.0
2001-04-11 00:00:00-04:00,15.296329636339713,15.296329636339713,14.664037714337322,14.705552101135254,2278400,0.0,0.0
2001-04-12 00:00:00-04:00,14.737484715045014,15.005729330431594,14.616135641418035,14.976988792419434,1799400,0.0,0.0
2001-04-16 00:00:00-04:00,14.992967982801021,15.31549987313878,14.817331756649498,15.111123085021973,1232600,0.0,0.0
2001-04-17 00:00:00-04:00,15.072804327209566,15.16860580444336,14.759852185215507,15.16860580444336,1299800,0.0,0.0
2001-04-18 00:00:00-04:00,15.197348307380837,15.839219383061636,14.929103406010796,15.692323684692383,1712400,0.0,0.0
2001-04-19 00:00:00-04:00,15.567770931934238,15.570963784843627,15.17817709520426,15.258011817932129,1372000,0.0,0.0
2001-04-20 00:00:00-04:00,15.280371437241245,15.360206191287817,14.689594744569279,14.753462791442871,2276200,0.0,0.0
2001-04-23 00:00:00-04:00,15.008927989146809,15.024894690179874,14.545886350100721,14.7566499710083,1525400,0.0,0.0
2001-04-24 00:00:00-04:00,14.801360898895842,15.312303986177335,14.779007268259061,15.162214279174805,1714400,0.0,0.0
2001-04-25 00:00:00-04:00,15.168608710119615,15.47198112795843,14.810949224782522,15.302730560302734,1705000,0.0,0.0
2001-04-26 00:00:00-04:00,15.328267000159439,15.657185673053206,15.264398977355865,15.647605895996094,1855600,0.0,0.0
2001-04-27 00:00:00-04:00,15.650800243677145,15.657187168385605,15.328268464078608,15.487937927246094,1258800,0.0,0.0
2001-04-30 00:00:00-04:00,15.561384962040231,15.561384962040231,15.095150445087008,15.114311218261719,1275800,0.0,0.0
2001-05-01 00:00:00-04:00,15.19414262497993,15.487933773692157,15.139854388607713,15.318684577941895,1471200,0.0,0.0
2001-05-02 00:00:00-04:00,15.321886977135627,15.567778183862549,15.200537800970523,15.404915809631348,1087000,0.0,0.0
2001-05-03 00:00:00-04:00,15.328271349038157,15.328271349038157,15.008932362599863,15.219696044921875,2007400,0.0,0.0
2001-05-04 00:00:00-04:00,15.15263325643104,15.644415526449032,15.05683181610866,15.61567497253418,1477800,0.0,0.0
2001-05-07 00:00:00-04:00,15.615671756969459,15.775341197354908,15.040860797036915,15.095149040222168,1629200,0.0,0.0
2001-05-08 00:00:00-04:00,15.104734324164838,15.414493541271893,15.088767617940903,15.328271865844727,3120200,0.0,0.0
2001-05-09 00:00:00-04:00,15.280360020837154,15.455997323061181,15.197332474660964,15.382548332214355,1645800,0.0,0.0
2001-05-10 00:00:00-04:00,15.40810471619064,15.963755038846887,15.39852493727325,15.954174041748047,3679400,0.0,0.0
2001-05-11 00:00:00-04:00,15.928621044813854,15.931813897086835,15.577347603919408,15.76575756072998,2052400,0.0,0.0
2001-05-14 00:00:00-04:00,15.765763762907822,15.874339055616435,15.615675283414616,15.871146202087402,1107400,0.0,0.0
2001-05-15 00:00:00-04:00,15.871151971055033,16.030821505536107,15.574166539465686,15.874344825744629,2041800,0.0,0.0
2001-05-16 00:00:00-04:00,15.887111774006707,16.602431513499464,15.871145071136436,16.5992374420166,4032800,0.0,0.0
2001-05-17 00:00:00-04:00,16.605621196605544,17.244298934936523,16.541753179136222,17.244298934936523,5343000,0.0,0.0
2001-05-18 00:00:00-04:00,16.845131797534886,16.924966545390504,16.455537838181378,16.627981185913086,4151000,0.0,0.0
2001-05-21 00:00:00-04:00,16.509820368138232,16.599234864874624,16.334184227471248,16.5417537689209,2988400,0.0,0.0
2001-05-22 00:00:00-04:00,16.516216960070377,16.5577301617523,16.222424384530886,16.404447555541992,1602000,0.0,0.0
2001-05-23 00:00:00-04:00,16.222429092258487,16.283104312324635,16.06595358596438,16.18410873413086,1297400,0.0,0.0
2001-05-24 00:00:00-04:00,15.903079610103463,15.995688198804045,15.775344759857784,15.871146202087402,2473800,0.0,0.0
2001-05-25 00:00:00-04:00,15.871149677302597,16.06275260371603,15.711480165897504,15.883923530578613,1039000,0.0,0.0
2001-05-29 00:00:00-04:00,15.91904304010728,16.123420951193374,15.816854693654824,15.979718208312988,1057600,0.0,0.0
2001-05-30 00:00:00-04:00,15.935011485119627,15.950978186371005,15.570964118409611,15.778534889221191,1395200,0.0,0.0
2001-05-31 00:00:00-04:00,16.03081069346403,16.206446819298044,15.973329602364744,16.059551239013672,3031400,0.0,0.0
2001-06-01 00:00:00-04:00,16.030816946278886,16.030816946278886,15.653996854618821,15.813666343688965,2232800,0.0,0.0
2001-06-04 00:00:00-04:00,15.871142425416588,16.209640855291468,15.871142425416588,16.139387130737305,1521400,0.0,0.0
2001-06-05 00:00:00-04:00,16.16502803730713,16.341257035387,15.809365188617106,16.299602508544922,1522600,0.085,0.0
2001-06-06 00:00:00-04:00,16.293188266768073,16.597584368019156,16.238718015937263,16.437376022338867,2057400,0.0,0.0
2001-06-07 00:00:00-04:00,16.437376537533428,16.741772648325156,16.437376537533428,16.55272674560547,1534400,0.0,0.0
2001-06-08 00:00:00-04:00,16.38932217894705,16.405342776805142,16.203479821372046,16.245134353637695,1318600,0.0,0.0
2001-06-11 00:00:00-04:00,16.341252263022955,16.341252263022955,16.062490066660416,16.229106903076172,1477000,0.0,0.0
2001-06-12 00:00:00-04:00,16.16502484578304,16.181045438392182,15.963161956487829,16.01763343811035,1624200,0.0,0.0
2001-06-13 00:00:00-04:00,16.004807723948037,16.328427917956976,16.004807723948037,16.219486236572266,1717400,0.0,0.0
2001-06-14 00:00:00-04:00,16.020837272422842,16.020837272422842,15.713237490142614,15.844608306884766,1692800,0.0,0.0
2001-06-15 00:00:00-04:00,16.161823814282705,16.203478342747236,15.915102718443823,15.966370582580566,1915800,0.0,0.0
2001-06-18 00:00:00-04:00,15.828591253445953,16.132986251852365,15.77411975894724,15.966370582580566,730000,0.0,0.0
2001-06-19 00:00:00-04:00,15.956751312377174,16.116959661341387,15.956751312377174,16.030447006225586,1170000,0.0,0.0
2001-06-20 00:00:00-04:00,16.0849198320083,16.41174503803206,15.972773244934563,16.05287742614746,1709000,0.0,0.0
2001-06-21 00:00:00-04:00,15.924710050212582,15.927913679366723,15.485739518533348,15.540209770202637,1726200,0.0,0.0
2001-06-22 00:00:00-04:00,15.50816724807462,15.514574505828696,15.059583423148895,15.190954208374023,1601000,0.0,0.0
2001-06-25 00:00:00-04:00,15.155713113353196,15.203776118204255,14.803255152088722,14.90578842163086,1296200,0.0,0.0
2001-06-26 00:00:00-04:00,14.611002527103762,14.835294484527562,14.508469270388797,14.707128524780273,4444400,0.0,0.0
2001-06-27 00:00:00-04:00,14.732760061313291,14.969868962626043,14.675084956191075,14.889764785766602,2427000,0.0,0.0
2001-06-28 00:00:00-04:00,14.925012378588198,15.014728674911083,14.825682748878672,14.918603897094727,1499800,0.0,0.0
2001-06-29 00:00:00-04:00,14.822471971616093,15.091621975283333,14.787227170930606,15.05958080291748,1754400,0.0,0.0
2001-07-02 00:00:00-04:00,15.021149631306383,15.203787227523865,14.803265968749757,15.123682975769043,1200000,0.0,0.0
2001-07-03 00:00:00-04:00,15.027545596888695,15.027545596888695,14.514878079445717,14.867337226867676,1375800,0.0,0.0
2001-07-05 00:00:00-04:00,14.88335191032054,15.117255891009917,14.819268343296457,15.05958080291748,822000,0.0,0.0
2001-07-06 00:00:00-04:00,15.027540660790281,15.027540660790281,14.726348241816051,14.764799118041992,1185600,0.0,0.0
2001-07-09 00:00:00-04:00,14.700727182760165,15.085227693317838,14.700727182760165,14.9858980178833,989200,0.0,0.0
2001-07-10 00:00:00-04:00,14.995502919474559,15.347962060549545,14.857723625954138,14.99870777130127,1364600,0.0,0.0
2001-07-11 00:00:00-04:00,14.998710044855391,15.26786019133432,14.729559898376465,14.729559898376465,1522400,0.0,0.0
2001-07-12 00:00:00-04:00,14.793641356502654,14.864133435474924,14.630229345231335,14.7808256149292,2181200,0.0,0.0
2001-07-13 00:00:00-04:00,14.418748090005181,14.521281311972935,14.21688527450323,14.434768676757812,3640800,0.0,0.0
2001-07-16 00:00:00-04:00,14.659063982908249,14.659063982908249,14.264951589715022,14.361076354980469,1222400,0.0,0.0
2001-07-17 00:00:00-04:00,14.370681925911613,14.546912008052038,14.357866192722252,14.463603019714355,1225800,0.0,0.0
2001-07-18 00:00:00-04:00,14.25853602692957,14.57895256686057,14.114348339502198,14.277761459350586,2080400,0.0,0.0
2001-07-19 00:00:00-04:00,14.290586011472518,14.784028080845227,14.290586011472518,14.774415969848633,2684400,0.0,0.0
2001-07-20 00:00:00-04:00,14.77441918811123,14.851318537420417,14.338652134382103,14.514881134033203,2678600,0.0,0.0
2001-07-23 00:00:00-04:00,14.306602760444331,14.514872832813397,14.210476795343693,14.434768676757812,2946600,0.0,0.0
2001-07-24 00:00:00-04:00,14.274569281843391,14.277774134571413,13.970173054220066,14.095136642456055,2632600,0.0,0.0
2001-07-25 00:00:00-04:00,14.00221397760591,14.441184637981975,13.902884332608428,14.409143447875977,1506800,0.0,0.0
2001-07-26 00:00:00-04:00,14.338650270168221,14.482838059243031,14.16562492327845,14.444388389587402,1238400,0.0,0.0
2001-07-27 00:00:00-04:00,14.428362635210487,14.691104213678512,14.370687535323102,14.421954154968262,1020000,0.0,0.0
2001-07-30 00:00:00-04:00,14.421952583744368,14.508465224150179,14.136781966643266,14.322624206542969,713200,0.0,0.0
2001-07-31 00:00:00-04:00,14.316216888189352,14.70712561603505,14.316216888189352,14.527691841125488,984600,0.0,0.0
2001-08-01 00:00:00-04:00,14.466815641339482,14.771210552648121,14.377098127064574,14.546919822692871,865800,0.0,0.0
2001-08-02 00:00:00-04:00,14.611007434475246,14.915403677337906,14.578966239350017,14.784032821655273,813400,0.0,0.0
2001-08-03 00:00:00-04:00,14.768013108392877,15.091633598791587,14.627030130189343,15.024346351623535,1693000,0.0,0.0
2001-08-06 00:00:00-04:00,15.02754413306271,15.171730674202195,14.963460546838082,15.001910209655762,2286400,0.0,0.0
2001-08-07 00:00:00-04:00,15.011516065151627,15.331932640478596,14.995495480843726,15.299891471862793,1822200,0.0,0.0
2001-08-08 00:00:00-04:00,15.101238770173207,15.155709020153154,14.803251154079247,14.899375915527344,2151600,0.0,0.0
2001-08-09 00:00:00-04:00,14.86733564135228,14.947439817820142,14.758393912464278,14.84811019897461,1046800,0.0,0.0
2001-08-10 00:00:00-04:00,14.883356044483197,15.203772746313652,14.739168284200948,15.091626167297363,798200,0.0,0.0
2001-08-13 00:00:00-04:00,14.989097091921147,15.110855814743811,14.803255988732607,15.053180694580078,632600,0.0,0.0
2001-08-14 00:00:00-04:00,15.053175741186926,15.1396883929647,14.90898798822397,15.037155151367188,719200,0.0,0.0
2001-08-15 00:00:00-04:00,15.01152173470354,15.206976115038964,14.966663592782497,15.033950805664062,640000,0.0,0.0
2001-08-16 00:00:00-04:00,14.739172610721072,14.867339817992399,14.578964212778452,14.819276809692383,1479800,0.0,0.0
2001-08-17 00:00:00-04:00,14.771212280882922,14.931420662334117,14.681495978403998,14.7808256149292,803000,0.0,0.0
2001-08-20 00:00:00-04:00,14.771210303873175,14.78723211770826,14.67508553232659,14.739169120788574,1126400,0.0,0.0
2001-08-21 00:00:00-04:00,14.73917697473921,15.056390234395971,14.73917697473921,14.908997535705566,1071400,0.0,0.0
2001-08-22 00:00:00-04:00,14.899386682053233,15.059595141000042,14.77442427964169,15.049983024597168,1526000,0.0,0.0
2001-08-23 00:00:00-04:00,15.011526169507814,15.155713969917146,14.915401376665946,15.053180694580078,997400,0.0,0.0
2001-08-24 00:00:00-04:00,15.008321487965397,15.338350368442361,14.99550452387292,15.200571060180664,1419600,0.0,0.0
2001-08-27 00:00:00-04:00,15.203768201709442,15.347955918892104,15.117255571399845,15.216585159301758,996600,0.0,0.0
2001-08-28 00:00:00-04:00,15.203770363203935,15.219790951325773,14.86733312347524,14.947437286376953,839800,0.0,0.0
2001-08-29 00:00:00-04:00,14.947432256266845,15.123661110887577,14.899369285782958,15.027536392211914,1234400,0.0,0.0
2001-08-30 00:00:00-04:00,14.81926929583981,15.046764812220351,14.81926929583981,14.921802520751953,1186000,0.0,0.0
2001-08-31 00:00:00-04:00,14.899380429784367,15.142896647386964,14.867339240357955,15.08201789855957,653200,0.0,0.0
2001-09-04 00:00:00-04:00,15.181346439824162,15.700421249082416,15.117262843328504,15.537009239196777,1560400,0.0,0.0
2001-09-05 00:00:00-04:00,15.514490641938615,15.723494633451445,15.446966728345522,15.620600700378418,1386000,0.085,0.0
2001-09-06 00:00:00-04:00,15.498421580170364,15.961444514575836,15.498421580170364,15.781380653381348,1866400,0.0,0.0
2001-09-07 00:00:00-04:00,15.546646884050144,15.659187983628064,15.411599036467784,15.46626091003418,1544000,0.0,0.0
2001-09-10 00:00:00-04:00,15.273337543257949,15.614174570007226,15.273337543257949,15.30549144744873,1636200,0.0,0.0
2001-09-17 00:00:00-04:00,15.112567232934328,15.112567232934328,13.890700340270996,13.890700340270996,1710000,0.0,0.0
2001-09-18 00:00:00-04:00,13.96787486445703,14.032183927943432,13.633469942195799,13.810318946838379,1565800,0.0,0.0
2001-09-19 00:00:00-04:00,13.762085123829566,13.816748250273813,12.861762027241317,13.112565994262695,1890400,0.0,0.0
2001-09-20 00:00:00-04:00,13.02252761154705,13.225100606728155,12.556288723345979,12.604520797729492,1617400,0.0,0.0
2001-09-21 00:00:00-04:00,11.977513401041994,12.122208439124853,11.736355413101553,11.993590354919434,2670200,0.0,0.0
2001-09-24 00:00:00-04:00,12.379442953276868,12.85532788584805,12.360149873334676,12.697772026062012,2625600,0.0,0.0
2001-09-25 00:00:00-04:00,12.57237419655274,13.073983449175396,12.446972190045436,13.05469036102295,2068800,0.0,0.0
2001-09-26 00:00:00-04:00,13.057902577510331,13.057902577510331,12.733142437156799,12.787805557250977,1178000,0.0,0.0
2001-09-27 00:00:00-04:00,12.79102321267387,13.295847324202978,12.771731352738575,13.270124435424805,1361200,0.0,0.0
2001-09-28 00:00:00-04:00,13.09006288177261,13.51771721714249,13.09006288177261,13.504855155944824,2311800,0.0,0.0
2001-10-01 00:00:00-04:00,13.488778192744576,13.553087272139237,13.086847979770027,13.504855155944824,2148800,0.0,0.0
2001-10-02 00:00:00-04:00,13.50485008883189,13.50485008883189,13.215459953433923,13.344078063964844,1581600,0.0,0.0
2001-10-03 00:00:00-04:00,13.347297972757588,13.630257186137896,13.167234022364937,13.504855155944824,1529400,0.0,0.0
2001-10-04 00:00:00-04:00,13.504850134371482,13.746008172485258,13.311924194517745,13.52414321899414,1161800,0.0,0.0
2001-10-05 00:00:00-04:00,13.520926859991125,13.79424003446103,13.39552487857491,13.63025188446045,899000,0.0,0.0
2001-10-08 00:00:00-04:00,13.440539259189755,13.456616214235389,13.170442244006725,13.17365837097168,806400,0.0,0.0
2001-10-09 00:00:00-04:00,13.102921545327186,13.713855801268124,13.086844586295761,13.549867630004883,1166800,0.0,0.0
2001-10-10 00:00:00-04:00,13.601318932640694,14.180098226809582,13.54344088056443,14.003249168395996,2004000,0.0,0.0
2001-10-11 00:00:00-04:00,14.164014062335525,15.096492225894384,14.164014062335525,14.974305152893066,2366200,0.0,0.0
2001-10-12 00:00:00-04:00,14.791024611312665,15.080414713910356,14.63025260466796,14.967873573303223,1995800,0.0,0.0
2001-10-15 00:00:00-04:00,14.826392084706354,14.951794031945232,14.739575068942628,14.810315132141113,1015600,0.0,0.0
2001-10-16 00:00:00-04:00,14.79102594933008,15.109355090984053,14.63025392814171,14.893919944763184,1050600,0.0,0.0
2001-10-17 00:00:00-04:00,15.03218453707095,15.273342577772622,14.405173385927954,14.421250343322754,1462600,0.0,0.0
2001-10-18 00:00:00-04:00,14.437323242254084,14.646326065063477,14.12220910502205,14.646326065063477,2205000,0.0,0.0
2001-10-19 00:00:00-04:00,14.6463359392858,14.758877128910711,14.260482709959934,14.44376277923584,2709600,0.0,0.0
2001-10-22 00:00:00-04:00,14.437323431565352,15.53378822055432,14.437323431565352,15.49520206451416,3090800,0.0,0.0
2001-10-23 00:00:00-04:00,15.482352479163017,15.582030388150182,15.048267108014503,15.51129150390625,2110800,0.0,0.0
2001-10-24 00:00:00-04:00,15.360157808900576,15.430897885010447,15.048259720517688,15.27977180480957,2849200,0.0,0.0
2001-10-25 00:00:00-04:00,15.282994208001321,15.511291503906252,15.167238109028386,15.51129150390625,1630000,0.0,0.0
2001-10-26 00:00:00-04:00,15.385888010727244,16.025761447350416,15.385888010727244,15.993607521057129,1324200,0.0,0.0
2001-10-29 00:00:00-05:00,15.803897720178314,15.900360733636006,15.450198368708426,15.678494453430176,1744200,0.0,0.0
2001-10-30 00:00:00-05:00,15.498424350309687,15.514501308419446,15.144725138928614,15.2379732131958,1991000,0.0,0.0
2001-10-31 00:00:00-05:00,15.23153931582176,15.311925317823384,15.01610541922207,15.170446395874023,1690800,0.0,0.0
2001-11-01 00:00:00-05:00,15.19295398337692,15.594883982937157,14.935719028976973,15.591669082641602,1747000,0.0,0.0
2001-11-02 00:00:00-05:00,15.56274072748517,16.157597043421347,15.430907646443398,15.971100807189941,1434600,0.0,0.0
2001-11-05 00:00:00-05:00,16.028972632993725,16.122220714855636,15.53057953143922,15.64633560180664,1670800,0.0,0.0
2001-11-06 00:00:00-05:00,15.646337940274236,15.819972071776348,15.353732819377075,15.771739959716797,2385200,0.0,0.0
2001-11-07 00:00:00-05:00,15.723498525600897,15.819961458410962,15.482340580279367,15.75565242767334,1170400,0.0,0.0
2001-11-08 00:00:00-05:00,15.852127376292298,16.106147565625545,15.80711138863196,15.897143363952637,1500400,0.0,0.0
2001-11-09 00:00:00-05:00,15.916437016072903,16.086855040098644,15.723510997424656,16.03540802001953,561200,0.0,0.0
2001-11-12 00:00:00-05:00,15.762084560668221,15.807100517369035,15.562727655310544,15.768515586853027,939400,0.0,0.0
2001-11-13 00:00:00-05:00,15.948582636781905,16.395529847505422,15.948582636781905,16.363374710083008,1082800,0.0,0.0
2001-11-14 00:00:00-05:00,16.639897409788198,16.720283387613264,16.565942457380263,16.636682510375977,1706600,0.0,0.0
2001-11-15 00:00:00-05:00,16.55952126101961,16.778171348612975,16.55952126101961,16.63347625732422,2097600,0.0,0.0
2001-11-16 00:00:00-05:00,16.655978266865528,16.713856282602872,16.51128322752217,16.65276336669922,996000,0.0,0.0
2001-11-19 00:00:00-05:00,16.729936431802336,16.96144853896726,16.723505403648513,16.83283042907715,1108600,0.0,0.0
2001-11-20 00:00:00-05:00,16.752449148283144,16.95502229926331,16.639909190290577,16.81354331970215,1088400,0.0,0.0
2001-11-21 00:00:00-05:00,16.620606644531918,16.688131807504373,16.479127745461383,16.582021713256836,952000,0.0,0.0
2001-11-23 00:00:00-05:00,16.533796860991345,16.877850172873035,16.52736705846052,16.8553409576416,259800,0.0,0.0
2001-11-26 00:00:00-05:00,16.80068290233612,16.852129920533116,16.620617725349803,16.72029685974121,1067800,0.0,0.0
2001-11-27 00:00:00-05:00,16.720289704380257,16.983955713129568,16.672057608826517,16.845691680908203,1069800,0.0,0.0
2001-11-28 00:00:00-05:00,16.829615528296834,17.00646450945084,16.752444417044128,16.83283042907715,1410200,0.0,0.0
2001-11-29 00:00:00-05:00,16.73636817932129,16.877848351600175,16.582027176775167,16.73636817932129,1330600,0.0,0.0
2001-11-30 00:00:00-05:00,16.778169452094186,17.099713517904203,16.752445338064614,17.016111373901367,2203800,0.0,0.0
2001-12-03 00:00:00-05:00,17.01610703796517,17.019323164695987,16.73636411543888,16.755657196044922,1095800,0.0,0.0
2001-12-04 00:00:00-05:00,16.76851910320203,16.88105900593777,16.72028701540503,16.858551025390625,1052200,0.0,0.0
2001-12-05 00:00:00-05:00,16.903717534872612,17.519864423653885,16.903717534872612,17.513412475585938,1777000,0.085,0.0
2001-12-06 00:00:00-05:00,17.419853179706713,17.51017795055576,17.226299747720834,17.423078536987305,1171200,0.0,0.0
2001-12-07 00:00:00-05:00,17.226307729023468,17.41340930255346,17.16178947827464,17.32953643798828,1719400,0.0,0.0
2001-12-10 00:00:00-05:00,17.32954382292722,17.40373941220248,16.968241956999265,16.98114585876465,1580600,0.0,0.0
2001-12-11 00:00:00-05:00,16.968233656934455,17.27469440574519,16.855327648175173,17.1359806060791,1059800,0.0,0.0
2001-12-12 00:00:00-05:00,17.097268293927723,17.097268293927723,16.806936830665535,16.97468376159668,1143200,0.0,0.0
2001-12-13 00:00:00-05:00,17.00049196686223,17.02629852501708,16.645642255214078,16.726289749145508,1618000,0.0,0.0
2001-12-14 00:00:00-05:00,16.726294607376634,16.90049354020537,16.67790683531318,16.78113555908203,1033200,0.0,0.0
2001-12-17 00:00:00-05:00,16.806940660020977,17.145661187863226,16.806940660020977,17.11017608642578,1616000,0.0,0.0
2001-12-18 00:00:00-05:00,17.129532314372376,17.59406280517578,17.129532314372376,17.59406280517578,1639400,0.0,0.0
2001-12-19 00:00:00-05:00,17.339211649593846,17.51663589477539,17.145658151320003,17.51663589477539,1464600,0.0,0.0
2001-12-20 00:00:00-05:00,17.516636985772337,17.82632309453206,17.516636985772337,17.71019172668457,2367800,0.0,0.0
2001-12-21 00:00:00-05:00,17.839231335178525,17.839231335178525,17.442445680949938,17.461801528930664,1865600,0.0,0.0
2001-12-24 00:00:00-05:00,17.597290238694924,17.855362080348126,17.597290238694924,17.82955551147461,932600,0.0,0.0
2001-12-26 00:00:00-05:00,17.774705723236902,17.984389682621746,17.768255007160658,17.81664276123047,1057800,0.0,0.0
2001-12-27 00:00:00-05:00,17.8166529608488,17.90375244473648,17.6360020427206,17.68116569519043,640200,0.0,0.0
2001-12-28 00:00:00-05:00,17.68116433221543,17.742456009967036,17.452124419388678,17.694067001342773,983200,0.0,0.0
2001-12-31 00:00:00-05:00,17.66180223145636,18.039231935037698,17.66180223145636,17.823097229003906,1123600,0.0,0.0
2002-01-02 00:00:00-05:00,17.98440506090582,17.98440506090582,17.516648988092808,17.69729995727539,1800400,0.0,0.0
2002-01-03 00:00:00-05:00,17.516640363209056,17.99407351391477,17.516640363209056,17.658580780029297,1810000,0.0,0.0
2002-01-04 00:00:00-05:00,17.661804350059803,17.94568392435925,17.516638588737166,17.916650772094727,2148200,0.0,0.0
2002-01-07 00:00:00-05:00,17.87148343152796,17.94890432914212,17.72631771027269,17.881160736083984,916200,0.0,0.0
2002-01-08 00:00:00-05:00,17.742449790919753,17.823097289969386,17.419859794721212,17.661802291870117,1099000,0.0,0.0
2002-01-09 00:00:00-05:00,17.64568232830251,17.742459131996636,17.258573882942184,17.448902130126953,1690200,0.0,0.0
2002-01-10 00:00:00-05:00,17.419859530055145,17.42308488851153,16.94565184906148,17.129528045654297,1320600,0.0,0.0
2002-01-11 00:00:00-05:00,17.000494310806914,17.065012560964135,16.83597271137683,16.932750701904297,1246600,0.0,0.0
2002-01-14 00:00:00-05:00,16.855323440556813,16.855323440556813,16.245628684289265,16.31982421875,2430000,0.0,0.0
2002-01-15 00:00:00-05:00,16.1295016365481,16.361766853901052,16.097243125508328,16.34563636779785,3053000,0.0,0.0
2002-01-16 00:00:00-05:00,16.129499868620368,16.43596061224079,15.81336181886539,15.881105422973633,2564600,0.0,0.0
2002-01-17 00:00:00-05:00,15.871430662726535,15.99724058498925,15.468193101328927,15.948851585388184,3251400,0.0,0.0
2002-01-18 00:00:00-05:00,15.806906731472655,15.968201698120334,15.758517749245176,15.803681373596191,1500400,0.0,0.0
2002-01-22 00:00:00-05:00,15.84239387512207,15.948847927009036,15.645613793404513,15.84239387512207,1312800,0.0,0.0
2002-01-23 00:00:00-05:00,16.129496447415654,16.710158073406035,16.106915250835907,16.697254180908203,3063400,0.0,0.0
2002-01-24 00:00:00-05:00,16.903718225462075,17.513413191084055,16.774681719997993,17.497283935546875,2748200,0.0,0.0
2002-01-25 00:00:00-05:00,17.32308642762186,18.126334986017454,17.297278632202147,18.02633285522461,4096600,0.0,0.0
2002-01-28 00:00:00-05:00,17.952135967068987,18.136012188849747,17.91987622517032,18.036008834838867,3097600,0.0,0.0
2002-01-29 00:00:00-05:00,18.03600708954118,18.113429232022714,17.681158577076896,17.71019172668457,1821200,0.0,0.0
2002-01-30 00:00:00-05:00,17.713413559987412,18.303753740994235,17.581151733782278,18.248912811279297,2199600,0.0,0.0
2002-01-31 00:00:00-05:00,18.287630014216766,18.72635269165039,18.2424676028192,18.72635269165039,2964200,0.0,0.0
2002-02-01 00:00:00-05:00,18.629570048969384,18.777961134106096,18.30698009141147,18.46827507019043,2945400,0.0,0.0
2002-02-04 00:00:00-05:00,18.258589244772534,18.51666216898452,18.24245999465501,18.306978225708008,1575400,0.0,0.0
2002-02-05 00:00:00-05:00,18.306985601095448,18.48440988503344,17.919877289404944,17.936006546020508,1489400,0.0,0.0
2002-02-06 00:00:00-05:00,18.14567897906883,18.384396008427597,17.961802863860875,18.113420486450195,2252200,0.0,0.0
2002-02-07 00:00:00-05:00,18.12311223421876,18.174726601900424,17.98439839033985,18.013431549072266,1176000,0.0,0.0
2002-02-08 00:00:00-05:00,17.903743300556396,18.226333269935793,17.77470682057141,18.155363082885742,2046200,0.0,0.0
2002-02-11 00:00:00-05:00,18.30697953787256,18.761831315052774,18.30697953787256,18.75860595703125,1775400,0.0,0.0
2002-02-12 00:00:00-05:00,18.64570215574944,18.69409114902563,18.35537188784194,18.548925399780273,1890000,0.0,0.0
2002-02-13 00:00:00-05:00,18.54570004116736,18.613443647287458,18.47150325665501,18.548925399780273,2287000,0.0,0.0
2002-02-14 00:00:00-05:00,18.67795831566144,18.74247532022244,18.274720884240278,18.484403610229492,1834800,0.0,0.0
2002-02-15 00:00:00-05:00,18.484407184241906,18.74247894413376,18.452148675724132,18.545700073242188,1387600,0.0,0.0
2002-02-19 00:00:00-05:00,18.258588047843652,18.4521427283143,17.7424446944209,17.97148323059082,2534600,0.0,0.0
2002-02-20 00:00:00-05:00,18.14569172106291,18.46828179610403,18.09085199898599,18.38763427734375,1583800,0.0,0.0
2002-02-21 00:00:00-05:00,18.323113837938852,18.706996769174616,18.274726070785185,18.452150344848633,3007600,0.0,0.0
2002-02-22 00:00:00-05:00,18.436020574443855,18.629574098821674,18.436020574443855,18.56505584716797,1727600,0.0,0.0
2002-02-25 00:00:00-05:00,18.629576536325306,19.00055560893573,18.48441075875673,18.871519088745117,3215000,0.0,0.0
2002-02-26 00:00:00-05:00,18.77473528028397,18.936030254804308,18.548922069838895,18.581180572509766,2200200,0.0,0.0
2002-02-27 00:00:00-05:00,18.58117908801408,18.700538245642992,18.529564749514485,18.632793426513672,2225000,0.0,0.0
2002-02-28 00:00:00-05:00,18.632801521615846,18.868293350825027,18.41021482086688,18.67796516418457,2122400,0.0,0.0
2002-03-01 00:00:00-05:00,18.58118098074158,18.98441842590162,18.51666397398239,18.790864944458008,2577400,0.0,0.0
2002-03-04 00:00:00-05:00,18.86829199842989,19.552182539296254,18.806999103200113,19.545730590820312,2320200,0.0,0.0
2002-03-05 00:00:00-05:00,19.383930818467796,19.39040182908427,18.769081115722656,18.769081115722656,2195200,0.095,0.0
2002-03-06 00:00:00-05:00,18.769073631705837,19.25771621240599,18.736713653708648,19.176815032958984,2307000,0.0,0.0
2002-03-07 00:00:00-05:00,19.257718683501743,19.35156435997125,19.027959600659177,19.335384368896484,1945400,0.0,0.0
2002-03-08 00:00:00-05:00,19.416285550102927,19.57808792968712,19.416285550102927,19.516603469848633,2129800,0.0,0.0
2002-03-11 00:00:00-05:00,19.481013341267325,19.775493722385526,19.383932127555042,19.597511291503906,1787200,0.0,0.0
2002-03-12 00:00:00-05:00,19.416292459868302,19.58456714265505,19.39687572300477,19.503665924072266,1375000,0.0,0.0
2002-03-13 00:00:00-05:00,19.503656438880263,19.503656438880263,19.027957109934345,19.160634994506836,1688000,0.0,0.0
2002-03-14 00:00:00-05:00,19.09268183470606,19.361274392037426,19.09268183470606,19.27066421508789,1264600,0.0,0.0
2002-03-15 00:00:00-05:00,19.270662784768295,19.545727565355325,19.254482794017097,19.409812927246094,2407200,0.0,0.0
2002-03-18 00:00:00-05:00,19.416284609325764,19.646043680933793,19.374215647025068,19.432464599609375,1232400,0.0,0.0
2002-03-19 00:00:00-05:00,19.429225652373177,19.64927693770762,19.367739971955256,19.536014556884766,1241600,0.0,0.0
2002-03-20 00:00:00-05:00,19.481006574785336,19.723710141993323,19.416285376639035,19.464826583862305,1110200,0.0,0.0
2002-03-21 00:00:00-05:00,19.432475396934308,19.455127642808524,18.81115453674748,18.979429244995117,1579400,0.0,0.0
2002-03-22 00:00:00-05:00,19.011783227512186,19.125044421043256,18.801439600149433,18.89204978942871,1917800,0.0,0.0
2002-03-25 00:00:00-05:00,18.92117835992949,18.92117835992949,18.445478775432314,18.552268981933594,1646200,0.0,0.0
2002-03-26 00:00:00-05:00,18.55873326638072,18.856450299915924,18.55873326638072,18.82732582092285,1279400,0.0,0.0
2002-03-27 00:00:00-05:00,18.80143620094599,19.254483362070506,18.80143620094599,19.205942153930664,1562800,0.0,0.0
2002-03-28 00:00:00-05:00,19.33538632198814,19.474536481304398,19.264192872722802,19.351566314697266,2073400,0.0,0.0
2002-04-01 00:00:00-05:00,19.37745466105191,19.37745466105191,18.879103001293853,18.966476440429688,1610400,0.0,0.0
2002-04-02 00:00:00-05:00,18.882344579817083,19.16064497892872,18.83380458765287,19.089452743530273,1658200,0.0,0.0
2002-04-03 00:00:00-05:00,19.099154427097023,19.13475115071418,18.578150529327992,18.607275009155273,1856600,0.0,0.0
2002-04-04 00:00:00-05:00,18.31602417252844,18.591088887871496,18.28366419870167,18.32249641418457,1686600,0.0,0.0
2002-04-05 00:00:00-05:00,18.403406305839113,18.68170665668888,18.403406305839113,18.455183029174805,1624800,0.0,0.0
2002-04-08 00:00:00-04:00,18.235131806646137,18.60727785757952,18.154230598569708,18.506959915161133,921000,0.0,0.0
2002-04-09 00:00:00-04:00,18.72054086047953,19.027965727708363,18.607279652031607,18.882343292236328,1535800,0.0,0.0
2002-04-10 00:00:00-04:00,18.882341687450968,19.283612227264385,18.872633937396078,19.170351028442383,1312000,0.0,0.0
2002-04-11 00:00:00-04:00,19.228601945107823,19.545735823196598,19.1735897064209,19.1735897064209,2020000,0.0,0.0
2002-04-12 00:00:00-04:00,19.351566912284582,19.351566912284582,18.96324090300223,19.147695541381836,1138200,0.0,0.0
2002-04-15 00:00:00-04:00,19.14769432801133,19.150931067120588,18.849978521581907,18.966476440429688,894200,0.0,0.0
2002-04-16 00:00:00-04:00,19.125041694755865,19.332149787546236,19.121806190168098,19.23506736755371,1088600,0.0,0.0
2002-04-17 00:00:00-04:00,19.235067693804503,19.40981457140987,19.215652197040086,19.3256778717041,1014000,0.0,0.0
2002-04-18 00:00:00-04:00,19.290084850817514,19.40981829684485,19.021492239117418,19.09268569946289,1159600,0.0,0.0
2002-04-19 00:00:00-04:00,19.238300387720752,19.280369345955055,19.02472132704092,19.07649803161621,1389000,0.0,0.0
2002-04-22 00:00:00-04:00,19.076499824189256,19.089444310162946,18.487539291381836,18.487539291381836,1552800,0.0,0.0
2002-04-23 00:00:00-04:00,18.4875394540171,18.510191687443264,17.927703392498525,17.982715606689453,2530000,0.0,0.0
2002-04-24 00:00:00-04:00,18.20276634283528,18.61050776575499,18.20276634283528,18.36456871032715,3415200,0.0,0.0
2002-04-25 00:00:00-04:00,18.364571227485943,18.490776893915452,18.257781057766035,18.35809898376465,2714600,0.0,0.0
2002-04-26 00:00:00-04:00,18.390460372861376,18.68817618007517,18.390460372861376,18.409875869750977,2119400,0.0,0.0
2002-04-29 00:00:00-04:00,18.426062090929857,18.439006582868345,18.144526180768597,18.154233932495117,1854400,0.0,0.0
2002-04-30 00:00:00-04:00,18.31602472918449,18.591089452887246,18.189819099189048,18.477827072143555,1772400,0.0,0.0
2002-05-01 00:00:00-04:00,18.497251349035132,18.671998247038676,18.28690772353593,18.642873764038086,1968800,0.0,0.0
2002-05-02 00:00:00-04:00,18.67199022780831,19.35155956002202,18.646101260946814,19.238298416137695,1343600,0.0,0.0
2002-05-03 00:00:00-04:00,19.027960975395548,19.254484570170767,19.027960975395548,19.180055618286133,1208600,0.0,0.0
2002-05-06 00:00:00-04:00,19.18006319130137,19.18329869724591,18.898527264845534,18.947067260742188,1024600,0.0,0.0
2002-05-07 00:00:00-04:00,19.01177406311035,19.2188808511363,18.972941848968944,19.01177406311035,1265800,0.0,0.0
2002-05-08 00:00:00-04:00,19.22212746595716,19.367748652425224,19.12504502903917,19.280376434326172,1385600,0.0,0.0
2002-05-09 00:00:00-04:00,19.20594394258034,19.49718874963462,19.20594394258034,19.35480308532715,1001800,0.0,0.0
2002-05-10 00:00:00-04:00,19.354809003141547,19.354809003141547,18.995607376098633,18.995607376098633,1491600,0.0,0.0
2002-05-13 00:00:00-04:00,19.011779879451673,19.157402270100018,18.801436289131377,19.044139862060547,1046200,0.0,0.0
2002-05-14 00:00:00-04:00,19.044146178412007,19.448652267456055,19.044146178412007,19.448652267456055,1169000,0.0,0.0
2002-05-15 00:00:00-04:00,19.383928389009817,19.464829590575878,19.241541484202752,19.416288375854492,1734400,0.0,0.0
2002-05-16 00:00:00-04:00,19.416285599679103,19.44541007745679,19.15740203857422,19.15740203857422,1165000,0.0,0.0
2002-05-17 00:00:00-04:00,19.157408714236364,19.215657690089394,18.94382954759347,19.057090759277344,1379400,0.0,0.0
2002-05-20 00:00:00-04:00,19.082972877889883,19.08944512115169,18.86615704920893,18.908226013183594,541000,0.0,0.0
2002-05-21 00:00:00-04:00,18.898516298121297,19.08944313387892,18.707589462363675,18.710824966430664,802600,0.0,0.0
2002-05-22 00:00:00-04:00,18.62345193071414,18.849975488192676,18.54255074836138,18.817615509033203,1223600,0.0,0.0
2002-05-23 00:00:00-04:00,18.840271379164534,19.008546019084562,18.778785678653684,18.960004806518555,989000,0.0,0.0
2002-05-24 00:00:00-04:00,18.849975488192676,19.040902327923348,18.66875639531903,18.817615509033203,973800,0.0,0.0
2002-05-28 00:00:00-04:00,18.60727655361675,18.727009987531925,18.47783413598375,18.500486373901367,1360000,0.0,0.0
2002-05-29 00:00:00-04:00,18.477835803124158,18.494017032629,18.218952178955078,18.218952178955078,1947600,0.0,0.0
2002-05-30 00:00:00-04:00,18.235122802042437,18.306316225019426,17.798256987938224,17.91475486755371,2640800,0.0,0.0
2002-05-31 00:00:00-04:00,17.960067629814148,18.251312463538852,17.749724001629147,18.121870040893555,1843200,0.0,0.0
2002-06-03 00:00:00-04:00,17.96006517722992,18.115395322520104,17.571739196777344,17.571739196777344,1913800,0.0,0.0
2002-06-04 00:00:00-04:00,17.604103513954566,17.620283508810154,17.228721954814354,17.345218658447266,2432200,0.0,0.0
2002-06-05 00:00:00-04:00,17.455632097285747,17.734922409057617,17.439394547755068,17.734922409057617,2785000,0.095,0.0
2002-06-06 00:00:00-04:00,17.699199127125514,17.73492247954235,17.387433715053227,17.403671264648438,1694200,0.0,0.0
2002-06-07 00:00:00-04:00,17.40043558213281,17.611526342032608,17.225066959067924,17.585546493530273,2922800,0.0,0.0
2002-06-10 00:00:00-04:00,17.6667262946189,18.101899369370674,17.60177484905901,17.926530838012695,1333000,0.0,0.0
2002-06-11 00:00:00-04:00,17.95901266127621,18.160361102891272,17.559562794058447,17.588790893554688,1436600,0.0,0.0
2002-06-12 00:00:00-04:00,17.6180216138698,17.71869646907663,17.50435745383502,17.585546493530273,1785800,0.0,0.0
2002-06-13 00:00:00-04:00,17.601766719100187,17.65047935163623,17.29649543762207,17.29649543762207,1592600,0.0,0.0
2002-06-14 00:00:00-04:00,17.212063284532995,17.47186776558704,16.724929417989607,17.150360107421875,2221800,0.0,0.0
2002-06-17 00:00:00-04:00,17.082171006231086,18.033706514087548,17.082171006231086,18.007726669311523,2880000,0.0,0.0
2002-06-18 00:00:00-04:00,17.975240020722953,18.183084854133828,17.812862057613096,18.160350799560547,1811400,0.0,0.0
2002-06-19 00:00:00-04:00,18.08891058025651,18.30000125016471,17.942770123337972,17.97199821472168,1138600,0.0,0.0
2002-06-20 00:00:00-04:00,17.780389243258913,18.082412392526038,17.780389243258913,17.920034408569336,1718600,0.0,0.0
2002-06-21 00:00:00-04:00,17.82910877348066,17.975248014190196,17.54007482998348,17.708948135375977,1670000,0.0,0.0
2002-06-24 00:00:00-04:00,17.504352523098593,17.845346145996132,17.406924711831227,17.754413604736328,1574000,0.0,0.0
2002-06-25 00:00:00-04:00,17.926530838012695,18.218810484763544,17.890807481012462,17.926530838012695,1660200,0.0,0.0
2002-06-26 00:00:00-04:00,17.812860773290485,17.816109026071985,17.173092487180465,17.54006576538086,3043600,0.0,0.0
2002-06-27 00:00:00-04:00,17.621256255639928,18.147361755371094,17.608266959933854,18.147361755371094,1993200,0.0,0.0
2002-06-28 00:00:00-04:00,17.991481708238364,18.689706318853396,17.991481708238364,18.5013484954834,1714000,0.0,0.0
2002-07-01 00:00:00-04:00,18.364957592608974,18.442899603336873,18.023963928222656,18.023963928222656,2450800,0.0,0.0
2002-07-02 00:00:00-04:00,18.023952696752026,18.023952696752026,17.130873959525573,17.31598472595215,2840200,0.0,0.0
2002-07-03 00:00:00-04:00,17.244543353861776,17.445892968742797,16.744420048151543,17.04969024658203,2105400,0.0,0.0
2002-07-05 00:00:00-04:00,17.147111021088016,17.825850891700757,17.114635927101833,17.783632278442383,979000,0.0,0.0
2002-07-08 00:00:00-04:00,17.666720265583578,17.988227891174752,17.48810354153808,17.50758934020996,1557600,0.0,0.0
2002-07-09 00:00:00-04:00,17.332222100081708,17.54006567863341,16.971742851536217,17.033447265625,1518200,0.0,0.0
2002-07-10 00:00:00-04:00,17.056179164597193,17.09839777636483,16.445637756220883,16.49759864807129,2512200,0.0,0.0
2002-07-11 00:00:00-04:00,16.432645988836885,16.595023918524387,15.932522906921804,16.23779296875,2950400,0.0,0.0
2002-07-12 00:00:00-04:00,16.46512724127828,17.09190633639131,16.31898681309339,16.903547286987305,2948200,0.0,0.0
2002-07-15 00:00:00-04:00,16.724937983921595,16.72818499960288,15.653243176410408,16.48137092590332,2561400,0.0,0.0
2002-07-16 00:00:00-04:00,16.335233072495846,16.426165631207052,15.883822250528981,15.929287910461426,2751800,0.0,0.0
2002-07-17 00:00:00-04:00,16.15661139694588,16.611270303654557,16.15661139694588,16.465129852294922,2826400,0.0,0.0
2002-07-18 00:00:00-04:00,16.465128213380506,16.724932746133828,16.088411331176758,16.088411331176758,1625000,0.0,0.0
2002-07-19 00:00:00-04:00,16.08840686802986,16.130624241184147,15.572044960433571,15.611015319824219,2093200,0.0,0.0
2002-07-22 00:00:00-04:00,15.442147753096465,15.54931782913649,14.467879740423555,14.838101387023926,3063800,0.0,0.0
2002-07-23 00:00:00-04:00,14.808876951396185,15.360962542581838,14.646498909214884,14.812125205993652,2055400,0.0,0.0
2002-07-24 00:00:00-04:00,14.776391291142634,16.367695464188408,14.711439872863066,16.331972122192383,4284200,0.0,0.0
2002-07-25 00:00:00-04:00,16.28650646748667,17.423151949078296,16.075414668224408,17.367942810058594,4736200,0.0,0.0
2002-07-26 00:00:00-04:00,17.341964235938974,17.358201781934323,16.56254963970866,16.744413375854492,3248600,0.0,0.0
2002-07-29 00:00:00-04:00,17.017218394240068,17.63425417779374,16.903553027563227,17.47187614440918,3446200,0.0,0.0
2002-07-30 00:00:00-04:00,17.471877406904767,17.471877406904767,16.854841578764873,17.11789321899414,2730200,0.0,0.0
2002-07-31 00:00:00-04:00,17.049702242086525,17.24130846921813,16.62102411339323,16.984750747680664,4012000,0.0,0.0
2002-08-01 00:00:00-04:00,16.984738005422027,17.293256443258713,16.74441926691254,17.130878448486328,2251000,0.0,0.0
2002-08-02 00:00:00-04:00,17.13088070979828,17.15361353295953,15.977997042500476,16.107898712158203,2511600,0.0,0.0
2002-08-05 00:00:00-04:00,16.172844650688322,16.530076907816987,15.848088729032552,15.913040161132812,1904600,0.0,0.0
2002-08-06 00:00:00-04:00,16.335218934278352,16.91977921389867,16.318981389619918,16.601518630981445,2246600,0.0,0.0
2002-08-07 00:00:00-04:00,16.741170561682395,17.212066981589366,16.562555020019957,17.192581176757812,1679600,0.0,0.0
2002-08-08 00:00:00-04:00,17.58553571207542,17.91029167175293,17.455632832666147,17.91029167175293,2864200,0.0,0.0
2002-08-09 00:00:00-04:00,17.910291464112014,18.186333531099365,17.673218526111718,18.03045082092285,2750800,0.0,0.0
2002-08-12 00:00:00-04:00,17.6180216138698,17.803132525267262,17.475129349990873,17.585546493530273,1543800,0.0,0.0
2002-08-13 00:00:00-04:00,17.56929634659001,18.31623602041873,17.39068082239665,17.689456939697266,2874800,0.0,0.0
2002-08-14 00:00:00-04:00,17.829098935188537,18.19607220053869,17.062674833192307,18.163597106933594,2739200,0.0,0.0
2002-08-15 00:00:00-04:00,18.23503767322002,18.381176784191343,17.458870312827802,17.84857749938965,2240800,0.0,0.0
2002-08-16 00:00:00-04:00,17.84858016252982,17.874561223638175,17.377683960124934,17.767391204833984,1918800,0.0,0.0
2002-08-19 00:00:00-04:00,17.731674738265873,18.218808673260494,17.669971552484327,18.20906639099121,1665000,0.0,0.0
2002-08-20 00:00:00-04:00,18.127878708016198,18.127878708016198,17.728429001200038,17.80961799621582,1537000,0.0,0.0
2002-08-21 00:00:00-04:00,18.02395132094208,18.270765244389143,17.73167053371298,18.0174560546875,1287800,0.0,0.0
2002-08-22 00:00:00-04:00,17.971994853735612,18.459128793133385,17.971994853735612,18.41691017150879,1684200,0.0,0.0
2002-08-23 00:00:00-04:00,18.28376044382099,18.355207152012706,18.04344172528724,18.1895809173584,1277800,0.0,0.0
2002-08-26 00:00:00-04:00,18.173349927037588,18.608523123493566,18.056437540102234,18.605276107788086,1256000,0.0,0.0
2002-08-27 00:00:00-04:00,18.852090763395235,19.030706364999652,18.705950275229377,18.92678451538086,4040200,0.0,0.0
2002-08-28 00:00:00-04:00,18.878059159482447,18.98198093926754,18.26751777411102,18.338964462280273,2337400,0.0,0.0
2002-08-29 00:00:00-04:00,18.283763072336246,18.488359705033094,17.929778972712874,18.186336517333984,1713600,0.0,0.0
2002-08-30 00:00:00-04:00,18.199327508077317,18.62151008282742,18.088910412633822,18.19607925415039,1599400,0.0,0.0
2002-09-03 00:00:00-04:00,17.653738477533242,18.199328722138603,17.47836991915738,17.484865188598633,1699200,0.0,0.0
2002-09-04 00:00:00-04:00,17.52396387544771,18.08778104533046,17.45226416536152,18.038894653320312,1735200,0.095,0.0
2002-09-05 00:00:00-04:00,17.729285115293866,17.787948288856153,17.27627477651118,17.282793045043945,1832800,0.0,0.0
2002-09-06 00:00:00-04:00,17.576121307671524,17.898767746564257,17.354504994202372,17.765146255493164,1788000,0.0,0.0
2002-09-09 00:00:00-04:00,17.690176010718858,17.92157019894473,17.458783065725626,17.745580673217773,1080000,0.0,0.0
2002-09-10 00:00:00-04:00,17.72928703401489,18.34850769285046,17.72928703401489,18.289844512939453,1501800,0.0,0.0
2002-09-11 00:00:00-04:00,18.804781788212185,18.804781788212185,18.413694228517414,18.59946060180664,1587800,0.0,0.0
2002-09-12 00:00:00-04:00,18.381102516572053,18.47887408717694,18.120376670648387,18.172521591186523,2150400,0.0,0.0
2002-09-13 00:00:00-04:00,18.17252695403829,18.30940818786621,17.680409198933948,18.30940818786621,2169400,0.0,0.0
2002-09-16 00:00:00-04:00,18.152970273331302,18.198596929054144,17.853136010643436,17.999794006347656,1194000,0.0,0.0
2002-09-17 00:00:00-04:00,18.283328218297722,18.33221462124753,17.74884251536883,17.814023971557617,2621600,0.0,0.0
2002-09-18 00:00:00-04:00,17.651071138866875,17.957422369982513,17.338201637740323,17.82706069946289,1785000,0.0,0.0
2002-09-19 00:00:00-04:00,17.63151650240406,17.836837658453987,17.32516526827261,17.347978591918945,1474200,0.0,0.0
2002-09-20 00:00:00-04:00,17.52071972729222,17.647824211098538,17.20133174647973,17.390357971191406,3202000,0.0,0.0
2002-09-23 00:00:00-04:00,17.39360393632803,17.533743624362753,16.829786671012137,16.947113037109375,2531800,0.0,0.0
2002-09-24 00:00:00-04:00,16.653803419637843,16.670099721383885,16.246420740652248,16.295307159423828,2729200,0.0,0.0
2002-09-25 00:00:00-04:00,16.490850348043605,16.500628377737883,16.16494420485513,16.295307159423828,4071000,0.0,0.0
2002-09-26 00:00:00-04:00,16.415887083625016,16.911264419555664,16.376778706461064,16.911264419555664,3124800,0.0,0.0
2002-09-27 00:00:00-04:00,17.338201207578464,17.400122906296538,16.800455755731985,16.836305618286133,3345200,0.0,0.0
2002-09-30 00:00:00-04:00,16.510408304241125,16.686397953409585,16.197538645652862,16.657066345214844,2956400,0.0,0.0
2002-10-01 00:00:00-04:00,16.6570573177963,17.27301951282703,16.58861735017796,17.20783805847168,5059200,0.0,0.0
2002-10-02 00:00:00-04:00,16.784160177506028,16.901486544654386,16.37677764892578,16.37677764892578,2579800,0.0,0.0
2002-10-03 00:00:00-04:00,16.4582599821587,16.917787587376772,16.4582599821587,16.627731323242188,2190200,0.0,0.0
2002-10-04 00:00:00-04:00,16.686388611260387,16.947113180779663,16.327891240342666,16.46803092956543,2072000,0.0,0.0
2002-10-07 00:00:00-04:00,16.523439743055075,16.826532519630092,16.347450148288974,16.386558532714844,1838600,0.0,0.0
2002-10-08 00:00:00-04:00,16.523441537181466,17.263248623745667,16.36048846727481,17.077482223510742,1754200,0.0,0.0
2002-10-09 00:00:00-04:00,16.88193345222053,16.930819857913903,16.151904582988074,16.164939880371094,1751600,0.0,0.0
2002-10-10 00:00:00-04:00,16.168199542792237,17.158954245630547,16.028059840070828,17.13288116455078,2317400,0.0,0.0
2002-10-11 00:00:00-04:00,17.27302093164674,17.990014501984327,17.08073630928211,17.76839828491211,1839400,0.0,0.0
2002-10-14 00:00:00-04:00,17.771664396022597,17.817291064355196,17.2567332549688,17.517457962036133,1197200,0.0,0.0
2002-10-15 00:00:00-04:00,17.761881439236546,18.54731504581108,17.761881439236546,18.47235679626465,2303400,0.0,0.0
2002-10-16 00:00:00-04:00,17.631518523177686,17.908539438570376,17.40012550354004,17.40012550354004,4323800,0.0,0.0
2002-10-17 00:00:00-04:00,17.56633992856374,17.74884655555707,17.54352660018957,17.68040657043457,3031800,0.0,0.0
2002-10-18 00:00:00-04:00,17.680407944262267,17.862915828670236,17.191548738430132,17.80425262451172,1977400,0.0,0.0
2002-10-21 00:00:00-04:00,17.64129246156004,18.120373445217353,17.471821189168775,18.009565353393555,1998600,0.0,0.0
2002-10-22 00:00:00-04:00,17.911791874077988,17.911791874077988,17.484855847586847,17.533740997314453,1389400,0.0,0.0
2002-10-23 00:00:00-04:00,16.947113484283122,17.403382421537724,16.914523378721867,17.20783805847168,2983200,0.0,0.0
2002-10-24 00:00:00-04:00,17.354504024852414,17.354504024852414,16.640769940690117,16.676618576049805,2341400,0.0,0.0
2002-10-25 00:00:00-04:00,16.960149090501304,17.103547287605746,16.50713993467115,17.07095718383789,2405600,0.0,0.0
2002-10-28 00:00:00-05:00,17.207852678442425,17.233925779629676,16.608185026708444,16.780916213989258,3044200,0.0,0.0
2002-10-29 00:00:00-05:00,16.702685249931683,16.91452468210204,16.37677919627448,16.751571655273438,2793400,0.0,0.0
2002-10-30 00:00:00-05:00,16.914529254064753,17.321911931250963,16.689653220588674,17.273025512695312,2976600,0.0,0.0
2002-10-31 00:00:00-05:00,17.20784954439369,17.761890411376953,17.18829596529842,17.761890411376953,3155200,0.0,0.0
2002-11-01 00:00:00-05:00,17.566336611535935,18.234443766121217,17.517450206689215,18.195335388183594,2400600,0.0,0.0
2002-11-04 00:00:00-05:00,18.332215285163002,18.49190979644735,17.94112777709961,17.94112777709961,2168400,0.0,0.0
2002-11-05 00:00:00-05:00,17.778173734180218,18.055194606341793,17.683660686858055,17.75210189819336,1706600,0.0,0.0
2002-11-06 00:00:00-05:00,17.892244921652075,18.20511447113378,17.566338830133702,18.166006088256836,1930000,0.0,0.0
2002-11-07 00:00:00-05:00,18.087787383645015,18.120377494250263,17.468565336281074,17.585891723632812,1918600,0.0,0.0
2002-11-08 00:00:00-05:00,17.71625204453175,18.120374826771723,17.537003976123717,17.696697235107422,2308200,0.0,0.0
2002-11-11 00:00:00-05:00,17.63151942496294,17.797732231346316,16.95037562962335,17.012298583984375,1921000,0.0,0.0
2002-11-12 00:00:00-05:00,17.158953633146005,17.49137670241673,16.865637697633144,17.387086868286133,2981400,0.0,0.0
2002-11-13 00:00:00-05:00,17.370790745613434,17.817281648204983,17.080734584589006,17.582630157470703,2737400,0.0,0.0
2002-11-14 00:00:00-05:00,17.696699035871887,18.25073959361022,17.696699035871887,18.172521591186523,2093600,0.0,0.0
2002-11-15 00:00:00-05:00,18.006305608657385,18.55382776101273,17.973715507563742,18.429983139038086,1982600,0.0,0.0
2002-11-18 00:00:00-05:00,18.452800120321875,18.524499848835568,18.152967152415375,18.23444366455078,1582400,0.0,0.0
2002-11-19 00:00:00-05:00,18.188822863001537,18.462584081499326,18.136677928203547,18.3387393951416,1457400,0.0,0.0
2002-11-20 00:00:00-05:00,18.26702698443669,18.707000732421875,18.022597538855738,18.707000732421875,3559800,0.0,0.0
2002-11-21 00:00:00-05:00,18.71025781440683,19.062236785888672,18.531009816662866,19.062236785888672,2212200,0.0,0.0
2002-11-22 00:00:00-05:00,18.984029136698403,19.075282441151824,18.410434983624985,18.511465072631836,1859200,0.0,0.0
2002-11-25 00:00:00-05:00,18.625526821872228,18.88950986387455,18.469090861059403,18.8341064453125,1511200,0.0,0.0
2002-11-26 00:00:00-05:00,18.707016459376845,18.73308830900983,18.107348999016256,18.280078887939453,3330800,0.0,0.0
2002-11-27 00:00:00-05:00,18.312657904696465,18.89928970608224,18.312657904696465,18.87321662902832,1439000,0.0,0.0
2002-11-29 00:00:00-05:00,18.987287362275094,19.38815292814363,18.987287362275094,19.228458404541016,1298200,0.0,0.0
2002-12-02 00:00:00-05:00,19.26104528142157,19.339263273230664,18.837367704140398,19.065502166748047,2070800,0.0,0.0
2002-12-03 00:00:00-05:00,18.935144685310018,19.19261081319125,18.847151128764786,19.00032615661621,2231800,0.0,0.0
2002-12-04 00:00:00-05:00,18.800869972764417,18.88261288568948,18.562180816698977,18.6144962310791,2928000,0.095,0.0
2002-12-05 00:00:00-05:00,18.630836954100165,18.630836954100165,18.375799569083945,18.460811614990234,1771600,0.0,0.0
2002-12-06 00:00:00-05:00,18.310407793050057,18.872799288686096,18.261361558971085,18.797595977783203,1333200,0.0,0.0
2002-12-09 00:00:00-05:00,18.719127181721518,18.846645927147243,18.477167609076847,18.51640510559082,1559600,0.0,0.0
2002-12-10 00:00:00-05:00,18.67008490278309,18.6929728236318,18.310416506047833,18.637388229370117,1819200,0.0,0.0
2002-12-11 00:00:00-05:00,18.441208480097117,18.70278564881019,18.32676761126755,18.604694366455078,2062400,0.0,0.0
2002-12-12 00:00:00-05:00,18.53929016052456,18.571986821942463,18.254825214836224,18.330028533935547,1084200,0.0,0.0
2002-12-13 00:00:00-05:00,18.333299345089824,18.333299345089824,17.852650645901665,17.878808975219727,2116000,0.0,0.0
2002-12-16 00:00:00-05:00,17.999781910459266,18.833559036254883,17.996512744073026,18.833559036254883,2557000,0.0,0.0
2002-12-17 00:00:00-05:00,18.83684747908908,18.86954416343562,18.522954819087488,18.683170318603516,2171800,0.0,0.0
2002-12-18 00:00:00-05:00,18.686430185101443,18.686430185101443,18.392155202935335,18.650463104248047,2508600,0.0,0.0
2002-12-19 00:00:00-05:00,18.473903809448345,18.735480959060535,18.473903809448345,18.653738021850586,1767000,0.0,0.0
2002-12-20 00:00:00-05:00,18.719117320817094,19.111483348180126,18.689689837582435,18.964345932006836,3210600,0.0,0.0
2002-12-23 00:00:00-05:00,19.095149090832983,19.454817486624435,18.928392813889246,19.127845764160156,1948000,0.0,0.0
2002-12-24 00:00:00-05:00,19.078801755141093,19.101689678626883,18.990520477294922,18.990520477294922,563200,0.0,0.0
2002-12-26 00:00:00-05:00,19.033021422217903,19.28478976851982,18.997054337417918,19.042831420898438,758600,0.0,0.0
2002-12-27 00:00:00-05:00,18.980700966495174,19.085331777807063,18.76163059509142,18.781248092651367,873200,0.0,0.0
2002-12-30 00:00:00-05:00,18.784511866593803,19.029740477783545,18.6406436164256,18.964345932006836,1735600,0.0,0.0
2002-12-31 00:00:00-05:00,18.885882111841543,19.029750437305516,18.80413919866351,18.88915252685547,1562800,0.0,0.0
2003-01-02 00:00:00-05:00,18.964356639075405,19.42211747066191,18.94800830522544,19.389419555664062,2977000,0.0,0.0
2003-01-03 00:00:00-05:00,19.392685715248433,19.392685715248433,19.144186604987542,19.245548248291016,2127400,0.0,0.0
2003-01-06 00:00:00-05:00,19.24555760694687,19.647732714000206,19.24555760694687,19.618305206298828,2104200,0.0,0.0
2003-01-07 00:00:00-05:00,19.618296005410215,19.66407182985521,19.454810205365128,19.487506866455078,2307400,0.0,0.0
2003-01-08 00:00:00-05:00,19.392689197726213,19.45154419507817,19.0787954627498,19.10822296142578,2466800,0.0,0.0
2003-01-09 00:00:00-05:00,19.144198092251646,19.454821542815097,19.144198092251646,19.4221248626709,2437400,0.0,0.0
2003-01-10 00:00:00-05:00,19.425387019721732,19.425387019721732,19.09514617919922,19.09514617919922,2603800,0.0,0.0
2003-01-13 00:00:00-05:00,19.095144507014407,19.235742413707154,18.957815767950354,19.06244659423828,2128600,0.0,0.0
2003-01-14 00:00:00-05:00,19.127845237289073,19.127845237289073,18.80087352383114,19.082069396972656,1463400,0.0,0.0
2003-01-15 00:00:00-05:00,19.085342327706012,19.085342327706012,18.604694662332555,18.686437606811523,1730800,0.0,0.0
2003-01-16 00:00:00-05:00,18.768169816326395,18.983971016425585,18.742011490351885,18.908767700195312,1538200,0.0,0.0
2003-01-17 00:00:00-05:00,18.849923195992016,18.89896821352041,18.604694366455078,18.604694366455078,2051600,0.0,0.0
2003-01-21 00:00:00-05:00,18.686435703017146,18.692974040286785,18.35619354248047,18.35619354248047,1903400,0.0,0.0
2003-01-22 00:00:00-05:00,18.356188896541294,18.522945142570258,18.209051399250416,18.2319393157959,1998000,0.0,0.0
2003-01-23 00:00:00-05:00,18.19597599343658,18.310415591967146,17.999792220858087,18.17308807373047,2283600,0.0,0.0
2003-01-24 00:00:00-05:00,18.179619639471806,18.277712112876753,17.71205017281931,17.715320587158203,1718600,0.0,0.0
2003-01-27 00:00:00-05:00,17.718597766904146,17.718597766904146,16.98618178327844,17.031957626342773,2724600,0.0,0.0
2003-01-28 00:00:00-05:00,17.084269708853245,17.574727212456686,17.084269708853245,17.50606346130371,2877600,0.0,0.0
2003-01-29 00:00:00-05:00,17.5093372263392,17.744757289014796,17.185635887458513,17.574731826782227,2569600,0.0,0.0
2003-01-30 00:00:00-05:00,17.577995996054387,17.777448909393776,17.36546516418457,17.36546516418457,2881000,0.0,0.0
2003-01-31 00:00:00-05:00,17.296795646182115,18.091336619460233,17.24120983359811,17.83302879333496,2704200,0.0,0.0
2003-02-03 00:00:00-05:00,17.754566299879656,18.091348060488514,17.754566299879656,17.875545501708984,1892800,0.0,0.0
2003-02-04 00:00:00-05:00,17.793797590180642,17.793797590180642,17.5224117540866,17.666278839111328,1536000,0.0,0.0
2003-02-05 00:00:00-05:00,17.669550656917643,18.006331102865417,17.51914397691165,17.676090240478516,2043200,0.0,0.0
2003-02-06 00:00:00-05:00,17.640121226174013,17.721864140801976,17.32949790112818,17.404701232910156,1450400,0.0,0.0
2003-02-07 00:00:00-05:00,17.607430183419705,17.6237797705642,17.2739200592041,17.2739200592041,1433800,0.0,0.0
2003-02-10 00:00:00-05:00,17.251031722526523,17.492991404787233,17.13986125996865,17.460294723510742,1597400,0.0,0.0
2003-02-11 00:00:00-05:00,17.46028516906606,17.515869746279336,17.1333135460296,17.244483947753906,1439400,0.0,0.0
2003-02-12 00:00:00-05:00,17.247755202233495,17.378544366193292,17.139853954871977,17.15293312072754,1291400,0.0,0.0
2003-02-13 00:00:00-05:00,17.195444080130333,17.277187016193455,16.960024025133112,17.192174911499023,1302400,0.0,0.0
2003-02-14 00:00:00-05:00,17.192176504019518,17.45048325795943,16.982913520583278,17.38835906982422,1137400,0.0,0.0
2003-02-18 00:00:00-05:00,17.5910766650098,17.83630543240482,17.558379994943003,17.656471252441406,1117400,0.0,0.0
2003-02-19 00:00:00-05:00,17.640133309187213,17.67282999851559,17.36874604802647,17.447219848632812,1106400,0.0,0.0
2003-02-20 00:00:00-05:00,17.476634886796795,17.528950300739755,17.2019786517718,17.362194061279297,1297200,0.0,0.0
2003-02-21 00:00:00-05:00,17.3295049575252,17.463563342210346,17.13332238145371,17.355663299560547,1819400,0.0,0.0
2003-02-24 00:00:00-05:00,17.355643962459407,17.355643962459407,16.927310943603516,16.927310943603516,1461200,0.0,0.0
2003-02-25 00:00:00-05:00,16.74095748684535,16.786733342223563,16.381287735319283,16.70499038696289,2937200,0.0,0.0
2003-02-26 00:00:00-05:00,16.704981920240176,16.950210661730903,16.659206088062902,16.796533584594727,2009000,0.0,0.0
2003-02-27 00:00:00-05:00,16.839047829334195,17.169288801059338,16.812889486430038,17.071197509765625,1258200,0.0,0.0
2003-02-28 00:00:00-05:00,17.13332025284425,17.362199480726026,17.035227729696924,17.28045654296875,2196400,0.0,0.0
2003-03-03 00:00:00-05:00,17.411242619711885,17.56164929885928,17.064652176752304,17.067922592163086,1410400,0.0,0.0
2003-03-04 00:00:00-05:00,17.100623490373852,17.11043349173356,16.83904632125098,16.937137603759766,2351800,0.0,0.0
2003-03-05 00:00:00-05:00,16.99788036353285,17.093097686767578,16.794313286528606,17.093097686767578,1782000,0.1075,0.0
2003-03-06 00:00:00-05:00,16.896092494735168,17.066826579227808,16.830425346469276,16.97817611694336,2516400,0.0,0.0
2003-03-07 00:00:00-05:00,16.97817941716842,17.260547332850855,16.810729346413236,17.221147537231445,1558000,0.0,0.0
2003-03-10 00:00:00-05:00,17.171889456402948,17.303223721890237,16.781171957947656,16.81400489807129,1075600,0.0,0.0
2003-03-11 00:00:00-05:00,16.82057724170797,16.88624439594345,16.607160556063647,16.633426666259766,1431400,0.0,0.0
2003-03-12 00:00:00-05:00,16.643268560740527,16.75818634033203,16.426567929292105,16.75818634033203,1654000,0.0,0.0
2003-03-13 00:00:00-05:00,17.139059958128566,17.84497833251953,17.122643484770013,17.84497833251953,2525800,0.0,0.0
2003-03-14 00:00:00-05:00,17.959890609767935,18.12405779769544,17.815422682794136,18.009140014648438,2014600,0.0,0.0
2003-03-17 00:00:00-05:00,17.96318082559459,18.701933476553027,17.746480098079985,18.5804500579834,3656400,0.0,0.0
2003-03-18 00:00:00-05:00,18.642829089642476,18.83326366591046,18.22584420082827,18.583728790283203,2432600,0.0,0.0
2003-03-19 00:00:00-05:00,18.58373489011061,18.78073637013641,18.458968663840857,18.744619369506836,2038800,0.0,0.0
2003-03-20 00:00:00-05:00,18.74461698089928,18.866100397311698,18.485232420791718,18.856250762939453,2539200,0.0,0.0
2003-03-21 00:00:00-05:00,19.01056189145566,19.38814569261807,18.905494985697743,19.384862899780273,2277800,0.0,0.0
2003-03-24 00:00:00-05:00,19.38486556679988,19.38486556679988,18.61656292992987,18.724912643432617,1773400,0.0,0.0
2003-03-25 00:00:00-05:00,18.99415065413786,19.04011853703407,18.63298319885911,18.856250762939453,2038600,0.0,0.0
2003-03-26 00:00:00-05:00,18.8562569134115,18.981024416975416,18.616572796365787,18.754472732543945,1561800,0.0,0.0
2003-03-27 00:00:00-05:00,18.583728177652436,18.790579218590846,18.495078984032425,18.66252899169922,2143800,0.0,0.0
2003-03-28 00:00:00-05:00,18.662534874139418,18.70193466733342,18.51806813076352,18.66910171508789,2246200,0.0,0.0
2003-03-31 00:00:00-05:00,17.92378719093445,18.777456713129748,17.92378719093445,18.50165557861328,1433400,0.0,0.0
2003-04-01 00:00:00-05:00,18.580444488855562,19.053245592857166,18.350610149168638,18.88579559326172,1766600,0.0,0.0
2003-04-02 00:00:00-05:00,19.17472416883529,19.53589140815574,19.15830645136946,19.453807830810547,1744600,0.0,0.0
2003-04-03 00:00:00-05:00,19.552318015760004,19.552318015760004,19.14189991613239,19.174734115600586,2142200,0.0,0.0
2003-04-04 00:00:00-05:00,19.371736130647683,19.470236233355013,19.099217885577414,19.210851669311523,1867000,0.0,0.0
2003-04-07 00:00:00-04:00,19.535891236564755,19.74274220035667,19.19442325720896,19.2797908782959,2532600,0.0,0.0
2003-04-08 00:00:00-04:00,19.076227749984056,19.105777895481303,18.632976820021714,18.813560485839844,3016200,0.0,0.0
2003-04-09 00:00:00-04:00,18.81029092705861,18.951474915709728,18.45568893161007,18.50165557861328,2040400,0.0,0.0
2003-04-10 00:00:00-04:00,18.71506212415913,18.757745949878142,18.577162267600453,18.649394989013672,1577800,0.0,0.0
2003-04-11 00:00:00-04:00,18.715064180491847,18.925198034048794,18.38672972118497,18.524629592895508,1545000,0.0,0.0
2003-04-14 00:00:00-04:00,18.52462586903305,18.879227614999973,18.212709197390968,18.813560485839844,2856800,0.0,0.0
2003-04-15 00:00:00-04:00,18.81356574313219,18.918632678149944,18.5673148793412,18.89893341064453,2765800,0.0,0.0
2003-04-16 00:00:00-04:00,18.94489236401568,18.96787566845977,18.468807303038133,18.4852237701416,1951800,0.0,0.0
2003-04-17 00:00:00-04:00,18.48522371728348,19.043392364678457,18.478656879961637,18.935041427612305,2803600,0.0,0.0
2003-04-21 00:00:00-04:00,18.994143675740307,19.28636233055624,18.862810673207036,19.040111541748047,1794600,0.0,0.0
2003-04-22 00:00:00-04:00,19.040120325870838,19.1944367063534,18.780735741393855,19.181303024291992,1829400,0.0,0.0
2003-04-23 00:00:00-04:00,19.181297061434957,19.1977147851564,18.73147923688906,19.158313751220703,1759200,0.0,0.0
2003-04-24 00:00:00-04:00,19.15831670194024,19.15831670194024,18.69536512811305,18.89893341064453,2568600,0.0,0.0
2003-04-25 00:00:00-04:00,18.898928290074892,18.898928290074892,18.46552698743039,18.49507713317871,1671200,0.0,0.0
2003-04-28 00:00:00-04:00,18.68223129962366,19.1812985772845,18.61656415703779,19.10249900817871,1319600,0.0,0.0
2003-04-29 00:00:00-04:00,19.1025010711986,19.246967798492282,18.905500874662057,18.977733612060547,2709000,0.0,0.0
2003-04-30 00:00:00-04:00,18.944904148767826,19.286372387914735,18.915353988601325,19.069671630859375,3612200,0.0,0.0
2003-05-01 00:00:00-04:00,19.069657542020074,19.069657542020074,18.58700570005385,18.91205596923828,1480400,0.0,0.0
2003-05-02 00:00:00-04:00,18.94489630840406,19.42098146850407,18.94489630840406,19.37173080444336,1509000,0.0,0.0
2003-05-05 00:00:00-04:00,19.43083180499666,19.434114598221434,19.026980603540572,19.25681495666504,1721200,0.0,0.0
2003-05-06 00:00:00-04:00,19.256814715414514,19.30278133496424,19.053246468127934,19.23383140563965,1653400,0.0,0.0
2003-05-07 00:00:00-04:00,19.151737752532142,19.164870170874558,18.816836661132687,18.905487060546875,1394800,0.0,0.0
2003-05-08 00:00:00-04:00,18.764307196886485,19.043390872467324,18.6001400341928,18.655956268310547,1375600,0.0,0.0
2003-05-09 00:00:00-04:00,18.797144946378907,19.151746709884403,18.728195020973853,19.02041244506836,1044400,0.0,0.0
2003-05-12 00:00:00-04:00,19.020418315310533,19.384869822783603,18.879234375433633,19.315919876098633,1346200,0.0,0.0
2003-05-13 00:00:00-04:00,19.31591779359686,19.34546669399316,19.13205003643013,19.178016662597656,1328800,0.0,0.0
2003-05-14 00:00:00-04:00,19.158320127632866,19.1911543335074,18.879236266432187,19.053253173828125,1200400,0.0,0.0
2003-05-15 00:00:00-04:00,19.02698008760469,19.171446783010143,18.925195965446225,19.10577964782715,1444800,0.0,0.0
2003-05-16 00:00:00-04:00,19.10577544049172,19.20099270291419,18.882507981533728,18.935041427612305,1060400,0.0,0.0
2003-05-19 00:00:00-04:00,18.9350449290056,18.9350449290056,18.541044636807378,18.596860885620117,1276800,0.0,0.0
2003-05-20 00:00:00-04:00,18.59685829883713,18.88250884669638,18.449107583566413,18.659242630004883,1409200,0.0,0.0
2003-05-21 00:00:00-04:00,18.649400533558854,18.872668107933944,18.573883744063867,18.800434112548828,1692600,0.0,0.0
2003-05-22 00:00:00-04:00,18.669093335911406,19.102494624014128,18.669093335911406,19.040111541748047,1413200,0.0,0.0
2003-05-23 00:00:00-04:00,19.043399501814662,19.187866219550333,18.632981409103138,19.16160011291504,1845400,0.0,0.0
2003-05-27 00:00:00-04:00,19.10906152316081,19.575295750264644,19.010561457821606,19.522762298583984,1940000,0.0,0.0
2003-05-28 00:00:00-04:00,19.522773393730045,19.56874003351226,19.315923514710065,19.335622787475586,1520400,0.0,0.0
2003-05-29 00:00:00-04:00,19.358602939132695,19.58843735292602,19.007285104011657,19.099218368530273,1900000,0.0,0.0
2003-05-30 00:00:00-04:00,19.404570007278032,19.762454691117696,19.345469692332266,19.696788787841797,2789600,0.0,0.0
2003-06-02 00:00:00-04:00,19.76573382274023,20.03825076056098,19.716483155033384,19.913484573364258,2543000,0.0,0.0
2003-06-03 00:00:00-04:00,19.732897654254597,19.929899052893056,19.68364824396727,19.92333221435547,2013200,0.0,0.0
2003-06-04 00:00:00-04:00,20.050194791432872,20.099620590747616,19.86567448881846,20.069965362548828,1863000,0.1075,0.0
2003-06-05 00:00:00-04:00,20.05018984480533,20.18199110582746,19.90191499734291,20.1226806640625,2038400,0.0,0.0
2003-06-06 00:00:00-04:00,20.181992522800854,20.244597434859354,19.85249060406125,19.862375259399414,2125200,0.0,0.0
2003-06-09 00:00:00-04:00,19.934864667927556,19.96781435468133,19.588887929213026,19.621837615966797,1567400,0.0,0.0
2003-06-10 00:00:00-04:00,19.67785546005875,20.004061663521963,19.615249289552608,19.859081268310547,1175000,0.0,0.0
2003-06-11 00:00:00-04:00,19.85908248249143,19.92168739987513,19.72728120100449,19.770116806030273,2024800,0.0,0.0
2003-06-12 00:00:00-04:00,19.901915988447843,20.218237522313625,19.806360132295666,20.20505714416504,2167400,0.0,0.0
2003-06-13 00:00:00-04:00,20.2083543789176,20.29402432939209,19.964522392728444,20.1095027923584,1469800,0.0,0.0
2003-06-16 00:00:00-04:00,20.330271491637955,20.923374777240554,20.31379664477821,20.910194396972656,3027600,0.0,0.0
2003-06-17 00:00:00-04:00,20.910196981570696,21.051882944588005,20.699315899019464,20.999162673950195,2322600,0.0,0.0
2003-06-18 00:00:00-04:00,20.84100193893375,20.89372220976608,20.42912443025917,20.534564971923828,1216800,0.0,0.0
2003-06-19 00:00:00-04:00,20.583987650922005,20.62682200031725,20.073258612138176,20.1589298248291,2185800,0.0,0.0
2003-06-20 00:00:00-04:00,20.083136674732383,20.181986971775626,19.98428637768914,20.066661834716797,2088800,0.0,0.0
2003-06-23 00:00:00-04:00,20.066671623676413,20.066671623676413,19.473567038188175,19.55594253540039,1971600,0.0,0.0
2003-06-24 00:00:00-04:00,19.490045596778703,19.733876395330366,19.490045596778703,19.51640510559082,2351800,0.0,0.0
2003-06-25 00:00:00-04:00,19.565827232045304,19.780002757296916,19.42414128510258,19.443910598754883,3560600,0.0,0.0
2003-06-26 00:00:00-04:00,19.466979399525943,19.756940263997727,19.368127790735127,19.707515716552734,1789200,0.0,0.0
2003-06-27 00:00:00-04:00,19.70750636122333,19.803060943703198,19.49332965311538,19.661375045776367,2045000,0.0,0.0
2003-06-30 00:00:00-04:00,19.674564487063048,19.918396524690998,19.52958405684803,19.803070068359375,1460600,0.0,0.0
2003-07-01 00:00:00-04:00,19.803069842311697,19.82613488192466,19.3318818783034,19.773414611816406,1462800,0.0,0.0
2003-07-02 00:00:00-04:00,19.73717590944464,20.13257741620454,19.73717590944464,20.046907424926758,1416200,0.0,0.0
2003-07-03 00:00:00-04:00,20.046897791936846,20.129273275753654,19.496628906426487,19.944751739501953,873200,0.0,0.0
2003-07-07 00:00:00-04:00,20.231417763861963,20.432412872995595,20.119387064255495,20.340152740478516,1286800,0.0,0.0
2003-07-08 00:00:00-04:00,20.340150238843123,20.37969011120886,19.967812774628648,20.1160888671875,1904800,0.0,0.0
2003-07-09 00:00:00-04:00,20.116101293886377,20.211657196670508,19.80307407332323,19.971120834350586,1482800,0.0,0.0
2003-07-10 00:00:00-04:00,19.88874144399359,19.91839667505125,19.770120519762948,19.86897087097168,953400,0.0,0.0
2003-07-11 00:00:00-04:00,19.9513484317725,20.29073639044036,19.9513484317725,20.162229537963867,1406800,0.0,0.0
2003-07-14 00:00:00-04:00,20.412643091042003,20.471953533989243,19.954635648132754,20.280841827392578,1326200,0.0,0.0
2003-07-15 00:00:00-04:00,20.363212874488436,20.511488949610506,20.214936799366367,20.294017791748047,1318000,0.0,0.0
2003-07-16 00:00:00-04:00,20.277545276856582,20.3961661505566,19.924978378331456,20.21493911743164,1183200,0.0,0.0
2003-07-17 00:00:00-04:00,20.198461764915642,20.485128002760682,20.109496120698275,20.165512084960938,1292000,0.0,0.0
2003-07-18 00:00:00-04:00,20.244604100854154,20.758627715843893,20.231424975047098,20.748743057250977,1747200,0.0,0.0
2003-07-21 00:00:00-04:00,20.712490480083027,21.24628448486328,20.712490480083027,21.24628448486328,3147800,0.0,0.0
2003-07-22 00:00:00-04:00,21.19356933616016,21.216634376471198,20.98927844042649,21.121078491210938,2292800,0.0,0.0
2003-07-23 00:00:00-04:00,21.12107273635571,21.12107273635571,20.47524926971318,20.593870162963867,3029000,0.0,0.0
2003-07-24 00:00:00-04:00,20.30720447393497,20.30720447393497,19.704215333470245,20.07984733581543,6072000,0.0,0.0
2003-07-25 00:00:00-04:00,20.08973193041268,21.06505728600953,20.07325582929074,21.005746841430664,3196000,0.0,0.0
2003-07-28 00:00:00-04:00,20.808052488179342,21.368204901069973,20.79157638207633,20.929967880249023,3201600,0.0,0.0
2003-07-29 00:00:00-04:00,20.85747060079319,21.203447354060252,20.824520912653483,21.078237533569336,2405000,0.0,0.0
2003-07-30 00:00:00-04:00,21.18697101608773,21.25287038381097,20.966204111975294,21.249574661254883,1495600,0.0,0.0
2003-07-31 00:00:00-04:00,21.335251274141854,21.585673460170604,21.285825478834806,21.30559730529785,2222600,0.0,0.0
2003-08-01 00:00:00-04:00,21.22322753548613,21.5000080415322,21.15402989507356,21.394567489624023,2089800,0.0,0.0
2003-08-04 00:00:00-04:00,21.394559295514167,21.394559295514167,20.752030314258633,21.17049789428711,2879800,0.0,0.0
2003-08-05 00:00:00-04:00,21.17049888035343,21.315480533165005,20.989273071289062,20.989273071289062,1852200,0.0,0.0
2003-08-06 00:00:00-04:00,20.98928100304362,21.206752307492305,20.837710360508297,20.982690811157227,2347000,0.0,0.0
2003-08-07 00:00:00-04:00,20.98268341374708,21.249579177824195,20.353334765403932,21.012338638305664,2503800,0.0,0.0
2003-08-08 00:00:00-04:00,20.70920181274414,20.88054301694451,20.64000668901432,20.70920181274414,2471800,0.0,0.0
2003-08-11 00:00:00-04:00,20.560926460764094,20.755332701990998,20.514795122327673,20.649890899658203,1938200,0.0,0.0
2003-08-12 00:00:00-04:00,20.758620447882123,20.758620447882123,20.518084203050194,20.705900192260742,1806600,0.0,0.0
2003-08-13 00:00:00-04:00,20.788264978823246,21.074931142772716,20.686118986174865,20.758609771728516,1861600,0.0,0.0
2003-08-14 00:00:00-04:00,20.92337246531166,21.26935049588871,20.870652207015652,21.12766456604004,2698800,0.0,0.0
2003-08-15 00:00:00-04:00,21.127665660900494,21.127665660900494,20.844292529568317,21.061763763427734,608400,0.0,0.0
2003-08-18 00:00:00-04:00,21.121064595269527,21.40773206244645,21.055165241708924,21.37148666381836,1147800,0.0,0.0
2003-08-19 00:00:00-04:00,21.371500970577934,21.397861735208583,20.943148600933398,21.378089904785156,1523000,0.0,0.0
2003-08-20 00:00:00-04:00,21.378080001620084,21.378080001620084,21.219920514903624,21.23310089111328,1192200,0.0,0.0
2003-08-21 00:00:00-04:00,21.285830805401968,21.605448179281495,21.233111787408987,21.50000762939453,1658200,0.0,0.0
2003-08-22 00:00:00-04:00,21.66474940956408,21.6779297869185,21.26934814453125,21.26934814453125,1302400,0.0,0.0
2003-08-25 00:00:00-04:00,21.17050700023612,21.25617823829283,21.038705675664534,21.186983108520508,992600,0.0,0.0
2003-08-26 00:00:00-04:00,21.104599165164473,21.18697464588112,20.725671451087873,20.857471466064453,2425200,0.0,0.0
2003-08-27 00:00:00-04:00,20.93983547866325,20.93983547866325,20.699299357539054,20.758609771728516,1302200,0.0,0.0
2003-08-28 00:00:00-04:00,20.791578638376667,21.078246323932674,20.64000799860372,21.02552604675293,1109200,0.0,0.0
2003-08-29 00:00:00-04:00,21.025525570508552,21.071655654877127,20.89042978473607,21.028820037841797,795400,0.0,0.0
2003-09-02 00:00:00-04:00,21.0288166369474,21.216632668330845,20.923376102028637,21.213336944580078,1718800,0.0,0.0
2003-09-03 00:00:00-04:00,21.211681836488484,21.456329566383026,21.148865890334704,21.38028907775879,1696800,0.1075,0.0
2003-09-04 00:00:00-04:00,21.34061544057449,21.37698229747237,21.14555661518373,21.218290328979492,1006400,0.0,0.0
2003-09-05 00:00:00-04:00,21.049677585266974,21.21828730482379,20.881069126871616,21.11249351501465,1261400,0.0,0.0
2003-09-08 00:00:00-04:00,21.158783037961342,21.400126516810428,21.092661588735364,21.251352310180664,1842400,0.0,0.0
2003-09-09 00:00:00-04:00,21.052982603333106,21.17530768734137,20.940576553344727,20.940576553344727,1274600,0.0,0.0
2003-09-10 00:00:00-04:00,20.84471170740311,20.88438408124295,20.676103172712274,20.729000091552734,1883200,0.0,0.0
2003-09-11 00:00:00-04:00,20.86123907931743,21.095970308869944,20.78850661347751,20.92736053466797,1317800,0.0,0.0
2003-09-12 00:00:00-04:00,21.01001291246401,21.238130618691834,20.81495530470564,21.17201042175293,2261400,0.0,0.0
2003-09-15 00:00:00-04:00,21.172010238383717,21.18192801560627,20.963728088576712,21.05299186706543,1272600,0.0,0.0
2003-09-16 00:00:00-04:00,21.135643373685138,21.20837710308229,20.94719803948515,21.05299186706543,1478000,0.0,0.0
2003-09-17 00:00:00-04:00,21.052988663098418,21.052988663098418,20.805034180974452,20.828176498413086,882000,0.0,0.0
2003-09-18 00:00:00-04:00,20.828179005391338,20.947197372922332,20.771976588036072,20.89430046081543,2139400,0.0,0.0
2003-09-19 00:00:00-04:00,20.927357426604534,20.927357426604534,20.738912126597988,20.762054443359375,2585000,0.0,0.0
2003-09-22 00:00:00-04:00,20.514100439528256,20.573609615755874,20.365327498959214,20.414918899536133,1785400,0.0,0.0
2003-09-23 00:00:00-04:00,20.431457163461978,20.537251016825024,20.381867004101796,20.481048583984375,2034800,0.0,0.0
2003-09-24 00:00:00-04:00,20.514097809083392,20.514097809083392,20.193410912934702,20.2562255859375,2264800,0.0,0.0
2003-09-25 00:00:00-04:00,20.282681845082784,20.348803311168655,20.117378810449146,20.120685577392578,2020000,0.0,0.0
2003-09-26 00:00:00-04:00,20.120685337446616,20.123990843188558,19.8694240215491,20.004972457885742,2029200,0.0,0.0
2003-09-29 00:00:00-04:00,20.414920466953443,20.586835738014575,20.266147514961908,20.46451187133789,4966800,0.0,0.0
2003-09-30 00:00:00-04:00,20.46782403702344,20.62982158438935,20.23309400369682,20.481048583984375,2203800,0.0,0.0
2003-10-01 00:00:00-04:00,20.662871775466932,20.917438507080078,20.596750333553118,20.917438507080078,1859600,0.0,0.0
2003-10-02 00:00:00-04:00,20.9174452557432,21.039769142994466,20.795121368491934,20.993484497070312,1052200,0.0,0.0
2003-10-03 00:00:00-04:00,20.993480336889203,21.654692316003825,20.993480336889203,21.429880142211914,2123800,0.0,0.0
2003-10-06 00:00:00-04:00,21.439796531434013,21.621630822857487,21.37367634672913,21.532365798950195,1581400,0.0,0.0
2003-10-07 00:00:00-04:00,21.532364678921496,21.694363410971643,21.34391938775906,21.65468978881836,1372800,0.0,0.0
2003-10-08 00:00:00-04:00,21.720811608261506,21.93570599706674,21.65138465599952,21.829912185668945,1773400,0.0,0.0
2003-10-09 00:00:00-04:00,22.001832135932315,22.04811677798984,21.687754896457594,21.786937713623047,1354400,0.0,0.0
2003-10-10 00:00:00-04:00,21.935703886611464,22.064640003024852,21.829910085392193,21.87289047241211,1104600,0.0,0.0
2003-10-13 00:00:00-04:00,21.955544233387812,22.110926924463797,21.88611475828826,22.015050888061523,1131600,0.0,0.0
2003-10-14 00:00:00-04:00,22.015047118273362,22.150596756903788,21.962151482402156,22.143985748291016,1948200,0.0,0.0
2003-10-15 00:00:00-04:00,22.233255154020757,22.355580291157512,22.107625772711184,22.180356979370117,2092600,0.0,0.0
2003-10-16 00:00:00-04:00,22.03488674047245,22.382021469356232,22.031579974771695,22.226638793945312,1377000,0.0,0.0
2003-10-17 00:00:00-04:00,22.22665138746266,22.29607837257642,21.962165472655794,22.011756896972656,957000,0.0,0.0
2003-10-20 00:00:00-04:00,22.084475667751207,22.110922223431093,21.859663549373277,21.96215057373047,884200,0.0,0.0
2003-10-21 00:00:00-04:00,21.962163026742193,22.160526179593443,21.92248938724221,21.975387573242188,1439000,0.0,0.0
2003-10-22 00:00:00-04:00,21.975385352711744,21.975385352711744,21.61171918884417,21.704288482666016,1117800,0.0,0.0
2003-10-23 00:00:00-04:00,21.70427904355532,21.869582002725853,21.522444779538542,21.79684829711914,1606400,0.0,0.0
2003-10-24 00:00:00-04:00,21.796859225959782,21.796859225959782,21.529069104978195,21.727432250976562,1169200,0.0,0.0
2003-10-27 00:00:00-05:00,21.727430056576832,21.9224864157833,21.687756422454367,21.869590759277344,1588200,0.0,0.0
2003-10-28 00:00:00-05:00,21.869587603522383,21.919179008438487,21.47616565279789,21.803464889526367,2986400,0.0,0.0
2003-10-29 00:00:00-05:00,21.7704046286188,23.043237226088344,21.489390032656473,22.712631225585938,6524400,0.0,0.0
2003-10-30 00:00:00-05:00,22.977114332399097,23.344087151580112,22.894462841994784,23.172170639038086,4189600,0.0,0.0
2003-10-31 00:00:00-05:00,23.172177833340402,23.175484600233762,22.85149206975944,23.003570556640625,1623400,0.0,0.0
2003-11-03 00:00:00-05:00,23.003562141559037,23.158947338491117,23.003562141559037,23.076295852661133,1075000,0.0,0.0
2003-11-04 00:00:00-05:00,23.076289092742112,23.301101169236627,22.901065875360594,23.16224479675293,1429800,0.0,0.0
2003-11-05 00:00:00-05:00,23.162253977423486,23.32755696618003,23.003564520718328,23.244905471801758,1285600,0.0,0.0
2003-11-06 00:00:00-05:00,23.192016418003256,23.396990568026474,23.04324217244779,23.360626220703125,1031400,0.0,0.0
2003-11-07 00:00:00-05:00,23.36062367257581,23.4664175030131,23.205238432362687,23.264747619628906,952800,0.0,0.0
2003-11-10 00:00:00-05:00,23.26475064130337,23.317646302230276,22.940755574700823,23.049856185913086,903400,0.0,0.0
2003-11-11 00:00:00-05:00,23.049854338129002,23.049854338129002,22.84157091117998,22.854795455932617,1019400,0.0,0.0
2003-11-12 00:00:00-05:00,22.854785405175832,23.08290428777289,22.74568737301119,22.947357177734375,1345200,0.0,0.0
2003-11-13 00:00:00-05:00,22.94735905501713,23.043232556088082,22.82172718599998,23.013479232788086,1142400,0.0,0.0
2003-11-14 00:00:00-05:00,23.01348340754832,23.208539732982988,22.80850678355763,22.930831909179688,932800,0.0,0.0
2003-11-17 00:00:00-05:00,22.84818542654696,22.917612397738704,22.62998421223795,22.74239158630371,1113400,0.0,0.0
2003-11-18 00:00:00-05:00,22.729167309650936,22.83496115114471,22.405172251268926,22.47460174560547,1555200,0.0,0.0
2003-11-19 00:00:00-05:00,22.4812071332755,22.596918724349717,22.372106552124023,22.372106552124023,1461000,0.0,0.0
2003-11-20 00:00:00-05:00,22.372109586495828,22.679573297236924,22.150604150350052,22.41178321838379,1557400,0.0,0.0
2003-11-21 00:00:00-05:00,22.49442796408185,22.5307948184655,22.385327400930905,22.39855194091797,1732600,0.0,0.0
2003-11-24 00:00:00-05:00,22.507652440734617,22.77874920389882,22.497734666353,22.7589111328125,1809200,0.0,0.0
2003-11-25 00:00:00-05:00,23.241603194965077,24.02513781369223,23.158951693592265,23.85322380065918,3548400,0.0,0.0
2003-11-26 00:00:00-05:00,23.88628172696947,24.035053406997008,23.790405691407326,23.833383560180664,1857400,0.0,0.0
2003-11-28 00:00:00-05:00,23.85321919519546,23.869747978884536,23.727587323078037,23.730894088745117,600400,0.0,0.0
2003-12-01 00:00:00-05:00,23.79041736259365,24.49791429537804,23.780499582036107,24.326000213623047,1617600,0.0,0.0
2003-12-02 00:00:00-05:00,24.349138612543165,24.4483189244361,24.160693245389908,24.29954719543457,1734000,0.0,0.0
2003-12-03 00:00:00-05:00,24.329395513641874,24.774042085458913,24.322760131206895,24.49530792236328,1396200,0.135,0.0
2003-12-04 00:00:00-05:00,24.30618099798673,24.55504974540639,24.140268499706956,24.521867752075195,2333600,0.0,0.0
2003-12-05 00:00:00-05:00,24.521867335248793,24.521867335248793,24.150222434034802,24.1568603515625,1437400,0.0,0.0
2003-12-08 00:00:00-05:00,23.990950217951184,24.478730876059114,23.990950217951184,24.472095489501953,2022200,0.0,0.0
2003-12-09 00:00:00-05:00,24.55505964031617,24.684471238593257,24.422329081881387,24.574968338012695,2077400,0.0,0.0
2003-12-10 00:00:00-05:00,24.62141546915766,24.62141546915766,24.16349785298308,24.273000717163086,1295200,0.0,0.0
2003-12-11 00:00:00-05:00,24.355949727755245,24.555044174194336,24.276312455504257,24.555044174194336,907800,0.0,0.0
2003-12-12 00:00:00-05:00,24.63800422067531,24.737552725125468,24.521865986565874,24.68777847290039,1016200,0.0,0.0
2003-12-15 00:00:00-05:00,24.886877168591546,24.969833425820184,24.574960831292167,24.644643783569336,1359600,0.0,0.0
2003-12-16 00:00:00-05:00,24.807228192031285,24.939958647436526,24.52849398251799,24.853683471679688,1047600,0.0,2.0
2003-12-17 00:00:00-05:00,24.866964861364764,24.953237533569336,24.594868478482116,24.953237533569336,1310000,0.0,0.0
2003-12-18 00:00:00-05:00,25.019609226815756,25.158975139950165,24.72760156315408,24.939971923828125,1168500,0.0,0.0
2003-12-19 00:00:00-05:00,24.939974128143188,24.939974128143188,24.216595355373947,24.515235900878906,1752800,0.0,0.0
2003-12-22 00:00:00-05:00,24.455496455139293,25.251876797592757,24.448861070419145,25.192148208618164,1067400,0.0,0.0
2003-12-23 00:00:00-05:00,24.953235220100463,25.066057019511884,24.827142650521548,24.973146438598633,932700,0.0,0.0
2003-12-24 00:00:00-05:00,24.97314062838212,25.039504590273307,24.76077291238288,24.853683471679688,318400,0.0,0.0
2003-12-26 00:00:00-05:00,24.820517087867664,25.085975633868582,24.820517087867664,24.96651840209961,185900,0.0,0.0
2003-12-29 00:00:00-05:00,25.139049743769945,25.338144134765255,24.90677084458997,25.304962158203125,868200,0.0,0.0
2003-12-30 00:00:00-05:00,25.33816137900584,25.33816137900584,25.01960963029398,25.231977462768555,1256500,0.0,0.0
2003-12-31 00:00:00-05:00,25.318252708467345,25.391252094001,25.04615626463965,25.3514347076416,905900,0.0,0.0
2004-01-02 00:00:00-05:00,25.318246559484518,25.417792532830784,24.913419685654894,24.986421585083008,947800,0.0,0.0
2004-01-05 00:00:00-05:00,25.27178595695082,25.444333793479416,24.94659643643297,25.29169464111328,902300,0.0,0.0
2004-01-06 00:00:00-05:00,25.245237231005564,25.38460307165259,25.006322914683288,25.27178382873535,1167500,0.0,0.0
2004-01-07 00:00:00-05:00,25.271784110933815,25.278419494628906,24.674498313458507,25.278419494628906,945800,0.0,0.0
2004-01-08 00:00:00-05:00,25.278431530356325,25.72307586669922,25.132427703318772,25.72307586669922,966500,0.0,0.0
2004-01-09 00:00:00-05:00,25.55715841448974,25.583705020031537,24.853691088997678,24.986421585083008,1390900,0.0,0.0
2004-01-12 00:00:00-05:00,25.17224686885814,25.17224686885814,24.833783922020604,24.933332443237305,1233000,0.0,0.0
2004-01-13 00:00:00-05:00,24.993051534111693,25.06605341766027,24.561678148573584,24.78731918334961,1274300,0.0,0.0
2004-01-14 00:00:00-05:00,24.787322807370746,25.012963875136535,24.628048248726344,24.95987319946289,947300,0.0,0.0
2004-01-15 00:00:00-05:00,24.953237533569336,25.198789842032568,24.72096105975135,24.953237533569336,1325400,0.0,0.0
2004-01-16 00:00:00-05:00,25.139059559367784,25.450973298786206,24.953235861144048,25.2983341217041,1270500,0.0,0.0
2004-01-20 00:00:00-05:00,25.404504487321827,25.47087096266253,25.19213682947592,25.324867248535156,1140800,0.0,0.0
2004-01-21 00:00:00-05:00,25.285062191418923,25.33151748558942,24.72759612974932,25.019603729248047,1404200,0.0,0.0
2004-01-22 00:00:00-05:00,24.986429035304937,24.99306442285704,24.163501739501953,24.163501739501953,2155700,0.0,0.0
2004-01-23 00:00:00-05:00,24.28958217975902,24.32940207998336,23.765300750732422,23.765300750732422,2625900,0.0,0.0
2004-01-26 00:00:00-05:00,23.7653045936829,23.944490376232835,23.42684171610295,23.82503318786621,2641900,0.0,0.0
2004-01-27 00:00:00-05:00,24.024134220849984,24.707693016419757,23.659127170738675,24.289592742919922,2713900,0.0,0.0
2004-01-28 00:00:00-05:00,24.409043897901427,24.455499191009427,23.898033142089844,23.898033142089844,2814800,0.0,0.0
2004-01-29 00:00:00-05:00,23.904666287192434,24.02412345465875,23.36047364945615,23.49320411682129,2230300,0.0,0.0
2004-01-30 00:00:00-05:00,23.39365781260453,23.559570279360592,23.25429194811904,23.499841690063477,2227600,0.0,0.0
2004-02-02 00:00:00-05:00,23.499848944871328,23.692308073313402,23.36048303736118,23.38702964782715,1821600,0.0,0.0
2004-02-03 00:00:00-05:00,23.42684569931923,23.546302907996907,23.314026408692516,23.46002769470215,965800,0.0,0.0
2004-02-04 00:00:00-05:00,23.50648254542703,23.592757757073336,23.274206050560725,23.36048126220703,1157600,0.0,0.0
2004-02-05 00:00:00-05:00,23.327293929076326,23.67238963343959,23.320656012671257,23.41356658935547,1394900,0.0,0.0
2004-02-06 00:00:00-05:00,23.453383143067406,23.891391893177406,23.274197400073817,23.79184341430664,1362300,0.0,0.0
2004-02-09 00:00:00-05:00,23.911304381276306,24.19003864749527,23.798485116784775,23.99757957458496,1253800,0.0,0.0
2004-02-10 00:00:00-05:00,24.090490152783488,24.090490152783488,23.83166710448091,23.99757957458496,1239800,0.0,0.0
2004-02-11 00:00:00-05:00,23.89803169611572,24.49531761654147,23.851576405818545,24.395769119262695,1736300,0.0,0.0
2004-02-12 00:00:00-05:00,24.156854851539055,24.203310137160912,23.805118719743756,23.838300704956055,1572100,0.0,0.0
2004-02-13 00:00:00-05:00,23.891404867489495,24.044044094792422,23.592761800321004,23.692310333251953,1303800,0.0,0.0
2004-02-17 00:00:00-05:00,23.92457952974633,24.024128032143633,23.765304963858945,23.878124237060547,594800,0.0,0.0
2004-02-18 00:00:00-05:00,24.223226428854055,24.30950164279784,23.77194419970439,24.057313919067383,1476300,0.0,0.0
2004-02-19 00:00:00-05:00,24.32276565286924,24.853684974980542,24.32276565286924,24.46213150024414,1412600,0.0,0.0
2004-02-20 00:00:00-05:00,24.614768257273372,24.614768257273372,23.997573814110286,24.21657943725586,957500,0.0,0.0
2004-02-23 00:00:00-05:00,24.2165834858827,24.2165834858827,23.67902621052755,24.030759811401367,1230900,0.0,0.0
2004-02-24 00:00:00-05:00,24.024124231404485,24.48204170041531,23.924575744756265,24.27631187438965,1263600,0.0,0.0
2004-02-25 00:00:00-05:00,24.097137843380352,24.52187353406479,24.057317923019532,24.448871612548828,1111800,0.0,0.0
2004-02-26 00:00:00-05:00,24.38912961877452,24.55504206516074,24.097124624519058,24.46213150024414,1138900,0.0,0.0
2004-02-27 00:00:00-05:00,24.568311228932327,24.65458639538438,24.02411869892262,24.103755950927734,2602900,0.0,0.0
2004-03-01 00:00:00-05:00,24.190027583287158,24.42230392254326,24.13029902010384,24.32939338684082,1290800,0.0,0.0
2004-03-02 00:00:00-05:00,24.223226727144926,24.296228637409865,24.037405524015284,24.12367820739746,1402000,0.0,0.0
2004-03-03 00:00:00-05:00,24.290281295776367,24.443552995690858,24.103687561090357,24.290281295776367,1150500,0.15,0.0
2004-03-04 00:00:00-05:00,24.45020923968856,24.66345698533969,24.19697913054888,24.650131225585938,1423700,0.0,0.0
2004-03-05 00:00:00-05:00,24.65013481124687,24.989997660905008,24.63014108448061,24.876710891723633,1636300,0.0,0.0
2004-03-08 00:00:00-05:00,24.590159636466705,24.903365890247045,24.590159636466705,24.79007911682129,1266700,0.0,0.0
2004-03-09 00:00:00-05:00,24.890034495316165,24.956676008568813,24.62347606864697,24.863380432128906,2219700,0.0,0.0
2004-03-10 00:00:00-05:00,24.83672316403743,24.83672316403743,23.750490677087452,23.810466766357422,2455600,0.0,0.0
2004-03-11 00:00:00-05:00,23.810472538942037,23.9170964410369,23.39730523608873,23.503929138183594,2232900,0.0,0.0
2004-03-12 00:00:00-05:00,23.557239316583903,23.923761355463068,23.517256942971116,23.71717643737793,1162400,0.0,0.0
2004-03-15 00:00:00-05:00,23.670520970494035,23.670520970494035,23.224031786943986,23.410625457763672,1262000,0.0,0.0
2004-03-16 00:00:00-05:00,23.823797200816273,23.890436176140803,23.363982170003503,23.583892822265625,961000,0.0,0.0
2004-03-17 00:00:00-05:00,23.59056040374694,23.97040819050588,23.59056040374694,23.837127685546875,918800,0.0,0.0
2004-03-18 00:00:00-05:00,23.85711506579382,23.890434551189802,23.577228337931036,23.803804397583008,560100,0.0,0.0
2004-03-19 00:00:00-05:00,23.670520774760067,23.977064067132147,23.66385535329655,23.703840255737305,696700,0.0,0.0
2004-03-22 00:00:00-05:00,23.4706029608112,23.690513584074537,23.00412256871061,23.350650787353516,972800,0.0,0.0
2004-03-23 00:00:00-05:00,23.457277533568334,23.67718818377983,23.05743605900772,23.1973819732666,1281900,0.0,0.0
2004-03-24 00:00:00-05:00,23.23736552178384,23.390637205078946,23.09075926156604,23.12407875061035,1025300,0.0,0.0
2004-03-25 00:00:00-05:00,23.523919553829984,24.290280572703754,23.45061514689771,24.216976165771484,1663500,0.0,0.0
2004-03-26 00:00:00-05:00,24.090350994635337,24.143661650557306,23.883766165418844,23.95040512084961,1686400,0.0,0.0
2004-03-29 00:00:00-05:00,24.156996529373423,24.996659290209116,24.15033364886095,24.810068130493164,1376700,0.0,0.0
2004-03-30 00:00:00-05:00,24.810058981915343,24.81672440208387,24.40355478347566,24.596811294555664,962800,0.0,0.0
2004-03-31 00:00:00-05:00,24.690103789432168,24.89002315386676,24.19696952663434,24.736751556396484,1295600,0.0,0.0
2004-04-01 00:00:00-05:00,24.89003896785865,25.156599984540545,24.743432696586442,24.830062866210938,994000,0.0,0.0
2004-04-02 00:00:00-05:00,25.289875041625603,25.62307496959929,25.143266259840797,25.256555557250977,1223700,0.0,0.0
2004-04-05 00:00:00-04:00,25.209902048610168,25.449803806923285,25.14326055287336,25.356508255004883,854200,0.0,0.0
2004-04-06 00:00:00-04:00,25.289878089461002,25.569764842475156,25.19658250512295,25.55643653869629,1183800,0.0,0.0
2004-04-07 00:00:00-04:00,25.556420474449563,25.64971854225636,25.216557839118263,25.316518783569336,1363000,0.0,0.0
2004-04-08 00:00:00-04:00,25.523113436820452,25.636402731844655,25.189913515864276,25.329856872558594,788000,0.0,0.0
2004-04-12 00:00:00-04:00,25.329856515763876,25.69637845734379,25.329856515763876,25.68305015563965,691500,0.0,0.0
2004-04-13 00:00:00-04:00,25.716370001082314,25.716370001082314,25.28987450899659,25.329856872558594,1006800,0.0,0.0
2004-04-14 00:00:00-04:00,25.329857406029674,25.676385636175954,25.209907770703758,25.256555557250977,1471300,0.0,0.0
2004-04-15 00:00:00-04:00,25.356511903938394,25.64972944314961,25.336520723397083,25.516448974609375,826400,0.0,0.0
2004-04-16 00:00:00-04:00,25.656391143798825,25.822991086291026,25.416486819871917,25.656391143798828,839800,0.0,0.0
2004-04-19 00:00:00-04:00,25.536450127596478,25.716378449074032,25.403169607007786,25.64307403564453,536700,0.0,0.0
2004-04-20 00:00:00-04:00,25.72304115220998,25.836330483662344,25.11661720275879,25.11661720275879,877700,0.0,0.0
2004-04-21 00:00:00-04:00,25.1899171076253,25.35651709185842,24.89670205053605,25.21657371520996,1311600,0.0,0.0
2004-04-22 00:00:00-04:00,24.923366549709165,25.763029617579917,24.923366549709165,25.583101272583008,1363400,0.0,0.0
2004-04-23 00:00:00-04:00,25.623079057874673,25.623079057874673,25.163261456952284,25.33652687072754,830100,0.0,0.0
2004-04-26 00:00:00-04:00,25.32319135855365,25.576423983930937,25.143263114899796,25.156591415405273,708700,0.0,0.0
2004-04-27 00:00:00-04:00,25.156595903522245,25.356515362544688,24.92335695834837,25.0566349029541,1559600,0.0,0.0
2004-04-28 00:00:00-04:00,25.13659515327381,25.14325803112267,24.436873499838345,24.52350616455078,1547200,0.0,0.0
2004-04-29 00:00:00-04:00,24.65679256147719,24.75675354816641,24.150329832798406,24.196977615356445,1777100,0.0,0.0
2004-04-30 00:00:00-04:00,24.456887007765513,24.876719831126792,24.21031965403299,24.35692596435547,1252300,0.0,0.0
2004-05-03 00:00:00-04:00,24.423544721826364,24.73008790719797,23.877097289776962,24.6634464263916,2238600,0.0,0.0
2004-05-04 00:00:00-04:00,24.656791916412867,25.036639588512855,24.40355928764173,24.770078659057617,1030600,0.0,0.0
2004-05-05 00:00:00-04:00,24.69012139376298,24.883378018759352,24.336930180028848,24.79674530029297,1094500,0.0,0.0
2004-05-06 00:00:00-04:00,24.69011116735527,24.756752670155773,24.430215661716804,24.65679168701172,851400,0.0,0.0
2004-05-07 00:00:00-04:00,24.323588089204172,24.570155256672955,23.623868940266107,23.657188415527344,1920300,0.0,0.0
2004-05-10 00:00:00-04:00,23.490590892190475,23.863775662659812,23.290671478126406,23.683847427368164,1358500,0.0,0.0
2004-05-11 00:00:00-04:00,23.710505828640123,24.15032958984375,23.710505828640123,24.15032958984375,1328000,0.0,0.0
2004-05-12 00:00:00-04:00,23.990391784614253,24.090352767228833,23.403959273643043,24.043704986572266,1433400,0.0,0.0
2004-05-13 00:00:00-04:00,23.790478468843983,24.21697402554186,23.657197971847385,24.170326232910156,848200,0.0,0.0
2004-05-14 00:00:00-04:00,24.03704573591356,24.250293514262495,23.670526275758448,24.170326232910156,1231000,0.0,0.0
2004-05-17 00:00:00-04:00,23.890436179892536,23.957077697341493,23.244029984378397,23.2773494720459,1901400,0.0,0.0
2004-05-18 00:00:00-04:00,23.390639056064135,23.590561090378706,23.310671767606863,23.497262954711914,1830000,0.0,0.0
2004-05-19 00:00:00-04:00,23.657195780347948,24.08369129753714,23.190715355129594,23.337324142456055,1374700,0.0,0.0
2004-05-20 00:00:00-04:00,23.89043208395964,23.923754108028152,23.410625951158075,23.47060203552246,1653500,0.0,0.0
2004-05-21 00:00:00-04:00,23.690511725655753,24.030377037829425,23.52391178026842,23.590553283691406,1572300,0.0,0.0
2004-05-24 00:00:00-04:00,23.82378898782933,24.057027863172635,23.437275946274045,23.490589141845703,1303700,0.0,0.0
2004-05-25 00:00:00-04:00,23.523910054307322,24.203638086669255,23.40395789906032,24.136999130249023,1233200,0.0,0.0
2004-05-26 00:00:00-04:00,24.1569962793467,24.623476715922372,24.1569962793467,24.490196228027344,1414300,0.0,0.0
2004-05-27 00:00:00-04:00,24.69011997519072,24.970009302572418,24.49020047969768,24.6168155670166,1398100,0.0,0.0
2004-05-28 00:00:00-04:00,24.72343307268617,24.72343307268617,24.316931305241845,24.650131225585938,908600,0.0,0.0
2004-06-01 00:00:00-04:00,24.570160914708353,24.696778508816873,24.47020246590613,24.62347412109375,1061300,0.0,0.0
2004-06-02 00:00:00-04:00,24.803395081748288,24.96999498951476,24.49018644167121,24.94333839416504,1028300,0.0,0.0
2004-06-03 00:00:00-04:00,24.776087185960307,24.923285933053048,24.555291617664565,24.628890991210938,1065500,0.15,0.0
2004-06-04 00:00:00-04:00,24.715853226181448,25.057085993174496,24.715853226181448,24.923269271850586,912800,0.0,0.0
2004-06-07 00:00:00-04:00,25.050396776910976,25.42508313137434,25.02363547128943,25.411701202392578,859300,0.0,0.0
2004-06-08 00:00:00-04:00,25.418389348419264,25.418389348419264,25.123992062928792,25.297954559326172,1303600,0.0,0.0
2004-06-09 00:00:00-04:00,25.297961128121713,25.42508563746584,25.030327626790445,25.09723472595215,819700,0.0,0.0
2004-06-10 00:00:00-04:00,25.324722575800212,25.371558055939694,25.063781314353903,25.16414451599121,599400,0.0,0.0
2004-06-14 00:00:00-04:00,25.170829108113693,25.170829108113693,24.742617632209463,24.889816284179688,648700,0.0,0.0
2004-06-15 00:00:00-04:00,25.157455182697866,25.29127194956869,24.96342355069484,25.030330657958984,971800,0.0,0.0
2004-06-16 00:00:00-04:00,25.170838281623986,25.170838281623986,24.722555027016735,24.976806640625,581900,0.0,0.0
2004-06-17 00:00:00-04:00,24.95672367150914,25.090540397430452,24.86974241680902,25.01694107055664,955100,0.0,0.0
2004-06-18 00:00:00-04:00,24.88982212357485,25.58566721134213,24.88312988200156,25.244434356689453,804900,0.0,0.0
2004-06-21 00:00:00-04:00,25.077152252197266,25.324711474751915,24.990171019062505,25.077152252197266,851500,0.0,0.0
2004-06-22 00:00:00-04:00,25.090539923573196,25.425080455887507,25.043704453236533,25.358173370361328,1238000,0.0,0.0
2004-06-23 00:00:00-04:00,25.384931461008836,25.679328725691686,25.231043141897977,25.599037170410156,1185900,0.0,0.0
2004-06-24 00:00:00-04:00,25.619125394655054,26.16777189512462,25.558907971318504,25.960355758666992,1766100,0.0,0.0
2004-06-25 00:00:00-04:00,25.96034483930926,26.227978286532313,25.826528115697737,25.913509368896484,1396700,0.0,0.0
2004-06-28 00:00:00-04:00,25.826537671181647,26.02057186459141,25.766320250893884,25.940282821655273,1324000,0.0,0.0
2004-06-29 00:00:00-04:00,25.940274306198866,26.66288056009825,25.900128521738193,26.656190872192383,1615800,0.0,0.0
2004-06-30 00:00:00-04:00,26.65620177044789,26.856925670132586,26.44878562777941,26.70303726196289,1604300,0.0,0.0
2004-07-01 00:00:00-04:00,26.582600030412053,26.65619938258341,25.873372925893026,26.141006469726562,1034300,0.0,0.0
2004-07-02 00:00:00-04:00,25.993792194579317,26.04062765384341,25.558891136792596,25.987102508544922,606600,0.0,0.0
2004-07-06 00:00:00-04:00,25.89344746858775,26.10755328575946,25.625813920951774,25.686031341552734,961200,0.0,0.0
2004-07-07 00:00:00-04:00,25.6458786347709,25.853292132944265,25.425080656576597,25.712785720825195,1094800,0.0,0.0
2004-07-08 00:00:00-04:00,25.712790778218423,25.719480467202942,25.398321796759188,25.405014038085938,729500,0.0,0.0
2004-07-09 00:00:00-04:00,25.57897226297404,25.906823152128922,25.512065168375276,25.759624481201172,981000,0.0,0.0
2004-07-12 00:00:00-04:00,25.806470390657903,25.980432990689753,25.4986935473315,25.893451690673828,496700,0.0,0.0
2004-07-13 00:00:00-04:00,25.92690186594872,26.448784493210397,25.799777330481657,26.442094802856445,1576900,0.0,0.0
2004-07-14 00:00:00-04:00,26.44876801640827,26.843525862280384,26.36178933427831,26.70970916748047,2304400,0.0,0.0
2004-07-15 00:00:00-04:00,26.696340893628857,26.95728215318267,26.676266722041643,26.850229263305664,1330000,0.0,0.0
2004-07-16 00:00:00-04:00,27.19815500501854,27.19815500501854,26.709723425417646,26.84354019165039,1354400,0.0,0.0
2004-07-19 00:00:00-04:00,26.850233568464102,26.970668407928997,26.70303486415309,26.776634216308594,1143900,0.0,0.0
2004-07-20 00:00:00-04:00,26.736487263073712,26.86361433942505,26.629434360660365,26.830158233642578,1577700,0.0,0.0
2004-07-21 00:00:00-04:00,26.830153680456164,26.850227850987483,26.40194214347201,26.49561309814453,1558800,0.0,0.0
2004-07-22 00:00:00-04:00,26.328343305843294,26.401942643721107,26.013876888104647,26.147693634033203,1565800,0.0,0.0
2004-07-23 00:00:00-04:00,26.094154361371885,26.22797104805225,25.686014615550224,25.85328483581543,1045900,0.0,0.0
2004-07-26 00:00:00-04:00,25.926894989731657,25.99380208489736,25.445155737043955,25.572282791137695,1838700,0.0,0.0
2004-07-27 00:00:00-04:00,25.52544370794053,25.95365518212634,25.411698599417708,25.926891326904297,1337200,0.0,0.0
2004-07-28 00:00:00-04:00,25.926904607718665,25.993811727704603,25.62581746309591,25.88675880432129,1517300,0.0,0.0
2004-07-29 00:00:00-04:00,25.89344830949347,26.575911581020218,25.89344830949347,26.442094802856445,813800,0.0,0.0
2004-07-30 00:00:00-04:00,26.42871341432224,26.622747619040293,26.134318538170668,26.395259857177734,944200,0.0,0.0
2004-08-02 00:00:00-04:00,26.40194543575636,26.602669299704896,26.201221571807825,26.55583381652832,650500,0.0,0.0
2004-08-03 00:00:00-04:00,26.555829714103034,26.589285813211397,26.06071109634023,26.4287052154541,830200,0.0,0.0
2004-08-04 00:00:00-04:00,26.127619467964927,26.94389932117251,25.799771120338438,26.729793548583984,1627500,0.0,0.0
2004-08-05 00:00:00-04:00,26.72311034365227,26.73649227800679,26.02726762361834,26.114246368408203,829500,0.0,0.0
2004-08-06 00:00:00-04:00,25.96704189280448,25.96704189280448,25.15076202456741,25.19759750366211,1087000,0.0,0.0
2004-08-09 00:00:00-04:00,25.36486397277617,25.68602258909968,25.318028500750355,25.478609085083008,721400,0.0,0.0
2004-08-10 00:00:00-04:00,25.391631737882616,25.886750390475772,25.391631737882616,25.819843292236328,706700,0.0,0.0
2004-08-11 00:00:00-04:00,25.612427259224095,26.00718526531006,25.512066611648326,25.846607208251953,1094400,0.0,0.0
2004-08-12 00:00:00-04:00,25.819842106061287,25.819842106061287,25.512065384551732,25.572282791137695,706700,0.0,0.0
2004-08-13 00:00:00-04:00,25.592360110210794,25.686031085245894,25.23105559021029,25.55890655517578,1453000,0.0,0.0
2004-08-16 00:00:00-04:00,25.55890297115954,26.562524795532227,25.55890297115954,26.562524795532227,1427100,0.0,0.0
2004-08-17 00:00:00-04:00,26.56253158809449,26.723109691745424,26.428714800156754,26.45547866821289,957500,0.0,0.0
2004-08-18 00:00:00-04:00,26.442082230719464,26.763240814208984,26.268119736115842,26.763240814208984,768700,0.0,0.0
2004-08-19 00:00:00-04:00,26.66289155827982,26.76325478465944,26.50231345888387,26.75656509399414,763400,0.0,0.0
2004-08-20 00:00:00-04:00,26.756562593845324,26.92383292061961,26.62274582195737,26.776634216308594,797100,0.0,0.0
2004-08-23 00:00:00-04:00,26.87030157014968,26.88368350076952,26.57590675354004,26.57590675354004,868100,0.0,0.0
2004-08-24 00:00:00-04:00,26.86362399496071,27.158018944325548,26.78333237503476,26.897077560424805,789500,0.0,0.0
2004-08-25 00:00:00-04:00,26.90375511840748,27.19146024585567,26.70303126381026,27.171388626098633,1112800,0.0,0.0
2004-08-26 00:00:00-04:00,27.231598125685725,27.753480506476222,27.218216198955,27.586210250854492,1266200,0.0,0.0
2004-08-27 00:00:00-04:00,27.586223547929578,27.586223547929578,27.13124802914445,27.231611251831055,940700,0.0,0.0
2004-08-30 00:00:00-04:00,27.23828900570004,27.418941195963615,27.02418327331543,27.02418327331543,682000,0.0,0.0
2004-08-31 00:00:00-04:00,27.13124342389994,27.244988560460563,26.950591185133543,27.151317596435547,723900,0.0,0.0
2004-09-01 00:00:00-04:00,27.265044113563548,27.59958453213488,27.1446093586906,27.345333099365234,782100,0.0,0.0
2004-09-02 00:00:00-04:00,27.399072176697665,28.285512558756686,27.399072176697665,28.218358993530273,1077200,0.15,0.0
2004-09-03 00:00:00-04:00,28.204925991715342,28.5742757006866,28.171349211216892,28.406389236450195,1494700,0.0,0.0
2004-09-07 00:00:00-04:00,28.20492074133923,28.39966961841934,28.11761907889924,28.164627075195312,2290900,0.0,0.0
2004-09-08 00:00:00-04:00,28.37281763316366,28.37281763316366,27.855726921552268,27.936311721801758,1589300,0.0,0.0
2004-09-09 00:00:00-04:00,27.835590664588512,28.003477215567038,27.694566576585462,27.714712142944336,1265800,0.0,0.0
2004-09-10 00:00:00-04:00,27.802001563394217,27.943025588989254,27.55352773344753,27.943025588989258,777700,0.0,0.0
2004-09-13 00:00:00-04:00,27.64081653778362,28.02359732130249,27.6005228799289,27.956443786621094,866600,0.0,0.0
2004-09-14 00:00:00-04:00,28.084049614584295,28.157920074203886,27.56695895899149,27.943025588989258,1275500,0.0,0.0
2004-09-15 00:00:00-04:00,27.976586359630872,28.00344879534412,27.546797635190373,27.862424850463867,961000,0.0,0.0
2004-09-16 00:00:00-04:00,27.748279328387007,28.480264539552962,27.748279328387007,28.211645126342773,777800,0.0,0.0
2004-09-17 00:00:00-04:00,28.33923502732665,28.513835818971913,28.26536457487301,28.379526138305664,965000,0.0,0.0
2004-09-20 00:00:00-04:00,28.258670974813388,28.513856737370705,28.151221102057505,28.345970153808594,479900,0.0,0.0
2004-09-21 00:00:00-04:00,28.27208019808127,28.533985240133664,28.27208019808127,28.433252334594727,619900,0.0,0.0
2004-09-22 00:00:00-04:00,28.439969079270455,28.47354842512876,28.050473772409394,28.191497802734375,1721500,0.0,0.0
2004-09-23 00:00:00-04:00,28.17136376654556,28.258665490343127,27.667704113609986,27.714712142944336,1019300,0.0,0.0
2004-09-24 00:00:00-04:00,27.734840679184558,28.003460020507138,27.734840679184558,27.902727127075195,1374900,0.0,0.0
2004-09-27 00:00:00-04:00,27.902739318291726,27.99004102662686,27.667699213249072,27.775146484375,921100,0.0,0.0
2004-09-28 00:00:00-04:00,27.801995293932297,28.30565461040394,27.801995293932297,28.20492172241211,1288800,0.0,0.0
2004-09-29 00:00:00-04:00,28.20492172241211,28.30565461040394,27.96988173275618,28.20492172241211,1348500,0.0,0.0
2004-09-30 00:00:00-04:00,28.305659702575788,28.896618229093445,28.184781239937127,28.701871871948242,2263700,0.0,0.0
2004-10-01 00:00:00-04:00,29.01077351776036,29.07121273065804,28.51382859374129,28.68171501159668,1251000,0.0,0.0
2004-10-04 00:00:00-04:00,28.742153488178914,29.051063874300755,28.742153488178914,28.9100399017334,1016500,0.0,0.0
2004-10-05 00:00:00-04:00,28.87647247314453,28.950342928885135,28.62800121798957,28.87647247314453,1039100,0.0,0.0
2004-10-06 00:00:00-04:00,28.70858590415041,28.997350832804205,28.70858590415041,28.977205276489258,851900,0.0,0.0
2004-10-07 00:00:00-04:00,28.97048885025337,28.97048885025337,28.446683883666992,28.446683883666992,790400,0.0,0.0
2004-10-08 00:00:00-04:00,28.29894163266711,28.50712176783256,28.110909614933224,28.339235305786133,1086900,0.0,0.0
2004-10-11 00:00:00-04:00,28.486979461877194,28.68172841239933,28.29223307309969,28.47355079650879,966900,0.0,0.0
2004-10-12 00:00:00-04:00,28.46010982671266,28.46010982671266,27.98331039352758,28.20492172241211,1190700,0.0,0.0
2004-10-13 00:00:00-04:00,28.20492979677255,28.2452234758531,27.620685539699288,27.8288631439209,1248200,0.0,0.0
2004-10-14 00:00:00-04:00,27.634102209012738,28.110898965782816,27.634102209012738,27.956443786621094,1313400,0.0,0.0
2004-10-15 00:00:00-04:00,28.137775000367856,28.809320918641607,28.050473313703844,28.486976623535156,946600,0.0,0.0
2004-10-18 00:00:00-04:00,28.33925659252786,28.722037808576374,28.211661146014333,28.540719985961914,760700,0.0,0.0
2004-10-19 00:00:00-04:00,28.540703089057928,28.822751160535955,28.097482861203517,28.131059646606445,1000800,0.0,0.0
2004-10-20 00:00:00-04:00,28.10419821924095,28.34595518175612,27.94974295135506,28.3056640625,858100,0.0,0.0
2004-10-21 00:00:00-04:00,28.305648670256172,28.507111842217558,27.956444643376273,28.17133903503418,1217000,0.0,0.0
2004-10-22 00:00:00-04:00,28.305656139059064,28.453394471216978,27.87586468059416,27.902727127075195,1140100,0.0,0.0
2004-10-25 00:00:00-04:00,27.835587095985492,28.157928925129646,27.701277360072474,28.070627212524414,589900,0.0,0.0
2004-10-26 00:00:00-04:00,28.137793199093807,28.64145296355196,27.77515755386489,28.540719985961914,1014600,0.0,0.0
2004-10-27 00:00:00-04:00,28.40638320900873,28.40638320900873,27.795276711326338,28.238496780395508,1626300,0.0,0.0
2004-10-28 00:00:00-04:00,28.070610700800675,28.191489135844638,27.352056982341367,28.09747314453125,1660800,0.0,0.0
2004-10-29 00:00:00-04:00,27.96316870857425,28.594423445385058,27.96316870857425,28.339235305786133,1187200,0.0,0.0
2004-11-01 00:00:00-05:00,28.473545785924934,28.473545785924934,28.07733362191922,28.319087982177734,868700,0.0,0.0
2004-11-02 00:00:00-05:00,28.27207527324416,28.69514981636859,28.124336949064897,28.20492172241211,902500,0.0,0.0
2004-11-03 00:00:00-05:00,28.62128793982776,28.829468108505953,28.460118344894887,28.554134368896484,754600,0.0,0.0
2004-11-04 00:00:00-05:00,28.372812446936333,29.373416900634766,28.372812446936333,29.373416900634766,927000,0.0,0.0
2004-11-05 00:00:00-05:00,29.373416900634766,29.67561048676895,29.138374313732,29.373416900634766,1019700,0.0,0.0
2004-11-08 00:00:00-05:00,29.23238476465158,29.34654887069234,29.09136077637504,29.326400756835938,1027700,0.0,0.0
2004-11-09 00:00:00-05:00,29.326399177293272,29.527864934544258,29.27267685397159,29.33983039855957,855600,0.0,0.0
2004-11-10 00:00:00-05:00,29.44726749167008,29.695741157129472,29.33982032019181,29.54800033569336,1153700,0.0,0.0
2004-11-11 00:00:00-05:00,29.74947742291235,29.783054199429564,29.56144542502087,29.595022201538086,1155700,0.0,0.0
2004-11-12 00:00:00-05:00,29.682322174613105,29.93751027270814,29.413702854329525,29.86363983154297,795800,0.0,0.0
2004-11-15 00:00:00-05:00,29.863649302345447,29.91737164639317,29.507728205833182,29.729339599609375,500400,0.0,0.0
2004-11-16 00:00:00-05:00,29.615161704961466,29.675600915042747,29.413698525271634,29.4271297454834,880100,0.0,0.0
2004-11-17 00:00:00-05:00,29.749490112117286,30.152419287418866,29.749490112117286,29.80321502685547,1191900,0.0,0.0
2004-11-18 00:00:00-05:00,29.809905972832997,30.145678741279852,29.809905972832997,30.065093994140625,575400,0.0,0.0
2004-11-19 00:00:00-05:00,30.06509973747744,30.06509973747744,29.548009267880325,29.756189346313477,1086200,0.0,0.0
2004-11-22 00:00:00-05:00,29.816633977764283,30.08525075561045,29.52115219186646,29.95094108581543,1194900,0.0,0.0
2004-11-23 00:00:00-05:00,30.018099489435883,30.031530713613442,29.695757794406653,29.809919357299805,1295900,0.0,0.0
2004-11-24 00:00:00-05:00,29.883804196439943,30.071836301962414,29.843510504508565,30.038259506225586,817100,0.0,0.0
2004-11-26 00:00:00-05:00,30.038241161488855,30.35386848449707,30.004664386257794,30.35386848449707,925400,0.0,0.0
2004-11-29 00:00:00-05:00,30.253146089447753,30.380741466019618,29.90394187009757,30.10540771484375,1376400,0.0,0.0
2004-11-30 00:00:00-05:00,30.051675701296812,30.259855829500125,29.890503575954888,30.152408599853516,1381800,0.0,0.0
2004-12-01 00:00:00-05:00,30.286712123955766,30.629201889038086,30.13225690976434,30.629201889038086,1302400,0.0,0.0
2004-12-02 00:00:00-05:00,30.884385742044884,30.978401723687643,30.56204157392204,30.71649932861328,1687100,0.0,0.0
2004-12-03 00:00:00-05:00,31.16118677369726,31.16118677369726,30.46048055156615,30.972536087036133,1311000,0.15,0.0
2004-12-06 00:00:00-05:00,30.972535742455257,30.99274758146613,30.75693422576323,30.884946823120117,1021900,0.0,0.0
2004-12-07 00:00:00-05:00,30.420059099846203,30.568283548713058,29.982117036413644,30.069705963134766,1530100,0.0,0.0
2004-12-08 00:00:00-05:00,30.0764354265353,30.231398833228532,29.81367127735233,30.096647262573242,937200,0.0,0.0
2004-12-09 00:00:00-05:00,30.096632489886655,30.143797701111918,29.544153634534904,29.975358963012695,1329200,0.0,0.0
2004-12-10 00:00:00-05:00,30.514382732557138,30.514382732557138,29.77998924255371,29.77998924255371,826100,0.0,0.0
2004-12-13 00:00:00-05:00,29.746308033689026,29.948434181074184,29.672194513274007,29.773256301879883,1534300,0.0,0.0
2004-12-14 00:00:00-05:00,29.571114649365377,29.881041417529158,29.571114649365377,29.726078033447266,871300,0.0,0.0
2004-12-15 00:00:00-05:00,29.732808287766513,30.05621037301686,29.678906655139137,29.914722442626953,1071300,0.0,0.0
2004-12-16 00:00:00-05:00,29.921480423874815,29.955167683457255,29.490277332804023,29.604814529418945,1439700,0.0,0.0
2004-12-17 00:00:00-05:00,28.97149117262287,29.50375872031041,28.931064910840405,29.072555541992188,3125500,0.0,0.0
2004-12-20 00:00:00-05:00,29.409417244150195,29.91473367397977,29.409417244150195,29.550905227661133,1259100,0.0,0.0
2004-12-21 00:00:00-05:00,29.577863798596166,29.860839839710906,29.51048671487389,29.82041358947754,1317100,0.0,0.0
2004-12-22 00:00:00-05:00,29.409440937810764,29.96192047391475,29.37575109254215,29.71936798095703,1802900,0.0,0.0
2004-12-23 00:00:00-05:00,29.779982309480136,29.921470293929364,29.645230746597505,29.87430763244629,684800,0.0,0.0
2004-12-27 00:00:00-05:00,30.01580259987847,30.11686693809548,29.571124138034822,29.73956298828125,757500,0.0,0.0
2004-12-28 00:00:00-05:00,29.69241110910789,29.982126242457905,29.69241110910789,29.955175399780273,617000,0.0,0.0
2004-12-29 00:00:00-05:00,29.955169349215772,29.955169349215772,29.793469466158932,29.88105583190918,428400,0.0,0.0
2004-12-30 00:00:00-05:00,29.887771626313263,30.049471383852783,29.813658166536275,29.914722442626953,534200,0.0,0.0
2004-12-31 00:00:00-05:00,30.015815738700503,30.02929116103956,29.739576006184873,29.746315002441406,545200,0.0,0.0
2005-01-03 00:00:00-05:00,29.88106378769692,30.015815439570574,29.321847902156136,29.63177490234375,1382800,0.0,0.0
2005-01-04 00:00:00-05:00,29.577861976321053,29.62502464693451,29.032119197571742,29.207294464111328,1776800,0.0,0.0
2005-01-05 00:00:00-05:00,29.112953335713264,29.503732474798948,28.61437606811523,28.614376068115234,2078100,0.0,0.0
2005-01-06 00:00:00-05:00,28.49986111091071,28.978226965787982,28.45943742018361,28.897377014160156,2095900,0.0,0.0
2005-01-07 00:00:00-05:00,28.917575165013595,29.059065726073566,28.78956258804471,28.890626907348633,1226200,0.0,0.0
2005-01-10 00:00:00-05:00,28.722193435424533,29.018644886304482,28.654816353288485,28.789567947387695,797100,0.0,0.0
2005-01-11 00:00:00-05:00,28.789575255032442,28.883900623792588,28.432485624676595,28.71546173095703,828000,0.0,0.0
2005-01-12 00:00:00-05:00,28.654816691386078,28.88389363300574,28.398791486766918,28.86368179321289,1081600,0.0,0.0
2005-01-13 00:00:00-05:00,28.73566067405266,28.809771588051973,28.37183224457755,28.418994903564453,1093300,0.0,0.0
2005-01-14 00:00:00-05:00,28.36510310304281,28.466167447493664,28.210139659678404,28.42574119567871,1829100,0.0,0.0
2005-01-18 00:00:00-05:00,28.196666787533925,28.627872468629683,28.136028689424624,28.573970794677734,1025600,0.0,0.0
2005-01-19 00:00:00-05:00,28.466171538964915,28.493122377381887,28.149505612999043,28.176456451416016,1150800,0.0,0.0
2005-01-20 00:00:00-05:00,28.156240698098824,28.16297712168098,27.765461305834055,27.880001068115234,1970800,0.0,0.0
2005-01-21 00:00:00-05:00,27.92716081224283,27.967584489838696,27.664396627178526,27.725034713745117,2255800,0.0,0.0
2005-01-24 00:00:00-05:00,27.691346788915254,27.920423734977035,27.67113494873047,27.67113494873047,1107300,0.0,0.0
2005-01-25 00:00:00-05:00,27.758718823859756,28.21687263264543,27.684605329766118,27.76545524597168,1736900,0.0,0.0
2005-01-26 00:00:00-05:00,28.061899050704923,28.29097587206392,27.80587141032215,28.243810653686523,3124900,0.0,0.0
2005-01-27 00:00:00-05:00,28.243827912322857,28.87715969552674,28.243827912322857,28.688508987426758,2224600,0.0,0.0
2005-01-28 00:00:00-05:00,28.69524574336389,28.7424084209348,28.5200704509824,28.735671997070312,1466300,0.0,0.0
2005-01-31 00:00:00-05:00,29.106242808390732,29.13993007478928,28.91085306503601,29.072555541992188,1245800,0.0,0.0
2005-02-01 00:00:00-05:00,29.072555541992188,29.227519023564444,28.924328485630166,29.072555541992188,1171600,0.0,0.0
2005-02-02 00:00:00-05:00,29.207304607586373,29.26794271517323,29.038865705419962,29.072555541992188,1270800,0.0,0.0
2005-02-03 00:00:00-05:00,29.005173975304825,29.018649393825196,28.735673315417255,28.964750289916992,909900,0.0,0.0
2005-02-04 00:00:00-05:00,28.93779280666927,29.786723417090602,28.93779280666927,29.732824325561523,1256200,0.0,0.0
2005-02-07 00:00:00-05:00,29.665451487858974,30.29204425873724,29.65197607050779,30.13034439086914,1496800,0.0,0.0
2005-02-08 00:00:00-05:00,30.217930412001618,30.217930412001618,29.948429778497225,30.069705963134766,936500,0.0,0.0
2005-02-09 00:00:00-05:00,30.022554435759947,30.09666540262517,29.517237668864233,29.63177490234375,996600,0.0,0.0
2005-02-10 00:00:00-05:00,29.645230746597505,30.049482865073102,29.577856250242338,29.87430763244629,834000,0.0,0.0
2005-02-11 00:00:00-05:00,29.90126809666213,30.433532957838015,29.71935381366286,30.21119499206543,840000,0.0,0.0
2005-02-14 00:00:00-05:00,30.11685631617626,30.238132451194616,30.049479257737186,30.18423080444336,538600,0.0,0.0
2005-02-15 00:00:00-05:00,30.116854305437528,30.487419106509915,30.056216241976824,30.446992874145508,724500,0.0,0.0
2005-02-16 00:00:00-05:00,30.251603606385032,30.514367671895734,30.150539318032475,30.42677879333496,991700,0.0,0.0
2005-02-17 00:00:00-05:00,30.28529583306178,30.500897284891593,30.231394185018306,30.31898307800293,971800,0.0,0.0
2005-02-18 00:00:00-05:00,30.352678648241067,30.62891824480226,30.33920323253409,30.45374298095703,791300,0.0,0.0
2005-02-22 00:00:00-05:00,30.265083979326565,30.45373719319781,29.77998195693313,29.813669204711914,1190000,0.0,0.0
2005-02-23 00:00:00-05:00,29.914744087389607,30.06296854401984,29.712615388958373,29.995594024658203,1006200,0.0,0.0
2005-02-24 00:00:00-05:00,29.99558399066252,30.238136291503906,29.847357013443386,30.238136291503906,1299800,0.0,0.0
2005-02-25 00:00:00-05:00,30.13034580145023,30.628923415920156,30.029281451671448,30.601972579956055,1349700,0.0,0.0
2005-02-28 00:00:00-05:00,30.386366109851213,30.521117697668117,30.056227418381198,30.20445442199707,1333400,0.0,0.0
2005-03-01 00:00:00-05:00,30.20445489385124,30.71650785134745,30.20445489385124,30.5884952545166,1423800,0.0,0.0
2005-03-02 00:00:00-05:00,30.318997492234544,30.92537847014854,30.217933139191125,30.83778953552246,1626900,0.0,0.0
2005-03-03 00:00:00-05:00,31.047483444213867,31.142181234798016,30.810736387432218,31.047483444213867,1208900,0.18,0.0
2005-03-04 00:00:00-05:00,31.250401370646948,31.906522750854496,31.182758262163194,31.906522750854492,2096700,0.0,0.0
2005-03-07 00:00:00-05:00,32.33265982744563,32.71145342984139,32.15002733595055,32.2988395690918,2493300,0.0,0.0
2005-03-08 00:00:00-05:00,32.44765351369747,32.44765351369747,32.170323252055624,32.28531265258789,1526600,0.0,0.0
2005-03-09 00:00:00-05:00,32.501763646732705,32.81291415159499,32.40030287183603,32.56264114379883,2548100,0.0,0.0
2005-03-10 00:00:00-05:00,32.46794344118128,32.596461455053976,31.940340185964587,32.2988395690918,1802000,0.0,0.0
2005-03-11 00:00:00-05:00,32.231193142998904,32.697918815479376,32.143258423144964,32.36647415161133,1304700,0.0,0.0
2005-03-14 00:00:00-05:00,32.46794544959376,32.718218473277986,32.30560458700479,32.677635192871094,1063800,0.0,0.0
2005-03-15 00:00:00-05:00,32.67763317148756,32.697924810435794,32.24472509146941,32.2988395690918,1343700,0.0,0.0
2005-03-16 00:00:00-05:00,32.30561821164603,32.32591244072888,31.717137174674612,31.771251678466797,1652300,0.0,0.0
2005-03-17 00:00:00-05:00,31.825349436284014,32.52205917073013,31.70359443726704,32.440887451171875,1708500,0.0,0.0
2005-03-18 00:00:00-05:00,32.447651764667505,32.50176366190693,32.10944402088008,32.40030288696289,1586100,0.0,0.0
2005-03-21 00:00:00-05:00,32.36649254496244,32.373258147429745,31.98770137707506,32.068870544433594,929600,0.0,0.0
2005-03-22 00:00:00-05:00,31.99445127743335,32.56264037655605,31.913282143364462,32.16355514526367,1769300,0.0,0.0
2005-03-23 00:00:00-05:00,32.06208930191354,32.50852333916612,32.06208930191354,32.36647415161133,1641900,0.0,0.0
2005-03-24 00:00:00-05:00,32.44763519404097,32.67085084918049,32.305586053149646,32.33940887451172,1042600,0.0,0.0
2005-03-28 00:00:00-05:00,32.50176451131701,32.5964622692011,32.3326606350039,32.43412399291992,946700,0.0,0.0
2005-03-29 00:00:00-05:00,32.50176364452848,32.57616976097318,31.568309549684628,31.575075149536133,1307800,0.0,0.0
2005-03-30 00:00:00-05:00,31.70359910934226,32.17032753446133,31.58184409238257,32.12974166870117,1285400,0.0,0.0
2005-03-31 00:00:00-05:00,32.231198607938246,32.48823463213929,32.17032111161268,32.37324523925781,1040800,0.0,0.0
2005-04-01 00:00:00-05:00,32.67087575930506,32.73851887328516,32.12974374906914,32.22444152832031,1386900,0.0,0.0
2005-04-04 00:00:00-04:00,32.06211075947122,32.40708169081632,31.960647354787707,32.30561828613281,1137700,0.0,0.0
2005-04-05 00:00:00-04:00,32.29885526330398,32.42061031679556,32.13651433187468,32.30561828613281,964000,0.0,0.0
2005-04-06 00:00:00-04:00,32.528827206494014,32.83321475097316,32.49500694162318,32.603233337402344,1234900,0.0,0.0
2005-04-07 00:00:00-04:00,32.637052240875775,32.89409088774968,32.36648497255371,32.887325286865234,1220400,0.0,0.0
2005-04-08 00:00:00-04:00,32.88733000238764,33.009085032558254,32.73852030576219,32.758811950683594,1162200,0.0,0.0
2005-04-11 00:00:00-04:00,32.80615563199691,33.42845672708087,32.5829372520294,33.063194274902344,2097100,0.0,0.0
2005-04-12 00:00:00-04:00,33.06320325557426,33.076731880488225,32.29885272002402,32.94144821166992,1680800,0.0,0.0
2005-04-13 00:00:00-04:00,32.77235125744248,32.77235125744248,31.778019047016542,31.89301109313965,1906700,0.0,0.0
2005-04-14 00:00:00-04:00,31.825337003940017,31.825337003940017,30.9730549240796,31.338319778442383,2360700,0.0,0.0
2005-04-15 00:00:00-04:00,30.979834075869327,30.993362697556694,30.17490043787648,30.283126831054688,2153100,0.0,0.0
2005-04-18 00:00:00-04:00,30.114027324014476,30.540169938217257,29.97198064605392,30.384592056274414,1864900,0.0,0.0
2005-04-19 00:00:00-04:00,30.486058038088892,31.03395573154988,30.398123266968188,30.979841232299805,1419300,0.0,0.0
2005-04-20 00:00:00-04:00,30.91219354775323,30.97307105518602,30.262835188684004,30.283126831054688,1185200,0.0,0.0
2005-04-21 00:00:00-04:00,30.289884346548618,31.324801784809647,29.76904411769104,31.284215927124023,1744100,0.0,0.0
2005-04-22 00:00:00-04:00,31.29097321620039,31.331559066453448,30.634852075854717,30.939239501953125,1312200,0.0,0.0
2005-04-25 00:00:00-04:00,31.182743489639442,31.514188113389277,30.93247055761581,31.209800720214844,816700,0.0,0.0
2005-04-26 00:00:00-04:00,31.047474035599283,31.40597344283441,30.580745665841338,30.60103988647461,896500,0.0,0.0
2005-04-27 00:00:00-04:00,30.601033737441732,30.932475837445516,30.005787464778646,30.918947219848633,1854600,0.0,0.0
2005-04-28 00:00:00-04:00,31.013666355223627,31.297762360081187,30.4725341796875,30.4725341796875,1904800,0.0,0.0
2005-04-29 00:00:00-04:00,31.182756646874154,31.676542282104492,31.081295859885387,31.676542282104492,2142300,0.0,0.0
2005-05-02 00:00:00-04:00,31.656247686618688,31.845645798004874,31.43979491388069,31.62919044494629,1137600,0.0,0.0
2005-05-03 00:00:00-04:00,31.656261929284643,32.055347392385464,31.473629336307482,31.85918617248535,1219800,0.0,0.0
2005-05-04 00:00:00-04:00,32.08238983154297,32.10268147239644,31.79153093781392,32.08238983154297,1211100,0.0,0.0
2005-05-05 00:00:00-04:00,32.028264988449834,32.16354857112656,31.696822920227543,31.94709587097168,1152400,0.0,0.0
2005-05-06 00:00:00-04:00,32.02827581903642,32.319134717035475,31.75771114250933,31.926815032958984,980400,0.0,0.0
2005-05-09 00:00:00-04:00,31.926829307100085,32.02152711523897,31.656261929284643,31.85918617248535,1188500,0.0,0.0
2005-05-10 00:00:00-04:00,31.690074285468206,31.696839887399484,31.2436400298846,31.29098892211914,1490400,0.0,0.0
2005-05-11 00:00:00-04:00,31.250409394254852,31.703606726011998,31.033956552173617,31.66978645324707,1877200,0.0,0.0
2005-05-12 00:00:00-04:00,31.62243062648181,32.30560927579832,30.337239900442977,30.52663803100586,2431300,0.0,0.0
2005-05-13 00:00:00-04:00,30.621329645148073,30.797196537799895,29.41054529469023,29.674346923828125,2609800,0.0,0.0
2005-05-16 00:00:00-04:00,29.694644489960687,30.425171962190753,29.613472763907975,30.3913516998291,1196100,0.0,0.0
2005-05-17 00:00:00-04:00,30.37106571055897,31.033952781429612,30.134318669327318,30.9324893951416,1408200,0.0,0.0
2005-05-18 00:00:00-04:00,31.79152994964094,32.772332985428,31.19628356000899,32.65734100341797,2501000,0.0,0.0
2005-05-19 00:00:00-04:00,32.535594677964816,32.60323779728037,32.02151987277243,32.183860778808594,1392300,0.0,0.0
2005-05-20 00:00:00-04:00,31.93358417734604,32.129745347163684,31.70360273901666,31.95387840270996,879700,0.0,0.0
2005-05-23 00:00:00-04:00,31.920045162736766,32.45441400435745,31.892990504927305,32.16355514526367,941000,0.0,0.0
2005-05-24 00:00:00-04:00,32.01475215235178,32.183856055340364,31.757713497319322,31.8524112701416,1075600,0.0,0.0
2005-05-25 00:00:00-04:00,31.70360146411326,32.02151765204562,31.270695851800845,31.595375061035156,1056000,0.0,0.0
2005-05-26 00:00:00-04:00,31.73740871222627,31.892986521882218,31.58859908173786,31.7238826751709,801200,0.0,0.0
2005-05-27 00:00:00-04:00,31.65623958829442,31.757702928449177,31.534484612236675,31.7238826751709,772900,0.0,0.0
2005-05-31 00:00:00-04:00,31.663022358041133,31.933587111314907,31.46686117020075,31.70360565185547,742300,0.0,0.0
2005-06-01 00:00:00-04:00,31.71710895624944,32.52204471192397,31.66976009771791,32.393524169921875,949400,0.0,0.0
2005-06-02 00:00:00-04:00,32.095915401490146,32.440886164812376,31.76447067723754,32.40030288696289,977700,0.0,0.0
2005-06-03 00:00:00-04:00,32.31882803034929,32.62436369709669,31.938608169555664,31.938608169555664,699000,0.18,0.0
2005-06-06 00:00:00-04:00,31.877500929077225,32.08119050953979,31.571965263356617,31.897869110107422,1011700,0.0,0.0
2005-06-07 00:00:00-04:00,32.06761718394505,32.474999015276886,31.870716094970703,31.870716094970703,1102400,0.0,0.0
2005-06-08 00:00:00-04:00,32.08120315900049,32.087991692002724,31.42260408543741,31.48371124267578,923300,0.0,0.0
2005-06-09 00:00:00-04:00,31.341111948511248,31.8639167714521,31.103474569925936,31.68059539794922,869700,0.0,0.0
2005-06-10 00:00:00-04:00,31.687379473253728,31.958967230650288,31.50406071557178,31.578744888305664,698800,0.0,0.0
2005-06-13 00:00:00-04:00,31.449754859725807,32.067614797378106,31.368279535544694,31.60591697692871,788200,0.0,0.0
2005-06-14 00:00:00-04:00,31.538020323420493,31.972558825598806,31.53122920241871,31.816396713256836,685000,0.0,0.0
2005-06-15 00:00:00-04:00,32.01329450434558,32.19661331176758,31.714547372139485,32.19661331176758,786400,0.0,0.0
2005-06-16 00:00:00-04:00,32.257717065678584,33.079269003144844,32.25092853613651,32.84162902832031,1241300,0.0,0.0
2005-06-17 00:00:00-04:00,33.133585157546804,33.133585157546804,32.59041213989258,32.59041213989258,1341900,0.0,0.0
2005-06-20 00:00:00-04:00,32.36635901572313,33.06569685975221,32.135512698146215,32.889163970947266,1524800,0.0,0.0
2005-06-21 00:00:00-04:00,32.76015906263603,33.153961181640625,32.6854722752349,33.153961181640625,1704300,0.0,0.0
2005-06-22 00:00:00-04:00,33.052127369270686,33.371242819414604,33.052127369270686,33.35087203979492,1764400,0.0,0.0
2005-06-23 00:00:00-04:00,33.2218577020781,33.37123128071896,32.047245025634766,32.047245025634766,1269200,0.0,0.0
2005-06-24 00:00:00-04:00,31.95896517090969,32.352767134749065,31.300366585203733,31.551586151123047,2251700,0.0,0.0
2005-06-27 00:00:00-04:00,31.429386850522835,31.91145285717791,31.164590102925082,31.55838966369629,1525100,0.0,0.0
2005-06-28 00:00:00-04:00,31.61269552080532,32.35955797377098,31.61269552080532,32.02686309814453,862600,0.0,0.0
2005-06-29 00:00:00-04:00,32.054022628761004,32.21018468498677,31.92501986667524,32.108341217041016,738300,0.0,0.0
2005-06-30 00:00:00-04:00,32.013294063311214,32.441041394807655,31.57196449138869,31.639860153198242,1715300,0.0,0.0
2005-07-01 00:00:00-04:00,31.68059553800126,31.877496561158495,31.30716425997928,31.429378509521484,1030400,0.0,0.0
2005-07-05 00:00:00-04:00,31.429377646099226,31.470114001458732,31.076314556015838,31.25963592529297,1157000,0.0,0.0
2005-07-06 00:00:00-04:00,31.11707315010195,31.483713530115782,31.096702369506087,31.273235321044922,1262200,0.0,0.0
2005-07-07 00:00:00-04:00,30.933731408098232,31.680593926143015,30.24797342166247,31.626277923583984,1599500,0.0,0.0
2005-07-08 00:00:00-04:00,31.76886614108279,32.23056390232083,31.694179357639353,32.149085998535156,1333900,0.0,0.0
2005-07-11 00:00:00-04:00,32.42066833653401,32.963841319449614,32.42066833653401,32.929893493652344,1431500,0.0,0.0
2005-07-12 00:00:00-04:00,32.77372405291468,32.78730369819046,32.230551192145676,32.631141662597656,1213400,0.0,0.0
2005-07-13 00:00:00-04:00,32.61758222278249,32.78732400880023,32.28488718256391,32.57684326171875,591100,0.0,0.0
2005-07-14 00:00:00-04:00,32.57683580108786,32.95705824710989,32.52251978882958,32.5293083190918,745500,0.0,0.0
2005-07-15 00:00:00-04:00,32.53609072698836,32.67867573619963,32.4478268999207,32.508934020996094,655800,0.0,0.0
2005-07-18 00:00:00-04:00,32.42067090138764,32.64473123147098,32.25771769859492,32.44783020019531,475800,0.0,0.0
2005-07-19 00:00:00-04:00,32.59042806511359,32.895963846234935,32.488581941388304,32.604007720947266,1059700,0.0,0.0
2005-07-20 00:00:00-04:00,32.488568746373176,33.113219710751714,32.474991686108254,33.0521125793457,961000,0.0,0.0
2005-07-21 00:00:00-04:00,33.167545806017955,33.22865295600259,32.59042473731635,32.66511154174805,773300,0.0,0.0
2005-07-22 00:00:00-04:00,32.81446988901339,33.147162203045426,32.69225564588442,33.07247543334961,743000,0.0,0.0
2005-07-25 00:00:00-04:00,32.99777535834664,33.26257450505623,32.8619841118929,32.90951156616211,932100,0.0,0.0
2005-07-26 00:00:00-04:00,32.48856932366707,32.73299785363442,32.18982478151449,32.19661331176758,1850900,0.0,0.0
2005-07-27 00:00:00-04:00,32.420672917329846,33.065692058826684,32.339197605893936,32.6922607421875,1412000,0.0,0.0
2005-07-28 00:00:00-04:00,32.997793537720554,34.02982363766457,32.997793537720554,33.93476867675781,1840400,0.0,0.0
2005-07-29 00:00:00-04:00,34.023029015292735,34.226718550769775,33.51380388157365,33.53417205810547,1272000,0.0,0.0
2005-08-01 00:00:00-04:00,34.179206411362465,34.179206411362465,33.54776675508747,33.91440963745117,1142400,0.0,0.0
2005-08-02 00:00:00-04:00,33.98228300950398,34.66124971335042,33.98228300950398,34.634090423583984,1400900,0.0,0.0
2005-08-03 00:00:00-04:00,34.45754697628393,35.10935413983873,34.30817353003333,34.97356033325195,1347700,0.0,0.0
2005-08-04 00:00:00-04:00,34.76310088746869,34.76988941588637,34.41003783853505,34.45756530761719,1544200,0.0,0.0
2005-08-05 00:00:00-04:00,34.36931810444051,34.593378518227325,34.308210954321765,34.410057067871094,773100,0.0,0.0
2005-08-08 00:00:00-04:00,34.545831717363804,34.66125483083392,34.32177142878843,34.45756530761719,668900,0.0,0.0
2005-08-09 00:00:00-04:00,34.58657160559019,34.803840797918,34.45078030292512,34.75631332397461,1100400,0.0,0.0
2005-08-10 00:00:00-04:00,34.878525653274856,35.12974524752782,34.24708628835219,34.46435546875,1115000,0.0,0.0
2005-08-11 00:00:00-04:00,34.55262762611041,34.88532257080078,34.43041336806524,34.88532257080078,806200,0.0,0.0
2005-08-12 00:00:00-04:00,34.68163713782845,35.034697714203645,34.66126636569066,34.7902717590332,914100,0.0,0.0
2005-08-15 00:00:00-04:00,34.70200201861763,34.97358725076604,34.60015593777858,34.851375579833984,793900,0.0,0.0
2005-08-16 00:00:00-04:00,34.695218553618425,34.83101249468066,34.267471135845305,34.314998626708984,1127100,0.0,0.0
2005-08-17 00:00:00-04:00,34.192773381000485,34.42362222980994,33.92797670531823,34.24708938598633,767800,0.0,0.0
2005-08-18 00:00:00-04:00,34.06377531377835,34.31499498459852,33.89403355298004,34.2674674987793,777700,0.0,0.0
2005-08-19 00:00:00-04:00,34.491510070271794,34.505089715955386,34.11807887915721,34.21992492675781,746400,0.0,0.0
2005-08-22 00:00:00-04:00,34.35573564550069,34.79027678312581,34.05699104155908,34.1995735168457,935100,0.0,0.0
2005-08-23 00:00:00-04:00,33.26939162396262,33.77861700596205,32.72621840117408,33.2490234375,3748800,0.0,0.0
2005-08-24 00:00:00-04:00,33.208269907497794,33.43233022051806,32.957052887791235,33.26258850097656,1804000,0.0,0.0
2005-08-25 00:00:00-04:00,33.26936246431791,33.33046956020139,32.70581895894228,33.0996208190918,1622000,0.0,0.0
2005-08-26 00:00:00-04:00,32.88235950773902,33.05888972095791,32.52929649124867,32.87556838989258,1101900,0.0,0.0
2005-08-29 00:00:00-04:00,32.48855910257724,33.12678952782398,32.35276781980812,33.05889129638672,1045100,0.0,0.0
2005-08-30 00:00:00-04:00,32.841631323605505,32.848422443675446,32.18303512975901,32.454620361328125,1411600,0.0,0.0
2005-08-31 00:00:00-04:00,32.42067042713158,32.79410171508789,32.305247293967355,32.79410171508789,1464100,0.0,0.0
2005-09-01 00:00:00-04:00,32.69226153597367,32.868791813379985,32.52251978882958,32.5293083190918,1231400,0.0,0.0
2005-09-02 00:00:00-04:00,32.50886988195744,32.72695852503748,32.168106052167154,32.64517593383789,1026500,0.18,0.0
2005-09-06 00:00:00-04:00,32.7814760433812,33.08816397888581,32.733769320060645,32.87689208984375,1004700,0.0,0.0
2005-09-07 00:00:00-04:00,32.747397100851074,33.08134673247686,32.747397100851074,32.95867156982422,822200,0.0,0.0
2005-09-08 00:00:00-04:00,32.78147425001978,33.01319372196652,32.73376752930909,32.80192184448242,867400,0.0,0.0
2005-09-09 00:00:00-04:00,33.05407950888832,33.38121235493595,32.78146750393826,33.36076736450195,673000,0.0,0.0
2005-09-12 00:00:00-04:00,33.3266960459012,33.647012205483115,33.224465880187566,33.44255447387695,863200,0.0,0.0
2005-09-13 00:00:00-04:00,33.36758211540817,33.50388812041876,33.01318754230896,33.02000427246094,1051100,0.0,0.0
2005-09-14 00:00:00-04:00,32.81553917556849,33.08814852438365,32.77464660332711,32.924583435058594,752500,0.0,0.0
2005-09-15 00:00:00-04:00,32.98591055170348,33.04043136427967,32.651961150329015,32.86323547363281,808500,0.0,0.0
2005-09-16 00:00:00-04:00,33.135875454662674,33.3607808395632,32.69969815041877,33.28581237792969,1573200,0.0,0.0
2005-09-19 00:00:00-04:00,32.84962819964887,33.013193354602166,32.5974637358668,32.89051818847656,1004400,0.0,0.0
2005-09-20 00:00:00-04:00,33.08815789900531,33.39484577815666,32.5088605938024,32.522491455078125,1171200,0.0,0.0
2005-09-21 00:00:00-04:00,32.33848143902803,32.40663315129991,31.520647892659657,31.581985473632812,1881400,0.0,0.0
2005-09-22 00:00:00-04:00,31.452507150907998,31.54110388779942,30.886837862427576,31.350276947021484,3676500,0.0,0.0
2005-09-23 00:00:00-04:00,31.377512805459634,32.28394262647679,31.09127003052479,31.97725486755371,1797800,0.0,0.0
2005-09-26 00:00:00-04:00,32.406631191455375,32.604274784840634,32.038605727873374,32.1340217590332,1405500,0.0,0.0
2005-09-27 00:00:00-04:00,32.18173300953132,32.39982162612901,32.14765455083306,32.2158088684082,1241300,0.0,0.0
2005-09-28 00:00:00-04:00,32.10675939483978,32.60427413390295,32.10675939483978,32.47478485107422,1454300,0.0,0.0
2005-09-29 00:00:00-04:00,32.49523806081831,32.870077742595974,32.15447424105287,32.60428237915039,2055400,0.0,0.0
2005-09-30 00:00:00-04:00,32.6451777122234,32.91778723101334,32.549761650833986,32.66562271118164,1716800,0.0,0.0
2005-10-03 00:00:00-04:00,32.91777656408796,33.020006725395405,32.67924298746526,32.75421142578125,1139700,0.0,0.0
2005-10-04 00:00:00-04:00,33.02000109405096,33.65382174649276,32.91095682050294,33.14949035644531,1600000,0.0,0.0
2005-10-05 00:00:00-04:00,32.82236592613552,32.84281092020817,32.059055816175494,32.23625183105469,2680900,0.0,0.0
2005-10-06 00:00:00-04:00,32.168097276094734,32.243065714167244,31.588797363602332,31.7251033782959,2088500,0.0,0.0
2005-10-07 00:00:00-04:00,31.861418844850398,32.37256460171966,31.69785105873066,31.77281951904297,1190300,0.0,0.0
2005-10-10 00:00:00-04:00,31.738723659620184,31.99088801286046,31.602417690364316,31.78643035888672,1207400,0.0,0.0
2005-10-11 00:00:00-04:00,31.725104686341016,31.86141070665456,31.43886438352156,31.62287712097168,1342100,0.0,0.0
2005-10-12 00:00:00-04:00,31.452498783323836,31.84778342689167,31.432051188093137,31.63650894165039,1217900,0.0,0.0
2005-10-13 00:00:00-04:00,31.445679127377538,31.909118045581636,31.36389655352421,31.77962875366211,1080900,0.0,0.0
2005-10-14 00:00:00-04:00,31.486582106773565,31.98409704497611,31.486582106773565,31.711484909057617,1072900,0.0,0.0
2005-10-17 00:00:00-04:00,31.43203554446456,32.09993192691299,31.418404687701926,32.03178024291992,1668900,0.0,0.0
2005-10-18 00:00:00-04:00,31.82732984688229,31.91592913612757,31.677392988131917,31.731916427612305,1038100,0.0,0.0
2005-10-19 00:00:00-04:00,31.55472128940993,31.827333316892307,31.213957554967443,31.82051658630371,1334000,0.0,0.0
2005-10-20 00:00:00-04:00,31.69784965174058,32.30441144015192,31.547915337592947,31.6092529296875,1811400,0.0,0.0
2005-10-21 00:00:00-04:00,31.820537135905795,32.24990044653467,31.636524288493423,31.99091911315918,1161500,0.0,0.0
2005-10-24 00:00:00-04:00,32.174897715960654,32.576998858304464,32.13400774882663,32.44069290161133,836200,0.0,0.0
2005-10-25 00:00:00-04:00,32.57702064961197,32.951860331389625,32.04542992272079,32.60428237915039,1337300,0.0,0.0
2005-10-26 00:00:00-04:00,32.57702251804222,33.63338989993791,32.508870790108986,33.10861587524414,1341700,0.0,0.0
2005-10-27 00:00:00-04:00,33.16994536602974,33.35395812069917,32.7133231450444,32.98593521118164,1291400,0.0,0.0
2005-10-28 00:00:00-04:00,33.394837988885484,33.68789493840623,33.13585688469545,33.667449951171875,1149000,0.0,0.0
2005-10-31 00:00:00-05:00,33.81057663753723,34.00140348836091,33.59930219568184,33.67427062988281,1830000,0.0,0.0
2005-11-01 00:00:00-05:00,33.674275019181984,33.71516760675474,33.292618667966494,33.43574142456055,1452600,0.0,0.0
2005-11-02 00:00:00-05:00,33.46981765342924,33.8242122835401,33.21765319347734,33.66064453125,1365500,0.0,0.0
2005-11-03 00:00:00-05:00,33.619755427813374,33.72198300084144,32.686060808598405,32.80192184448242,2094300,0.0,0.0
2005-11-04 00:00:00-05:00,33.020022257608524,33.14269746895397,32.849640308497875,33.08135986328125,1655100,0.0,0.0
2005-11-07 00:00:00-05:00,33.10860845747105,33.10860845747105,32.65879779453057,32.95867156982422,928600,0.0,0.0
2005-11-08 00:00:00-05:00,32.87688243334092,33.006371701489016,32.74057643539412,32.8973274230957,867900,0.0,0.0
2005-11-09 00:00:00-05:00,33.020011754255776,33.067718476845926,32.37256003361911,32.59064865112305,1591100,0.0,0.0
2005-11-10 00:00:00-05:00,32.78146782765068,33.73560725457713,32.69287113501467,33.68790054321289,1138300,0.0,0.0
2005-11-11 00:00:00-05:00,33.73560968152225,33.912805679362556,33.49025937695801,33.89236068725586,762700,0.0,0.0
2005-11-14 00:00:00-05:00,33.97415415171708,34.049122613246865,33.57886944522613,33.762882232666016,816400,0.0,0.0
2005-11-15 00:00:00-05:00,33.98095298075923,34.06955226132472,33.75604771466692,34.02184295654297,866700,0.0,0.0
2005-11-16 00:00:00-05:00,34.07638619599383,34.25358226029134,33.87874253209979,34.21269226074219,1509800,0.0,0.0
2005-11-17 00:00:00-05:00,34.24676428993797,34.68975830078125,34.22631929245407,34.68975830078125,1471600,0.0,0.0
2005-11-18 00:00:00-05:00,35.112304564364116,35.35083820006307,34.90103005858672,35.160011291503906,1648600,0.0,0.0
2005-11-21 00:00:00-05:00,34.75790692788627,35.30312847737902,34.71701433674128,35.19408416748047,1332200,0.0,0.0
2005-11-22 00:00:00-05:00,35.19407989957287,35.45306107910889,35.119111458142356,35.38490676879883,1187000,0.0,0.0
2005-11-23 00:00:00-05:00,35.33719785086717,36.005097051206796,35.33719785086717,35.60980987548828,1300900,0.0,0.0
2005-11-25 00:00:00-05:00,35.05777408883673,35.923314336302454,34.996436509100704,35.86879348754883,395000,0.0,0.0
2005-11-28 00:00:00-05:00,35.78018843341036,36.01872198303814,35.58254486382121,35.78700256347656,1437000,0.0,0.0
2005-11-29 00:00:00-05:00,35.94376837672035,36.29816045673961,35.86198318918829,35.97784423828125,972600,0.0,0.0
2005-11-30 00:00:00-05:00,36.00509156233882,36.24362509765286,35.3780850412239,35.439422607421875,1326200,0.0,0.0
2005-12-01 00:00:00-05:00,35.752929825100324,36.43445728314564,35.63707140514666,36.284523010253906,1361700,0.0,0.0
2005-12-02 00:00:00-05:00,36.09371076336254,36.23683097383379,35.85517707924378,36.209571838378906,1201200,0.0,0.0
2005-12-05 00:00:00-05:00,36.038607463557774,36.23692300449628,35.6761680866488,36.175376892089844,1605900,0.18,0.0
2005-12-06 00:00:00-05:00,36.40103219502669,36.81817764021449,36.34632600689955,36.585670471191406,1026100,0.0,0.0
2005-12-07 00:00:00-05:00,36.688247495886095,36.72243918892823,35.86079391577628,35.86763381958008,1521800,0.0,0.0
2005-12-08 00:00:00-05:00,36.072785372319665,36.51044528930931,35.91550150269269,36.093299865722656,785400,0.0,0.0
2005-12-09 00:00:00-05:00,36.2027227921159,36.40103830074153,36.03176168647162,36.22323989868164,751700,0.0,0.0
2005-12-12 00:00:00-05:00,36.25742828355508,36.51044996635364,36.15485058608201,36.49677276611328,523000,0.0,0.0
2005-12-13 00:00:00-05:00,36.435206390386035,36.72242221825755,36.29843968142202,36.57197570800781,744700,0.0,0.0
2005-12-14 00:00:00-05:00,36.62670585149482,37.05752593171417,36.59935145027665,36.811344146728516,937400,0.0,0.0
2005-12-15 00:00:00-05:00,36.78398613885934,36.82501512800444,36.11381902667951,36.27110290527344,1549600,0.0,0.0
2005-12-16 00:00:00-05:00,36.537811393358524,36.592517596181196,35.730874684611365,35.78558349609375,1337700,0.0,0.0
2005-12-19 00:00:00-05:00,35.64880565231284,36.04543400719885,35.36842958136715,35.38210678100586,985600,0.0,0.0
2005-12-20 00:00:00-05:00,35.36160629779769,35.97706752752151,35.36160629779769,35.74456024169922,788400,0.0,0.0
2005-12-21 00:00:00-05:00,36.004398205661985,36.64037352092342,35.888143335055545,36.318965911865234,914300,0.0,0.0
2005-12-22 00:00:00-05:00,36.42155265964806,36.80450647394714,36.380523663992065,36.75663757324219,796000,0.0,0.0
2005-12-23 00:00:00-05:00,36.75662994080165,37.105389374755624,36.75662994080165,36.9822998046875,813300,0.0,0.0
2005-12-27 00:00:00-05:00,36.94127029454122,37.139585772426784,36.67457142846154,36.708763122558594,1145200,0.0,0.0
2005-12-28 00:00:00-05:00,36.97545782503002,37.05751840335435,36.66772739549033,36.80449676513672,614200,0.0,0.0
2005-12-29 00:00:00-05:00,36.9139133385071,37.10538889911294,36.626699997598344,36.63353729248047,689200,0.0,0.0
2005-12-30 00:00:00-05:00,36.373676388773745,36.44206238210952,36.18903811975554,36.216392517089844,667400,0.0,0.0
2006-01-03 00:00:00-05:00,36.312135454804476,36.85921304453066,35.88131537458513,36.811344146728516,1327200,0.0,0.0
2006-01-04 00:00:00-05:00,36.55148753926024,36.64722534792623,36.3326575169781,36.517295837402344,1047000,0.0,0.0
2006-01-05 00:00:00-05:00,36.517288692698905,36.58567208303532,36.13433492430125,36.414710998535156,1065800,0.0,0.0
2006-01-06 00:00:00-05:00,36.91392531467135,37.201141357421875,36.72244969194415,37.201141357421875,1339400,0.0,0.0
2006-01-09 00:00:00-05:00,37.29687811786493,37.29687811786493,36.42155542007672,36.517295837402344,1253800,0.0,0.0
2006-01-10 00:00:00-05:00,36.17536203111055,36.19587652393197,35.57357835798043,35.69667053222656,1901700,0.0,0.0
2006-01-11 00:00:00-05:00,35.52571476859524,35.86079704173961,35.28636767911865,35.68299865722656,1302800,0.0,0.0
2006-01-12 00:00:00-05:00,35.682998196880085,36.038597569977775,35.50519720600166,35.559906005859375,1075500,0.0,0.0
2006-01-13 00:00:00-05:00,35.72402979677337,36.065951969906635,35.53939151024231,35.559906005859375,1044800,0.0,0.0
2006-01-17 00:00:00-05:00,35.35476073597898,35.826612496045826,35.35476073597898,35.78558349609375,1006200,0.0,0.0
2006-01-18 00:00:00-05:00,35.532540860389624,36.03174676915819,35.532540860389624,35.901817321777344,1131600,0.0,0.0
2006-01-19 00:00:00-05:00,35.559901915481475,37.02332823077165,35.559901915481475,36.79082107543945,1598900,0.0,0.0
2006-01-20 00:00:00-05:00,36.551477968661,36.585669661566186,35.594094915362035,35.6488037109375,1589700,0.0,0.0
2006-01-23 00:00:00-05:00,35.6966621566415,36.202705324333785,35.5257011334858,35.89497756958008,803000,0.0,0.0
2006-01-24 00:00:00-05:00,36.127503352525615,36.65406128059033,36.12066344721283,36.524131774902344,1340600,0.0,0.0
2006-01-25 00:00:00-05:00,34.43839105210831,36.24373915091973,34.43839105210831,35.45731735229492,2194700,0.0,0.0
2006-01-26 00:00:00-05:00,35.97021879367616,36.22324313084158,35.81293487548828,35.81293487548828,1889200,0.0,0.0
2006-01-27 00:00:00-05:00,35.7992441680329,36.07278290174659,35.46416195832526,35.86079025268555,2304000,0.0,0.0
2006-01-30 00:00:00-05:00,35.81977013560124,36.12066073024252,35.59410023312577,35.6351318359375,1314400,0.0,0.0
2006-01-31 00:00:00-05:00,35.77189973218709,36.26426590192355,35.73770542695243,36.02492141723633,1336700,0.0,0.0
2006-02-01 00:00:00-05:00,35.79924685435825,36.31213006206344,35.71718627154991,36.15484619140625,1799100,0.0,0.0
2006-02-02 00:00:00-05:00,35.90867178392635,36.02492669972083,34.985482797722625,35.41630554199219,1566900,0.0,0.0
2006-02-03 00:00:00-05:00,35.081201195352925,35.34789997230803,34.84185680799788,34.910240173339844,1906400,0.0,0.0
2006-02-06 00:00:00-05:00,35.04701216068821,35.60776414656656,34.978628790179485,35.518863677978516,1839900,0.0,0.0
2006-02-07 00:00:00-05:00,35.730864919155664,35.98388658146009,34.841867844812775,34.85554504394531,1429100,0.0,0.0
2006-02-08 00:00:00-05:00,34.91026038858285,35.149607523193154,34.75981637598232,34.84187698364258,1530600,0.0,0.0
2006-02-09 00:00:00-05:00,34.92392278545589,35.600929685453,34.910245588534295,34.9649543762207,1183500,0.0,0.0
2006-02-10 00:00:00-05:00,35.05386190240595,35.313723498204766,34.636719020315894,35.224822998046875,1029900,0.0,0.0
2006-02-13 00:00:00-05:00,35.04702449134077,35.183793889136396,34.77348569574952,35.0059928894043,1133800,0.0,0.0
2006-02-14 00:00:00-05:00,35.14959572829969,36.49676713591223,35.10172683917258,36.29845428466797,1760200,0.0,0.0
2006-02-15 00:00:00-05:00,36.14116899013948,36.54463721785056,35.92233903022759,36.380516052246094,1546400,0.0,0.0
2006-02-16 00:00:00-05:00,36.38050022853198,36.57197570800781,36.07960720803251,36.57197570800781,1255900,0.0,0.0
2006-02-17 00:00:00-05:00,36.57199630493961,37.064365082211395,36.41471241412428,36.93443298339844,1095400,0.0,0.0
2006-02-21 00:00:00-05:00,37.09172130594899,37.187459104310896,36.59935250447703,36.67457580566406,1086700,0.0,0.0
2006-02-22 00:00:00-05:00,37.13275313802374,37.60460747838043,36.94127752666714,37.40629196166992,2171800,0.0,0.0
2006-02-23 00:00:00-05:00,37.18746138086434,37.50886649380387,36.90024535953637,37.44048309326172,1212100,0.0,0.0
2006-02-24 00:00:00-05:00,37.378928520737716,37.39260571947934,36.84553081310891,37.03700637817383,1048900,0.0,0.0
2006-02-27 00:00:00-05:00,37.13272819177149,38.254231919692785,37.11221370681078,37.775543212890625,1679400,0.0,0.0
2006-02-28 00:00:00-05:00,37.54305957701865,37.60460567896102,36.89340685844019,36.91392135620117,1708800,0.0,0.0
2006-03-01 00:00:00-05:00,37.08488254688921,37.64563476204195,37.00965924337809,37.50886535644531,839800,0.0,0.0
2006-03-02 00:00:00-05:00,37.30371425063771,37.536221468139104,37.091724140538496,37.40629196166992,1034500,0.0,0.0
2006-03-03 00:00:00-05:00,37.26201105529049,38.11386969611831,37.227659760863126,37.66733169555664,1004300,0.25,0.0
2006-03-06 00:00:00-05:00,37.73603755459622,37.784126232878066,36.90478740642565,37.2757568359375,947300,0.0,0.0
2006-03-07 00:00:00-05:00,37.378801565176744,37.72916227299927,37.165835569042336,37.399410247802734,936600,0.0,0.0
2006-03-08 00:00:00-05:00,37.68107010953064,37.85281610386877,36.616245468761434,37.06278610229492,1548300,0.0,0.0
2006-03-09 00:00:00-05:00,36.92541703133483,37.48874411406881,36.719322204589844,36.719322204589844,819600,0.0,0.0
2006-03-10 00:00:00-05:00,37.268886041914975,37.997090104319696,37.18644868675249,37.82534408569336,1601100,0.0,0.0
2006-03-13 00:00:00-05:00,38.05891647504653,38.230662483290175,37.7566418233306,37.894039154052734,1223900,0.0,0.0
2006-03-14 00:00:00-05:00,38.01083246789355,38.77338263675752,37.98335247424897,38.64285659790039,1224000,0.0,0.0
2006-03-15 00:00:00-05:00,38.81460384529095,39.322973261123494,38.43676309304816,38.54668045043945,2093500,0.0,0.0
2006-03-16 00:00:00-05:00,38.814593082789976,39.12373638368272,38.67719576898922,38.910770416259766,917900,0.0,0.0
2006-03-17 00:00:00-05:00,39.103123950349264,39.21304389471402,38.75963198611653,39.041297912597656,1334700,0.0,0.0
2006-03-20 00:00:00-05:00,38.917652084322356,39.213055470416506,38.57416001869069,38.88330078125,951100,0.0,0.0
2006-03-21 00:00:00-05:00,39.1580946858724,39.460366754053524,38.574159234425366,38.64285659790039,1650400,0.0,0.0
2006-03-22 00:00:00-05:00,38.48484213355671,39.05503746325442,38.40240479132101,39.00008010864258,752100,0.0,0.0
2006-03-23 00:00:00-05:00,38.814595562647476,38.814595562647476,38.37492622690331,38.59476089477539,1075900,0.0,0.0
2006-03-24 00:00:00-05:00,38.368064924168976,38.43676491369048,37.962744158220325,38.40241622924805,1634300,0.0,0.0
2006-03-27 00:00:00-05:00,38.33370286079842,38.368051533252746,37.74976756716764,38.038299560546875,1346600,0.0,0.0
2006-03-28 00:00:00-05:00,38.12762371215886,38.22380108240116,37.722302922825754,37.85282897949219,825300,0.0,0.0
2006-03-29 00:00:00-05:00,37.8528235244867,38.47111027356644,37.76351747678128,38.38180160522461,1166900,0.0,0.0
2006-03-30 00:00:00-05:00,37.92152901483119,38.22380112458871,37.64673428186123,37.88718032836914,1460700,0.0,0.0
2006-03-31 00:00:00-05:00,37.75665165092185,38.113883755528086,37.66734559024789,37.88718032836914,1159000,0.0,0.0
2006-04-03 00:00:00-04:00,38.16197032625668,38.347456367638635,37.69482087847323,37.770389556884766,1092800,0.0,0.0
2006-04-04 00:00:00-04:00,37.92152569438206,37.92152569438206,37.50933363101909,37.8665657043457,1366200,0.0,0.0
2006-04-05 00:00:00-04:00,37.78411982516598,38.423015151860575,37.59176514465956,38.28561782836914,1372200,0.0,0.0
2006-04-06 00:00:00-04:00,38.14822327706244,38.27188061512716,37.79099125827948,38.196311950683594,863100,0.0,0.0
2006-04-07 00:00:00-04:00,38.265015685814966,38.45737039919106,37.543682890018154,37.78412628173828,825100,0.0,0.0
2006-04-10 00:00:00-04:00,37.92152051690335,37.928389204401824,37.28262513346112,37.61237716674805,674300,0.0,0.0
2006-04-11 00:00:00-04:00,37.784122747239415,37.85282010397992,37.20705604045613,37.474979400634766,2152100,0.0,0.0
2006-04-12 00:00:00-04:00,37.33758229133813,37.48871962184071,37.1177476036814,37.227664947509766,1269600,0.0,0.0
2006-04-13 00:00:00-04:00,37.05591360819889,37.23453090414619,36.918518913637364,37.15896224975586,1437500,0.0,0.0
2006-04-17 00:00:00-04:00,36.75364391942843,37.00095857818802,36.58876660671004,36.93225860595703,1136500,0.0,0.0
2006-04-18 00:00:00-04:00,37.028444623485164,38.01770079969116,37.01470462679164,37.96961212158203,1143100,0.0,0.0
2006-04-19 00:00:00-04:00,37.68108189174929,38.216931343667454,37.68108189174929,37.85969924926758,987000,0.0,0.0
2006-04-20 00:00:00-04:00,37.749770372799134,38.38179437896628,37.694810396278896,37.98334503173828,822100,0.0,0.0
2006-04-21 00:00:00-04:00,38.25127489411637,38.33371225233057,37.87343416327856,38.0177001953125,638200,0.0,0.0
2006-04-24 00:00:00-04:00,37.96274421951266,37.96274421951266,37.529946077693275,37.832218170166016,649600,0.0,0.0
2006-04-25 00:00:00-04:00,37.832211421085006,37.90778008588128,37.20018735303655,37.474979400634766,1112300,0.0,0.0
2006-04-26 00:00:00-04:00,37.99021532042314,38.95199398499528,37.72916066221595,38.62224197387695,2253500,0.0,0.0
2006-04-27 00:00:00-04:00,38.141352641590885,39.07565131674416,38.141352641590885,38.62224197387695,1498800,0.0,0.0
2006-04-28 00:00:00-04:00,38.677210863583085,38.86956822622996,38.313110067453536,38.5604248046875,1457200,0.0,0.0
2006-05-01 00:00:00-04:00,38.71154965304069,38.71154965304069,37.88717090054243,38.031436920166016,1617800,0.0,0.0
2006-05-02 00:00:00-04:00,38.25815288912255,38.26502419934987,37.99022944427121,38.058929443359375,1229900,0.0,0.0
2006-05-03 00:00:00-04:00,38.093278132584956,38.278764199167505,37.887183376594464,38.058929443359375,1681100,0.0,0.0
2006-05-04 00:00:00-04:00,37.99021067014373,38.5329286018716,37.9558619978927,38.347442626953125,924800,0.0,0.0
2006-05-05 00:00:00-04:00,38.63598706319825,39.02756779182557,38.33371238100427,38.93825912475586,944700,0.0,0.0
2006-05-08 00:00:00-04:00,38.711558684957176,38.99322210259164,38.56729263167443,38.759647369384766,1187300,0.0,0.0
2006-05-09 00:00:00-04:00,38.8489498560384,38.98634719848633,38.47110912978387,38.98634719848633,836400,0.0,0.0
2006-05-10 00:00:00-04:00,38.60849716283389,38.766503151327406,38.093259218367166,38.471099853515625,2399600,0.0,0.0
2006-05-11 00:00:00-04:00,38.9176582000908,39.58403113010151,38.5947747690534,39.22679901123047,2751100,0.0,0.0
2006-05-12 00:00:00-04:00,38.917649017252565,38.951997696981444,37.96273894871761,38.17570495605469,2407500,0.0,0.0
2006-05-15 00:00:00-04:00,38.175696555703844,38.73215447915676,38.031430560205735,38.471099853515625,1818900,0.0,0.0
2006-05-16 00:00:00-04:00,38.56040121275576,38.69092719059923,37.79097747418889,37.9489860534668,1434800,0.0,0.0
2006-05-17 00:00:00-04:00,37.78411514281891,37.825335120949006,36.86355659633208,37.351314544677734,1703000,0.0,0.0
2006-05-18 00:00:00-04:00,37.44062346443772,37.7703754300152,37.028434162624784,37.07652282714844,1143700,0.0,0.0
2006-05-19 00:00:00-04:00,37.17957172350546,37.7360296826476,37.15896304300845,37.46123504638672,1595500,0.0,0.0
2006-05-22 00:00:00-04:00,37.16582626379568,37.28261488425346,36.26587907263298,36.76050567626953,2057300,0.0,0.0
2006-05-23 00:00:00-04:00,37.083401634886776,37.59177102513849,36.72616958618164,36.72616958618164,1289500,0.0,0.0
2006-05-24 00:00:00-04:00,36.44449390286444,37.11773778326945,36.23153057964952,36.609371185302734,1819100,0.0,0.0
2006-05-25 00:00:00-04:00,36.75365979646312,36.959754560914,36.60252241290183,36.822357177734375,1070600,0.0,0.0
2006-05-26 00:00:00-04:00,36.83608457700657,37.05591926663674,36.575032520968364,36.95287322998047,1397200,0.0,0.0
2006-05-30 00:00:00-04:00,36.58190041286907,36.60938040363423,36.07353106625821,36.08040237426758,1211900,0.0,0.0
2006-05-31 00:00:00-04:00,36.169707111719184,36.73303375813747,36.10787844952031,36.20405578613281,1418100,0.0,0.0
2006-06-01 00:00:00-04:00,36.25901773419937,37.64672584551281,36.15597169790507,37.61237716674805,2129900,0.0,0.0
2006-06-02 00:00:00-04:00,38.40241768488392,38.60851241998714,37.79099954783171,38.024574279785156,2535300,0.0,0.0
2006-06-05 00:00:00-04:00,37.886556137782634,38.190199711699464,37.23785933858122,37.279266357421875,1575700,0.25,0.0
2006-06-06 00:00:00-04:00,37.507007158499775,37.65883029725699,36.54086685216332,37.05154037475586,2046100,0.0,0.0
2006-06-07 00:00:00-04:00,36.99632854300827,37.03773293331309,36.46495026303506,36.67888259887695,2356400,0.0,0.0
2006-06-08 00:00:00-04:00,36.678877524415896,36.72718439477325,35.38838646622078,36.492549896240234,2090400,0.0,0.0
2006-06-09 00:00:00-04:00,36.38902265110754,36.75477531092779,35.947358465846975,36.36832046508789,2481500,0.0,0.0
2006-06-12 00:00:00-04:00,36.61674907442822,36.671955769030504,35.7196159362793,35.7196159362793,1136700,0.0,0.0
2006-06-13 00:00:00-04:00,35.57470536607533,35.75413309697429,35.1468434910896,35.27796173095703,1960300,0.0,0.0
2006-06-14 00:00:00-04:00,35.07783701438556,35.69202651681278,35.036430004408714,35.65061950683594,1815600,0.0,0.0
2006-06-15 00:00:00-04:00,35.76794039675765,36.823794211376146,35.74723557414876,36.72718048095703,2244000,0.0,0.0
2006-06-16 00:00:00-04:00,36.66505428666879,36.747865641147335,36.19578555708121,36.430419921875,2032400,0.0,0.0
2006-06-19 00:00:00-04:00,36.47184113584339,36.48564347338855,35.47119667282335,35.678226470947266,1085000,0.0,0.0
2006-06-20 00:00:00-04:00,35.678240246056326,35.678240246056326,35.2572780022421,35.31248474121094,1667900,0.0,0.0
2006-06-21 00:00:00-04:00,35.13994474318132,35.65062068635218,35.02952867878311,35.58161163330078,3040400,0.0,0.0
2006-06-22 00:00:00-04:00,35.47810412612979,35.72654099011407,35.19516272715377,35.609222412109375,1303400,0.0,0.0
2006-06-23 00:00:00-04:00,35.609222318731675,36.33383071429476,35.40219247679676,36.16820526123047,1494300,0.0,0.0
2006-06-26 00:00:00-04:00,36.07159455012993,36.32693128894846,35.88526688692912,36.182010650634766,919600,0.0,0.0
2006-06-27 00:00:00-04:00,36.154390809871934,36.23030234074247,35.68512192133259,35.71272659301758,1405100,0.0,0.0
2006-06-28 00:00:00-04:00,35.88525373278065,36.03017431797205,35.712728474449975,35.86455154418945,1297200,0.0,0.0
2006-06-29 00:00:00-04:00,36.29930775496632,37.3068571104323,36.092278003099054,37.2309455871582,2230100,0.0,0.0
2006-06-30 00:00:00-04:00,37.279259490391404,37.45178475499011,37.19644810049148,37.26545715332031,1387400,0.0,0.0
2006-07-03 00:00:00-04:00,37.36208298077523,37.5484106427911,37.29997376010327,37.48630142211914,570000,0.0,0.0
2006-07-05 00:00:00-04:00,37.1964419487997,37.86583807461725,36.899698332164405,37.707115173339844,1696200,0.0,0.0
2006-07-06 00:00:00-04:00,37.714015555969574,37.893440633170826,37.32065825025534,37.769222259521484,1146600,0.0,0.0
2006-07-07 00:00:00-04:00,37.74852859814524,37.83824247326574,37.10673440021907,37.35517120361328,836700,0.0,0.0
2006-07-10 00:00:00-04:00,37.431078876446165,37.845138417662774,37.279255816154446,37.58980178833008,773300,0.0,0.0
2006-07-11 00:00:00-04:00,37.45177705230545,37.81752969562206,37.3482608618257,37.734718322753906,803800,0.0,0.0
2006-07-12 00:00:00-04:00,37.7623328241554,38.14188790053676,37.437984466552734,37.437984466552734,1189000,0.0,0.0
2006-07-13 00:00:00-04:00,37.161942945675705,37.203349959122036,36.39593294086927,36.45804214477539,1078400,0.0,0.0
2006-07-14 00:00:00-04:00,36.299305370989494,36.533939776369614,35.60920448840395,36.009464263916016,1064300,0.0,0.0
2006-07-17 00:00:00-04:00,35.93356889348749,36.25791729646698,35.843855001328386,36.085391998291016,736000,0.0,0.0
2006-07-18 00:00:00-04:00,36.306220922261375,36.56155760361784,35.91286348820277,36.47184371948242,1150900,0.0,0.0
2006-07-19 00:00:00-04:00,36.53394626917594,37.437979533736986,36.471837073404174,37.341365814208984,1272400,0.0,0.0
2006-07-20 00:00:00-04:00,37.33447135013133,37.5898106723375,36.36833131477878,36.402835845947266,1053400,0.0,0.0
2006-07-21 00:00:00-04:00,36.651279733108176,36.651279733108176,35.81625780857127,35.857662200927734,1391200,0.0,0.0
2006-07-24 00:00:00-04:00,35.91286038227022,36.41663384841618,35.747234966846435,36.202701568603516,1693300,0.0,0.0
2006-07-25 00:00:00-04:00,36.06468444142834,37.037726944156994,35.912863980648396,36.671974182128906,1691600,0.0,0.0
2006-07-26 00:00:00-04:00,37.82443644907506,38.97690384605865,37.68641572369598,38.33510971069336,2841900,0.0,0.0
2006-07-27 00:00:00-04:00,38.259209618321286,38.43173491849278,37.24476264343136,37.52080154418945,2094100,0.0,0.0
2006-07-28 00:00:00-04:00,37.43799848967415,37.803751365228905,36.98943155614161,37.576019287109375,1797200,0.0,0.0
2006-07-31 00:00:00-04:00,37.196444564293294,38.03836598537694,37.0998282139808,37.84513854980469,1346000,0.0,0.0
2006-08-01 00:00:00-04:00,37.64500965987053,37.831337248923504,37.237849957686585,37.38277053833008,893800,0.0,0.0
2006-08-02 00:00:00-04:00,37.52080793295603,38.473148489167826,37.4379965118808,37.983177185058594,1102000,0.0,0.0
2006-08-03 00:00:00-04:00,37.50699934120192,38.48004193242043,37.50699934120192,38.424835205078125,1179500,0.0,0.0
2006-08-04 00:00:00-04:00,38.45934723191278,38.873409614025654,37.71403915615391,38.07979202270508,1262500,0.0,0.0
2006-08-07 00:00:00-04:00,38.07978512137808,38.128091995657286,37.3413770345078,37.741634368896484,1196700,0.0,0.0
2006-08-08 00:00:00-04:00,38.010753400918496,38.06596009611163,37.596691340604565,37.686405181884766,1456800,0.0,0.0
2006-08-09 00:00:00-04:00,38.0866550769234,38.12116221648639,37.33444524038758,37.417259216308594,787900,0.0,0.0
2006-08-10 00:00:00-04:00,37.17574205231979,37.47248570824313,36.651266423552116,36.91350555419922,1473300,0.0,0.0
2006-08-11 00:00:00-04:00,36.76168324301087,37.43798195599008,36.713376380121396,36.89970397949219,1353400,0.0,0.0
2006-08-14 00:00:00-04:00,36.34762338009564,37.53459810492643,36.34762338009564,37.182647705078125,1230500,0.0,0.0
2006-08-15 00:00:00-04:00,37.679511276436564,37.88654366998199,37.53459070697576,37.762325286865234,1159000,0.0,0.0
2006-08-16 00:00:00-04:00,37.94865350639769,38.38341522216797,37.90724650047973,38.38341522216797,1306200,0.0,0.0
2006-08-17 00:00:00-04:00,38.40413592542893,38.77678860271542,38.3351242203556,38.673274993896484,1373800,0.0,0.0
2006-08-18 00:00:00-04:00,38.76296845077174,38.93549368539157,38.362711275367325,38.79057312011719,1292600,0.0,0.0
2006-08-21 00:00:00-04:00,38.64566277169912,39.059722391242296,38.63186043337744,38.92860412597656,1101900,0.0,0.0
2006-08-22 00:00:00-04:00,38.949290097800656,39.135617638762,38.88028106745605,39.087310791015625,1748800,0.0,0.0
2006-08-23 00:00:00-04:00,39.05972965314312,39.8188426068074,38.921711509319934,39.63251495361328,2383100,0.0,0.0
2006-08-24 00:00:00-04:00,39.611794084661305,39.680803124040494,39.19773195080783,39.508277893066406,1418700,0.0,0.0
2006-08-25 00:00:00-04:00,39.37025240495393,39.59108446320493,38.85957925744568,38.96309280395508,1035500,0.0,0.0
2006-08-28 00:00:00-04:00,38.95620997859099,39.40477414121576,38.8733985786879,39.280555725097656,1087700,0.0,0.0
2006-08-29 00:00:00-04:00,39.30126586916658,39.5082957132107,38.88030369451141,39.3909797668457,845400,0.0,0.0
2006-08-30 00:00:00-04:00,39.50138615583214,39.5910973989468,39.07352159971305,39.21844482421875,1110600,0.0,0.0
2006-08-31 00:00:00-04:00,39.25293409578766,39.811914056901834,39.12181325945668,39.61868667602539,984400,0.0,0.0
2006-09-01 00:00:00-04:00,39.611801433268084,40.515832126467394,39.50828522246932,39.956851959228516,1071500,0.0,0.0
2006-09-05 00:00:00-04:00,39.936053719835606,40.053881010309084,39.68653959313163,39.88060760498047,713300,0.25,0.0
2006-09-06 00:00:00-04:00,39.70735216937865,39.99845035297609,39.60338702155469,39.76279830932617,934300,0.0,0.0
2006-09-07 00:00:00-04:00,39.61031822799233,39.63803997514503,39.13901415513158,39.187530517578125,702900,0.0,0.0
2006-09-08 00:00:00-04:00,39.79744445178352,39.79744445178352,39.04197475319146,39.42317581176758,835100,0.0,0.0
2006-09-11 00:00:00-04:00,39.9915118741081,39.9915118741081,38.432050859775885,38.82711410522461,1180600,0.0,0.0
2006-09-12 00:00:00-04:00,39.00038784012985,39.575654310382944,38.86870097198588,39.450897216796875,961600,0.0,0.0
2006-09-13 00:00:00-04:00,39.333062389180135,39.70733357333258,39.270683858488056,39.49247360229492,837700,0.0,0.0
2006-09-14 00:00:00-04:00,39.24295888326101,39.762779083149276,39.24295888326101,39.55485153198242,669400,0.0,0.0
2006-09-15 00:00:00-04:00,39.78357681849823,40.33111879605541,39.755852437777186,40.185569763183594,2032500,0.0,0.0
2006-09-18 00:00:00-04:00,40.23408732263471,40.23408732263471,39.58258021966785,40.060813903808594,991000,0.0,0.0
2006-09-19 00:00:00-04:00,39.99150959700989,40.12319645668028,39.880614703618285,39.98457717895508,1394000,0.0,0.0
2006-09-20 00:00:00-04:00,40.15782858652762,41.10043598525985,40.06772835278216,40.82320022583008,1999900,0.0,0.0
2006-09-21 00:00:00-04:00,40.89251622842603,40.95489474876944,40.35190414807772,40.580623626708984,2208700,0.0,0.0
2006-09-22 00:00:00-04:00,40.69846949295808,41.190565465007396,40.40736871702294,40.850948333740234,1495200,0.0,0.0
2006-09-25 00:00:00-04:00,40.40737131332179,40.87174557212105,40.07468657940779,40.64995574951172,2616700,0.0,0.0
2006-09-26 00:00:00-04:00,40.88559994258073,41.648001981412705,40.80935920990899,41.544036865234375,1697100,0.0,0.0
2006-09-27 00:00:00-04:00,41.36382531125282,41.46779040644633,41.05193266961448,41.39847946166992,1226900,0.0,0.0
2006-09-28 00:00:00-04:00,41.40541205620857,41.55096107495175,41.16976013083961,41.32223892211914,1572900,0.0,0.0
2006-09-29 00:00:00-04:00,41.377704551740294,41.41235871643819,40.947987092811076,41.00343322753906,707100,0.0,0.0
2006-10-02 00:00:00-04:00,40.92025930131673,41.12818691616008,40.6638126871983,40.850948333740234,873400,0.0,0.0
2006-10-03 00:00:00-04:00,40.96183525415284,41.3014523192261,40.53211791470595,41.16976547241211,1026500,0.0,0.0
2006-10-04 00:00:00-04:00,41.100470234872255,41.35691425312716,40.89254258104548,41.22522735595703,977600,0.0,0.0
2006-10-05 00:00:00-04:00,41.10738918183729,41.273730192802546,40.80242625516316,40.99649429321289,1927600,0.0,0.0
2006-10-06 00:00:00-04:00,40.72618865324357,40.864807935662434,39.603377489142254,40.234092712402344,3094900,0.0,0.0
2006-10-09 00:00:00-04:00,40.19943014644246,40.45587404672798,39.956848435894315,40.372703552246094,1660700,0.0,0.0
2006-10-10 00:00:00-04:00,40.49054274091632,40.552921295166016,40.04696308578213,40.552921295166016,1068000,0.0,0.0
2006-10-11 00:00:00-04:00,40.40736236036589,40.532119438434435,40.10240208283313,40.40043258666992,1157700,0.0,0.0
2006-10-12 00:00:00-04:00,40.615276100583706,40.96182283401511,40.559829998084396,40.93410110473633,795500,0.0,0.0
2006-10-13 00:00:00-04:00,40.83014776909783,41.1004538758785,40.40736020969524,40.61528778076172,924700,0.0,0.0
2006-10-16 00:00:00-04:00,40.75391777599529,41.40542768591651,40.68460944870049,41.294532775878906,694900,0.0,0.0
2006-10-17 00:00:00-04:00,40.684618219132815,41.16978454661392,40.64996404801498,40.79551315307617,875200,0.0,0.0
2006-10-18 00:00:00-04:00,41.128175780248164,41.405414287602596,40.947972601227434,41.14896774291992,1029700,0.0,0.0
2006-10-19 00:00:00-04:00,41.04500289710794,41.48164995145941,41.003416330242096,41.39847946166992,828200,0.0,0.0
2006-10-20 00:00:00-04:00,41.50937674490374,41.50937674490374,40.767766778264345,41.14896774291992,863000,0.0,0.0
2006-10-23 00:00:00-04:00,40.85785549547284,41.398467488665425,40.85785549547284,41.343021392822266,692300,0.0,0.0
2006-10-24 00:00:00-04:00,41.135101985410365,41.39847828015957,40.82321199661555,41.23906707763672,1233500,0.0,0.0
2006-10-25 00:00:00-04:00,40.54597501991803,41.842059293071415,40.41428818962126,41.24599838256836,1168900,0.0,0.0
2006-10-26 00:00:00-04:00,41.308380499088976,41.68265170478616,40.844009022494,41.60641098022461,1195500,0.0,0.0
2006-10-27 00:00:00-04:00,41.23907603584667,41.53710654476401,40.68460159272467,40.99649429321289,1277500,0.0,0.0
2006-10-30 00:00:00-05:00,41.1143123940166,42.05692011885996,40.97569314437335,42.00840377807617,1205400,0.0,0.0
2006-10-31 00:00:00-05:00,41.94604298768539,41.97376737812765,41.58563384376621,41.758907318115234,1275200,0.0,0.0
2006-11-01 00:00:00-05:00,41.932160083835875,42.659907787907414,41.70343794155911,42.32029342651367,1490400,0.0,0.0
2006-11-02 00:00:00-05:00,42.10544589760846,42.85398842710296,42.09158370514269,42.763885498046875,2225500,0.0,0.0
2006-11-03 00:00:00-05:00,42.86784762251133,43.158948374008936,42.20247825329229,42.29951095581055,1386200,0.0,0.0
2006-11-06 00:00:00-05:00,42.396540360137884,42.52822985526189,42.07078811901711,42.1955451965332,1348900,0.0,0.0
2006-11-07 00:00:00-05:00,42.27871571731171,42.56288402867037,42.07771790968318,42.521297454833984,1874900,0.0,0.0
2006-11-08 00:00:00-05:00,42.451988346673,42.860913727933344,42.39653958259714,42.659915924072266,2038200,0.0,0.0
2006-11-09 00:00:00-05:00,42.63218230904445,42.701493249128376,42.32029233246387,42.48663330078125,2483500,0.0,0.0
2006-11-10 00:00:00-05:00,42.64606206568509,42.80547332763672,42.40348028531156,42.80547332763672,1698400,0.0,0.0
2006-11-13 00:00:00-05:00,42.80546363969427,43.40152461535792,42.74308510400987,43.35300827026367,1589900,0.0,0.0
2006-11-14 00:00:00-05:00,43.249050251900286,43.49163200230415,42.77081388118583,43.45697784423828,1768300,0.0,0.0
2006-11-15 00:00:00-05:00,43.3530115911486,43.79659114824182,43.283703276831304,43.62331771850586,1700400,0.0,0.0
2006-11-16 00:00:00-05:00,43.7965915994652,43.94214329133945,43.6510425515337,43.803524017333984,1874500,0.0,0.0
2006-11-17 00:00:00-05:00,43.554018264898524,44.150079407484846,43.51936410068977,43.83125686645508,1602300,0.0,0.0
2006-11-20 00:00:00-05:00,43.692621636928436,43.88668700090287,43.45696970469851,43.56093215942383,981900,0.0,0.0
2006-11-21 00:00:00-05:00,43.52628512962109,43.71342075147655,43.44311462344401,43.5054931640625,1036900,0.0,0.0
2006-11-22 00:00:00-05:00,43.609441136380575,44.143123441133156,43.57478699065728,43.93519592285156,634100,0.0,0.0
2006-11-24 00:00:00-05:00,43.512412909902366,44.12233598383547,43.512412909902366,44.03916549682617,631100,0.0,0.0
2006-11-27 00:00:00-05:00,43.8659076259947,43.872837400721295,42.97874575623708,43.02033233642578,1119400,0.0,0.0
2006-11-28 00:00:00-05:00,42.992589142002025,43.526271456547484,42.84704014092833,43.110416412353516,1060000,0.0,0.0
2006-11-29 00:00:00-05:00,43.179749427059726,43.463917820208856,43.01340837172255,43.415401458740234,534300,0.0,0.0
2006-11-30 00:00:00-05:00,43.20052235917126,43.59558547224028,43.20052235917126,43.24903869628906,1550400,0.0,0.0
2006-12-01 00:00:00-05:00,43.28369284509577,43.36686333102028,42.881697315900155,43.24903869628906,1159300,0.0,0.0
2006-12-04 00:00:00-05:00,43.17280116324255,43.85203257687528,43.17280116324255,43.59558868408203,1504200,0.0,0.0
2006-12-05 00:00:00-05:00,43.63038549998867,43.74868032542925,43.35900075504335,43.435543060302734,1020400,0.25,0.0
2006-12-06 00:00:00-05:00,43.29636858575455,43.3937884677391,42.88581147275345,43.059776306152344,1232200,0.0,0.0
2006-12-07 00:00:00-05:00,43.282459339935805,43.43554661748474,43.08761688429312,43.23374938964844,705600,0.0,0.0
2006-12-08 00:00:00-05:00,43.12937312848191,43.44946787355305,43.03891064679018,43.28246307373047,1056400,0.0,0.0
2006-12-11 00:00:00-05:00,43.435543602956876,43.44946110985782,42.990194000098825,43.094573974609375,1001700,0.0,0.0
2006-12-12 00:00:00-05:00,42.89972835706038,42.99018815788381,42.55875612055679,42.88581085205078,1049800,0.0,0.0
2006-12-13 00:00:00-05:00,43.31028440801768,43.31028440801768,42.85797479695929,43.00410461425781,760900,0.0,0.0
2006-12-14 00:00:00-05:00,43.073703353875786,43.372923145970205,42.93453092542599,43.31725311279297,926600,0.0,0.0
2006-12-15 00:00:00-05:00,43.32422290348535,43.470355455032,43.06675556279827,43.296390533447266,1595500,0.0,0.0
2006-12-18 00:00:00-05:00,43.421638775661414,43.421638775661414,43.066748903983594,43.10850143432617,683000,0.0,0.0
2006-12-19 00:00:00-05:00,43.02501286553685,43.47036271444676,42.73970779817854,43.07372283935547,1050800,0.0,0.0
2006-12-20 00:00:00-05:00,43.03892371439013,43.560818517658376,42.9902137451113,43.171138763427734,1134200,0.0,0.0
2006-12-21 00:00:00-05:00,42.906692979922546,42.96932043572519,40.71473468132313,41.549766540527344,4801800,0.0,0.0
2006-12-22 00:00:00-05:00,41.33403620353776,41.54975084967863,40.87476925258699,40.96522903442383,2272900,0.0,0.0
2006-12-26 00:00:00-05:00,41.090490582508494,41.75155743953294,40.881733326209336,41.633262634277344,1084300,0.0,0.0
2006-12-27 00:00:00-05:00,41.77941662739705,41.95338155074115,41.59849162060251,41.765499114990234,969400,0.0,0.0
2006-12-28 00:00:00-05:00,41.54280555166326,41.76548034109017,41.36188062619584,41.570640563964844,986900,0.0,0.0
2006-12-29 00:00:00-05:00,41.54281042794489,41.54281042794489,41.11833573124611,41.285343170166016,781100,0.0,0.0
2007-01-03 00:00:00-05:00,41.37579401325863,41.99510837560338,41.187911680666524,41.59846878051758,1990900,0.0,0.0
2007-01-04 00:00:00-05:00,41.59849716452079,41.65416722156732,40.83305246159198,40.95134735107422,2381800,0.0,0.0
2007-01-05 00:00:00-05:00,40.74256060271128,41.26445506642106,40.58251328571272,41.04874038696289,3122200,0.0,0.0
2007-01-08 00:00:00-05:00,41.04873631876719,41.299243406747294,40.33895959992627,41.24357604980469,1717900,0.0,0.0
2007-01-09 00:00:00-05:00,41.473223979989235,41.85594881789563,41.180964272307904,41.681983947753906,2452200,0.0,0.0
2007-01-10 00:00:00-05:00,41.41754578704372,42.00206770427087,41.160078589721216,41.90464782714844,1320400,0.0,0.0
2007-01-11 00:00:00-05:00,42.01598930741309,42.5657161897283,41.88377432885584,42.489173889160156,1491700,0.0,0.0
2007-01-12 00:00:00-05:00,42.26649336020768,42.92060012043987,41.89072871615214,42.84405517578125,1641900,0.0,0.0
2007-01-16 00:00:00-05:00,43.073708691222784,43.10850113902311,42.73273633199489,42.78840637207031,966700,0.0,0.0
2007-01-17 00:00:00-05:00,42.788397095551026,43.066739272102716,42.496134757504755,42.89973449707031,1126700,0.0,0.0
2007-01-18 00:00:00-05:00,43.12240426328394,43.212864066488414,42.788392097739695,43.11544418334961,1330700,0.0,0.0
2007-01-19 00:00:00-05:00,43.21287053654543,43.26158048540795,42.74664598186333,42.93452835083008,1500800,0.0,0.0
2007-01-22 00:00:00-05:00,42.76057965261306,42.92758449627066,42.607489667181824,42.74666213989258,1475000,0.0,0.0
2007-01-23 00:00:00-05:00,42.621390833327425,43.26158024597336,42.621390833327425,43.080657958984375,1881600,0.0,0.0
2007-01-24 00:00:00-05:00,42.70489836228651,43.96440505981445,42.64923098054971,43.96440505981445,2132900,0.0,0.0
2007-01-25 00:00:00-05:00,43.80434455791802,43.922639367710616,43.03889771614029,43.34507751464844,1858500,0.0,0.0
2007-01-26 00:00:00-05:00,43.40770696175919,43.595589304648996,43.00410726492343,43.3868293762207,1344300,0.0,0.0
2007-01-29 00:00:00-05:00,43.29637817759815,43.83914772860975,42.84406844875963,43.31725311279297,1661000,0.0,0.0
2007-01-30 00:00:00-05:00,43.386841067283086,43.47034612295287,43.18504381898148,43.407718658447266,1029200,0.0,0.0
2007-01-31 00:00:00-05:00,43.365956595178204,44.08269091120524,43.22678418749035,43.88089370727539,1625100,0.0,0.0
2007-02-01 00:00:00-05:00,43.866981847862085,44.67417607647385,43.67909947147214,44.187076568603516,1438200,0.0,0.0
2007-02-02 00:00:00-05:00,44.30537615916057,44.3680036246775,43.713896604995675,43.99919891357422,1067700,0.0,0.0
2007-02-05 00:00:00-05:00,43.93654548229239,44.110510266529836,43.77649819933296,43.90871047973633,985900,0.0,0.0
2007-02-06 00:00:00-05:00,43.97832115894781,44.124451017627166,43.769563838763965,43.92961120605469,1426100,0.0,0.0
2007-02-07 00:00:00-05:00,44.04093628301656,44.291446058857794,43.978308839056254,44.11748123168945,941500,0.0,0.0
2007-02-08 00:00:00-05:00,44.096610813177925,44.159238267315345,43.595593834571616,43.67909622192383,1409500,0.0,0.0
2007-02-09 00:00:00-05:00,43.839134764565195,44.53499404654242,43.74867231465026,44.27752685546875,2181500,0.0,0.0
2007-02-12 00:00:00-05:00,44.27753415765842,44.59762618858638,44.18011426683405,44.30536651611328,1023800,0.0,0.0
2007-02-13 00:00:00-05:00,44.180133619440355,44.736820849782205,44.12446356915912,44.5767707824707,1239700,0.0,0.0
2007-02-14 00:00:00-05:00,44.64635809740896,44.87598774916175,44.43759807691967,44.55589294433594,1401800,0.0,0.0
2007-02-15 00:00:00-05:00,44.388867189061216,44.59066703134522,44.25665221780972,44.46541213989258,1236800,0.0,0.0
2007-02-16 00:00:00-05:00,44.33318662604653,44.875955923606995,44.242726846114486,44.72286605834961,1056300,0.0,0.0
2007-02-20 00:00:00-05:00,44.60459195597119,45.15432158656029,44.284497229739536,45.112571716308594,1123500,0.0,0.0
2007-02-21 00:00:00-05:00,44.95252269062936,45.105612630245766,44.74376802577789,45.04298782348633,897600,0.0,0.0
2007-02-22 00:00:00-05:00,44.778558480576336,45.01515347503977,44.493256187185395,44.834228515625,1181700,0.0,0.0
2007-02-23 00:00:00-05:00,44.86902294828344,45.18215760005397,44.63242795733444,45.04298782348633,1221200,0.0,0.0
2007-02-26 00:00:00-05:00,45.21695094145769,45.23086579497902,44.61155128804361,44.70201110839844,1320800,0.0,0.0
2007-02-27 00:00:00-05:00,44.347116060816155,44.46541353066267,41.91160833560443,42.77447509765625,2922400,0.0,0.0
2007-02-28 00:00:00-05:00,42.62138934010682,44.04790061569343,42.35000459188462,42.92756652832031,2965300,0.0,0.0
2007-03-01 00:00:00-05:00,42.078610410940236,43.16414916048487,41.87681058793787,42.67008972167969,3199400,0.0,0.0
2007-03-02 00:00:00-05:00,42.433517996951956,42.69794538763372,42.02992081016857,42.141258239746094,1757700,0.0,0.0
2007-03-05 00:00:00-05:00,41.97339459579016,42.65873126983643,41.81954258016704,41.959407806396484,1694700,0.3,0.0
2007-03-06 00:00:00-05:00,42.0992773125221,42.81258763787226,42.008364506074486,42.60978317260742,1995400,0.0,0.0
2007-03-07 00:00:00-05:00,42.28811561085637,42.574838293141696,41.71467024628573,41.73564910888672,1978100,0.0,0.0
2007-03-08 00:00:00-05:00,42.134253862873614,42.88952475618526,41.98040179178237,42.63776779174805,2290300,0.0,0.0
2007-03-09 00:00:00-05:00,42.94547101741877,43.148275543452804,42.560843491714884,42.93148422241211,1142400,0.0,0.0
2007-03-12 00:00:00-04:00,42.87553705001625,43.23918569450289,42.833576667599566,43.00840759277344,884100,0.0,0.0
2007-03-13 00:00:00-04:00,42.693717620548796,42.97344820870736,41.97341495744711,42.00138854980469,1433000,0.0,0.0
2007-03-14 00:00:00-04:00,42.15522455903424,42.53985466229442,41.546813791243736,42.497894287109375,2154000,0.0,0.0
2007-03-15 00:00:00-04:00,42.504897410892184,43.24618155916509,42.49790534706222,42.805606842041016,947700,0.0,0.0
2007-03-16 00:00:00-04:00,42.81959872422342,42.90351683869436,42.07831448788861,42.36503982543945,1557900,0.0,0.0
2007-03-19 00:00:00-04:00,42.6867109490012,43.09931195810405,42.602790200646,43.06434631347656,856500,0.0,0.0
2007-03-20 00:00:00-04:00,43.91753853199238,44.064395904541016,43.60983698936064,44.064395904541016,1596600,0.0,0.0
2007-03-21 00:00:00-04:00,44.078379771449704,44.686793419057814,43.70074693396204,44.616859436035156,1116300,0.0,0.0
2007-03-22 00:00:00-04:00,44.72175410421279,44.742732962932664,44.162295640779696,44.5399284362793,787600,0.0,0.0
2007-03-23 00:00:00-04:00,44.58188830909301,44.88259772992787,44.44202302791497,44.80567169189453,845300,0.0,0.0
2007-03-26 00:00:00-04:00,44.80567004283394,45.09239532593567,44.12732518809717,45.0714111328125,1149100,0.0,0.0
2007-03-27 00:00:00-04:00,44.75671509643252,44.910567158243104,44.316140435243746,44.59587097167969,1060500,0.0,0.0
2007-03-28 00:00:00-04:00,44.30215716284372,44.449017173384675,43.74969344441976,43.94550323486328,1289500,0.0,0.0
2007-03-29 00:00:00-04:00,44.26020897050155,44.4350399403635,43.4979458351951,44.00145721435547,1226000,0.0,0.0
2007-03-30 00:00:00-04:00,44.092358184211115,44.4979672054929,43.53289976495017,44.0294189453125,993700,0.0,0.0
2007-04-02 00:00:00-04:00,44.036413676139105,44.16229215393634,43.595839003848795,44.0294189453125,1281500,0.0,0.0
2007-04-03 00:00:00-04:00,44.30214874557379,44.58187925109516,44.022420907760235,44.28116989135742,794100,0.0,0.0
2007-04-04 00:00:00-04:00,44.40008078837225,44.52595665083234,44.2392339249375,44.33014678955078,649700,0.0,0.0
2007-04-05 00:00:00-04:00,44.36510044368952,44.48398687564405,44.23222988346605,44.39307403564453,823000,0.0,0.0
2007-04-09 00:00:00-04:00,44.581895762620945,44.65182708104742,44.23922589983011,44.560916900634766,659400,0.0,0.0
2007-04-10 00:00:00-04:00,44.65180723698749,44.700759671672444,44.141301369767504,44.21822738647461,1089500,0.0,0.0
2007-04-11 00:00:00-04:00,44.16928587553547,44.3021564214402,43.735705917791584,43.84060287475586,1158800,0.0,0.0
2007-04-12 00:00:00-04:00,44.42104422558461,44.42104422558461,43.74269934502411,44.28817367553711,929400,0.0,0.0
2007-04-13 00:00:00-04:00,44.20424495049411,44.46998867047055,43.93150916817707,44.15529251098633,1013100,0.0,0.0
2007-04-16 00:00:00-04:00,44.288162563654815,44.86860240194732,44.288162563654815,44.7357292175293,891600,0.0,0.0
2007-04-17 00:00:00-04:00,44.58887977964018,44.98749675939382,44.30215715750744,44.66580581665039,1389700,0.0,0.0
2007-04-18 00:00:00-04:00,45.274222166504714,45.274222166504714,44.37209647505775,44.637840270996094,730200,0.0,0.0
2007-04-19 00:00:00-04:00,44.127329554389064,44.68679071386774,44.127329554389064,44.4909782409668,1195600,0.0,0.0
2007-04-20 00:00:00-04:00,44.95953795253471,45.02946928133264,44.609875973126684,44.728759765625,1936800,0.0,0.0
2007-04-23 00:00:00-04:00,44.87559822669176,45.10637631625152,44.721748834693315,44.97350311279297,1250800,0.0,0.0
2007-04-24 00:00:00-04:00,45.113374918774376,45.27421638742407,44.7916866460584,45.17631149291992,1590600,0.0,0.0
2007-04-25 00:00:00-04:00,45.45603738009795,46.141376906642485,45.44205325464098,46.1134033203125,1518500,0.0,0.0
2007-04-26 00:00:00-04:00,46.64489274614049,46.67986106837344,45.63087542638752,46.295230865478516,1618600,0.0,0.0
2007-04-27 00:00:00-04:00,45.92458908819129,46.050467575802635,45.477022317888,45.90361022949219,1113900,0.0,0.0
2007-04-30 00:00:00-04:00,45.96655979237142,45.96655979237142,45.06443137022907,45.141357421875,1154700,0.0,0.0
2007-05-01 00:00:00-04:00,45.756751139542324,45.756751139542324,44.73573915023181,45.609893798828125,1847600,0.0,0.0
2007-05-02 00:00:00-04:00,45.03645969215728,46.540007126382285,45.03645969215728,46.33020782470703,2050400,0.0,0.0
2007-05-03 00:00:00-04:00,46.3301892788588,46.66586696008478,45.99451159763282,46.19032669067383,1599400,0.0,0.0
2007-05-04 00:00:00-04:00,46.43510180778394,46.470064796850394,46.05746631211251,46.35118103027344,1266800,0.0,0.0
2007-05-07 00:00:00-04:00,46.693848372826054,46.854695196457186,46.30922347918011,46.44209671020508,814600,0.0,0.0
2007-05-08 00:00:00-04:00,46.28824146936543,46.43509881899344,46.04347388456855,46.295230865478516,1153900,0.0,0.0
2007-05-09 00:00:00-04:00,46.491045279543165,46.959590911865234,46.295230147658444,46.959590911865234,1507100,0.0,0.0
2007-05-10 00:00:00-04:00,46.64488876110724,46.777761971740375,46.25326919555664,46.25326919555664,1952400,0.0,0.0
2007-05-11 00:00:00-04:00,46.393141013467215,46.763787130648524,46.120405142530906,46.30223083496094,1156800,0.0,0.0
2007-05-14 00:00:00-04:00,46.25326148061276,46.609918002844765,45.658837500503104,46.05045700073242,1626200,0.0,0.0
2007-05-15 00:00:00-04:00,46.22531277820431,46.81274768015656,46.099434251744434,46.679874420166016,1558900,0.0,0.0
2007-05-16 00:00:00-04:00,46.78475582880611,47.40015875395034,46.58894604968823,47.34421157836914,2088700,0.0,0.0
2007-05-17 00:00:00-04:00,47.21135989010295,47.98760987729436,47.029534174840755,47.78480529785156,2287900,0.0,0.0
2007-05-18 00:00:00-04:00,48.071509270629015,48.602996772416624,48.00857269911783,48.40019226074219,2427600,0.0,0.0
2007-05-21 00:00:00-04:00,48.19038685744219,48.386196591542486,47.97359293576107,48.1973762512207,1801600,0.0,0.0
2007-05-22 00:00:00-04:00,48.281303072538606,48.71488563506144,48.07150385364335,48.512081146240234,1303500,0.0,0.0
2007-05-23 00:00:00-04:00,48.512077537313786,48.88271817242892,48.27430475122658,48.3931884765625,1324500,0.0,0.0
2007-05-24 00:00:00-04:00,48.602974457351934,48.73584760564693,47.56797351700893,47.71483612060547,2347000,0.0,0.0
2007-05-25 00:00:00-04:00,47.70786028195402,48.21836355889164,47.393161438037595,48.14143753051758,1040800,0.0,0.0
2007-05-29 00:00:00-04:00,47.87571123717177,48.02256860881558,47.29527114775741,47.40716552734375,1696400,0.0,0.0
2007-05-30 00:00:00-04:00,47.00153120595399,47.74980712816361,46.763763779931686,47.68687057495117,1608800,0.0,0.0
2007-05-31 00:00:00-04:00,47.86870412762941,48.19738711340769,47.54701587262113,47.616947174072266,1615300,0.0,0.0
2007-06-01 00:00:00-04:00,47.693877146373424,48.253338275033265,47.67289828774661,48.225364685058594,1465600,0.0,0.0
2007-06-04 00:00:00-04:00,48.04353122499068,48.54005569723091,48.008568244756106,48.49809265136719,1191400,0.0,0.0
2007-06-05 00:00:00-04:00,48.498092383255255,49.059978700202606,48.07667094729955,48.94057846069336,2282500,0.3,0.0
2007-06-06 00:00:00-04:00,48.74393189663281,48.90547218241364,48.53322111850391,48.63857650756836,2358500,0.0,0.0
2007-06-07 00:00:00-04:00,48.59641642646852,48.940572220594845,48.097740173339844,48.097740173339844,2362000,0.0,0.0
2007-06-08 00:00:00-04:00,47.83788995680787,48.814172987877555,47.8097948257255,48.779052734375,2312800,0.0,0.0
2007-06-11 00:00:00-04:00,48.378704018654666,48.940595894355795,48.350608889009806,48.72988510131836,1231900,0.0,0.0
2007-06-12 00:00:00-04:00,48.35060322907558,48.91952016023988,48.25227296612815,48.29441833496094,1595400,0.0,0.0
2007-06-13 00:00:00-04:00,48.46999976239736,49.839603424072266,48.36464439797703,49.839603424072266,2259100,0.0,0.0
2007-06-14 00:00:00-04:00,49.832584381103516,50.317215901378674,49.713184120878275,49.832584381103516,1549100,0.0,0.0
2007-06-15 00:00:00-04:00,50.113539394129354,50.80887643697615,50.06437425693005,50.5419807434082,2099900,0.0,0.0
2007-06-18 00:00:00-04:00,50.5770934803877,51.012554528424516,50.54197323392145,50.74565887451172,1685600,0.0,0.0
2007-06-19 00:00:00-04:00,50.745656747266466,51.265403149876285,50.591136243048055,51.1319580078125,1424700,0.0,0.0
2007-06-20 00:00:00-04:00,51.25838458416008,51.848366131931456,51.16004896760102,51.230289459228516,2112700,0.0,0.0
2007-06-21 00:00:00-04:00,51.01958504916347,52.10122337991397,50.83696939368667,51.834327697753906,1944400,0.0,0.0
2007-06-22 00:00:00-04:00,51.67278697648499,52.16443837434755,51.47612641733997,51.55338668823242,1779800,0.0,0.0
2007-06-25 00:00:00-04:00,51.5182481265486,51.79919397917187,50.90017153765456,51.04064178466797,1768900,0.0,0.0
2007-06-26 00:00:00-04:00,51.36373604477641,51.827297581250924,50.68244934082031,50.68244934082031,2623700,0.0,0.0
2007-06-27 00:00:00-04:00,50.35935214980779,50.815888511493796,49.88877090621305,50.710533142089844,2192800,0.0,0.0
2007-06-28 00:00:00-04:00,51.81324575297724,51.81324575297724,50.58411217301479,50.67542266845703,1673900,0.0,0.0
2007-06-29 00:00:00-04:00,50.89316038192058,51.3216017190437,50.32424875924145,50.56304931640625,2295300,0.0,0.0
2007-07-02 00:00:00-04:00,50.72458934516288,51.693847068700734,50.710539103005885,51.20922088623047,1530900,0.0,0.0
2007-07-03 00:00:00-04:00,51.55338744115328,51.63064771317409,51.23030146661099,51.363746643066406,739300,0.0,0.0
2007-07-05 00:00:00-04:00,51.14601536025897,51.62362187219601,51.14601536025897,51.3777961730957,1215700,0.0,0.0
2007-07-06 00:00:00-04:00,51.45505022423337,51.6165905104304,51.131964293241616,51.532310485839844,1013200,0.0,0.0
2007-07-09 00:00:00-04:00,51.700867410047515,51.93264815683414,51.37778153207077,51.68681716918945,959500,0.0,0.0
2007-07-10 00:00:00-04:00,51.412887950201124,51.49717330567868,50.94230677229231,50.998497009277344,1471700,0.0,0.0
2007-07-11 00:00:00-04:00,51.124946287204274,52.04503907436053,51.124946287204274,51.97480392456055,1723300,0.0,0.0
2007-07-12 00:00:00-04:00,52.55073374411582,53.21797561645508,51.97479701852472,53.21797561645508,1651300,0.0,0.0
2007-07-13 00:00:00-04:00,53.30925081885803,53.67447652258532,52.83866979489978,53.49888610839844,1069900,0.0,0.0
2007-07-16 00:00:00-04:00,53.30928612180098,53.99057823739242,53.08453045714587,53.21797561645508,1433100,0.0,0.0
2007-07-17 00:00:00-04:00,53.519976449998865,54.053773012492584,53.19689060808315,53.27415084838867,1736900,0.0,0.0
2007-07-18 00:00:00-04:00,52.944055464504515,54.369855090547674,52.944055464504515,53.9133186340332,2304300,0.0,0.0
2007-07-19 00:00:00-04:00,53.97653533458872,55.10031381069067,53.94844020286136,54.9738883972168,1926700,0.0,0.0
2007-07-20 00:00:00-04:00,54.91063542154145,55.0440858532188,53.54805207079789,54.608619689941406,3556000,0.0,0.0
2007-07-23 00:00:00-04:00,54.69996571600439,55.13543220519173,54.608660559919194,54.71401596069336,2368900,0.0,0.0
2007-07-24 00:00:00-04:00,54.159126534401295,55.31802474105018,54.02567605865866,54.21531677246094,3386200,0.0,0.0
2007-07-25 00:00:00-04:00,54.68589540325235,54.97386098230491,52.40321933508725,53.66747283935547,3733500,0.0,0.0
2007-07-26 00:00:00-04:00,53.309284065987455,54.88959877925627,52.705252235783576,53.807960510253906,4551300,0.0,0.0
2007-07-27 00:00:00-04:00,53.927350213961134,54.4822168031552,52.649051666259766,52.649051666259766,4090900,0.0,0.0
2007-07-30 00:00:00-04:00,53.09152540036264,54.369829008827956,52.389163606838515,54.250423431396484,2550900,0.0,0.0
2007-07-31 00:00:00-04:00,54.924687998303234,54.924687998303234,53.70960514303956,53.81496047973633,2187000,0.0,0.0
2007-08-01 00:00:00-04:00,53.96248229645738,54.59460926833771,53.16178991827484,54.461158752441406,3013300,0.0,0.0
2007-08-02 00:00:00-04:00,53.92033207134349,54.45412872827194,52.76143897893168,53.51296615600586,3411500,0.0,0.0
2007-08-03 00:00:00-04:00,53.68152632940782,53.927351950613684,52.6771484839696,52.859764099121094,3293200,0.0,0.0
2007-08-06 00:00:00-04:00,53.38653041155161,54.580543518066406,52.43834290242562,54.580543518066406,2482700,0.0,0.0
2007-08-07 00:00:00-04:00,54.32767085919449,55.816679439788466,54.03268026146928,55.36716842651367,2708000,0.0,0.0
2007-08-08 00:00:00-04:00,55.76753267812586,57.038805928206415,55.31802151703896,56.497989654541016,2587300,0.0,0.0
2007-08-09 00:00:00-04:00,55.41635553863986,56.961549590730264,55.177549703769984,56.17490768432617,3382600,0.0,0.0
2007-08-10 00:00:00-04:00,55.83778841550481,57.24251265237285,54.784245237853774,56.378604888916016,3259800,0.0,0.0
2007-08-13 00:00:00-04:00,56.37860393686551,56.58228959080352,54.166167588037325,54.55246353149414,2960400,0.0,0.0
2007-08-14 00:00:00-04:00,54.32768577048055,54.7982669043824,52.747371673583984,52.747371673583984,2373200,0.0,0.0
2007-08-15 00:00:00-04:00,52.754406781764565,53.000232393889995,49.987098968876005,50.21887969970703,4494200,0.0,0.0
2007-08-16 00:00:00-04:00,49.96602985584376,49.96602985584376,47.830848835176866,48.88439178466797,5146500,0.0,0.0
2007-08-17 00:00:00-04:00,50.85101638990724,52.05908004213481,48.57536471861663,51.06172180175781,3497900,0.0,0.0
2007-08-20 00:00:00-04:00,51.644663530872805,52.14333977775916,50.44362546720081,51.86941909790039,1634400,0.0,0.0
2007-08-21 00:00:00-04:00,51.81324684876017,52.74738967535086,51.49016094394028,52.501564025878906,1773500,0.0,0.0
2007-08-22 00:00:00-04:00,53.09153933618852,54.23639278964265,52.7403583472461,53.68152618408203,1875000,0.0,0.0
2007-08-23 00:00:00-04:00,53.800947341439304,54.14510334393568,52.30491767627859,52.81061935424805,1760900,0.0,0.0
2007-08-24 00:00:00-04:00,52.810576393532216,53.47079272838276,52.515580415626275,53.386512756347656,1040200,0.0,0.0
2007-08-27 00:00:00-04:00,53.33737886200426,53.84308042448944,53.070477838138466,53.196903228759766,1153400,0.0,0.0
2007-08-28 00:00:00-04:00,52.77548105112213,53.12666205644426,51.93966854370445,52.00288391113281,1266600,0.0,0.0
2007-08-29 00:00:00-04:00,52.171445689205825,52.80357252683686,51.750029583650644,52.73333740234375,1222100,0.0,0.0
2007-08-30 00:00:00-04:00,52.178484278398514,52.78251615043559,52.02396374946839,52.522640228271484,1352900,0.0,0.0
2007-08-31 00:00:00-04:00,52.83868927057811,53.73068654564507,52.68416879176427,53.14070510864258,1135100,0.0,0.0
2007-09-04 00:00:00-04:00,53.18988000947914,53.65343617256785,52.761438733471486,53.105594635009766,1608800,0.0,0.0
2007-09-05 00:00:00-04:00,52.69660802917723,53.04918802156317,52.238252963086765,52.640193939208984,1595100,0.3,0.0
2007-09-06 00:00:00-04:00,52.41450989885561,53.48635003247102,52.41450989885561,53.14082336425781,1196900,0.0,0.0
2007-09-07 00:00:00-04:00,52.26644039695443,52.42157101624428,51.30742274710633,51.46255874633789,2042900,0.0,0.0
2007-09-10 00:00:00-04:00,51.85746257361255,52.06900732740347,50.94780560646448,51.6529655456543,1184900,0.0,0.0
2007-09-11 00:00:00-04:00,51.92795391350972,52.322841578574284,51.568321001431094,52.24527359008789,1079400,0.0,0.0
2007-09-12 00:00:00-04:00,52.01963851824985,52.442738722044695,51.54718272128053,51.87860870361328,1385400,0.0,0.0
2007-09-13 00:00:00-04:00,52.12542115029382,52.66839731349418,52.047853126979476,52.336971282958984,955600,0.0,0.0
2007-09-14 00:00:00-04:00,52.17477512704695,52.96455608571362,52.06195235006179,52.75300598144531,1220000,0.0,0.0
2007-09-17 00:00:00-04:00,52.75300324340947,53.563938094424536,52.534405425636024,53.02801513671875,1310400,0.0,0.0
2007-09-18 00:00:00-04:00,53.41584075939243,56.1800651550293,52.95748593431375,56.1800651550293,2190400,0.0,0.0
2007-09-19 00:00:00-04:00,56.4339506772017,57.82311665769585,56.29996856336413,56.603187561035156,2296400,0.0,0.0
2007-09-20 00:00:00-04:00,56.69484975743425,56.69484975743425,55.9332758720197,56.26470184326172,1279400,0.0,0.0
2007-09-21 00:00:00-04:00,56.976926971860465,57.59746580044585,56.26471390522774,56.91345977783203,1890300,0.0,0.0
2007-09-24 00:00:00-04:00,56.91346885228982,57.8231259921499,56.567941922867504,56.89231491088867,1297700,0.0,0.0
2007-09-25 00:00:00-04:00,56.44100639199255,56.983977218529525,56.22945624246481,56.553829193115234,1643000,0.0,0.0
2007-09-26 00:00:00-04:00,56.864085850050024,58.71160646310365,56.79357094602801,58.612884521484375,2262100,0.0,0.0
2007-09-27 00:00:00-04:00,58.542375191892994,59.23343429248033,58.26031552302632,58.75392532348633,1451400,0.0,0.0
2007-09-28 00:00:00-04:00,59.043032163074656,59.325091777887806,58.53531624850331,59.064186096191406,1614700,0.0,0.0
2007-10-01 00:00:00-04:00,58.99367485632942,59.52254473686334,58.75391771291721,59.28984069824219,1208000,0.0,0.0
2007-10-02 00:00:00-04:00,59.20520348566379,59.40264732659726,57.251913625067765,58.03464126586914,1847700,0.0,0.0
2007-10-03 00:00:00-04:00,57.71734170256856,57.84427071068188,56.511518815463766,56.91345977783203,1780600,0.0,0.0
2007-10-04 00:00:00-04:00,57.16025652632163,57.61155840629702,56.47625060137502,57.51283645629883,1044100,0.0,0.0
2007-10-05 00:00:00-04:00,57.83018655936261,58.817411865008616,57.83018655936261,58.60586166381836,1313300,0.0,0.0
2007-10-08 00:00:00-04:00,58.394281009164445,58.760967116002746,58.26030430623017,58.528263092041016,553200,0.0,0.0
2007-10-09 00:00:00-04:00,58.803309078770994,59.93156433105469,58.704587080442764,59.93156433105469,1252800,0.0,0.0
2007-10-10 00:00:00-04:00,59.93860622112074,60.220671326385485,58.61290722030417,58.99369430541992,1122600,0.0,0.0
2007-10-11 00:00:00-04:00,59.65652261526063,60.29116756030502,58.5000608842654,58.725711822509766,1556100,0.0,0.0
2007-10-12 00:00:00-04:00,58.98662419430481,59.32509791909558,58.760973251130004,58.93021011352539,1081800,0.0,0.0
2007-10-15 00:00:00-04:00,59.25460822248299,59.6424484679491,57.696204892424426,57.99942398071289,1545600,0.0,0.0
2007-10-16 00:00:00-04:00,57.90776025809859,58.06994409888363,56.652570524478286,57.026309967041016,1616600,0.0,0.0
2007-10-17 00:00:00-04:00,57.85837945983648,58.21095945561868,56.807687198846004,57.32245635986328,1363000,0.0,0.0
2007-10-18 00:00:00-04:00,57.174371334641116,58.697514063635104,57.174371334641116,58.55648422241211,1151200,0.0,0.0
2007-10-19 00:00:00-04:00,58.352004050228835,58.66227624651945,57.55517499514494,57.766719818115234,1966500,0.0,0.0
2007-10-22 00:00:00-04:00,56.85701555236331,57.787825991831035,56.70893268471398,57.604488372802734,1744600,0.0,0.0
2007-10-23 00:00:00-04:00,58.196858182509274,58.563544422013976,57.710296025450596,58.54238510131836,1600900,0.0,0.0
2007-10-24 00:00:00-04:00,59.811665885660986,61.23608659704914,58.24620995833023,61.18672561645508,2740200,0.0,0.0
2007-10-25 00:00:00-04:00,59.938597190932796,60.42515928971173,59.247538056144506,59.95975112915039,2254300,0.0,0.0
2007-10-26 00:00:00-04:00,60.629658237004335,62.06817988058417,60.18540400065595,60.96813201904297,1245000,0.0,0.0
2007-10-29 00:00:00-04:00,60.92580015689759,61.673267729595935,60.52385933649203,60.69309616088867,1171800,0.0,0.0
2007-10-30 00:00:00-04:00,60.58030395300775,60.693126766183994,58.99369380187368,59.13472366333008,1340700,0.0,0.0
2007-10-31 00:00:00-04:00,59.58600626916999,60.40399426304821,58.83853856299636,60.27706527709961,2047300,0.0,0.0
2007-11-01 00:00:00-04:00,59.586008020012066,60.12193101864703,58.69045736724114,58.810333251953125,1391300,0.0,0.0
2007-11-02 00:00:00-04:00,59.268697374305695,60.07257930623565,58.03466743213943,59.95975112915039,1605300,0.0,0.0
2007-11-05 00:00:00-05:00,59.79753882176876,60.29114841117035,58.958397139845026,59.87510681152344,1144200,0.0,0.0
2007-11-06 00:00:00-05:00,59.924508806779265,61.64509582519531,59.87514781403669,61.64509582519531,1146700,0.0,0.0
2007-11-07 00:00:00-05:00,60.876456452117125,61.12326134515809,59.24048567260433,59.38151550292969,1981700,0.0,0.0
2007-11-08 00:00:00-05:00,59.67063058346786,60.96106906648436,58.43660080171763,60.721317291259766,1987800,0.0,0.0
2007-11-09 00:00:00-05:00,59.776393564299084,60.22064767912463,58.528263092041016,58.528263092041016,2157200,0.0,0.0
2007-11-12 00:00:00-05:00,58.105187517600136,58.88086247420565,56.99103337959625,57.054500579833984,2088100,0.0,0.0
2007-11-13 00:00:00-05:00,57.42117680202905,57.96414761392618,56.76537781210757,57.87953186035156,2508900,0.0,0.0
2007-11-14 00:00:00-05:00,58.203904694133634,59.22638450084752,58.091076516318886,58.337886810302734,1425900,0.0,0.0
2007-11-15 00:00:00-05:00,58.22504469898749,59.06418658585765,57.18845892813432,57.62565994262695,1550000,0.0,0.0
2007-11-16 00:00:00-05:00,58.13339377745802,58.71162477873064,57.167322613160586,58.112239837646484,1963600,0.0,0.0
2007-11-19 00:00:00-05:00,57.858409791580044,58.10521484202412,55.67240836778407,55.86985778808594,2150800,0.0,0.0
2007-11-20 00:00:00-05:00,55.84867731774428,57.39297964587568,55.78521549162935,56.87821578979492,1569000,0.0,0.0
2007-11-21 00:00:00-05:00,56.29994779625443,56.96279963501895,55.77813112528106,55.912113189697266,1388000,0.0,0.0
2007-11-23 00:00:00-05:00,56.62433676699572,57.04743159099488,55.9685379068171,56.8852424621582,456900,0.0,0.0
2007-11-26 00:00:00-05:00,56.941654340689844,58.27440594377933,55.63005667099188,55.799293518066406,1629700,0.0,0.0
2007-11-27 00:00:00-05:00,55.97559875254985,56.84294791801029,55.30569890585186,55.72174072265625,2141500,0.0,0.0
2007-11-28 00:00:00-05:00,56.03202826369398,59.113580242427304,56.03202826369398,59.01485824584961,1928800,0.0,0.0
2007-11-29 00:00:00-05:00,58.937259337627395,60.26295786899011,58.725709238606456,59.76934814453125,1698600,0.0,0.0
2007-11-30 00:00:00-05:00,60.36168663763868,60.862349523315075,59.38856790800692,60.20655059814453,2563700,0.0,0.0
2007-12-03 00:00:00-05:00,59.452029246787156,60.481562051719656,59.02893438420358,59.40972137451172,1626200,0.0,0.0
2007-12-04 00:00:00-05:00,59.26868402398221,60.340524565141266,58.99367212921303,60.0232048034668,1743700,0.0,0.0
2007-12-05 00:00:00-05:00,60.674224704261,61.19789231206715,60.20717608528987,61.056358337402344,1706400,0.3,0.0
2007-12-06 00:00:00-05:00,61.03515406896844,61.940950274214536,60.22135093492127,61.93387222290039,1661400,0.0,0.0
2007-12-07 00:00:00-05:00,61.92679420934886,62.238158253589354,61.53050435463338,61.955101013183594,1053800,0.0,0.0
2007-12-10 00:00:00-05:00,62.252329066557586,63.35626768214271,61.792352843739764,63.26427459716797,1292900,0.0,0.0
2007-12-11 00:00:00-05:00,61.367755117474076,62.45046486258775,60.68840793228455,60.70963668823242,2617000,0.0,0.0
2007-12-12 00:00:00-05:00,62.16031947999349,62.89628022525572,61.28283010636091,61.940948486328125,2585400,0.0,0.0
2007-12-13 00:00:00-05:00,61.51636654589789,63.52610144866293,61.19792438421123,63.33503723144531,2258800,0.0,0.0
2007-12-14 00:00:00-05:00,62.86089658838021,62.938738948499925,62.153242695634205,62.301849365234375,1905900,0.0,0.0
2007-12-17 00:00:00-05:00,62.15324684854943,62.46461091086209,60.87946759690778,60.971466064453125,1800500,0.0,0.0
2007-12-18 00:00:00-05:00,61.77820108095325,62.73353297416965,61.31114681375254,62.507083892822266,2302700,0.0,0.0
2007-12-19 00:00:00-05:00,62.71936674030724,62.988278692770436,61.940948486328125,61.940948486328125,1455600,0.0,0.0
2007-12-20 00:00:00-05:00,62.51414943385306,62.733525836960936,61.14130439642371,62.691062927246094,1455100,0.0,0.0
2007-12-21 00:00:00-05:00,63.37749040211403,64.80695450305222,63.16519744186615,64.62296295166016,2386900,0.0,0.0
2007-12-24 00:00:00-05:00,65.18906282782531,65.18906282782531,64.16296169133027,64.91307830810547,433700,0.0,0.0
2007-12-26 00:00:00-05:00,64.9130953911296,65.09708152004906,64.09221426590425,64.92724609375,587600,0.0,0.0
2007-12-27 00:00:00-05:00,64.75030579099116,64.92721919479169,63.88696751660964,64.06388092041016,976600,0.0,0.0
2007-12-28 00:00:00-05:00,64.58754308394849,65.06167510935005,64.06388092041016,64.06388092041016,1588700,0.0,0.0
2007-12-31 00:00:00-05:00,63.97898909424592,64.31158187861386,62.6415183104672,62.77597427368164,1115500,0.0,0.0
2008-01-02 00:00:00-05:00,62.61321798215873,62.73351784659026,61.5658878591231,62.08247756958008,2002200,0.0,0.0
2008-01-03 00:00:00-05:00,62.351386122780525,63.11565363742051,62.146165842054735,62.62029266357422,1297400,0.0,0.0
2008-01-04 00:00:00-05:00,62.153244782008116,62.59198675489715,60.93607918179159,60.964385986328125,2301200,0.0,0.0
2008-01-07 00:00:00-05:00,61.45262461230262,61.82768548573585,59.584419887402305,60.86527633666992,2282700,0.0,0.0
2008-01-08 00:00:00-05:00,61.04929044096058,62.48583217810661,60.561012994335165,60.716697692871094,2265200,0.0,0.0
2008-01-09 00:00:00-05:00,61.657889489854995,62.556613070154064,59.96659690529126,61.85603713989258,3353800,0.0,0.0
2008-01-10 00:00:00-05:00,61.61544391704788,62.25941175675767,61.049318462335364,61.58005905151367,2465800,0.0,0.0
2008-01-11 00:00:00-05:00,61.134250561362066,61.79236923343572,60.70965908882469,61.07056427001953,1930800,0.0,0.0
2008-01-14 00:00:00-05:00,61.43852480462481,63.257195508994194,61.32530296335385,63.009517669677734,2019100,0.0,0.0
2008-01-15 00:00:00-05:00,62.096643564652425,62.95998237890249,60.355815230545645,60.68133544921875,2396900,0.0,0.0
2008-01-16 00:00:00-05:00,60.2213449675124,60.469022749252424,57.362422603641576,57.70209884643555,4451400,0.0,0.0
2008-01-17 00:00:00-05:00,57.76578800339554,58.692818317236586,54.58842338914708,54.75825881958008,4240800,0.0,0.0
2008-01-18 00:00:00-05:00,54.86441662838327,56.27972470247636,54.26998982877065,55.911746978759766,3695900,0.0,0.0
2008-01-22 00:00:00-05:00,52.727287739206744,55.33852666862445,51.88517796415044,54.6379508972168,4319200,0.0,0.0
2008-01-23 00:00:00-05:00,53.07405647563698,54.0081596536493,49.507479232597504,53.04574966430664,5791200,0.0,0.0
2008-01-24 00:00:00-05:00,53.088194140450966,56.09572326859003,52.932514814835784,54.963478088378906,5201900,0.0,0.0
2008-01-25 00:00:00-05:00,56.0037415102358,57.21382929704557,55.47300096870667,56.768009185791016,4120600,0.0,0.0
2008-01-28 00:00:00-05:00,56.31509721651679,57.75163373291711,55.56498043041391,57.56764221191406,3065700,0.0,0.0
2008-01-29 00:00:00-05:00,57.96394775497287,58.33900355011227,56.867081781400714,57.1642951965332,2418200,0.0,0.0
2008-01-30 00:00:00-05:00,57.02983336753088,59.09618715433766,56.76092679069366,57.15721130371094,2664900,0.0,0.0
2008-01-31 00:00:00-05:00,56.7892315157348,57.80117691633541,55.40223037207441,57.10767364501953,3088500,0.0,0.0
2008-02-01 00:00:00-05:00,57.38365715703326,59.471239583223166,57.38365715703326,59.138641357421875,2369300,0.0,0.0
2008-02-04 00:00:00-05:00,59.15278286317034,59.37923727869177,57.53933294537309,57.836551666259766,2144100,0.0,0.0
2008-02-05 00:00:00-05:00,56.93781114372294,57.43317193038386,56.03909339777616,56.11693572998047,2278900,0.0,0.0
2008-02-06 00:00:00-05:00,56.23017395442399,57.05105500727723,55.35268469710911,55.48714065551758,2112500,0.0,0.0
2008-02-07 00:00:00-05:00,55.19699477361831,57.52517635489475,55.19699477361831,56.92367172241211,2485700,0.0,0.0
2008-02-08 00:00:00-05:00,56.42126781533205,56.98738789655331,55.69945755813611,56.26558303833008,2273600,0.0,0.0
2008-02-11 00:00:00-05:00,56.14526858236993,57.56057665330203,55.97543312557019,57.36243438720703,1291700,0.0,0.0
2008-02-12 00:00:00-05:00,57.44027099303472,59.1740264451504,57.426120289294474,58.27530288696289,2368000,0.0,0.0
2008-02-13 00:00:00-05:00,58.72113909813261,59.42879319216232,57.85780023958081,58.537147521972656,1685400,0.0,0.0
2008-02-14 00:00:00-05:00,58.67156984716587,59.04662543786584,57.68085360444928,57.871917724609375,1214900,0.0,0.0
2008-02-15 00:00:00-05:00,57.62427670189002,57.73042590243721,56.293888865420065,57.560585021972656,1654000,0.0,0.0
2008-02-19 00:00:00-05:00,58.10547457479128,59.07496256854586,57.305827440581126,57.63134765625,1661200,0.0,0.0
2008-02-20 00:00:00-05:00,57.02274383251285,59.2235475566782,56.859981084870576,58.97586441040039,2634900,0.0,0.0
2008-02-21 00:00:00-05:00,59.06786964264282,59.294318666042074,57.46857037796466,57.80824661254883,2397400,0.0,0.0
2008-02-22 00:00:00-05:00,58.01345954791325,58.40974393900996,57.15012106819264,58.35313034057617,1212100,0.0,0.0
2008-02-25 00:00:00-05:00,58.27529080585442,59.442920684814446,57.76577919329221,59.44292068481445,1962800,0.0,0.0
2008-02-26 00:00:00-05:00,58.94050570124782,59.825073252174874,58.2470023657734,59.36509704589844,1827800,0.0,0.0
2008-02-27 00:00:00-05:00,59.1244813535698,59.93827896225796,58.74234762652219,59.60568618774414,1472100,0.0,0.0
2008-02-28 00:00:00-05:00,59.131572355512944,59.26602835647033,58.28946768359964,58.55129623413086,1393000,0.0,0.0
2008-02-29 00:00:00-05:00,57.92854202200206,58.56543153853047,56.576920636982315,56.810447692871094,1691200,0.0,0.0
2008-03-03 00:00:00-05:00,56.626473209729255,57.29874777885506,56.06743127609101,57.28459167480469,2538300,0.0,0.0
2008-03-04 00:00:00-05:00,56.79631492203325,57.20675016317029,55.50130672943365,56.49202346801758,2685300,0.0,0.0
2008-03-05 00:00:00-05:00,56.41735444991357,58.83473434788945,56.41735444991357,58.47212600708008,2620400,0.375,0.0
2008-03-06 00:00:00-05:00,58.301483780612436,59.11201616994776,57.6473708742105,58.75651931762695,2804700,0.0,0.0
2008-03-07 00:00:00-05:00,58.4081341112474,58.49344988443304,55.74901916608194,56.239601135253906,3361900,0.0,0.0
2008-03-10 00:00:00-04:00,57.547854747203395,57.547854747203395,55.002494984984466,55.27267074584961,2886300,0.0,0.0
2008-03-11 00:00:00-04:00,56.403136227881376,59.26844020998587,56.33203793684082,59.19734191894531,2603000,0.0,0.0
2008-03-12 00:00:00-04:00,59.21159143790605,59.716396629156044,58.415281468364576,58.642799377441406,1642300,0.0,0.0
2008-03-13 00:00:00-04:00,57.953132716243076,59.71639511063704,57.45543357348073,59.268470764160156,2433800,0.0,0.0
2008-03-14 00:00:00-04:00,59.815894694266895,59.83011760516697,57.05012978937716,58.81339645385742,2633100,0.0,0.0
2008-03-17 00:00:00-04:00,59.055142321211065,59.538618314240004,57.02169965268805,58.820518493652344,2495300,0.0,0.0
2008-03-18 00:00:00-04:00,59.58129600269207,61.58629875240616,59.04093907438196,61.40855026245117,2493900,0.0,0.0
2008-03-19 00:00:00-04:00,62.12666230760789,62.66701934073659,58.78499221801758,58.78499221801758,3088500,0.0,0.0
2008-03-20 00:00:00-04:00,58.49346034628195,59.22578855196548,57.33454234946946,58.1024169921875,3546700,0.0,0.0
2008-03-24 00:00:00-04:00,58.223306603025485,61.57208817390294,58.223306603025485,60.35628890991211,1764400,0.0,0.0
2008-03-25 00:00:00-04:00,60.49847053648887,61.2805681943526,59.986559466505106,60.470035552978516,1646900,0.0,0.0
2008-03-26 00:00:00-04:00,59.865672425743476,60.87528768758636,59.723475843515864,60.071861267089844,1420900,0.0,0.0
2008-03-27 00:00:00-04:00,60.09319597776911,61.03170761409411,59.50307522289723,60.02920913696289,1599300,0.0,0.0
2008-03-28 00:00:00-04:00,59.403533183088534,59.666597413113905,58.514790947700924,58.820518493652344,1451600,0.0,0.0
2008-03-31 00:00:00-04:00,58.32280051603089,60.22115200820313,58.28014263850578,59.88698959350586,2139000,0.0,0.0
2008-04-01 00:00:00-04:00,60.05054307584423,61.856468200683594,59.7305979963115,61.856468200683594,1920200,0.0,0.0
2008-04-02 00:00:00-04:00,61.27344302177071,62.24039497829031,60.37048332495929,61.76403045654297,2118400,0.0,0.0
2008-04-03 00:00:00-04:00,62.034213909195344,63.456201620580906,61.657388033590586,62.766536712646484,1559500,0.0,0.0
2008-04-04 00:00:00-04:00,62.98695282470164,63.157595282095315,61.90624438347576,62.78076934814453,1690400,0.0,0.0
2008-04-07 00:00:00-04:00,63.278482069148524,64.23832312800302,62.339969967797785,62.652809143066406,1738100,0.0,0.0
2008-04-08 00:00:00-04:00,62.4039312394999,62.84474940340332,61.79958751884963,62.702552795410156,1149300,0.0,0.0
2008-04-09 00:00:00-04:00,62.858978555239105,63.19314115962126,61.86358592717341,62.411048889160156,926000,0.0,0.0
2008-04-10 00:00:00-04:00,62.5461322928374,62.716769304648594,61.29478154916547,61.93467712402344,1361400,0.0,0.0
2008-04-11 00:00:00-04:00,61.35877101992845,62.0057725984441,60.85396061624097,61.26633834838867,1174300,0.0,0.0
2008-04-14 00:00:00-04:00,61.38720504833303,62.7380944183629,61.35165861129032,62.00577163696289,1007800,0.0,0.0
2008-04-15 00:00:00-04:00,62.28305015877358,63.38509261882457,61.21655955528618,62.02709197998047,1499200,0.0,0.0
2008-04-16 00:00:00-04:00,62.048433544513706,64.807093271616,62.048433544513706,64.57246398925781,2428500,0.0,0.0
2008-04-17 00:00:00-04:00,63.861462678551426,65.32610816567029,63.619727391123035,63.982330322265625,1931400,0.0,0.0
2008-04-18 00:00:00-04:00,64.84264026703949,66.1082139413161,64.57246454302243,65.95890045166016,2299200,0.0,0.0
2008-04-21 00:00:00-04:00,65.73139496090525,67.1747173776444,64.94930262401392,66.64147186279297,1787900,0.0,0.0
2008-04-22 00:00:00-04:00,66.18641576423933,66.99695375440807,65.23368659643198,66.19352722167969,2216500,0.0,0.0
2008-04-23 00:00:00-04:00,66.69123167293375,67.53731074665906,64.70044653290914,64.96351623535156,2333100,0.0,0.0
2008-04-24 00:00:00-04:00,64.92796523161874,66.52059011010931,63.875691832332805,64.95640563964844,2165800,0.0,0.0
2008-04-25 00:00:00-04:00,64.2738262432385,68.0278718005042,64.2738262432385,67.87145233154297,2915200,0.0,0.0
2008-04-28 00:00:00-04:00,68.24829225160043,68.24829225160043,66.76942929383682,66.89029693603516,1902600,0.0,0.0
2008-04-29 00:00:00-04:00,66.66989841594089,67.32401695399385,64.1672021696033,64.36627960205078,1998600,0.0,0.0
2008-04-30 00:00:00-04:00,64.36627071096707,66.03710513044383,64.3449417639301,64.92084503173828,2409200,0.0,0.0
2008-05-01 00:00:00-04:00,65.1128419514311,65.1128419514311,63.15760814725665,64.47294616699219,1588800,0.0,0.0
2008-05-02 00:00:00-04:00,64.97061738451735,66.0868775347924,64.82130932390827,65.78826141357422,2180400,0.0,0.0
2008-05-05 00:00:00-04:00,65.72429375824548,66.1793295304158,65.35457380307317,65.98735809326172,1320600,0.0,0.0
2008-05-06 00:00:00-04:00,65.95180095280139,66.78366258040354,65.37589215915472,66.62724304199219,1476200,0.0,0.0
2008-05-07 00:00:00-04:00,66.74812540580196,66.74812540580196,64.72179326772712,64.94219970703125,2142900,0.0,0.0
2008-05-08 00:00:00-04:00,65.28346290703045,66.39261171001455,65.28346290703045,66.38550567626953,1281200,0.0,0.0
2008-05-09 00:00:00-04:00,66.25753731188874,67.36668629501028,65.1270539507075,65.74562072753906,1235100,0.0,0.0
2008-05-12 00:00:00-04:00,66.04420203278156,66.91872663973697,64.7430823057423,66.89739227294922,1693000,0.0,0.0
2008-05-13 00:00:00-04:00,66.9756411987275,67.86438381242853,66.83344455031711,67.77906799316406,2537200,0.0,0.0
2008-05-14 00:00:00-04:00,68.2269888823981,69.0304102119275,66.97563782646606,68.23410034179688,2363300,0.0,0.0
2008-05-15 00:00:00-04:00,68.333626010685,68.333626010685,67.14626746744776,67.74349975585938,1426800,0.0,0.0
2008-05-16 00:00:00-04:00,67.99231380683432,67.99231380683432,66.47078798620893,67.57283020019531,1880000,0.0,0.0
2008-05-19 00:00:00-04:00,67.57286009666957,68.02789575325701,66.79787393424687,67.13204193115234,1209700,0.0,0.0
2008-05-20 00:00:00-04:00,66.9329374416217,68.13451836811649,66.69830825045099,68.07052612304688,1232800,0.0,0.0
2008-05-21 00:00:00-04:00,68.19140695916738,68.19140695916738,65.7740273443171,66.05842590332031,2131600,0.0,0.0
2008-05-22 00:00:00-04:00,66.02287134612398,67.06803288860957,65.76691319594582,66.2503890991211,1338300,0.0,0.0
2008-05-23 00:00:00-04:00,66.01577856180226,66.10109977747655,64.99905712894079,65.2763442993164,1131300,0.0,0.0
2008-05-27 00:00:00-04:00,65.32613655234364,65.32613655234364,64.34496663817836,65.06307220458984,1383100,0.0,0.0
2008-05-28 00:00:00-04:00,65.10570911915212,67.54441833496094,65.10570911915212,67.54441833496094,1546200,0.0,0.0
2008-05-29 00:00:00-04:00,67.11070119609003,67.79325456109864,66.38548994090964,67.45198059082031,1734600,0.0,0.0
2008-05-30 00:00:00-04:00,67.56575295898418,68.24120045374401,67.04673042271573,67.58708190917969,1333700,0.0,0.0
2008-06-02 00:00:00-04:00,65.85224882303089,67.08937653711662,65.85224882303089,66.54190826416016,1602700,0.0,0.0
2008-06-03 00:00:00-04:00,66.31440156709455,68.12032680302721,66.31440156709455,67.85015106201172,2016000,0.0,0.0
2008-06-04 00:00:00-04:00,67.84655962009597,69.75954010035932,67.39686301335927,68.69597625732422,2593700,0.375,0.0
2008-06-05 00:00:00-04:00,69.08140947208909,70.80166625976562,68.77447593696152,70.80166625976562,2165400,0.0,0.0
2008-06-06 00:00:00-04:00,70.08787608483331,70.50187507378472,68.52465563547688,68.61031341552734,2062000,0.0,0.0
2008-06-09 00:00:00-04:00,69.17426743376856,69.6382324521014,68.33198435051992,69.15998840332031,1166500,0.0,0.0
2008-06-10 00:00:00-04:00,68.53182086398638,68.53182086398638,67.13991000652247,67.91795349121094,1284000,0.0,0.0
2008-06-11 00:00:00-04:00,67.46824096994307,68.62459665720688,67.36117553710938,67.36117553710938,1666300,0.0,0.0
2008-06-12 00:00:00-04:00,67.9964480535192,69.02431421178639,67.22554435043094,68.57462310791016,1826900,0.0,0.0
2008-06-13 00:00:00-04:00,68.97434578135251,70.13070128984383,68.9101065315837,69.65959167480469,1669000,0.0,0.0
2008-06-16 00:00:00-04:00,69.35981548701363,70.16641146980895,68.9600899743126,69.8951644897461,1071000,0.0,0.0
2008-06-17 00:00:00-04:00,69.823791479616,70.29490125494496,69.58110252567232,69.71672058105469,1387900,0.0,0.0
2008-06-18 00:00:00-04:00,69.13140717926397,70.30917619453578,69.11713360057712,69.55255126953125,1353400,0.0,0.0
2008-06-19 00:00:00-04:00,69.80949747415748,70.42336463737566,69.55252957114287,69.88801574707031,970600,0.0,0.0
2008-06-20 00:00:00-04:00,69.26704066117334,69.88804761762718,68.6531732180175,69.40266418457031,1926400,0.0,0.0
2008-06-23 00:00:00-04:00,69.83808613294764,71.19430521700002,69.39553427259582,71.02299499511719,2367700,0.0,0.0
2008-06-24 00:00:00-04:00,70.90164311214221,71.05154022144139,68.66744916218245,69.03862762451172,2082400,0.0,0.0
2008-06-25 00:00:00-04:00,69.15997121112603,70.63753463565814,68.52469066046291,69.97370147705078,1772100,0.0,0.0
2008-06-26 00:00:00-04:00,68.53181919980608,69.33840982312088,66.65452501052184,66.91863250732422,3197600,0.0,0.0
2008-06-27 00:00:00-04:00,66.86148910475137,68.10350213557864,66.63307385411345,67.56815338134766,2457100,0.0,0.0
2008-06-30 00:00:00-04:00,67.73953500310147,68.13212123667032,67.14708044900922,67.26842498779297,1783700,0.0,0.0
2008-07-01 00:00:00-04:00,66.4332478746759,67.49680646220261,65.25547887583919,67.40401458740234,2885100,0.0,0.0
2008-07-02 00:00:00-04:00,67.51822867313328,67.90368069459268,64.93428039550781,64.93428039550781,3370400,0.0,0.0
2008-07-03 00:00:00-04:00,65.34831302768265,67.5182576070613,63.64233352965447,67.23274230957031,2238400,0.0,0.0
2008-07-07 00:00:00-04:00,67.3825992958995,68.74595199980702,66.17627773363606,66.73303985595703,2260800,0.0,0.0
2008-07-08 00:00:00-04:00,65.44821220159876,67.26126176518582,64.94141571881752,66.11204528808594,3105100,0.0,0.0
2008-07-09 00:00:00-04:00,66.18343471134982,67.16133571652152,65.09132326845835,65.09845733642578,1911900,0.0,0.0
2008-07-10 00:00:00-04:00,66.20482444172204,66.67593416227024,64.91998470009196,65.91930389404297,2401000,0.0,0.0
2008-07-11 00:00:00-04:00,65.49818419236584,65.96928860289984,64.41320688751549,65.28404235839844,2453000,0.0,0.0
2008-07-14 00:00:00-04:00,66.1905603816147,66.1905603816147,64.99137826562965,65.3197250366211,1255800,0.0,0.0
2008-07-15 00:00:00-04:00,64.96283743809207,66.0763619455528,64.05630981298482,65.13414764404297,1777600,0.0,0.0
2008-07-16 00:00:00-04:00,65.01281915736539,65.19126892089844,64.14198343998737,65.19126892089844,2240400,0.0,0.0
2008-07-17 00:00:00-04:00,64.96282720106207,67.11849707762842,64.65589351393037,65.89076232910156,2948200,0.0,0.0
2008-07-18 00:00:00-04:00,66.07634886718749,66.68307670447561,64.31326511543628,64.98423767089844,2635100,0.0,0.0
2008-07-21 00:00:00-04:00,65.11987191241876,65.83367076714026,64.762972485058,65.77656555175781,1140700,0.0,0.0
2008-07-22 00:00:00-04:00,65.4196603219828,66.19056432371124,64.25616480663732,65.63379669189453,2306500,0.0,0.0
2008-07-23 00:00:00-04:00,66.60453633044565,68.56034814257723,65.61949636038804,68.28196716308594,3650600,0.0,0.0
2008-07-24 00:00:00-04:00,68.44615454459858,69.03146924055969,66.04779055972098,66.15486145019531,2726100,0.0,0.0
2008-07-25 00:00:00-04:00,66.35472855034787,67.6752550970114,66.03352130375612,67.28266906738281,1703500,0.0,0.0
2008-07-28 00:00:00-04:00,67.19702317770209,67.49681738713687,66.21198272705078,66.21198272705078,1721400,0.0,0.0
2008-07-29 00:00:00-04:00,66.01214250534677,67.4540142767801,66.01214250534677,67.26842498779297,1756600,0.0,0.0
2008-07-30 00:00:00-04:00,66.78299683828605,67.71807672937702,66.28333998491782,67.53962707519531,2009500,0.0,0.0
2008-07-31 00:00:00-04:00,67.08280759412611,68.05356886473817,66.73304229253162,66.90435791015625,1576900,0.0,0.0
2008-08-01 00:00:00-04:00,66.56173007136474,66.93290300641891,65.06989337331845,65.3054428100586,1516900,0.0,0.0
2008-08-04 00:00:00-04:00,65.09842979525779,65.54098688540927,63.02841822295365,63.299659729003906,2570900,0.0,0.0
2008-08-05 00:00:00-04:00,63.72797925681472,64.72729903079089,63.27114829371498,64.2633285522461,2551400,0.0,0.0
2008-08-06 00:00:00-04:00,63.97063503105976,65.77654468938768,63.57090409601842,65.3482666015625,2421100,0.0,0.0
2008-08-07 00:00:00-04:00,64.87003937970687,65.0699076379302,63.58520468053321,63.66372299194336,1686100,0.0,0.0
2008-08-08 00:00:00-04:00,63.442418377380264,65.09843093164227,62.99272721442958,64.45601654052734,1856400,0.0,0.0
2008-08-11 00:00:00-04:00,64.45603212068804,64.47030570013693,61.872078572237655,62.95705032348633,2032500,0.0,0.0
2008-08-12 00:00:00-04:00,62.79287941130481,63.349641587156945,62.457393114098394,62.78573989868164,1975300,0.0,0.0
2008-08-13 00:00:00-04:00,62.692972797322575,64.7487121312714,62.32179423614488,64.2633285522461,2312300,0.0,0.0
2008-08-14 00:00:00-04:00,63.70653577174258,64.26329790210887,63.03556323214625,63.842159271240234,1905000,0.0,0.0
2008-08-15 00:00:00-04:00,63.863565302887345,64.24901722265795,63.13548763914792,63.720802307128906,1546100,0.0,0.0
2008-08-18 00:00:00-04:00,64.06344249610716,64.42748141006028,63.121228295057016,63.24257278442383,1584700,0.0,0.0
2008-08-19 00:00:00-04:00,62.8000169780236,63.942093898979955,62.72863274570881,63.071258544921875,2402900,0.0,0.0
2008-08-20 00:00:00-04:00,62.821418646523036,64.23473687739322,62.81427913541928,63.99918746948242,1704600,0.0,0.0
2008-08-21 00:00:00-04:00,63.6351608167533,64.9342743477044,63.50667682156682,64.83434295654297,1559900,0.0,0.0
2008-08-22 00:00:00-04:00,65.07704745699029,65.93360944466038,64.55597728523897,64.7915267944336,1390900,0.0,0.0
2008-08-25 00:00:00-04:00,64.29900803041976,64.57024965955387,63.16406491560265,63.54237747192383,961500,0.0,0.0
2008-08-26 00:00:00-04:00,63.385329986565424,64.19906011059743,63.20688030242064,64.09912872314453,1140100,0.0,0.0
2008-08-27 00:00:00-04:00,63.685145470024416,64.71301773749158,63.685145470024416,64.47746276855469,780000,0.0,0.0
2008-08-28 00:00:00-04:00,64.87717017570286,65.43393234845128,64.48457867140462,64.9556884765625,855100,0.0,0.0
2008-08-29 00:00:00-04:00,64.9627879608879,65.21261628884386,64.06340053439733,64.12763977050781,1113400,0.0,0.0
2008-09-02 00:00:00-04:00,65.1484126634035,65.1484126634035,63.4495735168457,63.4495735168457,1625200,0.0,0.0
2008-09-03 00:00:00-04:00,63.653879370060935,64.88681023510405,61.94783726978756,62.87253952026367,2142400,0.375,0.0
2008-09-04 00:00:00-04:00,62.52130079622562,62.72201035433143,60.227463993340606,61.044647216796875,2116800,0.0,0.0
2008-09-05 00:00:00-04:00,60.772246057469026,62.04818997531489,59.173734014387904,61.73995590209961,3097600,0.0,0.0
2008-09-08 00:00:00-04:00,62.90839633654955,63.08043234801754,59.82605484106458,60.49987030029297,3479800,0.0,0.0
2008-09-09 00:00:00-04:00,60.363678724562135,60.88696204702825,58.65047177910286,58.714988708496094,3097600,0.0,0.0
2008-09-10 00:00:00-04:00,59.28840366484601,60.22743963284966,58.43538291899653,59.48194885253906,2485600,0.0,0.0
2008-09-11 00:00:00-04:00,58.471239414895784,61.07330438086493,58.40672798374519,60.99445343017578,2694200,0.0,0.0
2008-09-12 00:00:00-04:00,60.64323502629857,62.33493803170155,60.44969518968975,62.22024917602539,1702600,0.0,0.0
2008-09-15 00:00:00-04:00,60.671892647128544,62.82236144738761,59.91206208775966,60.256134033203125,2346200,0.0,0.0
2008-09-16 00:00:00-04:00,59.84751968639583,61.668249817968295,58.77945550186755,61.360015869140625,2665400,0.0,0.0
2008-09-17 00:00:00-04:00,60.23461682008983,61.08763767114734,58.550084395089314,59.23106384277344,3294700,0.0,0.0
2008-09-18 00:00:00-04:00,60.04107267001348,60.04107267001348,57.109264895928064,58.89415740966797,4793900,0.0,0.0
2008-09-19 00:00:00-04:00,61.42455283962299,63.044568571298626,57.31715543104137,62.829524993896484,3925000,0.0,0.0
2008-09-22 00:00:00-04:00,62.60013417110426,62.67898511376464,59.532133573160024,59.74717712402344,2979000,0.0,0.0
2008-09-23 00:00:00-04:00,59.49628766697584,59.49628766697584,57.20962136682811,57.352989196777344,4152300,0.0,0.0
2008-09-24 00:00:00-04:00,55.625432046655895,56.70066593467987,55.38171499045319,56.342254638671875,5104400,0.0,0.0
2008-09-25 00:00:00-04:00,56.585990447467005,56.607494255247964,55.35305442473783,55.84766387939453,3896400,0.0,0.0
2008-09-26 00:00:00-04:00,54.71509028475903,55.44624719654655,52.85135194021345,53.15241622924805,5819400,0.0,0.0
2008-09-29 00:00:00-04:00,52.01267357092298,52.61480771671594,48.586260608653895,50.42132568359375,5985900,0.0,0.0
2008-09-30 00:00:00-04:00,51.56826034017121,52.4356157152322,50.85143717378096,51.42489242553711,3655700,0.0,0.0
2008-10-01 00:00:00-04:00,51.01627528533888,51.25282811224478,50.041395879536125,50.392642974853516,2523200,0.0,0.0
2008-10-02 00:00:00-04:00,50.1775882406474,50.85856760777266,49.4607655514953,49.998382568359375,4626500,0.0,0.0
2008-10-03 00:00:00-04:00,50.980445415440855,53.33162359700656,50.808403985869276,52.14886474609375,6043900,0.0,0.0
2008-10-06 00:00:00-04:00,51.13098371012394,51.13098371012394,47.60421601388845,49.589813232421875,5183600,0.0,0.0
2008-10-07 00:00:00-04:00,49.96253256068428,50.679355153916035,46.98055341667982,47.06657409667969,5018700,0.0,0.0
2008-10-08 00:00:00-04:00,46.5146255235203,48.93032004108727,45.589923565203975,46.256568908691406,5885700,0.0,0.0
2008-10-09 00:00:00-04:00,46.31392133366765,47.75473668637587,43.91256332397461,43.91256332397461,4480400,0.0,0.0
2008-10-10 00:00:00-04:00,42.19219461457811,46.9949056615705,40.12057695539286,43.86956024169922,6363400,0.0,0.0
2008-10-13 00:00:00-04:00,45.425064152786746,49.79768526643963,44.450184619658565,49.439273834228516,3388800,0.0,0.0
2008-10-14 00:00:00-04:00,51.030617940334245,53.38896565751279,47.36048315940996,48.51456832885742,3396300,0.0,0.0
2008-10-15 00:00:00-04:00,47.66871388952836,48.865806594964305,44.414337878994985,44.43584442138672,3383000,0.0,0.0
2008-10-16 00:00:00-04:00,44.12044152438733,45.83364752960874,42.21369304059596,45.783470153808594,5600700,0.0,0.0
2008-10-17 00:00:00-04:00,44.88743725858941,48.1131421825923,44.10610039663317,46.020015716552734,3511400,0.0,0.0
2008-10-20 00:00:00-04:00,46.62215170088667,50.98043527590162,45.74762708240209,50.908748626708984,3733800,0.0,0.0
2008-10-21 00:00:00-04:00,50.62202961687037,50.62202961687037,46.500298393756076,46.815696716308594,3536100,0.0,0.0
2008-10-22 00:00:00-04:00,43.74769902872245,45.511085373065264,41.21731516411022,42.4645881652832,5603900,0.0,0.0
2008-10-23 00:00:00-04:00,42.61512045444294,43.453801905430645,39.109857034128105,40.73704528808594,4503700,0.0,0.0
2008-10-24 00:00:00-04:00,38.15646453905533,40.43596049851607,36.579454360229626,38.550716400146484,4364500,0.0,0.0
2008-10-27 00:00:00-04:00,37.99161764877338,38.88047934032333,35.876989327090634,35.884159088134766,3252800,0.0,0.0
2008-10-28 00:00:00-04:00,37.5256732683978,41.56855624161544,35.84114074707031,41.21731185913086,4481600,0.0,0.0
2008-10-29 00:00:00-04:00,41.217314361596706,46.736848184188595,39.14569673815389,44.235137939453125,5321400,0.0,0.0
2008-10-30 00:00:00-04:00,46.94471993103825,49.66147878462556,43.245917419165266,45.81214141845703,4538200,0.0,0.0
2008-10-31 00:00:00-04:00,45.43941299438893,47.74758410527017,44.9232995200396,46.70102310180664,3072400,0.0,0.0
2008-11-03 00:00:00-05:00,46.55048200688077,47.611376862054655,44.83727293731436,45.20285415649414,2259400,0.0,0.0
2008-11-04 00:00:00-05:00,46.493128544141925,48.95900079507337,46.06303594591353,48.751121520996094,3075700,0.0,0.0
2008-11-05 00:00:00-05:00,47.92677587827413,48.93749324639089,45.28886758859287,45.31037139892578,2387200,0.0,0.0
2008-11-06 00:00:00-05:00,44.90895403824846,45.991358106596635,42.95202519076628,43.15990447998047,2581700,0.0,0.0
2008-11-07 00:00:00-05:00,43.597162669539976,45.53975180983741,43.33910602288783,45.48957443237305,2163400,0.0,0.0
2008-11-10 00:00:00-05:00,47.40348955702825,47.91960284546309,44.66522942800444,45.33187484741211,2467900,0.0,0.0
2008-11-11 00:00:00-05:00,44.443017290383054,45.1526731244735,41.84094954466766,42.89468002319336,2422700,0.0,0.0
2008-11-12 00:00:00-05:00,42.55060593088023,42.80149284118358,40.443144946483145,40.565006256103516,3390100,0.0,0.0
2008-11-13 00:00:00-05:00,41.76210172408387,44.837272678293246,39.124195918947024,44.64373016357422,4112600,0.0,0.0
2008-11-14 00:00:00-05:00,44.10609510175623,45.32469410729521,42.62227249145508,42.62227249145508,2295900,0.0,0.0
2008-11-17 00:00:00-05:00,41.840951577792225,43.805047511485554,41.46820334459268,41.482540130615234,1891600,0.0,0.0
2008-11-18 00:00:00-05:00,41.303329469775754,42.12767679352825,39.89119039613481,41.23881530761719,2768100,0.0,0.0
2008-11-19 00:00:00-05:00,41.01660031615765,42.12767507743988,38.335681917786,38.5937385559082,3744600,0.0,0.0
2008-11-20 00:00:00-05:00,37.798066297069674,39.303395832928565,33.97740215645733,34.264129638671875,4988700,0.0,0.0
2008-11-21 00:00:00-05:00,35.14583513975709,39.310578266646,35.14583513975709,38.94499969482422,5253400,0.0,0.0
2008-11-24 00:00:00-05:00,39.38225006872779,41.790775506943106,37.99878162040128,40.25677490234375,4567300,0.0,0.0
2008-11-25 00:00:00-05:00,41.21730141474327,43.002190974822966,40.09189009921936,42.19218063354492,2969900,0.0,0.0
2008-11-26 00:00:00-05:00,40.50765608627868,42.57210655983095,39.468265191744415,42.557769775390625,2908800,0.0,0.0
2008-11-28 00:00:00-05:00,42.314047615750674,42.84449767344848,41.10978513264496,42.32838439941406,1115400,0.0,0.0
2008-12-01 00:00:00-05:00,41.353517858320274,41.353517858320274,36.973731628157495,36.995235443115234,3494300,0.0,0.0
2008-12-02 00:00:00-05:00,38.12780086025359,40.47898132563767,37.41097811453711,39.55427932739258,3202300,0.0,0.0
2008-12-03 00:00:00-05:00,37.68861727414857,39.658933350379414,37.68861727414857,39.117637634277344,2395200,0.375,0.0
2008-12-04 00:00:00-05:00,37.93401680255076,38.67739560733727,36.92359671087103,37.6741943359375,2706100,0.0,0.0
2008-12-05 00:00:00-05:00,37.40714895126039,40.38788244477797,35.956474696078814,40.279624938964844,3074500,0.0,0.0
2008-12-08 00:00:00-05:00,41.54262598003877,43.159293652563235,40.8208986522261,42.80564880371094,3075200,0.0,0.0
2008-12-09 00:00:00-05:00,41.520998602476645,42.8994985621128,40.46006063036637,41.10239791870117,2224000,0.0,0.0
2008-12-10 00:00:00-05:00,40.98692408821789,42.99332657273035,40.98692408821789,42.286033630371094,3744000,0.0,0.0
2008-12-11 00:00:00-05:00,42.184977825586294,43.087137305375684,39.78162364990469,40.25074768066406,2688200,0.0,0.0
2008-12-12 00:00:00-05:00,39.673378765427195,40.43840848524971,38.67017754576876,40.25797653198242,2458100,0.0,0.0
2008-12-15 00:00:00-05:00,41.46325363332692,41.4704696983597,39.211464158471074,40.00536346435547,1676100,0.0,0.0
2008-12-16 00:00:00-05:00,40.43117382674486,42.5314006868861,40.01257056613113,42.34375,3238300,0.0,0.0
2008-12-17 00:00:00-05:00,41.53541692224932,42.76235421839026,41.53541692224932,42.43757629394531,2984400,0.0,0.0
2008-12-18 00:00:00-05:00,42.53139498779611,43.23147143175882,41.25393718688185,41.54262924194336,2356200,0.0,0.0
2008-12-19 00:00:00-05:00,41.759152914428455,43.14486837047126,41.391070353611426,41.67254638671875,3008700,0.0,0.0
2008-12-22 00:00:00-05:00,41.925175840219126,41.925175840219126,39.846598617227485,40.481719970703125,1869300,0.0,0.0
2008-12-23 00:00:00-05:00,41.57151014679844,41.57872896483333,40.048667168952456,40.33735656738281,1530000,0.0,0.0
2008-12-24 00:00:00-05:00,40.68379119935945,40.68379119935945,39.76719665570543,40.11362838745117,700400,0.0,0.0
2008-12-26 00:00:00-05:00,40.474493376476325,40.68379233071146,39.59398464405154,40.57553482055664,801300,0.0,0.0
2008-12-29 00:00:00-05:00,40.53222200941533,41.21064496400638,39.89710094890463,40.755958557128906,1270900,0.0,0.0
2008-12-30 00:00:00-05:00,40.97969767140311,42.3942860470609,40.81370063181102,42.32933044433594,1857200,0.0,0.0
2008-12-31 00:00:00-05:00,41.881844603439994,43.23147696752503,41.795238077100215,42.84174346923828,1793200,0.0,0.0
2009-01-02 00:00:00-05:00,43.137676158716374,45.468856904553135,42.466469003204814,45.057472229003906,2010300,0.0,0.0
2009-01-05 00:00:00-05:00,44.3862507665081,46.64525634355999,43.866605974080116,46.096744537353516,2970300,0.0,0.0
2009-01-06 00:00:00-05:00,46.73186120453669,48.435138748406516,46.65247072955038,47.929931640625,2570700,0.0,0.0
2009-01-07 00:00:00-05:00,46.92672981667802,47.53298391161624,44.97085128092011,45.16571807861328,2168400,0.0,0.0
2009-01-08 00:00:00-05:00,45.04302800898583,46.19057522229155,44.63164341866612,45.598758697509766,2189000,0.0,0.0
2009-01-09 00:00:00-05:00,45.584309276166984,45.93795696633535,44.59554336150696,44.93475341796875,1958300,0.0,0.0
2009-01-12 00:00:00-05:00,44.71825144480857,44.87703243336467,43.361405235381135,43.94600296020508,2762300,0.0,0.0
2009-01-13 00:00:00-05:00,43.6284313361551,44.55946054469676,42.8922688982272,44.306854248046875,2776500,0.0,0.0
2009-01-14 00:00:00-05:00,43.43356208764927,43.96763890715366,42.71905063616185,43.38304138183594,3979100,0.0,0.0
2009-01-15 00:00:00-05:00,43.38304469030681,44.17694391635085,42.618012474663296,43.989295959472656,3763500,0.0,0.0
2009-01-16 00:00:00-05:00,44.646078945802316,45.1368540348502,43.888265360799004,44.99250793457031,2813500,0.0,0.0
2009-01-20 00:00:00-05:00,44.458422460404556,45.1657179853139,42.61080142506671,42.73349380493164,3446100,0.0,0.0
2009-01-21 00:00:00-05:00,42.80567452860773,44.09756512936885,42.04785817644305,43.94600296020508,3575200,0.0,0.0
2009-01-22 00:00:00-05:00,42.43756893896138,43.945979257136784,42.34374360967801,43.289207458496094,3095800,0.0,0.0
2009-01-23 00:00:00-05:00,42.78401639160841,43.97486817607296,41.578732476200074,43.3325309753418,2378000,0.0,0.0
2009-01-26 00:00:00-05:00,43.38305473555929,44.74711971873568,42.76236844088853,43.2098388671875,1939800,0.0,0.0
2009-01-27 00:00:00-05:00,43.455210723333785,44.02537609084531,42.61079089688431,42.84174346923828,2625100,0.0,0.0
2009-01-28 00:00:00-05:00,44.32128873720035,47.626799484687126,44.32128873720035,46.1905632019043,3802100,0.0,0.0
2009-01-29 00:00:00-05:00,44.02539836195969,46.407102443096086,44.02539836195969,45.533809661865234,4501600,0.0,0.0
2009-01-30 00:00:00-05:00,45.64926486198681,45.865782563662236,44.53058777568714,44.93475341796875,4500300,0.0,0.0
2009-02-02 00:00:00-05:00,44.0398289358303,44.88424910674215,43.56348871689139,44.57390594482422,3187900,0.0,0.0
2009-02-03 00:00:00-05:00,45.11518259614657,45.25231257643652,44.38623906837054,44.920318603515625,4490000,0.0,0.0
2009-02-04 00:00:00-05:00,45.54101666140034,47.136034213879775,45.46884499283951,46.85456085205078,4373300,0.0,0.0
2009-02-05 00:00:00-05:00,46.03179526247637,48.630014075233085,46.03179526247637,48.464019775390625,4257300,0.0,0.0
2009-02-06 00:00:00-05:00,48.64444890587594,50.36937769760881,48.19697574200617,50.25389862060547,3849800,0.0,0.0
2009-02-09 00:00:00-05:00,50.16728614300759,50.93953444128808,49.8785940067726,50.61475372314453,4449500,0.0,0.0
2009-02-10 00:00:00-05:00,49.936326452838316,50.75187652866432,48.709386424442194,48.983646392822266,6473600,0.0,0.0
2009-02-11 00:00:00-05:00,49.21461302174989,49.66929948489194,48.435145793781835,49.02696228027344,3744600,0.0,0.0
2009-02-12 00:00:00-05:00,48.16089196529043,49.61877950017638,47.27316446925895,49.575477600097656,3624600,0.0,0.0
2009-02-13 00:00:00-05:00,49.474430102553235,49.64764318799777,48.601134844730375,48.687744140625,4352700,0.0,0.0
2009-02-17 00:00:00-05:00,47.020551573890636,47.88662244222239,46.79681228626857,46.86177062988281,5018500,0.0,0.0
2009-02-18 00:00:00-05:00,47.18655433201387,47.63402748154909,45.80805730910495,46.212223052978516,4623800,0.0,0.0
2009-02-19 00:00:00-05:00,46.284386831478585,47.66288912576801,45.17292847210097,45.40388107299805,3221400,0.0,0.0
2009-02-20 00:00:00-05:00,44.02538786014253,46.29883112140252,43.88826059401536,45.76475143432617,2810400,0.0,0.0
2009-02-23 00:00:00-05:00,46.428742016429574,46.428742016429574,42.85618952362518,42.964447021484375,3928300,0.0,0.0
2009-02-24 00:00:00-05:00,43.36861502869952,44.2563397166221,42.15611234442172,43.967647552490234,3519600,0.0,0.0
2009-02-25 00:00:00-05:00,44.10477716651815,44.21303466219936,42.43758530257153,42.79123306274414,2645400,0.0,0.0
2009-02-26 00:00:00-05:00,43.23870909006627,44.53060241429539,42.221073079808065,42.23550796508789,3330700,0.0,0.0
2009-02-27 00:00:00-05:00,41.29003618686154,42.430367139904014,40.86421678395196,40.95804214477539,4633500,0.0,0.0
2009-03-02 00:00:00-05:00,40.01979386378776,40.61161024437773,38.727900867038265,38.922767639160156,4026100,0.0,0.0
2009-03-03 00:00:00-05:00,39.240337899132456,40.503361490681776,38.90834378725814,39.88267517089844,3794500,0.0,0.0
2009-03-04 00:00:00-05:00,40.958609163107575,41.91096688597663,40.52968503121952,41.2857551574707,3692800,0.4,0.0
2009-03-05 00:00:00-05:00,40.1952729414225,40.871373782137965,39.4028538255972,39.817237854003906,3040200,0.0,0.0
2009-03-06 00:00:00-05:00,39.991713981968125,41.07493017495193,39.01754738547304,40.1589241027832,2578100,0.0,0.0
2009-03-09 00:00:00-04:00,38.78490790437612,40.18799855540905,38.78490790437612,39.24291229248047,3542400,0.0,0.0
2009-03-10 00:00:00-04:00,40.02079238448246,42.24538241815982,39.66456889589868,42.14360427856445,4433500,0.0,0.0
2009-03-11 00:00:00-04:00,42.57254041473741,44.055598081820165,42.485299607720066,43.65575408935547,3266000,0.0,0.0
2009-03-12 00:00:00-04:00,43.51035273464098,45.480497848441914,42.92876125795951,45.284210205078125,3136400,0.0,0.0
2009-03-13 00:00:00-04:00,45.60406501401383,46.8472195486379,45.037013917226304,46.56369400024414,3549900,0.0,0.0
2009-03-16 00:00:00-04:00,46.74544698844749,47.36338721747525,45.50229230603019,45.5968017578125,3351100,0.0,0.0
2009-03-17 00:00:00-04:00,45.64769607038547,46.62913131713867,44.68079818104292,46.62913131713867,2433600,0.0,0.0
2009-03-18 00:00:00-04:00,46.2002198813858,46.94175010945092,45.56046782267816,46.774539947509766,3036800,0.0,0.0
2009-03-19 00:00:00-04:00,47.457902803436255,48.05403433749745,46.680023782813805,46.85449981689453,2069900,0.0,0.0
2009-03-20 00:00:00-04:00,46.64367656930513,47.18891901678395,45.40779036045733,45.960304260253906,2530200,0.0,0.0
2009-03-23 00:00:00-04:00,46.37466718481484,48.4683952331543,45.07335513705332,48.4683952331543,2137800,0.0,0.0
2009-03-24 00:00:00-04:00,47.88683685167759,48.67198189462875,46.949019016478275,48.25033187866211,2211800,0.0,0.0
2009-03-25 00:00:00-04:00,48.74467779120639,49.80608244010909,47.865015081167094,49.3553466796875,2020100,0.0,0.0
2009-03-26 00:00:00-04:00,49.776983282823785,50.88200513389668,49.36259939536008,50.787498474121094,2127000,0.0,0.0
2009-03-27 00:00:00-04:00,50.13322661857411,50.852945120824465,49.13724838373781,49.66795349121094,2204000,0.0,0.0
2009-03-30 00:00:00-04:00,48.606536527214914,48.64288823435747,47.33430442811056,47.92316436767578,2507600,0.0,0.0
2009-03-31 00:00:00-04:00,48.78830051055748,49.65342040612592,47.843211269356985,48.919158935546875,2255600,0.0,0.0
2009-04-01 00:00:00-04:00,48.10492802615963,50.62031281586709,47.59603723357192,50.14777374267578,2888700,0.0,0.0
2009-04-02 00:00:00-04:00,51.90709079032784,52.001597500292185,49.51529285513253,49.718849182128906,3695100,0.0,0.0
2009-04-03 00:00:00-04:00,49.573445768961726,51.12920379638672,49.573445768961726,51.12920379638672,1979700,0.0,0.0
2009-04-06 00:00:00-04:00,50.57668906841642,50.64938695191684,49.47893272413322,50.453102111816406,1545400,0.0,0.0
2009-04-07 00:00:00-04:00,49.54436451383961,49.92966828677354,48.42479936340362,48.64289855957031,1677300,0.0,0.0
2009-04-08 00:00:00-04:00,48.66470520390076,49.95874632577864,48.22850683098185,49.47166442871094,1405700,0.0,0.0
2009-04-09 00:00:00-04:00,50.65667221182081,51.456360241284216,50.02418880533443,50.3876838684082,1869100,0.0,0.0
2009-04-13 00:00:00-04:00,49.886056646842405,50.96199875914108,49.1808754473865,50.59123229980469,1482000,0.0,0.0
2009-04-14 00:00:00-04:00,49.96602382984273,50.351327632297206,49.28265147288974,49.76973342895508,1509500,0.0,0.0
2009-04-15 00:00:00-04:00,49.52255733020149,50.51126410471235,49.11543918708381,50.416751861572266,1448400,0.0,0.0
2009-04-16 00:00:00-04:00,50.88929643779326,51.18009352673642,50.11141741410386,50.416751861572266,2877300,0.0,0.0
2009-04-17 00:00:00-04:00,50.460364605990414,50.7802363459047,49.69702309851798,50.002357482910156,2064300,0.0,0.0
2009-04-20 00:00:00-04:00,49.39169287672206,49.449847850203625,47.34884759795112,47.4578971862793,2029800,0.0,0.0
2009-04-21 00:00:00-04:00,46.94900699140525,49.02092700523626,46.89084647082586,48.824642181396484,2750000,0.0,0.0
2009-04-22 00:00:00-04:00,48.14855231548902,51.1437477010362,47.908644273493124,49.97329330444336,3138100,0.0,0.0
2009-04-23 00:00:00-04:00,50.82385563136303,51.08556683625574,49.64613025013377,50.91109085083008,2768800,0.0,0.0
2009-04-24 00:00:00-04:00,51.22370698573537,53.070261971983506,51.092848583670765,52.75765609741211,2826900,0.0,0.0
2009-04-27 00:00:00-04:00,51.965248875102844,52.757665331613026,51.36911728279906,52.357818603515625,1593300,0.0,0.0
2009-04-28 00:00:00-04:00,51.441807495896704,52.6704166700626,50.83840454047911,51.957969665527344,1836900,0.0,0.0
2009-04-29 00:00:00-04:00,52.61227423109841,52.75039857506244,51.62356727585849,52.08884048461914,3076200,0.0,0.0
2009-04-30 00:00:00-04:00,53.47009249209501,55.25121496649754,53.01935689957892,54.240699768066406,3901100,0.0,0.0
2009-05-01 00:00:00-04:00,53.84088226663978,54.24072901970721,52.68497072930779,53.39015197753906,1846000,0.0,0.0
2009-05-04 00:00:00-04:00,54.59695360326534,56.4217002472096,53.804537082670464,56.23268127441406,2461000,0.0,0.0
2009-05-05 00:00:00-04:00,56.13091098967941,56.22541771610125,53.68822354736288,54.10260772705078,2335600,0.0,0.0
2009-05-06 00:00:00-04:00,54.32067705643312,55.04039538306349,54.153466967169585,54.742332458496094,2260000,0.0,0.0
2009-05-07 00:00:00-04:00,55.77466937594033,55.956416861890865,52.61226422969957,53.09934616088867,2598100,0.0,0.0
2009-05-08 00:00:00-04:00,53.8336089098763,54.422469004275115,52.85216802388729,53.186588287353516,2287300,0.0,0.0
2009-05-11 00:00:00-04:00,52.314185746146556,53.04844700283085,51.616276198339605,52.176055908203125,1891100,0.0,0.0
2009-05-12 00:00:00-04:00,52.59771000926613,53.04844567419271,51.69624422590487,52.73583984375,1922400,0.0,0.0
2009-05-13 00:00:00-04:00,51.93616428972915,52.13972059019839,50.43129530098218,50.77297592163086,2702600,0.0,0.0
2009-05-14 00:00:00-04:00,50.780243731649556,51.89980885041495,50.73662611224727,51.638092041015625,1879100,0.0,0.0
2009-05-15 00:00:00-04:00,51.412723384391356,52.19060230664562,50.852938090535275,51.252784729003906,1783800,0.0,0.0
2009-05-18 00:00:00-04:00,51.90708069750061,52.80854663312926,51.43453614657275,52.72130584716797,2281200,0.0,0.0
2009-05-19 00:00:00-04:00,52.90305264465317,53.42648626070655,52.61952702703973,52.91032409667969,1444200,0.0,0.0
2009-05-20 00:00:00-04:00,53.2738361874393,54.32797521073142,52.48141960287326,52.670433044433594,1816400,0.0,0.0
2009-05-21 00:00:00-04:00,51.921623469899856,51.9434322820413,50.62758218223542,51.19463348388672,1877100,0.0,0.0
2009-05-22 00:00:00-04:00,51.65263393591159,52.34327211325326,51.034688091824854,51.68898010253906,1201400,0.0,0.0
2009-05-26 00:00:00-04:00,51.230973403357105,53.1647634366261,50.93290491541967,52.85215759277344,1467000,0.0,0.0
2009-05-27 00:00:00-04:00,52.677700802435325,53.08481347445325,51.02743575279625,51.04197311401367,2146300,0.0,0.0
2009-05-28 00:00:00-04:00,51.739856450711954,51.99430174050958,50.6857235873398,51.885257720947266,1713700,0.0,0.0
2009-05-29 00:00:00-04:00,52.43052271127434,53.22293917789308,51.65264360472929,53.215667724609375,1915900,0.0,0.0
2009-06-01 00:00:00-04:00,53.57189729955633,55.760133305121144,53.21566818995797,55.48387908935547,1953100,0.0,0.0
2009-06-02 00:00:00-04:00,55.352999276923775,55.95640210227843,54.76413935264532,55.81100082397461,2572800,0.0,0.0
2009-06-03 00:00:00-04:00,55.504089752626996,55.504089752626996,53.837871688547104,54.51020431518555,2097400,0.4,0.0
2009-06-04 00:00:00-04:00,54.82443420868564,55.906017123930134,54.44442190500386,55.54792785644531,1887100,0.0,0.0
2009-06-05 00:00:00-04:00,55.73792133920807,56.329871089300866,54.95596825873012,55.438297271728516,1846700,0.0,0.0
2009-06-08 00:00:00-04:00,54.98519741916782,55.65022576092624,54.19594042719712,55.11674118041992,1128300,0.0,0.0
2009-06-09 00:00:00-04:00,55.27023702328011,55.84756796914142,54.80983640467698,55.60640335083008,1264200,0.0,0.0
2009-06-10 00:00:00-04:00,56.264095799380826,56.264095799380826,53.67707207983796,54.45172119140625,1958600,0.0,0.0
2009-06-11 00:00:00-04:00,54.90481155055282,56.23486271412905,54.80980988727673,55.47483825683594,1565000,0.0,0.0
2009-06-12 00:00:00-04:00,55.30675968915191,55.30675968915191,53.73554381648281,54.619808197021484,1644500,0.0,0.0
2009-06-15 00:00:00-04:00,53.837854831364304,53.976708151742784,52.44933835420822,52.9974365234375,1708400,0.0,0.0
2009-06-16 00:00:00-04:00,53.41399382012673,53.757469583650256,52.08394241333008,52.08394241333008,1941900,0.0,0.0
2009-06-17 00:00:00-04:00,51.84277693769021,53.14359560823746,51.06812778879766,52.230098724365234,2491600,0.0,0.0
2009-06-18 00:00:00-04:00,52.237433427972825,53.677100527114526,52.025501379742984,53.05592346191406,1493500,0.0,0.0
2009-06-19 00:00:00-04:00,52.851300917664695,53.5967122802918,52.14242610264514,52.719757080078125,1991800,0.0,0.0
2009-06-22 00:00:00-04:00,51.740478155104896,52.083948382448874,50.373884481531434,50.48350524902344,2131000,0.0,0.0
2009-06-23 00:00:00-04:00,50.315421085903644,51.2873833757749,49.67232110999287,50.98044967651367,2246100,0.0,0.0
2009-06-24 00:00:00-04:00,51.32391180623933,51.857390868581525,50.53464915383829,50.9146614074707,1857300,0.0,0.0
2009-06-25 00:00:00-04:00,50.87081528633331,52.09855533023832,50.50541653011804,51.88662338256836,2078000,0.0,0.0
2009-06-26 00:00:00-04:00,51.74046388574479,52.91704827621473,51.41891120992673,52.74896240234375,2301400,0.0,0.0
2009-06-29 00:00:00-04:00,52.85127639770508,53.18744258767667,52.42741249818075,52.85127639770508,1593200,0.0,0.0
2009-06-30 00:00:00-04:00,52.67589712105162,53.07052852988903,51.73316746253065,51.93778991699219,2257700,0.0,0.0
2009-07-01 00:00:00-04:00,52.390891365100885,52.81474981365375,51.71124924906388,51.813560485839844,1662900,0.0,0.0
2009-07-02 00:00:00-04:00,50.95120198882306,51.389679368522984,50.31540616415562,51.27275466918945,1811500,0.0,0.0
2009-07-06 00:00:00-04:00,50.13272019774527,51.7697054549719,50.13272019774527,51.448158264160156,2480700,0.0,0.0
2009-07-07 00:00:00-04:00,51.236222826591444,51.34584358735815,49.102295062579536,49.211910247802734,2914100,0.0,0.0
2009-07-08 00:00:00-04:00,49.460392665711105,50.30811516881452,49.42385054745943,50.05964660644531,2753800,0.0,0.0
2009-07-09 00:00:00-04:00,50.78313883179697,51.20700290453575,49.950029764990326,50.75390625,1737600,0.0,0.0
2009-07-10 00:00:00-04:00,50.13271829609556,50.85620641740823,49.70885431571291,50.59312438964844,2090700,0.0,0.0
2009-07-13 00:00:00-04:00,50.644302235179424,52.00358692378051,49.95735034992728,51.92319869995117,2024700,0.0,0.0
2009-07-14 00:00:00-04:00,51.908547057046846,52.15702111362459,51.2873702789164,52.12778854370117,1488100,0.0,0.0
2009-07-15 00:00:00-04:00,52.84394889902572,53.31896824043837,52.27392791954682,52.81471633911133,2837400,0.0,0.0
2009-07-16 00:00:00-04:00,52.86589906459159,53.487081524469694,52.135101418187766,52.67589569091797,2777100,0.0,0.0
2009-07-17 00:00:00-04:00,52.18628206082338,52.52244843442557,51.696643217784036,51.996273040771484,2113300,0.0,0.0
2009-07-20 00:00:00-04:00,52.259353104202354,52.83668404482429,51.66009912130468,52.310508728027344,1943800,0.0,0.0
2009-07-21 00:00:00-04:00,52.968224286411655,53.71363555102303,52.463972046044155,53.611324310302734,2058500,0.0,0.0
2009-07-22 00:00:00-04:00,53.02667493964074,54.44442414448998,53.02667493964074,54.12287139892578,1807200,0.0,0.0
2009-07-23 00:00:00-04:00,54.27633082698481,56.2494875297442,53.83054945721208,55.745235443115234,2675600,0.0,0.0
2009-07-24 00:00:00-04:00,55.53332513420781,55.847568421830275,54.87560597691137,55.7598762512207,1247500,0.0,0.0
2009-07-27 00:00:00-04:00,55.72329166982412,56.381010325953135,55.5625153788214,56.28600311279297,1644100,0.0,0.0
2009-07-28 00:00:00-04:00,55.92065803861003,56.271443516367896,55.13140047086036,55.83296585083008,1593600,0.0,0.0
2009-07-29 00:00:00-04:00,51.19968790155104,54.29096479627807,51.18507439998444,53.720943450927734,5341300,0.0,0.0
2009-07-30 00:00:00-04:00,54.926781841951694,55.54064950229371,54.071743921409,55.2702522277832,4070300,0.0,0.0
2009-07-31 00:00:00-04:00,55.357938573810685,58.098430582415176,55.08754135509874,57.1337776184082,3382500,0.0,0.0
2009-08-03 00:00:00-04:00,56.037549786045524,58.00339674920355,55.094820388025056,57.1702880859375,3128300,0.0,0.0
2009-08-04 00:00:00-04:00,56.61490364269065,58.09111267204072,55.40908621754567,57.11915588378906,2772600,0.0,0.0
2009-08-05 00:00:00-04:00,57.2068503200542,57.2068503200542,56.16911879255845,57.04607391357422,1402300,0.0,0.0
2009-08-06 00:00:00-04:00,57.21416970090009,57.73303555390132,56.56375999956434,56.86338424682617,1431700,0.0,0.0
2009-08-07 00:00:00-04:00,57.433382149229345,57.87916914246137,56.198337965601006,57.184913635253906,1556900,0.0,0.0
2009-08-10 00:00:00-04:00,56.81952493679541,56.93645525279801,55.86218167058759,56.32258224487305,1006900,0.0,0.0
2009-08-11 00:00:00-04:00,56.022968375385794,56.44682691002313,55.51871605204619,56.110660552978516,1045900,0.0,0.0
2009-08-12 00:00:00-04:00,55.75253857486388,57.43336937796353,55.715996471855185,56.92912292480469,1236600,0.0,0.0
2009-08-13 00:00:00-04:00,57.40414895162053,57.69646350695413,56.410263851966555,56.761043548583984,1371200,0.0,0.0
2009-08-14 00:00:00-04:00,56.49798580423815,56.73184091724389,54.65637748626107,55.46756362915039,2881200,0.0,0.0
2009-08-17 00:00:00-04:00,54.07171914544355,55.116760057888634,54.07171914544355,54.71482467651367,1710100,0.0,0.0
2009-08-18 00:00:00-04:00,54.81713660314322,55.61370341356084,54.70020629581003,55.29215621948242,1241900,0.0,0.0
2009-08-19 00:00:00-04:00,54.597891184095005,56.695282424573634,54.06441202755041,56.351806640625,1318900,0.0,0.0
2009-08-20 00:00:00-04:00,56.59298544535658,56.59298544535658,55.65025558048896,56.16181182861328,1294700,0.0,0.0
2009-08-21 00:00:00-04:00,56.848730189729096,57.879151620363054,56.607565710555015,57.36759567260742,1951200,0.0,0.0
2009-08-24 00:00:00-04:00,57.76955318922513,58.025331237122835,56.42488269013776,56.607582092285156,1717100,0.0,0.0
2009-08-25 00:00:00-04:00,56.94376250750147,57.44070522814941,56.32989503963648,56.622215270996094,1176500,0.0,0.0
2009-08-26 00:00:00-04:00,56.446817064272715,57.19223389706351,55.97910694687411,56.54182434082031,1058300,0.0,0.0
2009-08-27 00:00:00-04:00,55.891387108405475,56.673340096432824,55.620990065614095,56.10331344604492,1177000,0.0,0.0
2009-08-28 00:00:00-04:00,56.58564724150703,56.76834660550834,55.467528025905764,55.97908401489258,1297300,0.0,0.0
2009-08-31 00:00:00-04:00,55.533337595294164,56.110668675382115,55.18986164854787,55.993743896484375,1459600,0.0,0.0
2009-09-01 00:00:00-04:00,55.61370945860295,56.14719428659694,55.109462786164286,55.1533088684082,2728800,0.0,0.0
2009-09-02 00:00:00-04:00,55.15330731617481,55.22677536728404,54.41126710788968,55.10187911987305,2691400,0.4,0.0
2009-09-03 00:00:00-04:00,55.62349971430265,55.976154144498466,55.109217842404604,55.91737747192383,1817600,0.0,0.0
2009-09-04 00:00:00-04:00,55.85860923042171,56.277383276533044,55.4324866978164,56.27003479003906,1074500,0.0,0.0
2009-09-08 00:00:00-04:00,57.13696287220285,57.13696287220285,55.719007869757824,56.20390701293945,1951200,0.0,0.0
2009-09-09 00:00:00-04:00,56.31409616771089,56.718173069083285,55.98348167904205,56.56388854980469,1397700,0.0,0.0
2009-09-10 00:00:00-04:00,56.27737044424653,57.041450313063514,55.616146941880714,56.98267364501953,1527300,0.0,0.0
2009-09-11 00:00:00-04:00,57.22513708657045,57.30595362343399,56.47575400549838,56.76228332519531,1499100,0.0,0.0
2009-09-14 00:00:00-04:00,56.15984249074419,57.24718320621943,55.917392853620036,57.19575500488281,957200,0.0,0.0
2009-09-15 00:00:00-04:00,57.24716554699304,57.88634922808005,56.578599135851924,57.72471618652344,1590500,0.0,0.0
2009-09-16 00:00:00-04:00,58.047989960813595,58.95165756888331,57.35737800275026,58.68716812133789,2394900,0.0,0.0
2009-09-17 00:00:00-04:00,58.650427028274926,59.26022235220126,58.31246959224689,58.73858642578125,2133700,0.0,0.0
2009-09-18 00:00:00-04:00,59.025116991659594,59.914098708142696,58.540223478829645,59.5467529296875,2493900,0.0,0.0
2009-09-21 00:00:00-04:00,59.27492028156513,59.87736718733807,58.70186171329968,59.76716232299805,1767500,0.0,0.0
2009-09-22 00:00:00-04:00,60.259396187470315,60.4283777038952,59.5908298169665,60.12715148925781,1490800,0.0,0.0
2009-09-23 00:00:00-04:00,60.0757191001672,60.39898514099504,58.83409432610327,58.93695068359375,1779400,0.0,0.0
2009-09-24 00:00:00-04:00,59.19406449911154,59.48059359322729,58.18753562667385,58.42998504638672,1378500,0.0,0.0
2009-09-25 00:00:00-04:00,58.32717314187229,59.29696595380258,58.158197191183326,58.466766357421875,1779600,0.0,0.0
2009-09-28 00:00:00-04:00,58.64306658674108,59.70836686125175,58.547558723831656,59.17939376831055,1340900,0.0,0.0
2009-09-29 00:00:00-04:00,59.22348813005625,59.943482732437666,59.0104269013204,59.51001739501953,1450400,0.0,0.0
2009-09-30 00:00:00-04:00,59.701031139840815,60.42102565016135,59.0691960196201,60.01694869995117,2095800,0.0,0.0
2009-10-01 00:00:00-04:00,60.09044548933133,60.09044548933133,58.00391777597566,58.03330612182617,3187100,0.0,0.0
2009-10-02 00:00:00-04:00,57.16634275492404,58.62838284843171,56.644712472284816,58.19491195678711,1923100,0.0,0.0
2009-10-05 00:00:00-04:00,58.45941746522232,58.93696818408777,57.95247840616871,58.1214599609375,1919700,0.0,0.0
2009-10-06 00:00:00-04:00,58.70919950720529,59.67164356297875,58.54021799862423,59.43654251098633,1649600,0.0,0.0
2009-10-07 00:00:00-04:00,59.238168065811905,59.87735162869563,59.105923384017025,59.311641693115234,1603200,0.0,0.0
2009-10-08 00:00:00-04:00,59.96553767472746,60.24471849865952,59.33370237376032,59.847984313964844,2503500,0.0,0.0
2009-10-09 00:00:00-04:00,59.892039670183415,60.53122319762645,59.4806142853008,60.501834869384766,1366600,0.0,0.0
2009-10-12 00:00:00-04:00,60.670817859987,61.16305975842832,60.457756678889126,60.83245086669922,1261200,0.0,0.0
2009-10-13 00:00:00-04:00,60.69284999125094,61.030807323580426,60.244687840602076,60.80305480957031,1195400,0.0,0.0
2009-10-14 00:00:00-04:00,61.53040120261577,61.71407404202657,60.96469132354063,61.66999435424805,1354000,0.0,0.0
2009-10-15 00:00:00-04:00,61.37612661337054,61.6700043249917,60.85449633773726,61.64796447753906,1574200,0.0,0.0
2009-10-16 00:00:00-04:00,61.596516686818376,62.6250856409823,61.18509134725275,61.780189514160156,1518300,0.0,0.0
2009-10-19 00:00:00-04:00,61.78757660115297,62.32390405839439,61.552475459476,62.15492248535156,1212100,0.0,0.0
2009-10-20 00:00:00-04:00,62.14020425065418,62.14754712938112,60.979390413191034,61.420204162597656,1273900,0.0,0.0
2009-10-21 00:00:00-04:00,61.06023567779902,62.14757639807349,60.80309466998098,60.913299560546875,1865100,0.0,0.0
2009-10-22 00:00:00-04:00,60.913295605550815,62.37533061672047,60.24472342337957,62.07410430908203,1824100,0.0,0.0
2009-10-23 00:00:00-04:00,62.21370355610921,62.331251332604275,60.50187026985486,60.744319915771484,1429200,0.0,0.0
2009-10-26 00:00:00-04:00,60.641443507518474,61.794909060516716,60.119813159882526,60.36226272583008,1397200,0.0,0.0
2009-10-27 00:00:00-04:00,60.369608617963415,60.99409536923548,59.85532672991634,59.89940643310547,1670600,0.0,0.0
2009-10-28 00:00:00-04:00,59.14266989369653,59.502667184448555,56.45369612477907,58.69450759887695,3513900,0.0,0.0
2009-10-29 00:00:00-04:00,59.69367546111515,60.99407675561939,58.988372399066186,60.501834869384766,2333700,0.0,0.0
2009-10-30 00:00:00-04:00,60.149219600168514,60.20799068409397,58.275753270674784,58.36391830444336,2060700,0.0,0.0
2009-11-02 00:00:00-05:00,58.885530816619635,59.81858664991421,57.85696149127984,58.834102630615234,1506700,0.0,0.0
2009-11-03 00:00:00-05:00,58.290446214574835,59.07657184175473,58.17289843829575,58.870853424072266,1494700,0.0,0.0
2009-11-04 00:00:00-05:00,59.31166090010635,59.54676200995811,58.12880686468738,58.268394470214844,1230600,0.0,0.0
2009-11-05 00:00:00-05:00,58.474105532820154,59.70838772480526,58.474105532820154,59.656959533691406,1024600,0.0,0.0
2009-11-06 00:00:00-05:00,59.201454807027204,60.149207713036496,58.95165673000998,60.031654357910156,1054500,0.0,0.0
2009-11-09 00:00:00-05:00,60.50184505701339,61.45694626731654,60.193275966392896,61.4422492980957,1371900,0.0,0.0
2009-11-10 00:00:00-05:00,61.354100473662044,61.376140326038836,60.73695658085009,61.2879753112793,1237200,0.0,0.0
2009-11-11 00:00:00-05:00,61.5083965024709,61.55982470268019,60.56799192421342,61.06023406982422,1206300,0.0,0.0
2009-11-12 00:00:00-05:00,61.05285510001986,61.376121114365176,60.391631709427465,60.5826530456543,1420000,0.0,0.0
2009-11-13 00:00:00-05:00,60.57533404229385,61.6259434949659,60.354929874999314,61.361454010009766,1092400,0.0,0.0
2009-11-16 00:00:00-05:00,61.78021700623025,62.426749233538736,61.69940608306904,62.24307632446289,1102700,0.0,0.0
2009-11-17 00:00:00-05:00,61.61125690338782,62.39737693206123,61.442275317297444,62.36798858642578,1075000,0.0,0.0
2009-11-18 00:00:00-05:00,62.27244372254937,62.42672824166243,61.332039641145684,61.625911712646484,1100900,0.0,0.0
2009-11-19 00:00:00-05:00,61.00880695029925,61.53778593625255,60.2153384713693,60.50921630859375,1511700,0.0,0.0
2009-11-20 00:00:00-05:00,60.10513070620952,60.861862317312855,60.05370250754968,60.69288635253906,1285700,0.0,0.0
2009-11-23 00:00:00-05:00,61.26592411381527,62.07408364774112,60.97939487547111,61.317352294921875,764900,0.0,0.0
2009-11-24 00:00:00-05:00,61.16307403637188,61.39082663249638,60.45042230691559,60.81776809692383,1179700,0.0,0.0
2009-11-25 00:00:00-05:00,60.65613756184938,61.12633974409223,60.538589818914744,61.05287170410156,1084100,0.0,0.0
2009-11-27 00:00:00-05:00,59.429197636340746,60.5532747846196,59.15735975132988,59.884708404541016,728200,0.0,0.0
2009-11-30 00:00:00-05:00,60.02429316660921,60.59735724367139,59.32633848535264,60.26674270629883,1261100,0.0,0.0
2009-12-01 00:00:00-05:00,60.94999323488481,61.1704028802184,60.61203588922339,60.9793815612793,891600,0.0,0.0
2009-12-02 00:00:00-05:00,60.92795088512288,61.37611303501589,60.35489255712852,60.77366638183594,1234000,0.0,0.0
2009-12-03 00:00:00-05:00,60.77368089838837,61.578388788710804,60.404550182136624,60.877037048339844,1744900,0.4,0.0
2009-12-04 00:00:00-05:00,61.80722695502399,63.542139603329645,60.27902653613541,60.89178466796875,2609700,0.0,0.0
2009-12-07 00:00:00-05:00,60.854882844762614,61.32736965458408,60.493136363099595,60.82535171508789,1168300,0.0,0.0
2009-12-08 00:00:00-05:00,60.4783824463212,60.55220747192083,59.82871433556068,59.9099235534668,1845100,0.0,0.0
2009-12-09 00:00:00-05:00,59.96897439359789,60.98777307060661,59.4521880479512,60.91394805908203,1646600,0.0,0.0
2009-12-10 00:00:00-05:00,61.334788865542755,61.733450895045614,60.30860546149459,60.596527099609375,1251200,0.0,0.0
2009-12-11 00:00:00-05:00,61.024693922249995,61.04684086446544,59.673674122229585,60.05756759643555,1391500,0.0,0.0
2009-12-14 00:00:00-05:00,60.39715467740408,60.58172000095805,59.79916483148497,60.552188873291016,1129800,0.0,0.0
2009-12-15 00:00:00-05:00,60.10188190413073,60.987793605693966,59.954226198877365,60.27167892456055,1675700,0.0,0.0
2009-12-16 00:00:00-05:00,60.61866810020389,60.97303055886813,60.03544068647553,60.404571533203125,1343300,0.0,0.0
2009-12-17 00:00:00-05:00,59.9837406672613,60.16830602316057,59.45219154107339,59.636756896972656,1387900,0.0,0.0
2009-12-18 00:00:00-05:00,60.07973737829802,60.13879966831729,58.89851974036261,59.26765060424805,2117200,0.0,0.0
2009-12-21 00:00:00-05:00,59.25288070217072,59.66630541746716,58.625359435741686,59.05354690551758,2051900,0.0,0.0
2009-12-22 00:00:00-05:00,59.21596944380783,59.636778381558145,58.7139512696066,58.80992889404297,1933100,0.0,0.0
2009-12-23 00:00:00-05:00,58.80255244944831,58.95758674878887,58.44818431346242,58.82469940185547,1751800,0.0,0.0
2009-12-24 00:00:00-05:00,58.90590510318389,59.127380246414305,58.8394586174717,58.9354362487793,722500,0.0,0.0
2009-12-28 00:00:00-05:00,59.06091803614032,59.681054971925526,58.93541493711066,59.5850830078125,1387800,0.0,0.0
2009-12-29 00:00:00-05:00,59.430041253396,60.03541536136091,59.430041253396,59.76225662231445,714900,0.0,0.0
2009-12-30 00:00:00-05:00,59.511258801791726,60.32334530941284,59.45958072310187,59.99850845336914,1141600,0.0,0.0
2009-12-31 00:00:00-05:00,60.131408934712255,60.19047121830856,59.28241254609523,59.289791107177734,1003400,0.0,0.0
2010-01-04 00:00:00-05:00,59.7327655566374,60.37504972445677,59.6884660180877,60.21263122558594,1233000,0.0,0.0
2010-01-05 00:00:00-05:00,59.99848939803089,60.09446696546424,58.78774139683735,59.090431213378906,2170900,0.0,0.0
2010-01-06 00:00:00-05:00,59.083074771813564,59.79180522981581,59.0609278250774,59.6146240234375,2359700,0.0,0.0
2010-01-07 00:00:00-05:00,59.62199565545752,59.96897943452616,59.49648692957954,59.76964569091797,2105100,0.0,0.0
2010-01-08 00:00:00-05:00,59.585091318273825,60.219996726313006,59.50388209404866,60.16093444824219,1424900,0.0,0.0
2010-01-11 00:00:00-05:00,60.788449645106226,60.81060222155622,60.101871852340025,60.729393005371094,1343000,0.0,0.0
2010-01-12 00:00:00-05:00,60.057606919016315,60.3972067311436,59.57773553769829,60.07975387573242,1171200,0.0,0.0
2010-01-13 00:00:00-05:00,60.37503333296926,61.231419500878445,59.98375558236867,61.142826080322266,1257800,0.0,0.0
2010-01-14 00:00:00-05:00,61.17973504268728,61.17973504268728,59.71059054202185,59.80656814575195,1401500,0.0,0.0
2010-01-15 00:00:00-05:00,59.62199565545752,60.131392220537535,59.3266899520488,59.76964569091797,1788900,0.0,0.0
2010-01-19 00:00:00-05:00,59.607241599403444,60.190468954883954,59.50388542324124,59.858253479003906,1598500,0.0,0.0
2010-01-20 00:00:00-05:00,59.36361778377564,59.821336369627026,59.11999010469983,59.6146240234375,1456100,0.0,0.0
2010-01-21 00:00:00-05:00,59.60723037876148,60.25690408661499,58.6770249684063,58.69178771972656,1672400,0.0,0.0
2010-01-22 00:00:00-05:00,58.48508793470844,59.27502766302987,57.510582796662476,57.76158905029297,2019200,0.0,0.0
2010-01-25 00:00:00-05:00,58.51462594780182,59.12737889935376,58.27838242091084,58.64012908935547,1885800,0.0,0.0
2010-01-26 00:00:00-05:00,58.278375259398636,58.91328071598995,57.916623002917795,58.07166290283203,1939100,0.0,0.0
2010-01-27 00:00:00-05:00,57.178348591242006,57.975672330537854,55.14812954899988,56.67633056640625,6430200,0.0,0.0
2010-01-28 00:00:00-05:00,56.96425061011915,57.19310983482304,56.01189275693429,56.218605041503906,2827800,0.0,0.0
2010-01-29 00:00:00-05:00,56.698487384640416,56.794459355214286,55.49511749385066,55.605857849121094,3075600,0.0,0.0
2010-02-01 00:00:00-05:00,56.11527323261918,56.70587921142578,55.9454705638123,56.70587921142578,2450400,0.0,0.0
2010-02-02 00:00:00-05:00,56.69847282801746,57.289078517015085,56.24074877224253,57.0233039855957,1888000,0.0,0.0
2010-02-03 00:00:00-05:00,56.86828307094113,57.37768531395502,56.5951299177213,56.76492691040039,1658200,0.0,0.0
2010-02-04 00:00:00-05:00,56.24079108741411,56.484418863266846,55.037426232658255,55.066951751708984,2506800,0.0,0.0
2010-02-05 00:00:00-05:00,55.35484743644645,55.812565942537745,53.97429646140822,54.63873291015625,4520300,0.0,0.0
2010-02-08 00:00:00-05:00,54.727318872420646,56.23337289563116,54.62396272075316,54.734703063964844,2498700,0.0,0.0
2010-02-09 00:00:00-05:00,55.39914352933061,55.93807126910048,54.52061054362435,55.509883880615234,2950700,0.0,0.0
2010-02-10 00:00:00-05:00,55.42131069473517,56.16695665746233,55.01526446936634,55.53205108642578,2379200,0.0,0.0
2010-02-11 00:00:00-05:00,55.399135146498296,56.344108820491776,55.38436676456799,56.27766799926758,1680000,0.0,0.0
2010-02-12 00:00:00-05:00,55.48775103453483,56.91259068161183,55.089089048115746,56.794471740722656,3320000,0.0,0.0
2010-02-16 00:00:00-05:00,57.39242708287391,57.58437658190976,57.001149527810014,57.52531433105469,1770100,0.0,0.0
2010-02-17 00:00:00-05:00,57.68775859368922,58.16024554759926,57.14144660932238,57.61393356323242,1933200,0.0,0.0
2010-02-18 00:00:00-05:00,57.42935492731508,57.94613565382891,57.14881762327721,57.37029266357422,2129900,0.0,0.0
2010-02-19 00:00:00-05:00,57.20050594126145,57.40721826889177,56.750165956428894,57.0085563659668,2765400,0.0,0.0
2010-02-22 00:00:00-05:00,57.18575986906012,57.34817837056706,56.654210457761295,56.772335052490234,2019000,0.0,0.0
2010-02-23 00:00:00-05:00,56.58036412545063,56.73539837336424,56.02666796897832,56.22600173950195,1756300,0.0,0.0
2010-02-24 00:00:00-05:00,56.432712696930764,56.779696514408755,55.82733847255057,56.10787582397461,2892400,0.0,0.0
2010-02-25 00:00:00-05:00,55.39175783794711,55.709210499043415,54.653496359349944,55.37699508666992,3189800,0.0,0.0
2010-02-26 00:00:00-05:00,55.42128335281955,55.73873598172357,55.00785876912595,55.47296142578125,1571000,0.0,0.0
2010-03-01 00:00:00-05:00,55.716619400163715,56.20386926322988,55.30319459119963,56.152191162109375,1911500,0.0,0.0
2010-03-02 00:00:00-05:00,56.68372979337096,56.95688863738641,56.32936734801581,56.82400131225586,1983500,0.0,0.0
2010-03-03 00:00:00-05:00,57.180450024725815,57.65571564960435,56.853702783016885,56.88340759277344,1710700,0.45,0.0
2010-03-04 00:00:00-05:00,57.0838823549034,57.522015311044996,56.913081208821566,57.373497009277344,2547700,0.0,0.0
2010-03-05 00:00:00-05:00,57.77453580250115,58.68050701914736,57.49234293815678,58.65822982788086,2215000,0.0,0.0
2010-03-08 00:00:00-05:00,58.71019041153182,59.40823903316711,58.650786478363145,58.8364372253418,2471500,0.0,0.0
2010-03-09 00:00:00-05:00,58.673063661502795,59.036937539209816,58.479985298273874,58.8364372253418,1584900,0.0,0.0
2010-03-10 00:00:00-05:00,58.54684501388189,59.10379752276105,58.03445255833053,58.673091888427734,1712800,0.0,0.0
2010-03-11 00:00:00-05:00,58.36117718874421,59.044376373291016,57.9824536721942,59.044376373291016,1223700,0.0,0.0
2010-03-12 00:00:00-05:00,59.237466742234865,59.385990811617276,58.88844792681755,59.103797912597656,916500,0.0,0.0
2010-03-15 00:00:00-04:00,59.12605163776599,59.33397956683064,58.79187689553111,59.21516036987305,1280000,0.0,0.0
2010-03-16 00:00:00-04:00,59.259738222345874,59.85381738895411,59.08893699175814,59.84638977050781,1965300,0.0,0.0
2010-03-17 00:00:00-04:00,60.084024830416524,60.945441556139194,59.950356034023564,60.92316436767578,2223700,0.0,0.0
2010-03-18 00:00:00-04:00,60.588964934585704,61.15334469741323,60.588964934585704,60.98997116088867,2047800,0.0,0.0
2010-03-19 00:00:00-04:00,60.61125946044922,61.79942313832091,60.321644741018346,60.61125946044922,2463600,0.0,0.0
2010-03-22 00:00:00-04:00,60.56670920400043,61.01227561253482,60.22511244557303,60.945438385009766,990200,0.0,0.0
2010-03-23 00:00:00-04:00,61.04196308687183,61.390987396240234,60.55927567922054,61.390987396240234,1429600,0.0,0.0
2010-03-24 00:00:00-04:00,61.2127671659576,61.368713120286095,60.57412811550103,61.101375579833984,1313000,0.0,0.0
2010-03-25 00:00:00-04:00,61.376144827272164,61.45040400109977,60.33649939685023,60.41818618774414,1251100,0.0,0.0
2010-03-26 00:00:00-04:00,60.53700581567008,61.05683141592044,60.2028366670617,60.581565856933594,1523500,0.0,0.0
2010-03-29 00:00:00-04:00,60.759797187025534,61.10882161814372,60.158290372484984,60.7746467590332,1310300,0.0,0.0
2010-03-30 00:00:00-04:00,60.93058104882152,61.502382890657934,60.774629426345534,61.457828521728516,1691900,0.0,0.0
2010-03-31 00:00:00-04:00,61.30930403343693,61.851406735461694,61.30930403343693,61.636051177978516,1879400,0.0,0.0
2010-04-01 00:00:00-04:00,62.05933672510382,62.289541857842636,61.695462816604355,62.24498748779297,1639600,0.0,0.0
2010-04-05 00:00:00-04:00,62.319260285690255,62.571748324271404,62.00736829592491,62.34153747558594,2207300,0.0,0.0
2010-04-06 00:00:00-04:00,61.88108933842922,62.690523627178194,61.85138454816191,62.579132080078125,1399900,0.0,0.0
2010-04-07 00:00:00-04:00,62.29696843691092,62.93560750317138,61.95537171912698,62.70540237426758,2023700,0.0,0.0
2010-04-08 00:00:00-04:00,62.51236369463736,62.9430750901589,62.47523125289354,62.74256896972656,1212200,0.0,0.0
2010-04-09 00:00:00-04:00,62.79451838294168,63.299488734131415,62.72025920362805,63.08413314819336,2555800,0.0,0.0
2010-04-12 00:00:00-04:00,63.225225976575835,63.410876747159065,62.928183610520286,63.113834381103516,2661000,0.0,0.0
2010-04-13 00:00:00-04:00,62.9281552807669,63.225197513096404,62.83904657699459,63.07667922973633,1411100,0.0,0.0
2010-04-14 00:00:00-04:00,63.16582679853133,63.84902605293465,62.965326426069296,63.77476119995117,1635700,0.0,0.0
2010-04-15 00:00:00-04:00,63.759901123127904,65.2302520538835,63.60395515566061,65.08173370361328,2284500,0.0,0.0
2010-04-16 00:00:00-04:00,64.8961120366,65.3491005733691,64.20549063346141,64.46540069580078,2213600,0.0,0.0
2010-04-19 00:00:00-04:00,64.02723708753442,64.71043054669914,63.61880313607085,64.7030029296875,1517200,0.0,0.0
2010-04-20 00:00:00-04:00,65.03718512636193,65.45304107666016,64.45052795898417,65.45304107666016,1763200,0.0,0.0
2010-04-21 00:00:00-04:00,65.45305779259654,65.45305779259654,64.62876763373264,65.02234649658203,1643500,0.0,0.0
2010-04-22 00:00:00-04:00,64.47282671589836,65.20058053799778,63.79706057059076,65.13374328613281,1793700,0.0,0.0
2010-04-23 00:00:00-04:00,65.24510598484528,65.55699791354907,64.59903927629165,65.51244354248047,1277000,0.0,0.0
2010-04-26 00:00:00-04:00,65.64609491668217,66.09165550607297,65.39360699447421,65.54955291748047,1304700,0.0,0.0
2010-04-27 00:00:00-04:00,65.3787914902016,65.47532787408541,64.16835021972656,64.16835021972656,1674600,0.0,0.0
2010-04-28 00:00:00-04:00,62.207827818137,64.30939489090868,60.90085110058237,62.63111114501953,4587400,0.0,0.0
2010-04-29 00:00:00-04:00,62.341545260694076,63.81932991859709,62.341545260694076,62.608882904052734,3493500,0.0,0.0
2010-04-30 00:00:00-04:00,62.77967429714931,62.98760228363492,62.14103510116482,62.20786666870117,2218800,0.0,0.0
2010-05-03 00:00:00-04:00,62.5494476181253,62.67568875714749,62.11873655669703,62.38607406616211,1480500,0.0,0.0
2010-05-04 00:00:00-04:00,61.60634855866343,61.769722136719615,60.522148781831625,61.019691467285156,2177600,0.0,0.0
2010-05-05 00:00:00-04:00,60.65579457466841,61.17561424823399,60.158252077739995,60.81916809082031,2035100,0.0,0.0
2010-05-06 00:00:00-04:00,60.53698440195811,61.48009323412619,56.54921055462662,58.91810989379883,3363800,0.0,0.0
2010-05-07 00:00:00-04:00,58.814178542480114,59.7572878973838,57.930484476380336,58.57654571533203,3332700,0.0,0.0
2010-05-10 00:00:00-04:00,60.53700226137881,60.730080653884926,59.207747697189724,60.373634338378906,2978000,0.0,0.0
2010-05-11 00:00:00-04:00,59.74983125231763,60.291933885759306,59.549330953467596,59.69784927368164,1458500,0.0,0.0
2010-05-12 00:00:00-04:00,59.97261881866757,60.73749898880754,59.668148874493156,60.707794189453125,1243800,0.0,0.0
2010-05-13 00:00:00-04:00,60.4775892376007,60.59640276972376,59.638444234033365,59.78696823120117,1417100,0.0,0.0
2010-05-14 00:00:00-04:00,59.3265601418203,59.549343334069846,57.38836563232989,57.84878158569336,3078100,0.0,0.0
2010-05-17 00:00:00-04:00,58.10869356197544,58.606236287679316,56.64576452362969,57.982452392578125,3298200,0.0,0.0
2010-05-18 00:00:00-04:00,58.457722462729706,59.34142204823482,57.70769167448073,57.7671012878418,3089900,0.0,0.0
2010-05-19 00:00:00-04:00,57.366080291950425,57.418062274004775,55.940283927936,56.83883285522461,3473800,0.0,0.0
2010-05-20 00:00:00-04:00,55.732368607762645,56.385857339368506,55.12343425210807,55.153133392333984,3900500,0.0,0.0
2010-05-21 00:00:00-04:00,54.72242600120506,57.27697689424542,53.98724482946424,57.25469970703125,5360900,0.0,0.0
2010-05-24 00:00:00-04:00,56.74231270870832,57.23242787007407,56.133372651330404,56.415565490722656,2913600,0.0,0.0
2010-05-25 00:00:00-04:00,54.81153245032558,56.71260021994623,54.81153245032558,56.65319061279297,2769400,0.0,0.0
2010-05-26 00:00:00-04:00,57.180460549377976,57.767117902420615,56.690339596602776,57.069068908691406,3165500,0.0,0.0
2010-05-27 00:00:00-04:00,58.130964749916245,58.6062302396937,57.39578933066854,58.59880828857422,2222000,0.0,0.0
2010-05-28 00:00:00-04:00,58.598813364701655,58.598813364701655,57.36608949869863,57.625999450683594,2809100,0.0,0.0
2010-06-01 00:00:00-04:00,57.21011956034831,57.848758412314744,56.62346267700195,56.62346267700195,1909000,0.0,0.0
2010-06-02 00:00:00-04:00,57.12102230281427,57.997294083284565,56.42297932440026,57.95273971557617,2122500,0.0,0.0
2010-06-03 00:00:00-04:00,57.93034708682776,58.04238474452822,56.60084798491124,57.10127639770508,3228900,0.45,0.0
2010-06-04 00:00:00-04:00,56.16762411745126,56.39169937448643,55.2713344862516,55.360965728759766,3909700,0.0,0.0
2010-06-07 00:00:00-04:00,55.58505517713662,56.33196536989085,55.34604414339417,55.45061111450195,3744200,0.0,0.0
2010-06-08 00:00:00-04:00,55.480472751761724,56.809971612772394,55.15183053498301,56.71287536621094,2843000,0.0,0.0
2010-06-09 00:00:00-04:00,57.23568588936567,57.78093245511274,56.59334311808821,56.83982467651367,2161600,0.0,0.0
2010-06-10 00:00:00-04:00,57.68388813577976,58.580178265481855,57.52703194953191,57.997589111328125,2333400,0.0,0.0
2010-06-11 00:00:00-04:00,57.34027721523667,58.13947067367458,57.34027721523667,58.09465789794922,1470200,0.0,0.0
2010-06-14 00:00:00-04:00,58.43824810515864,58.73701330262777,57.818317016114996,57.885536193847656,2204400,0.0,0.0
2010-06-15 00:00:00-04:00,58.26645062727381,59.2523715981793,57.945279099711435,59.22996520996094,2778100,0.0,0.0
2010-06-16 00:00:00-04:00,58.699665005491326,59.954474265170546,58.699665005491326,59.820030212402344,1927900,0.0,0.0
2010-06-17 00:00:00-04:00,60.12626988459431,60.342874522032524,59.13287797104152,60.30552673339844,2112400,0.0,0.0
2010-06-18 00:00:00-04:00,60.492245868361486,61.030022038470236,60.342866131540916,60.62668991088867,2069800,0.0,0.0
2010-06-21 00:00:00-04:00,61.23168944352568,62.1951984096916,60.73125537071057,61.119651794433594,2150200,0.0,0.0
2010-06-22 00:00:00-04:00,61.06734969390596,61.57524860955105,60.148648089698725,60.16358947753906,1776000,0.0,0.0
2010-06-23 00:00:00-04:00,60.126258826363156,60.52959093584726,59.08058362012343,59.902183532714844,2269200,0.0,0.0
2010-06-24 00:00:00-04:00,59.67064897247224,60.342869219508174,58.99842872543631,59.080589294433594,2435700,0.0,0.0
2010-06-25 00:00:00-04:00,59.342018127441406,59.75282105156011,58.60257856250081,59.342018127441406,2239200,0.0,0.0
2010-06-28 00:00:00-04:00,59.54363537269706,59.73036277630012,58.88635126499471,59.267276763916016,1151600,0.0,0.0
2010-06-29 00:00:00-04:00,58.624957080761426,58.789278172269434,57.467250142494734,57.788421630859375,1706000,0.0,0.0
2010-06-30 00:00:00-04:00,57.81830309557141,58.23657085224123,56.65311967582278,56.757686614990234,1917000,0.0,0.0
2010-07-01 00:00:00-04:00,56.55603030117428,57.69133107794504,56.54108890892369,57.34028244018555,2202400,0.0,0.0
2010-07-02 00:00:00-04:00,57.48966443936803,57.77348819200432,56.89213415137764,57.42243957519531,1478800,0.0,0.0
2010-07-06 00:00:00-04:00,57.99009206899984,58.25150942986858,57.16102151133681,57.855648040771484,1572700,0.0,0.0
2010-07-07 00:00:00-04:00,58.0125024017134,59.71545640941348,57.922876842448005,59.685585021972656,1672600,0.0,0.0
2010-07-08 00:00:00-04:00,60.19347350210632,60.55946350097656,59.797612118219455,60.55946350097656,1690800,0.0,0.0
2010-07-09 00:00:00-04:00,60.53708184891625,61.09726457164476,60.29807078182436,60.7462158203125,1476700,0.0,0.0
2010-07-12 00:00:00-04:00,60.54451531819439,61.059884978218314,60.30550437557627,60.8731575012207,1239700,0.0,0.0
2010-07-13 00:00:00-04:00,61.336238052231735,62.643330270952745,61.13456920448595,62.359500885009766,1926500,0.0,0.0
2010-07-14 00:00:00-04:00,60.74621926877374,62.135472955883905,60.54455028599801,61.86658477783203,2610400,0.0,0.0
2010-07-15 00:00:00-04:00,61.986098164959365,62.10560657514809,61.01511797531187,61.851654052734375,1602700,0.0,0.0
2010-07-16 00:00:00-04:00,61.5304403328155,61.5304403328155,60.26816637784835,60.46982955932617,2026900,0.0,0.0
2010-07-19 00:00:00-04:00,60.73871837460238,60.85822670475778,60.0067440985776,60.52211380004883,1396700,0.0,0.0
2010-07-20 00:00:00-04:00,59.9320403043801,61.672341492886254,59.82000269553126,61.58271026611328,1731300,0.0,0.0
2010-07-21 00:00:00-04:00,61.96366696508666,62.18027159801354,60.91799158830848,61.51552200317383,1976900,0.0,0.0
2010-07-22 00:00:00-04:00,62.24748573650419,63.75624734753058,62.04582251444164,62.98693084716797,2167000,0.0,0.0
2010-07-23 00:00:00-04:00,62.94959659501641,63.80854454454478,62.643366347759965,63.77866744995117,1373600,0.0,0.0
2010-07-26 00:00:00-04:00,63.599391959497446,64.22679366684577,63.53963778780576,63.97284698486328,1324100,0.0,0.0
2010-07-27 00:00:00-04:00,64.42848673367592,64.52558302523441,63.823485490734946,64.10731506347656,1358600,0.0,0.0
2010-07-28 00:00:00-04:00,63.50228175535751,64.77203209571215,63.50228175535751,64.44338989257812,1799100,0.0,0.0
2010-07-29 00:00:00-04:00,64.94383860918786,65.1679139451217,63.80106693256483,64.09236145019531,2140800,0.0,0.0
2010-07-30 00:00:00-04:00,63.36784116812971,65.2874053236186,63.352905475574026,64.84672546386719,2005100,0.0,0.0
2010-08-02 00:00:00-04:00,65.53386426548951,65.91478985911365,65.42182665578011,65.63096618652344,2507400,0.0,0.0
2010-08-03 00:00:00-04:00,65.25007017880911,65.88494265706902,65.21272239248177,65.5787124633789,1293600,0.0,0.0
2010-08-04 00:00:00-04:00,65.81771773215483,66.17623137631188,65.48907547628451,66.06419372558594,1213700,0.0,0.0
2010-08-05 00:00:00-04:00,65.75797152670972,66.21358718265753,65.57871468291016,66.1463623046875,1253700,0.0,0.0
2010-08-06 00:00:00-04:00,65.5413498003413,66.18369282976076,64.78696913584245,65.54882049560547,1203400,0.0,0.0
2010-08-09 00:00:00-04:00,65.73555075214482,66.39282950126089,65.73555075214482,66.3106689453125,1100900,0.0,0.0
2010-08-10 00:00:00-04:00,65.73555491892206,66.47499427085735,65.36956489250892,66.24345397949219,1546100,0.0,0.0
2010-08-11 00:00:00-04:00,65.0035831478167,65.49654653434494,64.55543824090937,64.8766098022461,1843700,0.0,0.0
2010-08-12 00:00:00-04:00,64.54050820822795,65.41439170812575,64.08489256500488,65.21272277832031,1871900,0.0,0.0
2010-08-13 00:00:00-04:00,64.95130271899468,65.41438904033582,64.7421687991864,65.19778442382812,1514900,0.0,0.0
2010-08-16 00:00:00-04:00,64.81683195135327,66.16873687458448,64.22677252172157,65.71312713623047,1622500,0.0,0.0
2010-08-17 00:00:00-04:00,66.43016437566185,67.02768884101567,66.03430306397831,66.57954406738281,1823100,0.0,0.0
2010-08-18 00:00:00-04:00,66.48248783457291,66.89328508318296,66.17625187429736,66.542236328125,1555800,0.0,0.0
2010-08-19 00:00:00-04:00,66.26585726301198,66.31067004027979,65.36209683112722,65.81024169921875,2283500,0.0,0.0
2010-08-20 00:00:00-04:00,65.18285280161237,66.0791484903274,65.18285280161237,65.98951721191406,1584500,0.0,0.0
2010-08-23 00:00:00-04:00,66.23594647911891,66.45255095649445,65.30230943791486,65.34712219238281,1251000,0.0,0.0
2010-08-24 00:00:00-04:00,63.82347405713827,65.526434093092,63.82347405713827,64.36872100830078,2430800,0.0,0.0
2010-08-25 00:00:00-04:00,64.01763998741764,64.51806819917736,63.12881547812075,64.18196105957031,1834200,0.0,0.0
2010-08-26 00:00:00-04:00,64.46582696692371,64.98119690381026,63.79361224738717,63.92058563232422,1187100,0.0,0.0
2010-08-27 00:00:00-04:00,64.30896106508176,65.19031524658203,63.68155929103346,65.19031524658203,1766900,0.0,0.0
2010-08-30 00:00:00-04:00,65.03342853230332,65.3545999370757,64.18942260742188,64.18942260742188,1152600,0.0,0.0
2010-08-31 00:00:00-04:00,63.860806692086754,64.5629039342006,63.57698293601601,64.25666809082031,1631100,0.0,0.0
2010-09-01 00:00:00-04:00,65.11562423315034,66.28827288899423,64.63760221411027,65.05587005615234,2879300,0.0,0.0
2010-09-02 00:00:00-04:00,65.1609778281436,65.1609778281436,63.99725258993962,64.68047332763672,3778600,0.45,0.0
2010-09-03 00:00:00-04:00,65.25858804602915,65.57391809739448,64.84565747249825,65.49884033203125,1535000,0.0,0.0
2010-09-07 00:00:00-04:00,65.183500917052,65.48381766343071,64.75555141508364,64.89069366455078,1181000,0.0,0.0
2010-09-08 00:00:00-04:00,65.04836429765376,65.43126832562938,64.89820877550089,65.0033187866211,1420700,0.0,0.0
2010-09-09 00:00:00-04:00,65.61896008092788,65.70905109542633,64.93573933796516,64.99580383300781,1500900,0.0,0.0
2010-09-10 00:00:00-04:00,65.03334679937446,65.24356680791784,64.8606628048906,64.90570831298828,1011600,0.0,0.0
2010-09-13 00:00:00-04:00,65.36367402255351,65.73906843936683,65.19099579853535,65.58891296386719,1256700,0.0,0.0
2010-09-14 00:00:00-04:00,65.58895456701917,66.42233115920163,65.48384452188515,65.97936248779297,1362400,0.0,0.0
2010-09-15 00:00:00-04:00,65.78414353461167,66.26464810424133,65.43127173827538,66.21959686279297,1327600,0.0,0.0
2010-09-16 00:00:00-04:00,66.1294784296143,66.91780322742197,65.92676224727522,66.85023498535156,1285600,0.0,0.0
2010-09-17 00:00:00-04:00,66.73013714412471,66.77518838790907,66.2721553074388,66.33972930908203,1716200,0.0,0.0
2010-09-20 00:00:00-04:00,66.5649825159091,66.70762858874113,66.21211062614704,66.53495025634766,1600000,0.0,0.0
2010-09-21 00:00:00-04:00,66.4973787040476,66.6175076884665,65.80665422783467,66.1294937133789,1852200,0.0,0.0
2010-09-22 00:00:00-04:00,66.00935788958465,66.27964234845716,65.73156966601239,66.10696411132812,1446800,0.0,0.0
2010-09-23 00:00:00-04:00,65.94180919025902,66.44483652139125,65.22105232892036,66.09196472167969,1486200,0.0,0.0
2010-09-24 00:00:00-04:00,66.5949840387003,67.63858032226562,66.39227352287016,67.63858032226562,1672400,0.0,0.0
2010-09-27 00:00:00-04:00,67.30822910506379,67.94639855360063,67.30822910506379,67.42835235595703,1250800,0.0,0.0
2010-09-28 00:00:00-04:00,67.57103550110898,68.11160470160867,66.49740659680198,67.89387512207031,1407900,0.0,0.0
2010-09-29 00:00:00-04:00,67.70615415991017,67.75870916227075,67.20312689044957,67.36830139160156,918800,0.0,0.0
2010-09-30 00:00:00-04:00,67.56349623846688,68.321794684427,67.16557901009196,67.7662124633789,1523900,0.0,0.0
2010-10-01 00:00:00-04:00,68.21665824395053,68.3142587078455,67.15804348173717,67.3082046508789,1727500,0.0,0.0
2010-10-04 00:00:00-04:00,67.03793218407681,67.42083607333421,66.54991832177839,66.85023498535156,1040300,0.0,0.0
2010-10-05 00:00:00-04:00,67.5034305479084,68.48696214186526,67.49592105529507,68.46443939208984,1606800,0.0,0.0
2010-10-06 00:00:00-04:00,68.35933919158171,68.83984368244387,68.02899020608947,68.45693969726562,972000,0.0,0.0
2010-10-07 00:00:00-04:00,68.66716210391985,68.68218109182273,67.50344257633216,67.72867584228516,1027300,0.0,0.0
2010-10-08 00:00:00-04:00,67.95393463828582,68.30680649197888,67.77374109933581,68.0365219116211,989300,0.0,0.0
2010-10-11 00:00:00-04:00,68.04399385049805,68.32178779705085,67.75869613938285,67.90885162353516,799800,0.0,0.0
2010-10-12 00:00:00-04:00,67.37579677289284,68.32179242572256,67.06797629110697,68.21668243408203,893200,0.0,0.0
2010-10-13 00:00:00-04:00,68.26923144601432,69.02002030796187,68.18664421295492,68.99749755859375,1860600,0.0,0.0
2010-10-14 00:00:00-04:00,68.77978384685547,68.9749905995081,67.75871030260967,68.10407257080078,1556200,0.0,0.0
2010-10-15 00:00:00-04:00,68.55454484548198,68.83233885010051,67.66110979031622,68.10407257080078,1446100,0.0,0.0
2010-10-18 00:00:00-04:00,68.10407646347758,68.4269159955973,67.75871417554633,68.15663146972656,680600,0.0,0.0
2010-10-19 00:00:00-04:00,67.19562002288905,67.53347280440347,66.5199087317943,67.1280517578125,1362100,0.0,0.0
2010-10-20 00:00:00-04:00,67.31574356567492,68.64463755708924,66.51990334151196,68.32930755615234,1181000,0.0,0.0
2010-10-21 00:00:00-04:00,68.44942350250201,69.71825859250295,67.66860234927566,69.64318084716797,1938700,0.0,0.0
2010-10-22 00:00:00-04:00,69.47052348643963,69.78585357446407,68.91494108448224,69.20774841308594,830900,0.0,0.0
2010-10-25 00:00:00-04:00,69.5980999202093,70.79936624525135,69.5980999202093,70.40144348144531,1185600,0.0,0.0
2010-10-26 00:00:00-04:00,70.08612627327258,70.19874572753906,69.36536978525584,70.19874572753906,1612900,0.0,0.0
2010-10-27 00:00:00-04:00,69.19272930248694,69.19272930248694,67.27070522537352,67.95392608642578,2791700,0.0,0.0
2010-10-28 00:00:00-04:00,68.95996800283335,68.95996800283335,67.76621625098707,68.26173400878906,1277200,0.0,0.0
2010-10-29 00:00:00-04:00,68.11157142248948,68.86236033900181,67.7812224662433,68.57705688476562,1342300,0.0,0.0
2010-11-01 00:00:00-04:00,68.92242482705836,69.11012205618646,68.32179140262257,68.57705688476562,1091200,0.0,0.0
2010-11-02 00:00:00-04:00,69.09512358537955,69.50055040804048,68.71972901566386,69.30534362792969,1437400,0.0,0.0
2010-11-03 00:00:00-04:00,69.53804994780339,69.53804994780339,68.49445413568432,69.25274658203125,1184900,0.0,0.0
2010-11-04 00:00:00-04:00,69.97352869487048,69.97352869487048,68.68217649683056,69.29031372070312,1994000,0.0,0.0
2010-11-05 00:00:00-04:00,69.52307191925905,69.86843422983753,69.32036137559625,69.7783432006836,1452200,0.0,0.0
2010-11-08 00:00:00-05:00,69.46298416178676,70.53661248165139,69.44797090464226,70.28885650634766,1150800,0.0,0.0
2010-11-09 00:00:00-05:00,70.04860769638933,70.5666481499608,68.74974035984646,69.08759307861328,1272900,0.0,0.0
2010-11-10 00:00:00-05:00,69.08010520676216,69.93600430407942,68.53953614991629,69.89095306396484,1015700,0.0,0.0
2010-11-11 00:00:00-05:00,69.12513312294587,70.06361923883688,69.07257812957855,69.68822479248047,936400,0.0,0.0
2010-11-12 00:00:00-05:00,69.38792324171591,69.40294223056601,68.2467263959428,68.75726318359375,950500,0.0,0.0
2010-11-15 00:00:00-05:00,68.86987878426172,69.51555206657223,68.66716254273645,68.70470428466797,777100,0.0,0.0
2010-11-16 00:00:00-05:00,67.8037562691362,68.45694479507381,67.60104574898496,67.87133026123047,1708100,0.0,0.0
2010-11-17 00:00:00-05:00,68.0665298026917,68.44942804774512,67.6836258295731,67.80374908447266,1213500,0.0,0.0
2010-11-18 00:00:00-05:00,68.50949957999715,69.56060537670066,68.45694457656526,68.97499084472656,1116000,0.0,0.0
2010-11-19 00:00:00-05:00,69.05756200987099,69.59062141423581,68.92241978566128,69.44046020507812,1599900,0.0,0.0
2010-11-22 00:00:00-05:00,69.25277381065003,69.305328810051,68.32179708066194,69.07258605957031,1091600,0.0,0.0
2010-11-23 00:00:00-05:00,68.37434344127554,68.74222839060175,67.86380677099922,68.4419174194336,1388400,0.0,0.0
2010-11-24 00:00:00-05:00,68.69719934112995,69.59064016007767,68.29177255928978,69.56060791015625,975600,0.0,0.0
2010-11-26 00:00:00-05:00,68.99746511174696,69.5905887211301,68.80976798452679,69.1100845336914,596100,0.0,0.0
2010-11-29 00:00:00-05:00,68.9149345709274,69.1777096194447,67.60105360027451,69.01253509521484,1155000,0.0,0.0
2010-11-30 00:00:00-05:00,68.41935475219425,69.42541433268647,68.186612147421,69.1100845336914,1257500,0.0,0.0
2010-12-01 00:00:00-05:00,69.83087387836481,70.28134605137039,69.08008501400069,70.20626831054688,1873900,0.0,0.0
2010-12-02 00:00:00-05:00,70.11617440670129,70.91200880197677,69.9359866758599,70.8969955444336,1612900,0.0,0.0
2010-12-03 00:00:00-05:00,70.6103361766792,71.19875473353184,70.22559875277834,71.0629653930664,1090100,0.45,0.0
2010-12-06 00:00:00-05:00,70.48964413378405,71.11577849144116,70.0898215271076,70.76122283935547,913700,0.0,0.0
2010-12-07 00:00:00-05:00,71.31944321613125,71.57593093856684,70.4820767603114,70.97242736816406,1599900,0.0,0.0
2010-12-08 00:00:00-05:00,71.17611255289222,71.28172582767873,70.21804763004559,70.5726089477539,1149600,0.0,0.0
2010-12-09 00:00:00-05:00,70.96489228014414,71.06296011383658,70.38401921744031,70.70085906982422,1280000,0.0,0.0
2010-12-10 00:00:00-05:00,70.85928759623965,70.9120942447128,70.17279541059568,70.45191955566406,1234700,0.0,0.0
2010-12-13 00:00:00-05:00,70.70085417593033,70.98751796222169,70.2255886747599,70.43682098388672,1405900,0.0,0.0
2010-12-14 00:00:00-05:00,70.20295946442917,70.24822640930896,69.55418889090879,69.83331298828125,1553100,0.0,0.0
2010-12-15 00:00:00-05:00,69.47878532026043,70.54246983017934,69.40334804956639,70.22562408447266,1642800,0.0,0.0
2010-12-16 00:00:00-05:00,70.81402585900861,70.866832507079,69.87104588954244,70.80648040771484,1297200,0.0,0.0
2010-12-17 00:00:00-05:00,70.73856848976833,70.9347098951182,70.18032607276368,70.54997253417969,1813300,0.0,0.0
2010-12-20 00:00:00-05:00,70.64805184443648,71.6362928901138,70.40664923192399,71.50804901123047,1391000,0.0,0.0
2010-12-21 00:00:00-05:00,71.66647057233575,72.67734223671972,71.47032914659991,72.39822387695312,1512700,0.0,0.0
2010-12-22 00:00:00-05:00,72.54910697658153,72.54910697658153,71.8248990364454,72.15682983398438,931000,0.0,0.0
2010-12-23 00:00:00-05:00,72.03611759489327,72.39067895170275,71.87015221464266,72.05120849609375,640100,0.0,0.0
2010-12-27 00:00:00-05:00,71.9229489572454,72.20207303610677,71.61365459112108,71.953125,398400,0.0,0.0
2010-12-28 00:00:00-05:00,72.04367287716347,72.23981433108968,71.57595271949124,72.12665557861328,526000,0.0,0.0
2010-12-29 00:00:00-05:00,72.30767465761329,72.57170779480987,72.15680022364117,72.36802673339844,691200,0.0,0.0
2010-12-30 00:00:00-05:00,72.22470774150487,72.27751438045912,71.44769330168133,71.55330657958984,2364300,0.0,0.0
2010-12-31 00:00:00-05:00,71.5834977659481,72.2171833229332,71.4854299172867,72.02104187011719,1069600,0.0,0.0
2011-01-03 00:00:00-05:00,72.41331636739196,72.41331636739196,71.74191508805383,71.83244323730469,1529600,0.0,0.0
2011-01-04 00:00:00-05:00,72.26242834211574,72.3529564744141,70.7913764085999,71.33453369140625,1475600,0.0,0.0
2011-01-05 00:00:00-05:00,70.964890806053,71.36471333844548,70.85173207384005,71.28173065185547,1239000,0.0,0.0
2011-01-06 00:00:00-05:00,71.15349973247372,71.17613033193916,70.06718491418621,70.1954345703125,1746900,0.0,0.0
2011-01-07 00:00:00-05:00,70.29347769753257,71.25154252274132,70.18786443350928,71.13084411621094,2237500,0.0,0.0
2011-01-10 00:00:00-05:00,70.42927687238704,70.53489015121153,70.15769822526921,70.29348754882812,2054400,0.0,0.0
2011-01-11 00:00:00-05:00,70.42928676944642,70.52735461199525,69.9992881436664,70.38402557373047,1414200,0.0,0.0
2011-01-12 00:00:00-05:00,70.95734682970861,70.99506832639389,70.48208705113277,70.70085906982422,1271500,0.0,0.0
2011-01-13 00:00:00-05:00,70.83666710902837,70.90455891440212,69.81824973996521,70.08228302001953,1774600,0.0,0.0
2011-01-14 00:00:00-05:00,69.96913403621562,70.2482582601441,69.546680729076,70.15018463134766,2014600,0.0,0.0
2011-01-18 00:00:00-05:00,70.2105303425531,70.7989490396687,70.05965581962391,70.48965454101562,1144200,0.0,0.0
2011-01-19 00:00:00-05:00,70.54245022143066,70.64051807052341,69.46368085943736,69.61455535888672,1439700,0.0,0.0
2011-01-20 00:00:00-05:00,69.62966427182506,69.7805388102981,68.70176916928126,68.78475189208984,1518900,0.0,0.0
2011-01-21 00:00:00-05:00,69.18453578801179,69.5164664930404,68.61120250355093,68.6791000366211,1578200,0.0,0.0
2011-01-24 00:00:00-05:00,68.1359459047879,69.06384052916684,67.92471935757754,68.9808578491211,1302800,0.0,0.0
2011-01-25 00:00:00-05:00,68.70928052309308,68.88278558067869,68.32454315878522,68.8299789428711,1876600,0.0,0.0
2011-01-26 00:00:00-05:00,68.84506490115682,69.38822213990227,68.29436221312561,69.01856994628906,2221200,0.0,0.0
2011-01-27 00:00:00-05:00,68.7545626411504,69.35052673811045,68.55088147774326,69.33544158935547,1363500,0.0,0.0
2011-01-28 00:00:00-05:00,69.34298794584136,69.86351483803183,68.35474657590912,68.55088806152344,1505000,0.0,0.0
2011-01-31 00:00:00-05:00,68.65649047712407,70.1878890991211,68.65649047712407,70.1878890991211,1834600,0.0,0.0
2011-02-01 00:00:00-05:00,70.50475220119183,71.87773132324219,70.48212159428638,71.87773132324219,1712200,0.0,0.0
2011-02-02 00:00:00-05:00,71.47787557807601,71.76453939232212,71.04787697896057,71.68155670166016,1583500,0.0,0.0
2011-02-03 00:00:00-05:00,71.50051700252571,71.71174360874693,70.97245048697265,71.53069305419922,1393900,0.0,0.0
2011-02-04 00:00:00-05:00,71.59103116504428,71.84751892089844,71.19874832545386,71.84751892089844,1574900,0.0,0.0
2011-02-07 00:00:00-05:00,71.93047820901802,72.05872204522755,71.45521859251136,71.73433685302734,1234300,0.0,0.0
2011-02-08 00:00:00-05:00,71.89275893837852,71.97574159430545,71.34960182885318,71.80223083496094,1095100,0.0,0.0
2011-02-09 00:00:00-05:00,71.5231264822159,72.26997059073832,71.37979747345729,71.49295043945312,1002900,0.0,0.0
2011-02-10 00:00:00-05:00,71.36474478438959,72.08141323386734,71.24404630420585,72.06632232666016,1767500,0.0,0.0
2011-02-11 00:00:00-05:00,71.95312054796665,73.46943350848814,71.68154193547052,73.17522430419922,1491600,0.0,0.0
2011-02-14 00:00:00-05:00,72.97157686927525,73.47701283733844,72.91877021224617,73.01683807373047,1116000,0.0,0.0
2011-02-15 00:00:00-05:00,72.94891404967666,73.25066873273728,72.42084767093947,73.06961822509766,1240600,0.0,0.0
2011-02-16 00:00:00-05:00,73.17527708106816,74.11071200128741,73.10738525672353,74.1031723022461,1940200,0.0,0.0
2011-02-17 00:00:00-05:00,73.32612360190186,74.17103576660156,72.90367039729864,74.17103576660156,1673800,0.0,0.0
2011-02-18 00:00:00-05:00,74.25401690447806,74.79717430209644,73.83910340477149,74.75190734863281,1959700,0.0,0.0
2011-02-22 00:00:00-05:00,73.17524963186455,74.28419505747378,72.76033612041438,73.80892944335938,1841400,0.0,0.0
2011-02-23 00:00:00-05:00,73.67312034560588,73.997499835291,72.26996609953966,73.17522430419922,1742500,0.0,0.0
2011-02-24 00:00:00-05:00,73.03189667429952,73.61277544594809,72.59435842747021,73.52224731445312,2158200,0.0,0.0
2011-02-25 00:00:00-05:00,73.66557894616146,74.74434800635491,73.55242022548546,74.15592956542969,1403600,0.0,0.0
2011-02-28 00:00:00-05:00,73.99753171147177,74.97068786621094,73.9749011099303,74.97068786621094,1397000,0.0,0.0
2011-03-01 00:00:00-05:00,75.27244776836004,75.37806108639809,73.74859435417231,73.76367950439453,1606400,0.0,0.0
2011-03-02 00:00:00-05:00,73.94469818049363,74.54820752788851,73.45435331066344,73.9145278930664,1657700,0.0,0.0
2011-03-03 00:00:00-05:00,74.73345111516602,74.94576113549094,74.2254227401008,74.68795776367188,1654000,0.5,0.0
2011-03-04 00:00:00-05:00,74.69553714839333,74.7713613243807,73.78562968150332,74.50597381591797,1152500,0.0,0.0
2011-03-07 00:00:00-05:00,74.87752674499575,75.07467425800185,73.20178734698038,73.48992156982422,1418100,0.0,0.0
2011-03-08 00:00:00-05:00,73.5202494406688,74.29367115323032,72.96672769473173,74.11927032470703,1247400,0.0,0.0
2011-03-09 00:00:00-05:00,74.03588014518019,74.19511270505117,73.0577323188163,74.1041259765625,1283200,0.0,0.0
2011-03-10 00:00:00-05:00,73.34586423199866,73.93730104148919,72.63310408465614,73.27761840820312,1518000,0.0,0.0
2011-03-11 00:00:00-05:00,73.1183830793574,75.07467844004894,73.0273905794363,74.2936782836914,1954900,0.0,0.0
2011-03-14 00:00:00-04:00,73.43683005350896,74.77135746505772,73.43683005350896,74.42256164550781,1379200,0.0,0.0
2011-03-15 00:00:00-04:00,72.73167893667782,74.20269267102142,72.53453717940647,73.74774169921875,2482200,0.0,0.0
2011-03-16 00:00:00-04:00,73.47477215094177,73.53543382499583,71.63979989842363,72.18573760986328,2072800,0.0,0.0
2011-03-17 00:00:00-04:00,73.02737306069348,73.42166801408143,72.32978141702378,73.15628051757812,1501500,0.0,0.0
2011-03-18 00:00:00-04:00,73.80838665438446,74.6803792624442,73.30794239502903,73.65673828125,1839500,0.0,0.0
2011-03-21 00:00:00-04:00,74.51357124356811,74.71830293461682,73.92213442056568,74.25576782226562,926600,0.0,0.0
2011-03-22 00:00:00-04:00,74.33917252961638,74.5287359012897,73.79322909359477,74.22543334960938,973300,0.0,0.0
2011-03-23 00:00:00-04:00,73.97521751320936,75.11259788474095,73.4216956386728,74.86995697021484,1315600,0.0,0.0
2011-03-24 00:00:00-04:00,75.21112875604256,75.72674110857714,74.91541050231075,75.48410034179688,967600,0.0,0.0
2011-03-25 00:00:00-04:00,75.49929016159001,76.40919191981075,75.35522016561625,75.72676849365234,1266500,0.0,0.0
2011-03-28 00:00:00-04:00,75.90116052095772,76.24237800550344,75.34005465183367,75.40829467773438,928300,0.0,0.0
2011-03-29 00:00:00-04:00,75.28699797704272,76.70493424152882,75.00644207235376,76.52294921875,1481400,0.0,0.0
2011-03-30 00:00:00-04:00,76.99303454773397,77.37974531925421,75.98455635191307,76.59873962402344,1451600,0.0,0.0
2011-03-31 00:00:00-04:00,76.50777621601627,77.48592388569999,76.43953039556561,77.0385513305664,1164600,0.0,0.0
2011-04-01 00:00:00-04:00,77.33426904324467,77.91054329471778,76.9854731445942,77.32669067382812,901500,0.0,0.0
2011-04-04 00:00:00-04:00,77.27360721829335,77.63756561279297,77.12953722025446,77.63756561279297,768500,0.0,0.0
2011-04-05 00:00:00-04:00,77.49349731870646,78.79011575953818,77.08404556214481,78.11526489257812,1134700,0.0,0.0
2011-04-06 00:00:00-04:00,78.3199851106469,78.64603426545796,77.29634429880268,78.19866180419922,994800,0.0,0.0
2011-04-07 00:00:00-04:00,78.10007857859881,78.55502933564635,77.17500876109492,77.73611450195312,788500,0.0,0.0
2011-04-08 00:00:00-04:00,78.21385080147057,78.36549918963506,77.08405469010414,77.56175231933594,778500,0.0,0.0
2011-04-11 00:00:00-04:00,77.59208128909277,77.85746885450979,76.70492609112088,76.8641586303711,1138000,0.0,0.0
2011-04-12 00:00:00-04:00,76.37128863505971,76.99305623449466,75.97699360028746,76.22721862792969,1558200,0.0,0.0
2011-04-13 00:00:00-04:00,76.59874010054025,77.15226751361126,76.0679651441816,76.87171173095703,1408200,0.0,0.0
2011-04-14 00:00:00-04:00,76.1968484941657,77.50104468492857,75.81014359819272,77.22807312011719,1660700,0.0,0.0
2011-04-15 00:00:00-04:00,77.31908991525808,78.47163238568301,77.19018824268025,78.21382904052734,1557600,0.0,0.0
2011-04-18 00:00:00-04:00,77.42528613098021,78.17595567767734,77.0385751223716,78.02430725097656,1414800,0.0,0.0
2011-04-19 00:00:00-04:00,78.17591983435719,80.33694074161603,77.97877234202413,80.25353240966797,2089800,0.0,0.0
2011-04-20 00:00:00-04:00,80.996629739529,80.996629739529,79.8440870915651,80.54926300048828,2217600,0.0,0.0
2011-04-21 00:00:00-04:00,80.57200282406059,80.77672868374712,79.9350670000094,80.76156616210938,1078600,0.0,0.0
2011-04-25 00:00:00-04:00,81.42123305789723,81.42123305789723,80.63264897250433,80.98902893066406,1112300,0.0,0.0
2011-04-26 00:00:00-04:00,81.25441557488229,82.23255711069959,80.98144396046398,81.98233795166016,1696000,0.0,0.0
2011-04-27 00:00:00-04:00,81.75485709208849,81.75485709208849,78.24414697465821,80.4506607055664,2344300,0.0,0.0
2011-04-28 00:00:00-04:00,80.05639562750588,81.421248281051,79.82891729274118,81.26959991455078,1677100,0.0,0.0
2011-04-29 00:00:00-04:00,81.5122516593324,81.5122516593324,80.25354806620427,80.6933364868164,1741300,0.0,0.0
2011-05-02 00:00:00-04:00,81.0648756093735,81.31509484043762,79.53320046702679,79.93507385253906,1611600,0.0,0.0
2011-05-03 00:00:00-04:00,79.74548988296493,80.20044065866958,79.23746161317828,79.59384155273438,1093400,0.0,0.0
2011-05-04 00:00:00-04:00,79.48767919058793,79.61658083782714,78.12282120507734,78.32755279541016,1978000,0.0,0.0
2011-05-05 00:00:00-04:00,78.1683715208373,79.33608291848651,77.7285887693984,78.02430725097656,1530800,0.0,0.0
2011-05-06 00:00:00-04:00,78.84318605760681,79.37396108980761,78.01668689602101,78.55504608154297,1216100,0.0,0.0
2011-05-09 00:00:00-04:00,78.71427622481451,79.48769785992883,78.42614204242683,79.17681121826172,1351800,0.0,0.0
2011-05-10 00:00:00-04:00,79.42704362713417,80.10188869013875,79.16165609421344,79.73793029785156,1203000,0.0,0.0
2011-05-11 00:00:00-04:00,79.60144236342036,79.76825324757829,78.1683381532663,78.53988647460938,1526100,0.0,0.0
2011-05-12 00:00:00-04:00,78.25176260336454,79.07067781067094,77.6982407616778,78.97210693359375,1578100,0.0,0.0
2011-05-13 00:00:00-04:00,78.99482156596227,79.17680072097427,77.78919592460178,77.98634338378906,960200,0.0,0.0
2011-05-16 00:00:00-04:00,77.75127558433314,78.85074029383803,77.63753645938142,78.12281799316406,1152300,0.0,0.0
2011-05-17 00:00:00-04:00,77.83470907644279,78.03185657115229,77.12194906211823,77.5010757446289,1323600,0.0,0.0
2011-05-18 00:00:00-04:00,77.69063967786634,79.29055475305341,77.31909714597877,79.25263977050781,1721300,0.0,0.0
2011-05-19 00:00:00-04:00,79.39670660399045,80.02605826512323,79.04032660828842,79.66209411621094,1404000,0.0,0.0
2011-05-20 00:00:00-04:00,79.54837029964261,79.70001867198285,78.59296935585823,79.21473693847656,1481600,0.0,0.0
2011-05-23 00:00:00-04:00,78.25930700362841,78.66876439928159,77.66028632026611,78.32755279541016,1067600,0.0,0.0
2011-05-24 00:00:00-04:00,78.6081331687535,79.19199156037301,77.94845637473455,78.1076889038086,921200,0.0,0.0
2011-05-25 00:00:00-04:00,77.83470470637094,79.73033801249292,77.66030389680168,79.29813385009766,1267100,0.0,0.0
2011-05-26 00:00:00-04:00,79.06309455568663,79.35881876031598,78.3958335189965,79.0706787109375,1065300,0.0,0.0
2011-05-27 00:00:00-04:00,79.29813212275396,79.98813962294483,79.29813212275396,79.63175964355469,936900,0.0,0.0
2011-05-31 00:00:00-04:00,80.20803905951958,80.54925654067456,79.19198233944539,80.25353240966797,1538400,0.0,0.0
2011-06-01 00:00:00-04:00,79.96543609398744,80.35214710846286,78.1835410206452,78.3958511352539,2110000,0.0,0.0
2011-06-02 00:00:00-04:00,78.2972373663162,78.88108986182456,77.50865324023027,78.21382904052734,1528600,0.0,0.0
2011-06-03 00:00:00-04:00,77.2918908985989,77.55095003919133,76.73566713616047,76.84996032714844,1715400,0.5,0.0
2011-06-06 00:00:00-04:00,76.636620437139,77.17760203742614,76.22516841441495,76.33184051513672,1803000,0.0,0.0
2011-06-07 00:00:00-04:00,76.55278044540283,77.00232617616197,76.23276424928362,76.26323699951172,1413800,0.0,0.0
2011-06-08 00:00:00-04:00,76.00418495178224,76.44611544240732,75.85179793379736,76.19467163085938,1415800,0.0,0.0
2011-06-09 00:00:00-04:00,76.53755698078642,77.97002074598254,76.36231246474199,77.45189666748047,1060100,0.0,0.0
2011-06-10 00:00:00-04:00,77.12425479444659,77.41379248107332,76.11848526703629,76.20991516113281,1483700,0.0,0.0
2011-06-13 00:00:00-04:00,76.59087332418785,77.5128338697328,76.21752110008903,76.54515838623047,1236000,0.0,0.0
2011-06-14 00:00:00-04:00,77.4442746374872,78.08431299177349,77.15473693744872,77.817626953125,1280900,0.0,0.0
2011-06-15 00:00:00-04:00,77.055669592394,77.63475072647273,76.11085728861762,76.55278778076172,1387700,0.0,0.0
2011-06-16 00:00:00-04:00,76.65183353764073,77.15472112819329,76.01180112769211,77.01757049560547,1878400,0.0,0.0
2011-06-17 00:00:00-04:00,77.62713837145841,77.99287539552572,76.65946848727715,77.0023422241211,1531500,0.0,0.0
2011-06-20 00:00:00-04:00,76.65185037377066,78.20622261344401,76.65185037377066,77.81001281738281,920200,0.0,0.0
2011-06-21 00:00:00-04:00,78.21381651114889,79.30340033791298,77.88617925378092,79.09767150878906,999500,0.0,0.0
2011-06-22 00:00:00-04:00,78.64053640061343,79.55487614003447,78.3967136327398,79.11294555664062,1366400,0.0,0.0
2011-06-23 00:00:00-04:00,78.08430588117945,78.94530362015749,77.29188055970576,78.86911010742188,1324100,0.0,0.0
2011-06-24 00:00:00-04:00,78.86146222895762,79.02909138796055,78.10713682663481,78.70145416259766,1061500,0.0,0.0
2011-06-27 00:00:00-04:00,78.91483774112041,79.28057479952749,77.86335314463919,79.11294555664062,839100,0.0,0.0
2011-06-28 00:00:00-04:00,79.38722187420154,80.88063658335051,79.08244205712816,80.84253692626953,1457900,0.0,0.0
2011-06-29 00:00:00-04:00,81.14730288052381,82.29022263940442,80.62155793121777,82.27498626708984,3502200,0.0,0.0
2011-06-30 00:00:00-04:00,82.21407287317587,82.67886095401845,81.61213411580279,82.5874252319336,1763200,0.0,0.0
2011-07-01 00:00:00-04:00,82.4883619839862,83.17411526486474,81.67307914260634,83.05982208251953,1888500,0.0,0.0
2011-07-05 00:00:00-04:00,83.067428020408,83.40268643405466,82.48073160971845,82.60264587402344,1627600,0.0,0.0
2011-07-06 00:00:00-04:00,82.54930512655868,83.54745928601935,82.14547429373836,83.387451171875,1529400,0.0,0.0
2011-07-07 00:00:00-04:00,83.81413918016845,85.13992484496096,83.7760395189006,84.80467224121094,1615200,0.0,0.0
2011-07-08 00:00:00-04:00,83.89797799456545,84.49229567741438,83.4789048524572,84.17227935791016,1604700,0.0,0.0
2011-07-11 00:00:00-04:00,83.25790545673527,83.69221480202665,82.29023579729355,82.56453704833984,1088800,0.0,0.0
2011-07-12 00:00:00-04:00,82.19121275129413,83.1360252629955,81.95500526347374,82.07691955566406,1052800,0.0,0.0
2011-07-13 00:00:00-04:00,82.26739227523487,82.45787896446596,81.56640265403063,81.75688934326172,1387400,0.0,0.0
2011-07-14 00:00:00-04:00,81.75688095655778,82.12261210697665,80.55300380894603,81.01779174804688,1444600,0.0,0.0
2011-07-15 00:00:00-04:00,81.3606760252254,81.72641303647237,80.6977860488046,81.55116271972656,1101600,0.0,0.0
2011-07-18 00:00:00-04:00,81.50543687368285,81.52829434385549,80.33203829488922,80.65967559814453,922000,0.0,0.0
2011-07-19 00:00:00-04:00,81.12447826013023,82.2902559560636,81.04066364548993,81.32258605957031,1589200,0.0,0.0
2011-07-20 00:00:00-04:00,81.41399204809822,81.53590629293365,80.77395970228567,80.95682525634766,1127800,0.0,0.0
2011-07-21 00:00:00-04:00,81.46738960108009,81.74931214527653,81.01022246407696,81.6731185913086,1768200,0.0,0.0
2011-07-22 00:00:00-04:00,81.63498512467258,81.6883211716976,79.84441118804052,80.0882339477539,2152000,0.0,0.0
2011-07-25 00:00:00-04:00,79.53963062068436,80.69779307954336,79.31866533822846,80.08061218261719,1262300,0.0,0.0
2011-07-26 00:00:00-04:00,79.89012938722836,79.99680148561573,79.01388931059496,79.1815185546875,1258400,0.0,0.0
2011-07-27 00:00:00-04:00,78.6557439512709,79.21196167057391,77.42900955573535,77.48234558105469,2006300,0.0,0.0
2011-07-28 00:00:00-04:00,77.52045381961344,78.09953492578123,77.42902393819189,77.84809112548828,2073300,0.0,0.0
2011-07-29 00:00:00-04:00,77.15472386811508,79.5777145877506,76.84232293321874,78.96815490722656,2715500,0.0,0.0
2011-08-01 00:00:00-04:00,79.22721738230337,79.59294852887558,77.33758708104105,78.1071548461914,1330300,0.0,0.0
2011-08-02 00:00:00-04:00,77.60428115651835,78.18336235772789,76.62136907757329,76.62899017333984,2573900,0.0,0.0
2011-08-03 00:00:00-04:00,76.80423189981944,77.68808707444434,76.02704298802279,77.64237213134766,1734600,0.0,0.0
2011-08-04 00:00:00-04:00,76.78138400933744,76.92615577575913,74.32029885932856,74.44220733642578,3810900,0.0,0.0
2011-08-05 00:00:00-04:00,75.67653289570796,75.77558385679198,71.89727861628677,73.40592956542969,2855900,0.0,0.0
2011-08-08 00:00:00-04:00,71.85158320328871,73.07831797601749,69.16952730006842,69.61145782470703,3566000,0.0,0.0
2011-08-09 00:00:00-04:00,70.83057507164412,72.04207352773452,68.47616220871816,71.95063781738281,4194700,0.0,0.0
2011-08-10 00:00:00-04:00,71.02869507223397,73.00213486748447,70.34294165977853,70.38865661621094,3894300,0.0,0.0
2011-08-11 00:00:00-04:00,70.49532320525206,75.1051041823506,70.32769977372283,74.07647705078125,2722100,0.0,0.0
2011-08-12 00:00:00-04:00,74.54125610328039,75.81370585155226,73.51262909607374,75.1279525756836,2036400,0.0,0.0
2011-08-15 00:00:00-04:00,75.54700589047418,75.98893630976659,74.6555297714538,75.93560028076172,1804400,0.0,0.0
2011-08-16 00:00:00-04:00,75.09749134197487,76.04230976824897,74.51841583151608,75.2346420288086,1750000,0.0,0.0
2011-08-17 00:00:00-04:00,75.62324741994273,75.97374237790768,74.73938601996552,74.97559356689453,1626800,0.0,0.0
2011-08-18 00:00:00-04:00,73.238336799178,73.37548747123088,70.46485059828049,71.1886978149414,3442600,0.0,0.0
2011-08-19 00:00:00-04:00,70.0076719473059,71.11249832766919,68.50664159030404,68.69712829589844,4744200,0.0,0.0
2011-08-22 00:00:00-04:00,69.71811309022392,70.00003542169823,67.53894537447967,67.7599105834961,2931000,0.0,0.0
2011-08-23 00:00:00-04:00,68.39997243237849,70.17531015067217,67.96566292062191,69.92386627197266,2111800,0.0,0.0
2011-08-24 00:00:00-04:00,69.88573784547152,70.82292883785937,69.2304633535169,70.44195556640625,4511600,0.0,0.0
2011-08-25 00:00:00-04:00,70.64008759035997,71.24964735960596,69.55050342673789,70.45722198486328,1959600,0.0,0.0
2011-08-26 00:00:00-04:00,70.01527652100808,71.95824278484669,68.52186179914735,71.9201431274414,1831600,0.0,0.0
2011-08-29 00:00:00-04:00,72.62877120216685,74.17552232841801,72.62877120216685,74.16028594970703,2035600,0.0,0.0
2011-08-30 00:00:00-04:00,73.79456352888488,75.36417825381906,73.42883223546684,74.84605407714844,1632800,0.0,0.0
2011-08-31 00:00:00-04:00,75.54702370789103,76.00419060906646,74.47267596759586,75.04413604736328,2134200,0.0,0.0
2011-09-01 00:00:00-04:00,75.08984539005698,76.3013377846362,74.57933671172282,74.81554412841797,1541800,0.0,0.0
2011-09-02 00:00:00-04:00,73.99608649751755,74.75427285104091,73.2608746027457,73.98076629638672,1681600,0.5,0.0
2011-09-06 00:00:00-04:00,73.47531787732568,73.88121560290907,71.80577221003968,73.81228637695312,1885200,0.0,0.0
2011-09-07 00:00:00-04:00,74.80022078994969,75.38992582393212,74.32539973411126,75.35163116455078,1587700,0.0,0.0
2011-09-08 00:00:00-04:00,74.99936756874351,75.65033609518912,74.06503365982189,74.31010437011719,1361800,0.0,0.0
2011-09-09 00:00:00-04:00,73.65147574414463,73.85059752218984,72.13510255004132,72.54100036621094,1633700,0.0,0.0
2011-09-12 00:00:00-04:00,71.89767800448743,72.77840277900057,70.83315167867589,72.28826141357422,1640600,0.0,0.0
2011-09-13 00:00:00-04:00,72.41844192492636,73.50594837686351,71.79810814033625,73.35277557373047,973700,0.0,0.0
2011-09-14 00:00:00-04:00,73.68972795698095,76.14043364797608,72.44905491425907,75.21376037597656,1909300,0.0,0.0
2011-09-15 00:00:00-04:00,75.9719860858622,76.7454928459524,75.0606325366522,76.56169128417969,1233800,0.0,0.0
2011-09-16 00:00:00-04:00,77.02120787537285,77.2509642389286,76.06389943213567,77.20500946044922,1824900,0.0,0.0
2011-09-19 00:00:00-04:00,75.73455109733358,76.92926962845131,74.93041002880778,76.653564453125,1506000,0.0,0.0
2011-09-20 00:00:00-04:00,76.82973709670362,78.36143042466259,75.77287080387262,77.74109649658203,2626000,0.0,0.0
2011-09-21 00:00:00-04:00,77.61856738371526,77.61856738371526,74.26416070316934,74.33308410644531,2355900,0.0,0.0
2011-09-22 00:00:00-04:00,72.18869887648759,72.32655149195041,70.96334554067676,71.57601928710938,2972000,0.0,0.0
2011-09-23 00:00:00-04:00,71.10886090122574,71.8976820227023,70.35833444976011,71.15481567382812,2219000,0.0,0.0
2011-09-26 00:00:00-04:00,71.50709168930486,72.87795766151604,70.45787985324729,72.81668853759766,1821900,0.0,0.0
2011-09-27 00:00:00-04:00,74.48624825597464,75.1372167524785,73.43703622171681,73.91951751708984,2332400,0.0,0.0
2011-09-28 00:00:00-04:00,74.30244076924787,74.7772678043813,72.03553534499609,72.1504135131836,1195100,0.0,0.0
2011-09-29 00:00:00-04:00,73.34513455109227,73.66679459986815,71.78281245336493,73.0694351196289,1301000,0.0,0.0
2011-09-30 00:00:00-04:00,72.19633736513936,73.20725437673363,71.29263838182446,71.59132385253906,2214100,0.0,0.0
2011-10-03 00:00:00-04:00,71.06289973309187,72.61756724347156,70.13622613929276,70.25875854492188,2466700,0.0,0.0
2011-10-04 00:00:00-04:00,69.15592877390233,72.87028245822731,68.73471093794068,72.71710968017578,3200000,0.0,0.0
2011-10-05 00:00:00-04:00,73.45233487817946,75.54309238770522,72.14273232375342,75.2750473022461,2632600,0.0,0.0
2011-10-06 00:00:00-04:00,74.91511444559066,75.87242269900649,74.42497308727744,75.6120376586914,2432500,0.0,0.0
2011-10-07 00:00:00-04:00,75.82648589360231,76.04092204177417,74.09567065872734,75.12190246582031,1807800,0.0,0.0
2011-10-10 00:00:00-04:00,76.48512959913046,78.13935581273148,76.34727692775137,78.08574676513672,1443100,0.0,0.0
2011-10-11 00:00:00-04:00,77.35048126607705,77.88657137331784,76.79907095980428,77.2432632446289,1037300,0.0,0.0
2011-10-12 00:00:00-04:00,77.5496045944455,78.7672975107872,76.93692516496353,77.82530975341797,1659000,0.0,0.0
2011-10-13 00:00:00-04:00,77.16670554809049,77.65684690780569,75.98730107535519,77.38114166259766,1189100,0.0,0.0
2011-10-14 00:00:00-04:00,78.05508801322928,78.81328039245605,77.50367749849931,78.6141586303711,1548000,0.0,0.0
2011-10-17 00:00:00-04:00,78.48395691217331,78.48395691217331,77.0288473004887,77.28157806396484,1336100,0.0,0.0
2011-10-18 00:00:00-04:00,77.12072542578726,79.60207181693737,76.43146838230065,78.93578338623047,2096900,0.0,0.0
2011-10-19 00:00:00-04:00,78.8592327011455,78.88220716641963,76.86037242104615,77.14373779296875,1698000,0.0,0.0
2011-10-20 00:00:00-04:00,77.12839160177577,78.24652666432293,76.3165962732149,77.7717056274414,1544900,0.0,0.0
2011-10-21 00:00:00-04:00,78.3767366177281,79.27278156182729,77.62621023730658,79.26512145996094,2105800,0.0,0.0
2011-10-24 00:00:00-04:00,79.26513707614055,79.56381683536851,78.63714298712958,79.34172058105469,1572300,0.0,0.0
2011-10-25 00:00:00-04:00,78.9970823416681,79.7629289841604,77.74874857492013,77.84831237792969,1573300,0.0,0.0
2011-10-26 00:00:00-04:00,77.31219242944665,80.12285318304637,76.66888425234659,79.89309692382812,2210000,0.0,0.0
2011-10-27 00:00:00-04:00,80.73555498923643,81.52437612876541,79.11961803929117,80.85809326171875,3248000,0.0,0.0
2011-10-28 00:00:00-04:00,80.33732221536232,81.19506680354449,79.70932813775174,80.62068176269531,2166700,0.0,0.0
2011-10-31 00:00:00-04:00,79.69396629496349,80.39088925169912,77.81764514565694,77.86359405517578,2158200,0.0,0.0
2011-11-01 00:00:00-04:00,76.20940222639902,76.9982233456738,74.94575407786688,75.45886993408203,2139100,0.0,0.0
2011-11-02 00:00:00-04:00,76.1328152389932,77.23563039772338,75.84944988635529,76.93695068359375,1715700,0.0,0.0
2011-11-03 00:00:00-04:00,77.87892229056669,78.2618454905904,76.73780694757608,78.03208923339844,1612700,0.0,0.0
2011-11-04 00:00:00-04:00,77.28158516809057,77.44241225701067,76.11749503455547,76.93695068359375,1522800,0.0,0.0
2011-11-07 00:00:00-05:00,76.94458675910396,77.45004233174136,75.93366977088495,77.37345886230469,1638000,0.0,0.0
2011-11-08 00:00:00-05:00,77.54196409735226,78.58351588500913,76.85270102567559,78.26951599121094,1216000,0.0,0.0
2011-11-09 00:00:00-05:00,76.3395809321419,76.59996594291206,75.07593301242525,75.28271484375,2398700,0.0,0.0
2011-11-10 00:00:00-05:00,76.26301176098343,76.8833456854817,75.49716510142653,76.46212768554688,1660600,0.0,0.0
2011-11-11 00:00:00-05:00,77.15138409854816,78.4839613765249,77.15138409854816,77.72576904296875,1082500,0.0,0.0
2011-11-14 00:00:00-05:00,77.42707375358583,77.7334134975345,76.53869492337378,77.649169921875,1032700,0.0,0.0
2011-11-15 00:00:00-05:00,77.34286172646225,77.77173988010976,76.50043146918041,77.22032928466797,1219200,0.0,0.0
2011-11-16 00:00:00-05:00,76.3242623828944,76.8373781180294,75.26739050957434,75.3975830078125,1562900,0.0,0.0
2011-11-17 00:00:00-05:00,75.17551378197422,75.68096955828196,73.06943538764108,74.08035278320312,2035300,0.0,0.0
2011-11-18 00:00:00-05:00,74.29477710608985,74.79257854326512,73.36810346110603,74.28711700439453,1385700,0.0,0.0
2011-11-21 00:00:00-05:00,73.12300742304365,73.77397561059576,72.78603318071116,73.47529602050781,1528100,0.0,0.0
2011-11-22 00:00:00-05:00,73.23024239818817,74.21818505688391,72.77072983660322,73.01580047607422,1540500,0.0,0.0
2011-11-23 00:00:00-05:00,72.44907241418298,72.67116858403617,71.71386052929552,71.9512710571289,1555600,0.0,0.0
2011-11-25 00:00:00-05:00,71.61430358886719,72.73243871116746,71.57600892896826,71.61430358886719,686600,0.0,0.0
2011-11-28 00:00:00-05:00,73.32981704836926,75.25209378404337,73.16898995234101,74.44029235839844,1979100,0.0,0.0
2011-11-29 00:00:00-05:00,74.63173520013763,74.86915157597291,73.9424780603982,74.14159393310547,1769400,0.0,0.0
2011-11-30 00:00:00-05:00,76.56934828150106,78.28484308868236,76.42383555273638,78.1163558959961,1762900,0.0,0.0
2011-12-01 00:00:00-05:00,78.07038660532453,78.73666925705011,77.08244401375622,77.23561096191406,1612000,0.0,0.0
2011-12-02 00:00:00-05:00,78.16230410604173,78.1699642082606,76.73017466725247,76.93695068359375,1301600,0.0,0.0
2011-12-05 00:00:00-05:00,77.72971229433102,79.43839691487229,77.26020865095087,78.36084747314453,2642000,0.5,0.0
2011-12-06 00:00:00-05:00,78.42243919068383,79.23060290615909,78.02220947859712,78.84576416015625,1468200,0.0,0.0
2011-12-07 00:00:00-05:00,78.75339072986874,80.36971208305336,78.11455708344074,79.969482421875,1766400,0.0,0.0
2011-12-08 00:00:00-05:00,79.39988446433792,80.01562255907176,78.49935788511183,79.13819122314453,2361400,0.0,0.0
2011-12-09 00:00:00-05:00,78.93038166530124,80.03102005155321,78.54554315083789,79.68466186523438,2138700,0.0,0.0
2011-12-12 00:00:00-05:00,78.74568655935255,78.98429052717219,77.85286390094186,78.7687759399414,2031900,0.0,0.0
2011-12-13 00:00:00-05:00,79.17671482671813,80.10032534122315,78.16074091189363,78.59945678710938,1932600,0.0,0.0
2011-12-14 00:00:00-05:00,78.39931241039795,78.93039150566204,78.04526163761203,78.41470336914062,2281900,0.0,0.0
2011-12-15 00:00:00-05:00,79.27679315151026,79.9772025892594,78.49172457978588,79.49230194091797,1296100,0.0,0.0
2011-12-16 00:00:00-05:00,80.38509588710484,80.80841486192912,79.02276383198848,79.8694076538086,2059300,0.0,0.0
2011-12-19 00:00:00-05:00,80.15421299485672,80.72377269080404,79.14593736637902,79.32295989990234,1365300,0.0,0.0
2011-12-20 00:00:00-05:00,80.50053904914382,81.34718870389933,80.47744967168163,81.21633911132812,1614700,0.0,0.0
2011-12-21 00:00:00-05:00,81.46264532203087,81.54731029761976,80.00026310114336,80.93157196044922,1356800,0.0,0.0
2011-12-22 00:00:00-05:00,81.0393156062682,81.62427194061975,80.66986795505375,81.37797546386719,1681900,0.0,0.0
2011-12-23 00:00:00-05:00,81.3240999088645,82.12455907008581,81.20094873195579,82.0398941040039,932100,0.0,0.0
2011-12-27 00:00:00-05:00,81.947531624056,82.98659465948455,81.76281074206605,82.57866668701172,710900,0.0,0.0
2011-12-28 00:00:00-05:00,82.67871419320089,82.85574251321148,81.41644419576045,81.61656188964844,1066700,0.0,0.0
2011-12-29 00:00:00-05:00,81.73973533212266,82.57868672908245,81.6088915869641,82.4632339477539,930600,0.0,0.0
2011-12-30 00:00:00-05:00,82.57097867398265,82.71721923807547,82.22462624259325,82.27850341796875,987400,0.0,0.0
2012-01-03 00:00:00-05:00,83.52537167359891,83.93330554426558,82.72491250985601,83.00968933105469,1176100,0.0,0.0
2012-01-04 00:00:00-05:00,82.7557041201645,84.05646068982526,82.64025721814777,83.88713073730469,1023300,0.0,0.0
2012-01-05 00:00:00-05:00,83.40225309456547,83.43304089875552,82.6710618296146,83.05590057373047,1744400,0.0,0.0
2012-01-06 00:00:00-05:00,82.95580296974713,83.48688208670976,82.4170313091841,83.09434509277344,801500,0.0,0.0
2012-01-09 00:00:00-05:00,83.24058981091751,83.271377603377,82.20921931612288,82.29388427734375,1530200,0.0,0.0
2012-01-10 00:00:00-05:00,83.25597896998713,83.49458288834376,82.56326833506135,82.80187225341797,1149700,0.0,0.0
2012-01-11 00:00:00-05:00,82.74030751020817,83.08665993696364,82.24771452131648,82.90963745117188,1072500,0.0,0.0
2012-01-12 00:00:00-05:00,83.24831061014032,84.48748582483023,83.12515940719054,84.30276489257812,1074300,0.0,0.0
2012-01-13 00:00:00-05:00,83.67929070154509,83.81013439210969,82.90191522860665,83.5407485961914,1055200,0.0,0.0
2012-01-17 00:00:00-05:00,84.64140760384392,84.66449698165513,84.24117214787832,84.53365325927734,1362800,0.0,0.0
2012-01-18 00:00:00-05:00,84.36434651432296,85.50346586203358,84.04108339177047,85.49577331542969,1840900,0.0,0.0
2012-01-19 00:00:00-05:00,85.48804784098493,85.59580218106649,84.62600724816136,85.18017578125,1198300,0.0,0.0
2012-01-20 00:00:00-05:00,85.13398987823106,85.21865483435252,83.88711078349111,84.14110565185547,1595500,0.0,0.0
2012-01-23 00:00:00-05:00,84.3027585096326,84.98007833022828,83.97949543462398,84.36433410644531,1036300,0.0,0.0
2012-01-24 00:00:00-05:00,83.57924186499511,84.17189657993626,82.92501743871935,83.9717788696289,1780800,0.0,0.0
2012-01-25 00:00:00-05:00,80.44666163880056,81.93983734674877,79.68468282395446,81.63966369628906,3680600,0.0,0.0
2012-01-26 00:00:00-05:00,81.70125211207235,82.8018909606269,81.5011343562882,81.9321517944336,2197100,0.0,0.0
2012-01-27 00:00:00-05:00,81.77821467842416,82.36317108174384,80.95466018666714,81.42416381835938,1251300,0.0,0.0
2012-01-30 00:00:00-05:00,80.86999722365486,81.93214983026671,80.54673415279544,81.88597106933594,967500,0.0,0.0
2012-01-31 00:00:00-05:00,82.1861527707736,82.34009177583467,81.27023477522134,81.73973846435547,1189000,0.0,0.0
2012-02-01 00:00:00-05:00,82.11686459353342,83.2328942151958,81.98601500310384,82.13225555419922,1455700,0.0,0.0
2012-02-02 00:00:00-05:00,82.37085714193576,82.39395239218048,81.33949244018534,81.3471908569336,1180300,0.0,0.0
2012-02-03 00:00:00-05:00,82.01679032132199,83.31754650614755,81.87824820771826,83.14051818847656,2298800,0.0,0.0
2012-02-06 00:00:00-05:00,82.65566691454745,83.40225503505052,82.65566691454745,83.37916564941406,1184700,0.0,0.0
2012-02-07 00:00:00-05:00,83.294493751468,83.83326561224905,82.6710569022538,83.50230407714844,1366800,0.0,0.0
2012-02-08 00:00:00-05:00,83.39455661578057,83.65625002139815,82.87117567671878,83.37916564941406,760800,0.0,0.0
2012-02-09 00:00:00-05:00,83.50998006967893,83.67161158450807,82.69412407896858,83.30216979980469,875600,0.0,0.0
2012-02-10 00:00:00-05:00,82.13226412759096,82.64794651020684,82.13226412759096,82.47862243652344,1437800,0.0,0.0
2012-02-13 00:00:00-05:00,82.85577551135239,82.94044049740174,82.24003122593399,82.49402618408203,559000,0.0,0.0
2012-02-14 00:00:00-05:00,82.3093195856001,82.56330871582031,81.80902800056849,82.56330871582031,1045000,0.0,0.0
2012-02-15 00:00:00-05:00,82.93270958936766,83.12512886915738,82.47860290770572,82.86344146728516,1110200,0.0,0.0
2012-02-16 00:00:00-05:00,82.771103396856,83.99488757170964,82.42474506407261,83.87174224853516,1048100,0.0,0.0
2012-02-17 00:00:00-05:00,84.17961799408128,84.76456858068123,84.12574081183729,84.66451263427734,1374800,0.0,0.0
2012-02-21 00:00:00-05:00,84.9569879275773,84.97238476374557,84.27197552240104,84.66451263427734,938800,0.0,0.0
2012-02-22 00:00:00-05:00,84.67990073364999,84.94159409010555,84.1180395481371,84.41051483154297,1153600,0.0,0.0
2012-02-23 00:00:00-05:00,84.47208213623595,84.77995422506204,83.94100292981526,84.70298767089844,862100,0.0,0.0
2012-02-24 00:00:00-05:00,84.68759597056503,84.82613812532668,84.31815413931534,84.57984161376953,1034800,0.0,0.0
2012-02-27 00:00:00-05:00,83.89481341407307,84.88769769033132,83.73318190940371,84.59522247314453,897800,0.0,0.0
2012-02-28 00:00:00-05:00,84.65682629451175,84.97239688708778,84.19502097050807,84.41822814941406,1298700,0.0,0.0
2012-02-29 00:00:00-05:00,84.47978521018436,84.73377426570802,83.3175708000813,83.89482879638672,1357700,0.0,0.0
2012-03-01 00:00:00-05:00,84.43360190902803,84.66450746006068,83.7562879633295,84.51057434082031,1108700,0.0,0.0
2012-03-02 00:00:00-05:00,84.38741499312468,84.66449927871966,84.1488169197068,84.43359375,1118200,0.0,0.0
2012-03-05 00:00:00-05:00,84.27888767355523,84.27888767355523,83.42024040987667,83.86890411376953,807200,0.55,0.0
2012-03-06 00:00:00-05:00,82.61574570804068,83.26552962062377,82.38367665254029,83.12628936767578,1830400,0.0,0.0
2012-03-07 00:00:00-05:00,83.78379899581438,83.93077643758639,83.15722089438283,83.66777038574219,1038300,0.0,0.0
2012-03-08 00:00:00-05:00,84.49550448604819,85.11434559857868,84.27117259091104,85.05245971679688,726600,0.0,0.0
2012-03-09 00:00:00-05:00,85.25357336122403,85.47790522341542,84.64246364734295,84.84358978271484,1091400,0.0,0.0
2012-03-12 00:00:00-04:00,85.26907546619599,85.27680677647166,84.65022834185511,85.09889221191406,758100,0.0,0.0
2012-03-13 00:00:00-04:00,85.14528846062389,86.01940440837299,85.02925390783108,85.96525573730469,746200,0.0,0.0
2012-03-14 00:00:00-04:00,86.01939768541965,86.04260931557408,85.10660165749282,85.44696807861328,921000,0.0,0.0
2012-03-15 00:00:00-04:00,85.53204240304534,85.57845385045317,84.91319556272363,85.4624252319336,894400,0.0,0.0
2012-03-16 00:00:00-04:00,85.49337186950495,86.15089892439534,85.48564056190877,85.64808654785156,1209000,0.0,0.0
2012-03-19 00:00:00-04:00,85.74090190025457,86.49898900296985,85.56298741303023,86.00391387939453,849800,0.0,0.0
2012-03-20 00:00:00-04:00,85.19168378907095,85.7795877506027,84.99056356419439,85.69449615478516,780900,0.0,0.0
2012-03-21 00:00:00-04:00,85.62488466959687,86.62277225817266,85.61714745989144,86.42164611816406,1075100,0.0,0.0
2012-03-22 00:00:00-04:00,86.06580160820052,86.08127012412662,85.40054328991629,85.75637817382812,844100,0.0,0.0
2012-03-23 00:00:00-04:00,85.93428815581743,87.0714158239567,85.34639015329492,86.76972961425781,1223600,0.0,0.0
2012-03-26 00:00:00-04:00,87.48914820606002,88.18534951415567,87.41953102613127,88.1776123046875,1196500,0.0,0.0
2012-03-27 00:00:00-04:00,88.11572383994671,88.87380504542458,88.06930648937384,88.6185302734375,1217300,0.0,0.0
2012-03-28 00:00:00-04:00,88.37100791953273,88.45609952484004,87.11785137184705,87.9842300415039,1102100,0.0,0.0
2012-03-29 00:00:00-04:00,87.6593418336913,88.53345775122798,87.45048436729309,88.47930908203125,1100900,0.0,0.0
2012-03-30 00:00:00-04:00,88.85830974070441,88.87377825172456,88.27040599203167,88.68038940429688,1152700,0.0,0.0
2012-04-02 00:00:00-04:00,88.63399517695196,89.20642462397721,88.47928052791782,88.98983001708984,1468700,0.0,0.0
2012-04-03 00:00:00-04:00,88.98212338746467,88.98986059801533,88.34007065229571,88.78873443603516,1371100,0.0,0.0
2012-04-04 00:00:00-04:00,88.23173978080295,88.3477742879164,87.62836742592532,87.97647094726562,817800,0.0,0.0
2012-04-05 00:00:00-04:00,87.85272877298408,88.36327841525122,87.76763716593956,88.13894653320312,971200,0.0,0.0
2012-04-09 00:00:00-04:00,87.23384266769418,87.52779750627721,86.57632173689242,86.90895080566406,984800,0.0,0.0
2012-04-10 00:00:00-04:00,86.7929602135146,86.85484609523117,84.79719069313676,84.82039642333984,1825500,0.0,0.0
2012-04-11 00:00:00-04:00,85.6944932663321,86.51446036010513,85.59393315728335,86.15089416503906,1032100,0.0,0.0
2012-04-12 00:00:00-04:00,86.24374070711653,88.03065874714007,86.13544335945,87.89141845703125,1045800,0.0,0.0
2012-04-13 00:00:00-04:00,87.48913459031955,87.59743189897351,86.58407598152827,86.66143035888672,956300,0.0,0.0
2012-04-16 00:00:00-04:00,87.22613635052109,87.7908286674713,86.76973545017712,87.37310791015625,983000,0.0,0.0
2012-04-17 00:00:00-04:00,87.92235096482278,88.87382124950987,87.41953853789474,88.37874603271484,804700,0.0,0.0
2012-04-18 00:00:00-04:00,87.76763144788501,88.54118716933834,87.76763144788501,88.16988372802734,859200,0.0,0.0
2012-04-19 00:00:00-04:00,88.27819643690823,88.75006598134586,87.65934939122397,88.04612731933594,976500,0.0,0.0
2012-04-20 00:00:00-04:00,88.24722760511573,88.40967357905399,87.69800381653558,87.94554138183594,1365600,0.0,0.0
2012-04-23 00:00:00-04:00,87.31121641995384,87.31121641995384,86.6382209717006,87.15650177001953,1036200,0.0,0.0
2012-04-24 00:00:00-04:00,86.46805856675962,87.35764883673176,85.84921752373342,86.97087097167969,1587900,0.0,0.0
2012-04-25 00:00:00-04:00,87.25707181609346,88.69588566755189,86.46030461092784,88.00741577148438,1413500,0.0,0.0
2012-04-26 00:00:00-04:00,88.18531933312227,89.56998426594998,87.94551903753386,89.21414947509766,1006400,0.0,0.0
2012-04-27 00:00:00-04:00,89.3456812334583,90.45186609432395,89.20644097468634,90.09603118896484,1355500,0.0,0.0
2012-04-30 00:00:00-04:00,89.87942030514412,89.92583174909645,89.24510499683382,89.50037384033203,741600,0.0,0.0
2012-05-01 00:00:00-04:00,89.63189510679942,90.40545075521717,89.2296428646359,89.87943267822266,982600,0.0,0.0
2012-05-02 00:00:00-04:00,89.50813192609711,90.20433325657373,89.25285712129539,90.07283020019531,711000,0.0,0.0
2012-05-03 00:00:00-04:00,90.21207050812262,90.3667792919617,89.55454342240205,89.8717041015625,852600,0.0,0.0
2012-05-04 00:00:00-04:00,89.57000622076804,89.71698367757914,88.44834702729578,88.74230194091797,734100,0.0,0.0
2012-05-07 00:00:00-04:00,88.64947214007552,89.10587302102483,88.378728855662,88.75003814697266,1180600,0.0,0.0
2012-05-08 00:00:00-04:00,88.22402005700353,88.57211772228192,87.20292688352451,88.4715576171875,1365100,0.0,0.0
2012-05-09 00:00:00-04:00,87.61290833365331,88.26269220054478,86.83161553028643,86.84708404541016,1511500,0.0,0.0
2012-05-10 00:00:00-04:00,87.45049500453517,87.605203820555,86.27468675643756,86.44486999511719,2075600,0.0,0.0
2012-05-11 00:00:00-04:00,86.08127022979855,86.7155856152481,86.06580171385345,86.39069366455078,1458100,0.0,0.0
2012-05-14 00:00:00-04:00,85.71768263860332,86.27464354010505,85.0369559266346,85.40052795410156,1013100,0.0,0.0
2012-05-15 00:00:00-04:00,85.30001251082582,85.96527110387501,84.77399422566513,85.09889221191406,1122500,0.0,0.0
2012-05-16 00:00:00-04:00,85.30771521881022,85.63260717188788,84.51095385217447,84.6037826538086,1189600,0.0,0.0
2012-05-17 00:00:00-04:00,84.78942011931213,84.8203630479949,81.89632415771484,81.89632415771484,2515800,0.0,0.0
2012-05-18 00:00:00-04:00,82.12066931282376,82.59253282209562,81.11504462333284,81.30843353271484,2002800,0.0,0.0
2012-05-21 00:00:00-04:00,81.49408661245428,84.04682262020445,81.37805208450905,83.83795928955078,1781500,0.0,0.0
2012-05-22 00:00:00-04:00,84.30210304532089,84.30210304532089,82.87875748397205,83.29647827148438,1151800,0.0,0.0
2012-05-23 00:00:00-04:00,82.76270701708357,84.02360634642461,82.22122049033378,83.81474304199219,1318700,0.0,0.0
2012-05-24 00:00:00-04:00,83.86890413085833,84.54963689601003,83.20364578405719,84.14738464355469,1683800,0.0,0.0
2012-05-25 00:00:00-04:00,84.03908618743837,84.4722754672231,83.0489358897811,83.44345092773438,878800,0.0,0.0
2012-05-29 00:00:00-04:00,84.11643511127106,84.77395619732681,83.59041706207427,84.61924743652344,1174400,0.0,0.0
2012-05-30 00:00:00-04:00,83.70644424746021,83.9694561998885,82.05103586454942,82.19801330566406,1447200,0.0,0.0
2012-05-31 00:00:00-04:00,82.38368228741662,82.7781973480468,81.11505140790156,82.18255615234375,1459300,0.0,0.0
2012-06-01 00:00:00-04:00,80.03982732046421,80.9294177569549,79.97794143404889,80.07077026367188,1448400,0.0,0.0
2012-06-04 00:00:00-04:00,80.06301683037923,80.61224068206704,79.30492962979949,80.434326171875,1432800,0.0,0.0
2012-06-05 00:00:00-04:00,80.434299012318,80.434299012318,79.26001724710058,79.39221954345703,1725200,0.55,0.0
2012-06-06 00:00:00-04:00,80.40321477063428,81.02535247802734,80.01438018679983,81.02535247802734,1440000,0.0,0.0
2012-06-07 00:00:00-04:00,81.37530673695223,82.53403221391018,80.83094065600429,81.39863586425781,870000,0.0,0.0
2012-06-08 00:00:00-04:00,81.98185301086257,82.44845315852437,80.7997989079098,82.3629150390625,1437200,0.0,0.0
2012-06-11 00:00:00-04:00,83.07837538438214,83.21057768197858,81.5230374837844,81.60858154296875,840200,0.0,0.0
2012-06-12 00:00:00-04:00,81.84966178261317,82.92284286055327,81.51526387719694,82.86063385009766,927500,0.0,0.0
2012-06-13 00:00:00-04:00,82.50292473312096,82.50292473312096,81.10312369647826,81.39863586425781,908600,0.0,0.0
2012-06-14 00:00:00-04:00,81.58526719734591,81.97410174290609,80.8698071243255,81.28974914550781,1042200,0.0,0.0
2012-06-15 00:00:00-04:00,81.56971438630745,82.44070594586687,81.4919486601125,82.10630798339844,1160700,0.0,0.0
2012-06-18 00:00:00-04:00,81.8263311081877,82.8061956852652,81.5074839781543,82.37069702148438,798000,0.0,0.0
2012-06-19 00:00:00-04:00,83.15616212496283,84.46264652923176,83.00063066882274,84.10491943359375,1216000,0.0,0.0
2012-06-20 00:00:00-04:00,84.1282432324032,84.594843504427,83.10949861295106,83.49055480957031,1032700,0.0,0.0
2012-06-21 00:00:00-04:00,83.77053448972437,83.96495180670455,81.49974165135079,81.56195068359375,1101000,0.0,0.0
2012-06-22 00:00:00-04:00,81.91963159431822,82.35513017307035,81.55413222854843,81.93518829345703,1261000,0.0,0.0
2012-06-25 00:00:00-04:00,80.56653790547435,81.38309303980131,80.17770325734644,80.9087142944336,1028100,0.0,0.0
2012-06-26 00:00:00-04:00,80.9553601708873,81.59304865895211,80.74539210359856,81.19644165039062,729800,0.0,0.0
2012-06-27 00:00:00-04:00,81.51527706402696,81.90411162470886,80.61318396848013,80.97868347167969,733000,0.0,0.0
2012-06-28 00:00:00-04:00,80.39543170821972,81.97410500995268,80.36432423135781,81.91966247558594,999400,0.0,0.0
2012-06-29 00:00:00-04:00,83.10172579274005,84.57152001068802,83.10172579274005,84.55596923828125,1161000,0.0,0.0
2012-07-02 00:00:00-04:00,84.68816903331427,84.68816903331427,83.07061582679663,84.25267028808594,903100,0.0,0.0
2012-07-03 00:00:00-04:00,84.04270311975388,85.42695322972345,83.72386185987573,85.24809265136719,648600,0.0,0.0
2012-07-05 00:00:00-04:00,85.05369437443778,85.76137035966947,84.6181955273031,85.3725357055664,930700,0.0,0.0
2012-07-06 00:00:00-04:00,84.30710428693985,84.98367256104913,84.01158625167926,84.7737045288086,763500,0.0,0.0
2012-07-09 00:00:00-04:00,84.61817995760954,85.22476095709644,84.30711703807924,84.80482482910156,851200,0.0,0.0
2012-07-10 00:00:00-04:00,85.20143606434102,85.55916318608902,83.33503472185502,83.72386932373047,882400,0.0,0.0
2012-07-11 00:00:00-04:00,83.61497877997596,83.87938935844755,82.68177823592836,83.49055480957031,994600,0.0,0.0
2012-07-12 00:00:00-04:00,82.82954467813602,82.99285449130687,81.88856569759255,82.32405853271484,1148600,0.0,0.0
2012-07-13 00:00:00-04:00,82.47958260923177,83.56054218045892,82.47958260923177,83.49055480957031,810700,0.0,0.0
2012-07-16 00:00:00-04:00,83.43613491124827,83.53722977826028,82.3940550264318,83.28837585449219,886400,0.0,0.0
2012-07-17 00:00:00-04:00,83.42055525814797,84.65705211621102,83.27280217517806,84.47041320800781,769800,0.0,0.0
2012-07-18 00:00:00-04:00,84.22934854395112,84.92925200551598,83.86384307329251,84.49375915527344,839400,0.0,0.0
2012-07-19 00:00:00-04:00,84.54819931103904,84.96036305205698,83.89495407510573,84.85926818847656,699200,0.0,0.0
2012-07-20 00:00:00-04:00,85.4580487026964,85.4580487026964,83.4905470182867,83.62274932861328,1252300,0.0,0.0
2012-07-23 00:00:00-04:00,82.32403810849969,82.92284060823269,81.84965955944195,82.6506576538086,838500,0.0,0.0
2012-07-24 00:00:00-04:00,82.75954746997596,83.31169184082788,80.87758959752668,81.50749969482422,1268100,0.0,0.0
2012-07-25 00:00:00-04:00,80.8154040234353,81.43754192746684,77.76694134660367,80.05329132080078,2344700,0.0,0.0
2012-07-26 00:00:00-04:00,81.40640884089909,82.22296384153337,80.83093531717161,81.2508773803711,1380400,0.0,0.0
2012-07-27 00:00:00-04:00,81.77968318491541,82.94618680326373,81.32085534313008,82.43292236328125,1068100,0.0,0.0
2012-07-30 00:00:00-04:00,82.21517371480466,82.33182526006784,81.58526367678517,81.9740982055664,1123600,0.0,0.0
2012-07-31 00:00:00-04:00,82.0207464417213,82.06740468087541,80.65204740614841,80.69093322753906,1370000,0.0,0.0
2012-08-01 00:00:00-04:00,80.83870260126429,81.24309386597771,80.30211494333099,80.8620376586914,1525200,0.0,0.0
2012-08-02 00:00:00-04:00,79.99105571681254,80.58985840018609,79.83552424748429,80.15436553955078,2304000,0.0,0.0
2012-08-03 00:00:00-04:00,81.67857381371553,82.33181885649505,80.97089811160996,82.26182556152344,1084900,0.0,0.0
2012-08-06 00:00:00-04:00,82.39404267931414,82.39404267931414,81.63193024773149,81.69414520263672,1270800,0.0,0.0
2012-08-07 00:00:00-04:00,81.91192333855695,83.31950312290282,81.49975948566983,83.24173736572266,1024900,0.0,0.0
2012-08-08 00:00:00-04:00,82.69731188226983,84.12822581105823,82.61954617522704,83.97269439697266,976100,0.0,0.0
2012-08-09 00:00:00-04:00,83.98827205839748,84.400435777529,83.63054494494097,83.9649429321289,772100,0.0,0.0
2012-08-10 00:00:00-04:00,83.50612962009495,84.15159658099826,83.34281977453136,84.11271667480469,608900,0.0,0.0
2012-08-13 00:00:00-04:00,83.92603196658406,83.98824690676568,83.07059730508824,83.75494384765625,651300,0.0,0.0
2012-08-14 00:00:00-04:00,84.0504820416669,84.0504820416669,83.30392037954171,83.44390106201172,485700,0.0,0.0
2012-08-15 00:00:00-04:00,83.31169773088374,84.10492362288537,83.2650394783466,83.9649429321289,541000,0.0,0.0
2012-08-16 00:00:00-04:00,83.8716209251678,84.76594167998009,83.73941858686943,84.53263854980469,810600,0.0,0.0
2012-08-17 00:00:00-04:00,84.73481978120984,84.7503764849183,83.68496774036248,83.76273345947266,936800,0.0,0.0
2012-08-20 00:00:00-04:00,83.65387159137963,84.40821162847536,83.46723265361874,84.35377502441406,744200,0.0,0.0
2012-08-21 00:00:00-04:00,84.42378337719124,84.67263733375131,83.68499986235095,84.0116195678711,884100,0.0,0.0
2012-08-22 00:00:00-04:00,83.8016434540095,85.2247737302743,83.43613794232141,85.19367218017578,1268100,0.0,0.0
2012-08-23 00:00:00-04:00,84.82816469597473,84.98369617543379,83.56833835303212,83.68498992919922,1304400,0.0,0.0
2012-08-24 00:00:00-04:00,83.24948033095323,83.59165070371428,83.03172799701238,83.30391693115234,802200,0.0,0.0
2012-08-27 00:00:00-04:00,83.3583302695791,83.40498850440244,82.22293440144968,82.3629150390625,989600,0.0,0.0
2012-08-28 00:00:00-04:00,82.1063108881021,82.1063108881021,81.16533192162127,81.34419250488281,1556200,0.0,0.0
2012-08-29 00:00:00-04:00,81.59305309091164,81.78747039579838,81.1964460608073,81.75636291503906,1439300,0.0,0.0
2012-08-30 00:00:00-04:00,81.43755405791798,81.75639547969544,81.21980753901674,81.51531982421875,743800,0.0,0.0
2012-08-31 00:00:00-04:00,82.00521206841209,82.2151860680643,81.52306097748985,82.04409790039062,781000,0.0,0.0
2012-09-04 00:00:00-04:00,81.85744808405481,82.19184602194862,80.68316612543082,81.05644989013672,1110200,0.0,0.0
2012-09-05 00:00:00-04:00,81.0720867714774,81.92424587290054,81.0720867714774,81.6427993774414,811200,0.55,0.0
2012-09-06 00:00:00-04:00,82.33861309888017,83.5113050852664,82.26043482604507,83.30803680419922,848600,0.0,0.0
2012-09-07 00:00:00-04:00,83.65199979326064,84.31652383233961,83.17510473783058,83.66763305664062,1105100,0.0,0.0
2012-09-10 00:00:00-04:00,83.62856964164389,84.24618809380068,83.43312099088362,83.48784637451172,823400,0.0,0.0
2012-09-11 00:00:00-04:00,83.50345591282598,84.11325457557143,83.28455444051919,83.32364654541016,866400,0.0,0.0
2012-09-12 00:00:00-04:00,83.50348285963362,83.6129336311071,82.7060549582384,82.86241149902344,1054100,0.0,0.0
2012-09-13 00:00:00-04:00,82.91711681424185,83.78490912417051,82.40113558285138,83.28456115722656,1317400,0.0,0.0
2012-09-14 00:00:00-04:00,83.58946811000405,84.40253512133606,83.16729835616135,84.38690185546875,1415900,0.0,0.0
2012-09-17 00:00:00-04:00,84.10546992375566,84.87162534098073,83.99601914986636,84.40254974365234,914800,0.0,0.0
2012-09-18 00:00:00-04:00,84.33995243715745,84.66831051981572,83.83179100121342,84.64485168457031,960500,0.0,0.0
2012-09-19 00:00:00-04:00,84.72306048925567,84.92632273684502,84.03507760628287,84.74651336669922,801000,0.0,0.0
2012-09-20 00:00:00-04:00,84.23835445526406,84.87942568445952,84.05853910206432,84.8637924194336,679400,0.0,0.0
2012-09-21 00:00:00-04:00,85.32507434765364,85.53616225997499,84.23838017568909,84.28528594970703,1537600,0.0,0.0
2012-09-24 00:00:00-04:00,84.50417748773945,84.98107268240335,83.59729883148358,83.69111633300781,854100,0.0,0.0
2012-09-25 00:00:00-04:00,83.91779714981665,84.51978209993221,83.09691671504609,83.104736328125,978800,0.0,0.0
2012-09-26 00:00:00-04:00,83.20640073059808,83.24549284701622,81.10337131723585,81.18936920166016,1853900,0.0,0.0
2012-09-27 00:00:00-04:00,81.54116824032174,81.87734011186357,80.99390851487622,81.6427993774414,1136900,0.0,0.0
2012-09-28 00:00:00-04:00,81.40827826075515,81.6271857824568,80.75157358951047,81.21282958984375,1707100,0.0,0.0
2012-10-01 00:00:00-04:00,81.48643358992916,82.02586767431508,81.16589502034194,81.31443786621094,1189800,0.0,0.0
2012-10-02 00:00:00-04:00,81.42388725465426,81.7756923457901,80.62645363330681,81.14244079589844,1248400,0.0,0.0
2012-10-03 00:00:00-04:00,81.12682050261179,82.04152468936647,80.71247033179588,81.70535278320312,999000,0.0,0.0
2012-10-04 00:00:00-04:00,82.0884037258904,82.54965951238147,81.55678334889042,82.3698501586914,768900,0.0,0.0
2012-10-05 00:00:00-04:00,82.94061924001859,83.17516009915332,82.51063561776736,82.56536102294922,818800,0.0,0.0
2012-10-08 00:00:00-04:00,82.19005925618319,82.86240304931356,81.84607370860932,82.59659576416016,516900,0.0,0.0
2012-10-09 00:00:00-04:00,82.58096169284006,82.90150034279712,82.3229740071945,82.3307876586914,941200,0.0,0.0
2012-10-10 00:00:00-04:00,82.38551400277325,82.38551400277325,81.04864593302217,81.18936920166016,1184200,0.0,0.0
2012-10-11 00:00:00-04:00,81.94770216734524,82.15097041467133,81.05645688280173,81.07209014892578,1167600,0.0,0.0
2012-10-12 00:00:00-04:00,81.31446023025997,81.91643946421911,80.9861019562081,81.20500946044922,1007300,0.0,0.0
2012-10-15 00:00:00-04:00,81.22065379580427,82.31516760767303,81.15810878606995,81.99462890625,842200,0.0,0.0
2012-10-16 00:00:00-04:00,82.47930718255441,83.67545163095782,82.3933093234885,83.32364654541016,761400,0.0,0.0
2012-10-17 00:00:00-04:00,83.71453651501977,84.61360116840305,83.54254081172347,84.60578155517578,1015700,0.0,0.0
2012-10-18 00:00:00-04:00,84.37908211794974,84.7387068785645,83.878734106258,84.41035461425781,919800,0.0,0.0
2012-10-19 00:00:00-04:00,83.50349296952285,83.89439033343167,81.98681525349853,81.99462890625,1690500,0.0,0.0
2012-10-22 00:00:00-04:00,81.83823720339912,82.36985762861045,81.30661677818779,82.29167938232422,1211600,0.0,0.0
2012-10-23 00:00:00-04:00,81.33790932381977,82.72950273051832,80.76719665244487,82.0493392944336,1514400,0.0,0.0
2012-10-24 00:00:00-04:00,81.33789990766135,82.47931915365437,80.36065678972706,81.76788330078125,1736400,0.0,0.0
2012-10-25 00:00:00-04:00,82.24477987422996,82.55749887042397,81.42389921941678,81.91642761230469,976800,0.0,0.0
2012-10-26 00:00:00-04:00,81.8147998848703,82.62004730752797,81.26754012755745,82.32296752929688,812300,0.0,0.0
2012-10-31 00:00:00-04:00,82.62788557021612,83.76930514158293,81.87736335745248,83.03441619873047,1602300,0.0,0.0
2012-11-01 00:00:00-04:00,82.99531017980279,84.94197688969061,82.72167732256813,84.81688690185547,1691900,0.0,0.0
2012-11-02 00:00:00-04:00,85.14526583789196,86.10687000352675,84.62145884225944,85.76287841796875,2033100,0.0,0.0
2012-11-05 00:00:00-05:00,85.50486770140058,85.64559095177782,84.26963094415798,85.58304595947266,1662800,0.0,0.0
2012-11-06 00:00:00-05:00,85.82538739710157,86.71663252678805,85.37194521824553,85.99738311767578,1123100,0.0,0.0
2012-11-07 00:00:00-05:00,85.17650670716543,85.70812719525222,84.72307043922967,85.26250457763672,987100,0.0,0.0
2012-11-08 00:00:00-05:00,85.33288832303738,85.79414430937179,84.37909788359752,84.4181900024414,966300,0.0,0.0
2012-11-09 00:00:00-05:00,84.12892072463758,84.79344496810754,83.76929591010818,83.9647445678711,1144400,0.0,0.0
2012-11-12 00:00:00-05:00,84.08982084265496,84.36345370995241,83.69892356322332,83.98818969726562,532000,0.0,0.0
2012-11-13 00:00:00-05:00,83.79274077208456,84.51980994793517,83.3314788823247,83.83183288574219,752800,0.0,0.0
2012-11-14 00:00:00-05:00,83.75366590705141,83.88657554208795,82.6122463356846,83.03441619873047,1384500,0.0,0.0
2012-11-15 00:00:00-05:00,82.95621936567959,83.12039550381832,81.97115657222821,82.50277709960938,1194700,0.0,0.0
2012-11-16 00:00:00-05:00,82.63568294541429,82.70604755770512,81.52553609716516,81.53335571289062,2414400,0.0,0.0
2012-11-19 00:00:00-05:00,82.1509731072825,82.79986401814864,81.83043447735378,82.59659576416016,1306000,0.0,0.0
2012-11-20 00:00:00-05:00,82.44805159720413,82.9718525082869,82.0884268240151,82.52622985839844,1010000,0.0,0.0
2012-11-21 00:00:00-05:00,82.55750113568087,82.74513015269804,82.08842561082848,82.2291488647461,1184400,0.0,0.0
2012-11-23 00:00:00-05:00,82.56532902452585,83.59729766845703,82.29951575621506,83.59729766845703,691300,0.0,0.0
2012-11-26 00:00:00-05:00,83.08912108473055,83.42529296875,82.4793223101415,83.42529296875,920900,0.0,0.0
2012-11-27 00:00:00-05:00,83.12042185188223,83.75367372323814,82.08845296744772,83.11260223388672,1209900,0.0,0.0
2012-11-28 00:00:00-05:00,82.40897771966569,83.33930930625723,82.21352905526798,83.30803680419922,767900,0.0,0.0
2012-11-29 00:00:00-05:00,83.54257614665596,83.8318423122394,82.73732861756287,82.95623016357422,922700,0.0,0.0
2012-11-30 00:00:00-05:00,83.09695820342417,83.98820367164869,82.9327820345007,83.81620788574219,1028000,0.0,0.0
2012-12-03 00:00:00-05:00,84.19144848079763,84.21490136058593,82.11969193996681,82.377685546875,1033200,0.0,0.0
2012-12-04 00:00:00-05:00,82.38550004278714,82.96403225172352,82.07278702290841,82.64349365234375,1102900,0.0,0.0
2012-12-05 00:00:00-05:00,82.92644204455318,83.75162229463159,82.58065730764103,83.2486572265625,965100,0.55,0.0
2012-12-06 00:00:00-05:00,83.25649715902837,83.5551307206722,82.88713096689663,83.53155517578125,730100,0.0,0.0
2012-12-07 00:00:00-05:00,83.70444202351658,84.38030222242342,83.19361661795008,84.33314514160156,802900,0.0,0.0
2012-12-10 00:00:00-05:00,84.40387208410752,84.82824980805465,84.18382570779733,84.7496566772461,1051800,0.0,0.0
2012-12-11 00:00:00-05:00,84.9068541553572,85.53555735857782,84.44317977200976,84.85970306396484,737100,0.0,0.0
2012-12-12 00:00:00-05:00,85.07973022606535,85.26834054475582,83.5865507132156,83.79873657226562,1311100,0.0,0.0
2012-12-13 00:00:00-05:00,83.84588734188195,84.96970064906107,83.58654442580672,84.46673583984375,1284900,0.0,0.0
2012-12-14 00:00:00-05:00,84.31741021976295,84.97754923738478,83.98734071095203,84.05806732177734,855200,0.0,0.0
2012-12-17 00:00:00-05:00,84.23098721376772,84.9068474508278,84.16811509966566,84.65536499023438,870500,0.0,0.0
2012-12-18 00:00:00-05:00,84.78895852104574,86.10924285691313,84.4746039656841,86.0699462890625,1282300,0.0,0.0
2012-12-19 00:00:00-05:00,86.2506919241382,86.43144772077052,85.1583146199805,85.18975067138672,1122800,0.0,0.0
2012-12-20 00:00:00-05:00,85.48054274506441,86.0463798051204,84.67894424052848,86.0228042602539,959800,0.0,0.0
2012-12-21 00:00:00-05:00,85.37052246241701,86.08567932554163,85.1583365555362,85.39410400390625,1858500,0.0,0.0
2012-12-24 00:00:00-05:00,84.67890735861165,86.44714440322304,84.51387262061209,86.24281311035156,459000,0.0,0.0
2012-12-26 00:00:00-05:00,86.44714144062156,86.98940270104538,85.85772911261732,86.51786804199219,1024900,0.0,0.0
2012-12-27 00:00:00-05:00,86.64364401056335,86.64364401056335,84.85969134800534,86.11710357666016,774300,0.0,0.0
2012-12-28 00:00:00-05:00,85.67696863791518,85.810573315049,84.67889978900023,84.79678344726562,795900,0.0,0.0
2012-12-31 00:00:00-05:00,84.71040504326318,86.01496887207031,84.64753290804393,86.01496887207031,795900,0.0,0.0
2013-01-02 00:00:00-05:00,87.18592107771168,88.47476959228516,87.15448501689093,88.47476959228516,1088100,0.0,0.0
2013-01-03 00:00:00-05:00,88.55335674642929,89.16634494289526,88.12897891907234,88.47476959228516,971200,0.0,0.0
2013-01-04 00:00:00-05:00,88.74193669384267,89.38636073021388,88.58476243943544,89.07200622558594,771700,0.0,0.0
2013-01-07 00:00:00-05:00,88.5611931559946,89.07201251680438,88.30971073369257,88.87554168701172,874500,0.0,0.0
2013-01-08 00:00:00-05:00,88.8991015482414,89.52780445280308,88.46686342975764,89.49636840820312,860900,0.0,0.0
2013-01-09 00:00:00-05:00,89.70858703159128,89.71644754404453,88.82053499461495,89.48854064941406,882500,0.0,0.0
2013-01-10 00:00:00-05:00,89.82644008782776,90.04648639492879,89.13485912743917,89.73213195800781,973300,0.0,0.0
2013-01-11 00:00:00-05:00,89.38636690070199,90.0936630859873,89.2134716114307,89.5906982421875,562300,0.0,0.0
2013-01-14 00:00:00-05:00,89.50425385198888,90.03865476743408,89.23705639217332,89.6692886352539,581000,0.0,0.0
2013-01-15 00:00:00-05:00,89.2763790368365,89.7950651098614,89.12706522451234,89.44141387939453,645400,0.0,0.0
2013-01-16 00:00:00-05:00,88.80481850790677,88.80481850790677,87.98749910479648,88.46688842773438,862600,0.0,0.0
2013-01-17 00:00:00-05:00,89.00917124994967,89.65359551169146,88.93843861366008,88.985595703125,1012900,0.0,0.0
2013-01-18 00:00:00-05:00,89.09558514015731,89.32349199941571,87.90103925685901,89.21346282958984,2631400,0.0,0.0
2013-01-22 00:00:00-05:00,88.74194432967151,89.7871705992755,88.74194432967151,89.60641479492188,1410100,0.0,0.0
2013-01-23 00:00:00-05:00,88.45116920257203,88.45116920257203,85.98349608147895,87.05229187011719,3016100,0.0,0.0
2013-01-24 00:00:00-05:00,87.48450576340645,88.3018249004692,86.83222135654691,87.32733154296875,1137600,0.0,0.0
2013-01-25 00:00:00-05:00,87.55525740224587,88.01892565044973,87.14659474692752,87.8067398071289,1067600,0.0,0.0
2013-01-28 00:00:00-05:00,87.94820493262719,87.94820493262719,86.23497906077688,86.43144989013672,1069700,0.0,0.0
2013-01-29 00:00:00-05:00,86.54145689868946,87.05227616289221,86.43143373447846,86.87938690185547,1532400,0.0,0.0
2013-01-30 00:00:00-05:00,86.84010187052709,87.0051366387472,86.12494521242635,86.40000915527344,1333800,0.0,0.0
2013-01-31 00:00:00-05:00,86.0621005509954,86.92657116956029,85.95993186248774,86.73796081542969,1523800,0.0,0.0
2013-02-01 00:00:00-05:00,87.23303285227375,87.86959630848159,86.51787628153072,87.69670104980469,1103900,0.0,0.0
2013-02-04 00:00:00-05:00,86.78510916713128,87.21734746068509,86.52576619099898,86.58863830566406,838500,0.0,0.0
2013-02-05 00:00:00-05:00,87.0601436086556,87.86960237946653,86.84009726270465,86.90296936035156,923700,0.0,0.0
2013-02-06 00:00:00-05:00,86.69082739217896,87.20165298670125,86.57294963605716,87.06805419921875,800400,0.0,0.0
2013-02-07 00:00:00-05:00,86.82437651344722,87.29590522309324,86.1642315232925,86.78507995605469,607900,0.0,0.0
2013-02-08 00:00:00-05:00,86.9186890742172,87.74386891184686,86.8479624574102,87.71243286132812,695600,0.0,0.0
2013-02-11 00:00:00-05:00,87.54739659503369,87.92461720317723,87.09158286403122,87.22518157958984,705800,0.0,0.0
2013-02-12 00:00:00-05:00,87.28805755135124,87.50024340336715,86.69864507864585,87.21733093261719,893800,0.0,0.0
2013-02-13 00:00:00-05:00,87.47668251374938,87.95607188483285,87.2252000564445,87.83818817138672,744100,0.0,0.0
2013-02-14 00:00:00-05:00,87.47666604735649,87.67313686751196,87.07586989122515,87.39807891845703,1304000,0.0,0.0
2013-02-15 00:00:00-05:00,87.04444519052157,87.61028218568087,86.07780599115539,86.56505584716797,2092500,0.0,0.0
2013-02-19 00:00:00-05:00,87.2173333545048,87.2173333545048,86.57290927295149,87.02871704101562,1094700,0.0,0.0
2013-02-20 00:00:00-05:00,86.99730157347263,87.67316186719158,86.26642967425634,86.74581909179688,1960900,0.0,0.0
2013-02-21 00:00:00-05:00,86.23496068238485,87.11514597301097,85.72413543575357,86.41571044921875,2355300,0.0,0.0
2013-02-22 00:00:00-05:00,86.66720258100547,87.45308581949237,86.4078596733096,87.36663818359375,1273000,0.0,0.0
2013-02-25 00:00:00-05:00,87.83031705336707,88.17610161942068,86.04635865007613,86.08565521240234,1701800,0.0,0.0
2013-02-26 00:00:00-05:00,86.47859169495479,87.28018995460654,86.47859169495479,86.90296936035156,1645800,0.0,0.0
2013-02-27 00:00:00-05:00,86.78507900914904,88.57689168374132,86.62004426236426,88.19181060791016,884200,0.0,0.0
2013-02-28 00:00:00-05:00,88.19969966988205,89.22134452771925,88.08967047392817,88.84412384033203,1164400,0.0,0.0
2013-03-01 00:00:00-05:00,88.70265495289404,89.48067778249576,87.86176001694908,89.20561981201172,1051000,0.0,0.0
2013-03-04 00:00:00-05:00,88.85196501828774,88.94627317388344,88.06608170909838,88.72622680664062,1126100,0.0,0.0
2013-03-05 00:00:00-05:00,89.20025931064885,90.4880908050284,89.20025931064885,89.60320281982422,945400,0.6,0.0
2013-03-06 00:00:00-05:00,89.99038450594065,90.14049605956679,89.12129509140176,89.20030212402344,1015600,0.0,0.0
2013-03-07 00:00:00-05:00,89.16867986766721,89.48471396136544,88.78154126750758,89.01856231689453,999900,0.0,0.0
2013-03-08 00:00:00-05:00,89.54000385151379,89.99825290602224,89.14496281028539,89.78492736816406,1098700,0.0,0.0
2013-03-11 00:00:00-04:00,89.55582732486776,89.75334789948276,89.05807764686382,89.62693786621094,953600,0.0,0.0
2013-03-12 00:00:00-04:00,89.63482997460011,90.06937762868523,88.84474771469937,89.2160873413086,1253900,0.0,0.0
2013-03-13 00:00:00-04:00,89.19237672879635,89.28718876032708,88.30748251805556,89.09756469726562,944400,0.0,0.0
2013-03-14 00:00:00-04:00,89.39779187794966,89.76913143379748,89.152862325116,89.75332641601562,973700,0.0,0.0
2013-03-15 00:00:00-04:00,89.34251072993143,90.06148251097622,89.10548362136515,89.70594787597656,1391600,0.0,0.0
2013-03-18 00:00:00-04:00,88.90003800048913,89.48470311269618,88.78153050408739,89.27137756347656,1011900,0.0,0.0
2013-03-19 00:00:00-04:00,89.35040879003962,89.79285899864867,88.84475657550061,89.6585464477539,1390800,0.0,0.0
2013-03-20 00:00:00-04:00,90.04565590205831,90.16416941999643,89.6585173694519,89.78492736816406,877100,0.0,0.0
2013-03-21 00:00:00-04:00,88.2521806606,89.01856137062062,87.88084708438952,87.91244506835938,1567100,0.0,0.0
2013-03-22 00:00:00-04:00,87.91244949430074,88.52871871401935,87.68333094581531,88.16527557373047,773800,0.0,0.0
2013-03-25 00:00:00-04:00,88.80524607076413,88.80524607076413,87.75443523199218,88.59982299804688,1253000,0.0,0.0
2013-03-26 00:00:00-04:00,88.88420256594033,89.2792434662334,88.33114771666834,88.56816864013672,740700,0.0,0.0
2013-03-27 00:00:00-04:00,88.17318125934818,88.18108376994755,87.36729998584731,87.96775817871094,912600,0.0,0.0
2013-03-28 00:00:00-04:00,88.1257553100586,88.45758833465376,87.7860197769213,88.1257553100586,1914700,0.0,0.0
2013-04-01 00:00:00-04:00,88.3469882209724,88.46550175232743,87.53320454836907,87.7623291015625,1215800,0.0,0.0
2013-04-02 00:00:00-04:00,88.04675764642103,88.10206315638592,87.41468950866634,87.6991195678711,1074500,0.0,0.0
2013-04-03 00:00:00-04:00,87.58850111354971,88.3627781873387,86.94063403987305,87.1539535522461,1416400,0.0,0.0
2013-04-04 00:00:00-04:00,87.45421720565308,88.48132064341743,87.2171900896344,87.9045639038086,930600,0.0,0.0
2013-04-05 00:00:00-04:00,86.99593788613427,87.72281194950068,86.83792388204517,87.68331146240234,773700,0.0,0.0
2013-04-08 00:00:00-04:00,87.70701277504357,88.141554299295,87.18555571252443,88.1257553100586,601500,0.0,0.0
2013-04-09 00:00:00-04:00,88.40230127717786,88.63932836011857,87.73863508950244,87.98355865478516,1007600,0.0,0.0
2013-04-10 00:00:00-04:00,88.27589204838812,89.27929384912912,88.0388649633127,89.2555923461914,1312800,0.0,0.0
2013-04-11 00:00:00-04:00,89.2634874432742,89.57161901157293,88.66302329804007,88.76573181152344,1677100,0.0,0.0
2013-04-12 00:00:00-04:00,88.47340273522816,89.02645783487714,87.54110554735668,87.6991195678711,1129600,0.0,0.0
2013-04-15 00:00:00-04:00,86.88534030495421,87.3593884183287,85.08395385742188,85.08395385742188,1757800,0.0,0.0
2013-04-16 00:00:00-04:00,85.63699292939185,87.09074703607838,85.50268042755629,87.01173400878906,1167900,0.0,0.0
2013-04-17 00:00:00-04:00,86.48241536595215,87.2804002462423,86.28489477375113,87.09078216552734,1529400,0.0,0.0
2013-04-18 00:00:00-04:00,87.35938751629993,87.50160255162872,86.47449329338208,86.73522186279297,1664000,0.0,0.0
2013-04-19 00:00:00-04:00,87.16187926353079,87.34360084513622,86.26908843282924,86.71153259277344,1815200,0.0,0.0
2013-04-22 00:00:00-04:00,86.88535166356567,87.09077474976102,86.44290750362148,86.71153259277344,1465300,0.0,0.0
2013-04-23 00:00:00-04:00,86.81422590383536,87.50159955569792,85.56590066741106,86.60090637207031,1764700,0.0,0.0
2013-04-24 00:00:00-04:00,87.46999733700447,89.96665991667562,87.20926877118147,89.09756469726562,2089500,0.0,0.0
2013-04-25 00:00:00-04:00,89.27138222364732,89.55581228555589,88.62351508882193,89.13706970214844,1271200,0.0,0.0
2013-04-26 00:00:00-04:00,89.0896805080971,89.41361111178779,88.89215993604074,89.06597900390625,1058300,0.0,0.0
2013-04-29 00:00:00-04:00,89.26348814903288,90.46441042114752,88.93164904929247,90.36959838867188,839100,0.0,0.0
2013-04-30 00:00:00-04:00,90.1325850532981,90.59873069015401,89.81655094588177,90.30640411376953,1842000,0.0,0.0
2013-05-01 00:00:00-04:00,90.15629321059531,90.37751529375957,89.16869031943364,89.42151641845703,1423500,0.0,0.0
2013-05-02 00:00:00-04:00,89.50050805051514,89.9982636798728,89.01066095857414,89.6427230834961,1141000,0.0,0.0
2013-05-03 00:00:00-04:00,90.55133969405549,91.2545125117012,90.36961809913747,90.61454772949219,1257800,0.0,0.0
2013-05-06 00:00:00-04:00,90.8594580458494,90.8594580458494,89.75334169885183,89.80075073242188,941200,0.0,0.0
2013-05-07 00:00:00-04:00,90.1483749800193,90.5276170763488,89.65852788924413,90.13257598876953,1525700,0.0,0.0
2013-05-08 00:00:00-04:00,90.02987065781426,90.29850175932916,89.51632201370646,89.98246765136719,1118400,0.0,0.0
2013-05-09 00:00:00-04:00,89.76912520911957,90.29847873899124,89.65851420370899,90.2510757446289,1382600,0.0,0.0
2013-05-10 00:00:00-04:00,90.33008736370462,90.52760788744516,89.66641526945546,90.0693588256836,1123600,0.0,0.0
2013-05-13 00:00:00-04:00,90.06145044815658,90.09305445323737,89.28717342114369,89.36618041992188,660900,0.0,0.0
2013-05-14 00:00:00-04:00,89.41360425341132,90.30640102844869,89.41360425341132,90.29059600830078,884200,0.0,0.0
2013-05-15 00:00:00-04:00,90.31431384888357,90.97008366312573,89.91137617995415,90.95428466796875,880100,0.0,0.0
2013-05-16 00:00:00-04:00,90.85944092064572,90.85944092064572,90.02985230979628,90.0693588256836,1238600,0.0,0.0
2013-05-17 00:00:00-04:00,90.26690565866036,91.87077181444143,90.18789863170632,91.80756378173828,1292700,0.0,0.0
2013-05-20 00:00:00-04:00,91.61794441183974,91.80756247940958,90.97007715544727,91.46782684326172,1119300,0.0,0.0
2013-05-21 00:00:00-04:00,91.64952704469215,92.00506159191586,91.2307844804092,91.57842254638672,1129800,0.0,0.0
2013-05-22 00:00:00-04:00,91.53101199717378,92.3606006306944,91.10436693089301,91.4124984741211,865100,0.0,0.0
2013-05-23 00:00:00-04:00,90.59871941881384,91.64162762404555,90.35379587926539,91.49151611328125,831100,0.0,0.0
2013-05-24 00:00:00-04:00,91.16759614004772,91.83916488966399,90.63824244558485,91.6179428100586,860800,0.0,0.0
2013-05-28 00:00:00-04:00,92.36061277945701,92.36061277945701,91.61793356329595,91.82335662841797,812000,0.0,0.0
2013-05-29 00:00:00-04:00,91.45201729567184,91.76014888035806,90.86735813855553,91.2781982421875,570000,0.0,0.0
2013-05-30 00:00:00-04:00,91.46782249983131,91.64954407568338,90.99377433949248,91.10438537597656,853000,0.0,0.0
2013-05-31 00:00:00-04:00,90.82785063819773,91.73644639026865,90.3301010131836,90.3301010131836,1076400,0.0,0.0
2013-06-03 00:00:00-04:00,90.4881069833838,91.26239013671875,90.30639146586789,91.26239013671875,805100,0.0,0.0
2013-06-04 00:00:00-04:00,91.0964702030097,92.27369086568825,91.01745716928983,92.17098236083984,1152900,0.0,0.0
2013-06-05 00:00:00-04:00,92.15511201805455,92.75868045519431,91.32123449228239,91.32917785644531,1895100,0.6,0.0
2013-06-06 00:00:00-04:00,91.21003444238372,92.01214441936574,90.15379139118102,90.66206359863281,1500300,0.0,0.0
2013-06-07 00:00:00-04:00,90.86855651410563,91.40064677326873,89.7328978388259,90.7017822265625,1855000,0.0,0.0
2013-06-10 00:00:00-04:00,90.95590803606075,91.82949016404774,90.61441612451,91.19416046142578,1158400,0.0,0.0
2013-06-11 00:00:00-04:00,90.32058527895803,91.60713150963227,89.98703064599498,90.5905990600586,1073500,0.0,0.0
2013-06-12 00:00:00-04:00,91.84539138684381,91.99627895831333,91.21799888943569,91.31330108642578,1238600,0.0,0.0
2013-06-13 00:00:00-04:00,91.05121719107154,92.83014897726589,90.44764877719778,92.67131805419922,1362200,0.0,0.0
2013-06-14 00:00:00-04:00,92.77453778943574,93.95784427359584,91.91683644591929,93.64018249511719,1800600,0.0,0.0
2013-06-17 00:00:00-04:00,94.29142544019473,94.72027017394353,93.59255478872788,94.06905364990234,1538700,0.0,0.0
2013-06-18 00:00:00-04:00,94.25169461860374,94.6408345655284,93.78313316254263,94.5137710571289,961600,0.0,0.0
2013-06-19 00:00:00-04:00,94.48201990313306,95.42708028138038,94.48201990313306,94.91880798339844,1743800,0.0,0.0
2013-06-20 00:00:00-04:00,93.97375790088971,94.64879846192365,92.1312911868029,92.40924835205078,1306400,0.0,0.0
2013-06-21 00:00:00-04:00,92.79838199336284,92.9651562810276,90.97180213393115,91.53565979003906,2331700,0.0,0.0
2013-06-24 00:00:00-04:00,89.78055420068185,91.09092450103724,89.56612578348847,90.61442565917969,1372700,0.0,0.0
2013-06-25 00:00:00-04:00,91.24179457929635,91.32121002261144,90.39203661190396,90.84471130371094,1106000,0.0,0.0
2013-06-26 00:00:00-04:00,91.78979071994567,92.1630500468448,91.10680685774966,92.07569122314453,1478300,0.0,0.0
2013-06-27 00:00:00-04:00,92.43306373553692,92.4727744950037,91.0035612208897,91.24181365966797,1363200,0.0,0.0
2013-06-28 00:00:00-04:00,91.32917583461573,91.94068156336942,90.49529832730379,91.45624542236328,1847000,0.0,0.0
2013-07-01 00:00:00-04:00,92.20273516102331,93.6798854274276,91.6706450271599,92.70306396484375,1071000,0.0,0.0
2013-07-02 00:00:00-04:00,92.51248638545754,92.56014051232356,90.97180695438759,91.09092712402344,1747000,0.0,0.0
2013-07-03 00:00:00-04:00,90.07439853552013,91.29741615542568,89.89968086710334,91.14652252197266,655600,0.0,0.0
2013-07-05 00:00:00-04:00,91.84536883927079,91.92478428776052,91.07502626499866,91.87713623046875,900600,0.0,0.0
2013-07-08 00:00:00-04:00,92.36163067512082,92.36163067512082,91.8057101026871,91.9168930053711,1186800,0.0,0.0
2013-07-09 00:00:00-04:00,92.52042379701592,93.53695623924949,92.32188211504808,93.38606262207031,1501500,0.0,0.0
2013-07-10 00:00:00-04:00,93.32255100496799,93.45755791930502,92.26630760901085,93.04459381103516,1394000,0.0,0.0
2013-07-11 00:00:00-04:00,93.82286662473093,94.19612599557323,93.20341748121048,93.22724151611328,1255500,0.0,0.0
2013-07-12 00:00:00-04:00,93.37019352628296,93.67197473903441,92.89369464230255,92.9889907836914,1249400,0.0,0.0
2013-07-15 00:00:00-04:00,92.98896910037189,93.2589889090381,92.48864629771036,92.49658966064453,1379000,0.0,0.0
2013-07-16 00:00:00-04:00,92.55219011412856,92.9095627138995,91.6706645717483,92.14716339111328,1404600,0.0,0.0
2013-07-17 00:00:00-04:00,92.52837348243773,92.85397871242475,91.93274839584056,92.48866271972656,1486500,0.0,0.0
2013-07-18 00:00:00-04:00,92.65541333778914,92.99690520919333,92.17097123977365,92.67923736572266,1035900,0.0,0.0
2013-07-19 00:00:00-04:00,92.76661005892234,93.18751743944065,92.2345198253996,93.0286865234375,1252400,0.0,0.0
2013-07-22 00:00:00-04:00,93.05251671544765,93.54490228207335,92.61572863801605,92.92545318603516,1088900,0.0,0.0
2013-07-23 00:00:00-04:00,92.56804526998447,93.52898600758013,92.56804526998447,92.91748046875,1179800,0.0,0.0
2013-07-24 00:00:00-04:00,93.47343782206596,94.8314684965635,92.98899554847615,93.75933837890625,1985500,0.0,0.0
2013-07-25 00:00:00-04:00,93.52106179323957,94.81555118772314,93.10015445891715,94.66465759277344,2371800,0.0,0.0
2013-07-26 00:00:00-04:00,94.30727958679199,94.73613025894156,93.62429585622158,94.50582122802734,1966100,0.0,0.0
2013-07-29 00:00:00-04:00,94.4422888433437,94.9982090883046,93.846663904535,94.87113952636719,1491100,0.0,0.0
2013-07-30 00:00:00-04:00,94.62495291011048,96.12592732014251,94.4343546199981,95.84002685546875,1872200,0.0,0.0
2013-07-31 00:00:00-04:00,96.45156066584475,96.74540457902077,95.31590183791067,95.43502807617188,2009100,0.0,0.0
2013-08-01 00:00:00-04:00,96.58655669674408,96.77715500913168,95.07763874773211,95.33177185058594,1370800,0.0,0.0
2013-08-02 00:00:00-04:00,95.14911262455345,95.67326556719874,94.7996833884678,95.54619598388672,1232400,0.0,0.0
2013-08-05 00:00:00-04:00,95.54618405305261,95.6256055622109,94.94262178472084,95.37940979003906,759900,0.0,0.0
2013-08-06 00:00:00-04:00,95.40325777447252,96.1497765231322,94.91881553021616,95.68122100830078,1152200,0.0,0.0
2013-08-07 00:00:00-04:00,95.41911101010639,95.90355308431504,95.30792817920701,95.57794189453125,1326200,0.0,0.0
2013-08-08 00:00:00-04:00,96.05446204584347,96.70567851175046,96.03063801376328,96.34036254882812,913200,0.0,0.0
2013-08-09 00:00:00-04:00,96.14183044433594,96.77716630513359,95.87181664185461,96.14183044433594,648400,0.0,0.0
2013-08-12 00:00:00-04:00,95.53033337237697,95.91153007634344,94.99824302445873,95.15707397460938,959100,0.0,0.0
2013-08-13 00:00:00-04:00,95.40324433079932,95.82415777507927,95.23647004941043,95.5144271850586,919300,0.0,0.0
2013-08-14 00:00:00-04:00,95.46676404883131,95.72089711258764,94.5852386585181,94.68848419189453,703400,0.0,0.0
2013-08-15 00:00:00-04:00,94.10081677350313,94.3708366199424,93.44960027904679,93.90227508544922,883600,0.0,0.0
2013-08-16 00:00:00-04:00,93.6799276838416,93.99759565865166,93.29873096127963,93.62433624267578,1240800,0.0,0.0
2013-08-19 00:00:00-04:00,93.34636861917353,93.70374126406831,93.01282000940346,93.10811614990234,1004600,0.0,0.0
2013-08-20 00:00:00-04:00,93.1557645875755,93.56872864220088,92.6633790087042,93.290771484375,748500,0.0,0.0
2013-08-21 00:00:00-04:00,93.23517109859671,94.14052064514453,93.10016421476315,93.3304672241211,1120200,0.0,0.0
2013-08-22 00:00:00-04:00,93.37015191117034,94.2437338189473,92.89365323956557,93.87841796875,1131400,0.0,0.0
2013-08-23 00:00:00-04:00,93.95788287428901,94.38673372223192,93.26696155733588,94.27555084228516,608700,0.0,0.0
2013-08-26 00:00:00-04:00,94.50582373653762,95.04585725739253,93.59253095081105,93.66400909423828,763200,0.0,0.0
2013-08-27 00:00:00-04:00,93.11603448201552,93.3225194959399,92.53629019411602,92.78248596191406,850200,0.0,0.0
2013-08-28 00:00:00-04:00,92.63953474915391,92.67130214011422,91.95655099103298,92.44893646240234,753000,0.0,0.0
2013-08-29 00:00:00-04:00,92.21865228047564,92.74279922508305,92.03599124796868,92.32189178466797,848400,0.0,0.0
2013-08-30 00:00:00-04:00,92.52041724079376,93.39399936774586,92.46482581614256,93.23516845703125,1211700,0.0,0.0
2013-09-03 00:00:00-04:00,94.31524734522895,94.44231087780153,93.06840575811428,93.290771484375,824800,0.0,0.0
2013-09-04 00:00:00-04:00,93.58613269970859,94.21674624338453,92.89964231495344,94.0251693725586,700700,0.6,0.0
2013-09-05 00:00:00-04:00,94.07305992777002,94.56797343044097,93.84955256853758,94.12893676757812,639300,0.0,0.0
2013-09-06 00:00:00-04:00,94.39233989995681,95.15865330279141,93.95330332484022,94.28058624267578,986600,0.0,0.0
2013-09-09 00:00:00-04:00,94.3364615711155,95.19058227539062,94.3364615711155,95.19058227539062,776500,0.0,0.0
2013-09-10 00:00:00-04:00,95.57374446475703,96.51567250679508,95.36619934630997,95.73339080810547,898500,0.0,0.0
2013-09-11 00:00:00-04:00,95.78127673056362,96.85890469737497,95.40610115105424,96.66732788085938,758000,0.0,0.0
2013-09-12 00:00:00-04:00,96.34802638636464,96.53960928754863,95.83715083010802,95.9808349609375,655200,0.0,0.0
2013-09-13 00:00:00-04:00,96.08462079744935,96.58751226390169,95.73339153128842,96.16444396972656,649300,0.0,0.0
2013-09-16 00:00:00-04:00,96.97068342504164,97.76892742195791,96.79506877130112,97.55339813232422,971900,0.0,0.0
2013-09-17 00:00:00-04:00,97.75294732909224,97.75294732909224,96.64338879455357,96.8988265991211,977900,0.0,0.0
2013-09-18 00:00:00-04:00,96.94673734364409,98.79866329426646,96.5955141032611,98.76673889160156,1574500,0.0,0.0
2013-09-19 00:00:00-04:00,98.87846602210249,99.30951842376514,97.76890757879416,98.00837707519531,1083800,0.0,0.0
2013-09-20 00:00:00-04:00,98.00839483402079,98.79067661362616,97.17024230957031,97.17024230957031,1730000,0.0,0.0
2013-09-23 00:00:00-04:00,96.74715758256653,97.43364781908294,96.26821246386424,96.4677734375,1251900,0.0,0.0
2013-09-24 00:00:00-04:00,96.25225744841747,96.58751844751605,95.78927449340435,96.19638061523438,1189400,0.0,0.0
2013-09-25 00:00:00-04:00,96.37997124846048,96.58751637731417,95.23848217494205,95.40611267089844,2020800,0.0,0.0
2013-09-26 00:00:00-04:00,95.69345826572544,96.39591666125774,95.46196684811743,95.94091796875,1368000,0.0,0.0
2013-09-27 00:00:00-04:00,95.97286555423902,96.32408872448548,95.57374360932268,95.6775131225586,871900,0.0,0.0
2013-09-30 00:00:00-04:00,95.32629569761053,95.96489332481003,94.68770416052936,95.9569091796875,1270000,0.0,0.0
2013-10-01 00:00:00-04:00,95.69346223960282,96.56355112744224,95.20653304615769,96.45179748535156,905000,0.0,0.0
2013-10-02 00:00:00-04:00,96.14051100531184,96.97068551077513,95.66155972476564,96.93077087402344,895800,0.0,0.0
2013-10-03 00:00:00-04:00,96.5396152344532,96.64338474473237,95.56575674218712,95.86908721923828,797100,0.0,0.0
2013-10-04 00:00:00-04:00,95.79722207702854,97.06642655641573,95.67748431158627,96.91476440429688,659200,0.0,0.0
2013-10-07 00:00:00-04:00,95.98882304517942,96.34005228831947,95.59768526357536,95.6136474609375,627700,0.0,0.0
2013-10-08 00:00:00-04:00,95.50987431543707,95.50987431543707,93.953295211806,93.99320983886719,781700,0.0,0.0
2013-10-09 00:00:00-04:00,94.5919195594361,95.20656479590846,93.8256060052119,95.00700378417969,1023100,0.0,0.0
2013-10-10 00:00:00-04:00,95.7812717370274,96.86688379087958,95.76530954069878,96.83495330810547,704400,0.0,0.0
2013-10-11 00:00:00-04:00,96.90680508215416,97.27399652413663,95.96487709094096,97.15425872802734,590200,0.0,0.0
2013-10-14 00:00:00-04:00,96.77109826632284,97.67311156520255,96.58749951321656,97.5853042602539,445300,0.0,0.0
2013-10-15 00:00:00-04:00,97.40969489623913,97.9205704670255,96.57154251766018,96.66732788085938,525800,0.0,0.0
2013-10-16 00:00:00-04:00,97.11434314259763,98.34363322910924,97.11434314259763,98.31968688964844,769700,0.0,0.0
2013-10-17 00:00:00-04:00,97.80084924649717,99.35742865355529,97.79287119162338,99.30155181884766,700700,0.0,0.0
2013-10-18 00:00:00-04:00,99.48513759450123,99.7804900374545,98.99023026159084,99.73259735107422,763400,0.0,0.0
2013-10-21 00:00:00-04:00,99.78049212926379,99.78049212926379,98.99821039131848,99.61286163330078,595600,0.0,0.0
2013-10-22 00:00:00-04:00,99.7805025394526,100.53085386738722,99.5569951881832,100.42707824707031,963300,0.0,0.0
2013-10-23 00:00:00-04:00,100.30733013869813,100.30733013869813,98.70285821459653,98.84654235839844,822400,0.0,0.0
2013-10-24 00:00:00-04:00,98.81462963384298,99.26164434374721,98.54322349560209,98.99822235107422,865200,0.0,0.0
2013-10-25 00:00:00-04:00,99.20575533927986,99.9880370757987,98.75874068419363,99.9720687866211,642600,0.0,0.0
2013-10-28 00:00:00-04:00,99.73261920695406,99.96411072538524,98.61507625560733,99.01419830322266,590300,0.0,0.0
2013-10-29 00:00:00-04:00,98.99821250476445,99.517072292937,98.39155148455224,99.50909423828125,939500,0.0,0.0
2013-10-30 00:00:00-04:00,99.54897811425379,102.27098615629127,99.2217013410416,99.38134765625,1487600,0.0,0.0
2013-10-31 00:00:00-04:00,99.5569801159073,100.10777035537697,99.14188987771873,99.54899597167969,1262300,0.0,0.0
2013-11-01 00:00:00-04:00,99.91619736596931,100.09181201572633,98.83058506757878,99.05409240722656,1065400,0.0,0.0
2013-11-04 00:00:00-05:00,99.34146949135157,99.34945363707719,98.4554181094903,98.76673889160156,887100,0.0,0.0
2013-11-05 00:00:00-05:00,98.98226210048745,99.81243664246708,98.39954126492101,99.78849029541016,1323800,0.0,0.0
2013-11-06 00:00:00-05:00,99.91618445560879,100.73039661925489,99.79644665623525,100.49092102050781,784300,0.0,0.0
2013-11-07 00:00:00-05:00,100.53081084835563,100.76230224600185,98.96625396885466,99.12590026855469,1067300,0.0,0.0
2013-11-08 00:00:00-05:00,99.12593651569827,99.38137434269323,98.50330719303042,99.3733901977539,1047400,0.0,0.0
2013-11-11 00:00:00-05:00,99.54097897773782,99.71659355208442,99.0141413448137,99.52501678466797,607700,0.0,0.0
2013-11-12 00:00:00-05:00,99.26162527167648,99.42127770176579,98.59908138957019,99.02215576171875,938300,0.0,0.0
2013-11-13 00:00:00-05:00,98.8545327431822,99.4212913350701,98.57514856486178,99.4133071899414,893100,0.0,0.0
2013-11-14 00:00:00-05:00,99.77250830417162,100.58672053301989,99.53303877636527,100.27540588378906,543300,0.0,0.0
2013-11-15 00:00:00-05:00,100.48292675370872,101.24126201326695,99.89222805045597,101.21731567382812,827800,0.0,0.0
2013-11-18 00:00:00-05:00,101.61644682287206,101.64837121828573,100.48293590192964,100.81021881103516,688300,0.0,0.0
2013-11-19 00:00:00-05:00,100.56276280293788,101.37696884947896,100.339249409461,100.77030181884766,693800,0.0,0.0
2013-11-20 00:00:00-05:00,100.51485232853267,100.87406567292639,99.26160987478542,99.38134765625,812500,0.0,0.0
2013-11-21 00:00:00-05:00,99.66873092236229,100.25144554183132,99.13390898665304,100.1157455444336,632300,0.0,0.0
2013-11-22 00:00:00-05:00,100.1237093180392,101.14546029782036,99.71660331855519,101.03370666503906,725600,0.0,0.0
2013-11-25 00:00:00-05:00,100.98584997474886,101.43286466515632,100.538829194223,100.6346206665039,699700,0.0,0.0
2013-11-26 00:00:00-05:00,100.58672797542265,100.77830482986607,100.25944501271833,100.6346206665039,1604800,0.0,0.0
2013-11-27 00:00:00-05:00,100.43506560799008,101.26524014651105,100.33927413004271,101.04173278808594,512300,0.0,0.0
2013-11-29 00:00:00-05:00,100.97786224803919,101.4488232672832,100.54680977324128,100.78628540039062,568300,0.0,0.0
2013-12-02 00:00:00-05:00,100.66653951427145,101.68030659565662,99.50110414184626,99.60487365722656,1161700,0.0,0.0
2013-12-03 00:00:00-05:00,99.08602842461777,99.82041755457969,98.64699786585251,99.17383575439453,1154700,0.0,0.0
2013-12-04 00:00:00-05:00,98.4920168292845,99.44653869272601,98.17116857841016,99.15777587890625,822500,0.6,0.0
2013-12-05 00:00:00-05:00,98.65245503254523,99.09362221909483,98.13107729926092,98.25139617919922,1217400,0.0,0.0
2013-12-06 00:00:00-05:00,99.37435021860205,100.71388515865195,99.01339974195157,100.63367462158203,810100,0.0,0.0
2013-12-09 00:00:00-05:00,101.01067299724555,101.05078132645806,100.01604885342778,100.59357452392578,1095100,0.0,0.0
2013-12-10 00:00:00-05:00,102.8314811440263,103.16836909112868,100.77806190111035,101.0186996459961,2042000,0.0,0.0
2013-12-11 00:00:00-05:00,100.81013937796793,101.15505018789855,99.42247324880381,99.558837890625,1307700,0.0,0.0
2013-12-12 00:00:00-05:00,99.18181567972742,100.3127980080746,98.54814221249134,100.00799560546875,1218500,0.0,0.0
2013-12-13 00:00:00-05:00,100.11229270998335,100.34490754140187,99.51070452793698,99.6631088256836,727200,0.0,0.0
2013-12-16 00:00:00-05:00,99.94384330630785,100.85024003444772,99.86363277700754,100.28073120117188,1017400,0.0,0.0
2013-12-17 00:00:00-05:00,100.26470782994346,100.86629607692312,100.10428674528438,100.45721435546875,930600,0.0,0.0
2013-12-18 00:00:00-05:00,100.56148944706709,101.652369913125,99.27007957356723,101.59622192382812,1133900,0.0,0.0
2013-12-19 00:00:00-05:00,101.25130348790653,102.00528984183961,100.81815926602765,101.98925018310547,1108700,0.0,0.0
2013-12-20 00:00:00-05:00,101.83687135986376,102.57481823965114,101.72457536162102,102.3021011352539,1055800,0.0,0.0
2013-12-23 00:00:00-05:00,102.78334319694427,102.78334319694427,102.17373214051644,102.63896179199219,804800,0.0,0.0
2013-12-24 00:00:00-05:00,102.598861640489,103.56941704922525,102.44645734341235,103.44910430908203,316900,0.0,0.0
2013-12-26 00:00:00-05:00,103.4090207723431,103.9705007598505,102.8796201101165,103.93040466308594,326800,0.0,0.0
2013-12-27 00:00:00-05:00,104.27526265105774,104.59610471732488,104.01056243868422,104.28327941894531,486500,0.0,0.0
2013-12-30 00:00:00-05:00,104.0185792065718,104.5880879494373,103.89024972366911,104.28327941894531,453100,0.0,0.0
2013-12-31 00:00:00-05:00,104.62822571929141,104.74052169802906,103.85017063827203,104.29935455322266,597600,0.0,0.0
2014-01-02 00:00:00-05:00,103.58546660493603,104.21111735518083,103.26462445995935,103.87422943115234,777700,0.0,0.0
2014-01-03 00:00:00-05:00,103.87424803275981,104.27530690547316,103.76195203797388,104.01862335205078,737600,0.0,0.0
2014-01-06 00:00:00-05:00,104.2752865014576,104.39559924399127,103.6496357615963,103.8662109375,1160100,0.0,0.0
2014-01-07 00:00:00-05:00,103.9303942048412,104.73251188894984,103.64964811966537,104.46781158447266,1183600,0.0,0.0
2014-01-08 00:00:00-05:00,104.30733340387957,105.07737143481806,103.77794526190735,105.0212173461914,1262500,0.0,0.0
2014-01-09 00:00:00-05:00,105.07740020751953,105.25386704961088,104.7004039757192,105.07740020751953,1665000,0.0,0.0
2014-01-10 00:00:00-05:00,105.07742317771842,106.32070811356812,105.05336062484061,106.2725830078125,1311500,0.0,0.0
2014-01-13 00:00:00-05:00,105.57469159416571,106.56130483954236,104.80466571996118,104.91696166992188,1246000,0.0,0.0
2014-01-14 00:00:00-05:00,105.08545263830747,105.95977037604399,104.6362686112209,105.76725769042969,709600,0.0,0.0
2014-01-15 00:00:00-05:00,105.85546809130227,106.93833182314971,105.57472201583246,106.61747741699219,924700,0.0,0.0
2014-01-16 00:00:00-05:00,106.13619395173578,106.60944034141997,105.98378966775637,106.33672332763672,865600,0.0,0.0
2014-01-17 00:00:00-05:00,106.08004809675299,106.97039908453006,106.08004809675299,106.23245239257812,1230000,0.0,0.0
2014-01-21 00:00:00-05:00,107.01052637940205,107.66825653561136,106.05600434842917,106.85010528564453,771600,0.0,0.0
2014-01-22 00:00:00-05:00,107.09073080660836,107.15490169198036,106.45706320249543,106.85010528564453,717800,0.0,0.0
2014-01-23 00:00:00-05:00,105.79127886947349,106.83403408985505,105.10947408401654,105.30198669433594,1602000,0.0,0.0
2014-01-24 00:00:00-05:00,104.66031554019763,104.66031554019763,101.82884099854307,101.84488677978516,2067100,0.0,0.0
2014-01-27 00:00:00-05:00,102.01333551287422,102.27803583863664,100.77807344565569,100.85828399658203,2671600,0.0,0.0
2014-01-28 00:00:00-05:00,101.0267012590948,101.54005599280381,100.6256424909052,100.826171875,1915200,0.0,0.0
2014-01-29 00:00:00-05:00,101.46787739138344,103.85818443572163,100.2647009796279,102.13363647460938,2654800,0.0,0.0
2014-01-30 00:00:00-05:00,101.78071904520881,102.07750481065105,100.46524644756501,100.65775299072266,1806800,0.0,0.0
2014-01-31 00:00:00-05:00,99.40643409074308,100.79410022690303,99.1497567043615,100.04010772705078,1794200,0.0,0.0
2014-02-03 00:00:00-05:00,100.16043254964954,100.89035642448248,97.27280413146748,97.46531677246094,2278400,0.0,0.0
2014-02-04 00:00:00-05:00,98.51608066519955,98.94922489159231,97.8262590586857,98.16314697265625,1354100,0.0,0.0
2014-02-05 00:00:00-05:00,97.4011317292049,98.63639345743849,97.23268778258276,98.42784118652344,1384600,0.0,0.0
2014-02-06 00:00:00-05:00,98.42785511231678,99.7192650054693,98.0829442814809,99.68717956542969,1342400,0.0,0.0
2014-02-07 00:00:00-05:00,100.3369032145177,102.0053095501036,99.87167958528549,101.91707611083984,1688800,0.0,0.0
2014-02-10 00:00:00-05:00,101.90905860428785,102.73523887536544,101.32350997700631,102.41439056396484,1097700,0.0,0.0
2014-02-11 00:00:00-05:00,102.4223938986645,103.22451146417761,102.02935188539968,103.01595306396484,1225100,0.0,0.0
2014-02-12 00:00:00-05:00,103.20044386735617,103.63358194623149,102.58280994511237,102.73521423339844,1013500,0.0,0.0
2014-02-13 00:00:00-05:00,102.26997753452594,104.10682115748294,102.13361903320086,103.8020248413086,994300,0.0,0.0
2014-02-14 00:00:00-05:00,103.75392700761725,104.67635744569206,103.5132892552755,104.12289428710938,1241100,0.0,0.0
2014-02-18 00:00:00-05:00,104.4357180099889,104.56405977441509,103.83412975850355,104.05070495605469,1356300,0.0,0.0
2014-02-19 00:00:00-05:00,104.0587447604434,104.33147413005497,102.6550446492678,102.79139709472656,1244900,0.0,0.0
2014-02-20 00:00:00-05:00,102.91169462686707,103.12826981450944,102.0855083254357,102.72721099853516,1101900,0.0,0.0
2014-02-21 00:00:00-05:00,102.87960306755663,103.368895312619,102.47855037125423,102.72721099853516,1415300,0.0,0.0
2014-02-24 00:00:00-05:00,102.51864459673205,102.92773239034538,101.97320440469991,101.98925018310547,1602500,0.0,0.0
2014-02-25 00:00:00-05:00,102.39034552937964,103.68174964727656,102.02938882242117,103.31278228759766,1007000,0.0,0.0
2014-02-26 00:00:00-05:00,103.31273707558317,104.27527563356308,103.14428701424933,103.33679962158203,1222800,0.0,0.0
2014-02-27 00:00:00-05:00,102.94378555589137,104.27530391252489,102.84753534579332,104.15499114990234,965500,0.0,0.0
2014-02-28 00:00:00-05:00,104.24320834769554,105.19771800759243,104.1148665946639,104.57206726074219,1292200,0.0,0.0
2014-03-03 00:00:00-05:00,104.04269417814115,104.84481189298835,103.56141865349483,104.5079116821289,936700,0.0,0.0
2014-03-04 00:00:00-05:00,105.91962609216588,105.91962609216588,104.7645748491472,105.07740020751953,1462700,0.0,0.0
2014-03-05 00:00:00-05:00,105.48045003155973,105.49656352074159,104.42442607222314,104.4324951171875,1045700,0.65,0.0
2014-03-06 00:00:00-05:00,104.79526129640806,105.58525289899899,104.3599633154958,105.46434020996094,901200,0.0,0.0
2014-03-07 00:00:00-05:00,105.66589366171107,105.82711471732918,105.29507416344916,105.6578369140625,761200,0.0,0.0
2014-03-10 00:00:00-04:00,105.51270100244874,106.12534576933095,105.27086333381439,106.06892395019531,790600,0.0,0.0
2014-03-11 00:00:00-04:00,106.02863839496409,106.53649637813699,105.82710901121324,106.0770034790039,1297900,0.0,0.0
2014-03-12 00:00:00-04:00,105.83513007832529,109.01930310841318,105.32728456673931,106.47196960449219,1652200,0.0,0.0
2014-03-13 00:00:00-04:00,106.63322615907275,106.95566825175247,106.16567651442298,106.44782257080078,1657600,0.0,0.0
2014-03-14 00:00:00-04:00,105.98830038774493,107.01207281470977,105.9479920622032,106.2059555053711,1426100,0.0,0.0
2014-03-17 00:00:00-04:00,106.52032089436172,107.69725735862235,106.27042654314029,106.74603271484375,983900,0.0,0.0
2014-03-18 00:00:00-04:00,106.94759439105599,107.18137532616046,106.25433293238908,107.08463287353516,1162100,0.0,0.0
2014-03-19 00:00:00-04:00,107.37484269186047,108.67269228818945,106.43974349069927,106.93954467773438,1629800,0.0,0.0
2014-03-20 00:00:00-04:00,106.56065997587311,106.97177541750112,106.42362149533042,106.81861114501953,952300,0.0,0.0
2014-03-21 00:00:00-04:00,107.66504645953947,108.02779685804775,106.59290875701402,107.14913177490234,2424800,0.0,0.0
2014-03-24 00:00:00-04:00,107.57635247117204,107.84237265929869,105.99636943307766,106.2059555053711,872100,0.0,0.0
2014-03-25 00:00:00-04:00,106.7138450128488,106.8589402674061,105.31119605024007,105.883544921875,1110700,0.0,0.0
2014-03-26 00:00:00-04:00,106.03667920234851,106.23015180980167,104.49700429022859,104.52118682861328,1269100,0.0,0.0
2014-03-27 00:00:00-04:00,104.53730928588413,104.70659936947115,103.70700926246697,103.82793426513672,1225700,0.0,0.0
2014-03-28 00:00:00-04:00,104.24710062075016,104.59372517379376,103.62638682301277,104.26321411132812,1243600,0.0,0.0
2014-03-31 00:00:00-04:00,104.93230543275983,105.70618358543729,104.65017170967371,105.57720184326172,1208000,0.0,0.0
2014-04-01 00:00:00-04:00,106.85894906643084,106.97180504050523,105.11773206610142,105.64977264404297,905000,0.0,0.0
2014-04-02 00:00:00-04:00,105.58524365123559,106.4477950920774,105.33534924886061,106.09310150146484,974200,0.0,0.0
2014-04-03 00:00:00-04:00,106.46394462124033,106.96373353742966,105.78679656982422,105.78679656982422,959900,0.0,0.0
2014-04-04 00:00:00-04:00,106.4477957641942,106.60901676993399,104.3035207167696,104.35995483398438,851800,0.0,0.0
2014-04-07 00:00:00-04:00,104.37608402510604,104.65017330650537,102.78803781410656,102.8364028930664,1107600,0.0,0.0
2014-04-08 00:00:00-04:00,102.7799766280256,103.97302703026907,102.59456690528047,103.35232543945312,1648800,0.0,0.0
2014-04-09 00:00:00-04:00,102.98957014808008,105.19833030366759,102.98957014808008,105.045166015625,1259100,0.0,0.0
2014-04-10 00:00:00-04:00,105.09350601287534,105.61748962587424,103.26362864083856,103.29586791992188,1250800,0.0,0.0
2014-04-11 00:00:00-04:00,102.93312263852866,103.94076928930856,102.33659139313225,102.37689971923828,1474500,0.0,0.0
2014-04-14 00:00:00-04:00,103.33619918856499,103.36843847480662,101.94967617302487,102.58650970458984,1222200,0.0,0.0
2014-04-15 00:00:00-04:00,102.78803358928707,104.2148587116493,102.6106867734729,104.1423110961914,1610400,0.0,0.0
2014-04-16 00:00:00-04:00,104.92427390038957,106.14956384437346,104.60988851602306,106.0447769165039,941200,0.0,0.0
2014-04-17 00:00:00-04:00,106.0528171342864,106.64934851693516,105.67394092238985,106.2946548461914,876500,0.0,0.0
2014-04-21 00:00:00-04:00,106.53649189196574,107.27006177001932,106.15761568243815,107.12495422363281,1208200,0.0,0.0
2014-04-22 00:00:00-04:00,107.29422495866164,107.40708089643923,106.24626993622708,106.38330841064453,1532100,0.0,0.0
2014-04-23 00:00:00-04:00,102.85250671094119,106.38330453626916,102.85250671094119,106.1656494140625,1286200,0.0,0.0
2014-04-24 00:00:00-04:00,106.48813229116139,106.49618903845099,105.19028255563889,105.31925201416016,1227800,0.0,0.0
2014-04-25 00:00:00-04:00,105.02902589536444,105.30311514728396,104.02944823670144,104.27934265136719,888500,0.0,0.0
2014-04-28 00:00:00-04:00,104.60180252388213,105.06935215060685,103.80375406996355,104.31159973144531,1217400,0.0,0.0
2014-04-29 00:00:00-04:00,104.31962660546793,104.88390616809168,103.52962291742276,103.55381774902344,1014100,0.0,0.0
2014-04-30 00:00:00-04:00,103.98111360298698,105.36763685836188,103.49743812306424,105.23865509033203,1860000,0.0,0.0
2014-05-01 00:00:00-04:00,105.46435544916875,105.53690307307444,104.44058276600586,105.02904510498047,902500,0.0,0.0
2014-05-02 00:00:00-04:00,104.85170369198232,105.69811718278912,104.81139535899717,105.60138702392578,787600,0.0,0.0
2014-05-05 00:00:00-04:00,105.22252184517482,105.49659885755162,104.76304124211697,105.31925201416016,806100,0.0,0.0
2014-05-06 00:00:00-04:00,104.99677338831006,105.85125571807458,104.87586071914461,105.1418685913086,847100,0.0,0.0
2014-05-07 00:00:00-04:00,105.43210790253585,105.66588887791956,104.73884632442362,104.79528045654297,1590300,0.0,0.0
2014-05-08 00:00:00-04:00,105.2708645728528,105.5771931100868,104.43250791881101,104.93229675292969,989500,0.0,0.0
2014-05-09 00:00:00-04:00,104.94038648359454,105.19029327958005,104.29550222411096,104.87590789794922,652900,0.0,0.0
2014-05-12 00:00:00-04:00,105.35150829812343,105.83517146497775,104.8759018789177,105.6578369140625,587500,0.0,0.0
2014-05-13 00:00:00-04:00,105.64169535691093,105.93995488032375,105.23056758098919,105.60138702392578,630700,0.0,0.0
2014-05-14 00:00:00-04:00,105.60944544390101,106.18985100703094,105.06934821439498,105.94801330566406,561300,0.0,0.0
2014-05-15 00:00:00-04:00,105.61748957617598,105.83513238572644,104.51310053720867,105.08544921875,788100,0.0,0.0
2014-05-16 00:00:00-04:00,105.02903821643972,105.73036876932774,104.77108702601204,105.60138702392578,775700,0.0,0.0
2014-05-19 00:00:00-04:00,105.32728441435354,106.08503660876049,105.25473681285669,106.03665924072266,609200,0.0,0.0
2014-05-20 00:00:00-04:00,105.98832672706384,106.15761681626005,104.82751554508137,104.94844055175781,717900,0.0,0.0
2014-05-21 00:00:00-04:00,104.98872467153643,105.43207935929198,104.81943462138719,105.20636749267578,684200,0.0,0.0
2014-05-22 00:00:00-04:00,105.11771852321311,105.64975903260898,104.7630371506596,105.02904510498047,522800,0.0,0.0
2014-05-23 00:00:00-04:00,104.82746288502905,105.63357998974446,104.82746288502905,105.54490661621094,501600,0.0,0.0
2014-05-27 00:00:00-04:00,105.81903383163959,106.1334191235138,105.39179259653811,105.46434020996094,674100,0.0,0.0
2014-05-28 00:00:00-04:00,105.56106731855476,105.76259666139292,104.91617096139765,104.93229675292969,684900,0.0,0.0
2014-05-29 00:00:00-04:00,105.27892885882899,106.90727701906889,104.87587019137617,106.810546875,752900,0.0,0.0
2014-05-30 00:00:00-04:00,106.45586750075884,106.75412701839788,106.18984726865806,106.6009750366211,1097500,0.0,0.0
2014-06-02 00:00:00-04:00,106.40748993316097,108.1728888932938,106.23014313257573,108.04390716552734,1066100,0.0,0.0
2014-06-03 00:00:00-04:00,107.85852988412057,108.10842435478553,107.4151627746936,107.76178741455078,962400,0.0,0.0
2014-06-04 00:00:00-04:00,107.85087905127298,108.20730574729158,107.39724956924071,107.51875305175781,506300,0.65,0.0
2014-06-05 00:00:00-04:00,107.47017157941625,108.34503389713278,106.86262933326411,108.29643249511719,670700,0.0,0.0
2014-06-06 00:00:00-04:00,108.54754998819928,109.16318835925547,108.24783309657018,109.09028625488281,659100,0.0,0.0
2014-06-09 00:00:00-04:00,109.09025793554935,109.22796599488673,108.12628915971196,108.36930847167969,698500,0.0,0.0
2014-06-10 00:00:00-04:00,108.36123251307963,108.7419599551922,107.76988252653493,108.21541595458984,671800,0.0,0.0
2014-06-11 00:00:00-04:00,108.02099567938244,108.19920902638883,107.21093950589018,107.31623840332031,614700,0.0,0.0
2014-06-12 00:00:00-04:00,107.1137145824241,107.43774443852877,105.89053432187625,106.1092529296875,680000,0.0,0.0
2014-06-13 00:00:00-04:00,106.21457348883186,106.87882555901972,105.83384605552472,106.54669952392578,674200,0.0,0.0
2014-06-16 00:00:00-04:00,106.47378548559014,106.57098827111531,105.59082722246639,105.80143737792969,872900,0.0,0.0
2014-06-17 00:00:00-04:00,105.62322438496491,106.109263035173,105.46931173371647,105.98774719238281,947700,0.0,0.0
2014-06-18 00:00:00-04:00,105.67183842261015,107.6159808956028,105.67183842261015,107.21095275878906,1547400,0.0,0.0
2014-06-19 00:00:00-04:00,107.08942915135623,107.43775975125568,106.25507223874085,106.52239227294922,992100,0.0,0.0
2014-06-20 00:00:00-04:00,106.90314075869871,107.12185944080336,106.48190798291773,107.01654815673828,1029000,0.0,0.0
2014-06-23 00:00:00-04:00,106.84642269280128,107.33246142457564,106.70871460291019,106.81402587890625,514100,0.0,0.0
2014-06-24 00:00:00-04:00,106.8464499779557,107.14617929529844,106.24701606423335,106.28752136230469,556300,0.0,0.0
2014-06-25 00:00:00-04:00,106.44949315990596,107.07322756337513,106.23887062740398,106.43328857421875,589300,0.0,0.0
2014-06-26 00:00:00-04:00,106.46568778523599,106.54669835502105,105.53412803509538,106.14167022705078,1152800,0.0,0.0
2014-06-27 00:00:00-04:00,106.03637156523125,106.87883709343869,105.67184867881491,106.84642791748047,1005500,0.0,0.0
2014-06-30 00:00:00-04:00,107.27573076015614,108.33691470686199,106.72489850734028,107.60785675048828,1521200,0.0,0.0
2014-07-01 00:00:00-04:00,107.96428343665197,108.06959469223924,107.13802269695218,107.60785675048828,654700,0.0,0.0
2014-07-02 00:00:00-04:00,107.34864817623388,107.92378114078323,107.00842606470968,107.51875305175781,670400,0.0,0.0
2014-07-03 00:00:00-04:00,107.534988657214,108.00482285927524,107.05705834080823,107.98052215576172,531200,0.0,0.0
2014-07-07 00:00:00-04:00,107.76178086199099,107.90759741296884,107.20284007745096,107.73748016357422,936400,0.0,0.0
2014-07-08 00:00:00-04:00,107.5511842818381,107.7942036571972,107.13804763558397,107.55928039550781,729600,0.0,0.0
2014-07-09 00:00:00-04:00,107.83466968219498,107.83466968219498,106.76540200205855,107.25953674316406,694900,0.0,0.0
2014-07-10 00:00:00-04:00,106.53049229458772,107.21094893412318,106.51430006923682,106.82211303710938,583500,0.0,0.0
2014-07-11 00:00:00-04:00,106.68442072038292,106.76543130101535,106.41710063687091,106.5953140258789,508900,0.0,0.0
2014-07-14 00:00:00-04:00,107.19473076853825,107.3972448040655,106.60339324573192,107.25953674316406,706000,0.0,0.0
2014-07-15 00:00:00-04:00,107.81038490991425,108.20731692794415,107.31625009582709,107.46206665039062,941500,0.0,0.0
2014-07-16 00:00:00-04:00,107.81848347442933,108.26400448906566,107.5025620557996,108.1830062866211,845200,0.0,0.0
2014-07-17 00:00:00-04:00,107.49449053269865,107.90762724093794,106.55482206591529,106.6601333618164,812900,0.0,0.0
2014-07-18 00:00:00-04:00,107.08943995634684,107.85899096615,106.44950092053612,107.55117797851562,1074000,0.0,0.0
2014-07-21 00:00:00-04:00,107.19472480686463,107.2757230002853,106.45757079202835,106.50617218017578,688300,0.0,0.0
2014-07-22 00:00:00-04:00,106.74918686911035,107.25952614355849,106.53046827142191,106.67628479003906,1007200,0.0,0.0
2014-07-23 00:00:00-04:00,105.6799175344835,106.62768162804838,104.22991028568532,106.23884582519531,1963500,0.0,0.0
2014-07-24 00:00:00-04:00,105.671832822714,106.07686093806397,104.57826432755535,104.68356323242188,1695200,0.0,0.0
2014-07-25 00:00:00-04:00,104.57825757429791,105.82573865040841,104.3595389451993,105.7447280883789,1060900,0.0,0.0
2014-07-28 00:00:00-04:00,105.81765880834463,106.32798587407133,105.44502747038202,105.55033874511719,850700,0.0,0.0
2014-07-29 00:00:00-04:00,105.4530983852521,105.65561241259554,104.21371352674822,104.2380142211914,1090200,0.0,0.0
2014-07-30 00:00:00-04:00,104.78079498564142,105.11290869888252,104.09224213626824,104.67548370361328,869300,0.0,0.0
2014-07-31 00:00:00-04:00,104.60255052210672,104.95897719187117,103.7114838476956,103.80059051513672,1280200,0.0,0.0
2014-08-01 00:00:00-04:00,103.44416063928439,104.35143186887684,103.19304522804475,103.87348937988281,1322700,0.0,0.0
2014-08-04 00:00:00-04:00,104.489145268469,104.64304555126795,103.3793661390046,104.4243392944336,801100,0.0,0.0
2014-08-05 00:00:00-04:00,104.28662988428036,104.41622947019718,102.53690568941033,102.91763305664062,1243700,0.0,0.0
2014-08-06 00:00:00-04:00,102.91765431288992,103.89781550379168,102.86095061969134,103.58999633789062,1094200,0.0,0.0
2014-08-07 00:00:00-04:00,103.72771212475101,104.05172970192685,102.85284983380235,102.90955352783203,692900,0.0,0.0
2014-08-08 00:00:00-04:00,102.95814698137285,104.489158962479,102.56932344667817,104.41624450683594,653600,0.0,0.0
2014-08-11 00:00:00-04:00,104.47293406618068,105.13717362712966,104.00310005454611,104.14080810546875,791700,0.0,0.0
2014-08-12 00:00:00-04:00,104.14082942566338,104.67546951668173,103.76010199967855,104.3919448852539,779800,0.0,0.0
2014-08-13 00:00:00-04:00,104.84557475044242,105.36402261771707,104.6106638760014,104.83747863769531,533700,0.0,0.0
2014-08-14 00:00:00-04:00,104.90228545335862,105.31540969533351,104.7078675015882,105.05619812011719,509100,0.0,0.0
2014-08-15 00:00:00-04:00,105.43692854783063,105.67994790433306,104.2704455250013,104.96709442138672,858200,0.0,0.0
2014-08-18 00:00:00-04:00,105.47743184180297,105.9067606739746,105.31541070020955,105.87435150146484,788500,0.0,0.0
2014-08-19 00:00:00-04:00,105.79333338639148,105.98773894296235,105.38830532956835,105.78522491455078,842100,0.0,0.0
2014-08-20 00:00:00-04:00,105.76092037715902,105.76092037715902,104.84555304664647,105.65560913085938,1305600,0.0,0.0
2014-08-21 00:00:00-04:00,105.77715200146537,106.7897223655928,105.45312206865773,106.49000549316406,772800,0.0,0.0
2014-08-22 00:00:00-04:00,106.11736869429873,106.40089332584088,105.7204366822352,105.9229507446289,730800,0.0,0.0
2014-08-25 00:00:00-04:00,106.327961360572,106.74109789053023,106.14165191478274,106.64388275146484,784800,0.0,0.0
2014-08-26 00:00:00-04:00,106.85453768264124,106.91123520053458,106.36040280738031,106.40900421142578,719800,0.0,0.0
2014-08-27 00:00:00-04:00,106.44137645211784,106.71680494558322,106.00395155622203,106.23076629638672,503900,0.0,0.0
2014-08-28 00:00:00-04:00,105.74475015956769,106.70062307702631,105.3964318631873,106.47380828857422,553300,0.0,0.0
2014-08-29 00:00:00-04:00,106.8626441737988,106.8626441737988,106.15789902574409,106.56292724609375,570000,0.0,0.0
2014-09-02 00:00:00-04:00,106.78165821553326,106.91125786697144,106.23081334511427,106.65204620361328,768800,0.0,0.0
2014-09-03 00:00:00-04:00,106.57101796791412,107.42157965970351,106.45761056637417,107.11375427246094,874700,0.0,0.0
2014-09-04 00:00:00-04:00,106.5601551306489,107.41491825746346,106.5601551306489,107.35794067382812,1160800,0.65,0.0
2014-09-05 00:00:00-04:00,107.21140882478547,107.91149902343749,107.02417901047625,107.9114990234375,748900,0.0,0.0
2014-09-08 00:00:00-04:00,107.65104410269748,108.36740676067211,107.46380180229849,107.88711547851562,900400,0.0,0.0
2014-09-09 00:00:00-04:00,107.65914123718044,107.75682419573667,107.30910235466334,107.54517364501953,1213700,0.0,0.0
2014-09-10 00:00:00-04:00,107.35797121928282,108.12318771393052,107.0486252095642,108.10690307617188,1139400,0.0,0.0
2014-09-11 00:00:00-04:00,107.54518015001835,108.22898574434461,106.57644934728783,106.7718276977539,1782600,0.0,0.0
2014-09-12 00:00:00-04:00,106.87764510652856,107.62658922756555,106.71483602777393,107.15443420410156,1014200,0.0,0.0
2014-09-15 00:00:00-04:00,107.06490420659009,107.37423777847232,106.57646447187726,107.08932495117188,810000,0.0,0.0
2014-09-16 00:00:00-04:00,107.13814316151529,108.0173270400475,106.56830520918953,107.61029815673828,866900,0.0,0.0
2014-09-17 00:00:00-04:00,108.00107770620107,108.34298058934547,107.3335565785972,107.85455322265625,1069200,0.0,0.0
2014-09-18 00:00:00-04:00,108.13132740394258,109.08377378897802,107.91967679222566,108.6441879272461,1250800,0.0,0.0
2014-09-19 00:00:00-04:00,109.13258653941256,109.13258653941256,108.35923411471998,108.69300079345703,1756900,0.0,0.0
2014-09-22 00:00:00-04:00,108.66042935046958,108.96977528276918,108.22897971938646,108.40807342529297,1402100,0.0,0.0
2014-09-23 00:00:00-04:00,108.29413447518591,108.31855522140164,107.4637918392335,107.48821258544922,1094700,0.0,0.0
2014-09-24 00:00:00-04:00,107.78124318321835,108.89651076859384,107.4719096789737,108.8802261352539,1233300,0.0,0.0
2014-09-25 00:00:00-04:00,108.66859833768792,108.68487055289872,107.25213305743367,107.26026916503906,1403500,0.0,0.0
2014-09-26 00:00:00-04:00,107.2439780925569,107.9603405035585,107.2195573524964,107.9114990234375,1160800,0.0,0.0
2014-09-29 00:00:00-04:00,106.76368622069377,107.5858926310283,106.10430132393589,106.54389953613281,1587300,0.0,0.0
2014-09-30 00:00:00-04:00,106.21828349224064,106.71485936503619,105.00534503195749,105.01348114013672,1603800,0.0,0.0
2014-10-01 00:00:00-04:00,104.8587571194129,105.24950128808257,102.23749066241811,102.43286895751953,2243100,0.0,0.0
2014-10-02 00:00:00-04:00,102.12356856910033,102.37593075995284,101.27695375641439,102.00146484375,1887900,0.0,0.0
2014-10-03 00:00:00-04:00,102.28638112839003,102.64456239770483,101.76538454505108,102.18054962158203,1179200,0.0,0.0
2014-10-06 00:00:00-04:00,102.57129502622642,103.0108870359168,101.93633086026328,102.26195526123047,1973800,0.0,0.0
2014-10-07 00:00:00-04:00,101.91186823360025,102.05025652863696,100.49540360314326,100.51168823242188,1083800,0.0,0.0
2014-10-08 00:00:00-04:00,100.82108568885344,101.81423747834431,99.47788869832512,101.70841217041016,1348800,0.0,0.0
2014-10-09 00:00:00-04:00,101.64327460283606,101.83864676887782,99.0464277940055,99.29878997802734,1413700,0.0,0.0
2014-10-10 00:00:00-04:00,99.11156130948639,99.52673262770385,98.01258425375279,98.31378173828125,2291200,0.0,0.0
2014-10-13 00:00:00-04:00,98.50098916922627,98.95685952834889,96.6367961495744,96.71820068359375,1448200,0.0,0.0
2014-10-14 00:00:00-04:00,97.11710278884837,98.72893383389426,96.84031989367004,97.84161376953125,1360200,0.0,0.0
2014-10-15 00:00:00-04:00,96.72636796491825,98.95688506872874,95.50528100716683,98.81849670410156,2352800,0.0,0.0
2014-10-16 00:00:00-04:00,97.80086932643931,100.2593264990443,97.76830628055698,99.60807800292969,1444000,0.0,0.0
2014-10-17 00:00:00-04:00,100.02329245605154,101.48045678475806,99.99072939604613,101.03272247314453,1438400,0.0,0.0
2014-10-20 00:00:00-04:00,100.42216832809834,102.2700767576246,100.38960527157685,102.17239379882812,1003000,0.0,0.0
2014-10-21 00:00:00-04:00,102.92132461013351,104.32149876429884,102.18867137141635,103.84934997558594,1623500,0.0,0.0
2014-10-22 00:00:00-04:00,104.46802668542627,104.74480332372528,103.36905002675346,103.39347076416016,1366700,0.0,0.0
2014-10-23 00:00:00-04:00,104.33782936915219,104.47621776111507,102.84810149584648,103.0434799194336,1606800,0.0,0.0
2014-10-24 00:00:00-04:00,102.98644928758517,104.19939361486826,102.91318085935045,103.9714584350586,868100,0.0,0.0
2014-10-27 00:00:00-04:00,102.76665250073323,103.28764898354099,101.71651721829535,102.17239379882812,1802700,0.0,0.0
2014-10-28 00:00:00-04:00,102.84805334889232,103.36905602378678,101.95259106434754,102.32705688476562,2932700,0.0,0.0
2014-10-29 00:00:00-04:00,99.59185399640057,101.74910896579468,99.29879882660818,99.81165313720703,5268800,0.0,0.0
2014-10-30 00:00:00-04:00,99.59996776323631,100.67452378033167,99.0301298037039,99.86046600341797,1881700,0.0,0.0
2014-10-31 00:00:00-04:00,101.12226129045362,102.57942550323209,100.36518728517247,102.56314086914062,2752200,0.0,0.0
2014-11-03 00:00:00-05:00,102.73412520460593,102.81553597963163,100.78039081939166,101.28510284423828,1870400,0.0,0.0
2014-11-04 00:00:00-05:00,101.28506614531696,101.71651576923617,100.61753902305615,101.16295623779297,1076100,0.0,0.0
2014-11-05 00:00:00-05:00,101.74095583625552,102.46546684733234,101.27694309645611,102.3840560913086,1240600,0.0,0.0
2014-11-06 00:00:00-05:00,102.21309347739546,103.10856200933677,101.95259523467654,103.03529357910156,894400,0.0,0.0
2014-11-07 00:00:00-05:00,103.31206991710552,103.36091139365921,102.53871134398872,103.11669158935547,868500,0.0,0.0
2014-11-10 00:00:00-05:00,103.1329881856499,103.1574089267596,102.13169432477393,102.87248992919922,1222700,0.0,0.0
2014-11-11 00:00:00-05:00,102.9294779678593,103.38534838273091,102.7748049867699,103.14112854003906,721600,0.0,0.0
2014-11-12 00:00:00-05:00,102.59571435945546,103.37720918457542,102.33521608441548,102.75852966308594,979200,0.0,0.0
2014-11-13 00:00:00-05:00,103.09228179855498,103.31208088792256,102.52244380902471,103.1655502319336,816200,0.0,0.0
2014-11-14 00:00:00-05:00,103.40160194120921,103.40160194120921,102.25378386242939,102.4572982788086,886100,0.0,0.0
2014-11-17 00:00:00-05:00,102.58757298881987,103.19811640884184,102.39220083342812,102.78295135498047,757400,0.0,0.0
2014-11-18 00:00:00-05:00,103.02714780854872,104.38662277307911,102.6282612463624,104.06100463867188,1291600,0.0,0.0
2014-11-19 00:00:00-05:00,104.17500042922165,104.58202941818585,103.79239218587219,104.41107177734375,1007600,0.0,0.0
2014-11-20 00:00:00-05:00,103.94703884378,105.11113549483899,103.8167866191545,104.86692810058594,991800,0.0,0.0
2014-11-21 00:00:00-05:00,105.70543047025325,106.78811661990902,105.69728194091506,106.2752685546875,1342300,0.0,0.0
2014-11-24 00:00:00-05:00,106.41364921498631,106.46249070132605,105.29839387176997,105.40421295166016,974800,0.0,0.0
2014-11-25 00:00:00-05:00,105.41234887538877,105.77052387289613,104.66341719081407,104.72853088378906,1230600,0.0,0.0
2014-11-26 00:00:00-05:00,104.67157294725145,105.7542715138772,104.44363771443956,105.72985076904297,965500,0.0,0.0
2014-11-28 00:00:00-05:00,106.1938442083698,106.42992794128662,104.31337255947932,104.50875091552734,633100,0.0,0.0
2014-12-01 00:00:00-05:00,104.1261652072446,104.45178344940527,103.33652792738826,103.84123992919922,1093300,0.0,0.0
2014-12-02 00:00:00-05:00,104.05287302972863,104.59829650360038,103.78423245150695,104.56572723388672,889600,0.0,0.0
2014-12-03 00:00:00-05:00,104.54119260480836,106.29214268566643,104.1157322413044,106.12031555175781,1240800,0.65,0.0
2014-12-04 00:00:00-05:00,106.0793604473549,106.25118751210948,105.38389967265798,105.96481323242188,729900,0.0,0.0
2014-12-05 00:00:00-05:00,105.82577200479314,106.23487118138632,105.67031232013315,105.98123168945312,749500,0.0,0.0
2014-12-08 00:00:00-05:00,105.78484965189303,105.80940708612029,104.6148321094213,104.78665924072266,1045100,0.0,0.0
2014-12-09 00:00:00-05:00,104.60661003428653,104.79479831549483,103.84568566654019,104.48387908935547,1137900,0.0,0.0
2014-12-10 00:00:00-05:00,104.47570789605379,104.49206910993087,102.53657632795495,102.76567077636719,1234000,0.0,0.0
2014-12-11 00:00:00-05:00,102.92116327458044,104.12391575529168,102.90479581311962,103.30571746826172,1169000,0.0,0.0
2014-12-12 00:00:00-05:00,102.25025656005832,102.74117435885212,101.22750854492188,101.22750854492188,1257500,0.0,0.0
2014-12-15 00:00:00-05:00,101.81660157201766,102.09478600621723,100.91657842053007,101.3829574584961,1540400,0.0,0.0
2014-12-16 00:00:00-05:00,100.14747777680299,103.25662771445734,99.78746851068256,100.85930633544922,1284300,0.0,0.0
2014-12-17 00:00:00-05:00,101.5793368125544,103.71483522432533,101.34205851765111,103.4857406616211,1119500,0.0,0.0
2014-12-18 00:00:00-05:00,104.1157310164927,106.75033047399765,103.9520938576141,106.73396301269531,1656900,0.0,0.0
2014-12-19 00:00:00-05:00,106.83215146107258,107.02033356279247,105.92395090447381,106.40668487548828,2038700,0.0,0.0
2014-12-22 00:00:00-05:00,106.29214066514079,107.47034817607431,106.03850119800937,107.462158203125,932400,0.0,0.0
2014-12-23 00:00:00-05:00,107.75672405432076,108.4112852546886,107.53580699619437,108.07582092285156,1026300,0.0,0.0
2014-12-24 00:00:00-05:00,108.20669761376132,108.28852241680589,107.73214122246935,107.78942108154297,422900,0.0,0.0
2014-12-26 00:00:00-05:00,108.16583132730291,108.779480157622,107.73218715265482,108.19037628173828,444000,0.0,0.0
2014-12-29 00:00:00-05:00,107.89577792322811,108.53397143340923,107.75668574636423,108.26397705078125,520500,0.0,0.0
2014-12-30 00:00:00-05:00,107.9203472385514,108.21489911628478,107.3558009172177,107.462158203125,640700,0.0,0.0
2014-12-31 00:00:00-05:00,107.61758071571468,107.75667287596546,106.00572967529297,106.00572967529297,764900,0.0,0.0
2015-01-02 00:00:00-05:00,106.07122016031951,106.5457766413812,105.42484903895974,106.32485961914062,683700,0.0,0.0
2015-01-05 00:00:00-05:00,105.4002894320333,105.59664899363713,103.18296699945915,103.51842498779297,1165700,0.0,0.0
2015-01-06 00:00:00-05:00,103.25661662578914,103.92753894091766,102.12750528833591,102.19296264648438,1349800,0.0,0.0
2015-01-07 00:00:00-05:00,102.98661444942282,103.62480807619343,102.47932929468757,103.33843994140625,861300,0.0,0.0
2015-01-08 00:00:00-05:00,104.63937681296325,105.4330301379034,104.09936919788855,105.04029846191406,1089700,0.0,0.0
2015-01-09 00:00:00-05:00,105.42486467838921,105.42486467838921,103.50209352029174,103.62482452392578,989200,0.0,0.0
2015-01-12 00:00:00-05:00,103.72298045462843,104.16480822058182,102.56932426771408,103.39570617675781,1026600,0.0,0.0
2015-01-13 00:00:00-05:00,103.82933935867688,104.31207323772045,101.94748124586785,102.6838607788086,1235000,0.0,0.0
2015-01-14 00:00:00-05:00,100.8674705491346,102.27477241636079,100.80201319662251,101.9393081665039,1231700,0.0,0.0
2015-01-15 00:00:00-05:00,102.2747771741169,103.27297999811341,101.78385949215256,101.84113311767578,787600,0.0,0.0
2015-01-16 00:00:00-05:00,101.84113746853096,102.01295835244116,100.24564713103803,101.07202911376953,1990600,0.0,0.0
2015-01-20 00:00:00-05:00,101.3501917727389,102.55293762791273,101.17837093628549,102.20111846923828,1563400,0.0,0.0
2015-01-21 00:00:00-05:00,101.92294318435778,103.0520543828748,101.52202783915597,102.82295989990234,1030200,0.0,0.0
2015-01-22 00:00:00-05:00,103.62476778606361,104.47569437169649,102.82293107806282,104.28750610351562,1170600,0.0,0.0
2015-01-23 00:00:00-05:00,104.263001740186,104.35300404577369,103.3302562480564,103.37116241455078,1066700,0.0,0.0
2015-01-26 00:00:00-05:00,101.08838731327076,102.74114488495823,101.08838731327076,101.88203430175781,1408300,0.0,0.0
2015-01-27 00:00:00-05:00,100.55657671538496,101.97205634055761,100.22929613260284,100.80203247070312,1831900,0.0,0.0
2015-01-28 00:00:00-05:00,101.61204880432334,104.18119096515902,100.31111026219654,100.33565521240234,2334800,0.0,0.0
2015-01-29 00:00:00-05:00,100.66291754089714,100.82656091654704,98.32287032913385,99.37016296386719,1981000,0.0,0.0
2015-01-30 00:00:00-05:00,98.11831268839646,99.83652741550715,98.11831268839646,98.66650390625,2048800,0.0,0.0
2015-02-02 00:00:00-05:00,99.06744523278616,100.25383019384789,98.08560359109214,100.00019073486328,2307000,0.0,0.0
2015-02-03 00:00:00-05:00,101.08841682792159,101.27659896794444,100.08203002926358,101.03114318847656,1520600,0.0,0.0
2015-02-04 00:00:00-05:00,100.32745769338074,101.22747439459748,100.19654299527687,100.40109252929688,1394400,0.0,0.0
2015-02-05 00:00:00-05:00,101.16202000379027,101.99658562271638,100.35200557324389,101.95567321777344,1330900,0.0,0.0
2015-02-06 00:00:00-05:00,101.5793075711288,102.99478695851968,101.4156641860487,102.47932434082031,1440900,0.0,0.0
2015-02-09 00:00:00-05:00,102.27477406979688,102.83933282021634,101.94749354430216,102.30750274658203,1262800,0.0,0.0
2015-02-10 00:00:00-05:00,102.47111907374762,102.7329421924893,101.85747055397593,102.20111846923828,1188700,0.0,0.0
2015-02-11 00:00:00-05:00,102.20112270984595,102.32384742500804,101.37474092107166,101.74292755126953,1226800,0.0,0.0
2015-02-12 00:00:00-05:00,102.2747916675035,102.72480324778365,102.08660330419781,102.56934356689453,1289800,0.0,0.0
2015-02-13 00:00:00-05:00,102.68387201665058,103.89480807471897,102.55295731097542,103.8211669921875,770200,0.0,0.0
2015-02-17 00:00:00-05:00,103.64114914864801,104.72935409167222,103.23205010922742,104.27934265136719,759500,0.0,0.0
2015-02-18 00:00:00-05:00,104.27120518053599,104.54120590597942,103.51028042550446,104.4266586303711,728400,0.0,0.0
2015-02-19 00:00:00-05:00,104.4184499597266,105.74393320755647,103.8784361853808,105.43301391601562,1082400,0.0,0.0
2015-02-20 00:00:00-05:00,105.42486711784498,105.95669107530155,104.26302066456442,105.80123138427734,1075800,0.0,0.0
2015-02-23 00:00:00-05:00,105.51487917714731,105.91578843340048,104.84395044548795,105.04850006103516,872400,0.0,0.0
2015-02-24 00:00:00-05:00,105.20393561985006,105.44120762615,104.71301790368466,105.04029846191406,830400,0.0,0.0
2015-02-25 00:00:00-05:00,104.9993853712901,105.54757671341883,104.94210549979026,105.21211242675781,719500,0.0,0.0
2015-02-26 00:00:00-05:00,104.98300285704333,105.49847168777144,104.45117905227302,104.64754486083984,1462500,0.0,0.0
2015-02-27 00:00:00-05:00,104.71300221114763,105.23664228654033,104.5084526732032,104.64754486083984,1249000,0.0,0.0
2015-03-02 00:00:00-05:00,104.64753938080386,106.67667343759058,104.410261180131,106.5948486328125,1376400,0.0,0.0
2015-03-03 00:00:00-05:00,106.21850186037483,106.25940178473847,105.48211595111344,105.58848571777344,1223800,0.0,0.0
2015-03-04 00:00:00-05:00,105.469170360483,105.6584008629248,104.13630241126982,105.08247375488281,1996900,0.715,0.0
2015-03-05 00:00:00-05:00,105.24701916350912,105.37866322802839,104.4900846239268,105.09892272949219,2209100,0.0,0.0
2015-03-06 00:00:00-05:00,104.05401836110818,104.53121865046946,103.79896584792347,103.90592193603516,1849200,0.0,0.0
2015-03-09 00:00:00-04:00,103.9306396003997,104.33378867819758,103.6179942735351,103.873046875,1934500,0.0,0.0
2015-03-10 00:00:00-04:00,103.00913629639588,103.33001090712303,102.03828313961912,102.31802368164062,1703800,0.0,0.0
2015-03-11 00:00:00-04:00,102.31805106720803,103.107896957104,102.11236183722042,102.20286560058594,1429000,0.0,0.0
2015-03-12 00:00:00-04:00,102.55663218201636,103.44521099619618,102.37562468907572,103.36293029785156,1544000,0.0,0.0
2015-03-13 00:00:00-04:00,103.0914119052638,103.17368631575408,101.27311416461194,101.8572769165039,1332300,0.0,0.0
2015-03-16 00:00:00-04:00,103.28889333716421,103.29712266307403,101.41300876645977,102.21930694580078,1437600,0.0,0.0
2015-03-17 00:00:00-04:00,101.93955067762245,102.01359576345149,100.3927641508635,101.05097198486328,1374400,0.0,0.0
2015-03-18 00:00:00-04:00,100.49974082233236,103.25597474946048,99.86621459353393,102.68827056884766,1277800,0.0,0.0
2015-03-19 00:00:00-04:00,101.89019981530946,102.20285141887473,100.37633030569165,100.38455963134766,1394400,0.0,0.0
2015-03-20 00:00:00-04:00,99.4136992573305,101.34717635756354,98.4757570678194,100.31050109863281,3025100,0.0,0.0
2015-03-23 00:00:00-04:00,100.31048598601569,100.70541192705947,100.07188581205057,100.35985565185547,1100400,0.0,0.0
2015-03-24 00:00:00-04:00,100.0965843677268,101.07566058433214,99.99785130274213,100.0060806274414,1301700,0.0,0.0
2015-03-25 00:00:00-04:00,100.18706221069338,100.50794303976984,98.96938603335762,98.97761535644531,1008100,0.0,0.0
2015-03-26 00:00:00-04:00,98.88713161538686,99.4548294804618,98.78016922503673,99.1504135131836,1040100,0.0,0.0
2015-03-27 00:00:00-04:00,98.96116879717478,99.50419119886773,98.77193828298607,98.86244201660156,1071700,0.0,0.0
2015-03-30 00:00:00-04:00,99.57822768211992,100.33516222775623,99.26558244208785,99.98137664794922,846900,0.0,0.0
2015-03-31 00:00:00-04:00,99.73457137634516,100.10480939236271,99.2902819908427,99.33964538574219,997500,0.0,0.0
2015-04-01 00:00:00-04:00,99.20798962808554,99.69341299581836,98.52510016220266,99.56177520751953,1231700,0.0,0.0
2015-04-02 00:00:00-04:00,99.26561810606287,100.83708047133189,98.9858775047846,100.59848022460938,1334700,0.0,0.0
2015-04-06 00:00:00-04:00,100.6313516515636,101.19082635681436,100.16238066901035,100.59021759033203,1085500,0.0,0.0
2015-04-07 00:00:00-04:00,100.44212127887452,101.47879001386906,100.44212127887452,101.00981903076172,922400,0.0,0.0
2015-04-08 00:00:00-04:00,100.9851611726232,101.38008717235427,100.39277531159449,100.67251586914062,1012400,0.0,0.0
2015-04-09 00:00:00-04:00,100.87820215982286,101.19907677914686,100.51618719355551,100.84529113769531,1327300,0.0,0.0
2015-04-10 00:00:00-04:00,101.19907968402485,101.19907968402485,99.95671524087497,100.67251586914062,1690400,0.0,0.0
2015-04-13 00:00:00-04:00,100.77947166564996,100.96870847842935,99.66052199329691,99.73457336425781,1380000,0.0,0.0
2015-04-14 00:00:00-04:00,99.80038021632551,100.12125479498847,99.08457969931244,99.55355072021484,1566100,0.0,0.0
2015-04-15 00:00:00-04:00,100.03074207394326,100.64780948162193,99.71809057002014,99.96492004394531,1429400,0.0,0.0
2015-04-16 00:00:00-04:00,99.94025150133147,100.27757846446883,99.27382062203775,99.75101470947266,1060100,0.0,0.0
2015-04-17 00:00:00-04:00,99.0516574302272,99.49594670647934,98.78014627077297,99.10102081298828,1048900,0.0,0.0
2015-04-20 00:00:00-04:00,99.98138629815915,100.53263802953126,99.48773355888524,100.37631225585938,1644200,0.0,0.0
2015-04-21 00:00:00-04:00,100.48325849037415,100.72185865096299,99.61113852742737,99.74278259277344,1703500,0.0,0.0
2015-04-22 00:00:00-04:00,99.8085977464037,100.0389685822355,98.98584117435617,99.76746368408203,965100,0.0,0.0
2015-04-23 00:00:00-04:00,99.93200454036416,100.72185003345977,99.55353730057672,100.2611083984375,979700,0.0,0.0
2015-04-24 00:00:00-04:00,100.35985633438189,100.78768701938193,99.92379004836184,100.75477600097656,1042500,0.0,0.0
2015-04-27 00:00:00-04:00,100.78770738385158,101.79970100360488,100.35164728685916,101.68450927734375,1804400,0.0,0.0
2015-04-28 00:00:00-04:00,101.33074372663482,101.97249311005365,100.58203192788815,101.02632141113281,1563300,0.0,0.0
2015-04-29 00:00:00-04:00,98.73079282067197,102.8363465312005,98.57446705668944,102.58952331542969,2635200,0.0,0.0
2015-04-30 00:00:00-04:00,102.16993594779782,102.26866901996496,99.751029035359,100.31873321533203,3068600,0.0,0.0
2015-05-01 00:00:00-04:00,100.58202975830577,101.74211998572176,100.44216259358008,100.993408203125,1204300,0.0,0.0
2015-05-04 00:00:00-04:00,101.20732483092341,101.4870591550649,100.40924965878115,100.59848022460938,826100,0.0,0.0
2015-05-05 00:00:00-04:00,100.77125829358215,101.05922192577795,99.16687872482888,99.47953033447266,796500,0.0,0.0
2015-05-06 00:00:00-04:00,100.17883644825442,100.34338524274021,98.27004155740217,98.60736846923828,1453000,0.0,0.0
2015-05-07 00:00:00-04:00,98.26184302819271,99.57825262802272,98.02324280742101,99.36433410644531,1039000,0.0,0.0
2015-05-08 00:00:00-04:00,100.4338966246138,100.57376373831012,99.47950224494718,99.56999969482422,1408700,0.0,0.0
2015-05-11 00:00:00-04:00,99.31497754539058,99.63585221127924,97.88338239933836,98.03147888183594,1696000,0.0,0.0
2015-05-12 00:00:00-04:00,97.7764158640551,97.7764158640551,96.64101373093985,96.95365905761719,1810800,0.0,0.0
2015-05-13 00:00:00-04:00,96.93717677185371,97.28273301741781,96.41884240350757,96.92894744873047,1509900,0.0,0.0
2015-05-14 00:00:00-04:00,97.71061275817186,99.306756901146,97.34859770772097,99.23271179199219,1515300,0.0,0.0
2015-05-15 00:00:00-04:00,98.95295315406031,101.25667460201288,98.95295315406031,100.70542907714844,1920100,0.0,0.0
2015-05-18 00:00:00-04:00,100.3927662975687,100.56555072246802,99.66874268639519,100.25289916992188,938700,0.0,0.0
2015-05-19 00:00:00-04:00,100.27755501099509,100.27755501099509,99.33961314945829,99.82504272460938,887700,0.0,0.0
2015-05-20 00:00:00-04:00,100.19530192274449,100.66427295321961,99.55355275231908,99.94847869873047,1083900,0.0,0.0
2015-05-21 00:00:00-04:00,99.82504845427228,100.26933772110118,99.61113000495452,100.2611083984375,830200,0.0,0.0
2015-05-22 00:00:00-04:00,100.12950075310184,100.62315985828147,99.68521760185821,100.38455963134766,1430900,0.0,0.0
2015-05-26 00:00:00-04:00,99.73457459410767,100.11304194719762,99.44661098601053,100.10481262207031,1429900,0.0,0.0
2015-05-27 00:00:00-04:00,99.74279316106863,100.08012012927412,99.28204516067318,99.98961639404297,1229500,0.0,0.0
2015-05-28 00:00:00-04:00,99.79218389750923,101.00163752961973,99.6769984351308,100.993408203125,1354800,0.0,0.0
2015-05-29 00:00:00-04:00,100.83705568049322,101.4705818329333,100.57377379661995,101.0838851928711,2269000,0.0,0.0
2015-06-01 00:00:00-04:00,101.20729465763183,101.27311041730768,100.21175989012515,100.75477600097656,1448400,0.0,0.0
2015-06-02 00:00:00-04:00,100.68895833765264,100.9357878478467,100.12948355472996,100.82060241699219,1212900,0.0,0.0
2015-06-03 00:00:00-04:00,100.88267345544114,101.64405059814453,100.88267345544114,101.64405059814453,1319600,0.715,0.0
2015-06-04 00:00:00-04:00,100.05507121808408,101.08127529586629,100.05507121808408,100.45230865478516,1691700,0.0,0.0
2015-06-05 00:00:00-04:00,100.05507121808408,100.75023988929858,99.78196653411757,100.45230865478516,1220600,0.0,0.0
2015-06-08 00:00:00-04:00,100.45232053774306,100.94887686332213,100.22059761992668,100.79163360595703,2319300,0.0,0.0
2015-06-09 00:00:00-04:00,100.90749308811587,101.21370197436096,100.63438837719262,100.93231964111328,1628700,0.0,0.0
2015-06-10 00:00:00-04:00,101.50334592516815,101.84265264036472,100.99024072763098,101.80127716064453,1007600,0.0,0.0
2015-06-11 00:00:00-04:00,101.94199269831927,102.12406253740822,101.5199222817019,101.99164581298828,1103100,0.0,0.0
2015-06-12 00:00:00-04:00,101.93370083197595,102.04956229266631,101.54473465081144,101.94197845458984,1253600,0.0,0.0
2015-06-15 00:00:00-04:00,101.1640579007233,101.4123360963123,100.24543741661148,100.3199234008789,1339600,0.0,0.0
2015-06-16 00:00:00-04:00,100.20407141575068,100.81648302516021,100.17924485663612,100.75027465820312,800200,0.0,0.0
2015-06-17 00:00:00-04:00,101.05646685586179,101.68543360966137,100.51025739004143,101.51991271972656,1061900,0.0,0.0
2015-06-18 00:00:00-04:00,101.80957108451489,102.76129572515174,101.42888249105548,102.44681549072266,1032500,0.0,0.0
2015-06-19 00:00:00-04:00,102.44683085155732,102.46337978680792,101.6854535504779,101.79303741455078,1216400,0.0,0.0
2015-06-22 00:00:00-04:00,102.20679593197092,102.33093500359026,101.79300323589005,102.08265686035156,562500,0.0,0.0
2015-06-23 00:00:00-04:00,102.0661067390986,102.3143785654634,101.31300101031526,102.20679473876953,841000,0.0,0.0
2015-06-24 00:00:00-04:00,101.95027011811118,101.95027011811118,100.78337141390871,101.37095642089844,1598300,0.0,0.0
2015-06-25 00:00:00-04:00,101.46195606366192,101.5281644027199,100.81644054278338,101.13919830322266,1083800,0.0,0.0
2015-06-26 00:00:00-04:00,100.85785182109757,101.45370810490634,100.4026772494625,100.61785125732422,1541600,0.0,0.0
2015-06-29 00:00:00-04:00,99.95575691733141,100.36954958965948,98.46610708533544,98.7309341430664,2066800,0.0,0.0
2015-06-30 00:00:00-04:00,99.4923240602989,99.59990789603904,98.46611986762258,98.9378433227539,1511700,0.0,0.0
2015-07-01 00:00:00-04:00,99.60819513501701,99.7323342276103,98.4909559296305,98.71440124511719,1380100,0.0,0.0
2015-07-02 00:00:00-04:00,99.08680740296123,99.26059958749752,97.88680472786415,98.39990997314453,1179800,0.0,0.0
2015-07-06 00:00:00-04:00,97.60546160766224,98.10201177569854,97.15856456223618,97.53925323486328,892200,0.0,0.0
2015-07-07 00:00:00-04:00,97.24957789227372,98.20957382868303,96.61233349510947,98.06888580322266,1187300,0.0,0.0
2015-07-08 00:00:00-04:00,97.63028996313048,97.63028996313048,96.06615343238393,96.07442474365234,1171900,0.0,0.0
2015-07-09 00:00:00-04:00,97.17507822497282,97.37370327127103,95.99990844726562,95.99990844726562,1685900,0.0,0.0
2015-07-10 00:00:00-04:00,96.96817664676728,97.43162874918735,96.4799043073666,97.13369750976562,867600,0.0,0.0
2015-07-13 00:00:00-04:00,97.91163541746275,98.15991358527599,97.5061203030788,98.04405212402344,1280000,0.0,0.0
2015-07-14 00:00:00-04:00,97.97782763961496,98.78058642753818,97.65506986298242,98.70610046386719,875600,0.0,0.0
2015-07-15 00:00:00-04:00,98.60680854798298,98.92956637136867,97.98611945470651,98.22611999511719,1112400,0.0,0.0
2015-07-16 00:00:00-04:00,98.40820929233733,98.49923790185169,97.59717260504267,97.82889556884766,1579300,0.0,0.0
2015-07-17 00:00:00-04:00,97.48959360217934,97.83717806519627,96.43027865006782,96.83580017089844,979900,0.0,0.0
2015-07-20 00:00:00-04:00,96.75304533923558,97.12545637141405,96.2316623174125,96.5875244140625,1086000,0.0,0.0
2015-07-21 00:00:00-04:00,96.77785467650337,97.04268179567279,95.13923253578363,95.50337219238281,995000,0.0,0.0
2015-07-22 00:00:00-04:00,95.42060208932011,95.98336043124026,95.0233583069159,95.29646301269531,1168400,0.0,0.0
2015-07-23 00:00:00-04:00,95.2882146165276,95.56131940607142,94.70062954185848,95.3378677368164,1339200,0.0,0.0
2015-07-24 00:00:00-04:00,95.14752698093639,95.52821563742383,93.21097319952555,93.5006332397461,1550300,0.0,0.0
2015-07-27 00:00:00-04:00,92.96270463672681,93.48408136277305,92.30891116591955,92.54063415527344,1312000,0.0,0.0
2015-07-28 00:00:00-04:00,92.97096305974597,95.64406731975602,92.46614165376438,95.48682403564453,2030300,0.0,0.0
2015-07-29 00:00:00-04:00,93.52546028083533,96.30614869501838,92.59856203811508,95.94200897216797,2795500,0.0,0.0
2015-07-30 00:00:00-04:00,96.19028017177996,96.4799338783364,94.00544830838089,94.56820678710938,2517300,0.0,0.0
2015-07-31 00:00:00-04:00,94.70888761417824,94.99854127936092,94.03026774976037,94.46060943603516,2223000,0.0,0.0
2015-08-03 00:00:00-04:00,94.42751758056066,94.57648324409087,93.67441795280817,94.0385513305664,876800,0.0,0.0
2015-08-04 00:00:00-04:00,94.32821411406181,95.0316606459279,93.66614307584823,93.83993530273438,1167600,0.0,0.0
2015-08-05 00:00:00-04:00,94.55165945892192,94.84131317039885,93.79028218476044,93.83993530273438,1110000,0.0,0.0
2015-08-06 00:00:00-04:00,93.87303182225959,94.42751264095875,93.4675166592981,93.79854583740234,981300,0.0,0.0
2015-08-07 00:00:00-04:00,93.60819221052677,94.01370731942058,93.05371146575702,93.64129638671875,1536000,0.0,0.0
2015-08-10 00:00:00-04:00,94.34474291312705,95.63577421672909,94.1378465470895,95.56129455566406,1467900,0.0,0.0
2015-08-11 00:00:00-04:00,94.51851949525904,94.98196525818294,93.87300395005077,94.32817840576172,958500,0.0,0.0
2015-08-12 00:00:00-04:00,93.85647427996165,94.38612849311814,93.15302155607218,93.88957214355469,1476900,0.0,0.0
2015-08-13 00:00:00-04:00,93.65784727456749,94.41922440096216,93.47577745869569,94.07164001464844,1163300,0.0,0.0
2015-08-14 00:00:00-04:00,94.08821490889575,94.46062592715022,93.8895898061144,94.33648681640625,850200,0.0,0.0
2015-08-17 00:00:00-04:00,94.23715036453143,94.64266543656592,93.50887118245673,94.34473419189453,1146100,0.0,0.0
2015-08-18 00:00:00-04:00,94.07163462914201,94.36956589006212,93.69094608773871,93.93922424316406,820600,0.0,0.0
2015-08-19 00:00:00-04:00,93.32680879724798,93.72405259301014,92.28405567207716,93.03715515136719,1073100,0.0,0.0
2015-08-20 00:00:00-04:00,92.6150915894253,93.45922597801605,92.3916399800499,92.39991760253906,1532800,0.0,0.0
2015-08-21 00:00:00-04:00,91.66335828844278,92.2261165983687,89.74336046292642,89.88404846191406,2431600,0.0,0.0
2015-08-24 00:00:00-04:00,85.71302587044134,87.8730244269356,83.59440911255234,87.19440460205078,3888500,0.0,0.0
2015-08-25 00:00:00-04:00,89.20542962223945,89.21370724402254,85.05922506546412,85.24129486083984,3243100,0.0,0.0
2015-08-26 00:00:00-04:00,86.92958315960847,87.00406282516954,85.13372410934788,86.11027526855469,3876200,0.0,0.0
2015-08-27 00:00:00-04:00,87.55027626447091,87.74061740551855,85.98614007701092,87.05372619628906,3116500,0.0,0.0
2015-08-28 00:00:00-04:00,86.93786250957167,88.36130431837255,86.93786250957167,87.88130950927734,2824700,0.0,0.0
2015-08-31 00:00:00-04:00,87.55027031518814,87.87302815327288,86.87165046152582,87.51716613769531,1967400,0.0,0.0
2015-09-01 00:00:00-04:00,85.67164980255389,86.27579000713234,84.39717366474297,84.72820281982422,2145300,0.0,0.0
2015-09-02 00:00:00-04:00,85.57233023725769,85.87026148155181,84.74474485065747,85.19991302490234,1819000,0.0,0.0
2015-09-03 00:00:00-04:00,85.85411620364222,87.06251132653814,85.28742209452332,85.84578704833984,2336900,0.715,0.0
2015-09-04 00:00:00-04:00,84.83741422308636,85.3124368042964,84.16237744905726,84.53739929199219,2890000,0.0,0.0
2015-09-08 00:00:00-04:00,86.01246971729523,86.89584350585938,85.03742434409128,86.89584350585938,2592500,0.0,0.0
2015-09-09 00:00:00-04:00,87.52923476243616,87.83758530651622,86.46251749164826,86.9208755493164,2470200,0.0,0.0
2015-09-10 00:00:00-04:00,86.48750736277456,88.17092552082289,86.1874923714023,87.66256713867188,3322600,0.0,0.0
2015-09-11 00:00:00-04:00,87.44587331683815,87.54588041628315,86.73750718063951,87.31253051757812,2412500,0.0,0.0
2015-09-14 00:00:00-04:00,87.37087195580422,87.5042147635392,86.61250540075044,87.01252746582031,1783900,0.0,0.0
2015-09-15 00:00:00-04:00,87.41253216674053,88.26257656368524,86.80417316791886,88.08756256103516,1934500,0.0,0.0
2015-09-16 00:00:00-04:00,87.62086169887087,89.58762304839799,87.62086169887087,89.54595184326172,1922100,0.0,0.0
2015-09-17 00:00:00-04:00,89.40431120616397,90.18768435831072,88.8542879830554,89.21263885498047,2397300,0.0,0.0
2015-09-18 00:00:00-04:00,87.80423516598738,88.47093652972245,87.12086912931986,87.61255645751953,3108300,0.0,0.0
2015-09-21 00:00:00-04:00,87.66253930954107,88.44590588665132,87.28751751031137,87.71253967285156,1655300,0.0,0.0
2015-09-22 00:00:00-04:00,86.61250276432463,87.03752500337367,85.6124571692932,86.19581604003906,1725600,0.0,0.0
2015-09-23 00:00:00-04:00,86.02912957076494,86.34580913957011,83.68734624662704,83.87068939208984,2877200,0.0,0.0
2015-09-24 00:00:00-04:00,83.3373494667582,84.52907381845826,82.12896044274429,84.17072296142578,2723900,0.0,0.0
2015-09-25 00:00:00-04:00,84.77072793713508,85.08740748294497,83.83734760897967,84.1040267944336,2011400,0.0,0.0
2015-09-28 00:00:00-04:00,83.32898035984616,84.02068160753318,82.57061409164255,82.64561462402344,2025900,0.0,0.0
2015-09-29 00:00:00-04:00,82.72899181745642,83.94572282953898,82.6039908679798,83.79571533203125,1497700,0.0,0.0
2015-09-30 00:00:00-04:00,84.4123828657618,85.0957487218549,84.19570402608339,84.88740539550781,2388000,0.0,0.0
2015-10-01 00:00:00-04:00,85.08742107647213,85.46244291345502,83.79569614855592,84.51239776611328,2627200,0.0,0.0
2015-10-02 00:00:00-04:00,83.66234369915227,85.96245574951172,82.99564252688955,85.96245574951172,1874300,0.0,0.0
2015-10-05 00:00:00-04:00,86.68751476064664,88.76261949924248,86.37083509733431,88.62094116210938,1940900,0.0,0.0
2015-10-06 00:00:00-04:00,88.2459125225882,88.84594241308356,87.89589720584415,88.31258392333984,1739300,0.0,0.0
2015-10-07 00:00:00-04:00,88.53759818602875,89.3709716796875,87.72089572279886,89.3709716796875,1224600,0.0,0.0
2015-10-08 00:00:00-04:00,89.42097886831253,90.60436770938323,89.1459640880519,90.49602508544922,1339700,0.0,0.0
2015-10-09 00:00:00-04:00,90.9210206697814,91.27103591023996,90.24599036916372,90.54600524902344,1368100,0.0,0.0
2015-10-12 00:00:00-04:00,90.5043426538623,90.92102932018591,90.03765562218271,90.44600677490234,674200,0.0,0.0
2015-10-13 00:00:00-04:00,89.57099637676545,90.36269874512465,89.48765393113949,90.31269836425781,1461400,0.0,0.0
2015-10-14 00:00:00-04:00,90.26266888077592,91.08771310599876,89.95432479894606,90.81269836425781,1693800,0.0,0.0
2015-10-15 00:00:00-04:00,91.25439111765371,91.62940662008882,90.52102478390154,91.24605560302734,1588900,0.0,0.0
2015-10-16 00:00:00-04:00,91.86276919316101,91.87109835080149,90.61270886844568,91.1960678100586,1354800,0.0,0.0
2015-10-19 00:00:00-04:00,90.45435762415667,91.17939483541093,90.37935070527207,90.946044921875,1424500,0.0,0.0
2015-10-20 00:00:00-04:00,90.96271815928057,91.61274846742438,90.3960239289258,91.13772583007812,1101000,0.0,0.0
2015-10-21 00:00:00-04:00,91.26271472458383,91.2710438799887,89.77097570783816,89.90431213378906,964400,0.0,0.0
2015-10-22 00:00:00-04:00,90.68768151205174,92.16274944344268,90.26265935224068,91.88774108886719,1164100,0.0,0.0
2015-10-23 00:00:00-04:00,92.5044635542287,93.40450850935753,91.98776966706907,93.1294937133789,1442600,0.0,0.0
2015-10-26 00:00:00-04:00,92.9461388179883,93.29615413710744,91.61274258458106,91.78775024414062,1481900,0.0,0.0
2015-10-27 00:00:00-04:00,91.25439995860982,92.03777309788065,90.58769860287269,91.0627212524414,1236900,0.0,0.0
2015-10-28 00:00:00-04:00,91.16275718661805,92.26281032069876,90.55439788843518,91.59611511230469,1950900,0.0,0.0
2015-10-29 00:00:00-04:00,92.05441912154701,95.60459135907666,91.92108269229308,93.96284484863281,2939900,0.0,0.0
2015-10-30 00:00:00-04:00,94.72121275017051,95.41290776005786,92.56277258736426,92.57943725585938,2628300,0.0,0.0
2015-11-02 00:00:00-05:00,92.79612926135603,94.06286042325972,92.65445730557859,93.65450286865234,1663300,0.0,0.0
2015-11-03 00:00:00-05:00,93.41282607021238,94.9545720245578,93.17115336716941,94.63788604736328,1502600,0.0,0.0
2015-11-04 00:00:00-05:00,94.90456789944429,95.1129112656815,94.03785873292131,94.1878662109375,1696100,0.0,0.0
2015-11-05 00:00:00-05:00,93.92116753996402,94.87121258495013,93.6794948802491,94.48786163330078,1704200,0.0,0.0
2015-11-06 00:00:00-05:00,93.91285442590573,95.00457159116603,93.75451143865068,94.65455627441406,936600,0.0,0.0
2015-11-09 00:00:00-05:00,94.37118047883733,94.62953049735476,93.09612048539643,93.75448608398438,984000,0.0,0.0
2015-11-10 00:00:00-05:00,93.55450799949917,93.74618033802088,92.22111171232736,93.00447845458984,1324600,0.0,0.0
2015-11-11 00:00:00-05:00,93.15449064234242,93.32949831780353,91.91276588323161,92.53779602050781,917700,0.0,0.0
2015-11-12 00:00:00-05:00,91.62939884017658,92.51277892965994,91.54606277539284,91.80441284179688,1096900,0.0,0.0
2015-11-13 00:00:00-05:00,91.80439993016363,96.7296325131002,91.6293859531578,94.59619903564453,3184700,0.0,0.0
2015-11-16 00:00:00-05:00,94.57956592092653,96.91301449082086,94.50456535054687,96.65467071533203,2451700,0.0,0.0
2015-11-17 00:00:00-05:00,96.68797709811595,98.82141728212807,93.60449812426857,94.51287841796875,5891100,0.0,0.0
2015-11-18 00:00:00-05:00,94.5962290368208,96.42964821821116,94.07119965555692,96.3213119506836,1758700,0.0,0.0
2015-11-19 00:00:00-05:00,96.21294726158818,96.754641191276,95.73792472346001,96.30461883544922,1408900,0.0,0.0
2015-11-20 00:00:00-05:00,96.39631091223487,97.47969900204072,95.74628060160543,95.87962341308594,1473800,0.0,0.0
2015-11-23 00:00:00-05:00,95.82960244538681,96.25462464618,95.34625072090405,95.48792266845703,1085600,0.0,0.0
2015-11-24 00:00:00-05:00,95.12955572180574,95.32956351724499,94.3878540538409,95.02954864501953,1422800,0.0,0.0
2015-11-25 00:00:00-05:00,94.77123656476783,95.08791620960659,94.22954251169641,94.3462142944336,1566200,0.0,0.0
2015-11-27 00:00:00-05:00,94.23788671492129,95.22126780160418,94.11287940528256,94.9295883178711,889900,0.0,0.0
2015-11-30 00:00:00-05:00,94.72121050501073,95.15456181508299,93.81283031928201,94.00450897216797,2564700,0.0,0.0
2015-12-01 00:00:00-05:00,93.54616665654227,93.63783824164933,91.81274841214356,93.36282348632812,2185900,0.0,0.0
2015-12-02 00:00:00-05:00,92.96281635187741,93.43783899195734,91.8544280723125,91.97109985351562,1739200,0.0,0.0
2015-12-03 00:00:00-05:00,92.37791670143888,92.68827794501911,90.5241519104901,91.48039245605469,1619700,0.715,0.0
2015-12-04 00:00:00-05:00,91.90820069568413,92.57085984413982,91.43847022066655,92.50375366210938,1932200,0.0,0.0
2015-12-07 00:00:00-05:00,91.98365853653021,92.36950932351016,91.50553198789528,91.89977264404297,1149100,0.0,0.0
2015-12-08 00:00:00-05:00,90.75061900008197,91.56426359961249,89.40852138457825,89.51757049560547,2107300,0.0,0.0
2015-12-09 00:00:00-05:00,89.69373741799157,90.7086943042626,89.43370899246672,89.80278015136719,1865100,0.0,0.0
2015-12-10 00:00:00-05:00,89.29947767840115,90.22216497908494,89.14849201831865,89.48401641845703,1510600,0.0,0.0
2015-12-11 00:00:00-05:00,88.02449047923086,88.95556762697903,88.02449047923086,88.32646179199219,1939300,0.0,0.0
2015-12-14 00:00:00-05:00,88.2090356890701,88.53617023530644,87.26117873237864,87.83995819091797,1595400,0.0,0.0
2015-12-15 00:00:00-05:00,88.4942212075974,89.33302899155568,88.28451926160784,88.7542495727539,1446800,0.0,0.0
2015-12-16 00:00:00-05:00,89.43368061577917,89.81953139560011,87.70573237620461,88.90522766113281,1670200,0.0,0.0
2015-12-17 00:00:00-05:00,89.14009810834888,89.34141657906498,86.28815683541973,86.33009338378906,1730100,0.0,0.0
2015-12-18 00:00:00-05:00,85.83521574250962,86.12040736268261,85.11384042141766,85.15577697753906,2015100,0.0,0.0
2015-12-21 00:00:00-05:00,85.59195907852634,86.05329958481727,84.97124302300227,85.65906524658203,1703000,0.0,0.0
2015-12-22 00:00:00-05:00,86.01975329732447,86.85017133215722,85.57517973160137,86.23783874511719,1553800,0.0,0.0
2015-12-23 00:00:00-05:00,86.88371387523605,88.07481942102699,86.72433834460358,87.85672760009766,1655900,0.0,0.0
2015-12-24 00:00:00-05:00,87.55476923297797,87.94900998312833,87.35345712211699,87.663818359375,493100,0.0,0.0
2015-12-28 00:00:00-05:00,87.2527799650652,87.31988612144943,86.5817376000088,87.05146789550781,644100,0.0,0.0
2015-12-29 00:00:00-05:00,87.79802378535534,87.94061959639603,87.2611872264756,87.57154846191406,637900,0.0,0.0
2015-12-30 00:00:00-05:00,87.37022169854589,87.50442761595859,86.54818725585938,86.54818725585938,1261600,0.0,0.0
2015-12-31 00:00:00-05:00,86.22945296106344,86.99276480705855,85.79326927798373,85.89392852783203,930900,0.0,0.0
2016-01-04 00:00:00-05:00,84.74476438737423,85.36548046547003,84.31697054995843,85.28160095214844,1853500,0.0,0.0
2016-01-05 00:00:00-05:00,85.98619764714984,86.00297098894241,83.84723499140928,84.9880142211914,1589200,0.0,0.0
2016-01-06 00:00:00-05:00,83.73816753068058,85.04670539017144,83.57879203255487,84.13240814208984,1885300,0.0,0.0
2016-01-07 00:00:00-05:00,82.90778317189336,83.9395198715664,81.86766299957397,82.02703857421875,2002700,0.0,0.0
2016-01-08 00:00:00-05:00,82.23673762946743,83.22653133196896,81.64118471349747,82.07736206054688,2541000,0.0,0.0
2016-01-11 00:00:00-05:00,82.51354169412956,83.11747805234026,81.89281919327348,82.57225799560547,2389200,0.0,0.0
2016-01-12 00:00:00-05:00,83.4613938428059,83.8891877036361,82.45482682866113,83.78852844238281,1736500,0.0,0.0
2016-01-13 00:00:00-05:00,84.37568260337336,85.82682306924109,81.8257122488113,82.21156311035156,2652800,0.0,0.0
2016-01-14 00:00:00-05:00,82.40447338964493,84.16596842366332,81.79214730238296,83.70462799072266,1928500,0.0,0.0
2016-01-15 00:00:00-05:00,83.38589328090907,83.70463796709025,80.95334918229555,81.69149780273438,1584700,0.0,0.0
2016-01-19 00:00:00-05:00,82.60581671905385,82.70646958582564,81.05401676061707,82.35417175292969,1822000,0.0,0.0
2016-01-20 00:00:00-05:00,81.00366016404783,82.88258763943753,80.52554002612649,82.05216979980469,2844600,0.0,0.0
2016-01-21 00:00:00-05:00,82.41284878915293,82.86580567258662,81.52371475848364,82.16959381103516,1653200,0.0,0.0
2016-01-22 00:00:00-05:00,83.37750633325581,83.62076139160445,81.90120264102806,82.2786636352539,1746800,0.0,0.0
2016-01-25 00:00:00-05:00,81.86765411016907,82.32900103952159,80.52556267877549,80.63460540771484,1400000,0.0,0.0
2016-01-26 00:00:00-05:00,80.96172388393387,82.52190686234935,80.47522023658355,82.32059478759766,1350100,0.0,0.0
2016-01-27 00:00:00-05:00,82.04380851044894,83.57043881592239,81.98509220637678,82.28706359863281,2132200,0.0,0.0
2016-01-28 00:00:00-05:00,82.73998806724799,83.20971831463685,82.12766205184393,82.37091064453125,1815000,0.0,0.0
2016-01-29 00:00:00-05:00,81.1714235887496,83.89754879092857,80.19002005186806,83.88077545166016,3435200,0.0,0.0
2016-02-01 00:00:00-05:00,83.73818499472578,84.70281525368576,82.51352636319935,84.32534790039062,2402500,0.0,0.0
2016-02-02 00:00:00-05:00,82.06058408972079,83.26007972597614,82.01864113197045,82.3290023803711,2462400,0.0,0.0
2016-02-03 00:00:00-05:00,83.3187790822161,86.64884702308346,83.00002802717162,86.64045715332031,2563200,0.0,0.0
2016-02-04 00:00:00-05:00,86.69077008419342,89.74402944416943,86.69077008419342,88.51937103271484,2169200,0.0,0.0
2016-02-05 00:00:00-05:00,88.04967156475213,88.51101209764767,86.96760854094023,88.1587142944336,2021200,0.0,0.0
2016-02-08 00:00:00-05:00,87.6722043486227,87.90707595090136,84.27503598195136,85.49969482421875,2926200,0.0,0.0
2016-02-09 00:00:00-05:00,85.36545601451171,87.40375896242544,85.13059088464425,87.08501434326172,1592800,0.0,0.0
2016-02-10 00:00:00-05:00,87.49605569196395,88.31809030325235,86.39721931936532,86.70758056640625,1107300,0.0,0.0
2016-02-11 00:00:00-05:00,85.34030824739786,86.53142024944134,84.93768406609536,85.60872650146484,1594100,0.0,0.0
2016-02-12 00:00:00-05:00,86.19589777876521,87.19407478383611,85.73455089435706,87.09342193603516,978100,0.0,0.0
2016-02-16 00:00:00-05:00,88.10836082959689,88.10836082959689,86.7830431389207,87.23600006103516,1878700,0.0,0.0
2016-02-17 00:00:00-05:00,87.96576428470485,88.41033133409715,87.50441749782901,87.65540313720703,1449200,0.0,0.0
2016-02-18 00:00:00-05:00,87.49602762908724,87.95737441596307,87.3031054451899,87.65540313720703,995300,0.0,0.0
2016-02-19 00:00:00-05:00,87.57993562798656,87.70575169290314,86.37205020801629,86.65724182128906,1354300,0.0,0.0
2016-02-22 00:00:00-05:00,87.14375459369448,88.1167748560155,86.87533631436396,87.42056274414062,1273100,0.0,0.0
2016-02-23 00:00:00-05:00,86.8417713615678,87.07663652393539,85.2228720357103,85.74293518066406,1294600,0.0,0.0
2016-02-24 00:00:00-05:00,84.65249601893161,85.6758427326897,84.55184316157622,85.46614074707031,1493800,0.0,0.0
2016-02-25 00:00:00-05:00,85.73454396144629,86.32171325772042,84.75314037717122,86.070068359375,1758900,0.0,0.0
2016-02-26 00:00:00-05:00,86.64886646064542,87.4205682624841,85.92749108948412,86.5985336303711,1582100,0.0,0.0
2016-02-29 00:00:00-05:00,86.70757355107365,87.17730391974963,85.34870247078003,85.38225555419922,1325500,0.0,0.0
2016-03-01 00:00:00-05:00,86.27139356306175,88.51939905170666,85.88554268660135,88.36002349853516,1591500,0.0,0.0
2016-03-02 00:00:00-05:00,87.83158251017957,88.29292945740231,86.67402980568933,87.35346221923828,1582700,0.0,0.0
2016-03-03 00:00:00-05:00,87.50552052836753,89.54171465359249,86.78736315513736,89.42342376708984,1295700,0.75,0.0
2016-03-04 00:00:00-05:00,89.60932580929098,93.01424266708699,89.49104133626733,91.91588592529297,2152400,0.0,0.0
2016-03-07 00:00:00-05:00,92.24539255023402,92.71008615044846,90.93580618309895,91.74690246582031,1851700,0.0,0.0
2016-03-08 00:00:00-05:00,90.85131413826349,91.8313927982116,90.09090939278995,91.36669921875,1315000,0.0,0.0
2016-03-09 00:00:00-05:00,91.60326637188918,92.38901685260959,91.1216777834489,92.14399719238281,1416000,0.0,0.0
2016-03-10 00:00:00-05:00,92.73541445542213,94.05344486112567,92.34676462927926,93.49581909179688,2592500,0.0,0.0
2016-03-11 00:00:00-05:00,93.85066133620091,94.80538754967958,93.44511009611064,93.87600708007812,2132100,0.0,0.0
2016-03-14 00:00:00-04:00,93.52962431782449,93.82534193546876,92.59179285494488,92.85371398925781,1279100,0.0,0.0
2016-03-15 00:00:00-04:00,92.05105531687202,92.63403333139034,91.72999841761158,92.46505737304688,1057300,0.0,0.0
2016-03-16 00:00:00-04:00,92.31295940594242,93.49581023424075,91.94120463092963,93.04801177978516,1331000,0.0,0.0
2016-03-17 00:00:00-04:00,93.49582179480579,95.93756098674282,93.43667312235976,95.57425689697266,2289100,0.0,0.0
2016-03-18 00:00:00-04:00,95.90375401595988,96.02203845587307,95.31232537037545,95.37146759033203,2287000,0.0,0.0
2016-03-21 00:00:00-04:00,95.37146344917795,95.81081116065145,95.2616297443187,95.43905639648438,1122600,0.0,0.0
2016-03-22 00:00:00-04:00,95.16024460466811,95.35457272541244,94.475883708951,95.11800384521484,1246700,0.0,0.0
2016-03-23 00:00:00-04:00,94.9574849604001,95.77703186694605,94.34071693214676,95.30389404296875,1229500,0.0,0.0
2016-03-24 00:00:00-04:00,94.52657148379004,94.71244886693128,93.78306839724334,94.40828704833984,1106200,0.0,0.0
2016-03-28 00:00:00-04:00,94.67867108341902,95.23630334292386,94.58573237350154,95.0081787109375,852300,0.0,0.0
2016-03-29 00:00:00-04:00,94.58572740425149,95.31233558214907,94.2815655415958,95.0166244506836,960700,0.0,0.0
2016-03-30 00:00:00-04:00,95.62496177252109,97.34854375729944,95.40528785247538,97.16266632080078,1708100,0.0,0.0
2016-03-31 00:00:00-04:00,97.10350354124694,97.43301112858926,96.62191503312978,96.69795227050781,1751700,0.0,0.0
2016-04-01 00:00:00-04:00,96.27552038501743,97.57665591381557,95.23630597596431,97.36543273925781,1171100,0.0,0.0
2016-04-04 00:00:00-04:00,96.74019114656346,97.6695716063661,96.57121522515142,96.91761779785156,977500,0.0,0.0
2016-04-05 00:00:00-04:00,96.16567124874356,96.69795124278892,94.94902389547565,95.46440887451172,1285900,0.0,0.0
2016-04-06 00:00:00-04:00,95.55735358055632,95.75168171848506,94.39985482208661,95.70943450927734,976700,0.0,0.0
2016-04-07 00:00:00-04:00,95.07577511248239,95.2616525390437,94.0281099626148,94.34916687011719,878400,0.0,0.0
2016-04-08 00:00:00-04:00,95.0250770413271,95.7094380226844,94.59417998646317,94.8814468383789,840200,0.0,0.0
2016-04-11 00:00:00-04:00,95.27854246475421,95.8530697315928,95.22785096786298,95.2531967163086,919900,0.0,0.0
2016-04-12 00:00:00-04:00,95.45598992714727,96.6726311573327,94.9321540785541,96.36846923828125,774500,0.0,0.0
2016-04-13 00:00:00-04:00,96.87537725030523,97.68647327767236,96.18255921136813,97.64422607421875,908700,0.0,0.0
2016-04-14 00:00:00-04:00,97.83012464733972,97.93151408998,97.0528249251564,97.6104507446289,748100,0.0,0.0
2016-04-15 00:00:00-04:00,97.42456498257901,98.47223646211512,97.2386875766607,98.27790832519531,987700,0.0,0.0
2016-04-18 00:00:00-04:00,97.66959991725474,98.18498500677666,97.45837673125462,98.10894775390625,888300,0.0,0.0
2016-04-19 00:00:00-04:00,98.45533940741377,100.42394082764429,98.12583178981528,100.39014434814453,1226200,0.0,0.0
2016-04-20 00:00:00-04:00,100.5422346687641,101.14210773234106,100.17893053775046,100.7872543334961,1079300,0.0,0.0
2016-04-21 00:00:00-04:00,100.73655252613945,101.42091350332613,100.32255049049036,100.41548919677734,573500,0.0,0.0
2016-04-22 00:00:00-04:00,100.89707290996382,101.2096854930419,100.00148881522524,101.06605529785156,658300,0.0,0.0
2016-04-25 00:00:00-04:00,100.5506626157991,101.15053554344274,100.41547671581368,100.70274353027344,654500,0.0,0.0
2016-04-26 00:00:00-04:00,100.7112096673646,101.03227302648675,99.96770639417103,100.89708709716797,903600,0.0,0.0
2016-04-27 00:00:00-04:00,100.9562267163877,100.99002319784255,99.38472578184624,100.0775375366211,1493700,0.0,0.0
2016-04-28 00:00:00-04:00,99.35936002481208,100.86326769361025,99.08054394346811,99.9169921875,1193400,0.0,0.0
2016-04-29 00:00:00-04:00,96.03894498334431,99.99304280221455,94.7462602736016,99.2410888671875,1962600,0.0,0.0
2016-05-02 00:00:00-04:00,99.33402173405116,100.32254451915354,98.89468042267863,99.19039154052734,1290900,0.0,0.0
2016-05-03 00:00:00-04:00,98.4046801181642,98.52296461211716,96.49522030060393,97.23872375488281,1477300,0.0,0.0
2016-05-04 00:00:00-04:00,96.89227800904294,97.10350114679844,96.08118193358406,96.26705932617188,1248200,0.0,0.0
2016-05-05 00:00:00-04:00,96.86694583674524,97.0359217922189,95.7094405590903,95.8699722290039,1084100,0.0,0.0
2016-05-06 00:00:00-04:00,95.86151488208831,96.7824511801192,95.5489022954138,96.57122802734375,848400,0.0,0.0
2016-05-09 00:00:00-04:00,96.57121656136036,96.57121656136036,95.06730247750414,95.49819946289062,1132900,0.0,0.0
2016-05-10 00:00:00-04:00,96.12341737685712,96.5120736013267,95.76011334217156,96.33464050292969,979600,0.0,0.0
2016-05-11 00:00:00-04:00,96.41915200527853,96.85849334915662,95.73478457217273,95.83617401123047,1049700,0.0,0.0
2016-05-12 00:00:00-04:00,96.4782950145558,97.32318767548784,95.88686628429171,95.97980499267578,1156400,0.0,0.0
2016-05-13 00:00:00-04:00,95.95446262317152,96.42760046722842,94.25622651001063,94.59418487548828,799200,0.0,0.0
2016-05-16 00:00:00-04:00,94.7293395946616,95.79389939310585,94.32378840047983,95.43059539794922,735700,0.0,0.0
2016-05-17 00:00:00-04:00,95.26164831480615,95.55735945939544,94.75471400322174,94.86454772949219,1071100,0.0,0.0
2016-05-18 00:00:00-04:00,94.53502976085271,94.60262271393997,93.34373458127911,93.59719848632812,931000,0.0,0.0
2016-05-19 00:00:00-04:00,93.47891559175501,94.56037707501164,92.52418928613415,92.98887634277344,1429400,0.0,0.0
2016-05-20 00:00:00-04:00,93.60564840154159,93.82532227415213,92.85369453154804,93.00577545166016,1206600,0.0,0.0
2016-05-23 00:00:00-04:00,93.00580067417698,93.86758849117719,92.94665843620658,93.35220336914062,1093500,0.0,0.0
2016-05-24 00:00:00-04:00,93.7577580678218,94.22244525517965,93.41979964773017,93.58877563476562,1281000,0.0,0.0
2016-05-25 00:00:00-04:00,94.01119155871989,94.63641668922398,93.7830734056031,94.31535339355469,881900,0.0,0.0
2016-05-26 00:00:00-04:00,94.46743424749266,94.61951516480786,93.32683059063794,93.41976928710938,637000,0.0,0.0
2016-05-27 00:00:00-04:00,93.41979964773017,93.87604254795076,93.11563771424979,93.58877563476562,750400,0.0,0.0
2016-05-31 00:00:00-04:00,93.67325153356433,93.8929189840275,92.7776609306826,92.81990814208984,1726200,0.0,0.0
2016-06-01 00:00:00-04:00,92.57489255343012,93.80843511754082,92.1101989916673,93.64790344238281,2096700,0.0,0.0
2016-06-02 00:00:00-04:00,93.41979716848059,93.41979716848059,92.88751702202634,93.41134643554688,974500,0.0,0.0
2016-06-03 00:00:00-04:00,93.21565774680127,94.05781234159205,93.21565774680127,93.77709197998047,1168200,0.75,0.0
2016-06-06 00:00:00-04:00,94.06633788004046,95.50395426971178,94.00679171585342,94.97654724121094,1137600,0.0,0.0
2016-06-07 00:00:00-04:00,95.08712727414891,95.7676604002263,95.08712727414891,95.15518188476562,1101100,0.0,0.0
2016-06-08 00:00:00-04:00,95.47842907397622,96.78845108917173,94.94251363186906,96.69487762451172,1450200,0.0,0.0
2016-06-09 00:00:00-04:00,96.30358927965784,96.57580127002251,95.71662953885291,96.4992446899414,1765800,0.0,0.0
2016-06-10 00:00:00-04:00,96.08241075118887,97.03515592026459,95.59753296202658,96.74593353271484,1847200,0.0,0.0
2016-06-13 00:00:00-04:00,96.5162362006843,97.37540776361583,95.88674731311251,96.0228500366211,1283800,0.0,0.0
2016-06-14 00:00:00-04:00,95.61455233475873,96.22703092429111,95.23174997127815,95.6570816040039,1212800,0.0,0.0
2016-06-15 00:00:00-04:00,95.7591621575375,96.30358612040696,95.13817512705282,95.27428436279297,1454900,0.0,0.0
2016-06-16 00:00:00-04:00,94.61076744073753,95.49545799708682,93.65802226696626,95.3763656616211,1159100,0.0,0.0
2016-06-17 00:00:00-04:00,95.48695290145334,95.96332226004905,94.68732734377129,95.3593521118164,1579200,0.0,0.0
2016-06-20 00:00:00-04:00,96.42269266809632,97.23082677180929,95.66560278033194,95.80171203613281,1401500,0.0,0.0
2016-06-21 00:00:00-04:00,96.06540060227998,96.06540060227998,94.84895190125401,95.14668273925781,1393900,0.0,0.0
2016-06-22 00:00:00-04:00,95.47845338655999,96.08242359131357,95.02760284569086,96.00586700439453,1075300,0.0,0.0
2016-06-23 00:00:00-04:00,97.14575084446103,98.00492263518434,96.97562077245767,97.99641418457031,1383300,0.0,0.0
2016-06-24 00:00:00-04:00,95.39339769776338,95.77619364996676,93.38583145899442,93.81967163085938,1903400,0.0,0.0
2016-06-27 00:00:00-04:00,92.6797545730709,92.95196654196022,90.43400420722271,91.02947235107422,1761100,0.0,0.0
2016-06-28 00:00:00-04:00,91.87162418819004,92.93495317184964,91.04647985846297,92.27994537353516,1345600,0.0,0.0
2016-06-29 00:00:00-04:00,93.54744135278939,94.16842190886572,93.33477553412433,94.12589263916016,1315800,0.0,0.0
2016-06-30 00:00:00-04:00,94.42361957105683,95.60604095458984,93.75159483314205,95.60604095458984,1322200,0.0,0.0
2016-07-01 00:00:00-04:00,95.71663898080627,96.92458589162518,95.29130729827682,96.45671844482422,1436400,0.0,0.0
2016-07-05 00:00:00-04:00,95.61454831093491,96.09942609223495,94.38959118342098,94.83193969726562,1087400,0.0,0.0
2016-07-06 00:00:00-04:00,96.55029069200238,96.5587991427565,93.67505089151186,95.12968444824219,1389200,0.0,0.0
2016-07-07 00:00:00-04:00,95.40188598841151,96.0824127029648,94.70434237421814,95.13817596435547,716200,0.0,0.0
2016-07-08 00:00:00-04:00,95.58051880604611,97.8007503036109,95.18070605889186,97.60509490966797,1024000,0.0,0.0
2016-07-11 00:00:00-04:00,97.74972011979199,98.25160833720163,97.15425193281182,97.28185272216797,988300,0.0,0.0
2016-07-12 00:00:00-04:00,98.03043561858799,99.80832526762931,97.91134327731775,99.51909637451172,1344400,0.0,0.0
2016-07-13 00:00:00-04:00,99.91890507193723,100.09754357653594,98.96615989069848,99.99546813964844,880900,0.0,0.0
2016-07-14 00:00:00-04:00,100.46335951253326,100.99077322661792,100.24218518210452,100.676025390625,940400,0.0,0.0
2016-07-15 00:00:00-04:00,101.08431808881458,101.33951317618377,99.66371198331767,101.22042083740234,988100,0.0,0.0
2016-07-18 00:00:00-04:00,100.98222653110848,101.22891963507499,100.58241379330222,100.939697265625,579500,0.0,0.0
2016-07-19 00:00:00-04:00,100.73553705549845,100.87164628605628,100.14007539692128,100.53137969970703,603400,0.0,0.0
2016-07-20 00:00:00-04:00,100.4378334677158,101.05882064298538,100.16562142281407,100.60796356201172,480900,0.0,0.0
2016-07-21 00:00:00-04:00,100.5058536783016,100.60792910389961,99.82532055410563,100.10604095458984,660900,0.0,0.0
2016-07-22 00:00:00-04:00,100.08054811753699,100.45483559211317,99.76580033000909,100.12307739257812,571900,0.0,0.0
2016-07-25 00:00:00-04:00,100.01246280175795,100.2081181750616,99.60414164836295,100.15707397460938,587800,0.0,0.0
2016-07-26 00:00:00-04:00,100.20811858601475,100.8716347842137,99.9444086043897,100.71000671386719,857700,0.0,0.0
2016-07-27 00:00:00-04:00,100.77805556337185,101.05877593581523,100.23363171441486,100.66746520996094,986400,0.0,0.0
2016-07-28 00:00:00-04:00,98.10699055332822,99.76578123348844,97.57957702140905,99.62117004394531,1575800,0.0,0.0
2016-07-29 00:00:00-04:00,99.09376337340977,99.39149422250954,98.26861895587201,99.13629913330078,1256300,0.0,0.0
2016-08-01 00:00:00-04:00,99.47656373848223,99.50208259788448,98.05595116131533,98.59187316894531,1506100,0.0,0.0
2016-08-02 00:00:00-04:00,98.5408450262361,98.84708436908386,97.8177824350859,98.71949005126953,1052900,0.0,0.0
2016-08-03 00:00:00-04:00,98.92363310416611,99.49357594124076,98.66843152545276,99.17032623291016,1156600,0.0,0.0
2016-08-04 00:00:00-04:00,99.05974785470224,99.45956068110316,98.88110932397883,99.24689483642578,1051400,0.0,0.0
2016-08-05 00:00:00-04:00,99.72327052643513,99.85937329191061,99.16182958247667,99.28092193603516,846000,0.0,0.0
2016-08-08 00:00:00-04:00,99.58716398628918,100.0124956863229,99.0597503418306,99.3659896850586,884000,0.0,0.0
2016-08-09 00:00:00-04:00,99.21284059971843,99.65518907103616,98.27711243506985,99.45953369140625,597200,0.0,0.0
2016-08-10 00:00:00-04:00,99.63818157620368,99.85935583273408,99.08525566994577,99.09375762939453,576300,0.0,0.0
2016-08-11 00:00:00-04:00,99.31491896817562,99.69771477503299,98.94062511966118,99.51057434082031,649700,0.0,0.0
2016-08-12 00:00:00-04:00,99.29792650705092,100.33573024632099,98.97467031035181,99.33194732666016,612200,0.0,0.0
2016-08-15 00:00:00-04:00,99.42551408239255,100.57391461294169,99.42551408239255,100.40377807617188,551400,0.0,0.0
2016-08-16 00:00:00-04:00,104.6570964748454,106.33290408157835,103.00680772668478,103.15992736816406,5935800,0.0,0.0
2016-08-17 00:00:00-04:00,102.89622999124389,102.92174885134104,101.28847690466553,102.45388793945312,2264800,0.0,0.0
2016-08-18 00:00:00-04:00,102.45387316614719,103.70434905096187,102.33478084283577,103.68733215332031,1073500,0.0,0.0
2016-08-19 00:00:00-04:00,103.22798431582599,104.4189141664463,102.59849532665855,104.25728607177734,2162200,0.0,0.0
2016-08-22 00:00:00-04:00,103.89148882603052,104.35084770872291,103.6107749172003,104.14669036865234,875400,0.0,0.0
2016-08-23 00:00:00-04:00,104.56353196929521,104.92080900004491,103.82345904703456,104.1637191772461,708000,0.0,0.0
2016-08-24 00:00:00-04:00,103.11740996621778,104.03612792080985,102.9727987576374,103.85748291015625,795700,0.0,0.0
2016-08-25 00:00:00-04:00,103.77241222265882,104.6911301272086,103.65331988207413,104.66561126708984,967300,0.0,0.0
2016-08-26 00:00:00-04:00,104.95480943980692,105.09942709717137,103.2364728580138,103.62777709960938,1006600,0.0,0.0
2016-08-29 00:00:00-04:00,103.69584522824373,104.43591805754595,103.69584522824373,103.99357604980469,727700,0.0,0.0
2016-08-30 00:00:00-04:00,104.1552032199035,104.55501595822294,103.8234450944991,104.22325134277344,654000,0.0,0.0
2016-08-31 00:00:00-04:00,104.0786678771552,104.18074982371525,103.27054022620698,103.8149642944336,844600,0.0,0.0
2016-09-01 00:00:00-04:00,104.01058109768603,104.63156805640473,103.72986718899315,104.50396728515625,1224300,0.0,0.0
2016-09-02 00:00:00-04:00,104.66559282327044,105.20150826146435,104.5465005036718,105.005859375,489600,0.0,0.0
2016-09-06 00:00:00-04:00,105.10002866774329,105.57931008467666,104.26127965839031,104.55227661132812,787200,0.75,0.0
2016-09-07 00:00:00-04:00,104.29550183708123,104.86036821733488,103.90180550424535,104.6207275390625,731300,0.0,0.0
2016-09-08 00:00:00-04:00,104.64640948782095,104.77479029694736,103.0373887319648,103.19144439697266,1032100,0.0,0.0
2016-09-09 00:00:00-04:00,102.90899600937814,102.90899600937814,100.48690795898438,100.48690795898438,1373500,0.0,0.0
2016-09-12 00:00:00-04:00,99.34863272513498,102.10451413109597,98.94637585125967,101.44549560546875,4768200,0.0,0.0
2016-09-13 00:00:00-04:00,100.47835799384521,102.76351155751924,99.29726239890245,100.99187469482422,3575700,0.0,0.0
2016-09-14 00:00:00-04:00,101.19727919224668,101.31709953711272,99.61393332390048,99.99906921386719,1676300,0.0,0.0
2016-09-15 00:00:00-04:00,99.6224973642621,101.59953965529071,99.48555609108506,101.1716079711914,1438900,0.0,0.0
2016-09-16 00:00:00-04:00,100.77790486051687,101.14592634540007,100.17880315476228,100.7179946899414,1597700,0.0,0.0
2016-09-19 00:00:00-04:00,101.14594888487994,101.59955549599334,100.8036021782803,100.82927703857422,846800,0.0,0.0
2016-09-20 00:00:00-04:00,101.55674780961469,101.84773821310122,100.62385336666259,100.65808868408203,777900,0.0,0.0
2016-09-21 00:00:00-04:00,101.12881596426882,101.34278180048668,100.4098873591229,100.99187469482422,1558300,0.0,0.0
2016-09-22 00:00:00-04:00,101.84772419813531,102.0360151531725,100.89771549206095,101.30853271484375,1247200,0.0,0.0
2016-09-23 00:00:00-04:00,100.94052410884191,101.22295404761526,99.79366384119955,99.99906921386719,1558200,0.0,0.0
2016-09-26 00:00:00-04:00,99.9306069448713,100.47835896852487,99.59682075951113,99.6481704711914,1477400,0.0,0.0
2016-09-27 00:00:00-04:00,99.64815978908963,100.41843803031729,99.57968916104306,100.13600158691406,965400,0.0,0.0
2016-09-28 00:00:00-04:00,101.46261184486717,102.27567948832579,100.7608040961779,101.29143524169922,2086300,0.0,0.0
2016-09-29 00:00:00-04:00,101.49682615395726,102.56665528466202,101.34277702766583,101.72791290283203,1648500,0.0,0.0
2016-09-30 00:00:00-04:00,102.29277796320844,103.70495370338804,101.839171462421,103.4139633178711,1698300,0.0,0.0
2016-10-03 00:00:00-04:00,103.01169715212194,104.04729085943305,102.55809069260827,103.76485443115234,1708300,0.0,0.0
2016-10-04 00:00:00-04:00,103.81622474187307,104.4153264621453,102.86621592135636,103.01171112060547,1346300,0.0,0.0
2016-10-05 00:00:00-04:00,103.64504815771026,103.83333913542984,102.78918482605334,103.01171112060547,918100,0.0,0.0
2016-10-06 00:00:00-04:00,102.78917859000485,103.57657124022685,102.65224386070123,103.43107604980469,913200,0.0,0.0
2016-10-07 00:00:00-04:00,103.6963858460114,103.6963858460114,101.26573102350825,101.7193374633789,1126100,0.0,0.0
2016-10-10 00:00:00-04:00,102.76349606938523,102.76349606938523,101.59952157341253,101.65087127685547,733700,0.0,0.0
2016-10-11 00:00:00-04:00,101.29999885619543,101.35134857388367,99.56259709073052,100.24728393554688,1095800,0.0,0.0
2016-10-12 00:00:00-04:00,100.12743019976216,100.72653833521534,99.94769971804153,100.40130615234375,636700,0.0,0.0
2016-10-13 00:00:00-04:00,99.52834097195299,100.40131863883857,98.27878137478962,100.22158813476562,669500,0.0,0.0
2016-10-14 00:00:00-04:00,100.82926115044847,100.99187727964622,100.29006958007812,100.29006958007812,464300,0.0,0.0
2016-10-17 00:00:00-04:00,100.08465506479787,100.42699515648482,99.90492455774661,100.20447540283203,638300,0.0,0.0
2016-10-18 00:00:00-04:00,101.32564697782553,101.71934327889566,100.79500942609542,101.4112319946289,726200,0.0,0.0
2016-10-19 00:00:00-04:00,101.6252225772644,102.71217279778736,101.17161600087286,102.60090637207031,849800,0.0,0.0
2016-10-20 00:00:00-04:00,102.06169834263709,102.7463915933012,101.67656247021276,102.50674438476562,673000,0.0,0.0
2016-10-21 00:00:00-04:00,101.76216386131006,102.82343269378458,101.07747050052143,102.60090637207031,683400,0.0,0.0
2016-10-24 00:00:00-04:00,102.7635338548913,103.35408178049828,102.11307574333293,102.32704162597656,617300,0.0,0.0
2016-10-25 00:00:00-04:00,102.27568421245054,102.27568421245054,101.27432552411418,101.44549560546875,599000,0.0,0.0
2016-10-26 00:00:00-04:00,101.06888857536877,101.80493149651232,100.60672816415627,101.47970581054688,920200,0.0,0.0
2016-10-27 00:00:00-04:00,101.1972883593972,101.1972883593972,98.16753108678718,99.75943756103516,2052800,0.0,0.0
2016-10-28 00:00:00-04:00,99.90494150530508,101.19729058900633,99.66529425886505,100.51260375976562,1123000,0.0,0.0
2016-10-31 00:00:00-04:00,100.87204828814974,101.08601411151173,99.96483528660494,100.1873550415039,1258000,0.0,0.0
2016-11-01 00:00:00-04:00,100.2729422804713,100.52969733962779,98.4927451395585,99.26302337646484,866200,0.0,0.0
2016-11-02 00:00:00-04:00,99.06616804703422,99.34004401716344,98.09904495589132,98.42427062988281,957200,0.0,0.0
2016-11-03 00:00:00-04:00,98.61257048991915,98.9377961932836,98.13328913133603,98.28733825683594,759300,0.0,0.0
2016-11-04 00:00:00-04:00,98.57835583548432,98.76664684574001,97.9364582258236,97.99636840820312,855400,0.0,0.0
2016-11-07 00:00:00-05:00,99.24590574440408,100.56393598686196,98.98059021556574,100.54682159423828,1459300,0.0,0.0
2016-11-08 00:00:00-05:00,100.54680679504426,101.34275979412394,99.92202381588201,100.86347198486328,763900,0.0,0.0
2016-11-09 00:00:00-05:00,98.9891483521523,102.17295421260239,98.69815144663399,101.5738525390625,1798800,0.0,0.0
2016-11-10 00:00:00-05:00,101.75359139557911,104.12433649063325,101.75359139557911,102.90045166015625,1554600,0.0,0.0
2016-11-11 00:00:00-05:00,102.48961329294966,102.98601549231498,100.1616644556535,100.86347198486328,1379000,0.0,0.0
2016-11-14 00:00:00-05:00,101.35132303724342,101.57384930735763,99.00625959436044,99.95626831054688,1613400,0.0,0.0
2016-11-15 00:00:00-05:00,99.72518752097666,100.24726464943356,99.19455646103067,100.20447540283203,1075600,0.0,0.0
2016-11-16 00:00:00-05:00,100.27294186954374,100.46978676111851,99.78509354673692,100.2643814086914,605600,0.0,0.0
2016-11-17 00:00:00-05:00,100.52969398095294,100.82924480482014,99.29724884307849,99.52833557128906,1035300,0.0,0.0
2016-11-18 00:00:00-05:00,99.49411473059631,99.72519496270061,98.88645253387251,99.09185791015625,1041200,0.0,0.0
2016-11-21 00:00:00-05:00,99.6738343688338,100.23870725409114,99.5968098097815,99.9134750366211,1158200,0.0,0.0
2016-11-22 00:00:00-05:00,100.49545756855645,100.50401802906418,99.49409916985032,99.9905014038086,1112500,0.0,0.0
2016-11-23 00:00:00-05:00,99.6139080156356,101.5995101928711,99.3657069272665,101.5995101928711,1215500,0.0,0.0
2016-11-25 00:00:00-05:00,101.71081730241387,102.08739933968728,101.58244299854378,101.91622924804688,352000,0.0,0.0
2016-11-28 00:00:00-05:00,101.65088445267983,101.90764606261176,101.40268983405633,101.5824203491211,749900,0.0,0.0
2016-11-29 00:00:00-05:00,101.12025354554076,106.08425693189609,100.2558297556283,104.56938171386719,3835600,0.0,0.0
2016-11-30 00:00:00-05:00,104.89459625110004,104.97162733789376,102.74638422734276,102.9603500366211,2108200,0.0,0.0
2016-12-01 00:00:00-05:00,103.19998607512241,103.58512190268284,102.01889068179682,102.47250366210938,1840600,0.0,0.0
2016-12-02 00:00:00-05:00,102.36982158570767,103.05451491618643,101.9247689619806,102.34414672851562,934600,0.0,0.0
2016-12-05 00:00:00-05:00,102.93840272717412,103.3776497717318,101.96517552151818,103.14511108398438,1946900,0.75,0.0
2016-12-06 00:00:00-05:00,102.990087300985,103.50684507221746,102.36997534713342,102.50777435302734,996000,0.0,0.0
2016-12-07 00:00:00-05:00,103.11063466113376,105.53940141115652,102.83503015655421,105.29824829101562,2813600,0.0,0.0
2016-12-08 00:00:00-05:00,105.62556422046657,106.46099252070479,105.02268120531119,105.90116882324219,1267300,0.0,0.0
2016-12-09 00:00:00-05:00,105.96144091901485,107.14999092559012,104.5834181158916,106.72796630859375,1376500,0.0,0.0
2016-12-12 00:00:00-05:00,107.07247379070358,107.2102793566598,105.97867003738303,106.34901428222656,872800,0.0,0.0
2016-12-13 00:00:00-05:00,106.92606081063633,106.93467530128208,105.80641358020682,106.5643310546875,830500,0.0,0.0
2016-12-14 00:00:00-05:00,106.50405099031282,106.96912838621732,105.37578918207038,105.57388305664062,995200,0.0,0.0
2016-12-15 00:00:00-05:00,105.45331091911474,106.87439321175742,105.38440812757531,106.30596160888672,908200,0.0,0.0
2016-12-16 00:00:00-05:00,106.76242925434896,106.77104374587513,105.17770450198394,105.49636840820312,1735000,0.0,0.0
2016-12-19 00:00:00-05:00,105.34994737594577,105.9528303210457,105.19491939421562,105.93560791015625,793500,0.0,0.0
2016-12-20 00:00:00-05:00,104.9193112872503,105.02266546189736,100.31154444519805,101.96517181396484,4678100,0.0,0.0
2016-12-21 00:00:00-05:00,102.21495311674451,102.30107832164634,100.86276702989663,102.08576202392578,2194300,0.0,0.0
2016-12-22 00:00:00-05:00,101.53454648074357,101.53454648074357,100.0187179996808,100.9316635131836,1732100,0.0,0.0
2016-12-23 00:00:00-05:00,100.68189273581132,101.31061258678085,100.15652049271003,101.27616119384766,936000,0.0,0.0
2016-12-27 00:00:00-05:00,101.5948393262837,102.223565795688,101.35368612846237,102.10298919677734,703600,0.0,0.0
2016-12-28 00:00:00-05:00,102.34414129170324,102.86089907731329,101.11253184101784,101.18143463134766,747300,0.0,0.0
2016-12-29 00:00:00-05:00,101.31920388854851,101.62925978305255,100.98331109799078,101.1211166381836,574800,0.0,0.0
2016-12-30 00:00:00-05:00,100.96611490717723,101.11252840345158,100.28571466039867,100.9316635131836,984800,0.0,0.0
2017-01-03 00:00:00-05:00,101.60345349656347,101.81876978978467,100.01011424091304,100.68190002441406,2364200,0.0,0.0
2017-01-04 00:00:00-05:00,101.08667066276563,101.12112204965749,100.29430190611309,100.63880920410156,1564800,0.0,0.0
2017-01-05 00:00:00-05:00,100.11344123134712,100.24263229485084,99.04547447684858,99.62252044677734,1756500,0.0,0.0
2017-01-06 00:00:00-05:00,99.66559121260754,100.25125170107262,99.16605591372509,100.07899475097656,1907500,0.0,0.0
2017-01-09 00:00:00-05:00,100.31155222864544,100.96611557700413,99.88091965726528,100.38045501708984,1143700,0.0,0.0
2017-01-10 00:00:00-05:00,100.58713326160573,100.74216121384404,99.63974314056266,99.77754211425781,928300,0.0,0.0
2017-01-11 00:00:00-05:00,99.71727026942243,100.76801472214765,99.1316097500804,100.69911193847656,995100,0.0,0.0
2017-01-12 00:00:00-05:00,100.76801350477662,101.24171192312875,100.36321786926317,100.98332977294922,1102600,0.0,0.0
2017-01-13 00:00:00-05:00,100.96613569141586,101.31925105341061,100.53550303424532,100.83694458007812,1088300,0.0,0.0
2017-01-17 00:00:00-05:00,100.44073635610664,100.95749409177759,100.21680559464116,100.69911193847656,1424300,0.0,0.0
2017-01-18 00:00:00-05:00,100.5182473755425,100.87136921476863,100.31154559481053,100.42350769042969,1386400,0.0,0.0
2017-01-19 00:00:00-05:00,100.34601129387035,100.68190419954986,99.75173619723795,99.99288940429688,1965400,0.0,0.0
2017-01-20 00:00:00-05:00,100.06178234226745,101.10391235351562,99.80340017676431,101.10391235351562,1295500,0.0,0.0
2017-01-23 00:00:00-05:00,100.94888585279637,101.27616423910555,100.32877390321559,100.49241638183594,1750400,0.0,0.0
2017-01-24 00:00:00-05:00,100.94025721055802,101.82736569630096,100.76800683579215,101.3622817993164,3539800,0.0,0.0
2017-01-25 00:00:00-05:00,101.53454256343205,103.51545493058602,101.00917032442857,102.9814682006836,3917600,0.0,0.0
2017-01-26 00:00:00-05:00,100.3718516668563,103.14512678572108,99.65699994199467,102.92119598388672,1980500,0.0,0.0
2017-01-27 00:00:00-05:00,103.73937174158375,104.21307014333486,102.92117257957452,103.52405548095703,1739300,0.0,0.0
2017-01-30 00:00:00-05:00,102.80062095595197,102.9470344716992,101.50872307856075,102.74894714355469,1649800,0.0,0.0
2017-01-31 00:00:00-05:00,102.2838596131085,102.38720723436053,101.68097001509894,102.00825500488281,1356800,0.0,0.0
2017-02-01 00:00:00-05:00,101.04363270810141,102.02547450757918,100.88860470971377,101.58622741699219,1324400,0.0,0.0
2017-02-02 00:00:00-05:00,100.66465905048749,101.06084019431124,100.37183208063425,100.44073486328125,1705100,0.0,0.0
2017-02-03 00:00:00-05:00,100.6904994641139,101.42257343744426,100.60436770295553,101.17280578613281,1120900,0.0,0.0
2017-02-06 00:00:00-05:00,100.81968569755716,100.86275157887685,99.96703512906097,100.28570556640625,1448000,0.0,0.0
2017-02-07 00:00:00-05:00,99.78617948095788,100.5440904373684,99.51057489945119,100.1651382446289,1582800,0.0,0.0
2017-02-08 00:00:00-05:00,99.87230468062906,100.44935074645065,99.50196040820461,100.1651382446289,891600,0.0,0.0
2017-02-09 00:00:00-05:00,100.16510363908851,100.54405570090576,99.5622143078164,99.70001983642578,1030400,0.0,0.0
2017-02-10 00:00:00-05:00,100.0789920402414,100.40627695109373,99.70003990215588,100.1048355102539,1247500,0.0,0.0
2017-02-13 00:00:00-05:00,100.74217701906852,101.5862131140617,100.42350657532477,101.14697265625,1059300,0.0,0.0
2017-02-14 00:00:00-05:00,100.58714781504754,101.27615592507246,99.80339345118692,101.04361724853516,767600,0.0,0.0
2017-02-15 00:00:00-05:00,100.69911514681225,101.40535227461429,100.51825026211151,101.27616119384766,884700,0.0,0.0
2017-02-16 00:00:00-05:00,101.37088929005363,101.82736526602244,100.87136057697117,101.19863891601562,1810700,0.0,0.0
2017-02-17 00:00:00-05:00,101.3364538364626,101.55177010937271,101.00055440546613,101.12974548339844,906000,0.0,0.0
2017-02-21 00:00:00-05:00,101.02641287016618,102.44749522551729,100.80248207324749,101.89628601074219,1600600,0.0,0.0
2017-02-22 00:00:00-05:00,101.47425456541522,102.0943664933246,101.24171587791486,101.44841766357422,861700,0.0,0.0
2017-02-23 00:00:00-05:00,101.63790992006592,102.03409113068037,101.33646840883017,101.68096923828125,853800,0.0,0.0
2017-02-24 00:00:00-05:00,100.8627568080232,101.83598400955356,100.6216036303648,101.7240219116211,833400,0.0,0.0
2017-02-27 00:00:00-05:00,101.62929342547916,103.10205612643824,101.45704301414776,102.0771484375,1737000,0.0,0.0
2017-02-28 00:00:00-05:00,101.68956694077916,102.59389789610844,101.06945503665978,102.24077606201172,1616100,0.0,0.0
2017-03-01 00:00:00-05:00,103.16233750512338,103.8858036402198,102.7661563289,103.66187286376953,1283100,0.0,0.0
2017-03-02 00:00:00-05:00,103.63605020577532,103.88581791942923,102.21496121405671,102.30108642578125,1064600,0.0,0.0
2017-03-03 00:00:00-05:00,102.33402978501431,102.36003924028695,101.76180192456906,101.96121215820312,1076300,0.788,0.0
2017-03-06 00:00:00-05:00,101.58837196659076,102.58544275773887,101.56236251709534,102.07390594482422,1203300,0.0,0.0
2017-03-07 00:00:00-05:00,101.98722265202045,103.20971998080904,101.68376797939001,102.99296569824219,1676500,0.0,0.0
2017-03-08 00:00:00-05:00,102.48140926757598,103.70390644267054,102.44673440776252,102.80220794677734,2717000,0.0,0.0
2017-03-09 00:00:00-05:00,102.43806256263169,102.9149179562634,101.102855553796,101.43231964111328,1728800,0.0,0.0
2017-03-10 00:00:00-05:00,101.90052320010383,102.03057709380444,101.33696073727845,101.39765167236328,1407300,0.0,0.0
2017-03-13 00:00:00-04:00,101.73579625365096,101.73579625365096,100.56532434302952,101.19824981689453,1580600,0.0,0.0
2017-03-14 00:00:00-04:00,100.93814873067768,101.60575573118743,100.76474792304276,101.13756561279297,1455800,0.0,0.0
2017-03-15 00:00:00-04:00,101.70109599949622,103.1316687471448,101.1808805114625,102.8455581665039,1606300,0.0,0.0
2017-03-16 00:00:00-04:00,102.90624504846048,103.33975352824697,101.47566574220212,101.54502868652344,1567400,0.0,0.0
2017-03-17 00:00:00-04:00,102.06523276092912,102.72416747150338,101.92650687878121,102.58544158935547,2297100,0.0,0.0
2017-03-20 00:00:00-04:00,102.67213843893718,102.92357413060105,102.29065550573505,102.51607513427734,643400,0.0,0.0
2017-03-21 00:00:00-04:00,102.55078605379103,102.86291275274615,101.09419699693909,101.39765167236328,1047100,0.0,0.0
2017-03-22 00:00:00-04:00,101.22421807829582,101.85714329457106,100.81671909704085,101.50166320800781,1103500,0.0,0.0
2017-03-23 00:00:00-04:00,101.39763627566006,102.43806065246604,100.98147181678952,101.99588012695312,781100,0.0,0.0
2017-03-24 00:00:00-04:00,101.90919321311839,102.41206473093804,100.7040399439126,100.9294662475586,850600,0.0,0.0
2017-03-27 00:00:00-04:00,100.40056891280592,102.49874841649265,100.28785247194381,102.21263122558594,1309200,0.0,0.0
2017-03-28 00:00:00-04:00,102.793546254443,103.521844065198,102.08259249015259,102.98429107666016,2120500,0.0,0.0
2017-03-29 00:00:00-04:00,102.90623853981113,103.70389250461253,102.55943045495407,102.63745880126953,1306000,0.0,0.0
2017-03-30 00:00:00-04:00,102.41205968876578,103.69524126058668,102.34269673493347,102.8282241821289,1732200,0.0,0.0
2017-03-31 00:00:00-04:00,102.50743209658137,103.5825314217207,102.38604361996714,102.8282241821289,1469700,0.0,0.0
2017-04-03 00:00:00-04:00,102.95828439421572,103.39179296008611,101.53637682734613,102.30802154541016,1825500,0.0,0.0
2017-04-04 00:00:00-04:00,102.7068369721036,103.67789843074401,102.36870085829797,103.40911865234375,1006400,0.0,0.0
2017-04-05 00:00:00-04:00,104.0420394955028,104.0420394955028,102.22130512729444,102.42071533203125,1440000,0.0,0.0
2017-04-06 00:00:00-04:00,102.63744482216539,103.82526020120713,102.48138153597607,103.49579620361328,1238600,0.0,0.0
2017-04-07 00:00:00-04:00,103.30505244760987,103.60850700289839,102.70680874231735,103.0449447631836,1076500,0.0,0.0
2017-04-10 00:00:00-04:00,102.8889033662167,103.9813466124977,102.30800357752692,103.66921997070312,686500,0.0,0.0
2017-04-11 00:00:00-04:00,103.37443106793881,103.64320419844141,102.86288764154686,103.3310775756836,1019400,0.0,0.0
2017-04-12 00:00:00-04:00,102.90623511120252,103.41777189284252,102.35134483984456,102.50740814208984,904000,0.0,0.0
2017-04-13 00:00:00-04:00,102.3166624979556,103.01894404465986,101.78778167901588,101.84847259521484,818600,0.0,0.0
2017-04-17 00:00:00-04:00,102.09994362187068,103.03631713665618,101.81382636868976,102.35137939453125,660900,0.0,0.0
2017-04-18 00:00:00-04:00,102.35134993174856,102.92357765857332,101.96986037065597,102.58544158935547,1498300,0.0,0.0
2017-04-19 00:00:00-04:00,103.34843881655163,103.52184621071368,102.17796701892463,102.44674682617188,1120300,0.0,0.0
2017-04-20 00:00:00-04:00,102.94093584277083,104.0853980684551,102.5767836595142,103.80795288085938,1034700,0.0,0.0
2017-04-21 00:00:00-04:00,103.79060442110918,104.10273107073007,103.23571406951976,103.67789459228516,853900,0.0,0.0
2017-04-24 00:00:00-04:00,105.29053994718048,106.74712867978309,104.99575074609403,106.6517562866211,1896700,0.0,0.0
2017-04-25 00:00:00-04:00,107.11129090912915,108.1603807826621,106.77315477694975,108.11702728271484,1672900,0.0,0.0
2017-04-26 00:00:00-04:00,107.96095256945529,109.166112269903,107.60547904363699,108.47249603271484,1536000,0.0,0.0
2017-04-27 00:00:00-04:00,106.81648499324551,109.21812563553264,104.05937084316133,108.79328918457031,1653700,0.0,0.0
2017-04-28 00:00:00-04:00,108.4811688374662,108.95802421601083,107.6054798200312,108.35978698730469,1521100,0.0,0.0
2017-05-01 00:00:00-04:00,108.71526295448453,108.81063535529589,107.95229036280864,108.34244537353516,939300,0.0,0.0
2017-05-02 00:00:00-04:00,108.75859756203377,108.91466086218237,107.95227161373488,108.87130737304688,1291900,0.0,0.0
2017-05-03 00:00:00-04:00,108.70659315585061,109.12276424197815,108.41181053990549,108.8366470336914,1000200,0.0,0.0
2017-05-04 00:00:00-04:00,109.06209601021644,109.55629555700283,108.74996928437068,109.52161407470703,1459700,0.0,0.0
2017-05-05 00:00:00-04:00,109.78170503504067,112.30472129777144,109.53026928809923,112.26136779785156,2035500,0.0,0.0
2017-05-08 00:00:00-04:00,111.31631612680776,112.09662616317753,111.25563181402033,111.92322540283203,1005500,0.0,0.0
2017-05-09 00:00:00-04:00,111.94055962348072,112.2179981697586,111.42902279498514,111.51571655273438,861300,0.0,0.0
2017-05-10 00:00:00-04:00,111.47238956059294,112.02727994884287,111.15158425280207,111.99259185791016,830400,0.0,0.0
2017-05-11 00:00:00-04:00,111.83653163747427,112.13997966067141,110.97818001376352,111.92322540283203,898500,0.0,0.0
2017-05-12 00:00:00-04:00,111.57641783933938,112.67753311382519,111.52439893701599,112.46944427490234,1110800,0.0,0.0
2017-05-15 00:00:00-04:00,112.67751486500721,113.09367924582324,112.22666240184068,112.85958099365234,2034700,0.0,0.0
2017-05-16 00:00:00-04:00,112.9896727762983,114.22083544844969,112.9896727762983,113.6052474975586,1764800,0.0,0.0
2017-05-17 00:00:00-04:00,113.60524831064393,113.60524831064393,111.68046931134991,111.68914794921875,1341600,0.0,0.0
2017-05-18 00:00:00-04:00,107.90893990008406,111.49839652783659,106.55639543573518,111.2989730834961,2094600,0.0,0.0
2017-05-19 00:00:00-04:00,111.64576583082994,112.35671278340126,111.32496059342505,112.04458618164062,1080900,0.0,0.0
2017-05-22 00:00:00-04:00,112.66885555665422,112.88560980483156,112.02727144901212,112.55615234375,689000,0.0,0.0
2017-05-23 00:00:00-04:00,112.84222915626553,113.12834628256734,112.1312822727249,112.68617248535156,801100,0.0,0.0
2017-05-24 00:00:00-04:00,112.7295628548572,115.902835268351,112.20068191433649,114.68035125732422,2260700,0.0,0.0
2017-05-25 00:00:00-04:00,115.42597478296433,115.48665909215823,114.12544931294086,114.38554382324219,1323900,0.0,0.0
2017-05-26 00:00:00-04:00,114.30751061468575,114.63698128657805,113.91735563617726,114.42022705078125,957200,0.0,0.0
2017-05-30 00:00:00-04:00,114.13412040382387,114.14278581138903,113.57056463060094,114.09076690673828,1721600,0.0,0.0
2017-05-31 00:00:00-04:00,114.1687966923542,114.77571919988723,113.80465112561241,114.69767761230469,1020100,0.0,0.0
2017-06-01 00:00:00-04:00,114.87976207030673,120.24659986414346,114.5242818955816,116.25831604003906,2287500,0.0,0.0
2017-06-02 00:00:00-04:00,116.6744917659157,119.52697206375795,116.31901159726623,118.45186614990234,2348600,0.0,0.0
2017-06-05 00:00:00-04:00,118.5983625221628,118.9559048968265,116.17407352923472,116.34848022460938,1766700,0.788,0.0
2017-06-06 00:00:00-04:00,115.80783582726144,116.98509120769594,115.48516941242126,116.2351303100586,1082800,0.0,0.0
2017-06-07 00:00:00-04:00,117.34263534139573,117.90947384213669,115.71191180462714,116.05200958251953,1729200,0.0,0.0
2017-06-08 00:00:00-04:00,116.05200798989782,116.26130404510569,114.90962863127963,115.96479797363281,1549700,0.0,0.0
2017-06-09 00:00:00-04:00,116.47056605050598,118.79892936119299,116.45312138908382,118.76405334472656,1837200,0.0,0.0
2017-06-12 00:00:00-04:00,118.81638370207139,119.47041884171581,117.47343740347492,117.70016479492188,1388400,0.0,0.0
2017-06-13 00:00:00-04:00,117.55191893365259,118.95591490506597,117.51702960781553,118.84254455566406,1013200,0.0,0.0
2017-06-14 00:00:00-04:00,118.83382572674948,118.99951675413496,117.51702649208303,117.89201354980469,870500,0.0,0.0
2017-06-15 00:00:00-04:00,116.95020527055834,117.8396967961586,116.66242820914711,117.60424041748047,1176800,0.0,0.0
2017-06-16 00:00:00-04:00,118.02284206686411,118.61584096768895,117.4036961259827,118.59839630126953,1816900,0.0,0.0
2017-06-19 00:00:00-04:00,119.03437247254654,119.43551980235121,118.61579378963727,118.99949645996094,1263200,0.0,0.0
2017-06-20 00:00:00-04:00,118.50243062117512,119.04309534035956,117.35133584704415,117.51701354980469,1461200,0.0,0.0
2017-06-21 00:00:00-04:00,117.81351203826678,117.96175837741332,115.79035734935222,115.86012268066406,1059200,0.0,0.0
2017-06-22 00:00:00-04:00,115.86014779621274,116.33104725167637,115.36307469275408,115.52005004882812,1975200,0.0,0.0
2017-06-23 00:00:00-04:00,115.53750601255126,116.6886010753707,115.36308597621388,115.8078384399414,1878800,0.0,0.0
2017-06-26 00:00:00-04:00,116.11304471669723,116.14793404586366,115.3020474497117,115.87760162353516,768600,0.0,0.0
2017-06-27 00:00:00-04:00,116.25252661809876,116.25252661809876,115.13630806820387,115.31071472167969,833800,0.0,0.0
2017-06-28 00:00:00-04:00,116.25256717178901,116.95020733543267,115.68574202366695,116.54034423828125,1133400,0.0,0.0
2017-06-29 00:00:00-04:00,116.63624643286545,116.67985142925588,114.32532799431635,114.8223876953125,978300,0.0,0.0
2017-06-30 00:00:00-04:00,115.05787171317246,116.15664603213771,114.53463824335287,115.5898208618164,1502300,0.0,0.0
2017-07-03 00:00:00-04:00,115.36307763185718,117.56936851324005,115.36307763185718,117.01124572753906,903000,0.0,0.0
2017-07-05 00:00:00-04:00,117.04612083944484,117.32516889202502,115.2758669259852,115.68572998046875,1071600,0.0,0.0
2017-07-06 00:00:00-04:00,115.50259022976225,116.24383529529085,115.39794887702975,115.48514556884766,1598900,0.0,0.0
2017-07-07 00:00:00-04:00,115.5723469576728,116.21766629966544,114.95320125829105,116.03453063964844,1187700,0.0,0.0
2017-07-10 00:00:00-04:00,115.67700262039591,116.93275214057996,115.53748524533626,116.27871704101562,737700,0.0,0.0
2017-07-11 00:00:00-04:00,116.23514387893786,116.41827961178686,115.48518289375272,115.94738006591797,657000,0.0,0.0
2017-07-12 00:00:00-04:00,117.19437116758435,117.2728521875589,116.5490517329107,116.69731140136719,1252700,0.0,0.0
2017-07-13 00:00:00-04:00,116.6624209215334,117.03740796832805,116.23511319527398,116.4880142211914,870700,0.0,0.0
2017-07-14 00:00:00-04:00,116.90659918725018,117.44726397900816,116.461860081744,117.1246109008789,1078300,0.0,0.0
2017-07-17 00:00:00-04:00,117.29026589807914,117.64780819211627,116.932723604042,117.32514190673828,1190900,0.0,0.0
2017-07-18 00:00:00-04:00,117.08972297874656,117.28157433174752,116.38336722741474,116.9937973022461,848400,0.0,0.0
2017-07-19 00:00:00-04:00,116.99377951106058,118.33672547146845,116.8106438632717,118.26696014404297,726500,0.0,0.0
2017-07-20 00:00:00-04:00,118.22339937743125,118.5111631320562,117.41238887707817,117.90946197509766,925700,0.0,0.0
2017-07-21 00:00:00-04:00,117.81353303575693,117.99665542000848,117.22924994518252,117.49959564208984,813900,0.0,0.0
2017-07-24 00:00:00-04:00,117.56062473953797,118.22338881099483,117.20308236481812,117.91816711425781,917100,0.0,0.0
2017-07-25 00:00:00-04:00,118.9209886633465,119.11283997675805,118.01406606879866,118.47624969482422,1009800,0.0,0.0
2017-07-26 00:00:00-04:00,118.02283487571816,118.42398234063255,117.18567722793813,117.75250244140625,1141200,0.0,0.0
2017-07-27 00:00:00-04:00,117.72633648922313,118.22340963035127,114.93578895223611,115.72935485839844,1812900,0.0,0.0
2017-07-28 00:00:00-04:00,115.72931517709976,116.29614016921674,114.15089958505536,115.33688354492188,1486900,0.0,0.0
2017-07-31 00:00:00-04:00,115.51133330963009,115.51133330963009,112.8951927210413,113.50562286376953,2094700,0.0,0.0
2017-08-01 00:00:00-04:00,114.34277383136158,115.34563564986533,113.3137649793636,113.98524475097656,1783300,0.0,0.0
2017-08-02 00:00:00-04:00,113.93288917262561,114.23811082179908,113.37477985048407,113.88929748535156,963400,0.0,0.0
2017-08-03 00:00:00-04:00,113.94164195951736,114.08117264579703,113.31376717763747,113.64514923095703,698700,0.0,0.0
2017-08-04 00:00:00-04:00,113.645146874616,113.98524459888439,113.03470346139417,113.49688720703125,1143600,0.0,0.0
2017-08-07 00:00:00-04:00,113.70619926296627,113.8370009805958,113.27017579569414,113.55795288085938,521900,0.0,0.0
2017-08-08 00:00:00-04:00,113.44458611031638,113.44458611031638,111.8487385728478,112.12779998779297,1137200,0.0,0.0
2017-08-09 00:00:00-04:00,112.03186574394259,112.45917351308974,111.53479927957063,112.37196350097656,1357700,0.0,0.0
2017-08-10 00:00:00-04:00,112.04930971552446,112.43299916986537,111.25574385188708,111.2906265258789,1130500,0.0,0.0
2017-08-11 00:00:00-04:00,111.34291053764869,112.04927281024929,111.06385589081499,111.13362121582031,583000,0.0,0.0
2017-08-14 00:00:00-04:00,112.08416623648405,114.3776534168123,112.08416623648405,114.29044342041016,1648600,0.0,0.0
2017-08-15 00:00:00-04:00,114.08117748373336,114.83112501493831,113.9416467915365,114.64800262451172,1030100,0.0,0.0
2017-08-16 00:00:00-04:00,114.79625345377374,116.9850863838123,114.76137743255954,116.49674224853516,1771000,0.0,0.0
2017-08-17 00:00:00-04:00,116.47930335386359,116.69731506488927,114.75264102194741,114.92704772949219,980200,0.0,0.0
2017-08-18 00:00:00-04:00,114.91832758719295,115.52875769307612,114.23813213972622,115.37179565429688,935100,0.0,0.0
2017-08-21 00:00:00-04:00,114.77880137109219,115.15378843340058,114.22069192308108,114.42127227783203,1034100,0.0,0.0
2017-08-22 00:00:00-04:00,115.179936207538,116.14790863120707,115.1624915467719,115.76420593261719,910500,0.0,0.0
2017-08-23 00:00:00-04:00,115.65957053637199,116.34848164876672,114.83984442106157,115.44155883789062,826800,0.0,0.0
2017-08-24 00:00:00-04:00,115.74677847141484,115.96479019106602,114.94449693986404,115.2409896850586,624200,0.0,0.0
2017-08-25 00:00:00-04:00,115.4328354266105,115.964784528841,115.17994769896984,115.4764404296875,527600,0.0,0.0
2017-08-28 00:00:00-04:00,115.63340731735356,115.86885036525777,114.69159520660341,115.17993927001953,479000,0.0,0.0
2017-08-29 00:00:00-04:00,113.49688775995243,114.36893457579956,113.1393586783027,114.13349151611328,576400,0.0,0.0
2017-08-30 00:00:00-04:00,114.13349035991683,114.25557638064353,113.31376423230398,113.9241943359375,1885800,0.0,0.0
2017-08-31 00:00:00-04:00,113.92418577717447,114.81367717928909,113.78465510500408,114.70902252197266,1149400,0.0,0.0
2017-09-01 00:00:00-04:00,114.36894648550339,115.10147599994384,113.95908337486425,114.2643051147461,901200,0.0,0.0
2017-09-05 00:00:00-04:00,114.02881956980443,114.15963455618467,113.21782254102773,113.627685546875,819100,0.0,0.0
2017-09-06 00:00:00-04:00,114.15965375661919,114.92704591900296,114.0026784078366,114.90961456298828,1671900,0.0,0.0
2017-09-07 00:00:00-04:00,115.97814540842484,116.32907068108705,115.48686341312815,116.01324462890625,1376300,0.788,0.0
2017-09-08 00:00:00-04:00,115.70620473890426,116.33785694180415,115.48688142918714,116.20626831054688,807000,0.0,0.0
2017-09-11 00:00:00-04:00,116.23258997635169,118.47845860214657,116.23258997635169,118.443359375,2149700,0.0,0.0
2017-09-12 00:00:00-04:00,117.84677868477878,119.1890359994072,117.46953570698341,118.27665710449219,1418500,0.0,0.0
2017-09-13 00:00:00-04:00,117.95205627259976,118.21524688357844,117.25021910546681,117.6888656616211,858400,0.0,0.0
2017-09-14 00:00:00-04:00,117.29407908246931,118.03978353573822,116.71506245191438,117.63622283935547,1314400,0.0,0.0
2017-09-15 00:00:00-04:00,117.72396456521378,118.29419973210517,117.04844512235636,117.75028228759766,1840100,0.0,0.0
2017-09-18 00:00:00-04:00,118.12751537768641,118.41702371886426,117.41691007953668,118.20648193359375,1030800,0.0,0.0
2017-09-19 00:00:00-04:00,118.49601670860024,119.82072482002005,118.13632322994899,119.75930786132812,2031900,0.0,0.0
2017-09-20 00:00:00-04:00,120.01370486806519,121.69810609945878,119.89088436326871,121.05768585205078,1681400,0.0,0.0
2017-09-21 00:00:00-04:00,121.15419183112597,121.89111487935496,120.90855081504965,121.56652069091797,923200,0.0,0.0
2017-09-22 00:00:00-04:00,121.4875775763722,121.4875775763722,120.40851051991437,120.71556854248047,922000,0.0,0.0
2017-09-25 00:00:00-04:00,119.73299236551664,120.90857562531724,119.57508598839314,120.80329132080078,1645300,0.0,0.0
2017-09-26 00:00:00-04:00,121.50507385351297,123.38248023535922,120.99624233497526,121.44365692138672,1490300,0.0,0.0
2017-09-27 00:00:00-04:00,122.12799291582479,122.81228054457348,120.46990929440575,121.68934631347656,1480600,0.0,0.0
2017-09-28 00:00:00-04:00,121.17172494411707,123.75975043187425,121.13663910833505,123.75096893310547,1453000,0.0,0.0
2017-09-29 00:00:00-04:00,123.91766445537623,124.4703634548354,122.30344818070117,122.59295654296875,1304300,0.0,0.0
2017-10-02 00:00:00-04:00,122.4613011137982,123.92637851183515,122.15425665970004,123.86497497558594,920200,0.0,0.0
2017-10-03 00:00:00-04:00,123.7071048949899,125.15464665515364,123.25969019808369,125.00550842285156,1006300,0.0,0.0
2017-10-04 00:00:00-04:00,125.0142637781982,125.42659259631088,124.41771090986586,124.88267517089844,739200,0.0,0.0
2017-10-05 00:00:00-04:00,125.06689922111812,125.2160374382012,124.36506208051591,124.88267517089844,803300,0.0,0.0
2017-10-06 00:00:00-04:00,124.63703775007217,124.90899647056906,124.13697425514788,124.54053497314453,1190400,0.0,0.0
2017-10-09 00:00:00-04:00,124.40016383315427,124.46156738900113,123.37373251602544,123.58427429199219,579900,0.0,0.0
2017-10-10 00:00:00-04:00,123.90009375418478,124.50542810076212,123.12808497263984,123.36494445800781,879600,0.0,0.0
2017-10-11 00:00:00-04:00,123.53162231187909,123.92640147540133,122.75083209551605,123.85621643066406,781700,0.0,0.0
2017-10-12 00:00:00-04:00,123.28597849884962,124.5580506125421,123.128072191662,124.4615478515625,880800,0.0,0.0
2017-10-13 00:00:00-04:00,124.82129126616064,125.33889110710561,124.46159779576828,124.7598876953125,648700,0.0,0.0
2017-10-16 00:00:00-04:00,124.26856195155112,124.61070572424349,123.14562785725667,123.9527359008789,746600,0.0,0.0
2017-10-17 00:00:00-04:00,124.20715582284187,124.42647909275371,123.45268323888796,124.08433532714844,633000,0.0,0.0
2017-10-18 00:00:00-04:00,123.90010068398166,123.90010068398166,122.7332992553711,122.7332992553711,937300,0.0,0.0
2017-10-19 00:00:00-04:00,122.67189350272791,123.47023342165497,122.4174710120487,123.18072509765625,881000,0.0,0.0
2017-10-20 00:00:00-04:00,123.80361618759456,125.5757522583008,123.39128729906739,125.57575225830078,1185000,0.0,0.0
2017-10-23 00:00:00-04:00,126.0407139343039,126.29513646172691,124.9616470336914,124.9616470336914,1225500,0.0,0.0
2017-10-24 00:00:00-04:00,126.03190332963592,126.83901120473158,125.11074309198054,125.40901947021484,1076000,0.0,0.0
2017-10-25 00:00:00-04:00,125.43533635749202,126.2775434400048,124.96160407674745,125.9968032836914,1424900,0.0,0.0
2017-10-26 00:00:00-04:00,126.89167744780421,131.51501597871908,125.70732637090472,131.24305725097656,2803700,0.0,0.0
2017-10-27 00:00:00-04:00,130.93604601038902,131.39224234770592,129.69905904639057,129.96224975585938,2127100,0.0,0.0
2017-10-30 00:00:00-04:00,130.4622858863836,131.1553416680439,128.69891787590433,129.3568878173828,1727100,0.0,0.0
2017-10-31 00:00:00-04:00,129.70782105654877,129.75167501284054,128.17255776619734,128.19009399414062,1533000,0.0,0.0
2017-11-01 00:00:00-04:00,130.37451461595057,130.53242093210042,128.9533042248861,129.76918029785156,1317700,0.0,0.0
2017-11-02 00:00:00-04:00,129.46218344725727,129.84818126878804,128.52347315639463,129.75167846679688,1233600,0.0,0.0
2017-11-03 00:00:00-04:00,129.4972596307301,129.81308574219378,128.50591395571828,129.4007568359375,1011800,0.0,0.0
2017-11-06 00:00:00-05:00,129.4007684130342,129.84818319995622,129.08494227331454,129.37445068359375,615900,0.0,0.0
2017-11-07 00:00:00-05:00,129.83936484917874,130.67279052734375,129.4533537848255,130.67279052734375,864000,0.0,0.0
2017-11-08 00:00:00-05:00,130.7605493625466,131.63784253051213,130.44472328662178,131.56765747070312,1759900,0.0,0.0
2017-11-09 00:00:00-05:00,130.8570376529365,131.8132838873629,130.14643240741913,130.24293518066406,1908200,0.0,0.0
2017-11-10 00:00:00-05:00,130.2341754720616,130.4096314382906,129.4884842689802,130.0850372314453,1283200,0.0,0.0
2017-11-13 00:00:00-05:00,128.4269466230914,130.33945269466923,127.85671141715399,129.97097778320312,1455900,0.0,0.0
2017-11-14 00:00:00-05:00,129.67270737788544,129.69025699030666,128.54977313870438,129.51480102539062,1056100,0.0,0.0
2017-11-15 00:00:00-05:00,129.14634019478856,129.40074933735391,127.97075711186588,128.23394775390625,1943800,0.0,0.0
2017-11-16 00:00:00-05:00,129.40075950974074,130.78688450611537,128.7691072737616,130.7517852783203,1779900,0.0,0.0
2017-11-17 00:00:00-05:00,130.8132140259125,132.85730917016107,130.7517970649513,132.1554718017578,2930700,0.0,0.0
2017-11-20 00:00:00-05:00,132.1554345832836,132.62916697634043,131.96242902666734,132.35720825195312,1497800,0.0,0.0
2017-11-21 00:00:00-05:00,132.78707316487055,133.5941811437201,132.2870097137584,132.77830505371094,2127900,0.0,0.0
2017-11-22 00:00:00-05:00,133.18187370461035,133.77844001985005,132.63795622405792,133.10292053222656,2341000,0.0,0.0
2017-11-24 00:00:00-05:00,134.2697437250249,134.97158105006199,134.01532116881262,134.12060546875,807800,0.0,0.0
2017-11-27 00:00:00-05:00,134.59431658372398,135.03296316888267,133.2345094924457,133.4187469482422,1253100,0.0,0.0
2017-11-28 00:00:00-05:00,133.6380632463753,137.20863930174337,133.16431746279756,137.17355346679688,2641100,0.0,0.0
2017-11-29 00:00:00-05:00,137.09457473057898,137.09457473057898,135.3926242448213,136.12954711914062,1301700,0.0,0.0
2017-11-30 00:00:00-05:00,136.6822434867945,136.8313816810497,134.43637568977613,135.03292846679688,3178300,0.0,0.0
2017-12-01 00:00:00-05:00,134.8662781960906,134.98909870709272,132.93623585758667,133.23451232910156,2270100,0.0,0.0
2017-12-04 00:00:00-05:00,134.4978196740006,135.41898022035372,134.22586092115287,134.54168701171875,2300600,0.0,0.0
2017-12-05 00:00:00-05:00,134.4452198215535,134.8750984267229,133.97148725348637,134.29608154296875,1308100,0.0,0.0
2017-12-06 00:00:00-05:00,133.80928433070488,134.07382334765452,132.4865354231658,132.61880493164062,1421200,0.788,0.0
2017-12-07 00:00:00-05:00,132.83043835244933,133.4565319138078,132.5217915845482,133.12144470214844,1647000,0.0,0.0
2017-12-08 00:00:00-05:00,134.11788909665472,134.32072024070206,133.2977914074285,133.51824951171875,1424900,0.0,0.0
2017-12-11 00:00:00-05:00,134.12670879524177,134.69989445319047,133.8445159782433,134.26779174804688,3109400,0.0,0.0
2017-12-12 00:00:00-05:00,133.96799217613656,134.6646473883587,132.9891575600532,133.45652770996094,1508000,0.0,0.0
2017-12-13 00:00:00-05:00,134.347171254197,134.347171254197,132.94504751466695,133.39479064941406,1183600,0.0,0.0
2017-12-14 00:00:00-05:00,133.5182737273672,133.64172974993264,131.17259584292634,131.51651000976562,2503200,0.0,0.0
2017-12-15 00:00:00-05:00,131.97510325093046,132.23082884857152,131.19908606244562,131.9221954345703,3631100,0.0,0.0
2017-12-18 00:00:00-05:00,132.73341783229085,135.31718032924144,132.71577741653468,135.21136474609375,2350000,0.0,0.0
2017-12-19 00:00:00-05:00,135.99621223703724,136.25193774719202,135.20256835174658,135.95211791992188,1811200,0.0,0.0
2017-12-20 00:00:00-05:00,136.34890762784758,136.48119054792014,135.57290434399997,135.8109893798828,987300,0.0,0.0
2017-12-21 00:00:00-05:00,136.21668513873544,136.41950287262463,135.49357593557716,135.89041137695312,1363300,0.0,0.0
2017-12-22 00:00:00-05:00,136.17255141962778,136.34010172094264,135.22899779136708,135.6610870361328,509500,0.0,0.0
2017-12-26 00:00:00-05:00,135.59935999787638,135.59935999787638,134.32951930057052,134.57643127441406,1960800,0.0,0.0
2017-12-27 00:00:00-05:00,134.9821089731736,136.0843996123782,134.699916110803,135.96975708007812,1574900,0.0,0.0
2017-12-28 00:00:00-05:00,136.17255318465266,137.05438555610283,135.56408669544098,136.9397430419922,905800,0.0,0.0
2017-12-29 00:00:00-05:00,136.81630254795192,137.34540741304127,135.94329701295888,136.40184020996094,1924300,0.0,0.0
2018-01-02 00:00:00-05:00,136.47234092778473,137.8744642956013,135.19368698045588,137.73336791992188,1067600,0.0,0.0
2018-01-03 00:00:00-05:00,137.59231606221627,139.0561611582126,137.28366932251623,138.88861083984375,1427900,0.0,0.0
2018-01-04 00:00:00-05:00,140.55527749375182,142.27484812692637,140.09672083967337,141.06674194335938,1896800,0.0,0.0
2018-01-05 00:00:00-05:00,142.65405640356357,143.15669396370384,141.58703308990908,142.3013153076172,1699500,0.0,0.0
2018-01-08 00:00:00-05:00,142.07200353928377,142.54818706462677,141.49881792192917,142.2483673095703,936700,0.0,0.0
2018-01-09 00:00:00-05:00,143.1566612695179,145.05260890602776,142.8215741245174,143.6328582763672,3366400,0.0,0.0
2018-01-10 00:00:00-05:00,143.474143184465,143.888605530506,142.41594688942885,143.40359497070312,2416800,0.0,0.0
2018-01-11 00:00:00-05:00,144.71749426648432,146.45470491362198,144.01202575984033,144.45294189453125,2007100,0.0,0.0
2018-01-12 00:00:00-05:00,144.67344591710025,145.60818626665258,143.9591637049215,144.7528076171875,2644400,0.0,0.0
2018-01-16 00:00:00-05:00,145.0614302257303,145.70516411202505,141.28718861910912,142.94503784179688,2754100,0.0,0.0
2018-01-17 00:00:00-05:00,144.2237098411409,144.82334948978672,142.38068312282533,144.14434814453125,1751900,0.0,0.0
2018-01-18 00:00:00-05:00,143.72107837438705,145.07028122281298,142.32778120328942,142.4159698486328,1746700,0.0,0.0
2018-01-19 00:00:00-05:00,143.0332628442072,143.16554582410214,142.2307918488889,142.75108337402344,1678800,0.0,0.0
2018-01-22 00:00:00-05:00,142.4777207306345,142.5923498357278,140.74932265828585,141.6399688720703,1523400,0.0,0.0
2018-01-23 00:00:00-05:00,140.79337954055399,141.80748152867432,139.7792640967376,140.4141845703125,1775300,0.0,0.0
2018-01-24 00:00:00-05:00,140.29953323907733,142.89210906325226,140.1937042064725,141.86036682128906,3701100,0.0,0.0
2018-01-25 00:00:00-05:00,146.61347043820652,147.22193703202228,142.68050492059447,144.04734802246094,3391800,0.0,0.0
2018-01-26 00:00:00-05:00,144.3471747137984,146.5958504456261,143.01559892903884,146.11083984375,1870000,0.0,0.0
2018-01-29 00:00:00-05:00,145.6787141799387,146.49882533361986,141.71929519623762,143.58877563476562,2982800,0.0,0.0
2018-01-30 00:00:00-05:00,143.47414345942497,143.68578810111617,141.67521109998557,141.72811889648438,2007700,0.0,0.0
2018-01-31 00:00:00-05:00,142.35424426331446,143.14790175536632,141.12849736609888,142.40716552734375,3570500,0.0,0.0
2018-02-01 00:00:00-05:00,140.9520813018226,141.886821451233,140.1496106242367,140.94326782226562,1520800,0.0,0.0
2018-02-02 00:00:00-05:00,138.20079284078403,138.75635163111124,136.63994552148628,136.72813415527344,2086200,0.0,0.0
2018-02-05 00:00:00-05:00,135.81982979588778,138.30659016290394,132.30131368152942,132.5570526123047,2593900,0.0,0.0
2018-02-06 00:00:00-05:00,132.4071387296231,137.9097781341681,130.5288447362503,136.9573974609375,3718100,0.0,0.0
2018-02-07 00:00:00-05:00,136.296016339509,136.4900205478767,132.27486266733325,132.28367614746094,2248000,0.0,0.0
2018-02-08 00:00:00-05:00,132.16907675324103,132.8216242772435,127.02799098878117,127.0456314086914,2054300,0.0,0.0
2018-02-09 00:00:00-05:00,128.1214344712491,132.83043011771673,127.60115653996404,131.81631469726562,3116200,0.0,0.0
2018-02-12 00:00:00-05:00,133.0420595309962,136.66639149607713,132.71578582515562,135.5817413330078,3099700,0.0,0.0
2018-02-13 00:00:00-05:00,134.6822616710552,136.19901450914554,134.10907598062232,135.65228271484375,1402800,0.0,0.0
2018-02-14 00:00:00-05:00,134.2589991870245,137.7775157339075,134.0385410602806,136.7457733154297,1622000,0.0,0.0
2018-02-15 00:00:00-05:00,137.80395816986783,137.8392255467069,135.02617793053815,137.38949584960938,1634200,0.0,0.0
2018-02-16 00:00:00-05:00,136.28723782658489,136.79870237480836,135.09675837485975,135.45831298828125,1589400,0.0,0.0
2018-02-20 00:00:00-05:00,134.2589988853932,136.03147737638125,133.72108051911877,135.44947814941406,2590500,0.0,0.0
2018-02-21 00:00:00-05:00,135.33480436905307,137.3365674607769,134.69107055664062,134.69107055664062,1834100,0.0,0.0
2018-02-22 00:00:00-05:00,135.68756376171265,136.648771422198,135.0438297981755,135.51119995117188,1627100,0.0,0.0
2018-02-23 00:00:00-05:00,136.07557546512504,137.33660297918783,134.5235550573597,137.23077392578125,1593400,0.0,0.0
2018-02-26 00:00:00-05:00,137.07204046683617,137.54822407727144,135.50237975611486,137.41595458984375,1018600,0.0,0.0
2018-02-27 00:00:00-05:00,136.5958441577386,136.96622563598,135.4053783972049,135.8022003173828,1239400,0.0,0.0
2018-02-28 00:00:00-05:00,135.9344703410138,136.24311708886557,131.9750511485878,132.05441284179688,1541700,0.0,0.0
2018-03-01 00:00:00-05:00,131.57821460961844,132.3454044701359,129.26780463697665,130.44064331054688,1918000,0.0,0.0
2018-03-02 00:00:00-05:00,129.8410451007888,132.25725796634538,129.32075360746884,131.77224731445312,1420600,0.0,0.0
2018-03-05 00:00:00-05:00,131.22546261526173,135.2907100628455,130.96091023370948,134.69107055664062,1852900,0.0,0.0
2018-03-06 00:00:00-05:00,135.70629714839845,137.13375843627566,134.5625612605133,136.22940063476562,1470000,0.825,0.0
2018-03-07 00:00:00-05:00,135.2541118699404,138.13563173086212,135.0413178406227,137.51499938964844,1821700,0.0,0.0
2018-03-08 00:00:00-05:00,138.08239791772974,140.16594973151723,137.81640883780014,139.97976684570312,2190900,0.0,0.0
2018-03-09 00:00:00-05:00,140.0418548872023,142.01901692651174,139.3325550236493,141.93922424316406,1340300,0.0,0.0
2018-03-12 00:00:00-04:00,144.20895782713302,144.9359938312749,141.96580688365054,142.84356689453125,1787800,0.0,0.0
2018-03-13 00:00:00-04:00,143.5262764538324,143.6238053489102,141.03487248629926,142.18746948242188,1678500,0.0,0.0
2018-03-14 00:00:00-04:00,142.69286593452776,142.9588550894615,139.62514960132984,139.6783447265625,1611600,0.0,0.0
2018-03-15 00:00:00-04:00,139.7226667324494,140.46742548048516,137.91396498310976,138.02035522460938,1491600,0.0,0.0
2018-03-16 00:00:00-04:00,137.1160443332083,137.72781548794376,135.78611174596566,136.82347106933594,2276000,0.0,0.0
2018-03-19 00:00:00-04:00,133.22376108197736,135.04133812689253,131.70764567274122,132.62086486816406,2058400,0.0,0.0
2018-03-20 00:00:00-04:00,133.50747776369207,134.00398367877074,132.8779704957213,133.18829345703125,837700,0.0,0.0
2018-03-21 00:00:00-04:00,133.52518808498286,135.54668379216025,132.98434849050662,134.50933837890625,826700,0.0,0.0
2018-03-22 00:00:00-04:00,133.04639221551682,133.58723175821274,129.3580443023371,129.52650451660156,1351300,0.0,0.0
2018-03-23 00:00:00-04:00,130.20036871625658,130.82100104157732,126.02437562593781,126.38789367675781,1232100,0.0,0.0
2018-03-26 00:00:00-04:00,128.56010021445434,129.85457338306497,127.38089215455228,129.54425048828125,1068200,0.0,0.0
2018-03-27 00:00:00-04:00,129.60630288891178,130.46632668363108,126.91984127159877,127.77100372314453,856500,0.0,0.0
2018-03-28 00:00:00-04:00,128.07247151713287,128.40053066797716,125.3328143601006,126.0421142578125,1236200,0.0,0.0
2018-03-29 00:00:00-04:00,124.71217452495777,128.87929257142093,124.35751783303932,127.9394760131836,1461000,0.0,0.0
2018-04-02 00:00:00-04:00,127.69117966937537,128.4359381759804,124.6677983516809,125.9888687133789,2028000,0.0,0.0
2018-04-03 00:00:00-04:00,125.8736377497539,127.8862720599977,125.3682570719593,127.35429382324219,1079000,0.0,0.0
2018-04-04 00:00:00-04:00,125.11997392002431,128.82605740822615,124.12696254883849,128.5778045654297,1132800,0.0,0.0
2018-04-05 00:00:00-04:00,129.44672575689924,131.06924455935922,128.85269103612467,130.07623291015625,988100,0.0,0.0
2018-04-06 00:00:00-04:00,128.9058885838869,129.9077751244645,126.20169052885616,126.94644927978516,1188600,0.0,0.0
2018-04-09 00:00:00-04:00,127.71786375208482,129.3935782916528,126.6184479292968,127.62919616699219,1231700,0.0,0.0
2018-04-10 00:00:00-04:00,129.57971903987684,131.38843436748166,128.63990247086065,130.05850219726562,1089400,0.0,0.0
2018-04-11 00:00:00-04:00,128.77286609579042,129.15410671246855,127.76211848356047,128.20542907714844,890700,0.0,0.0
2018-04-12 00:00:00-04:00,128.92362714703754,130.92738673589443,128.37391265335359,130.26242065429688,1001200,0.0,0.0
2018-04-13 00:00:00-04:00,130.6437080135113,131.0072126150291,129.27830307053662,129.9166717529297,716500,0.0,0.0
2018-04-16 00:00:00-04:00,131.21998844893497,134.0571746826172,130.34222825043923,134.0571746826172,2211500,0.0,0.0
2018-04-17 00:00:00-04:00,134.72209575303214,137.56815590807642,133.62269406534935,137.35536193847656,2268500,0.0,0.0
2018-04-18 00:00:00-04:00,137.2578371042419,137.37310219893374,135.68851366302616,135.8747100830078,971000,0.0,0.0
2018-04-19 00:00:00-04:00,135.5200920028215,135.5200920028215,133.36559487681205,134.3763427734375,839000,0.0,0.0
2018-04-20 00:00:00-04:00,134.1103571826083,134.19902474012508,132.68289609071527,133.5961151123047,974700,0.0,0.0
2018-04-23 00:00:00-04:00,132.5853571524302,133.64043877467032,132.1863802313464,133.31239318847656,865900,0.0,0.0
2018-04-24 00:00:00-04:00,133.5872471736108,134.09262787472287,128.47143781338409,130.13829040527344,1221000,0.0,0.0
2018-04-25 00:00:00-04:00,135.15657450766838,135.80380437095403,131.7342152073715,132.7715606689453,2062400,0.0,0.0
2018-04-26 00:00:00-04:00,134.2699618837101,138.91584987696183,133.0641561047226,138.30409240722656,3037100,0.0,0.0
2018-04-27 00:00:00-04:00,138.31293971837113,138.50799751053188,134.57139629240598,135.85699462890625,1734000,0.0,0.0
2018-04-30 00:00:00-04:00,136.4067320992119,136.4067320992119,134.72214302187996,135.22752380371094,1411300,0.0,0.0
2018-05-01 00:00:00-04:00,134.81077546536173,135.98998345362992,133.93301548134528,135.91905212402344,985100,0.0,0.0
2018-05-02 00:00:00-04:00,136.4421465421093,136.55741163628204,133.693615196766,134.0926055908203,1591800,0.0,0.0
2018-05-03 00:00:00-04:00,134.16359060015023,136.73478789752568,133.40109546257156,135.51124572753906,1537900,0.0,0.0
2018-05-04 00:00:00-04:00,134.42954551235167,137.6125269321355,134.17243123381382,137.0450897216797,1066500,0.0,0.0
2018-05-07 00:00:00-04:00,138.17994672718146,139.24388967159658,137.11599025399784,137.65682983398438,897100,0.0,0.0
2018-05-08 00:00:00-04:00,136.9386650127126,137.4263094617175,135.93679208523147,136.53968811035156,1041200,0.0,0.0
2018-05-09 00:00:00-04:00,137.40863160556484,138.5701039045411,135.86591845739284,137.8785400390625,1365000,0.0,0.0
2018-05-10 00:00:00-04:00,138.4015785095575,140.07729208215008,138.2065207579316,139.24386596679688,1250200,0.0,0.0
2018-05-11 00:00:00-04:00,139.1375175254957,140.96396933750538,138.77401296094706,139.75816345214844,1166100,0.0,0.0
2018-05-14 00:00:00-04:00,140.30789258833076,140.77780103570853,139.54539733864289,140.48521423339844,1150300,0.0,0.0
2018-05-15 00:00:00-04:00,140.02412128089074,140.6624898171136,139.31483493288303,140.60043334960938,1344600,0.0,0.0
2018-05-16 00:00:00-04:00,140.49402400639653,141.69095470254317,140.20143733966697,140.97279357910156,1273400,0.0,0.0
2018-05-17 00:00:00-04:00,140.98168731846155,142.01017155988916,140.547251418844,141.73532104492188,1520500,0.0,0.0
2018-05-18 00:00:00-04:00,141.21219057232122,142.17860462682225,141.09692546404858,141.45156860351562,1882500,0.0,0.0
2018-05-21 00:00:00-04:00,142.34703910890474,142.97653259692675,141.85939473375424,142.27610778808594,746800,0.0,0.0
2018-05-22 00:00:00-04:00,142.49779000229918,143.35781382758475,141.03487012934926,141.15899658203125,1044300,0.0,0.0
2018-05-23 00:00:00-04:00,140.31671874149126,140.94622598167993,139.28824804654846,140.68023681640625,1375900,0.0,0.0
2018-05-24 00:00:00-04:00,141.1323700524157,141.2121762501549,138.97788681756882,139.64285278320312,1282400,0.0,0.0
2018-05-25 00:00:00-04:00,139.08433781563016,139.59858001053703,137.91400423969662,139.2616729736328,1094600,0.0,0.0
2018-05-29 00:00:00-04:00,138.24204630891214,138.8006222786876,135.87476812233785,135.92796325683594,1318000,0.0,0.0
2018-05-30 00:00:00-04:00,136.95642675423585,138.8981300402319,136.61064490390578,138.74740600585938,1223300,0.0,0.0
2018-05-31 00:00:00-04:00,139.03110151382376,139.33254954713513,137.83417072434537,138.54345703125,2504700,0.0,0.0
2018-06-01 00:00:00-04:00,139.73152243970603,140.5560737557722,138.8537624814188,139.90884399414062,1025200,0.0,0.0
2018-06-04 00:00:00-04:00,140.52953398555545,140.90191346162277,139.43899312501733,139.6695098876953,641200,0.0,0.0
2018-06-05 00:00:00-04:00,140.85758098049362,142.06338699795344,140.70685691940778,141.42501831054688,1179300,0.0,0.0
2018-06-06 00:00:00-04:00,141.70571206410966,144.85175603018325,140.6718809638821,144.6200408935547,1555000,0.825,0.0
2018-06-07 00:00:00-04:00,143.3901574170177,143.72882955433155,141.9285390968138,142.39198303222656,1227000,0.0,0.0
2018-06-08 00:00:00-04:00,141.7057264803617,142.67716498930338,141.1531676219005,142.44544982910156,1079700,0.0,0.0
2018-06-11 00:00:00-04:00,142.57017557616902,143.71094977951398,141.90175255393873,143.10491943359375,1289000,0.0,0.0
2018-06-12 00:00:00-04:00,143.47927605630105,145.199345268466,142.99800372605756,143.79119873046875,1179000,0.0,0.0
2018-06-13 00:00:00-04:00,144.37939014670383,144.61110525990424,142.78409299226834,143.01580810546875,1048700,0.0,0.0
2018-06-14 00:00:00-04:00,144.24573504257066,144.90523724372275,143.6396909235847,143.97836303710938,1169000,0.0,0.0
2018-06-15 00:00:00-04:00,143.55950559650267,143.55950559650267,141.73247914234148,142.8286895751953,2856700,0.0,0.0
2018-06-18 00:00:00-04:00,141.10862662310666,141.41164194390367,140.43129585912953,141.2333984375,972900,0.0,0.0
2018-06-19 00:00:00-04:00,139.2993612533259,139.36174033084856,137.9714226134721,138.4170379638672,1141300,0.0,0.0
2018-06-20 00:00:00-04:00,138.59532484800448,138.77358192334535,137.4456428670469,138.15863037109375,1173600,0.0,0.0
2018-06-21 00:00:00-04:00,138.39037560162961,139.37964274866846,138.25669636518185,138.91619873046875,2217100,0.0,0.0
2018-06-22 00:00:00-04:00,139.7628370377766,141.68788545709344,139.66480109427076,140.9392547607422,1341000,0.0,0.0
2018-06-25 00:00:00-04:00,140.45801986708372,140.45801986708372,136.63463102129387,137.9625701904297,1434500,0.0,0.0
2018-06-26 00:00:00-04:00,138.1496864886638,138.42597947006257,136.82176125129467,137.41888427734375,1026100,0.0,0.0
2018-06-27 00:00:00-04:00,138.41706050810313,140.15495793787824,138.1675169591664,138.62203979492188,1399300,0.0,0.0
2018-06-28 00:00:00-04:00,138.92505726664024,139.64695201701616,137.5614752716852,139.63803100585938,1349500,0.0,0.0
2018-06-29 00:00:00-04:00,140.21739396311372,142.39200007520805,140.0569652897242,140.9481964111328,1391000,0.0,0.0
2018-07-02 00:00:00-04:00,139.92322114312122,141.4383106267615,139.5221700443784,141.06399536132812,1291900,0.0,0.0
2018-07-03 00:00:00-04:00,141.43835409937648,142.12460576314862,139.96782841897036,140.08367919921875,640000,0.0,0.0
2018-07-05 00:00:00-04:00,144.37937375247057,145.422112042124,143.55053572701573,144.27243041992188,1547900,0.0,0.0
2018-07-06 00:00:00-04:00,144.37049731348966,147.49871285355832,143.9516177056751,146.197509765625,1642500,0.0,0.0
2018-07-09 00:00:00-04:00,147.12437940548116,148.20276103826362,146.8837432861328,146.8837432861328,1293700,0.0,0.0
2018-07-10 00:00:00-04:00,147.15111528708718,148.577089981098,146.72332831852495,148.36318969726562,2150100,0.0,0.0
2018-07-11 00:00:00-04:00,145.43104452640839,146.6698684711485,144.9319574230014,146.21533203125,1518200,0.0,0.0
2018-07-12 00:00:00-04:00,146.75904083654834,148.09588764351173,145.3508939013205,147.84634399414062,1913100,0.0,0.0
2018-07-13 00:00:00-04:00,147.1867940660022,149.47726426132658,146.88377879008476,148.65733337402344,1501800,0.0,0.0
2018-07-16 00:00:00-04:00,149.75350868125062,150.20803148885452,148.60382694479247,148.87118530273438,1399500,0.0,0.0
2018-07-17 00:00:00-04:00,148.8801209548601,149.27226471720832,148.21169779606765,148.71078491210938,1854200,0.0,0.0
2018-07-18 00:00:00-04:00,148.14933908145824,148.88015509690277,146.38470534531945,147.07986450195312,1641300,0.0,0.0
2018-07-19 00:00:00-04:00,146.1173556121596,147.34725904590036,144.9944091720762,147.2848663330078,1553400,0.0,0.0
2018-07-20 00:00:00-04:00,145.4310451022998,148.25625889367265,145.4043092644474,147.57000732421875,1326500,0.0,0.0
2018-07-23 00:00:00-04:00,146.53617347492383,146.8837529594943,144.15658875761784,144.29026794433594,1745200,0.0,0.0
2018-07-24 00:00:00-04:00,144.93198202056357,146.16188516205574,144.74483112457492,145.57366943359375,1685100,0.0,0.0
2018-07-25 00:00:00-04:00,146.90160658762647,147.94434522023786,145.23500897812437,147.77500915527344,1562100,0.0,0.0
2018-07-26 00:00:00-04:00,145.06570422376674,149.18318795905813,144.6557318938336,148.34542846679688,2223000,0.0,0.0
2018-07-27 00:00:00-04:00,148.40781207967737,149.66443764192576,147.56114522312174,148.3275909423828,1470800,0.0,0.0
2018-07-30 00:00:00-04:00,148.3275326497925,149.5930923285442,147.0530791579924,147.35609436035156,1268200,0.0,0.0
2018-07-31 00:00:00-04:00,147.74827059321663,149.6911611987417,147.5700271172588,149.28118896484375,1673600,0.0,0.0
2018-08-01 00:00:00-04:00,149.3613938725822,149.66440913631268,146.74117266467738,147.48089599609375,1447600,0.0,0.0
2018-08-02 00:00:00-04:00,146.25097426384565,146.62528955398972,145.19040747555295,146.09054565429688,1597600,0.0,0.0
2018-08-03 00:00:00-04:00,146.1219402327343,147.27743778814929,146.05027945650687,147.08934020996094,1050100,0.825,0.0
2018-08-06 00:00:00-04:00,138.17672089866227,142.24338442730263,137.51388265333588,141.490966796875,3928400,0.0,0.0
2018-08-07 00:00:00-04:00,142.39564929122696,143.17493795349552,140.1563014866444,140.6579132080078,2552900,0.0,0.0
2018-08-08 00:00:00-04:00,140.9982936459604,141.4909528797686,140.1742153220875,140.6758270263672,1740900,0.0,0.0
2018-08-09 00:00:00-04:00,140.63104071839334,141.75071460946333,139.95028391306468,140.76539611816406,1003300,0.0,0.0
2018-08-10 00:00:00-04:00,139.5830351218495,139.5830351218495,138.0602812814768,138.65145874023438,1303700,0.0,0.0
2018-08-13 00:00:00-04:00,139.27852801270947,139.7353501986846,137.57661490570408,138.2305145263672,1337500,0.0,0.0
2018-08-14 00:00:00-04:00,139.1351973070602,139.57411451667357,138.40068446663352,139.14414978027344,1612000,0.0,0.0
2018-08-15 00:00:00-04:00,138.06027862141462,138.58876143601472,136.61813805303674,138.50814819335938,1352200,0.0,0.0
2018-08-16 00:00:00-04:00,139.4666384606283,139.68162086268194,138.2394797101684,138.4186248779297,1102400,0.0,0.0
2018-08-17 00:00:00-04:00,138.08713801030314,139.95922938222535,138.08713801030314,139.7711181640625,1662800,0.0,0.0
2018-08-20 00:00:00-04:00,140.3085806615386,142.15380113356844,140.3085806615386,141.7865447998047,1161100,0.0,0.0
2018-08-21 00:00:00-04:00,142.0104502674629,142.64643094993477,141.49093369269002,141.8134002685547,935200,0.0,0.0
2018-08-22 00:00:00-04:00,141.4461684333043,141.74176398454335,138.7768560013497,138.85748291015625,1229200,0.0,0.0
2018-08-23 00:00:00-04:00,138.83953358342382,139.50238530935974,138.02440788015625,138.7499542236328,840400,0.0,0.0
2018-08-24 00:00:00-04:00,139.20680691626404,140.1921116554907,138.4095997206465,139.92340087890625,708000,0.0,0.0
2018-08-27 00:00:00-04:00,140.60417903282413,141.7417716091692,140.52356578757556,141.5715789794922,674200,0.0,0.0
2018-08-28 00:00:00-04:00,141.97465692057125,142.5121058839585,141.15057853316705,141.84030151367188,1078100,0.0,0.0
2018-08-29 00:00:00-04:00,142.01049143030252,143.01372866150646,141.3386870081811,142.8704071044922,685700,0.0,0.0
2018-08-30 00:00:00-04:00,142.4852785915858,142.73608454013964,140.8639787319996,141.4282989501953,805700,0.0,0.0
2018-08-31 00:00:00-04:00,141.66116899850851,142.47629506580205,141.04312034434597,141.69700622558594,1057800,0.0,0.0
2018-09-04 00:00:00-04:00,141.41036230911863,141.51786032186703,138.94707917503473,139.8965606689453,1577700,0.0,0.0
2018-09-05 00:00:00-04:00,139.6189252926744,140.5952918317928,139.3233295883066,139.86077880859375,1736100,0.0,0.0
2018-09-06 00:00:00-04:00,140.21004628604888,141.24910696722648,139.13516205319723,140.33544921875,897600,0.0,0.0
2018-09-07 00:00:00-04:00,140.03987131082388,140.06674239493938,138.45442267642278,138.866455078125,1225600,0.0,0.0
2018-09-10 00:00:00-04:00,139.55617132954728,140.15631495871494,139.144125280024,139.61886596679688,645300,0.0,0.0
2018-09-11 00:00:00-04:00,139.3501366498269,141.02516437269327,138.44543142239718,140.70269775390625,1247500,0.0,0.0
2018-09-12 00:00:00-04:00,140.59521748255816,141.24910320939676,140.1204631772188,140.2727508544922,799700,0.0,0.0
2018-09-13 00:00:00-04:00,141.58948896376174,142.7181153321665,140.8907998771558,142.59271240234375,867900,0.0,0.0
2018-09-14 00:00:00-04:00,143.03159673773595,143.38094806837128,140.48770126197277,140.6220703125,1675500,0.0,0.0
2018-09-17 00:00:00-04:00,140.7743416632932,142.49415886824258,140.60414906988444,141.544677734375,1529500,0.0,0.0
2018-09-18 00:00:00-04:00,142.04633352542177,142.54794532428008,141.4461898612237,141.6790771484375,1104600,0.0,0.0
2018-09-19 00:00:00-04:00,145.78152738190104,149.26595166784642,145.78152738190104,147.2326202392578,2689100,0.0,0.0
2018-09-20 00:00:00-04:00,148.12835194418497,149.30176783059102,146.83848561571375,148.8807830810547,1624200,0.0,0.0
2018-09-21 00:00:00-04:00,149.56156244604392,150.43938295948723,148.46875962265977,149.14056396484375,2323000,0.0,0.0
2018-09-24 00:00:00-04:00,148.68372491179971,149.81235115702557,146.82953857904351,146.9011993408203,1609000,0.0,0.0
2018-09-25 00:00:00-04:00,146.66834439434834,147.6267782497705,145.8980081205801,146.05923461914062,1273900,0.0,0.0
2018-09-26 00:00:00-04:00,145.74573819500546,147.14308922676764,145.02017792737865,145.62928771972656,1309300,0.0,0.0
2018-09-27 00:00:00-04:00,146.00546272726154,146.7130905511465,145.05598153687964,145.4053192138672,1314300,0.0,0.0
2018-09-28 00:00:00-04:00,143.94525111645825,145.23511743240655,143.4167683994187,143.9721221923828,1302400,0.0,0.0
2018-10-01 00:00:00-04:00,148.31649757258265,151.4695033665107,148.05672555196858,151.2634735107422,2329700,0.0,0.0
2018-10-02 00:00:00-04:00,148.9255828403896,151.61280023051648,148.18211772230717,151.4067840576172,1652300,0.0,0.0
2018-10-03 00:00:00-04:00,152.05173450454876,152.05173450454876,149.7496781196483,150.09902954101562,950500,0.0,0.0
2018-10-04 00:00:00-04:00,149.42717648541657,149.58840293397904,146.3458323459019,148.54039001464844,1720100,0.0,0.0
2018-10-05 00:00:00-04:00,147.03553827072457,148.4597735413145,146.587668810664,147.1161651611328,1538700,0.0,0.0
2018-10-08 00:00:00-04:00,146.44434951685471,147.71629704379401,145.88898213565182,147.17884826660156,1109000,0.0,0.0
2018-10-09 00:00:00-04:00,145.91587046197463,146.66830157259554,144.2139719127695,144.3751983642578,1510400,0.0,0.0
2018-10-10 00:00:00-04:00,144.4020966882234,144.75143436719463,141.4730261996841,141.5357208251953,2222200,0.0,0.0
2018-10-11 00:00:00-04:00,141.46407297365067,141.71489250226773,137.73780861381516,138.1767120361328,1977000,0.0,0.0
2018-10-12 00:00:00-04:00,140.46981720179735,141.3297191142575,139.1351609750462,139.95028686523438,1840700,0.0,0.0
2018-10-15 00:00:00-04:00,140.2817056461529,142.68227995311028,139.7263517594765,140.44293212890625,2161500,0.0,0.0
2018-10-16 00:00:00-04:00,141.27596845005021,144.070669999179,140.82809891113118,143.91839599609375,1297500,0.0,0.0
2018-10-17 00:00:00-04:00,144.84099170138938,145.3336508786242,142.5031123947772,143.130126953125,1540700,0.0,0.0
2018-10-18 00:00:00-04:00,149.66011329143768,150.05424074240545,142.85248962611186,144.53648376464844,3739600,0.0,0.0
2018-10-19 00:00:00-04:00,144.62603940661265,146.05921374909687,142.68227355462326,143.18389892578125,3012000,0.0,0.0
2018-10-22 00:00:00-04:00,148.0029640924108,151.33511455738648,143.78404068729867,149.48094177246094,7591100,0.0,0.0
2018-10-23 00:00:00-04:00,147.65364091582111,148.6389594660641,144.75145476400544,147.05349731445312,4959200,0.0,0.0
2018-10-24 00:00:00-04:00,144.87686443008099,146.9012301198264,144.0169487764811,144.42002868652344,5610900,0.0,0.0
2018-10-25 00:00:00-04:00,145.79049079230083,149.01515701496268,145.49489524956567,147.7969512939453,5105400,0.0,0.0
2018-10-26 00:00:00-04:00,146.64146971416451,149.68697751180989,146.39961630436056,147.74322509765625,35352000,0.0,0.0
2018-10-29 00:00:00-04:00,148.88978673737265,151.5232624520498,147.42972731251083,148.23590087890625,14032500,0.0,0.0
2018-10-30 00:00:00-04:00,148.79123115831402,150.1885820492553,145.77259458832182,147.34909057617188,57375600,0.0,0.0
2018-10-31 00:00:00-04:00,144.87685337882206,148.33440700485866,144.4916784414371,148.21795654296875,18032200,0.0,0.0
2018-11-01 00:00:00-04:00,147.492426121685,148.22692518910236,145.05601430234188,145.10975646972656,11423500,0.0,0.0
2018-11-02 00:00:00-04:00,143.90948535207704,144.93958012382345,139.2337249133527,143.1749725341797,6835100,0.0,0.0
2018-11-05 00:00:00-05:00,141.21328100121917,145.2799446689828,141.03413589278324,145.10079956054688,4477400,0.0,0.0
2018-11-06 00:00:00-05:00,144.95745101273283,149.0061953153289,144.81412948551508,148.2716827392578,2510600,0.0,0.0
2018-11-07 00:00:00-05:00,147.38491733552033,149.45408630371094,147.10724037908517,149.45408630371094,7626300,0.0,0.0
2018-11-08 00:00:00-05:00,147.3490950098222,148.8270591886593,145.9427779375886,148.06568908691406,4010000,0.0,0.0
2018-11-09 00:00:00-05:00,145.99653198254438,146.8474814589721,143.81092622471652,144.67979431152344,3249100,0.0,0.0
2018-11-12 00:00:00-05:00,143.37200070695926,145.37846124705732,142.34190619081133,142.6195831298828,1990800,0.0,0.0
2018-11-13 00:00:00-05:00,143.51533369673888,143.61386555406736,140.21005390841384,140.56834411621094,2507100,0.0,0.0
2018-11-14 00:00:00-05:00,141.69696578535823,141.74175547247336,137.04807782141586,137.37054443359375,2338700,0.0,0.0
2018-11-15 00:00:00-05:00,139.8159193563235,140.00403058996577,136.65396127935807,139.00079345703125,2759400,0.0,0.0
2018-11-16 00:00:00-05:00,137.7109449875141,141.93883496553383,137.40638328195624,141.59844970703125,2726800,0.0,0.0
2018-11-19 00:00:00-05:00,142.07319973695726,144.61709586842875,141.92092570809058,142.8704071044922,2464700,0.0,0.0
2018-11-20 00:00:00-05:00,141.06998298478507,143.48847628761266,140.84604816659925,141.4103546142578,2151600,0.0,0.0
2018-11-21 00:00:00-05:00,142.6374821915028,144.42896017782613,142.01942009935848,142.4762420654297,2070900,0.0,0.0
2018-11-23 00:00:00-05:00,140.50563059528517,141.53572505517008,139.75321305930524,139.90548706054688,963600,0.0,0.0
2018-11-26 00:00:00-05:00,140.66684408414758,141.7238231929522,140.52353623425407,140.91766357421875,2678200,0.0,0.0
2018-11-27 00:00:00-05:00,139.43072231783088,140.3174950932327,135.72236376898312,136.6449737548828,2525900,0.0,0.0
2018-11-28 00:00:00-05:00,137.52288114540121,140.16530987540858,135.88367625834994,139.9951171875,1808800,0.0,0.0
2018-11-29 00:00:00-05:00,139.2963988584809,143.17495125653937,139.1530909732719,142.70021057128906,2901300,0.0,0.0
2018-11-30 00:00:00-05:00,140.64895121426517,143.8646511636246,140.57729044922317,142.46730041503906,3944100,0.0,0.0
2018-12-03 00:00:00-05:00,145.37845385188496,147.27741630730756,143.2465904907187,147.2147216796875,3177200,0.0,0.0
2018-12-04 00:00:00-05:00,146.85643898857774,147.16098703603845,143.72135179109347,144.06173706054688,2746100,0.0,0.0
2018-12-06 00:00:00-05:00,142.00152958580367,142.44044669972865,137.04809306707244,139.71739196777344,4785400,0.0,0.0
2018-12-07 00:00:00-05:00,139.93242090435967,141.99262441610585,136.47486600819943,136.79733276367188,2518700,0.0,0.0
2018-12-10 00:00:00-05:00,139.762190662213,141.11475197615502,138.04237298446753,140.55044555664062,2540400,0.0,0.0
2018-12-11 00:00:00-05:00,144.35732290055185,145.5217865146615,140.31753063679653,141.0430908203125,2552900,0.0,0.0
2018-12-12 00:00:00-05:00,144.7962486071185,145.23516577313134,142.83459107223666,143.81094360351562,2402600,0.0,0.0
2018-12-13 00:00:00-05:00,143.67659294146347,144.48276659462,140.89980902832016,141.60743713378906,2456700,0.0,0.0
2018-12-14 00:00:00-05:00,140.9714376848518,141.94779011880985,139.7801029254783,140.56834411621094,2360800,0.0,0.0
2018-12-17 00:00:00-05:00,141.5453668124813,143.57143125921223,140.1046043765322,141.6714324951172,3148600,0.825,0.0
2018-12-18 00:00:00-05:00,142.6529344157841,143.07615783509507,141.04109375297153,141.92355346679688,2147000,0.0,0.0
2018-12-19 00:00:00-05:00,141.7344755185892,142.7250015299915,139.76245076155638,140.32073974609375,2618700,0.0,0.0
2018-12-20 00:00:00-05:00,139.10504647408092,140.83395275261518,137.26808784692756,138.7178497314453,3398900,0.0,0.0
2018-12-21 00:00:00-05:00,140.48274915285387,141.80644519806702,137.79934419798667,137.8713836669922,5452000,0.0,0.0
2018-12-24 00:00:00-05:00,137.50220843204272,138.14155023367618,133.38705444335938,133.38705444335938,2086800,0.0,0.0
2018-12-26 00:00:00-05:00,133.9453614941265,137.5652668755229,131.42403429444678,137.5382537841797,2591500,0.0,0.0
2018-12-27 00:00:00-05:00,136.91690934640508,140.8429718017578,135.61122636889496,140.8429718017578,2867000,0.0,0.0
2018-12-28 00:00:00-05:00,141.46431103810255,142.7789938980004,139.60932515255968,140.7529296875,1586100,0.0,0.0
2018-12-31 00:00:00-05:00,140.6808882052369,141.37425623912296,138.6188111503349,140.50979614257812,1853900,0.0,0.0
2019-01-02 00:00:00-05:00,138.24961756986036,142.418811925913,138.24061778637272,141.55435180664062,1716400,0.0,0.0
2019-01-03 00:00:00-05:00,138.72686716864493,138.98801203120956,136.80885529580874,137.13302612304688,1775500,0.0,0.0
2019-01-04 00:00:00-05:00,138.51976474353108,141.93255140494745,138.09654132972346,141.0410919189453,1801300,0.0,0.0
2019-01-07 00:00:00-05:00,140.2757275008724,142.31079218233725,139.70842493341743,140.91506958007812,1830200,0.0,0.0
2019-01-08 00:00:00-05:00,140.55484810018595,142.77901783897994,139.7534275610343,142.40982055664062,2207300,0.0,0.0
2019-01-09 00:00:00-05:00,141.13115167425246,143.65247921944658,140.77096791356604,142.68898010253906,2099900,0.0,0.0
2019-01-10 00:00:00-05:00,142.90509359305122,145.85864457952908,142.5899362182299,145.74159240722656,2093900,0.0,0.0
2019-01-11 00:00:00-05:00,144.57994307337907,144.7600349258416,143.50837800205483,144.26478576660156,1380400,0.0,0.0
2019-01-14 00:00:00-05:00,142.6079124501961,143.6254513929559,142.00459715585615,142.29275512695312,2004800,0.0,0.0
2019-01-15 00:00:00-05:00,141.23019117890672,142.15767732982928,140.9600465133666,141.5813751220703,2110700,0.0,0.0
2019-01-16 00:00:00-05:00,141.85153950276256,142.65296008650182,141.44632931819874,141.5904083251953,1382100,0.0,0.0
2019-01-17 00:00:00-05:00,140.8339606510934,141.95955181275534,140.66288233622703,141.60836791992188,2176500,0.0,0.0
2019-01-18 00:00:00-05:00,142.95913443845407,145.3814097846793,142.28377947159416,144.78709411621094,2494800,0.0,0.0
2019-01-22 00:00:00-05:00,145.5254450979842,145.67852386234395,143.79653855093986,144.8320770263672,1699100,0.0,0.0
2019-01-23 00:00:00-05:00,144.589017934562,145.05725420157398,141.78854515935276,143.1122283935547,1569500,0.0,0.0
2019-01-24 00:00:00-05:00,141.92357700353892,142.19372170281284,140.8610115170962,141.70745849609375,2528000,0.0,0.0
2019-01-25 00:00:00-05:00,142.89601674268584,144.17468634381032,142.8509903591,143.0310821533203,1242700,0.0,0.0
2019-01-28 00:00:00-05:00,142.07662614240962,142.6259152115824,141.2662059538525,142.46383666992188,1422500,0.0,0.0
2019-01-29 00:00:00-05:00,143.6885408561761,145.87668452884492,143.49043561748184,145.17431640625,1558300,0.0,0.0
2019-01-30 00:00:00-05:00,145.68749365019008,147.45242644906753,145.12020510851076,146.7050323486328,1113500,0.0,0.0
2019-01-31 00:00:00-05:00,145.13821992919776,147.15528423421625,143.7424978830007,146.7860870361328,1645900,0.0,0.0
2019-02-01 00:00:00-05:00,147.596553612652,149.38848634253014,147.19134345333995,149.26242065429688,1324300,0.0,0.0
2019-02-04 00:00:00-05:00,149.01030434110552,149.19940976263666,146.97523981386607,147.2273712158203,2106500,0.0,0.0
2019-02-05 00:00:00-05:00,148.81214855517325,149.46950367410903,147.49746579755413,148.56903076171875,2358600,0.0,0.0
2019-02-06 00:00:00-05:00,147.63255357163132,148.23586886538482,146.81311979976516,147.15530395507812,1124800,0.0,0.0
2019-02-07 00:00:00-05:00,145.65150539171094,146.09274210101265,143.56240147027503,144.69700622558594,1361000,0.0,0.0
2019-02-08 00:00:00-05:00,144.1387775368207,145.52550046754746,143.24730396269652,145.17431640625,1557900,0.0,0.0
2019-02-11 00:00:00-05:00,145.03019117350593,145.53445389678083,144.6429943467515,145.2913360595703,1128400,0.0,0.0
2019-02-12 00:00:00-05:00,147.79468896261307,150.87430603807024,147.5785704214796,150.85629272460938,1772000,0.0,0.0
2019-02-13 00:00:00-05:00,150.46001604888733,151.72068637378854,150.18987142639946,150.72116088867188,1599300,0.0,0.0
2019-02-14 00:00:00-05:00,150.06382216981055,150.91928252454446,149.41548050102685,149.9287567138672,1104100,0.0,0.0
2019-02-15 00:00:00-05:00,153.56669347016972,153.71978600547254,151.0723925992615,151.7657470703125,2573600,0.0,0.0
2019-02-19 00:00:00-05:00,151.27950808994885,151.98187613544167,150.88329765605414,151.1534423828125,2221200,0.0,0.0
2019-02-20 00:00:00-05:00,150.91026753198244,153.9898835586685,150.91026753198244,153.35055541992188,2574800,0.0,0.0
2019-02-21 00:00:00-05:00,153.96288266885466,155.1515137242945,153.5666723170414,154.34107971191406,1736500,0.0,0.0
2019-02-22 00:00:00-05:00,155.09746470193915,156.4481741169022,154.47613617263585,156.2320556640625,1075700,0.0,0.0
2019-02-25 00:00:00-05:00,156.58325910252734,157.59178452804744,156.13302257468752,157.2406005859375,1526800,0.0,0.0
2019-02-26 00:00:00-05:00,156.49319122466076,157.4837169865344,156.1870337128551,156.60125732421875,1739200,0.0,0.0
2019-02-27 00:00:00-05:00,156.1419968872937,157.69081138961423,155.44864264041996,157.1325225830078,1451800,0.0,0.0
2019-02-28 00:00:00-05:00,157.41173704980957,157.51978945011723,155.87193538489646,155.9980010986328,1698300,0.0,0.0
2019-03-01 00:00:00-05:00,158.80741351886857,159.14058412088607,151.15339327482945,151.62164306640625,3033500,0.0,0.0
2019-03-04 00:00:00-05:00,151.59461751080482,152.09888013405538,149.5415404074985,151.90977478027344,1738100,0.0,0.0
2019-03-05 00:00:00-05:00,151.59461991540664,153.02636854487332,151.59461991540664,151.6756591796875,1205900,0.0,0.0
2019-03-06 00:00:00-05:00,152.03588268106412,152.79227682611304,151.46859394234232,152.29702758789062,986800,0.0,0.0
2019-03-07 00:00:00-05:00,153.2972157902233,153.2972157902233,150.99812570114224,151.5864715576172,1450100,0.875,0.0
2019-03-08 00:00:00-05:00,152.74502867033246,153.44200244617437,151.84891952996426,153.3876953125,1558400,0.0,0.0
2019-03-11 00:00:00-04:00,153.4057817011574,155.06221826290246,153.35147456988372,155.03506469726562,1188800,0.0,0.0
2019-03-12 00:00:00-04:00,155.48767902793958,156.5014492138263,155.13466878024096,155.97647094726562,1309200,0.0,0.0
2019-03-13 00:00:00-04:00,157.50619498210295,158.86392901998244,157.1712916724665,157.85015869140625,1538500,0.0,0.0
2019-03-14 00:00:00-04:00,157.72344076527102,157.8954226235918,156.7458705797517,157.68724060058594,1033200,0.0,0.0
2019-03-15 00:00:00-04:00,159.56087216175692,160.1763853218903,157.886328314323,159.69664001464844,3661400,0.0,0.0
2019-03-18 00:00:00-04:00,158.1760235692558,158.3570520213241,156.981210924751,157.9949951171875,1220400,0.0,0.0
2019-03-19 00:00:00-04:00,158.71908838597506,159.11734536969757,156.24800290008176,157.11695861816406,1251600,0.0,0.0
2019-03-20 00:00:00-04:00,158.7191022877972,160.09492939552422,157.82299291987266,159.87770080566406,1536400,0.0,0.0
2019-03-21 00:00:00-04:00,157.80487055316362,159.1535577672929,157.22557135069127,158.4927978515625,1146300,0.0,0.0
2019-03-22 00:00:00-04:00,155.77732516643843,156.374717522417,153.14331836439754,153.74977111816406,1384000,0.0,0.0
2019-03-25 00:00:00-04:00,154.75454368323142,155.61443923903656,153.47827023313218,153.8765411376953,1349700,0.0,0.0
2019-03-26 00:00:00-04:00,154.68207383882054,155.0531910309506,153.5958896430378,154.76353454589844,1408100,0.0,0.0
2019-03-27 00:00:00-04:00,153.38771432270352,153.92175295212843,152.69074046048172,153.4058074951172,1821400,0.0,0.0
2019-03-28 00:00:00-04:00,154.74546747099822,157.36136761710983,154.53727165791324,157.2255859375,1892500,0.0,0.0
2019-03-29 00:00:00-04:00,158.71910129324874,159.3979682554755,157.3885209423576,159.24407958984375,2158100,0.0,0.0
2019-04-01 00:00:00-04:00,160.06777881791945,161.28068450595435,159.3074511160096,159.8324432373047,1791900,0.0,0.0
2019-04-02 00:00:00-04:00,160.5113044495461,161.28067871136565,159.9320052005828,161.1358642578125,1179700,0.0,0.0
2019-04-03 00:00:00-04:00,163.9690097950261,167.0284416051857,163.49833860237462,165.40821838378906,2379600,0.0,0.0
2019-04-04 00:00:00-04:00,166.15947111491363,166.5848816708175,165.11853356850904,166.45816040039062,1471400,0.0,0.0
2019-04-05 00:00:00-04:00,167.08275548047104,167.84308326373488,166.53060972585632,167.1099090576172,1403400,0.0,0.0
2019-04-08 00:00:00-04:00,168.26849943100544,168.28660641873932,166.6844763881202,167.3090362548828,1138500,0.0,0.0
2019-04-09 00:00:00-04:00,167.49911794857505,167.49911794857505,165.41725641874459,165.5530242919922,1388200,0.0,0.0
2019-04-10 00:00:00-04:00,165.99659517148476,166.17762364939188,162.76519471550117,163.85137939453125,2443700,0.0,0.0
2019-04-11 00:00:00-04:00,164.4487976091307,164.5664723533167,162.71995949246516,162.79237365722656,1916400,0.0,0.0
2019-04-12 00:00:00-04:00,163.6522057388086,163.9509088728704,163.05479947068497,163.24488830566406,1914500,0.0,0.0
2019-04-15 00:00:00-04:00,163.0548095703125,163.3172987465491,162.14965352433282,163.0548095703125,1448000,0.0,0.0
2019-04-16 00:00:00-04:00,163.00047969291083,163.543564957834,161.84188122050816,163.4892578125,1749700,0.0,0.0
2019-04-17 00:00:00-04:00,163.50734802116946,164.61163923493035,162.38494982362744,162.84658813476562,1663300,0.0,0.0
2019-04-18 00:00:00-04:00,163.03668804987748,163.6431408892375,162.6293706278099,163.29013061523438,1547300,0.0,0.0
2019-04-22 00:00:00-04:00,162.79232815719774,163.65222367956744,161.86906507902674,161.9324188232422,1002100,0.0,0.0
2019-04-23 00:00:00-04:00,161.70611150286607,162.67463503821673,161.61560419114466,162.32162475585938,1796500,0.0,0.0
2019-04-24 00:00:00-04:00,162.03192385926306,162.48450172874362,160.67419025082137,160.7737579345703,1780200,0.0,0.0
2019-04-25 00:00:00-04:00,159.50657542366082,159.9863069506087,158.32986997938784,159.56088256835938,2229900,0.0,0.0
2019-04-26 00:00:00-04:00,158.80054086412648,161.3530731201172,158.73717332653138,161.3530731201172,1483900,0.0,0.0
2019-04-29 00:00:00-04:00,160.02252114532263,161.3531015534733,159.75098539801374,160.30313110351562,1195400,0.0,0.0
2019-04-30 00:00:00-04:00,161.00006915024343,163.43494063486565,160.56559820265784,163.16339111328125,1404200,0.0,0.0
2019-05-01 00:00:00-04:00,162.82848867930213,164.01424065752838,161.12679122632142,161.38023376464844,1018300,0.0,0.0
2019-05-02 00:00:00-04:00,161.0544015709752,163.37161254882812,160.45700910362302,163.37161254882812,1691000,0.0,0.0
2019-05-03 00:00:00-04:00,162.63841525958338,164.2586521524717,162.2401582413715,163.79702758789062,1248900,0.0,0.0
2019-05-06 00:00:00-04:00,160.96393681637994,162.32167118481317,160.94582982422278,161.6880645751953,1407000,0.0,0.0
2019-05-07 00:00:00-04:00,159.8324352230534,160.0949243647473,156.51051462885215,158.01307678222656,2049600,0.0,0.0
2019-05-08 00:00:00-04:00,157.8863393423625,160.69232819849242,157.71437132054902,159.7962188720703,1264600,0.0,0.0
2019-05-09 00:00:00-04:00,156.77298603957254,158.13978017396673,155.32474500733557,156.9087677001953,1999500,0.0,0.0
2019-05-10 00:00:00-04:00,158.06743020925515,164.93756239091041,157.74157342771167,164.3673095703125,2511800,0.0,0.0
2019-05-13 00:00:00-04:00,162.69274406510849,163.84228223831545,160.95484620620599,163.5435791015625,2328500,0.0,0.0
2019-05-14 00:00:00-04:00,163.20865757304045,165.06422992414818,162.7289260525723,163.76080322265625,2029300,0.0,0.0
2019-05-15 00:00:00-04:00,161.63366612013982,165.07324686156937,161.40737718654154,163.7064666748047,1184200,0.0,0.0
2019-05-16 00:00:00-04:00,167.53532657268755,171.0473363949739,167.00128782882834,169.85252380371094,1866600,0.0,0.0
2019-05-17 00:00:00-04:00,170.341288830947,171.48178027804803,169.16458341382722,171.074462890625,1737900,0.0,0.0
2019-05-20 00:00:00-04:00,168.3590294500568,169.41806039727172,167.13706322780118,167.689208984375,1383700,0.0,0.0
2019-05-21 00:00:00-04:00,169.046906585277,169.6624197635468,168.49476094794517,169.508544921875,1051500,0.0,0.0
2019-05-22 00:00:00-04:00,170.05163382979006,171.7261777626926,169.42707405144714,170.3865509033203,1334800,0.0,0.0
2019-05-23 00:00:00-04:00,168.25946511703407,169.30038909651464,166.97414512586508,167.5262908935547,1318500,0.0,0.0
2019-05-24 00:00:00-04:00,169.59905591878908,170.30507641317945,168.22322890035716,170.04258728027344,1025300,0.0,0.0
2019-05-28 00:00:00-04:00,169.2098491467534,169.9701768014128,166.30429257929922,166.82928466796875,1483100,0.0,0.0
2019-05-29 00:00:00-04:00,164.249607196614,165.76121599811069,164.02331820576268,165.652587890625,1405400,0.0,0.0
2019-05-30 00:00:00-04:00,165.57111707031274,166.73877592637555,165.43534920871616,166.0146484375,1042000,0.0,0.0
2019-05-31 00:00:00-04:00,163.98193108756254,164.99147096838868,163.59084106925803,164.2093048095703,1757200,0.875,0.0
2019-06-03 00:00:00-04:00,165.04603715740166,170.44843897072982,164.80046965376204,170.3302001953125,2882600,0.0,0.0
2019-06-04 00:00:00-04:00,170.81224052881788,174.0318603515625,168.8750118876375,174.0318603515625,3115200,0.0,0.0
2019-06-05 00:00:00-04:00,174.0318730788622,175.35063804783067,173.24970682699657,175.30516052246094,3708800,0.0,0.0
2019-06-06 00:00:00-04:00,176.72395819871195,180.134564197229,176.1600757811837,179.48883056640625,3468200,0.0,0.0
2019-06-07 00:00:00-04:00,182.0354449706291,182.9085664028685,179.7435272318651,181.9445037841797,3613300,0.0,0.0
2019-06-10 00:00:00-04:00,182.0080936106464,183.71794826309647,180.28914900626663,182.28094482421875,1197400,0.0,0.0
2019-06-11 00:00:00-04:00,182.99040424176707,183.5543006187796,181.64435543179553,182.6175079345703,1720000,0.0,0.0
2019-06-12 00:00:00-04:00,183.3359749080964,183.97261853232968,182.7811824903095,183.43601989746094,1956300,0.0,0.0
2019-06-13 00:00:00-04:00,185.0640238338243,185.43692008451112,183.39055649905254,184.39100646972656,2855100,0.0,0.0
2019-06-14 00:00:00-04:00,184.31824623272877,184.83665112746928,183.19955747446255,184.3637237548828,1524000,0.0,0.0
2019-06-17 00:00:00-04:00,184.56379193947055,185.18225568304217,182.8448471471445,183.04493713378906,1757200,0.0,0.0
2019-06-18 00:00:00-04:00,185.70066916493792,186.22817789256712,184.36372437807051,185.55516052246094,2006900,0.0,0.0
2019-06-19 00:00:00-04:00,183.9362522938244,184.14543223358936,181.11681257230046,182.43557739257812,1944700,0.0,0.0
2019-06-20 00:00:00-04:00,185.21861187995086,185.2731932257097,183.26320359616952,184.0271759033203,1703300,0.0,0.0
2019-06-21 00:00:00-04:00,184.30003427294338,184.61836301883739,183.7452418640758,183.83619689941406,3770300,0.0,0.0
2019-06-24 00:00:00-04:00,184.16363356266606,185.41872713046942,183.7452597882041,184.97308349609375,1092500,0.0,0.0
2019-06-25 00:00:00-04:00,185.82796193924253,185.82796193924253,184.36367493152028,184.44552612304688,1118800,0.0,0.0
2019-06-26 00:00:00-04:00,183.76345175088417,183.99991543458034,182.40829932120832,182.44468688964844,1369900,0.0,0.0
2019-06-27 00:00:00-04:00,180.71664462229543,181.8535133150348,180.49837471507612,181.47152709960938,1532100,0.0,0.0
2019-06-28 00:00:00-04:00,181.5351805929049,183.46330526568232,181.09861306572526,182.62657165527344,6440600,0.0,0.0
2019-07-01 00:00:00-04:00,184.64561992744328,184.80023236282335,183.2722740334291,184.62742614746094,1113300,0.0,0.0
2019-07-02 00:00:00-04:00,183.7270651807082,185.50968134359866,183.29051150159285,185.11859130859375,1722400,0.0,0.0
2019-07-03 00:00:00-04:00,183.71797881935296,185.18226623535156,183.45423139163267,185.18226623535156,939500,0.0,0.0
2019-07-05 00:00:00-04:00,182.8993930286412,184.7820398752371,181.98989831219404,184.1090087890625,1741300,0.0,0.0
2019-07-08 00:00:00-04:00,182.85391861047643,185.20950663525335,182.6993061713995,183.4178009033203,1277100,0.0,0.0
2019-07-09 00:00:00-04:00,184.09993840954317,184.27274464448524,182.5447100506437,182.7811737060547,1160700,0.0,0.0
2019-07-10 00:00:00-04:00,183.79073025983007,184.30913513412938,183.22684786516993,183.5087890625,1062000,0.0,0.0
2019-07-11 00:00:00-04:00,183.2086625136477,184.68203987217356,182.83576625843344,184.4546661376953,1225200,0.0,0.0
2019-07-12 00:00:00-04:00,185.31869356196515,186.19181485574597,184.6092885823023,185.51878356933594,1027600,0.0,0.0
2019-07-15 00:00:00-04:00,185.7097971969729,186.53744102633877,185.27324345706944,185.6006622314453,869000,0.0,0.0
2019-07-16 00:00:00-04:00,185.65522299881718,186.94670426275385,184.12726414773357,184.2545928955078,1073700,0.0,0.0
2019-07-17 00:00:00-04:00,185.11857865361307,185.4005337190121,183.49967890468076,183.55426025390625,986700,0.0,0.0
2019-07-18 00:00:00-04:00,184.4455917274279,185.24593790333785,183.5542904989454,185.20956420898438,1013800,0.0,0.0
2019-07-19 00:00:00-04:00,184.6183810281376,186.09175837537217,184.29096229788647,184.97308349609375,1228300,0.0,0.0
2019-07-22 00:00:00-04:00,186.07352242020485,186.43732863680563,184.78204157629537,185.15493774414062,653400,0.0,0.0
2019-07-23 00:00:00-04:00,186.2918306106413,188.1017303466797,185.70975446544048,188.1017303466797,1064800,0.0,0.0
2019-07-24 00:00:00-04:00,185.59153686944765,185.7097756535816,183.89987571104675,184.4001007080078,1102800,0.0,0.0
2019-07-25 00:00:00-04:00,182.25368238634994,182.51742980102134,178.74303151857777,181.79893493652344,2084900,0.0,0.0
2019-07-26 00:00:00-04:00,181.38056995397437,182.94490236730323,181.28053883285094,182.77210998535156,1191200,0.0,0.0
2019-07-29 00:00:00-04:00,181.6898193359375,182.08999935484286,181.21687805197735,181.6898193359375,1468200,0.0,0.0
2019-07-30 00:00:00-04:00,178.08817512535373,179.8889709492131,178.03360765762912,178.71572875976562,2466300,0.0,0.0
2019-07-31 00:00:00-04:00,178.17915130263412,178.43380876743075,171.88544818533418,173.9681854248047,4160900,0.0,0.0
2019-08-01 00:00:00-04:00,172.44936162516618,175.9872969097386,172.04009161721387,173.18605041503906,3762800,0.0,0.0
2019-08-02 00:00:00-04:00,171.69448126112442,171.94004882017853,169.0114735324164,170.72132873535156,2556900,0.0,0.0
2019-08-05 00:00:00-04:00,172.80401273404067,175.61434834730903,172.09460789725037,173.3769989013672,3074800,0.0,0.0
2019-08-06 00:00:00-04:00,173.07688420588784,173.1041679429736,169.0750982738877,171.67625427246094,2352000,0.0,0.0
2019-08-07 00:00:00-04:00,170.12104572395523,174.08644455361923,169.72995565015043,173.51345825195312,2078900,0.0,0.0
2019-08-08 00:00:00-04:00,173.24059720957766,175.9236045832807,172.80404351175073,175.17782592773438,1927100,0.0,0.0
2019-08-09 00:00:00-04:00,172.74037140800385,175.3506313848855,172.54938523761726,174.5957489013672,1600200,0.0,0.0
2019-08-12 00:00:00-04:00,175.55069353462966,177.02407069787716,174.63209488730016,174.80490112304688,1891100,0.0,0.0
2019-08-13 00:00:00-04:00,174.7412577641688,177.9062960975359,174.16827154222304,175.44155883789062,1678700,0.0,0.0
2019-08-14 00:00:00-04:00,171.71264561607998,173.0950817959166,168.70221961723567,168.83863830566406,2441100,0.0,0.0
2019-08-15 00:00:00-04:00,168.9022995952688,170.52119936496854,168.32022342950924,169.7481231689453,1508300,0.0,0.0
2019-08-16 00:00:00-04:00,169.78450218288242,172.0127758020872,169.67536723518913,171.7035369873047,1198900,0.0,0.0
2019-08-19 00:00:00-04:00,172.1128371784542,173.10418338846716,171.26699961995152,171.99459838867188,1232100,0.0,0.0
2019-08-20 00:00:00-04:00,171.1942462116941,171.8945612730329,169.4389274589767,170.703125,1364200,0.0,0.0
2019-08-21 00:00:00-04:00,172.17647065243645,172.75854681085633,171.53982702256945,171.65806579589844,1074700,0.0,0.0
2019-08-22 00:00:00-04:00,171.48525235089184,171.8945222473514,169.7208301666367,170.1937713623047,1446700,0.0,0.0
2019-08-23 00:00:00-04:00,168.8386186511382,170.4029508593723,165.16426566668883,167.58351135253906,2119700,0.0,0.0
2019-08-26 00:00:00-04:00,168.4839576630486,168.6567639426371,167.19247636006244,168.18382263183594,1226800,0.0,0.0
2019-08-27 00:00:00-04:00,169.25697872417615,169.52981604726457,167.6835428128272,168.0200653076172,1477100,0.0,0.0
2019-08-28 00:00:00-04:00,167.9745906225127,169.10235525103465,167.21970830108557,168.229248046875,1122700,0.0,0.0
2019-08-29 00:00:00-04:00,171.11241131574778,171.38526262729715,170.13925875383455,170.6758575439453,1458900,0.0,0.0
2019-08-30 00:00:00-04:00,172.24289538646792,172.91907941163754,171.24690533236222,172.61753845214844,1686800,0.875,0.0
2019-09-03 00:00:00-04:00,171.1190165283657,171.9139794452299,170.14129133574988,171.08245849609375,1370200,0.0,0.0
2019-09-04 00:00:00-04:00,171.82261677912246,172.6084472438013,170.42457166471092,171.38401794433594,1210400,0.0,0.0
2019-09-05 00:00:00-04:00,172.4256539469266,173.1566611095643,170.96365356445312,170.96365356445312,1911200,0.0,0.0
2019-09-06 00:00:00-04:00,172.26120171728908,173.88768549528558,171.75863337177256,173.17495727539062,1066700,0.0,0.0
2019-09-09 00:00:00-04:00,171.87743217638402,172.1881057309285,169.0721958205754,169.23667907714844,2862300,0.0,0.0
2019-09-10 00:00:00-04:00,168.2315354964116,169.7026824951172,167.45483769889003,169.7026824951172,1788900,0.0,0.0
2019-09-11 00:00:00-04:00,169.65698431628445,171.53931844100347,169.1452834601825,171.42967224121094,1292100,0.0,0.0
2019-09-12 00:00:00-04:00,174.20747418031252,176.0075735654568,172.9921916790504,175.0481414794922,1640200,0.0,0.0
2019-09-13 00:00:00-04:00,175.88879072601452,177.0035734849633,175.4227665254104,175.58724975585938,1717100,0.0,0.0
2019-09-16 00:00:00-04:00,175.07550668207026,175.25825493850533,171.55754348880242,172.26113891601562,1263900,0.0,0.0
2019-09-17 00:00:00-04:00,173.9242108749281,176.53755204771127,173.38509849990965,175.6603546142578,1186700,0.0,0.0
2019-09-18 00:00:00-04:00,176.76597376758528,176.96700106467048,174.52727589673697,176.0441131591797,1694800,0.0,0.0
2019-09-19 00:00:00-04:00,178.81278117331115,179.20568926918395,177.19543034956556,177.4878387451172,1601500,0.0,0.0
2019-09-20 00:00:00-04:00,178.6300666339131,179.32451579030362,176.44619155983497,177.36907958984375,2475500,0.0,0.0
2019-09-23 00:00:00-04:00,176.0349641532814,177.26853946378353,175.94359698315552,176.82994079589844,859600,0.0,0.0
2019-09-24 00:00:00-04:00,176.510147657758,177.12236216752643,174.39024215527067,175.00245666503906,1539800,0.0,0.0
2019-09-25 00:00:00-04:00,174.19836284925915,176.2360338844136,173.91510085090002,175.6695098876953,852100,0.0,0.0
2019-09-26 00:00:00-04:00,176.3914108369215,176.54676159024874,174.96595404126862,175.71524047851562,1345600,0.0,0.0
2019-09-27 00:00:00-04:00,175.5872528394584,176.12636521550579,174.1435175370589,175.0298614501953,873900,0.0,0.0
2019-09-30 00:00:00-04:00,175.91623712557936,177.48789791865352,175.60554961602426,177.0127410888672,1027200,0.0,0.0
2019-10-01 00:00:00-04:00,177.20459991435249,177.28684850703894,172.19722360792213,172.28860473632812,1127500,0.0,0.0
2019-10-02 00:00:00-04:00,169.89453391646288,169.95850348666355,166.3583049991624,168.23150634765625,1996200,0.0,0.0
2019-10-03 00:00:00-04:00,168.00310730965197,169.0265091329659,166.55937177016028,168.71583557128906,955600,0.0,0.0
2019-10-04 00:00:00-04:00,169.64785825286944,171.21951890960224,168.33204803394867,170.1230010986328,1498100,0.0,0.0
2019-10-07 00:00:00-04:00,169.95854881780798,173.9242449439504,169.8032120323476,172.3160400390625,2744100,0.0,0.0
2019-10-08 00:00:00-04:00,171.2743134864407,171.28344602098326,167.85686328939732,168.23150634765625,1526600,0.0,0.0
2019-10-09 00:00:00-04:00,170.0590469587135,171.82258848793964,169.6661248196673,171.22865295410156,1266600,0.0,0.0
2019-10-10 00:00:00-04:00,173.82367143353392,175.4958453500997,172.33425973606361,174.7374267578125,1486200,0.0,0.0
2019-10-11 00:00:00-04:00,176.06239128683814,179.5894878389472,175.76086426164568,177.4969940185547,1609600,0.0,0.0
2019-10-14 00:00:00-04:00,177.5427206219824,178.46560878328182,175.86141361924106,175.9253692626953,1213700,0.0,0.0
2019-10-15 00:00:00-04:00,178.9041625886985,180.95097969218008,178.08178831061082,178.34677124023438,1519300,0.0,0.0
2019-10-16 00:00:00-04:00,180.7408524686028,181.08807010012757,179.2240148934682,179.87278747558594,1570400,0.0,0.0
2019-10-17 00:00:00-04:00,180.7042793651869,181.8190621702814,179.59864303831912,179.68087768554688,958900,0.0,0.0
2019-10-18 00:00:00-04:00,179.90017884942196,180.22913137167885,178.12749103186002,178.9041748046875,1022800,0.0,0.0
2019-10-21 00:00:00-04:00,179.04125115846,179.1417648190711,177.57010427649837,178.1549072265625,927900,0.0,0.0
2019-10-22 00:00:00-04:00,176.42788803241467,176.97613288724182,174.89277176473774,174.9567413330078,1429700,0.0,0.0
2019-10-23 00:00:00-04:00,177.04926890248495,178.06353811241272,176.5101564786611,176.99444580078125,1227900,0.0,0.0
2019-10-24 00:00:00-04:00,177.55183793683926,177.85337894019713,176.0715584138126,176.34568786621094,996600,0.0,0.0
2019-10-25 00:00:00-04:00,177.6249206318162,178.5934991739547,177.30510064852066,178.18231201171875,1025000,0.0,0.0
2019-10-28 00:00:00-04:00,179.37931848513082,179.90929828477738,178.80364812739737,179.79965209960938,1216700,0.0,0.0
2019-10-29 00:00:00-04:00,180.71340682084914,183.94809475653156,180.11032491905726,181.93783569335938,1080100,0.0,0.0
2019-10-30 00:00:00-04:00,180.8048070452637,182.34905616268804,179.37021807544795,182.01097106933594,1110400,0.0,0.0
2019-10-31 00:00:00-04:00,182.0018589630318,182.06582855645166,179.964187596348,181.2434539794922,1303500,0.0,0.0
2019-11-01 00:00:00-04:00,181.7277194312062,182.79681181737345,181.27084162808495,181.6546173095703,812200,0.0,0.0
2019-11-04 00:00:00-05:00,183.8932559851948,184.112562278821,182.86070802405413,183.4455108642578,1086100,0.0,0.0
2019-11-05 00:00:00-05:00,183.61003322224084,184.10345505961513,181.7916547496973,183.03436279296875,1132900,0.0,0.0
2019-11-06 00:00:00-05:00,183.7653578214178,184.21310300819357,182.8516023778113,183.7744903564453,1084500,0.0,0.0
2019-11-07 00:00:00-05:00,184.24966538327087,185.23652303347657,183.70140648555562,185.1268768310547,1098200,0.0,0.0
2019-11-08 00:00:00-05:00,186.04058358305608,186.81726721789244,184.86183144489368,185.49232482910156,966000,0.0,0.0
2019-11-11 00:00:00-05:00,185.28222539411462,185.7847937585474,184.1948540081974,184.84361267089844,881600,0.0,0.0
2019-11-12 00:00:00-05:00,187.53002348041096,189.79614699149468,186.57057748786679,188.01431274414062,1681200,0.0,0.0
2019-11-13 00:00:00-05:00,189.33014482417542,190.69164559620506,188.91895762033386,189.8966827392578,1388200,0.0,0.0
2019-11-14 00:00:00-05:00,189.22962647889705,190.94749131082577,188.90982041395037,190.6459503173828,1003000,0.0,0.0
2019-11-15 00:00:00-05:00,191.88865544613458,192.19019643497194,190.36268543072305,191.62367248535156,1772000,0.0,0.0
2019-11-18 00:00:00-05:00,190.41747346217662,191.8520760288567,189.585952762106,191.07537841796875,1115900,0.0,0.0
2019-11-19 00:00:00-05:00,192.07135873713375,192.3454881120766,189.54025268554688,189.54025268554688,1463700,0.0,0.0
2019-11-20 00:00:00-05:00,189.1656517002149,189.7869986957267,187.8315626469083,188.39808654785156,1234900,0.0,0.0
2019-11-21 00:00:00-05:00,189.3575506260655,189.88753049554126,188.26104680150985,188.47120666503906,1369500,0.0,0.0
2019-11-22 00:00:00-05:00,187.69451812483132,188.3158651640881,187.0092015088734,187.23764038085938,936700,0.0,0.0
2019-11-25 00:00:00-05:00,187.0823138918532,188.19709676377047,186.62543612279867,188.17881774902344,1418800,0.0,0.0
2019-11-26 00:00:00-05:00,187.42041864659979,188.21538158647874,186.9909523831974,187.4478302001953,1547400,0.0,0.0
2019-11-27 00:00:00-05:00,186.36960250579014,188.33417151288867,186.23253079702246,188.23365783691406,1074000,0.0,0.0
2019-11-29 00:00:00-05:00,187.6762812659931,188.9829591575095,187.46612136054557,188.42556762695312,847600,0.0,0.0
2019-12-02 00:00:00-05:00,186.1451381933179,186.81501816124825,183.37383380225577,184.1079559326172,1718600,0.875,0.0
2019-12-03 00:00:00-05:00,184.08966916401153,185.87908291198303,183.17201965200354,185.4019012451172,1230600,0.0,0.0
2019-12-04 00:00:00-05:00,187.47576505503858,188.13647370739082,185.97999213343317,186.05340576171875,1384500,0.0,0.0
2019-12-05 00:00:00-05:00,186.43880056133438,187.2555078517897,185.59456491294813,186.97103881835938,868700,0.0,0.0
2019-12-06 00:00:00-05:00,188.66870384272218,189.02658651373426,187.75105453220743,188.60446166992188,912300,0.0,0.0
2019-12-09 00:00:00-05:00,189.82493123786412,189.953401577393,187.91621904899432,188.42092895507812,1038300,0.0,0.0
2019-12-10 00:00:00-05:00,187.8427931918259,188.7971562252112,187.04444284833727,187.15455627441406,1135900,0.0,0.0
2019-12-11 00:00:00-05:00,188.53101246554374,189.36607654105237,188.01713118898908,188.7053680419922,1159200,0.0,0.0
2019-12-12 00:00:00-05:00,190.03600048891016,192.9357757948007,189.8341165117774,192.63294982910156,1333000,0.0,0.0
2019-12-13 00:00:00-05:00,193.7249655101289,194.2113185722427,191.2197865672495,191.83460998535156,1527900,0.0,0.0
2019-12-16 00:00:00-05:00,193.71576380582763,193.77999197268238,192.54117387672818,192.72470092773438,1797200,0.0,0.0
2019-12-17 00:00:00-05:00,193.05505673511055,193.18352707204448,191.52258414374973,192.39434814453125,1433000,0.0,0.0
2019-12-18 00:00:00-05:00,192.08236704982465,192.0915385024492,189.89835713445777,191.17388916015625,1427300,0.0,0.0
2019-12-19 00:00:00-05:00,190.8160167072031,192.20166224755738,190.55907599776282,192.15577697753906,1205200,0.0,0.0
2019-12-20 00:00:00-05:00,195.57858425728523,196.32187789089974,193.64234382796852,194.642578125,3034100,0.0,0.0
2019-12-23 00:00:00-05:00,194.61503540530887,194.8260907913501,193.7157431497194,194.33056640625,967400,0.0,0.0
2019-12-24 00:00:00-05:00,194.14709137799963,194.91791351783024,193.32119851199363,194.19296264648438,399900,0.0,0.0
2019-12-26 00:00:00-05:00,194.26636953237025,195.2299041748047,193.71578830970643,195.2299041748047,481000,0.0,0.0
2019-12-27 00:00:00-05:00,196.51459960399487,196.61554159099245,194.624244213147,194.78024291992188,825500,0.0,0.0
2019-12-30 00:00:00-05:00,195.28488254529387,195.3674675952262,193.87170923833875,194.07359313964844,807500,0.0,0.0
2019-12-31 00:00:00-05:00,194.30306068614155,195.38588009930592,193.86257895672392,195.36752319335938,1040000,0.0,0.0
2020-01-02 00:00:00-05:00,195.99154244792783,196.78989287155326,193.12848106481536,193.3854217529297,2604100,0.0,0.0
2020-01-03 00:00:00-05:00,190.32045838644467,191.8345881261505,188.27410437701843,188.356689453125,2899300,0.0,0.0
2020-01-06 00:00:00-05:00,187.75103158442639,189.35691768154854,187.37479205256886,187.55831909179688,2395300,0.0,0.0
2020-01-07 00:00:00-05:00,187.94374026238626,189.723982044049,187.42985892380656,187.96209716796875,2589200,0.0,0.0
2020-01-08 00:00:00-05:00,188.36588245097713,191.04541682229498,188.20988374467842,190.31129455566406,1327300,0.0,0.0
2020-01-09 00:00:00-05:00,190.944452927176,192.46775400526778,190.69668371514516,191.6510467529297,1086100,0.0,0.0
2020-01-10 00:00:00-05:00,193.38543819430532,194.3856726725188,191.72448103048745,191.8621368408203,1217600,0.0,0.0
2020-01-13 00:00:00-05:00,192.51363973210132,194.4774086663221,192.09152889699595,194.35812377929688,1225700,0.0,0.0
2020-01-14 00:00:00-05:00,193.8717808761729,194.65177441743805,191.9171832922525,192.66966247558594,2107300,0.0,0.0
2020-01-15 00:00:00-05:00,193.6148011572826,194.6150353803662,193.02750625543203,194.02774047851562,1078200,0.0,0.0
2020-01-16 00:00:00-05:00,195.3492341045047,195.523589753487,194.33981403261794,195.514404296875,1302600,0.0,0.0
2020-01-17 00:00:00-05:00,195.6336552641962,196.76235997540303,195.31247241035032,196.46871948242188,1903700,0.0,0.0
2020-01-21 00:00:00-05:00,194.2663406616235,195.2207037092913,193.7891591377896,194.2938690185547,1384500,0.0,0.0
2020-01-22 00:00:00-05:00,193.80750111455538,194.4957379892535,193.11926423985722,193.6973876953125,966900,0.0,0.0
2020-01-23 00:00:00-05:00,191.25641366016802,192.38511807305147,190.4305351145876,192.3575897216797,1400700,0.0,0.0
2020-01-24 00:00:00-05:00,192.70633026459637,194.81692620603266,191.62351093941112,192.69715881347656,1541600,0.0,0.0
2020-01-27 00:00:00-05:00,188.319993011153,189.3110559488124,187.28304480743012,188.00799560546875,1947800,0.0,0.0
2020-01-28 00:00:00-05:00,188.51270364880455,191.7244764487585,188.28329130595068,190.76095581054688,1229400,0.0,0.0
2020-01-29 00:00:00-05:00,190.99036626782964,192.1924846921609,190.55906994734494,191.08212280273438,982700,0.0,0.0
2020-01-30 00:00:00-05:00,189.46706496578662,191.3941342276211,188.54024415060573,191.08212280273438,1381300,0.0,0.0
2020-01-31 00:00:00-05:00,188.69625366417367,189.34777690750175,186.25530286003848,186.40213012695312,1909700,0.0,0.0
2020-02-03 00:00:00-05:00,186.98941928621574,192.75225630951343,186.8150636625391,192.19248962402344,2911500,0.0,0.0
2020-02-04 00:00:00-05:00,193.44964253360655,197.15695346714338,193.27528693000033,195.91812133789062,2369400,0.0,0.0
2020-02-05 00:00:00-05:00,199.2399935677655,199.2399935677655,195.6978670291069,198.89129638671875,2970400,0.0,0.0
2020-02-06 00:00:00-05:00,198.93718198809512,199.5153055173488,197.35883810268038,198.90048217773438,2234200,0.0,0.0
2020-02-07 00:00:00-05:00,197.09275717522132,197.9278215751843,195.21157291232473,196.52381896972656,995300,0.0,0.0
2020-02-10 00:00:00-05:00,197.19365435047345,197.96447638956388,196.4870604801988,197.6983642578125,1435600,0.0,0.0
2020-02-11 00:00:00-05:00,199.6621117304176,200.81834466490818,198.19386743075287,198.4141082763672,1385500,0.0,0.0
2020-02-12 00:00:00-05:00,199.2400171597943,199.5153147580093,197.7626011849985,199.3134307861328,1238000,0.0,0.0
2020-02-13 00:00:00-05:00,203.99347152685627,209.08642867472065,202.9289948252412,203.0391082763672,2231800,0.0,0.0
2020-02-14 00:00:00-05:00,203.38784666149087,204.7276211717891,203.002435528939,204.3054962158203,1280300,0.0,0.0
2020-02-18 00:00:00-05:00,205.5901268310929,206.0948367068157,204.51647891485499,205.14048767089844,1524700,0.0,0.0
2020-02-19 00:00:00-05:00,204.6541382864415,205.1404912655104,203.59883325467192,204.15859985351562,1590100,0.0,0.0
2020-02-20 00:00:00-05:00,202.2958326882852,204.04854662166215,200.07512254327278,202.98406982421875,1534700,0.0,0.0
2020-02-21 00:00:00-05:00,201.87368795233817,202.15815701387237,200.2678015707063,200.35955810546875,1660100,0.0,0.0
2020-02-24 00:00:00-05:00,193.76165604172087,194.8353181108754,192.3393107407908,193.21107482910156,2020400,0.0,0.0
2020-02-25 00:00:00-05:00,191.95385811352926,192.43103963102317,184.30985239325653,185.04396057128906,2743100,0.0,0.0
2020-02-26 00:00:00-05:00,186.55813087915067,189.88001731651693,185.8974221730574,186.65907287597656,2711200,0.0,0.0
2020-02-27 00:00:00-05:00,183.41055413969264,186.62232656762782,178.84983617184733,178.89572143554688,3685500,0.0,0.0
2020-02-28 00:00:00-05:00,175.0966700741649,176.95032568010285,170.63689367712547,175.2801971435547,5555300,0.0,0.0
2020-03-02 00:00:00-05:00,175.5462952033602,181.9698396195673,173.8119387710729,181.83218383789062,3489600,0.0,0.0
2020-03-03 00:00:00-05:00,181.71290623227358,185.2183190441952,176.50065127346141,179.2994842529297,4063300,0.0,0.0
2020-03-04 00:00:00-05:00,182.06161760524208,188.8063456384125,181.11643993558926,188.60446166992188,2755600,0.0,0.0
2020-03-05 00:00:00-05:00,182.3102103209101,183.91442786300075,179.84855403379277,181.17617797851562,3204300,0.963,0.0
2020-03-06 00:00:00-05:00,177.13793078071993,177.6265732868096,171.264977944746,174.43655395507812,4466800,0.0,0.0
2020-03-09 00:00:00-04:00,161.3999075166273,166.30478985463427,158.8737211999814,159.62051391601562,4822700,0.0,0.0
2020-03-10 00:00:00-04:00,162.7091266425013,163.57577997424298,154.44829017562608,162.460205078125,5604100,0.0,0.0
2020-03-11 00:00:00-04:00,159.92476379307416,162.87506205364306,159.07653985428706,160.34886169433594,4315300,0.0,0.0
2020-03-12 00:00:00-04:00,150.64972830957035,156.6886280466125,144.74913236279764,145.68954467773438,6340400,0.0,0.0
2020-03-13 00:00:00-04:00,159.85100009758818,163.32681332414617,148.75971343311303,162.7275390625,6386900,0.0,0.0
2020-03-16 00:00:00-04:00,137.11526712559373,150.8710465611544,135.2621140092433,145.99383544921875,7079300,0.0,0.0
2020-03-17 00:00:00-04:00,144.52787086517108,152.71496096441987,143.51371329735755,151.09230041503906,4956600,0.0,0.0
2020-03-18 00:00:00-04:00,141.42085183505333,147.66258711732746,137.96346741304623,145.2193603515625,4723900,0.0,0.0
2020-03-19 00:00:00-04:00,139.65068174018944,146.41793257729324,137.1982401883886,141.9924774169922,4296100,0.0,0.0
2020-03-20 00:00:00-04:00,142.0754588248773,145.61581716350824,136.4975423717592,139.4939422607422,4699900,0.0,0.0
2020-03-23 00:00:00-04:00,138.0925757625699,143.2371667085588,135.345110886544,138.29541015625,4434000,0.0,0.0
2020-03-24 00:00:00-04:00,146.860463761474,153.8213338494648,144.749160539758,151.94973754882812,3423100,0.0,0.0
2020-03-25 00:00:00-04:00,150.34550218194354,161.76869833454475,148.75048557044215,152.4014892578125,3258400,0.0,0.0
2020-03-26 00:00:00-04:00,156.06170747041904,161.34458627036622,155.52696372489007,160.59779357910156,2726000,0.0,0.0
2020-03-27 00:00:00-04:00,154.27311874590515,157.71206016405768,153.24051767127446,154.28233337402344,2301600,0.0,0.0
2020-03-30 00:00:00-04:00,158.81840252378518,163.4559062756666,157.50920800404634,163.004150390625,2480500,0.0,0.0
2020-03-31 00:00:00-04:00,159.22406258113344,163.4190248478355,157.29715051640207,159.5006561279297,3142300,0.0,0.0
2020-04-01 00:00:00-04:00,152.6965225495169,155.36101276796728,147.7178948832237,148.31716918945312,3822000,0.0,0.0
2020-04-02 00:00:00-04:00,147.65332858886973,153.72911494399096,146.97108053771245,151.285888671875,3369800,0.0,0.0
2020-04-03 00:00:00-04:00,150.51145218530172,152.81637488339211,148.67672865309436,149.47885131835938,2665700,0.0,0.0
2020-04-06 00:00:00-04:00,156.37520172469013,163.23465504949652,156.29222787030957,162.1928253173828,3604000,0.0,0.0
2020-04-07 00:00:00-04:00,167.37429707170764,170.97920033653193,164.70059178423813,165.89915466308594,3097600,0.0,0.0
2020-04-08 00:00:00-04:00,166.4983958792375,172.80466112743997,164.80197611682024,172.3529052734375,2495400,0.0,0.0
2020-04-09 00:00:00-04:00,169.0061839802556,175.22026190059114,168.95086807517072,174.69473266601562,3206800,0.0,0.0
2020-04-13 00:00:00-04:00,171.90114313282464,173.81884062989633,169.4210438983034,171.58767700195312,2087700,0.0,0.0
2020-04-14 00:00:00-04:00,174.0216683811103,176.01312502211468,173.08125595594728,175.026611328125,2372800,0.0,0.0
2020-04-15 00:00:00-04:00,167.93667864240456,169.13524137670402,165.32751827197393,167.01470947265625,2025500,0.0,0.0
2020-04-16 00:00:00-04:00,167.60477579173565,169.36574035178913,164.92185609368946,168.84022521972656,1806700,0.0,0.0
2020-04-17 00:00:00-04:00,173.1642467553644,174.15996102434244,171.45859825725148,173.8372802734375,2634400,0.0,0.0
2020-04-20 00:00:00-04:00,170.44444004033465,174.80536444798815,170.02034209012683,170.56430053710938,1598100,0.0,0.0
2020-04-21 00:00:00-04:00,167.4941012028735,168.4160701734853,162.8197258372992,164.92181396484375,2010000,0.0,0.0
2020-04-22 00:00:00-04:00,166.7657922611286,168.61894527596945,165.97289819180762,167.4296112060547,1376400,0.0,0.0
2020-04-23 00:00:00-04:00,166.62744031900283,170.7670858677809,166.27710169289972,167.15296936035156,1249900,0.0,0.0
2020-04-24 00:00:00-04:00,167.83525324474948,168.4990721398826,164.89418355463735,167.3097381591797,1187700,0.0,0.0
2020-04-27 00:00:00-04:00,168.38844063269806,171.1359046894727,167.74306505803722,170.17706298828125,1542000,0.0,0.0
2020-04-28 00:00:00-04:00,173.29332049228375,173.4316102318395,171.00682696532627,172.29759216308594,1896700,0.0,0.0
2020-04-29 00:00:00-04:00,173.3394232609725,175.35853804861577,173.02595711107236,173.96636962890625,1282300,0.0,0.0
2020-04-30 00:00:00-04:00,170.91465429730312,171.66144709621486,168.84943823082273,169.63311767578125,2104400,0.0,0.0
2020-05-01 00:00:00-04:00,169.8728148678972,170.65649426794656,165.75161166668266,166.25869750976562,1169200,0.0,0.0
2020-05-04 00:00:00-04:00,165.47502161225157,168.92319135006878,164.67291294139056,168.40689086914062,1828000,0.0,0.0
2020-05-05 00:00:00-04:00,168.72037180441285,170.61041156994705,167.66932742802877,167.8076171875,1171900,0.0,0.0
2020-05-06 00:00:00-04:00,168.1764088523944,168.70192399253926,164.84809940436386,164.98638916015625,1336100,0.0,0.0
2020-05-07 00:00:00-04:00,164.13814565289212,171.3940374334334,163.60340192611932,170.3706512451172,2295100,0.0,0.0
2020-05-08 00:00:00-04:00,170.4813292153506,173.70822143554688,170.33381076607526,173.70822143554688,1841400,0.0,0.0
2020-05-11 00:00:00-04:00,170.16784126629406,172.75857215178127,170.0571954094425,172.27914428710938,1894700,0.0,0.0
2020-05-12 00:00:00-04:00,170.60113566650952,171.9380019560976,168.71111049210222,168.8032989501953,1741100,0.0,0.0
2020-05-13 00:00:00-04:00,168.37923789231453,168.44376842026978,163.84315115974192,164.82965087890625,1857300,0.0,0.0
2020-05-14 00:00:00-04:00,160.23824092190105,165.36438713982608,159.27938512871444,165.26296997070312,2442300,0.0,0.0
2020-05-15 00:00:00-04:00,164.11972573429262,168.44376336211917,164.0367518859274,168.34234619140625,2829400,0.0,0.0
2020-05-18 00:00:00-04:00,173.2472230162428,178.56697478023284,173.03515998677136,177.24856567382812,2105200,0.0,0.0
2020-05-19 00:00:00-04:00,176.5109620358986,177.24854004868698,175.04503470391487,175.40460205078125,1774400,0.0,0.0
2020-05-20 00:00:00-04:00,177.75563283483154,181.94136606547772,177.62655773260363,180.69671630859375,2300400,0.0,0.0
2020-05-21 00:00:00-04:00,180.13434326646234,180.54001195741102,177.48828214800474,178.55776977539062,1891600,0.0,0.0
2020-05-22 00:00:00-04:00,177.40531240289673,177.6726913499966,175.4968434675803,175.97625732421875,1676000,0.0,0.0
2020-05-26 00:00:00-04:00,178.86201737952356,179.7839865412737,177.30388724526458,177.94004821777344,2214300,0.0,0.0
2020-05-27 00:00:00-04:00,179.50737486955975,179.55347613662292,176.56629128938616,178.0598907470703,1603400,0.0,0.0
2020-05-28 00:00:00-04:00,182.4484968103509,186.17324644121777,181.37900908939923,184.43072509765625,1740200,0.0,0.0
2020-05-29 00:00:00-04:00,185.8136304650219,187.27034320765281,183.45339202009671,186.55120849609375,2354700,0.0,0.0
2020-06-01 00:00:00-04:00,186.6895405793183,189.85188805060446,186.4682629160273,189.20651245117188,1658300,0.0,0.0
2020-06-02 00:00:00-04:00,189.9226010240125,191.80302169676804,189.37607788225776,191.0619659423828,1675100,0.963,0.0
2020-06-03 00:00:00-04:00,195.452663099139,197.90739468333015,193.5259242501782,197.20339965820312,2155300,0.0,0.0
2020-06-04 00:00:00-04:00,197.5924879397246,198.4632273480632,195.13775589235493,196.8977508544922,1951500,0.0,0.0
2020-06-05 00:00:00-04:00,203.8172791162691,207.79118210160055,203.2985444921835,204.9751739501953,3525600,0.0,0.0
2020-06-08 00:00:00-04:00,204.28974951470946,205.63291918726568,198.98196214037787,200.4825897216797,2970400,0.0,0.0
2020-06-09 00:00:00-04:00,199.4636402161774,201.61268613968195,197.96301271207244,198.44468688964844,2499400,0.0,0.0
2020-06-10 00:00:00-04:00,200.5751831708272,200.62150179329043,196.3604429469363,197.63876342773438,1750200,0.0,0.0
2020-06-11 00:00:00-04:00,193.94279497927405,194.43374137555642,184.04974593592928,184.4387969970703,2925000,0.0,0.0
2020-06-12 00:00:00-04:00,189.51498872596127,189.78362828363805,183.6977253252039,187.0602569580078,1711900,0.0,0.0
2020-06-15 00:00:00-04:00,183.71626535680164,189.4408918068839,182.72510039086097,188.2644805908203,2142100,0.0,0.0
2020-06-16 00:00:00-04:00,192.7848457675044,194.22989619892422,189.5520125710341,192.9330596923828,1878100,0.0,0.0
2020-06-17 00:00:00-04:00,194.6004590156142,194.78571938114368,191.59919020998134,192.19203186035156,1577400,0.0,0.0
2020-06-18 00:00:00-04:00,193.57221294702305,194.71157741802028,191.7473696988427,192.8218994140625,1563800,0.0,0.0
2020-06-19 00:00:00-04:00,196.11960949951117,196.14739784660753,190.14487458798217,192.72003173828125,4635000,0.0,0.0
2020-06-22 00:00:00-04:00,193.42403575457786,195.1747723753994,192.42361280918556,194.49856567382812,1510800,0.0,0.0
2020-06-23 00:00:00-04:00,199.009711690774,199.34318599209493,196.60129874519797,196.72171020507812,2044300,0.0,0.0
2020-06-24 00:00:00-04:00,193.59076603893882,194.67455395145547,189.70950013618545,190.88592529296875,2068500,0.0,0.0
2020-06-25 00:00:00-04:00,190.5432068842757,193.96131533846915,188.98700271930431,193.729736328125,1163300,0.0,0.0
2020-06-26 00:00:00-04:00,193.47038237151972,193.70196139790838,189.51500864315204,191.58070373535156,2794600,0.0,0.0
2020-06-29 00:00:00-04:00,194.45227617502368,196.59206412826956,192.86828354173406,195.71206665039062,1406100,0.0,0.0
2020-06-30 00:00:00-04:00,194.19286408216348,197.83329290730074,194.01686180021963,196.48086547851562,1697400,0.0,0.0
2020-07-01 00:00:00-04:00,195.9621016034103,199.75998773386237,195.20251589664585,198.94483947753906,2126100,0.0,0.0
2020-07-02 00:00:00-04:00,202.41855327475798,205.66991697686652,202.41855327475798,204.95664978027344,2837900,0.0,0.0
2020-07-06 00:00:00-04:00,208.42110957923234,208.96763265208054,205.29015683230344,208.09689331054688,2860700,0.0,0.0
2020-07-07 00:00:00-04:00,206.32763358999995,209.2362653021424,205.99415926031975,207.98573303222656,2171600,0.0,0.0
2020-07-08 00:00:00-04:00,209.63454128393016,210.7276013552644,202.52970029086208,205.19749450683594,3063600,0.0,0.0
2020-07-09 00:00:00-04:00,209.03244812393166,209.6530780770486,204.03960601846157,205.59580993652344,2312400,0.0,0.0
2020-07-10 00:00:00-04:00,207.6893511399925,209.89397397542268,206.67039771664798,209.30113220214844,1448300,0.0,0.0
2020-07-13 00:00:00-04:00,211.1259189787058,213.87707834219455,209.1436035110719,209.1806640625,1498000,0.0,0.0
2020-07-14 00:00:00-04:00,209.09730989992045,216.65605196705818,208.87500310259682,215.95205688476562,2554800,0.0,0.0
2020-07-15 00:00:00-04:00,222.992039161609,223.4088785205836,218.24004785416258,220.12046813964844,2616100,0.0,0.0
2020-07-16 00:00:00-04:00,227.10486019007462,227.4290763984127,219.97223081676313,221.28759765625,3216400,0.0,0.0
2020-07-17 00:00:00-04:00,223.5385447636397,225.7153785018066,223.22358663659793,224.72422790527344,1900900,0.0,0.0
2020-07-20 00:00:00-04:00,224.68716681922345,225.90991050674222,222.16758661566172,222.6122283935547,1966500,0.0,0.0
2020-07-21 00:00:00-04:00,225.74320527972733,227.86447682475085,225.1040449813094,226.02110290527344,1686900,0.0,0.0
2020-07-22 00:00:00-04:00,226.53054579325155,228.19791716375164,224.50191180368125,227.2623291015625,1390500,0.0,0.0
2020-07-23 00:00:00-04:00,227.44761281108762,229.9579352621143,226.57688768847936,227.85519409179688,1068900,0.0,0.0
2020-07-24 00:00:00-04:00,225.08549940075991,226.81770556279884,224.6593878793895,226.08592224121094,1304400,0.0,0.0
2020-07-27 00:00:00-04:00,227.92006590306434,230.54154200889514,227.1790102395091,228.67037963867188,1469200,0.0,0.0
2020-07-28 00:00:00-04:00,228.90193536733315,229.34656306645647,225.63204118891224,225.74319458007812,1677400,0.0,0.0
2020-07-29 00:00:00-04:00,226.6787567138672,227.52169339086987,225.68759197489416,226.6787567138672,1967900,0.0,0.0
2020-07-30 00:00:00-04:00,223.01057121284043,225.07625188158676,219.5832049286732,224.18699645996094,1855500,0.0,0.0
2020-07-31 00:00:00-04:00,228.65182376974374,228.89267496075865,223.65898140689632,227.04930114746094,3184700,0.0,0.0
2020-08-03 00:00:00-04:00,229.3558455898285,229.8282616579954,226.10446740736225,226.30825805664062,2577700,0.0,0.0
2020-08-04 00:00:00-04:00,224.58529035397837,227.41055671645137,224.19623936652522,225.88214111328125,2435500,0.0,0.0
2020-08-05 00:00:00-04:00,229.263188477786,232.8387684675048,228.57770961372995,229.97645568847656,2166600,0.0,0.0
2020-08-06 00:00:00-04:00,229.23540580972275,229.72635212503965,226.64171836206427,228.48509216308594,1938800,0.0,0.0
2020-08-07 00:00:00-04:00,226.74361179423576,227.56803240502882,225.73393082467808,227.23455810546875,1750100,0.0,0.0
2020-08-10 00:00:00-04:00,224.99288963642715,226.01184287645188,223.89057134979865,225.40972900390625,1159100,0.0,0.0
2020-08-11 00:00:00-04:00,229.33732575765904,229.94869773333951,226.4750126003291,226.80848693847656,1506500,0.0,0.0
2020-08-12 00:00:00-04:00,229.64297270174774,232.50528537242909,229.1334961419682,230.30992126464844,1323300,0.0,0.0
2020-08-13 00:00:00-04:00,228.99454942187757,231.50485748117484,228.99454942187757,230.87496948242188,1147700,0.0,0.0
2020-08-14 00:00:00-04:00,229.62446086384145,231.1621487370207,229.16130288766408,230.18951416015625,979300,0.0,0.0
2020-08-17 00:00:00-04:00,231.24552815662256,232.11626746748203,229.2539543890308,230.1246795654297,973500,0.0,0.0
2020-08-18 00:00:00-04:00,231.33815275872075,231.81056880954748,227.88298405379936,228.6888885498047,1013400,0.0,0.0
2020-08-19 00:00:00-04:00,229.97642775217506,230.9490621696101,228.4294820614454,229.02232360839844,1626100,0.0,0.0
2020-08-20 00:00:00-04:00,226.3267724534005,227.59582075212055,225.82655393683072,227.23455810546875,1905400,0.0,0.0
2020-08-21 00:00:00-04:00,222.7234007179586,226.88255012752546,222.538140361972,226.29898071289062,1781100,0.0,0.0
2020-08-24 00:00:00-04:00,232.3015117152296,232.39414896357678,230.30993808590125,230.56930541992188,1363000,0.0,0.0
2020-08-25 00:00:00-04:00,231.98651989139995,232.85725896241667,230.89345995082894,231.65304565429688,1064400,0.0,0.0
2020-08-26 00:00:00-04:00,231.3103605497426,235.51582871551025,230.68971642906067,234.2467803955078,844900,0.0,0.0
2020-08-27 00:00:00-04:00,235.0619669652603,235.29354598879993,231.70870722743425,232.44049072265625,1084000,0.0,0.0
2020-08-28 00:00:00-04:00,232.9777178354136,235.3583565944849,232.2737228068372,234.8859405517578,959900,0.0,0.0
2020-08-31 00:00:00-04:00,233.1166595729746,234.59875651186994,230.8101279253628,231.338134765625,2297600,0.0,0.0
2020-09-01 00:00:00-04:00,231.5512059040129,238.10951058292068,230.23583891279353,238.00762939453125,2285800,0.0,0.0
2020-09-02 00:00:00-04:00,239.36791453494914,242.20379555746484,237.71287028528158,241.96206665039062,2912700,0.963,0.0
2020-09-03 00:00:00-04:00,240.92996198079072,240.94857615566656,229.9955104416692,232.86859130859375,3305100,0.0,0.0
2020-09-04 00:00:00-04:00,233.47296113743784,234.2725903058896,226.39717725225532,230.31163024902344,2924700,0.0,0.0
2020-09-08 00:00:00-04:00,226.53667723787834,228.6845149191391,224.9095257596341,225.98809814453125,1849300,0.0,0.0
2020-09-09 00:00:00-04:00,228.591537220072,235.7788935844999,228.591537220072,233.51947021484375,1854800,0.0,0.0
2020-09-10 00:00:00-04:00,235.53713146522335,236.73656818336715,229.66078394846184,229.930419921875,1095400,0.0,0.0
2020-09-11 00:00:00-04:00,232.35721092344954,233.77980499210312,231.2507599048788,232.60826110839844,1382400,0.0,0.0
2020-09-14 00:00:00-04:00,234.08663529881846,235.83466527564218,232.98947720707332,233.61244201660156,1524900,0.0,0.0
2020-09-15 00:00:00-04:00,234.40275809336086,236.42042387496923,233.1103357102059,233.12892150878906,1401100,0.0,0.0
2020-09-16 00:00:00-04:00,232.7291125223691,234.20749219523944,230.9996826939217,231.37159729003906,1635000,0.0,0.0
2020-09-17 00:00:00-04:00,229.6142883813903,232.94297671101188,228.63799477334388,232.81280517578125,1506400,0.0,0.0
2020-09-18 00:00:00-04:00,231.81790329954987,233.01733988737624,228.0336078695916,228.82394409179688,2460200,0.0,0.0
2020-09-21 00:00:00-04:00,222.4920281032827,223.71937197438822,218.38231025291896,221.7017059326172,2180300,0.0,0.0
2020-09-22 00:00:00-04:00,221.14383270059506,221.92486201642004,219.59106696997807,221.50645446777344,2209100,0.0,0.0
2020-09-23 00:00:00-04:00,221.41346872963075,221.63661184122793,216.5227074484898,216.78305053710938,1753500,0.0,0.0
2020-09-24 00:00:00-04:00,217.024835225848,218.9495157445503,215.43486941680172,218.03831481933594,1391200,0.0,0.0
2020-09-25 00:00:00-04:00,213.0452434877624,217.26653251349106,212.431571607605,216.41111755371094,2227300,0.0,0.0
2020-09-28 00:00:00-04:00,221.2089157691185,222.1294094978275,219.80490745541562,220.40928649902344,1182300,0.0,0.0
2020-09-29 00:00:00-04:00,221.06943094390576,222.49202501901755,219.6840368455063,219.83279418945312,1178100,0.0,0.0
2020-09-30 00:00:00-04:00,219.47017296699048,223.17079033873003,219.35860141185825,221.41346740722656,2121000,0.0,0.0
2020-10-01 00:00:00-04:00,220.0745184716488,221.6365767560919,215.79742979973307,216.36460876464844,2480100,0.0,0.0
2020-10-02 00:00:00-04:00,213.1754394925019,218.48459426744654,213.05456084499778,215.85325622558594,2458600,0.0,0.0
2020-10-05 00:00:00-04:00,217.97318113260408,220.03733991481317,217.7965309092397,218.58685302734375,2728300,0.0,0.0
2020-10-06 00:00:00-04:00,219.55384262448848,221.1159009818405,215.50920392666262,215.78814697265625,1988400,0.0,0.0
2020-10-07 00:00:00-04:00,218.16847903574944,223.16150524693978,217.9081359230237,222.17591857910156,1791300,0.0,0.0
2020-10-08 00:00:00-04:00,222.10149188795677,223.50550004539053,220.44644775298022,221.06011962890625,1537800,0.0,0.0
2020-10-09 00:00:00-04:00,222.37114633499928,224.388812219697,222.0550174913434,223.0963897705078,1849800,0.0,0.0
2020-10-12 00:00:00-04:00,224.77005156283303,225.78353103459511,223.09640727738892,223.39393615722656,1453300,0.0,0.0
2020-10-13 00:00:00-04:00,222.0828899179506,222.30603299285173,218.38227313267882,219.4143524169922,1668300,0.0,0.0
2020-10-14 00:00:00-04:00,219.88859620078412,220.000167756691,217.6663728572876,218.37301635742188,1077000,0.0,0.0
2020-10-15 00:00:00-04:00,212.99873845026457,214.514318077171,211.99455202761789,213.48223876953125,2389200,0.0,0.0
2020-10-16 00:00:00-04:00,214.87700045172778,217.9732250613994,214.3749000047934,216.71800231933594,1836100,0.0,0.0
2020-10-19 00:00:00-04:00,217.48971008870993,217.96390339255342,213.3241922598178,213.73330688476562,1130000,0.0,0.0
2020-10-20 00:00:00-04:00,215.2489167758161,217.70359068039772,214.7654163163517,216.8667755126953,1415100,0.0,0.0
2020-10-21 00:00:00-04:00,216.16008197519577,219.07036296489628,214.52363770530073,214.70030212402344,1360300,0.0,0.0
2020-10-22 00:00:00-04:00,213.54730328973216,217.64772736361817,212.42225250253495,216.82949829101562,1466600,0.0,0.0
2020-10-23 00:00:00-04:00,219.8049291788994,220.2977225255831,217.35025534702058,217.824462890625,1323700,0.0,0.0
2020-10-26 00:00:00-04:00,214.9141419168803,215.23957785008687,210.39530976473316,211.9852752685547,1252300,0.0,0.0
2020-10-27 00:00:00-04:00,210.53478219337515,212.50596947947386,209.37253122727392,209.64218139648438,1566400,0.0,0.0
2020-10-28 00:00:00-04:00,202.5663674605131,205.02104057609577,200.96710922894528,201.6830596923828,2297200,0.0,0.0
2020-10-29 00:00:00-04:00,200.5487119833539,206.03453034886218,199.10751808432403,204.40737915039062,2239900,0.0,0.0
2020-10-30 00:00:00-04:00,203.74726337755806,205.3930006554669,202.0271261420176,204.872314453125,2480600,0.0,0.0
2020-11-02 00:00:00-05:00,209.31674238335,214.04943903055744,208.32186294851712,212.5338592529297,2182600,0.0,0.0
2020-11-03 00:00:00-05:00,216.30882010909613,218.84717188125973,215.57428384677743,217.6570281982422,1595900,0.0,0.0
2020-11-04 00:00:00-05:00,217.21075344210655,221.75747853513286,215.7974523317352,218.77281188964844,2347200,0.0,0.0
2020-11-05 00:00:00-05:00,232.26422023715298,235.57430849532494,230.92530494449176,232.22702026367188,2917800,0.0,0.0
2020-11-06 00:00:00-05:00,235.73239430461572,235.85327294794882,232.01319112645731,232.74774169921875,1725000,0.0,0.0
2020-11-09 00:00:00-05:00,249.79096431668503,250.84164369793623,239.13545573056555,239.5631561279297,3184300,0.0,0.0
2020-11-10 00:00:00-05:00,244.08198120164204,245.9229683547968,241.47852231925754,243.6449737548828,1935000,0.0,0.0
2020-11-11 00:00:00-05:00,244.1656834022755,244.39813359051544,238.85652904795032,241.39486694335938,1841200,0.0,0.0
2020-11-12 00:00:00-05:00,239.01461660663185,241.49719748979328,236.3181996770713,237.16432189941406,1669700,0.0,0.0
2020-11-13 00:00:00-05:00,239.50736539288698,240.46505900480696,237.8523212370855,239.0145721435547,1196700,0.0,0.0
2020-11-16 00:00:00-05:00,240.24193311331035,240.89277664237682,235.062935893179,237.52691650390625,1720900,0.0,0.0
2020-11-17 00:00:00-05:00,235.97415291942838,236.80167511347454,233.38930767566018,234.4399871826172,1947400,0.0,0.0
2020-11-18 00:00:00-05:00,235.32324834651322,236.53199205597065,232.63612497564893,232.72911071777344,1180100,0.0,0.0
2020-11-19 00:00:00-05:00,232.4502224755137,235.50926116073177,231.34375714650855,235.30471801757812,1205300,0.0,0.0
2020-11-20 00:00:00-05:00,235.6115310999159,236.66221060663523,233.75192938898482,234.37490844726562,1345600,0.0,0.0
2020-11-23 00:00:00-05:00,236.12292446136897,237.2944826196071,233.4730005352737,234.4399871826172,1231300,0.0,0.0
2020-11-24 00:00:00-05:00,235.6673056906905,239.6747304885451,234.94204804890347,238.17776489257812,1982100,0.0,0.0
2020-11-25 00:00:00-05:00,237.93601281329396,238.0475843663289,235.27678202743505,235.55572509765625,1172000,0.0,0.0
2020-11-27 00:00:00-05:00,240.10246972237223,240.93928476356587,239.14477603767767,239.35861206054688,1082000,0.0,0.0
2020-11-30 00:00:00-05:00,242.98479084004055,243.16145523316953,237.378108255628,238.41949462890625,3384300,0.0,0.0
2020-12-01 00:00:00-05:00,242.48277056864438,242.91047101272036,239.37723914809789,240.72543334960938,1802900,0.0,0.0
2020-12-02 00:00:00-05:00,239.4122905685544,239.86027142959108,234.0179789721728,234.2512969970703,2060200,0.963,0.0
2020-12-03 00:00:00-05:00,235.7538688437565,235.86585694023313,229.3609491786394,229.77159118652344,2463800,0.0,0.0
2020-12-04 00:00:00-05:00,228.4743435278511,233.8966522216797,228.43701890922503,233.8966522216797,3030900,0.0,0.0
2020-12-07 00:00:00-05:00,236.51913884703367,237.66707377054882,232.59007132430236,233.11270141601562,1771300,0.0,0.0
2020-12-08 00:00:00-05:00,231.4515171946358,233.3740557444494,230.1262723131197,232.60877990722656,1397500,0.0,0.0
2020-12-09 00:00:00-05:00,234.23266155004745,235.02594864602935,231.8808257711114,234.38198852539062,1450300,0.0,0.0
2020-12-10 00:00:00-05:00,234.120675053712,235.56724987604292,232.7580913153644,234.2046661376953,1245900,0.0,0.0
2020-12-11 00:00:00-05:00,231.75946289617738,233.280700980071,230.9195094596622,232.758056640625,1328900,0.0,0.0
2020-12-14 00:00:00-05:00,234.195311544439,234.72726925561471,231.05018901038923,231.07818603515625,1814300,0.0,0.0
2020-12-15 00:00:00-05:00,232.9074017883715,236.10853275475043,232.6647561494117,234.86727905273438,1365800,0.0,0.0
2020-12-16 00:00:00-05:00,234.99792431474066,235.27790880082773,232.84206798089437,233.43936157226562,1355000,0.0,0.0
2020-12-17 00:00:00-05:00,238.7963193491052,240.04690050178397,238.0777101103788,239.505615234375,1538600,0.0,0.0
2020-12-18 00:00:00-05:00,239.97226714091855,241.46550824389655,236.59381234956638,240.4762420654297,3525700,0.0,0.0
2020-12-21 00:00:00-05:00,233.31804973019314,238.01240775151632,230.98486923289119,237.2097930908203,1716200,0.0,0.0
2020-12-22 00:00:00-05:00,236.11785346301235,237.69508567175583,234.9045968223941,236.5471649169922,1162300,0.0,0.0
2020-12-23 00:00:00-05:00,239.08569561968497,240.57893702491413,237.89110819174385,238.07777404785156,1036700,0.0,0.0
2020-12-24 00:00:00-05:00,237.79772907325926,239.83226961483533,237.76973205007903,239.49627685546875,276400,0.0,0.0
2020-12-28 00:00:00-05:00,244.54531987923275,245.85189529746611,242.35212445512246,242.66943359375,1257000,0.0,0.0
2020-12-29 00:00:00-05:00,245.57192910651443,245.71191424629455,241.37220402585908,242.1094970703125,881100,0.0,0.0
2020-12-30 00:00:00-05:00,243.58404872693416,244.91862116224704,243.0800737548299,244.3026580810547,924900,0.0,0.0
2020-12-31 00:00:00-05:00,244.94657618178707,246.22515434328287,243.22001717955862,245.92652893066406,909300,0.0,0.0
2021-01-04 00:00:00-05:00,248.9130368178643,249.45435067885472,240.19627731572297,241.54019165039062,1741300,0.0,0.0
2021-01-05 00:00:00-05:00,240.3735362862408,245.6745144602559,240.3735362862408,245.32920837402344,1620000,0.0,0.0
2021-01-06 00:00:00-05:00,243.95732309733575,256.25784263330553,243.94800974348385,253.3833770751953,2586600,0.0,0.0
2021-01-07 00:00:00-05:00,251.10620607476613,255.49259663643144,251.05021202344327,252.6554412841797,1757800,0.0,0.0
2021-01-08 00:00:00-05:00,253.87801915133014,254.2046700966309,250.05159768039005,252.35678100585938,1879300,0.0,0.0
2021-01-11 00:00:00-05:00,246.6078255798225,251.1342012361945,246.56117336446846,249.6782989501953,1913200,0.0,0.0
2021-01-12 00:00:00-05:00,247.3265010558219,249.73433105535207,246.0759195929888,248.8290557861328,1785200,0.0,0.0
2021-01-13 00:00:00-05:00,248.85702505569148,250.61158133896862,248.44638301146887,249.86497497558594,1518800,0.0,0.0
2021-01-14 00:00:00-05:00,249.35163879095734,249.4449716994247,245.9545430761436,246.0945281982422,1903400,0.0,0.0
2021-01-15 00:00:00-05:00,244.43325440895327,244.43325440895327,239.7575529294014,240.86814880371094,1955300,0.0,0.0
2021-01-19 00:00:00-05:00,245.515907341402,246.01985378773458,241.04552584089828,241.75482177734375,1643100,0.0,0.0
2021-01-20 00:00:00-05:00,240.2522401890171,243.30405831509734,240.12159689963073,240.2242431640625,1773300,0.0,0.0
2021-01-21 00:00:00-05:00,239.97225583586535,240.54153813688657,236.1178375668137,236.3044891357422,1559800,0.0,0.0
2021-01-22 00:00:00-05:00,234.428621882303,237.5737443131077,234.428621882303,234.6992645263672,1582000,0.0,0.0
2021-01-25 00:00:00-05:00,231.9554249986908,236.63112700168904,229.5849202988678,236.2298126220703,1990700,0.0,0.0
2021-01-26 00:00:00-05:00,237.55505063328502,240.46686898164305,237.28440801684891,238.77764892578125,1544600,0.0,0.0
2021-01-27 00:00:00-05:00,233.84069908682278,234.02735069381464,224.73196680393573,226.701171875,2681600,0.0,0.0
2021-01-28 00:00:00-05:00,230.4902157174274,234.43795278227438,229.6502765089416,232.8887176513672,2110400,0.0,0.0
2021-01-29 00:00:00-05:00,231.06887770322746,232.6834489821072,227.81176659785103,229.02500915527344,1647300,0.0,0.0
2021-02-01 00:00:00-05:00,231.6847731989291,234.4379227412897,229.52891716487923,233.71929931640625,1629200,0.0,0.0
2021-02-02 00:00:00-05:00,234.0179842749483,236.71514013425582,233.55134821457952,235.4178924560547,1526000,0.0,0.0
2021-02-03 00:00:00-05:00,235.66988138510865,236.5751564871155,233.14070765627875,233.43936157226562,2365700,0.0,0.0
2021-02-04 00:00:00-05:00,233.26204558827845,235.57655655413143,230.8075352542801,232.55274963378906,2712300,0.0,0.0
2021-02-05 00:00:00-05:00,238.0310744731874,242.35211502139066,235.38058487616968,240.19625854492188,2806400,0.0,0.0
2021-02-08 00:00:00-05:00,241.8294666388554,242.63209547049448,238.5723560612945,240.16824340820312,1770400,0.0,0.0
2021-02-09 00:00:00-05:00,240.68156477508882,240.8495469240454,237.93772817670757,238.56301879882812,1389500,0.0,0.0
2021-02-10 00:00:00-05:00,237.22843270567597,238.08704131189484,234.587271005817,235.8565216064453,1585200,0.0,0.0
2021-02-11 00:00:00-05:00,237.19110149103994,238.1897094860427,234.9885787378157,236.2205047607422,1204000,0.0,0.0
2021-02-12 00:00:00-05:00,235.21260784986225,236.78051266045105,234.15800563323424,235.81922912597656,1478200,0.0,0.0
2021-02-16 00:00:00-05:00,235.69787389201525,237.5550762742775,233.17804204673433,233.4486846923828,2248900,0.0,0.0
2021-02-17 00:00:00-05:00,232.28212730120794,233.58870274128816,230.7422338010702,232.64610290527344,1653200,0.0,0.0
2021-02-18 00:00:00-05:00,231.3021654366684,234.4752992800335,230.03291474744293,233.25270080566406,2168500,0.0,0.0
2021-02-19 00:00:00-05:00,232.87940486945936,235.15659125672536,232.52475688569075,234.1393280029297,1962400,0.0,0.0
2021-02-22 00:00:00-05:00,233.41136004728384,235.18457135730836,232.59007603475766,234.31663513183594,2034700,0.0,0.0
2021-02-23 00:00:00-05:00,234.71792403785386,241.9041303213549,233.5140093414568,241.38150024414062,3013500,0.0,0.0
2021-02-24 00:00:00-05:00,240.78421437792522,242.04413747498108,237.50843426242395,237.62042236328125,2155900,0.0,0.0
2021-02-25 00:00:00-05:00,236.07116976263745,237.08843291198426,230.4248708311208,230.51820373535156,2104700,0.0,0.0
2021-02-26 00:00:00-05:00,230.3129059795355,231.64749259357964,227.88639263069334,227.97039794921875,2599300,0.0,0.0
2021-03-01 00:00:00-05:00,230.91952127240808,235.6698873394533,230.7608667157575,234.7086181640625,1517300,0.0,0.0
2021-03-02 00:00:00-05:00,236.26716732595293,239.84158692318675,236.1178403727948,237.06044006347656,1671200,0.0,0.0
2021-03-03 00:00:00-05:00,233.8406687161886,234.44730416087978,230.94753358205608,231.03152465820312,1782800,0.0,0.0
2021-03-04 00:00:00-05:00,231.9781812122661,234.01208920606766,227.26363588571576,230.02862548828125,2369400,1.06,0.0
2021-03-05 00:00:00-05:00,230.83468135393403,232.7186201382785,226.71063070390775,232.10939025878906,2136300,0.0,0.0
2021-03-08 00:00:00-05:00,232.9060992125324,240.60122012671386,232.27811958937255,237.77059936523438,2450500,0.0,0.0
2021-03-09 00:00:00-05:00,244.82828369523534,248.28686871921627,241.83834131836645,245.88742065429688,2812100,0.0,0.0
2021-03-10 00:00:00-05:00,247.55585271410587,250.26462165957238,247.3402953458584,248.9805450439453,2192800,0.0,0.0
2021-03-11 00:00:00-05:00,251.97990781010645,253.06716275661498,250.48024482858804,250.6020965576172,1567200,0.0,0.0
2021-03-12 00:00:00-05:00,249.6835348808954,251.7174286976512,248.76498465816485,251.66119384765625,1139100,0.0,0.0
2021-03-15 00:00:00-04:00,248.47438364997024,252.13917326763772,248.0900931750878,252.12979125976562,1680400,0.0,0.0
2021-03-16 00:00:00-04:00,251.2863313296166,254.67930138452195,251.2863313296166,253.80763244628906,1599500,0.0,0.0
2021-03-17 00:00:00-04:00,252.77660422233208,254.73552806951432,251.57687956843176,252.64537048339844,1670400,0.0,0.0
2021-03-18 00:00:00-04:00,250.78009651621144,253.52633606146821,249.83342904417918,251.09877014160156,1941900,0.0,0.0
2021-03-19 00:00:00-04:00,251.19256941411058,253.90133883644427,247.55589629525622,252.24232482910156,3845200,0.0,0.0
2021-03-22 00:00:00-04:00,251.67990849854954,254.61361688055814,250.84573922332123,253.40451049804688,1347400,0.0,0.0
2021-03-23 00:00:00-04:00,253.24520563324387,255.382215716849,250.22714477270887,251.080078125,1539600,0.0,0.0
2021-03-24 00:00:00-04:00,250.0678076313724,254.16377007431947,249.95533792652057,252.85154724121094,1482100,0.0,0.0
2021-03-25 00:00:00-04:00,252.98272568341523,256.95680693942546,251.85797167330384,256.235107421875,1847900,0.0,0.0
2021-03-26 00:00:00-04:00,257.75348487650086,264.202013002,257.21922533387357,263.7521057128906,2235600,0.0,0.0
2021-03-29 00:00:00-04:00,262.56179396772353,265.486120176485,260.34978529463234,263.3772277832031,2449600,0.0,0.0
2021-03-30 00:00:00-04:00,262.6836539458921,263.1991495501472,261.22149079539207,261.7463684082031,1364100,0.0,0.0
2021-03-31 00:00:00-04:00,260.62156689294045,265.48608023658477,260.62156689294045,262.5711364746094,2218400,0.0,0.0
2021-04-01 00:00:00-04:00,261.62451415951557,263.78025943369664,259.7874425325979,263.2272644042969,1594900,0.0,0.0
2021-04-05 00:00:00-04:00,264.8393338656162,268.98214750517076,264.8393338656162,267.501220703125,1400000,0.0,0.0
2021-04-06 00:00:00-04:00,266.6577303754486,267.3325770938326,264.66130764174244,266.29217529296875,1615800,0.0,0.0
2021-04-07 00:00:00-04:00,265.711067924774,266.5827652136201,262.86174048486845,263.7052917480469,3015900,0.0,0.0
2021-04-08 00:00:00-04:00,265.31738685197126,266.32028910169294,264.23951435535776,264.501953125,2003800,0.0,0.0
2021-04-09 00:00:00-04:00,265.99223447754446,267.34192775605936,264.0614288214958,266.9388732910156,1599000,0.0,0.0
2021-04-12 00:00:00-04:00,265.27055724218184,268.4104696877348,265.27055724218184,267.5294189453125,1479900,0.0,0.0
2021-04-13 00:00:00-04:00,267.55754716516736,269.74143869488324,267.28575492790003,268.33551025390625,1543600,0.0,0.0
2021-04-14 00:00:00-04:00,266.9764263244512,268.5510592643396,266.30157954968666,267.1732482910156,1325400,0.0,0.0
2021-04-15 00:00:00-04:00,269.0009575887584,270.68806016700466,268.63540248805,269.9101257324219,1449100,0.0,0.0
2021-04-16 00:00:00-04:00,270.72557427503233,272.4127055484253,270.4256360126042,271.77532958984375,1304400,0.0,0.0
2021-04-19 00:00:00-04:00,271.8035069964299,271.9347407415858,269.02914896593563,270.360107421875,1675600,0.0,0.0
2021-04-20 00:00:00-04:00,269.14147674772477,269.797587920096,267.77304817516335,267.91363525390625,1603200,0.0,0.0
2021-04-21 00:00:00-04:00,269.64762997175234,274.1465882994091,269.4601614565668,273.6592102050781,1176400,0.0,0.0
2021-04-22 00:00:00-04:00,272.45019823394944,273.50933564307616,270.0976305962579,270.5943908691406,930300,0.0,0.0
2021-04-23 00:00:00-04:00,270.2850570671373,274.0810810943398,269.7976788287132,273.3125,1290600,0.0,0.0
2021-04-26 00:00:00-04:00,273.7154802524304,273.7342156648875,270.65992040462163,271.3628845214844,906300,0.0,0.0
2021-04-27 00:00:00-04:00,270.46306736100007,272.609458893377,269.60078082819666,272.00958251953125,1199800,0.0,0.0
2021-04-28 00:00:00-04:00,270.34124932865143,272.33767201602063,268.9540850979411,269.1321716308594,1366300,0.0,0.0
2021-04-29 00:00:00-04:00,270.27566367577845,271.1942138671875,267.9980665175828,271.1942138671875,1290400,0.0,0.0
2021-04-30 00:00:00-04:00,270.24746657207334,270.5286693332374,267.5012274204749,267.91363525390625,1932700,0.0,0.0
2021-05-03 00:00:00-04:00,269.31966745340844,271.4191782514505,269.104081446803,270.5943908691406,974900,0.0,0.0
2021-05-04 00:00:00-04:00,266.4515555068298,267.94183621352846,264.26769259295594,265.2518310546875,2301700,0.0,0.0
2021-05-05 00:00:00-04:00,269.5539304908916,274.40906246158215,268.7572321040858,273.3218078613281,1763500,0.0,0.0
2021-05-06 00:00:00-04:00,276.48053279039976,277.905196688575,273.3031206903958,277.81146240234375,2532800,0.0,0.0
2021-05-07 00:00:00-04:00,279.7797438434488,282.03860550926703,278.3081986273608,280.1827697753906,1883600,0.0,0.0
2021-05-10 00:00:00-04:00,283.1540232617803,284.81300869781046,282.13238525390625,282.13238525390625,1695700,0.0,0.0
2021-05-11 00:00:00-04:00,279.29234665560733,282.06670375705477,277.71768525950876,279.8828125,1634800,0.0,0.0
2021-05-12 00:00:00-04:00,276.44302961573777,279.09553539770405,274.89651402675037,275.5432434082031,1776000,0.0,0.0
2021-05-13 00:00:00-04:00,276.10551491318097,280.05150696132335,275.4025508775231,279.2641906738281,1569300,0.0,0.0
2021-05-14 00:00:00-04:00,280.7826554271783,282.9102834522346,280.22966035292194,282.2823181152344,1210600,0.0,0.0
2021-05-17 00:00:00-04:00,283.23833990390733,284.1943609258426,280.24839652889943,282.010498046875,1143000,0.0,0.0
2021-05-18 00:00:00-04:00,282.41353995561127,282.8821827856599,279.1330401452708,279.3111267089844,1305900,0.0,0.0
2021-05-19 00:00:00-04:00,276.1992956022701,277.89578013854964,273.25623388548826,277.50213623046875,1882400,0.0,0.0
2021-05-20 00:00:00-04:00,278.8518404013036,281.95425336436597,278.8518404013036,279.4329528808594,1272900,0.0,0.0
2021-05-21 00:00:00-04:00,280.9419449243937,283.0883367154949,279.62975095303517,279.8453369140625,1923500,0.0,0.0
2021-05-24 00:00:00-04:00,282.26356789619877,284.063168930583,281.70119078522316,282.37603759765625,1058300,0.0,0.0
2021-05-25 00:00:00-04:00,283.4445239473459,283.70696275473506,281.39186632381865,282.3572692871094,1330300,0.0,0.0
2021-05-26 00:00:00-04:00,282.21669863399484,282.6759594227863,278.80496533529725,280.9700927734375,1411600,0.0,0.0
2021-05-27 00:00:00-04:00,281.87918758861116,282.788355524138,280.97001965308425,281.91668701171875,1710900,0.0,0.0
2021-05-28 00:00:00-04:00,283.6132359982577,283.98814450394013,281.1856698146336,281.748046875,1430900,0.0,0.0
2021-06-01 00:00:00-04:00,286.03145961108214,286.5375732412656,282.37602288208217,283.303955078125,1418200,0.0,0.0
2021-06-02 00:00:00-04:00,284.3479905124618,284.4044232648007,281.53565310495804,282.0623779296875,1562800,1.06,0.0
2021-06-03 00:00:00-04:00,279.93661144253605,280.96184457982486,278.459887642078,280.59503173828125,1608200,0.0,0.0
2021-06-04 00:00:00-04:00,282.1375516840566,283.811789955485,280.81132487906393,282.0434875488281,1362200,0.0,0.0
2021-06-07 00:00:00-04:00,279.74856057484476,280.2846717443021,273.8416930487731,274.2555236816406,3591400,0.0,0.0
2021-06-08 00:00:00-04:00,276.0426629819708,276.7951188646798,274.0486003545232,275.1208801269531,1721800,0.0,0.0
2021-06-09 00:00:00-04:00,274.94217325452144,276.992639981504,272.92933793385913,273.2209167480469,1720800,0.0,0.0
2021-06-10 00:00:00-04:00,274.7916122153622,275.6945648258879,272.95749062224274,273.0797424316406,1311000,0.0,0.0
2021-06-11 00:00:00-04:00,274.2554971300633,275.2901453729427,272.7223691705563,273.9169006347656,1437700,0.0,0.0
2021-06-14 00:00:00-04:00,273.70998482146257,274.2272946168765,270.83179964855395,273.6253356933594,1489400,0.0,0.0
2021-06-15 00:00:00-04:00,276.2495734819584,276.268374831198,271.7817988156287,273.6253356933594,2011500,0.0,0.0
2021-06-16 00:00:00-04:00,277.22774853564215,277.45350823867017,272.14860013491733,272.35552978515625,2364000,0.0,0.0
2021-06-17 00:00:00-04:00,271.58421584828875,272.2614374786412,268.41445235078703,270.17333984375,2397800,0.0,0.0
2021-06-18 00:00:00-04:00,267.2387823957471,268.59322596079636,265.2353334264303,265.2635498046875,3882300,0.0,0.0
2021-06-21 00:00:00-04:00,269.63723366734496,271.4807703094923,268.42387224421987,271.1985778808594,2282800,0.0,0.0
2021-06-22 00:00:00-04:00,273.5218479221465,274.17085325490666,272.1580181841795,273.0986022949219,2406900,0.0,0.0
2021-06-23 00:00:00-04:00,272.5154327323694,273.0985902626408,267.38923807293554,267.8407287597656,2685000,0.0,0.0
2021-06-24 00:00:00-04:00,270.2392791882488,270.6437235575599,267.8972334124625,268.1888122558594,3124300,0.0,0.0
2021-06-25 00:00:00-04:00,268.1981669544805,269.8347741207999,266.1853031806102,268.169921875,23412000,0.0,0.0
2021-06-28 00:00:00-04:00,271.80053112838345,272.63763587434863,270.13570795651384,272.4777526855469,1969300,0.0,0.0
2021-06-29 00:00:00-04:00,274.4248268030005,275.68520605524174,272.4966121711641,273.1174011230469,1181800,0.0,0.0
2021-06-30 00:00:00-04:00,271.0763012452384,272.65647536522675,270.8411552617517,271.9228210449219,1546800,0.0,0.0
2021-07-01 00:00:00-04:00,272.4778431724222,273.6159420338195,271.7912063628309,273.55950927734375,1434800,0.0,0.0
2021-07-02 00:00:00-04:00,273.42775750930605,274.9797152391821,272.33667671565524,274.4247741699219,1066400,0.0,0.0
2021-07-06 00:00:00-04:00,274.1332243332249,274.56588494555905,270.38968959702197,271.3584899902344,1288100,0.0,0.0
2021-07-07 00:00:00-04:00,273.03276404611745,275.37480937820436,272.1391976279899,275.1490783691406,1228600,0.0,0.0
2021-07-08 00:00:00-04:00,269.9852483284606,270.85056956265225,267.79367146152856,269.9382019042969,1587100,0.0,0.0
2021-07-09 00:00:00-04:00,273.6159348070366,276.36245326850803,272.84464888310293,275.3183898925781,1405800,0.0,0.0
2021-07-12 00:00:00-04:00,274.9797957160354,277.15254291461673,274.3966381066294,275.1396789550781,1382800,0.0,0.0
2021-07-13 00:00:00-04:00,274.5941097009053,275.1678521930001,271.66887838076866,272.5060119628906,1343000,0.0,0.0
2021-07-14 00:00:00-04:00,273.5217478169841,274.76332527780767,272.29900040226715,273.7945251464844,1106200,0.0,0.0
2021-07-15 00:00:00-04:00,272.03570024578136,276.0613985379566,271.8193555964974,274.6975402832031,1220900,0.0,0.0
2021-07-16 00:00:00-04:00,275.3747954321072,275.75105203395844,271.96988559753333,272.8352355957031,1306300,0.0,0.0
2021-07-19 00:00:00-04:00,268.28279776744597,268.470897354033,265.95013899985923,267.7560729980469,1718100,0.0,0.0
2021-07-20 00:00:00-04:00,268.3110301395975,274.1990670995484,267.7184575626026,273.1174011230469,1973600,0.0,0.0
2021-07-21 00:00:00-04:00,274.565781925915,277.20881973621994,274.20835553943925,276.7197265625,1370200,0.0,0.0
2021-07-22 00:00:00-04:00,279.0336730907579,279.4004859510609,277.03963945905514,277.6792297363281,914600,0.0,0.0
2021-07-23 00:00:00-04:00,279.54158171179535,281.2534228097449,278.5821676423776,281.055908203125,1102700,0.0,0.0
2021-07-26 00:00:00-04:00,281.7331925219361,282.2034846356978,279.21243368121776,280.7361755371094,1398400,0.0,0.0
2021-07-27 00:00:00-04:00,279.96482408623604,282.7677747620978,278.01780830170463,281.0935363769531,1551300,0.0,0.0
2021-07-28 00:00:00-04:00,280.3410685718574,280.9618574981284,278.95840885069646,279.2217712402344,1063500,0.0,0.0
2021-07-29 00:00:00-04:00,280.0306469100879,282.7207031537654,279.6638054017628,281.6578674316406,1295000,0.0,0.0
2021-07-30 00:00:00-04:00,284.43265552207026,290.4523886439077,284.0564275840214,289.1261901855469,2516600,0.0,0.0
2021-08-02 00:00:00-04:00,290.3865204642277,291.7597651228638,282.2880769685863,282.38214111328125,1927600,0.0,0.0
2021-08-03 00:00:00-04:00,282.8242703112338,285.19453220287403,282.2222826346794,284.9217834472656,1133000,0.0,0.0
2021-08-04 00:00:00-04:00,286.38905277938125,289.43653603199704,286.38905277938125,287.4613037109375,1476700,0.0,0.0
2021-08-05 00:00:00-04:00,289.1355083901929,290.63103346703906,286.3325865133791,286.71820068359375,1586500,0.0,0.0
2021-08-06 00:00:00-04:00,286.8499521655996,288.64647135410723,285.8717366028605,287.69647216796875,858900,0.0,0.0
2021-08-09 00:00:00-04:00,287.92215757882406,287.98800534857986,283.8118100470227,285.24151611328125,910300,0.0,0.0
2021-08-10 00:00:00-04:00,284.01875502904994,286.59597487520716,283.0687846463739,283.8494567871094,1448400,0.0,0.0
2021-08-11 00:00:00-04:00,289.0885216160885,289.60583137635797,285.6271791040557,288.10089111328125,1803100,0.0,0.0
2021-08-12 00:00:00-04:00,289.699924019531,290.3395143653351,286.6712418475164,288.4395446777344,784500,0.0,0.0
2021-08-13 00:00:00-04:00,289.8315767564955,291.03552316661455,289.0508759372309,291.0166931152344,816500,0.0,0.0
2021-08-16 00:00:00-04:00,291.4588465614088,293.18951819393004,290.0009524075973,292.8509216308594,1262500,0.0,0.0
2021-08-17 00:00:00-04:00,293.0672054593923,293.75384224268333,289.49299706585396,293.0107727050781,1408500,0.0,0.0
2021-08-18 00:00:00-04:00,293.8572740162993,295.6913956442882,291.2988843175494,291.49639892578125,1278800,0.0,0.0
2021-08-19 00:00:00-04:00,289.93506127004,293.4058190443651,289.4647691998534,292.68157958984375,1402500,0.0,0.0
2021-08-20 00:00:00-04:00,292.39941076208396,295.45630946541024,292.25832887049324,295.2023620605469,1165200,0.0,0.0
2021-08-23 00:00:00-04:00,294.28993582839354,295.68198182167725,294.2335030829548,294.2428894042969,988600,0.0,0.0
2021-08-24 00:00:00-04:00,295.0988126005733,295.6349523653031,293.36814149901784,293.9136962890625,689100,0.0,0.0
2021-08-25 00:00:00-04:00,292.08906281951465,294.929617132828,291.5623378965738,294.2618103027344,801400,0.0,0.0
2021-08-26 00:00:00-04:00,294.91076029961823,295.2681868667344,292.7285981983245,292.8226623535156,880100,0.0,0.0
2021-08-27 00:00:00-04:00,294.67552749141925,296.27450284142157,293.781961336755,295.85125732421875,1268900,0.0,0.0
2021-08-30 00:00:00-04:00,296.8294859030584,297.49732120976654,295.89831692903573,296.80126953125,747500,0.0,0.0
2021-08-31 00:00:00-04:00,296.40620825404756,296.72600333472195,294.84483553945427,295.8982849121094,1492900,0.0,0.0
2021-09-01 00:00:00-04:00,294.86371870278134,296.7448870200366,293.584538025136,295.2305603027344,1050700,0.0,0.0
2021-09-02 00:00:00-04:00,296.74998417807024,297.92028010115035,296.1554036884174,297.8258972167969,893000,1.06,0.0
2021-09-03 00:00:00-04:00,296.7406277212484,298.4016458642994,295.72133844097624,295.8062744140625,1150800,0.0,0.0
2021-09-07 00:00:00-04:00,298.49596638970235,299.20379481912033,295.2022139813266,297.8919677734375,1382700,0.0,0.0
2021-09-08 00:00:00-04:00,296.3913407727181,298.0618342688265,292.8994045319994,294.0696716308594,1521800,0.0,0.0
2021-09-09 00:00:00-04:00,295.3342974654562,297.7692431482349,294.62646910677097,295.11724853515625,1211200,0.0,0.0
2021-09-10 00:00:00-04:00,295.5419256807067,296.52345572727023,292.672853360849,292.98431396484375,971100,0.0,0.0
2021-09-13 00:00:00-04:00,296.872771008769,297.82598947327244,293.68281862012554,295.87237548828125,1354000,0.0,0.0
2021-09-14 00:00:00-04:00,297.8730341633695,298.0240409976864,293.5033693006522,294.39996337890625,1128600,0.0,0.0
2021-09-15 00:00:00-04:00,295.85341209228545,297.33511101684826,294.0413586791478,296.8443603515625,1419000,0.0,0.0
2021-09-16 00:00:00-04:00,296.42913991102347,297.17472734209093,292.4936295098214,295.4759216308594,1232300,0.0,0.0
2021-09-17 00:00:00-04:00,291.9556191121273,293.7676436414942,288.7751148566527,291.92730712890625,6512400,0.0,0.0
2021-09-20 00:00:00-04:00,284.83021333355293,287.43503176344944,282.72562142389575,285.2171630859375,1885200,0.0,0.0
2021-09-21 00:00:00-04:00,288.33159151836264,288.8884131531906,286.0098932830404,287.8125,1216200,0.0,0.0
2021-09-22 00:00:00-04:00,288.8600328651905,291.8989770158108,288.50139523225874,288.8505859375,1334000,0.0,0.0
2021-09-23 00:00:00-04:00,291.5026474417889,294.3150963868238,291.2006337023995,292.9183044433594,1066900,0.0,0.0
2021-09-24 00:00:00-04:00,290.88918218603857,293.62611311054656,290.5022325088861,292.8144836425781,926200,0.0,0.0
2021-09-27 00:00:00-04:00,293.03154296275983,294.73034859093036,291.125135297259,291.8235168457031,1021600,0.0,0.0
2021-09-28 00:00:00-04:00,288.3599104607027,288.48260534621306,281.4609440978274,283.0653381347656,2278000,0.0,0.0
2021-09-29 00:00:00-04:00,282.8199302536244,283.6126946112528,281.5458333639457,282.3197326660156,1197700,0.0,0.0
2021-09-30 00:00:00-04:00,282.4612662077069,283.56546228779257,276.8080576210488,276.8835754394531,2084800,0.0,0.0
2021-10-01 00:00:00-04:00,278.92215518427747,281.7534688520026,276.1097065724236,281.1022644042969,1597400,0.0,0.0
2021-10-04 00:00:00-04:00,279.80927058994837,281.21548033501557,275.58116562547156,278.0821533203125,1495200,0.0,0.0
2021-10-05 00:00:00-04:00,278.25206032069286,282.8104915110147,277.70468567753835,281.0833740234375,1359900,0.0,0.0
2021-10-06 00:00:00-04:00,277.31774645860867,279.5827917457796,273.94847611307466,279.4034729003906,2050200,0.0,0.0
2021-10-07 00:00:00-04:00,280.7907939536214,285.37753691179114,280.7247518595756,282.3385925292969,1375800,0.0,0.0
2021-10-08 00:00:00-04:00,282.8010545346383,283.4239470273568,279.0637283799409,279.5356140136719,909400,0.0,0.0
2021-10-11 00:00:00-04:00,278.9410827466974,281.41375929567613,278.12945313818255,278.2615661621094,748800,0.0,0.0
2021-10-12 00:00:00-04:00,279.09206598744964,280.3850281343124,277.6669620262368,279.177001953125,1063900,0.0,0.0
2021-10-13 00:00:00-04:00,281.97056127406864,285.14164804767364,281.12117280311577,284.06573486328125,1430000,0.0,0.0
2021-10-14 00:00:00-04:00,287.2368410773771,291.75751430091907,286.5667714251386,291.4082946777344,1126400,0.0,0.0
2021-10-15 00:00:00-04:00,291.1628872160982,292.13497048379173,289.34138675392694,290.9080505371094,1230500,0.0,0.0
2021-10-18 00:00:00-04:00,290.0019938534655,291.1817077748301,288.5768902199421,290.6531982421875,1010600,0.0,0.0
2021-10-19 00:00:00-04:00,290.7193350746315,293.50344327957293,289.70949281650644,293.21087646484375,984800,0.0,0.0
2021-10-20 00:00:00-04:00,293.65441860208296,294.45662992470034,292.76727132318075,293.7204895019531,745300,0.0,0.0
2021-10-21 00:00:00-04:00,293.67330692623693,294.0791216435991,291.0684891094712,293.805419921875,856900,0.0,0.0
2021-10-22 00:00:00-04:00,295.4381151527372,297.2784515288836,295.25879633842845,296.4856872558594,1214800,0.0,0.0
2021-10-25 00:00:00-04:00,297.3540162253176,299.91162826191663,296.3064151554285,298.87347412109375,1225400,0.0,0.0
2021-10-26 00:00:00-04:00,299.9682466775503,301.16682578062176,298.8734685858322,298.9584045410156,1069800,0.0,0.0
2021-10-27 00:00:00-04:00,301.5349266346785,303.3469801810619,298.94900252105725,301.03472900390625,1536000,0.0,0.0
2021-10-28 00:00:00-04:00,298.6564677555727,300.54401053474743,297.8731213733096,300.08154296875,1565000,0.0,0.0
2021-10-29 00:00:00-04:00,299.779550030267,304.57389588898724,299.03396258789496,301.2518310546875,1890800,0.0,0.0
2021-11-01 00:00:00-04:00,303.34691973313744,306.08385016370386,302.4597725947209,304.80975341796875,1367700,0.0,0.0
2021-11-02 00:00:00-04:00,308.7359528657935,310.2554110450965,307.6883516004249,309.1512145996094,2012300,0.0,0.0
2021-11-03 00:00:00-04:00,311.3406698054082,311.59547764021426,307.00873500244245,309.9438781738281,1856300,0.0,0.0
2021-11-04 00:00:00-04:00,310.87824307752385,312.9828633274293,309.8778478595882,312.86016845703125,1628200,0.0,0.0
2021-11-05 00:00:00-04:00,312.841297576329,313.9077348724907,312.06739825562073,313.3226013183594,1693200,0.0,0.0
2021-11-08 00:00:00-05:00,316.47477830136467,318.9002771554307,316.2199704503907,318.55108642578125,1448700,0.0,0.0
2021-11-09 00:00:00-05:00,320.8633472930298,321.03321919894523,318.55109630104886,319.5798034667969,1813000,0.0,0.0
2021-11-10 00:00:00-05:00,318.68323779565156,319.59869702326097,316.6446885217499,317.6922607421875,1540100,0.0,0.0
2021-11-11 00:00:00-05:00,318.59827951759644,318.7870452844587,316.7673898267712,316.7862548828125,924900,0.0,0.0
2021-11-12 00:00:00-05:00,318.78706910691466,318.78706910691466,316.6918956652683,318.0697937011719,1044100,0.0,0.0
2021-11-15 00:00:00-05:00,317.79615482661,317.79615482661,314.0493812055097,315.2290954589844,1274900,0.0,0.0
2021-11-16 00:00:00-05:00,315.1724955252008,316.46545783739754,314.15320620352566,314.2475891113281,1604300,0.0,0.0
2021-11-17 00:00:00-05:00,315.5404805808617,315.62541653832886,312.45435891976854,312.84130859375,1304600,0.0,0.0
2021-11-18 00:00:00-05:00,312.82240184507646,313.10555049324597,310.6611864792599,312.3882751464844,1762900,0.0,0.0
2021-11-19 00:00:00-05:00,313.16216180854747,314.5023007635841,311.8880649472976,313.5113525390625,2067000,0.0,0.0
2021-11-22 00:00:00-05:00,314.05875297348933,315.5687927553503,311.1991271972656,311.1991271972656,955500,0.0,0.0
2021-11-23 00:00:00-05:00,310.4818409390516,312.8223749402569,310.06657933207464,311.680419921875,986800,0.0,0.0
2021-11-24 00:00:00-05:00,307.02767995195114,309.8400999354248,306.5746593686309,308.8491516113281,1327400,0.0,0.0
2021-11-26 00:00:00-05:00,305.0079677626983,306.2254406682004,301.1951528736211,302.54473876953125,1319000,0.0,0.0
2021-11-29 00:00:00-05:00,303.4225061959991,304.507837549596,300.70443994592233,302.7052307128906,1857200,0.0,0.0
2021-11-30 00:00:00-05:00,302.346517634979,302.7429141983515,298.0429234118995,300.2513732910156,3243900,0.0,0.0
2021-12-01 00:00:00-05:00,303.6112384396245,307.4901246541316,300.34576900759225,300.3929748535156,2459500,0.0,0.0
2021-12-02 00:00:00-05:00,303.0159505208333,307.4570303574825,302.44778983403614,306.80364990234375,2183900,1.06,0.0
2021-12-03 00:00:00-05:00,307.92103814926264,309.6444484369044,301.3683338941919,303.6788330078125,2566700,0.0,0.0
2021-12-06 00:00:00-05:00,307.9020049675654,309.10458880073173,306.2922215959359,307.7789001464844,1672900,0.0,0.0
2021-12-07 00:00:00-05:00,313.11015598549085,314.87142223211436,312.47570365818535,313.1006774902344,1797500,0.0,0.0
2021-12-08 00:00:00-05:00,316.17819843788016,316.3013032907916,313.28061073801206,315.5058898925781,1370100,0.0,0.0
2021-12-09 00:00:00-05:00,313.4794592587688,316.27289911850767,312.95866215169696,314.49267578125,1086500,0.0,0.0
2021-12-10 00:00:00-05:00,315.29752635667217,317.0682709660565,315.12708684191676,316.2728576660156,1116600,0.0,0.0
2021-12-13 00:00:00-05:00,315.9698789005201,317.69328907330265,313.8298483772729,316.45281982421875,1016800,0.0,0.0
2021-12-14 00:00:00-05:00,317.3997182985503,318.2235382308429,315.3448788175089,316.746337890625,1631400,0.0,0.0
2021-12-15 00:00:00-05:00,318.346633254558,323.2895815936751,316.85995446512214,323.2422180175781,1445100,0.0,0.0
2021-12-16 00:00:00-05:00,322.80661511925797,325.08870704803275,320.609742943278,321.9638671875,1449500,0.0,0.0
2021-12-17 00:00:00-05:00,320.18373303758653,320.9980746110779,315.43962986381314,316.1119384765625,2791400,0.0,0.0
2021-12-20 00:00:00-05:00,312.82603367222526,313.1196069186724,309.6538590084796,312.7881774902344,1621800,0.0,0.0
2021-12-21 00:00:00-05:00,312.86390913168015,316.28232226034567,312.0874239570101,315.2217712402344,1051900,0.0,0.0
2021-12-22 00:00:00-05:00,314.5116487076563,317.7311875732493,313.848789721569,317.55126953125,923400,0.0,0.0
2021-12-23 00:00:00-05:00,317.55125815913095,322.5604987690565,317.42815330345013,321.16851806640625,1151900,0.0,0.0
2021-12-27 00:00:00-05:00,323.68723549294407,325.6189698410895,322.58882834568226,325.19287109375,1094400,0.0,0.0
2021-12-28 00:00:00-05:00,325.1550008221627,326.6416795033264,324.69101697687324,325.5432434082031,926400,0.0,0.0
2021-12-29 00:00:00-05:00,325.90314149402457,328.10946370082456,325.69481686909404,327.0678405761719,802100,0.0,0.0
2021-12-30 00:00:00-05:00,326.9353191527869,327.84435901802635,325.51493172053813,326.0546569824219,925300,0.0,0.0
2021-12-31 00:00:00-05:00,325.47693317860836,328.5544382090801,325.39171343012146,328.0430908203125,817800,0.0,0.0
2022-01-03 00:00:00-05:00,328.0336997148769,328.19466074699255,320.40145929241646,320.6666259765625,1514700,0.0,0.0
2022-01-04 00:00:00-05:00,320.9695491209424,327.28554881559745,320.3161688457076,326.5090637207031,1919900,0.0,0.0
2022-01-05 00:00:00-05:00,329.23629357290866,333.48797677508327,327.93901119081943,328.02423095703125,1654900,0.0,0.0
2022-01-06 00:00:00-05:00,326.3860718596515,327.1625572232788,319.7765544659473,320.0700988769531,1649400,0.0,0.0
2022-01-07 00:00:00-05:00,320.07952474367033,320.24051468189276,315.6100383327614,318.431884765625,1441000,0.0,0.0
2022-01-10 00:00:00-05:00,315.72365408096164,317.7405794681845,313.1006541017734,317.626953125,1415600,0.0,0.0
2022-01-11 00:00:00-05:00,316.45287183142284,318.6118597012264,313.43217873361164,318.573974609375,1571700,0.0,0.0
2022-01-12 00:00:00-05:00,320.35417862667214,323.7725927348379,319.28414880582767,323.176025390625,1274400,0.0,0.0
2022-01-13 00:00:00-05:00,320.3256910968171,321.8975895898029,315.12708366425557,315.71417236328125,1446200,0.0,0.0
2022-01-14 00:00:00-05:00,311.68028721350555,313.1858941539633,307.9115450637054,311.1878967285156,1850700,0.0,0.0
2022-01-18 00:00:00-05:00,305.6957281557792,306.6142463907898,301.5576712993825,304.1143798828125,2207400,0.0,0.0
2022-01-19 00:00:00-05:00,308.09142647270335,309.4739574306855,304.77718980807697,305.0896911621094,1442400,0.0,0.0
2022-01-20 00:00:00-05:00,306.6332140704203,310.2125888732798,304.19961025291224,304.6067810058594,1611700,0.0,0.0
2022-01-21 00:00:00-05:00,303.6787586412795,304.9286772655954,298.7547387103687,299.3418273925781,1921800,0.0,0.0
2022-01-24 00:00:00-05:00,297.1450030939488,299.9668495190566,287.9882560782269,299.3797607421875,2877700,0.0,0.0
2022-01-25 00:00:00-05:00,293.89703754576135,299.43655325441966,290.0430467792705,296.9461364746094,1941600,0.0,0.0
2022-01-26 00:00:00-05:00,300.26977230571725,300.8757889741297,289.5316516725233,292.53338623046875,2092900,0.0,0.0
2022-01-27 00:00:00-05:00,294.23801488495576,297.3912624116651,290.9900401810646,294.8251037597656,2151600,0.0,0.0
2022-01-28 00:00:00-05:00,291.04681119821186,298.25292441216124,289.20980355520845,298.2245178222656,1898400,0.0,0.0
2022-01-31 00:00:00-05:00,293.6035336727332,301.9743463634874,293.1205927239679,301.7660217285156,2381400,0.0,0.0
2022-02-01 00:00:00-05:00,303.43261694596634,304.9855587534347,299.1619764041829,304.35113525390625,1875800,0.0,0.0
2022-02-02 00:00:00-05:00,303.3283938818331,307.2865613178514,303.0159214279147,305.18438720703125,1730400,0.0,0.0
2022-02-03 00:00:00-05:00,302.1352906628413,302.56138946691266,294.47467280813277,295.2511291503906,1556300,0.0,0.0
2022-02-04 00:00:00-05:00,285.41255636373137,288.25333025540044,281.7195560841309,282.16461181640625,3291600,0.0,0.0
2022-02-07 00:00:00-05:00,280.96205495534207,283.73656663739206,279.8257625112483,280.73480224609375,2533400,0.0,0.0
2022-02-08 00:00:00-05:00,280.78212839367745,283.73655801336804,279.26707184760176,282.85589599609375,1993000,0.0,0.0
2022-02-09 00:00:00-05:00,286.70044116462736,288.78368750082535,285.7345881712199,288.0072021484375,1880800,0.0,0.0
2022-02-10 00:00:00-05:00,293.25320772758454,300.03319424539956,290.9805934903722,292.4577941894531,2497900,0.0,0.0
2022-02-11 00:00:00-05:00,290.68701885129406,292.694495033911,277.9319391762729,279.0871887207031,2209700,0.0,0.0
2022-02-14 00:00:00-05:00,278.6042238191271,280.1477159111441,274.9112227725589,277.9319152832031,1774400,0.0,0.0
2022-02-15 00:00:00-05:00,284.61718966461706,286.55837391542013,283.05476954837906,285.8765869140625,1697600,0.0,0.0
2022-02-16 00:00:00-05:00,285.3179223943335,289.0677366846558,283.23467617868056,287.70416259765625,1805400,0.0,0.0
2022-02-17 00:00:00-05:00,285.94294789617214,286.5868499707977,282.1836544312244,283.1021728515625,2055900,0.0,0.0
2022-02-18 00:00:00-05:00,283.8975051044497,289.0582565168924,282.7801408423378,286.7856140136719,2871400,0.0,0.0
2022-02-22 00:00:00-05:00,275.7444943054662,279.4090884051217,274.36196338634403,278.00762939453125,3590700,0.0,0.0
2022-02-23 00:00:00-05:00,280.147690845792,281.35027486553076,275.22367062569435,275.64031982421875,3391600,0.0,0.0
2022-02-24 00:00:00-05:00,262.0614892021801,270.72584702224714,262.0614892021801,270.1103515625,4444500,0.0,0.0
2022-02-25 00:00:00-05:00,272.4112934709933,281.85213397984313,272.33555220929304,281.70062255859375,2888900,0.0,0.0
2022-02-28 00:00:00-05:00,272.67647686711024,279.077698221381,272.67647686711024,277.6762390136719,3233300,0.0,0.0
2022-03-01 00:00:00-05:00,276.5020210767426,277.5720506449763,265.6597213623675,267.56304931640625,3439200,0.0,0.0
2022-03-02 00:00:00-05:00,269.0402283026436,276.53040578997917,267.4494018180361,274.79754638671875,2964500,0.0,0.0
2022-03-03 00:00:00-05:00,275.1573748545734,276.3599877542263,270.50799986838626,272.1556396484375,3092200,0.0,0.0
2022-03-04 00:00:00-05:00,263.5859758938279,266.5972187480334,261.7016047717198,266.4930419921875,3849600,0.0,0.0
2022-03-07 00:00:00-05:00,265.9343940817517,266.29423017909045,255.5466264356012,256.607177734375,3732000,0.0,0.0
2022-03-08 00:00:00-05:00,258.9839268918279,263.79429205103486,253.31185671653668,257.03326416015625,3117300,0.0,0.0
2022-03-09 00:00:00-05:00,269.2296732205382,280.5738141311425,266.97598751303815,277.2311706542969,4117600,0.0,0.0
2022-03-10 00:00:00-05:00,266.7161903930748,273.97970860787535,266.354910534276,269.5113220214844,2525900,1.17,0.0
2022-03-11 00:00:00-05:00,274.1413790382938,275.2347062656034,266.5165509901833,266.9253845214844,2007300,0.0,0.0
2022-03-14 00:00:00-04:00,274.4360214315878,278.21991378413014,270.57608391732566,271.2986145019531,2541100,0.0,0.0
2022-03-15 00:00:00-04:00,275.87172266978143,280.0643919050961,273.18115626515,279.6080627441406,3413500,0.0,0.0
2022-03-16 00:00:00-04:00,288.1454557438428,293.11775337472415,283.8671971708765,289.5240173339844,3535700,0.0,0.0
2022-03-17 00:00:00-04:00,287.9649047757518,294.81010250865506,287.2518615318783,294.1255798339844,2265300,0.0,0.0
2022-03-18 00:00:00-04:00,289.6951591465578,297.1678663499934,289.6951591465578,296.3027038574219,3242700,0.0,0.0
2022-03-21 00:00:00-04:00,296.1791335517134,297.0633001680959,293.1273167392112,295.3900451660156,1556300,0.0,0.0
2022-03-22 00:00:00-04:00,296.530865230483,297.95695149707444,294.3536987396229,296.7495422363281,1721900,0.0,0.0
2022-03-23 00:00:00-04:00,292.5758221413628,295.4089903742311,291.8247710002755,292.1575012207031,1854000,0.0,0.0
2022-03-24 00:00:00-04:00,294.4392212900789,302.45381728976787,294.4392212900789,302.3682556152344,2115900,0.0,0.0
2022-03-25 00:00:00-04:00,304.84018191596624,305.1253875334916,300.1911272537281,303.0337829589844,1813500,0.0,0.0
2022-03-28 00:00:00-04:00,303.6328122179014,306.7987403551139,303.31908596789975,306.74169921875,1722500,0.0,0.0
2022-03-29 00:00:00-04:00,311.58088961849404,312.7882990513217,304.93530693965863,310.2593688964844,2514200,0.0,0.0
2022-03-30 00:00:00-04:00,308.6050703787134,310.44947758360456,306.5705067349224,309.5747985839844,1526700,0.0,0.0
2022-03-31 00:00:00-04:00,307.5878252050004,308.8713087859994,303.49020587854324,303.6898498535156,2311300,0.0,0.0
2022-04-01 00:00:00-04:00,305.0779715827207,306.98890792827603,304.583576317879,306.8273010253906,1477700,0.0,0.0
2022-04-04 00:00:00-04:00,304.5835176686439,306.11419876986815,303.45215351106975,305.6007995605469,1301800,0.0,0.0
2022-04-05 00:00:00-04:00,305.0208067519017,309.0233761883269,304.86871642479457,305.91448974609375,1376900,0.0,0.0
2022-04-06 00:00:00-04:00,300.4478383606477,301.30351331501015,296.7495364683476,299.525634765625,2257600,0.0,0.0
2022-04-07 00:00:00-04:00,301.17030719125734,303.75627728519146,298.8695426535773,302.3777160644531,1471400,0.0,0.0
2022-04-08 00:00:00-04:00,301.8549409726563,305.61980077399437,301.5031776521562,302.1591796875,1357200,0.0,0.0
2022-04-11 00:00:00-04:00,302.1877048514182,303.68034886839223,301.15141891365306,301.5221862792969,1235700,0.0,0.0
2022-04-12 00:00:00-04:00,299.39250609411556,301.95944355247883,297.47205400922496,298.52734375,1827900,0.0,0.0
2022-04-13 00:00:00-04:00,298.5273751040035,303.68980013691737,298.08053360492016,303.5186767578125,1208900,0.0,0.0
2022-04-14 00:00:00-04:00,303.2429975031855,304.89727742128093,301.0183062483001,302.8246765136719,1785300,0.0,0.0
2022-04-18 00:00:00-04:00,302.79617605686246,304.136700814952,300.13415959570796,301.89300537109375,915800,0.0,0.0
2022-04-19 00:00:00-04:00,299.563686640845,303.433141123274,299.05980397212625,302.472900390625,1944600,0.0,0.0
2022-04-20 00:00:00-04:00,304.1557182413773,311.7139587054664,304.1557182413773,310.2878723144531,1957100,0.0,0.0
2022-04-21 00:00:00-04:00,314.87042209892655,315.93522880413485,307.6353941958129,308.386474609375,1475000,0.0,0.0
2022-04-22 00:00:00-04:00,306.7606551913723,306.7606551913723,293.8022804915081,294.4582824707031,2339100,0.0,0.0
2022-04-25 00:00:00-04:00,295.9603723606188,298.68897463770804,291.4159127586966,298.517822265625,2293300,0.0,0.0
2022-04-26 00:00:00-04:00,296.2836599170839,298.09951733912726,288.5732727050781,288.5732727050781,2500300,0.0,0.0
2022-04-27 00:00:00-04:00,289.3719537157701,294.78157736307895,288.5163076391662,291.910400390625,2610900,0.0,0.0
2022-04-28 00:00:00-04:00,290.44626252378697,300.9232334634733,288.088455905139,299.6587829589844,3304900,0.0,0.0
2022-04-29 00:00:00-04:00,298.0805651393187,303.18594958597066,295.64671344413193,296.5879211425781,2534900,0.0,0.0
2022-05-02 00:00:00-04:00,299.05979573823566,300.0960816127747,291.7772450378153,297.8523864746094,2195400,0.0,0.0
2022-05-03 00:00:00-04:00,298.6414614804729,301.08482947757824,296.54988578589337,298.5368957519531,1771900,0.0,0.0
2022-05-04 00:00:00-04:00,299.2974549463304,306.9888095196715,296.75903781867476,306.361328125,1730100,0.0,0.0
2022-05-05 00:00:00-04:00,303.1669930107557,303.927560904402,294.18263607130615,297.2059326171875,1769500,0.0,0.0
2022-05-06 00:00:00-04:00,290.42729546121114,294.5534358088411,288.8205689300849,293.4505920410156,2273000,0.0,0.0
2022-05-09 00:00:00-04:00,288.75391713399983,290.54128303667767,285.0460990453576,285.4739074707031,2027000,0.0,0.0
2022-05-10 00:00:00-04:00,291.11181586734097,291.53962442874354,283.40142608204536,284.62786865234375,2524900,0.0,0.0
2022-05-11 00:00:00-04:00,283.3918399743553,291.61562702800234,282.74535451998213,285.64508056640625,1759200,0.0,0.0
2022-05-12 00:00:00-04:00,281.89928613103024,287.43247979416486,281.718646183536,286.49127197265625,2455200,0.0,0.0
2022-05-13 00:00:00-04:00,288.345164451219,295.8463636586871,287.6796458740569,293.55511474609375,1845400,0.0,0.0
2022-05-16 00:00:00-04:00,292.2050979945641,296.27419653982275,289.90433259109403,294.1921081542969,1598800,0.0,0.0
2022-05-17 00:00:00-04:00,301.30353082631945,303.18594620220284,299.41156991007443,303.0623474121094,1396600,0.0,0.0
2022-05-18 00:00:00-04:00,299.1168604141371,300.70458268578517,293.6882330428909,294.79107666015625,1737200,0.0,0.0
2022-05-19 00:00:00-04:00,293.269919578337,298.622501912678,292.7755533981001,295.3900451660156,1957800,0.0,0.0
2022-05-20 00:00:00-04:00,299.96304727366163,301.1419361766445,292.18610008370706,299.6492919921875,2372000,0.0,0.0
2022-05-23 00:00:00-04:00,304.1556804092585,307.5877806367735,303.0243163586741,304.63104248046875,1981100,0.0,0.0
2022-05-24 00:00:00-04:00,305.1824188311812,305.79089614737296,300.1340764669466,304.6975402832031,1707700,0.0,0.0
2022-05-25 00:00:00-04:00,303.05289668204426,304.2698226637589,297.85243343696135,300.2862854003906,2260100,0.0,0.0
2022-05-26 00:00:00-04:00,301.90248932025713,305.89554297864646,301.5507259720939,304.5455017089844,2651600,0.0,0.0
2022-05-27 00:00:00-04:00,307.94903373037704,313.5582998811465,307.42611808914353,313.3871765136719,1879000,0.0,0.0
2022-05-31 00:00:00-04:00,308.46244333620604,311.6948994470985,306.98880358493966,308.68109130859375,2510400,0.0,0.0
2022-06-01 00:00:00-04:00,307.5878137192625,309.1089783135033,302.14015335230425,303.8609619140625,1853800,0.0,0.0
2022-06-02 00:00:00-04:00,308.727506835205,318.1360764544918,308.14541907654825,317.9261474609375,2282400,1.17,0.0
2022-06-03 00:00:00-04:00,315.16843605889784,318.2887161058451,314.7199527689329,316.7047119140625,1332800,0.0,0.0
2022-06-06 00:00:00-04:00,320.97967013655466,322.5159462515671,318.09791480367073,320.1495056152344,1728400,0.0,0.0
2022-06-07 00:00:00-04:00,316.3612325706104,320.74108677077976,316.03680216175377,320.3880310058594,1726100,0.0,0.0
2022-06-08 00:00:00-04:00,315.77909945531894,318.4699990202056,312.3057638970018,313.5557861328125,1917000,0.0,0.0
2022-06-09 00:00:00-04:00,309.40496375313444,311.6473802628581,304.00409026688135,304.0995178222656,1666100,0.0,0.0
2022-06-10 00:00:00-04:00,298.14519279823344,298.94673179751584,293.76530997439784,296.6566162109375,2007900,0.0,0.0
2022-06-13 00:00:00-04:00,288.77483243642996,290.5592144141254,286.0266815127556,287.5343322753906,2039600,0.0,0.0
2022-06-14 00:00:00-04:00,285.5590889536969,286.3701503920204,279.79560809732976,282.0857238769531,2420300,0.0,0.0
2022-06-15 00:00:00-04:00,285.88354661605075,288.9752017573543,280.59717392299325,286.25567626953125,1979500,0.0,0.0
2022-06-16 00:00:00-04:00,276.5703424827395,278.25929664326617,274.6523563652387,276.4558410644531,2986900,0.0,0.0
2022-06-17 00:00:00-04:00,271.99008666918076,279.11809052313,270.68281372682304,277.3718566894531,5565600,0.0,0.0
2022-06-21 00:00:00-04:00,279.95782759728576,286.84724854702387,279.43299061009674,285.1010437011719,3779400,0.0,0.0
2022-06-22 00:00:00-04:00,280.14868102302455,287.12400783887654,279.9101266746838,284.73846435546875,2768900,0.0,0.0
2022-06-23 00:00:00-04:00,283.3643483127548,286.06479945584704,279.5856561310437,283.24029541015625,2812400,0.0,0.0
2022-06-24 00:00:00-04:00,283.8891964698866,290.6736674527549,283.8414681329439,289.3473205566406,23958800,0.0,0.0
2022-06-27 00:00:00-04:00,285.9025979711023,287.02856745608534,281.96167565325896,282.6964416503906,2714300,0.0,0.0
2022-06-28 00:00:00-04:00,282.6868712835305,285.31096882287125,278.81275142780845,279.96734619140625,2535500,0.0,0.0
2022-06-29 00:00:00-04:00,277.8013017521407,278.95589659187556,275.4253098692775,278.0684814453125,1951200,0.0,0.0
2022-06-30 00:00:00-04:00,271.11220450114655,276.3317741022129,269.56637719208777,274.3660888671875,2926900,0.0,0.0
2022-07-01 00:00:00-04:00,270.53971588910593,273.03023852971353,268.0682962342012,272.371826171875,3307600,0.0,0.0
2022-07-05 00:00:00-04:00,259.7188935348283,260.9498421752623,254.6138244518674,258.2398681640625,4332700,0.0,0.0
2022-07-06 00:00:00-04:00,257.2665102271557,262.8677901947018,257.2092595192436,261.7322692871094,3484100,0.0,0.0
2022-07-07 00:00:00-04:00,262.23806175518,263.6121372922336,261.06436374049457,261.3410949707031,2338000,0.0,0.0
2022-07-08 00:00:00-04:00,262.1808092430615,263.72663693158256,259.5185342681601,261.1502380371094,1711900,0.0,0.0
2022-07-11 00:00:00-04:00,258.5356500511123,265.4346519459369,258.3543464257428,264.0987243652344,2251700,0.0,0.0
2022-07-12 00:00:00-04:00,262.3716044616023,264.9384515611473,260.60629647234,261.0166320800781,2146600,0.0,0.0
2022-07-13 00:00:00-04:00,257.77230620850315,263.2399533539347,256.97073795474756,262.15216064453125,2423300,0.0,0.0
2022-07-14 00:00:00-04:00,255.558479349394,256.7989501673254,252.98208104088977,256.6940002441406,2473800,0.0,0.0
2022-07-15 00:00:00-04:00,262.6578479583548,264.2991027832031,260.7494134699451,264.2991027832031,2370100,0.0,0.0
2022-07-18 00:00:00-04:00,266.95185704976893,267.7438446429146,263.621618672752,264.4422607421875,2244100,0.0,0.0
2022-07-19 00:00:00-04:00,267.9633180825781,273.3069409642919,267.46710643302634,272.6676025390625,2097500,0.0,0.0
2022-07-20 00:00:00-04:00,271.3792955116075,272.71519342124935,269.0223784737288,270.177001953125,1997000,0.0,0.0
2022-07-21 00:00:00-04:00,269.56637405813404,274.08935452026304,269.17514148983184,273.88897705078125,1544800,0.0,0.0
2022-07-22 00:00:00-04:00,274.0321253971529,275.48255437346353,271.5225291640488,272.46722412109375,1203700,0.0,0.0
2022-07-25 00:00:00-04:00,273.7840945414885,275.06274248129387,271.5416776200211,274.9005126953125,1460700,0.0,0.0
2022-07-26 00:00:00-04:00,271.50340085951046,274.4805536680568,271.3316487637242,273.4977111816406,1448500,0.0,0.0
2022-07-27 00:00:00-04:00,273.08746015611666,277.41961499046874,272.0568891317112,277.1524353027344,3179200,0.0,0.0
2022-07-28 00:00:00-04:00,273.3260235826855,283.707913143616,273.3260235826855,283.33575439453125,1941300,0.0,0.0
2022-07-29 00:00:00-04:00,285.435015606182,289.2709585344203,285.07240838562416,288.1736145019531,1711400,0.0,0.0
2022-08-01 00:00:00-04:00,286.675566101244,288.45042585307516,284.82438175984527,286.3320617675781,1247900,0.0,0.0
2022-08-02 00:00:00-04:00,284.7670553119102,286.8567934805623,282.2765621938839,284.01324462890625,1428100,0.0,0.0
2022-08-03 00:00:00-04:00,286.15072709982485,287.53432489881976,282.2479813119542,286.3224792480469,1297100,0.0,0.0
2022-08-04 00:00:00-04:00,287.6201823781934,290.19655153532796,287.6201823781934,288.4026184082031,1451100,0.0,0.0
2022-08-05 00:00:00-04:00,286.37012975608934,288.2404165643634,285.6926436508594,288.1449890136719,1113100,0.0,0.0
2022-08-08 00:00:00-04:00,291.6660781003829,291.8569040977521,286.9236167157425,287.2003479003906,1081700,0.0,0.0
2022-08-09 00:00:00-04:00,286.88543803172865,288.87974878194575,286.04572211155255,286.904541015625,884200,0.0,0.0
2022-08-10 00:00:00-04:00,293.91803858525174,297.0287966862097,292.4008363852029,295.23486328125,1246500,0.0,0.0
2022-08-11 00:00:00-04:00,295.0821628761627,295.85507659709873,291.6183492495373,291.866455078125,1165400,0.0,0.0
2022-08-12 00:00:00-04:00,291.9714688680645,297.3055409745393,291.5802362150507,297.28643798828125,1149000,0.0,0.0
2022-08-15 00:00:00-04:00,295.6546779232778,298.1260971788682,294.0897767299543,297.9161682128906,1263500,0.0,0.0
2022-08-16 00:00:00-04:00,295.12990157135033,299.128074722606,295.0917247224429,297.9925537109375,938400,0.0,0.0
2022-08-17 00:00:00-04:00,294.3379272580084,295.96010868572125,292.9447778363445,295.2921447753906,912200,0.0,0.0
2022-08-18 00:00:00-04:00,295.35889141817404,296.85701962748635,294.0134414773651,295.9696044921875,1113600,0.0,0.0
2022-08-19 00:00:00-04:00,294.376100039384,294.4047253996931,289.3473842757045,289.84356689453125,1154000,0.0,0.0
2022-08-22 00:00:00-04:00,282.8395042510676,283.90822278214,280.96924682169094,282.2478942871094,1966500,0.0,0.0
2022-08-23 00:00:00-04:00,280.01504896782404,282.96357662116213,278.83179983803933,280.71160888671875,1461600,0.0,0.0
2022-08-24 00:00:00-04:00,280.74025864943496,281.46547310297007,278.63144660792955,279.709716796875,1439300,0.0,0.0
2022-08-25 00:00:00-04:00,280.8833798415356,283.917812872433,279.5093337722008,283.51702880859375,1332400,0.0,0.0
2022-08-26 00:00:00-04:00,283.3739254343132,283.6124797699949,272.93478537525283,273.14471435546875,1782500,0.0,0.0
2022-08-29 00:00:00-04:00,273.2401806470961,275.6066213554562,272.6294674833861,274.3470764160156,1456100,0.0,0.0
2022-08-30 00:00:00-04:00,276.2459101995184,276.7516442070883,269.7095158266758,271.6179504394531,1674300,0.0,0.0
2022-08-31 00:00:00-04:00,271.88517980100175,272.66764512411373,269.3851346607036,269.9099426269531,2947800,0.0,0.0
2022-09-01 00:00:00-04:00,266.2113395924616,267.90733820057557,261.87078205125766,267.4665832519531,3096300,1.17,0.0
2022-09-02 00:00:00-04:00,271.22261639446987,273.8576132202944,264.93695357835674,266.0963439941406,2400600,0.0,0.0
2022-09-06 00:00:00-04:00,264.80282032799516,267.49533516086643,262.3307268377773,265.35858154296875,2738500,0.0,0.0
2022-09-07 00:00:00-04:00,266.0004940456036,274.14502889194324,265.7513869814809,273.8767395019531,1313700,0.0,0.0
2022-09-08 00:00:00-04:00,267.9648410507752,272.22872798661996,267.821119781721,272.037109375,1510300,0.0,0.0
2022-09-09 00:00:00-04:00,274.38455648582857,276.0134750474569,273.1580866041215,275.02655029296875,1679400,0.0,0.0
2022-09-12 00:00:00-04:00,280.66066141346096,282.83572068085755,278.5909879680895,282.1937561035156,1752700,0.0,0.0
2022-09-13 00:00:00-04:00,276.55970629388565,279.386321877178,273.0240170926421,273.6372375488281,1752500,0.0,0.0
2022-09-14 00:00:00-04:00,273.6659410204511,275.4385809391465,271.4142400538023,274.5858154296875,1325300,0.0,0.0
2022-09-15 00:00:00-04:00,273.03353185879865,275.6397838613753,270.8296992714455,271.0692443847656,1382600,0.0,0.0
2022-09-16 00:00:00-04:00,268.616345403386,272.03705715704933,266.8724496966535,271.5100402832031,3278300,0.0,0.0
2022-09-19 00:00:00-04:00,268.7888481838178,273.378542073751,268.4055817396167,273.2156677246094,1144000,0.0,0.0
2022-09-20 00:00:00-04:00,268.8175946632287,270.9160128212073,267.37076163128114,269.7566223144531,1589700,0.0,0.0
2022-09-21 00:00:00-04:00,270.1015618144054,271.8358664795286,264.81238582675604,264.9656982421875,1428600,0.0,0.0
2022-09-22 00:00:00-04:00,265.0327774527044,265.85679878771464,261.870763717384,262.60858154296875,1537400,0.0,0.0
2022-09-23 00:00:00-04:00,258.5362809389038,259.26447826692737,254.75145610031424,257.894287109375,1947200,0.0,0.0
2022-09-26 00:00:00-04:00,255.1060502454145,258.2968087272336,251.9728095144132,253.19927978515625,2174000,0.0,0.0
2022-09-27 00:00:00-04:00,256.82116604135007,257.903914886472,251.49368380918057,254.10952758789062,1947400,0.0,0.0
2022-09-28 00:00:00-04:00,255.29765020256065,261.4779269821146,253.86997041658574,260.09814453125,1880200,0.0,0.0
2022-09-29 00:00:00-04:00,257.166100252737,259.17825608040033,254.1286549438006,258.3350524902344,1463900,0.0,0.0
2022-09-30 00:00:00-04:00,258.83331312871024,262.67562643916784,258.09549540078433,258.3158874511719,2625100,0.0,0.0
2022-10-03 00:00:00-04:00,261.1329777871364,265.73223332353297,259.93525194522545,264.285400390625,3081000,0.0,0.0
2022-10-04 00:00:00-04:00,271.7496475722859,275.160798184095,271.03101195927474,274.48046875,2425100,0.0,0.0
2022-10-05 00:00:00-04:00,271.56756646928324,274.3462844423696,269.5553813020992,271.9220886230469,1861400,0.0,0.0
2022-10-06 00:00:00-04:00,268.67382453564375,270.44646442888615,265.7322031836305,267.159912109375,2182300,0.0,0.0
2022-10-07 00:00:00-04:00,264.9178564864047,265.4161000100757,260.5006274865063,261.7750244140625,1587900,0.0,0.0
2022-10-10 00:00:00-04:00,262.4456293452369,263.30798593462396,258.87163484585585,260.4621887207031,1207900,0.0,0.0
2022-10-11 00:00:00-04:00,258.9962235041224,263.5475816883738,257.6931118282706,259.6669616699219,1092900,0.0,0.0
2022-10-12 00:00:00-04:00,259.7435878170376,262.3690225819007,258.6896125353678,260.2322692871094,1437300,0.0,0.0
2022-10-13 00:00:00-04:00,255.81505810917884,271.1842533383491,255.0868315215829,270.6476745605469,2124500,0.0,0.0
2022-10-14 00:00:00-04:00,273.74261438201404,275.56315164999273,263.4709173143664,263.825439453125,1640000,0.0,0.0
2022-10-17 00:00:00-04:00,269.48824477981816,271.83579851977186,268.8462510282838,269.17205810546875,1508200,0.0,0.0
2022-10-18 00:00:00-04:00,276.1189611129261,276.7513346790123,270.9543528061592,272.7557373046875,1692800,0.0,0.0
2022-10-19 00:00:00-04:00,272.12334213643254,274.13552762726204,270.0345150492264,272.037109375,1186500,0.0,0.0
2022-10-20 00:00:00-04:00,272.5161644630943,276.1572392671181,269.72785523922556,270.4273376464844,1345100,0.0,0.0
2022-10-21 00:00:00-04:00,268.73140870356787,276.6555835104932,267.8498986452282,276.2627258300781,1610500,0.0,0.0
2022-10-24 00:00:00-04:00,281.06308403929836,282.54828141639075,265.0710777795334,266.4891662597656,4454300,0.0,0.0
2022-10-25 00:00:00-04:00,266.6999853844944,276.18596750074676,266.4700313971324,276.12847900390625,2999600,0.0,0.0
2022-10-26 00:00:00-04:00,279.51089932948037,284.1964172484975,278.0928105292067,282.510009765625,2597200,0.0,0.0
2022-10-27 00:00:00-04:00,281.70510754724677,284.30176888841993,279.9708029319274,280.9960632324219,2338500,0.0,0.0
2022-10-28 00:00:00-04:00,283.66935558040353,290.3287224621316,282.34709091212306,289.17889404296875,2249300,0.0,0.0
2022-10-31 00:00:00-04:00,288.10573709113635,290.09876912329344,284.6946164790401,284.9150085449219,2016100,0.0,0.0
2022-11-01 00:00:00-04:00,291.3061092988921,291.3061092988921,284.06226496402496,285.7007751464844,1891500,0.0,0.0
2022-11-02 00:00:00-04:00,289.6963288471049,289.6963288471049,281.5901288858037,282.0308837890625,2587800,0.0,0.0
2022-11-03 00:00:00-04:00,277.862771735447,285.7486082852743,277.8148744039011,285.154541015625,2396100,0.0,0.0
2022-11-04 00:00:00-04:00,293.3374089767638,297.0743072908691,290.3574522469062,296.0107116699219,2948000,0.0,0.0
2022-11-07 00:00:00-05:00,298.08046831175346,300.82088066730387,296.48032271468537,300.3800964355469,1575900,0.0,0.0
2022-11-08 00:00:00-05:00,301.53947982510954,305.19014597506026,300.57170795497535,301.5490417480469,1520000,0.0,0.0
2022-11-09 00:00:00-05:00,302.4976612878971,305.5350777578592,300.2267484466305,301.29034423828125,1165500,0.0,0.0
2022-11-10 00:00:00-05:00,316.1996567295178,316.32422490927075,310.9679978693911,314.6378173828125,2683400,0.0,0.0
2022-11-11 00:00:00-05:00,319.2370448704672,320.28145822041984,315.7109180224469,316.410400390625,2133700,0.0,0.0
2022-11-14 00:00:00-05:00,319.0741354417003,323.8937826242137,318.0584663588817,318.1925964355469,1908500,0.0,0.0
2022-11-15 00:00:00-05:00,324.842396237855,325.06278831614287,316.1517198908267,318.6525573730469,1865500,0.0,0.0
2022-11-16 00:00:00-05:00,321.7953983362842,322.092432009875,319.37120236840724,319.7736511230469,1418500,0.0,0.0
2022-11-17 00:00:00-05:00,315.92176259966845,317.4931930441542,314.2832817270248,316.5254211425781,1520600,0.0,0.0
2022-11-18 00:00:00-05:00,320.18569181014493,321.66129839365436,317.1482458821969,320.9043273925781,1257400,0.0,0.0
2022-11-21 00:00:00-05:00,318.7292678250617,321.8720996052289,318.7292678250617,320.38690185546875,1065700,0.0,0.0
2022-11-22 00:00:00-05:00,322.09240543734103,326.0401048625377,320.2718681309403,325.55145263671875,1010400,0.0,0.0
2022-11-23 00:00:00-05:00,326.4905423250502,329.1351308999971,326.11686698892413,328.5218811035156,954500,0.0,0.0
2022-11-25 00:00:00-05:00,328.9051388832688,330.1699152701461,328.1769121443422,330.0166320800781,458500,0.0,0.0
2022-11-28 00:00:00-05:00,330.2944324452062,330.5052333506939,322.71522025240733,323.5776062011719,2881100,0.0,0.0
2022-11-29 00:00:00-05:00,320.7605821099462,321.46962647429535,317.16740446679086,318.0872497558594,1888300,0.0,0.0
2022-11-30 00:00:00-05:00,318.2309777219886,322.98354593061237,314.66654425518203,322.4086608886719,3115200,0.0,0.0
2022-12-01 00:00:00-05:00,324.31247492062647,325.12015165092987,320.10099462852594,324.28363037109375,1420000,1.17,0.0
2022-12-02 00:00:00-05:00,321.47589040228195,325.92775066002037,320.78359203519597,324.3700866699219,1200800,0.0,0.0
2022-12-05 00:00:00-05:00,322.2739770828346,323.3604744367044,319.78360437041044,321.39898681640625,2145000,0.0,0.0
2022-12-06 00:00:00-05:00,322.033664592015,322.7355584054848,316.812566426275,318.7452392578125,1242100,0.0,0.0
2022-12-07 00:00:00-05:00,319.29334300144956,321.0817638998605,316.89912782844885,318.64910888671875,1849300,0.0,0.0
2022-12-08 00:00:00-05:00,318.5433045167202,322.29324236977413,318.1779206899177,321.7547912597656,966900,0.0,0.0
2022-12-09 00:00:00-05:00,321.8413216467124,322.91822385583913,319.39904241598134,319.4278869628906,1262900,0.0,0.0
2022-12-12 00:00:00-05:00,323.0913336719496,323.85094596507616,320.7836815852515,323.12017822265625,1246900,0.0,0.0
2022-12-13 00:00:00-05:00,332.7354197577466,334.2257997935366,327.3605032903457,329.2739562988281,1969400,0.0,0.0
2022-12-14 00:00:00-05:00,329.8508245135048,332.16810107177446,326.9181878014638,328.8508605957031,1824800,0.0,0.0
2022-12-15 00:00:00-05:00,323.4566840957812,323.8412878465625,315.95680825369783,318.0721435546875,1882800,0.0,0.0
2022-12-16 00:00:00-05:00,314.956751614732,317.24518308470647,311.5529489516869,316.9471130371094,3857600,0.0,0.0
2022-12-19 00:00:00-05:00,316.34141430994066,317.78370039342065,313.6491586914656,314.4664306640625,1254700,0.0,0.0
2022-12-20 00:00:00-05:00,315.40871264851137,318.18753105899555,313.7837347611218,316.2740783691406,1312900,0.0,0.0
2022-12-21 00:00:00-05:00,313.51451596516455,317.6106176325787,313.51451596516455,316.02410888671875,1723800,0.0,0.0
2022-12-22 00:00:00-05:00,313.7741350774614,315.22604580483363,310.62033731943313,315.052978515625,1202200,0.0,0.0
2022-12-23 00:00:00-05:00,313.629896623302,316.9279169571035,313.05297634479183,316.65869140625,636600,0.0,0.0
2022-12-27 00:00:00-05:00,317.9375941550242,319.31256671282347,315.658786505558,316.29339599609375,682800,0.0,0.0
2022-12-28 00:00:00-05:00,316.187589451782,317.74525383790143,313.0530114172929,313.3703308105469,908900,0.0,0.0
2022-12-29 00:00:00-05:00,316.7067713420372,318.1682772193191,315.7548719973863,317.0625305175781,872300,0.0,0.0
2022-12-30 00:00:00-05:00,313.61066289663694,314.3702750522819,310.7741554358427,313.6298828125,1238000,0.0,0.0
2023-01-03 00:00:00-05:00,305.4473974104242,309.610784174726,302.3512883949413,306.1012268066406,2374200,0.0,0.0
2023-01-04 00:00:00-05:00,306.45695389562087,307.92808455441707,302.9473968958402,304.58197021484375,2088900,0.0,0.0
2023-01-05 00:00:00-05:00,293.5244559526554,296.11095816886154,290.5437546715738,293.7359924316406,3133700,0.0,0.0
2023-01-06 00:00:00-05:00,295.9763456743977,304.9377570311827,295.7359646573813,303.9954528808594,2538900,0.0,0.0
2023-01-09 00:00:00-05:00,309.87041504812635,312.56270060250574,307.8031437421833,309.5339050292969,2471300,0.0,0.0
2023-01-10 00:00:00-05:00,309.9857207658163,310.80299264977185,307.0818996529253,309.6395568847656,1613400,0.0,0.0
2023-01-11 00:00:00-05:00,313.533697212468,317.0240336289143,312.45679515036034,316.9375,1928000,0.0,0.0
2023-01-12 00:00:00-05:00,315.5817737789922,316.9375260970451,313.2933420368908,316.2548522949219,1277500,0.0,0.0
2023-01-13 00:00:00-05:00,317.3028811532505,321.84127505135945,317.3028811532505,321.2547302246094,1882800,0.0,0.0
2023-01-17 00:00:00-05:00,322.5817058339489,323.37016262593255,317.12988070518793,317.3029479980469,1714700,0.0,0.0
2023-01-18 00:00:00-05:00,320.6682819009796,321.10097947598166,311.70687039884535,311.8607177734375,2945700,0.0,0.0
2023-01-19 00:00:00-05:00,311.533808320765,312.9857191012795,309.09152889123783,312.05303955078125,2703600,0.0,0.0
2023-01-20 00:00:00-05:00,312.0337890392864,316.1779555451635,310.38959105143806,315.9760437011719,1792700,0.0,0.0
2023-01-23 00:00:00-05:00,313.3125879228183,315.92793426515044,311.79336363523623,313.9279479980469,1931100,0.0,0.0
2023-01-24 00:00:00-05:00,313.03377082974856,316.19719320535427,311.2837899969977,315.98565673828125,1625900,0.0,0.0
2023-01-25 00:00:00-05:00,312.2357189443768,314.66837364537827,311.5241711856155,313.802978515625,1887200,0.0,0.0
2023-01-26 00:00:00-05:00,313.8414623980805,316.851037545458,312.22610894206156,316.8318176269531,1587100,0.0,0.0
2023-01-27 00:00:00-05:00,311.7838057219471,314.99529260889807,311.62033371822645,312.2068786621094,1819800,0.0,0.0
2023-01-30 00:00:00-05:00,311.9184050577481,315.8991288257899,311.7068685868369,312.524169921875,2163800,0.0,0.0
2023-01-31 00:00:00-05:00,314.1875932929348,318.5144513158377,313.8895231988278,318.2067565917969,2330300,0.0,0.0
2023-02-01 00:00:00-05:00,318.0048292007259,320.90862099033916,313.45681031565715,318.3413391113281,1879500,0.0,0.0
2023-02-02 00:00:00-05:00,318.96638245770475,321.63941813280894,314.5241167151465,319.2740478515625,2524000,0.0,0.0
2023-02-03 00:00:00-05:00,312.65883096418116,316.2357020925789,310.9953835668068,311.14923095703125,2663000,0.0,0.0
2023-02-06 00:00:00-05:00,309.97610933377223,311.2549233324473,307.53383017717374,310.4376220703125,2322900,0.0,0.0
2023-02-07 00:00:00-05:00,306.63004611585205,324.4374921855344,306.6108261964374,324.1490173339844,5990100,0.0,0.0
2023-02-08 00:00:00-05:00,327.49505660683195,333.3315139075542,320.6201663722264,321.3893737792969,3429500,0.0,0.0
2023-02-09 00:00:00-05:00,323.28360462820365,324.98549156656145,318.3798262962058,319.7740478515625,2655700,0.0,0.0
2023-02-10 00:00:00-05:00,318.4375089220106,319.8317304490506,315.5625615731602,319.2644348144531,2515900,0.0,0.0
2023-02-13 00:00:00-05:00,320.2452020114106,323.0240206377513,319.3509916754116,321.20672607421875,1782700,0.0,0.0
2023-02-14 00:00:00-05:00,320.5625322382161,322.3797975198929,317.6683353212868,321.1490478515625,2175000,0.0,0.0
2023-02-15 00:00:00-05:00,319.2259281852636,319.9086019239712,316.5144238010378,319.73553466796875,2493000,0.0,0.0
2023-02-16 00:00:00-05:00,313.13959043555053,315.1491724365784,310.9280672308858,311.0530700683594,3209100,0.0,0.0
2023-02-17 00:00:00-05:00,308.53384030910456,310.9376504220297,306.94733150325106,309.1492004394531,3231600,0.0,0.0
2023-02-21 00:00:00-05:00,310.51460124761206,315.7356701698605,309.7357690589181,312.072265625,3245700,0.0,0.0
2023-02-22 00:00:00-05:00,315.24523665301024,319.10095718624274,312.5433566282082,317.3317565917969,3595100,0.0,0.0
2023-02-23 00:00:00-05:00,318.96636138177854,321.47592489209336,313.8510467508077,319.1202087402344,3836400,0.0,0.0
2023-02-24 00:00:00-05:00,310.6587948432427,334.81227374394,310.1972527459496,334.283447265625,14737800,0.0,0.0
2023-02-27 00:00:00-05:00,332.9277171588993,334.91807907356895,330.9566045058547,331.225830078125,3708600,0.0,0.0
2023-02-28 00:00:00-05:00,331.21621777276835,337.6391919097948,330.9566168216501,334.9661560058594,3274400,0.0,0.0
2023-03-01 00:00:00-05:00,336.6296062640592,342.4756601064787,335.6199883140814,336.5815124511719,3474000,0.0,0.0
2023-03-02 00:00:00-05:00,336.90843630738306,340.7449079947791,336.1007302584075,338.2160949707031,2266600,0.0,0.0
2023-03-03 00:00:00-05:00,341.3602707340357,348.78323785790883,339.7352926798636,348.4371032714844,2940200,0.0,0.0
2023-03-06 00:00:00-05:00,346.14866531510285,346.80249464050763,342.6679528754872,344.273681640625,3846400,0.0,0.0
2023-03-07 00:00:00-05:00,342.30255022637846,343.3794524310256,336.9756989533372,340.5141296386719,2218100,0.0,0.0
2023-03-08 00:00:00-05:00,339.4179832549728,342.03332979543205,336.918014903398,341.244873046875,2222800,0.0,0.0
2023-03-09 00:00:00-05:00,338.5430616832063,339.7064977821392,330.96624607681844,332.6104736328125,2489100,0.0,0.0
2023-03-10 00:00:00-05:00,332.86997572389106,334.0238161912814,327.0238937260735,328.3988952636719,1534100,0.0,0.0
2023-03-13 00:00:00-04:00,326.92709227622595,328.75119634184165,322.43925786781136,323.1534423828125,2228900,1.275,0.0
2023-03-14 00:00:00-04:00,329.0503565736973,334.31030978309764,327.42895050503853,330.498046875,2580100,0.0,0.0
2023-03-15 00:00:00-04:00,317.62320486660764,321.08800620708996,312.8072025749283,319.3893737792969,3395300,0.0,0.0
2023-03-16 00:00:00-04:00,317.111792541482,327.75714241111194,316.67747360044604,326.4928283691406,1750100,0.0,0.0
2023-03-17 00:00:00-04:00,324.0896662609287,325.16097265059994,318.40508299516256,318.96484375,5702300,0.0,0.0
2023-03-20 00:00:00-04:00,320.8371447731076,327.69921270020757,320.373902687455,326.9946594238281,2305000,0.0,0.0
2023-03-21 00:00:00-04:00,331.3087891758436,332.1484449375811,327.19733880779023,329.3978271484375,1792600,0.0,0.0
2023-03-22 00:00:00-04:00,329.1468884145751,332.6020297801137,326.87883429380605,327.3227844238281,1434200,0.0,0.0
2023-03-23 00:00:00-04:00,328.1913661330159,334.04969304872105,327.70880271893805,329.4267272949219,2082100,0.0,0.0
2023-03-24 00:00:00-04:00,327.6702528654924,333.40310917609384,326.16465721355024,332.7275085449219,1793800,0.0,0.0
2023-03-27 00:00:00-04:00,335.70009878445325,337.7847765601983,333.03636839322695,334.9955749511719,1475900,0.0,0.0
2023-03-28 00:00:00-04:00,334.7736010460697,335.8834912162385,332.5441600105693,335.25616455078125,1396600,0.0,0.0
2023-03-29 00:00:00-04:00,339.3482271579796,340.545004443453,336.2308863784529,337.5338134765625,1132600,0.0,0.0
2023-03-30 00:00:00-04:00,338.22871595277235,339.43512451380616,336.2695096277868,339.28070068359375,1120700,0.0,0.0
2023-03-31 00:00:00-04:00,338.15150779216924,343.2280847195192,337.84266011486477,343.0447082519531,1513500,0.0,0.0
2023-04-03 00:00:00-04:00,341.1241345373321,346.4709166696426,341.1241345373321,345.6119689941406,1878500,0.0,0.0
2023-04-04 00:00:00-04:00,344.80127085530023,348.82583382782553,344.07742562753145,345.3224182128906,2299100,0.0,0.0
2023-04-05 00:00:00-04:00,342.3884364305465,344.09670048006757,340.9696986764235,343.2087707519531,2199800,0.0,0.0
2023-04-06 00:00:00-04:00,339.96603201204886,344.7530543365246,339.7344109255986,344.14501953125,1627700,0.0,0.0
2023-04-10 00:00:00-04:00,342.7551906103325,346.22962398099065,342.30157977701464,346.055908203125,1311500,0.0,0.0
2023-04-11 00:00:00-04:00,346.69288814357964,348.275680952736,344.5889185585617,345.7567138671875,975100,0.0,0.0
2023-04-12 00:00:00-04:00,348.11162589394326,350.1963035441809,345.4671875979948,346.818359375,1613700,0.0,0.0
2023-04-13 00:00:00-04:00,345.7567285840091,351.4413404365022,344.7626490072465,349.33734130859375,1667600,0.0,0.0
2023-04-14 00:00:00-04:00,348.3818810539182,350.04190060861026,345.1969738569722,347.1272277832031,1078300,0.0,0.0
2023-04-17 00:00:00-04:00,347.2720054938635,349.7620202036087,346.9728184790235,349.7137756347656,1421500,0.0,0.0
2023-04-18 00:00:00-04:00,351.36415398118845,353.08207896434874,349.16366546957477,352.1459045410156,1085000,0.0,0.0
2023-04-19 00:00:00-04:00,349.87778338297113,352.7538720675983,348.9802224599169,352.57049560546875,1163200,0.0,0.0
2023-04-20 00:00:00-04:00,350.37004261564954,354.6938220429046,350.11910017847123,354.5393981933594,1095500,0.0,0.0
2023-04-21 00:00:00-04:00,352.1555420076721,354.3463696791359,351.663317816049,353.43914794921875,1677800,0.0,0.0
2023-04-24 00:00:00-04:00,354.55869619281816,356.1994238506243,353.38124009157025,355.1763916015625,1237600,0.0,0.0
2023-04-25 00:00:00-04:00,353.9892870970005,356.7591969309236,352.281022875384,354.259521484375,1735800,0.0,0.0
2023-04-26 00:00:00-04:00,352.24237915715076,353.36192993777865,349.6461853419596,352.2713317871094,2055500,0.0,0.0
2023-04-27 00:00:00-04:00,352.8407945790247,355.0702357076504,347.2816533474695,352.8890686035156,1898600,0.0,0.0
2023-04-28 00:00:00-04:00,352.87943050959734,357.6182081617228,352.1748771149607,356.56622314453125,1878900,0.0,0.0
2023-05-01 00:00:00-04:00,357.86897369996973,360.5520247862325,357.16445004901846,359.3263244628906,1018000,0.0,0.0
2023-05-02 00:00:00-04:00,357.5216344941031,358.7569958284856,354.52973501843593,357.1355895996094,1124600,0.0,0.0
2023-05-03 00:00:00-04:00,356.6240922102328,358.3130644839846,350.68853751409085,350.82366943359375,1418900,0.0,0.0
2023-05-04 00:00:00-04:00,349.99369419732596,352.4740483783989,344.99431359883005,348.21783447265625,1545800,0.0,0.0
2023-05-05 00:00:00-04:00,351.51854977852474,354.6455517681655,350.9008543738195,353.59356689453125,1113600,0.0,0.0
2023-05-08 00:00:00-04:00,355.16673219401156,355.81338023655104,352.3195957931862,352.9179992675781,1261700,0.0,0.0
2023-05-09 00:00:00-04:00,352.27136837066934,354.6841859622493,350.08054060071703,351.9818420410156,1015500,0.0,0.0
2023-05-10 00:00:00-04:00,356.9426222695393,357.27076196673374,351.3062832377091,356.035400390625,1304300,0.0,0.0
2023-05-11 00:00:00-04:00,355.5817150017416,356.76883175304914,352.2906285689329,354.2402038574219,1336700,0.0,0.0
2023-05-12 00:00:00-04:00,354.0761049277597,357.8304627470485,353.67076811923476,357.4154357910156,1189400,0.0,0.0
2023-05-15 00:00:00-04:00,358.14896124857796,358.3709510533211,352.71529173309006,355.9388122558594,1378800,0.0,0.0
2023-05-16 00:00:00-04:00,354.4814329766474,355.21490932125977,351.8466261919232,353.139892578125,1065300,0.0,0.0
2023-05-17 00:00:00-04:00,354.3270703297147,354.3270703297147,351.3158788863214,352.281005859375,1296300,0.0,0.0
2023-05-18 00:00:00-04:00,351.0842536860346,355.8616443282764,349.5883185513293,355.3501281738281,1116100,0.0,0.0
2023-05-19 00:00:00-04:00,356.68194603955726,359.41324213463236,356.0739113961538,358.53497314453125,1140900,0.0,0.0
2023-05-22 00:00:00-04:00,359.50979616800714,360.059925609468,353.5453185648128,353.6128845214844,1207900,0.0,0.0
2023-05-23 00:00:00-04:00,351.3061581978678,351.3158188910166,341.3653638543711,341.59698486328125,2157000,0.0,0.0
2023-05-24 00:00:00-04:00,339.06842644291487,344.09672989169655,338.80782330144535,342.4849548339844,1801200,0.0,0.0
2023-05-25 00:00:00-04:00,343.730004813035,346.5964334284563,342.5622092892237,344.1546630859375,1994800,0.0,0.0
2023-05-26 00:00:00-04:00,344.66614139813885,348.0537465133068,342.42703974214925,343.7878723144531,1805800,0.0,0.0
2023-05-30 00:00:00-04:00,343.7782863717794,344.318755193981,338.37356869642133,342.53326416015625,1801900,0.0,0.0
2023-05-31 00:00:00-04:00,341.7611022149992,344.94603893465273,340.14935664536046,341.3268127441406,2958100,0.0,0.0
2023-06-01 00:00:00-04:00,344.1309488775933,346.11660595597016,342.1452917992165,344.3343505859375,1239500,1.275,0.0
2023-06-02 00:00:00-04:00,346.37817961691474,350.2914088717871,345.903536179725,349.1581115722656,1337700,0.0,0.0
2023-06-05 00:00:00-04:00,350.40758355856775,355.69623448840343,348.9255978204307,351.42462158203125,1724500,0.0,0.0
2023-06-06 00:00:00-04:00,350.9403774235676,353.30381034971276,346.56222981213756,348.4510192871094,1638000,0.0,0.0
2023-06-07 00:00:00-04:00,347.3661452112945,352.1898785306411,347.19180088358354,350.9209899902344,1441000,0.0,0.0
2023-06-08 00:00:00-04:00,350.7369719501906,351.3084536555908,348.08293559166594,350.843505859375,1056300,0.0,0.0
2023-06-09 00:00:00-04:00,351.1146566273062,351.1146566273062,347.4920313898948,349.43896484375,1121600,0.0,0.0
2023-06-12 00:00:00-04:00,351.09530618872543,351.09530618872543,347.3370599952278,350.6497497558594,1021400,0.0,0.0
2023-06-13 00:00:00-04:00,352.8001241663656,361.6145337970705,351.8315051247578,361.5467529296875,2065900,0.0,0.0
2023-06-14 00:00:00-04:00,363.4645903293405,364.63664062255765,360.2584637491912,362.56378173828125,1553200,0.0,0.0
2023-06-15 00:00:00-04:00,363.59052365969086,366.62230597901,361.285205619062,364.626953125,1228600,0.0,0.0
2023-06-16 00:00:00-04:00,364.92723709845814,365.16939186760106,361.59518511025817,363.5130615234375,4372200,0.0,0.0
2023-06-20 00:00:00-04:00,362.65094493557945,363.11589269361673,356.2968067085984,357.1104431152344,1721700,0.0,0.0
2023-06-21 00:00:00-04:00,355.63820543317803,360.38443328642467,354.0399897711545,359.0186767578125,1542700,0.0,0.0
2023-06-22 00:00:00-04:00,356.723063629455,361.61457857126624,354.11747572012024,360.9462585449219,1197500,0.0,0.0
2023-06-23 00:00:00-04:00,358.02100952059743,359.49332956350156,355.6672720540001,358.9605712890625,2070500,0.0,0.0
2023-06-26 00:00:00-04:00,358.36967873665657,360.3262785322815,357.8659779235936,359.0767517089844,1089700,0.0,0.0
2023-06-27 00:00:00-04:00,359.95821664667255,364.5979103020387,359.80323404717154,363.9586181640625,1320000,0.0,0.0
2023-06-28 00:00:00-04:00,362.46684316162003,364.05539222747075,360.6652263312243,363.2030029296875,1094000,0.0,0.0
2023-06-29 00:00:00-04:00,361.769539222076,368.67579815417633,361.70175835041533,367.2906799316406,1350600,0.0,0.0
2023-06-30 00:00:00-04:00,368.4820753245887,371.54288553742475,368.0946040531745,369.121337890625,1642800,0.0,0.0
2023-07-03 00:00:00-04:00,370.0221578543624,370.35148477091633,366.29296875,366.29296875,1118700,0.0,0.0
2023-07-05 00:00:00-04:00,359.4738837105648,362.30226423752407,354.2142895594422,355.71563720703125,2926700,0.0,0.0
2023-07-06 00:00:00-04:00,351.00820355119333,353.46850440759965,347.124031397407,353.0907287597656,2129900,0.0,0.0
2023-07-07 00:00:00-04:00,351.6377528248829,358.282494506504,350.64007644171295,353.0713195800781,1336800,0.0,0.0
2023-07-10 00:00:00-04:00,352.4804462397261,357.1685586266244,352.4804462397261,356.0158996582031,1292100,0.0,0.0
2023-07-11 00:00:00-04:00,358.20498561211025,360.0453557774556,351.8702091533812,355.32818603515625,1162000,0.0,0.0
2023-07-12 00:00:00-04:00,358.747396716603,363.1642967753186,354.5048409749647,362.84466552734375,1557000,0.0,0.0
2023-07-13 00:00:00-04:00,364.297620614666,366.2348586614763,361.91482609386316,365.30499267578125,1281100,0.0,0.0
2023-07-14 00:00:00-04:00,365.3050447043212,367.58127608559005,364.6851142522931,366.6998291015625,886400,0.0,0.0
2023-07-17 00:00:00-04:00,366.6319228613141,371.52343612963887,366.62222721384427,370.1189270019531,1152100,0.0,0.0
2023-07-18 00:00:00-04:00,365.0628287748663,372.48242429556626,365.0628287748663,372.2112121582031,1099400,0.0,0.0
2023-07-19 00:00:00-04:00,370.3902496174077,371.82378688106553,362.56379120538134,362.95123291015625,1607100,0.0,0.0
2023-07-20 00:00:00-04:00,364.30732198099474,369.73159494929155,362.99001417036055,369.62506103515625,1085100,0.0,0.0
2023-07-21 00:00:00-04:00,368.4433195191029,373.3154721654864,366.9322761636377,372.4727783203125,1195700,0.0,0.0
2023-07-24 00:00:00-04:00,372.9183115145886,373.8869305055356,369.74124240667874,372.6180419921875,1467500,0.0,0.0
2023-07-25 00:00:00-04:00,373.45109027077154,379.32091977913166,372.8118276636437,378.7688293457031,1328400,0.0,0.0
2023-07-26 00:00:00-04:00,375.04930276447675,376.28913394882596,367.6780965254084,376.027587890625,1825500,0.0,0.0
2023-07-27 00:00:00-04:00,376.0275487896611,376.53124955461504,371.18445411066733,372.5599060058594,2336400,0.0,0.0
2023-07-28 00:00:00-04:00,374.5165186256173,376.9380660492408,373.12170494481785,376.5118713378906,1445400,0.0,0.0
2023-07-31 00:00:00-04:00,376.3278458780926,378.70097426870075,373.8385174961604,378.410400390625,1615200,0.0,0.0
2023-08-01 00:00:00-04:00,377.60638621654545,381.31621313535646,376.31813609345016,376.4440612792969,1468600,0.0,0.0
2023-08-02 00:00:00-04:00,373.51882755199836,374.98145159740585,371.3297393081282,371.736572265625,1538900,0.0,0.0
2023-08-03 00:00:00-04:00,369.92532901325245,372.4631063598658,367.21317776075847,368.8017272949219,1926000,0.0,0.0
2023-08-04 00:00:00-04:00,372.259646295224,372.3371228057687,365.68271527132913,365.963623046875,1648900,0.0,0.0
2023-08-07 00:00:00-04:00,369.0438331574671,373.85787069364966,368.71450624986954,372.8892517089844,1112000,0.0,0.0
2023-08-08 00:00:00-04:00,371.85284508513155,372.2790398292904,367.03880725398386,369.79937744140625,946800,0.0,0.0
2023-08-09 00:00:00-04:00,371.18447069563734,371.8237627690174,367.3875008511993,367.6490173339844,853400,0.0,0.0
2023-08-10 00:00:00-04:00,369.3344079277879,374.44871499687144,368.79198365984763,370.3224182128906,825000,0.0,0.0
2023-08-11 00:00:00-04:00,370.33214094139856,371.2232835521111,368.5983339725879,369.8381652832031,692600,0.0,0.0
2023-08-14 00:00:00-04:00,369.1503911551303,371.3104222735065,367.12598089221524,370.1771545410156,1060700,0.0,0.0
2023-08-15 00:00:00-04:00,367.10665144514866,368.811430578577,365.8861818782706,367.4747314453125,709700,0.0,0.0
2023-08-16 00:00:00-04:00,366.87413990283795,369.61531865156326,365.52774531140943,365.9442443847656,1143800,0.0,0.0
2023-08-17 00:00:00-04:00,367.5328015977825,369.23758052419396,363.609906409059,364.5494384765625,1229800,0.0,0.0
2023-08-18 00:00:00-04:00,362.8059779218772,366.01210486813966,362.06981792602863,363.32904052734375,1254700,0.0,0.0
2023-08-21 00:00:00-04:00,364.4138160131521,366.6416277342193,361.75011394844375,365.6439514160156,947100,0.0,0.0
2023-08-22 00:00:00-04:00,366.7191899751121,368.4336351068988,365.5277778639263,365.7408752441406,913200,0.0,0.0
2023-08-23 00:00:00-04:00,365.74086033296123,367.81371927052766,363.9392431045259,366.4770202636719,929200,0.0,0.0
2023-08-24 00:00:00-04:00,365.55686291701784,368.8017429958711,365.28565073621314,366.0799255371094,820300,0.0,0.0
2023-08-25 00:00:00-04:00,367.5134999094102,371.2426600804067,366.0508754978807,369.6153869628906,1022100,0.0,0.0
2023-08-28 00:00:00-04:00,370.39992303183243,371.91096640227084,368.7920118433079,370.0802917480469,772000,0.0,0.0
2023-08-29 00:00:00-04:00,369.11161941330175,374.8458268735276,367.4455936863638,374.7102355957031,1060100,0.0,0.0
2023-08-30 00:00:00-04:00,374.7586480317358,376.01787034283103,373.20885187341264,374.94268798828125,780100,0.0,0.0
2023-08-31 00:00:00-04:00,375.49485669593435,376.95748089032253,373.88694555903567,374.8943176269531,1193100,0.0,0.0
2023-09-01 00:00:00-04:00,378.1839110044202,379.99151240993126,376.65814582520613,377.95068359375,970000,1.275,0.0
2023-09-05 00:00:00-04:00,378.98084307718176,378.98084307718176,370.7009430610205,370.8467102050781,1092500,0.0,0.0
2023-09-06 00:00:00-04:00,369.6319504479561,373.013866965751,368.8156247485708,372.4891052246094,775400,0.0,0.0
2023-09-07 00:00:00-04:00,373.247089428302,376.5221196178268,371.34229998221565,375.7252197265625,986400,0.0,0.0
2023-09-08 00:00:00-04:00,375.5891633877065,378.5143226597297,374.2577445112991,375.90985107421875,1064000,0.0,0.0
2023-09-11 00:00:00-04:00,377.6494305652535,380.4677039220437,376.56099641291576,378.3782958984375,862000,0.0,0.0
2023-09-12 00:00:00-04:00,376.4735227948822,378.61150990191766,376.0847709048709,376.98858642578125,1047900,0.0,0.0
2023-09-13 00:00:00-04:00,376.0556234564966,377.72715577425697,373.55806750334534,374.296630859375,1207500,0.0,0.0
2023-09-14 00:00:00-04:00,376.3666358500739,379.9137746850851,374.7728656783001,378.81561279296875,1231500,0.0,0.0
2023-09-15 00:00:00-04:00,378.71844444451256,382.33361773552065,375.1324245809479,377.0566101074219,2820400,0.0,0.0
2023-09-18 00:00:00-04:00,376.7456577256076,378.4074624387252,374.2480719795207,376.6095886230469,652000,0.0,0.0
2023-09-19 00:00:00-04:00,377.114913043656,379.38899899103325,374.68536192326746,378.7961730957031,1458800,0.0,0.0
2023-09-20 00:00:00-04:00,377.6980325435694,377.7563394011383,367.97012947612143,368.1450500488281,1747300,0.0,0.0
2023-09-21 00:00:00-04:00,366.5123614638064,366.8524748791814,361.82817999788847,361.9447937011719,1362200,0.0,0.0
2023-09-22 00:00:00-04:00,360.4092989548001,365.37531661588315,360.22468036397777,362.4404296875,1017300,0.0,0.0
2023-09-25 00:00:00-04:00,360.7202785011566,366.2790922143765,358.6017172083738,365.9584045410156,1558100,0.0,0.0
2023-09-26 00:00:00-04:00,363.17905659028014,364.6950943055343,358.5726365829778,360.73980712890625,1769500,0.0,0.0
2023-09-27 00:00:00-04:00,360.9633050036264,363.38315837539534,359.5833364108744,361.5269775390625,1254900,0.0,0.0
2023-09-28 00:00:00-04:00,362.1877959170896,366.0556523055652,360.9341391285018,362.9652404785156,1065500,0.0,0.0
2023-09-29 00:00:00-04:00,365.258701707703,366.2499478347213,361.46860809545086,361.8573303222656,1474100,0.0,0.0
2023-10-02 00:00:00-04:00,360.48708854765323,360.972998784046,356.17220327587717,359.77764892578125,1298400,0.0,0.0
2023-10-03 00:00:00-04:00,358.2130101380734,366.5026370740749,357.4063825870812,362.32379150390625,1747600,0.0,0.0
2023-10-04 00:00:00-04:00,363.58712111971386,369.17508765314705,362.25573209957287,367.94085693359375,1897900,0.0,0.0
2023-10-05 00:00:00-04:00,367.6008155651041,370.2635941269213,356.76499374317837,359.4375,1821900,0.0,0.0
2023-10-06 00:00:00-04:00,358.8349786727097,364.48125319650427,356.6872637511855,363.0138244628906,1571300,0.0,0.0
2023-10-09 00:00:00-04:00,359.95260941537225,363.9176240080595,358.8349921137123,363.198486328125,846100,0.0,0.0
2023-10-10 00:00:00-04:00,365.7542975021908,370.91469091357584,364.520096318191,368.2810363769531,1335500,0.0,0.0
2023-10-11 00:00:00-04:00,369.6221604900487,370.83693596741426,366.69697165011917,367.9992370605469,931400,0.0,0.0
2023-10-12 00:00:00-04:00,369.9817146927909,370.6522731024559,364.7630441930875,367.0662536621094,888400,0.0,0.0
2023-10-13 00:00:00-04:00,369.0002034206178,371.682407453339,365.54052530351066,367.2412109375,1214200,0.0,0.0
2023-10-16 00:00:00-04:00,367.8145678226014,373.48999497001927,367.3578110828769,368.5531311035156,1182400,0.0,0.0
2023-10-17 00:00:00-04:00,366.98855332121144,371.55609154260844,365.87096575946566,370.3510437011719,920300,0.0,0.0
2023-10-18 00:00:00-04:00,368.4462642210522,368.9516001402776,360.4676272312279,360.93408203125,1486600,0.0,0.0
2023-10-19 00:00:00-04:00,360.00112896539423,363.0623571035402,358.4559381843797,359.7095947265625,1249200,0.0,0.0
2023-10-20 00:00:00-04:00,359.57354273477364,361.3033818351394,355.6279543411572,356.0361022949219,1334100,0.0,0.0
2023-10-23 00:00:00-04:00,354.71447904322633,358.2421921690653,350.8466228141806,355.1323547363281,1648700,0.0,0.0
2023-10-24 00:00:00-04:00,356.2013270387737,359.0099022068728,354.7533241453495,356.9107666015625,1590000,0.0,0.0
2023-10-25 00:00:00-04:00,357.4646704105594,359.0876234631077,352.11965842396376,354.1119079589844,1492900,0.0,0.0
2023-10-26 00:00:00-04:00,360.438466205324,363.742649485421,355.8028641246293,359.884521484375,2168400,0.0,0.0
2023-10-27 00:00:00-04:00,357.49384944722857,365.9486990584389,357.49384944722857,360.088623046875,1945300,0.0,0.0
2023-10-30 00:00:00-04:00,365.47254845232226,368.7281531113962,363.15961087976933,368.1936340332031,1478000,0.0,0.0
2023-10-31 00:00:00-04:00,367.5522272929121,373.24711091136953,366.08479848794985,371.39093017578125,2020700,0.0,0.0
2023-11-01 00:00:00-04:00,371.4977416543969,376.6095260088309,370.321847375742,376.191650390625,1564900,0.0,0.0
2023-11-02 00:00:00-04:00,376.55124589559733,380.67175483902304,376.5220924703412,378.6795349121094,1586700,0.0,0.0
2023-11-03 00:00:00-04:00,379.1071281249859,384.0439625012819,377.67855101039567,381.44921875,1339300,0.0,0.0
2023-11-06 00:00:00-05:00,381.4881144811283,382.4405092205781,379.24321156306047,381.9254455566406,1464000,0.0,0.0
2023-11-07 00:00:00-05:00,378.97108643896064,379.9429068686024,374.2674791184074,378.3296813964844,2647400,0.0,0.0
2023-11-08 00:00:00-05:00,380.38024551492566,383.0235983225997,378.174223772359,381.206298828125,1631400,0.0,0.0
2023-11-09 00:00:00-05:00,383.2179158423106,383.2762523498701,379.37924315143704,379.96234130859375,1305400,0.0,0.0
2023-11-10 00:00:00-05:00,380.4774712932787,389.08778709152875,380.4774712932787,388.5727233886719,1378100,0.0,0.0
2023-11-13 00:00:00-05:00,385.1907136332083,390.62321568504115,383.8690521450174,388.4851989746094,1420000,0.0,0.0
2023-11-14 00:00:00-05:00,388.31030262571915,395.317119735439,388.31030262571915,392.3822326660156,1350500,0.0,0.0
2023-11-15 00:00:00-05:00,392.5863485750757,394.6854845209476,390.7690488926946,391.4007263183594,1139900,0.0,0.0
2023-11-16 00:00:00-05:00,391.8185387856503,397.43565946878925,390.98278748363253,396.8817443847656,1228100,0.0,0.0
2023-11-17 00:00:00-05:00,399.4959158752542,399.4959158752542,395.0449915049383,396.3861083984375,1542500,0.0,0.0
2023-11-20 00:00:00-05:00,396.06539432304095,398.56297988252544,394.75346050195,396.7651062011719,1678500,0.0,0.0
2023-11-21 00:00:00-05:00,399.45701134625466,403.27625788246786,397.8729395638677,400.302490234375,1225300,0.0,0.0
2023-11-22 00:00:00-05:00,399.1655147102535,400.88565585559326,396.6096222291262,400.0207214355469,1111000,0.0,0.0
2023-11-24 00:00:00-05:00,401.04114504873843,404.46194224424187,400.2636709195748,402.5474548339844,711300,0.0,0.0
2023-11-27 00:00:00-05:00,402.16845437232394,402.33367690252487,398.44639500008503,401.16748046875,1301200,0.0,0.0
2023-11-28 00:00:00-05:00,400.3997517393907,402.15874437532716,398.4658088832656,399.15582275390625,1134300,0.0,0.0
2023-11-29 00:00:00-05:00,400.9439822586744,403.58733514864866,399.3696378274411,399.7972412109375,1405900,0.0,0.0
2023-11-30 00:00:00-05:00,398.89338434095504,404.27727754313463,398.2422812954781,402.110107421875,4023900,0.0,0.0
2023-12-01 00:00:00-05:00,402.0662622093701,404.6007813868087,399.64868742939746,401.33514404296875,2107300,1.275,0.0
2023-12-04 00:00:00-05:00,398.70312838185697,400.8867252375785,395.79814133329626,396.4025573730469,2092400,0.0,0.0
2023-12-05 00:00:00-05:00,395.77866631150835,396.373294855624,392.0255868018025,393.7997741699219,2207000,0.0,0.0
2023-12-06 00:00:00-05:00,393.7997634919529,393.99474024662874,388.408986442129,390.2319030761719,2263700,0.0,0.0
2023-12-07 00:00:00-05:00,389.3545844976859,391.30423313406345,387.3756923217338,388.61370849609375,1914100,0.0,0.0
2023-12-08 00:00:00-05:00,387.9800599521706,391.4894332784776,387.4536465159056,391.167724609375,1483700,0.0,0.0
2023-12-11 00:00:00-05:00,389.9296475019301,398.0109477762036,389.8029156066086,397.9621887207031,1653400,0.0,0.0
2023-12-12 00:00:00-05:00,414.972921995746,423.27841358844955,409.7186052031644,415.97698974609375,6829000,0.0,0.0
2023-12-13 00:00:00-05:00,395.72015005354586,403.7429641710636,394.482133991975,398.44964599609375,3359600,0.0,0.0
2023-12-14 00:00:00-05:00,396.53901306216693,400.7697467995312,395.6129181113246,399.4049987792969,2220500,0.0,0.0
2023-12-15 00:00:00-05:00,397.1531449042483,400.5552719625144,394.7063265561522,397.1239013671875,4241100,0.0,0.0
2023-12-18 00:00:00-05:00,401.5300633603312,402.5926181190131,397.50403484164434,398.8005676269531,1717600,0.0,0.0
2023-12-19 00:00:00-05:00,401.6276014163877,403.8209560357733,399.7851692564513,401.71533203125,1344600,0.0,0.0
2023-12-20 00:00:00-05:00,400.39928186949277,401.42286512773086,395.7201376152643,396.1295471191406,1578500,0.0,0.0
2023-12-21 00:00:00-05:00,397.7477940759251,399.0930563491769,396.373288264093,398.8298645019531,1534000,0.0,0.0
2023-12-22 00:00:00-05:00,400.2530743085351,401.9005296259927,398.4691590694266,400.3992919921875,838900,0.0,0.0
2023-12-26 00:00:00-05:00,400.27258406514864,401.3644122501427,399.31727530853357,399.6097106933594,619300,0.0,0.0
2023-12-27 00:00:00-05:00,397.72833558783395,400.99400311665835,397.72833558783395,400.8575134277344,850900,0.0,0.0
2023-12-28 00:00:00-05:00,400.1945807515196,400.5552609484437,398.9078056576765,399.4537048339844,814400,0.0,0.0
2023-12-29 00:00:00-05:00,398.43016543028796,401.7445619036495,397.6892894865068,400.37005615234375,975900,0.0,0.0
2024-01-02 00:00:00-05:00,399.46350092985995,401.3644202167874,396.46105517204046,399.2685241699219,1571900,0.0,0.0
2024-01-03 00:00:00-05:00,395.68118670648204,399.54148269528275,395.0865581491794,398.4204406738281,1536300,0.0,0.0
2024-01-04 00:00:00-05:00,397.37737109242755,401.2863961009227,397.31885426816166,398.3034362792969,1517800,0.0,0.0
2024-01-05 00:00:00-05:00,398.7518235261627,400.15557274148716,396.0223276904059,398.820068359375,1400100,0.0,0.0
2024-01-08 00:00:00-05:00,397.5918197924464,399.6682002856057,394.17993478471743,398.0110168457031,1142300,0.0,0.0
2024-01-09 00:00:00-05:00,397.2213828894197,397.5138182549842,394.24815117623484,396.4512634277344,1256200,0.0,0.0
2024-01-10 00:00:00-05:00,394.24820543674156,395.86641743055304,393.83879586860417,395.6617126464844,1170600,0.0,0.0
2024-01-11 00:00:00-05:00,396.53898700750807,396.7534495215447,391.52840608759544,395.7396240234375,1110500,0.0,0.0
2024-01-12 00:00:00-05:00,398.44966161027696,399.24902464951754,395.29124050309076,398.6251525878906,849100,0.0,0.0
2024-01-16 00:00:00-05:00,397.22138272273645,400.27255753309254,395.7786321715841,396.4122619628906,1464700,0.0,0.0
2024-01-17 00:00:00-05:00,394.28716751411054,397.0751506030816,393.7510260737008,396.509765625,1369100,0.0,0.0
2024-01-18 00:00:00-05:00,396.8119423084544,398.0987174112063,393.5755187770267,397.5820617675781,1232200,0.0,0.0
2024-01-19 00:00:00-05:00,396.8704375464772,397.7282876326276,394.0824545157631,397.1239013671875,2265900,0.0,0.0
2024-01-22 00:00:00-05:00,391.7624068154419,397.0654535548502,391.30423819000225,396.2368469238281,2105400,0.0,0.0
2024-01-23 00:00:00-05:00,395.0865446472778,397.9037713744946,392.04509762372163,397.62109375,1293900,0.0,0.0
2024-01-24 00:00:00-05:00,396.8217312080793,398.10850641180156,390.9045406229136,391.177490234375,1594800,0.0,0.0
2024-01-25 00:00:00-05:00,390.6316109927796,393.43910985386213,390.3196600639309,393.3123779296875,1550900,0.0,0.0
2024-01-26 00:00:00-05:00,394.22869169929004,395.11578536637614,391.5576826847133,393.8680114746094,1146600,0.0,0.0
2024-01-29 00:00:00-05:00,394.58934648727416,395.65190131690713,392.13280016320033,395.3984375,1400400,0.0,0.0
2024-01-30 00:00:00-05:00,395.8273603322054,400.2043412840891,395.1937305427405,397.5820617675781,1647600,0.0,0.0
2024-01-31 00:00:00-05:00,399.1515639907888,400.27260602649636,393.17588605568534,394.63812255859375,1782000,0.0,0.0
2024-02-01 00:00:00-05:00,397.99150048804245,399.6779572123609,395.10602893162377,398.3619384765625,1893600,0.0,0.0
2024-02-02 00:00:00-05:00,396.7729722008214,398.634890166487,394.06296186189616,396.8412170410156,2218600,0.0,0.0
2024-02-05 00:00:00-05:00,386.84926143049364,391.85987247988226,386.0986574490468,390.5438537597656,3487800,0.0,0.0
2024-02-06 00:00:00-05:00,404.44484584033285,410.4010077057693,401.00368769147684,405.09796142578125,3227000,0.0,0.0
2024-02-07 00:00:00-05:00,408.5195945078631,413.296227253461,404.84448814549955,406.3359680175781,1985600,0.0,0.0
2024-02-08 00:00:00-05:00,408.7438275300614,408.7438275300614,402.9533686602245,403.5772705078125,1488900,0.0,0.0
2024-02-09 00:00:00-05:00,403.3919995802496,409.27018831275507,401.91027750687635,408.86077880859375,1351500,0.0,0.0
2024-02-12 00:00:00-05:00,409.77707760691004,410.3912215995669,407.59348096570614,409.04595947265625,1272100,0.0,0.0
2024-02-13 00:00:00-05:00,408.3733932364296,409.1434829845152,403.7917073018446,405.7705993652344,1313300,0.0,0.0
2024-02-14 00:00:00-05:00,408.32465421164557,410.2548170563284,406.13129951284657,407.8664855957031,1345200,0.0,0.0
2024-02-15 00:00:00-05:00,409.66994088691973,418.4336024404959,409.12404162046903,417.8974609375,1721600,0.0,0.0
2024-02-16 00:00:00-05:00,421.38729983212016,423.82436064215705,419.8080891871006,420.763427734375,1460800,0.0,0.0
2024-02-20 00:00:00-05:00,424.62366429290535,428.33774206759824,423.2589163801646,424.9843444824219,1869200,0.0,0.0
2024-02-21 00:00:00-05:00,426.73905692215203,428.6789475858884,423.6878523761537,428.396240234375,1230900,0.0,0.0
2024-02-22 00:00:00-05:00,430.6481105787751,436.5555433234644,427.6846661931583,435.77569580078125,1386900,0.0,0.0
2024-02-23 00:00:00-05:00,437.0137188558252,437.2476969157622,434.09900373816544,436.2923583984375,1164900,0.0,0.0
2024-02-26 00:00:00-05:00,436.2923772846813,436.7700316893821,433.3191749606524,433.73834228515625,1286000,0.0,0.0
2024-02-27 00:00:00-05:00,432.39300367980104,433.74802354702297,430.7357907017676,433.6017761230469,1086300,0.0,0.0
2024-02-28 00:00:00-05:00,432.9291984081113,440.35738444021973,432.35405565057005,439.8407287597656,1562400,0.0,0.0
2024-02-29 00:00:00-05:00,441.2542244730185,441.70263533242775,433.8943127237894,437.5206604003906,3684200,0.0,0.0
2024-03-01 00:00:00-05:00,436.7213192268083,439.61654880540357,435.74649485353416,437.9008483886719,1656100,0.0,0.0
2024-03-04 00:00:00-05:00,437.90080247589026,445.1632551950444,437.432905865315,444.12994384765625,2291800,0.0,0.0
2024-03-05 00:00:00-05:00,444.8805407060847,451.3826315797087,444.8805407060847,449.35498046875,4102900,0.0,0.0
2024-03-06 00:00:00-05:00,447.4249120102776,453.4005605686893,447.4249120102776,451.9383239746094,2599800,0.0,0.0
2024-03-07 00:00:00-05:00,453.2932814040198,455.993533897483,450.0081284040511,453.57598876953125,2514000,0.0,0.0
2024-03-08 00:00:00-05:00,454.5508006104824,454.5508006104824,450.34931053995416,450.9049377441406,2469200,0.0,0.0
2024-03-11 00:00:00-04:00,462.04720099497246,462.04720099497246,454.99921107564194,457.6604919433594,4251500,0.0,0.0
2024-03-12 00:00:00-04:00,455.62313287358745,461.29658755337516,455.1357207353368,459.60040283203125,3259400,0.0,0.0
2024-03-13 00:00:00-04:00,459.48307498441034,467.0603026120297,459.48307498441034,464.3031921386719,3240000,1.39,0.0
2024-03-14 00:00:00-04:00,465.31995545222804,466.3661088111281,462.54327192782574,463.37432861328125,3551300,0.0,0.0
2024-03-15 00:00:00-04:00,462.0739563256414,463.27654632668396,455.98286258608493,457.7916259765625,33347400,0.0,0.0
2024-03-18 00:00:00-04:00,458.1924987543817,465.36886261103837,455.18114530079237,455.7188720703125,3026400,0.0,0.0
2024-03-19 00:00:00-04:00,456.5890433181165,457.79163333849834,454.4967365921704,456.3250732421875,1883100,0.0,0.0
2024-03-20 00:00:00-04:00,455.8949051524001,457.840532106719,453.7830549162368,456.3837585449219,2146400,0.0,0.0
2024-03-21 00:00:00-04:00,454.29145285397726,458.17294999392357,453.0106593493048,455.9046630859375,2723800,0.0,0.0
2024-03-22 00:00:00-04:00,454.0078846995072,458.74976832707637,452.1795778808007,457.8013916015625,1687400,0.0,0.0
2024-03-25 00:00:00-04:00,456.79435867576353,457.83072543553186,454.0959083565751,456.49127197265625,1391000,0.0,0.0
2024-03-26 00:00:00-04:00,454.5749697741928,457.8991666912383,454.5749697741928,457.12677001953125,1265300,0.0,0.0
2024-03-27 00:00:00-04:00,452.6489090257978,456.813949455556,450.6739520720604,455.83624267578125,1590600,0.0,0.0
2024-03-28 00:00:00-04:00,453.29422145441276,455.5233918288358,452.2969413939837,453.9688415527344,1784900,0.0,0.0
2024-04-01 00:00:00-04:00,455.55265825333834,456.14904501331574,451.51472484322915,453.06927490234375,1027300,0.0,0.0
2024-04-02 00:00:00-04:00,452.0622735940632,453.8710370825032,450.56638343235454,451.05523681640625,1451100,0.0,0.0
2024-04-03 00:00:00-04:00,450.546824037059,453.98834099714924,449.9210774058199,452.1600341796875,1449200,0.0,0.0
2024-04-04 00:00:00-04:00,452.99112399508726,456.53041785477154,445.8049730118157,447.06622314453125,2258500,0.0,0.0
2024-04-05 00:00:00-04:00,447.3203749923644,455.40602879273285,446.39157149576056,454.34033203125,1575900,0.0,0.0
2024-04-08 00:00:00-04:00,452.55112939556767,452.76622607918915,449.24647572776604,451.3778991699219,1744300,0.0,0.0
2024-04-09 00:00:00-04:00,450.400229554354,451.5245864689894,443.53670834353164,447.7310791015625,1472300,0.0,0.0
2024-04-10 00:00:00-04:00,443.3216040431159,443.7126808105579,439.3227866593249,440.4471435546875,1838200,0.0,0.0
2024-04-11 00:00:00-04:00,441.51282728610204,445.80497449566144,438.2864067541768,442.90118408203125,1681800,0.0,0.0
2024-04-12 00:00:00-04:00,440.1733580459241,441.56171479237474,434.25824400245085,437.435791015625,1976700,0.0,0.0
2024-04-15 00:00:00-04:00,439.8898401028105,443.7908805407303,433.93557965712745,434.8350830078125,1712000,0.0,0.0
2024-04-16 00:00:00-04:00,436.7807227343031,436.89804277539065,432.98721560717445,435.8421325683594,1577300,0.0,0.0
2024-04-17 00:00:00-04:00,435.64657367533414,439.09787741343274,434.0822666979497,436.8296203613281,1216800,0.0,0.0
2024-04-18 00:00:00-04:00,440.91639692273765,441.1314935927788,435.5878834096334,436.47760009765625,1070300,0.0,0.0
2024-04-19 00:00:00-04:00,441.89413548505996,441.89413548505996,434.18980126840006,436.35052490234375,1831200,0.0,0.0
2024-04-22 00:00:00-04:00,433.4956513575054,438.97081547567785,431.88244108411595,437.005615234375,1345900,0.0,0.0
2024-04-23 00:00:00-04:00,436.61453040143266,438.1104206035986,434.1898068095504,435.13818359375,1509900,0.0,0.0
2024-04-24 00:00:00-04:00,427.46319233243685,434.6982168653946,423.71858832345174,434.4147033691406,1969100,0.0,0.0
2024-04-25 00:00:00-04:00,432.65478392622975,435.3239341177017,429.31104352181757,433.9355773925781,1442700,0.0,0.0
2024-04-26 00:00:00-04:00,429.66300896631896,435.75413288732915,429.66300896631896,433.3000793457031,1583800,0.0,0.0
2024-04-29 00:00:00-04:00,435.8323566051475,438.13976020615917,432.42016936539596,435.1479797363281,1260300,0.0,0.0
2024-04-30 00:00:00-04:00,433.7596112880219,434.7959780981366,430.4354141704518,431.12957763671875,2172700,0.0,0.0
2024-05-01 00:00:00-04:00,432.91878675497094,439.3814141486427,432.12684666243536,432.7525634765625,1824100,0.0,0.0
2024-05-02 00:00:00-04:00,416.32708290899745,416.32708290899745,404.3892623681691,410.2652893066406,5267300,0.0,0.0
2024-05-03 00:00:00-04:00,408.75959521207704,416.2781619602746,408.75959521207704,414.15655517578125,2657400,0.0,0.0
2024-05-06 00:00:00-04:00,417.46124287844464,419.0255498237223,414.0099392111827,417.1092529296875,1533500,0.0,0.0
2024-05-07 00:00:00-04:00,420.1303665951826,428.17690403095423,417.9207695905509,420.4139099121094,1556400,0.0,0.0
2024-05-08 00:00:00-04:00,420.42363940167303,421.2644527853733,417.4122862589003,418.1748962402344,1344800,0.0,0.0
2024-05-09 00:00:00-04:00,420.2086217732463,421.33297864679344,418.7322749297596,420.27703857421875,1740100,0.0,0.0
2024-05-10 00:00:00-04:00,420.90279130555007,425.13624876102546,420.87346129407086,424.7060852050781,1234500,0.0,0.0
2024-05-13 00:00:00-04:00,425.3709151596143,427.41431884169407,424.04121836335406,425.0873718261719,1269800,0.0,0.0
2024-05-14 00:00:00-04:00,424.8136012311274,425.7131046083813,420.5410273229689,422.47686767578125,1288100,0.0,0.0
2024-05-15 00:00:00-04:00,424.59846350927177,425.6543736144656,419.9543566949167,421.2156066894531,1745200,0.0,0.0
2024-05-16 00:00:00-04:00,422.1053700823548,422.98530024027804,418.3118629012365,420.11083984375,1839700,0.0,0.0
2024-05-17 00:00:00-04:00,420.71699248454047,423.8065494190892,420.21835249023667,422.8777160644531,1150700,0.0,0.0
2024-05-20 00:00:00-04:00,423.08304811420754,423.3274747990762,421.42093472220415,422.9656982421875,1499200,0.0,0.0
2024-05-21 00:00:00-04:00,421.8609190925004,427.424072885148,421.8609190925004,425.341552734375,1228300,0.0,0.0
2024-05-22 00:00:00-04:00,425.4882447397396,427.05258166094313,422.66265763264295,425.09716796875,1655000,0.0,0.0
2024-05-23 00:00:00-04:00,426.2214643929111,427.2187144930102,422.05642427164616,422.66259765625,1674800,0.0,0.0
2024-05-24 00:00:00-04:00,423.6207843729719,427.7662514932638,423.3176976639266,425.8597412109375,1157400,0.0,0.0
2024-05-28 00:00:00-04:00,421.3818168913127,423.650103681335,417.6176698249103,420.335693359375,1696500,0.0,0.0
2024-05-29 00:00:00-04:00,416.092447100587,418.8104708129588,414.4010334312645,416.6790771484375,1465600,0.0,0.0
2024-05-30 00:00:00-04:00,416.3564129987734,420.93207329094486,415.76978299887526,420.52142333984375,1375900,0.0,0.0
2024-05-31 00:00:00-04:00,420.52145471639545,426.27037543730995,417.9989843170368,425.81085205078125,3621600,0.0,0.0
2024-06-03 00:00:00-04:00,424.46163254824825,426.84720962295916,420.47257220746803,424.6473693847656,1809000,0.0,0.0
2024-06-04 00:00:00-04:00,423.04859347616184,425.7851615997777,420.41993395416307,422.8818664550781,2157400,1.39,0.0
2024-06-05 00:00:00-04:00,423.4703470979129,427.21718515807345,421.10650517827355,426.7463684082031,2116800,0.0,0.0
2024-06-06 00:00:00-04:00,427.66836608921506,427.66836608921506,423.6861346182732,425.5399475097656,1282600,0.0,0.0
2024-06-07 00:00:00-04:00,425.6968820595701,429.7968101927319,423.3232221265074,425.392822265625,1492000,0.0,0.0
2024-06-10 00:00:00-04:00,424.4414005018965,425.7851544164781,422.94070767227095,423.7253723144531,1406100,0.0,0.0
2024-06-11 00:00:00-04:00,419.6450567504689,427.4329746722223,418.4288175565452,427.13873291015625,1582400,0.0,0.0
2024-06-12 00:00:00-04:00,429.2181453640105,432.0821984529298,425.59882182150943,425.8538513183594,1914800,0.0,0.0
2024-06-13 00:00:00-04:00,422.7445752886992,432.40591321636003,422.12663759353825,431.3760070800781,1650000,0.0,0.0
2024-06-14 00:00:00-04:00,429.05135321346796,429.7673813934948,425.7949381093705,428.58056640625,1396100,0.0,0.0
2024-06-17 00:00:00-04:00,428.0018934506742,434.7893601048134,426.6777754602771,432.19012451171875,1939000,0.0,0.0
2024-06-18 00:00:00-04:00,431.18964646894284,432.30782514915654,426.89356662312656,431.591796875,1384500,0.0,0.0
2024-06-20 00:00:00-04:00,430.6697435051623,436.6921508446626,430.0812599950797,434.1517639160156,1626100,0.0,0.0
2024-06-21 00:00:00-04:00,434.9070751116412,435.4759825079674,431.5722049689441,434.26953125,4042800,0.0,0.0
2024-06-24 00:00:00-04:00,436.22139859474373,437.9280908254128,433.6712231859343,434.6520690917969,1440900,0.0,0.0
2024-06-25 00:00:00-04:00,435.4759621101921,436.5450805213679,431.8958507220501,432.71978759765625,1385500,0.0,0.0
2024-06-26 00:00:00-04:00,431.35636634506824,432.22933347820185,427.99207242237503,430.0224304199219,1634400,0.0,0.0
2024-06-27 00:00:00-04:00,432.2293259267692,433.07283893533867,429.1690619290009,431.7879333496094,1236500,0.0,0.0
2024-06-28 00:00:00-04:00,431.68981272281496,433.7888369277073,429.72812128633353,430.4049072265625,2470200,0.0,0.0
2024-07-01 00:00:00-04:00,430.7384574845754,432.3372410407024,417.25182678269954,420.7240295410156,2462900,0.0,0.0
2024-07-02 00:00:00-04:00,419.80199513396155,422.25410959151975,416.49654963445914,421.8519592285156,1886400,0.0,0.0
2024-07-03 00:00:00-04:00,421.3909845331563,425.36342814065915,421.2732878217707,424.64739990234375,865100,0.0,0.0
2024-07-05 00:00:00-04:00,424.1275482107552,427.59975082421755,420.97904148313654,427.3741455078125,1499400,0.0,0.0
2024-07-08 00:00:00-04:00,428.26673549963294,429.5418231529277,426.000983942553,427.3937683105469,1502200,0.0,0.0
2024-07-09 00:00:00-04:00,425.8832723601973,427.2564505388169,422.4993422655281,422.94073486328125,1052100,0.0,0.0
2024-07-10 00:00:00-04:00,424.81411385522074,427.69780292755735,422.0677575639661,426.618896484375,1554000,0.0,0.0
2024-07-11 00:00:00-04:00,426.7659973050729,429.72814073230927,425.2947286611343,426.5600280761719,1368400,0.0,0.0
2024-07-12 00:00:00-04:00,429.2083428262327,435.9173250189075,428.28634530913894,432.2587890625,1843900,0.0,0.0
2024-07-15 00:00:00-04:00,432.25876846650647,432.69034302556315,429.1494740205353,429.7870178222656,1271500,0.0,0.0
2024-07-16 00:00:00-04:00,429.66931280264214,439.4189225411674,429.66931280264214,437.1924133300781,1173300,0.0,0.0
2024-07-17 00:00:00-04:00,438.53621020964766,443.10695571992926,438.1733020140036,440.68426513671875,1896500,0.0,0.0
2024-07-18 00:00:00-04:00,437.0060675544536,442.71456764142545,437.0060675544536,437.4964904785156,1458700,0.0,0.0
2024-07-19 00:00:00-04:00,436.8392597024296,437.0648649971118,433.45535988041513,436.23114013671875,1503800,0.0,0.0
2024-07-22 00:00:00-04:00,439.30123273972066,440.1153216036545,435.9369387450531,437.5553283691406,1096700,0.0,0.0
2024-07-23 00:00:00-04:00,439.31105725719374,440.02705556261566,436.48621645120403,438.8402404785156,1060700,0.0,0.0
2024-07-24 00:00:00-04:00,439.87990706707245,440.95884340901415,434.15177131799,435.2601318359375,1700700,0.0,0.0
2024-07-25 00:00:00-04:00,436.45682041841087,439.81129664205855,433.51428271126105,434.5441589355469,1777300,0.0,0.0
2024-07-26 00:00:00-04:00,435.61322010711825,444.0779239211182,434.96585830468894,442.7439880371094,1307400,0.0,0.0
2024-07-29 00:00:00-04:00,442.82245637166056,444.53893652882516,440.4586143918293,441.34136962890625,1015200,0.0,0.0
2024-07-30 00:00:00-04:00,443.90138088647507,447.9817029144884,442.0083557190642,442.2143249511719,1755600,0.0,0.0
2024-07-31 00:00:00-04:00,444.8822345048263,449.403919252759,443.8523284600618,444.8135681152344,1874000,0.0,0.0
2024-08-01 00:00:00-04:00,447.3343359294831,450.66920554910905,441.2923224156368,444.6566162109375,2244000,0.0,0.0
2024-08-02 00:00:00-04:00,440.99805823937555,449.02139949547296,435.21107410480545,445.3039855957031,2714600,0.0,0.0
2024-08-05 00:00:00-04:00,445.2941901631393,446.94203391175597,432.778617688019,435.005126953125,2281700,0.0,0.0
2024-08-06 00:00:00-04:00,435.56420752800017,442.5772491070017,435.10320879839384,437.1237487792969,1598200,0.0,0.0
2024-08-07 00:00:00-04:00,440.7136772139349,442.36149110552014,432.8669101876729,433.39654541015625,1619300,0.0,0.0
2024-08-08 00:00:00-04:00,433.75948421028005,439.2620152282308,432.4843666066849,438.9677734375,1491300,0.0,0.0
2024-08-09 00:00:00-04:00,438.4184598395204,439.57585068211387,433.6907759709819,438.4576721191406,1108500,0.0,0.0
2024-08-12 00:00:00-04:00,438.45765292105074,439.8112248346303,436.5744458584469,438.2222595214844,853000,0.0,0.0
2024-08-13 00:00:00-04:00,439.9191558586784,441.64542409856483,437.21201189350813,441.08636474609375,1174800,0.0,0.0
2024-08-14 00:00:00-04:00,443.00884168781613,443.33250764886344,440.5469090174916,442.53802490234375,906700,0.0,0.0
2024-08-15 00:00:00-04:00,443.3913294955517,448.030740880111,442.74399761216034,447.40301513671875,1105000,0.0,0.0
2024-08-16 00:00:00-04:00,447.40300885956964,448.63885418901583,443.6463527562888,448.0699768066406,1115400,0.0,0.0
2024-08-19 00:00:00-04:00,448.4525106592947,449.96302160899876,447.4226345176559,449.7962646484375,1013700,0.0,0.0
2024-08-20 00:00:00-04:00,449.8355042520633,452.1404979109208,447.8443884388883,449.2960510253906,1115600,0.0,0.0
2024-08-21 00:00:00-04:00,451.14006802774503,453.2783048316376,449.60995087146955,452.90557861328125,853700,0.0,0.0
2024-08-22 00:00:00-04:00,452.9938477587211,455.75984026399345,451.1008224354906,452.8663330078125,1179100,0.0,0.0
2024-08-23 00:00:00-04:00,455.60291351338884,457.50575692464344,452.69961807548066,456.81915283203125,1308000,0.0,0.0
2024-08-26 00:00:00-04:00,456.72109786632893,460.7621781728539,456.1620085210853,459.487060546875,1216200,0.0,0.0
2024-08-27 00:00:00-04:00,463.6556327841283,463.73411721453107,459.6439768546816,463.292724609375,1293400,0.0,0.0
2024-08-28 00:00:00-04:00,463.78314208984375,466.5295283939468,461.8508745931542,463.78314208984375,1327200,0.0,0.0
2024-08-29 00:00:00-04:00,464.6561082863744,467.45149497026995,461.3114203963691,463.6752624511719,944700,0.0,0.0
2024-08-30 00:00:00-04:00,465.9410013916566,470.6000189834371,462.43937467032595,469.0895080566406,1385600,0.0,0.0
2024-09-03 00:00:00-04:00,464.8620615152501,469.4524126819232,463.8223673603978,464.9699401855469,2104000,0.0,0.0
2024-09-04 00:00:00-04:00,468.4621841792604,469.80988984782806,463.89769133051146,464.4485778808594,1310300,1.39,0.0
2024-09-05 00:00:00-04:00,462.687693078751,463.79931309079996,455.5556485982916,457.94610595703125,1882200,0.0,0.0
2024-09-06 00:00:00-04:00,456.7951832616742,460.06117515176265,448.74827639336746,449.4172058105469,2012100,0.0,0.0
2024-09-09 00:00:00-04:00,452.58479914308487,457.9559580899407,452.04372947403243,455.5458068847656,2076200,0.0,0.0
2024-09-10 00:00:00-04:00,454.45391741978506,458.0543741542511,453.34229730518746,456.1754455566406,1247100,0.0,0.0
2024-09-11 00:00:00-04:00,456.33281658842753,458.27076648120897,446.1216912661105,457.54278564453125,1585400,0.0,0.0
2024-09-12 00:00:00-04:00,458.84128260373603,459.8348597398097,454.8866978985276,459.7364807128906,1916900,0.0,0.0
2024-09-13 00:00:00-04:00,457.93631908171375,464.1042974911346,457.4346070027756,461.1826171875,1162700,0.0,0.0
2024-09-16 00:00:00-04:00,466.7111482686729,467.7538999609576,462.73689956342645,467.183349609375,1307200,0.0,0.0
2024-09-17 00:00:00-04:00,467.78342111746736,469.21968896961897,462.8549527322793,463.9862365722656,1357100,0.0,0.0
2024-09-18 00:00:00-04:00,463.9862250482899,463.9862250482899,457.168981448488,459.4315490722656,1149900,0.0,0.0
2024-09-19 00:00:00-04:00,465.1076895738077,465.4520011946747,460.9858570756131,461.5367736816406,1897200,0.0,0.0
2024-09-20 00:00:00-04:00,461.86138406666987,464.4289057852351,459.1561256935424,464.232177734375,3672700,0.0,0.0
2024-09-23 00:00:00-04:00,466.97677919719575,471.3937185786105,464.41907444705714,469.5934753417969,1148400,0.0,0.0
2024-09-24 00:00:00-04:00,471.15766132666624,472.93821085162455,467.753932713604,471.5511474609375,1588600,0.0,0.0
2024-09-25 00:00:00-04:00,473.1742501150303,473.7644942690749,467.9604917999434,469.2491760253906,1283800,0.0,0.0
2024-09-26 00:00:00-04:00,471.2068107014266,474.26619750484605,468.7474849670768,473.84320068359375,1092800,0.0,0.0
2024-09-27 00:00:00-04:00,471.8954377703509,475.4958642563125,471.48225783433577,471.7085266113281,1252500,0.0,0.0
2024-09-30 00:00:00-04:00,471.51177481499576,471.78721810231457,466.43572278777793,469.10162353515625,1532600,0.0,0.0
2024-10-01 00:00:00-04:00,469.20000416038994,470.08535544255204,466.17997489954206,467.29156494140625,1342100,0.0,0.0
2024-10-02 00:00:00-04:00,466.34716689603016,469.67217999418665,464.96995052962177,468.09820556640625,1024600,0.0,0.0
2024-10-03 00:00:00-04:00,464.2813659823852,465.0585213621098,460.53335576346853,462.1073303222656,1072300,0.0,0.0
2024-10-04 00:00:00-04:00,462.5106631037106,463.16974562376953,457.31656807738335,460.5628662109375,2131000,0.0,0.0
2024-10-07 00:00:00-04:00,456.89352123880093,458.7527557784458,453.27337114543644,455.70318603515625,2019600,0.0,0.0
2024-10-08 00:00:00-04:00,457.93631517517235,462.41227616482576,457.5427990266192,461.8023681640625,1272300,0.0,0.0
2024-10-09 00:00:00-04:00,459.8939079227939,462.98283542569175,459.43155348831766,461.93023681640625,1245500,0.0,0.0
2024-10-10 00:00:00-04:00,464.2321938124202,464.940480866394,460.1300250370991,461.78271484375,1249500,0.0,0.0
2024-10-11 00:00:00-04:00,464.4191058785935,466.88824865148337,463.17959602647636,466.3275451660156,1105300,0.0,0.0
2024-10-14 00:00:00-04:00,466.6619870414725,470.3706394849482,465.7176143542631,469.8099060058594,1076800,0.0,0.0
2024-10-15 00:00:00-04:00,469.80989645435585,475.4860394141404,469.4361041636292,472.88897705078125,1477100,0.0,0.0
2024-10-16 00:00:00-04:00,470.73461535587586,477.4239994512532,470.53788730725876,476.1058044433594,1210100,0.0,0.0
2024-10-17 00:00:00-04:00,478.99794011851935,479.55864353749416,476.49925691111497,478.15191650390625,1051700,0.0,0.0
2024-10-18 00:00:00-04:00,475.2794994488147,479.35212751890464,473.67601416232696,478.53564453125,1255200,0.0,0.0
2024-10-21 00:00:00-04:00,477.0600377775222,477.59123054304314,473.2333123657772,475.4958801269531,1065700,0.0,0.0
2024-10-22 00:00:00-04:00,473.94160883169286,474.6302320880398,470.22310929376897,474.1088562011719,1429700,0.0,0.0
2024-10-23 00:00:00-04:00,471.3740646650401,474.39409389312505,469.101620035281,469.662353515625,1541400,0.0,0.0
2024-10-24 00:00:00-04:00,470.56741759949125,470.6461028179995,463.9469015550798,466.7406921386719,994300,0.0,0.0
2024-10-25 00:00:00-04:00,467.38995235246523,470.8625192370748,465.2355805153292,466.0520935058594,2458400,0.0,0.0
2024-10-28 00:00:00-04:00,468.0687345841062,470.2231064483899,466.002894848634,468.2556457519531,1440400,0.0,0.0
2024-10-29 00:00:00-04:00,466.92756153793255,468.57040428011044,465.05848004961405,466.9374084472656,2056600,0.0,0.0
2024-10-30 00:00:00-04:00,465.5700472641315,467.2719115601348,464.65518525286996,465.69793701171875,1794300,0.0,0.0
2024-10-31 00:00:00-04:00,447.5481182961718,455.46713531426747,447.075916937938,448.72857666015625,3615600,0.0,0.0
2024-11-01 00:00:00-04:00,449.0827177293377,451.856814290572,446.12167999298504,449.86968994140625,2347400,0.0,0.0
2024-11-04 00:00:00-05:00,450.52881654834033,454.2866435029086,448.8663099287811,450.86328125,1616100,0.0,0.0
2024-11-05 00:00:00-05:00,450.86332380668836,453.36197740570975,446.78084865385745,447.4891357421875,1749000,0.0,0.0
2024-11-06 00:00:00-05:00,456.27382145833445,458.11339242283395,450.86330449400987,455.1031799316406,2626900,0.0,0.0
2024-11-07 00:00:00-05:00,457.4345572118865,460.36608410654793,456.0474939842647,457.89691162109375,1925500,0.0,0.0
2024-11-08 00:00:00-05:00,457.7592234906477,458.0445136936432,451.73879864494467,452.0044250488281,1496700,0.0,0.0
2024-11-11 00:00:00-05:00,452.00440346138146,454.86706220150523,447.941592569258,449.01385498046875,1981200,0.0,0.0
2024-11-12 00:00:00-05:00,450.8140632774065,452.8012176506233,446.2003658761389,448.17767333984375,1749000,0.0,0.0
2024-11-13 00:00:00-05:00,446.4561614085836,450.0959755731471,443.5246342698408,448.8171081542969,1538400,0.0,0.0
2024-11-14 00:00:00-05:00,448.23673865054985,450.4206212804139,445.728238206723,446.11187744140625,1666700,0.0,0.0
2024-11-15 00:00:00-05:00,443.7312237745987,444.34113174368724,439.6290553054034,441.79327392578125,2414000,0.0,0.0
2024-11-18 00:00:00-05:00,439.26509338616347,441.95068793553975,438.0452774105522,441.27191162109375,1750700,0.0,0.0
2024-11-19 00:00:00-05:00,436.579517133228,437.43538775505573,432.60526813611136,436.8352966308594,2084600,0.0,0.0
2024-11-20 00:00:00-05:00,436.5204777375556,443.5639903529856,434.3464421604216,442.8163757324219,1928700,0.0,0.0
2024-11-21 00:00:00-05:00,444.4985250496842,447.73500601873303,442.2949488476829,447.6661376953125,2072800,0.0,0.0
2024-11-22 00:00:00-05:00,446.4561809566831,449.7615305622598,446.1708907476769,447.3808898925781,1864800,0.0,0.0
2024-11-25 00:00:00-05:00,447.18410576970564,449.56474630074234,445.64948890611925,448.27606201171875,3835600,0.0,0.0
2024-11-26 00:00:00-05:00,446.0922142893279,449.23031658682186,443.9378423666955,449.1712951660156,2600000,0.0,0.0
2024-11-27 00:00:00-05:00,449.24995654931104,452.1224623007605,449.24995654931104,449.68280029296875,2069100,0.0,0.0
2024-11-29 00:00:00-05:00,449.5548860526517,454.1489196184476,448.6695348147075,453.48980712890625,1351500,0.0,0.0
2024-12-02 00:00:00-05:00,453.4898359578101,453.5390404870305,449.0237218675119,452.21099853515625,1801800,0.0,0.0
2024-12-03 00:00:00-05:00,455.7631637262437,455.7631637262437,450.51383832859904,452.03338623046875,1868300,1.39,0.0
2024-12-04 00:00:00-05:00,450.2178674975992,455.2797151893041,449.2607537029481,453.34576416015625,2188300,0.0,0.0
2024-12-05 00:00:00-05:00,451.1848169022431,451.56961967291784,442.05771313805235,442.6201171875,2303200,0.0,0.0
2024-12-06 00:00:00-05:00,442.0971726400049,444.869836426693,441.011811386205,443.4687194824219,2191300,0.0,0.0
2024-12-09 00:00:00-05:00,441.9491852148424,444.8106497317977,436.0585015551522,436.6998596191406,2833900,0.0,0.0
2024-12-10 00:00:00-05:00,438.9002380371094,440.4493861949784,431.4406828422204,438.9002380371094,2326100,0.0,0.0
2024-12-11 00:00:00-05:00,437.4004336331925,439.72906409235793,434.31201416371226,434.6770935058594,1612500,0.0,0.0
2024-12-12 00:00:00-05:00,434.09491216184455,436.5024964678841,432.0820073902781,432.6740417480469,1719300,0.0,0.0
2024-12-13 00:00:00-05:00,431.7958471844018,431.9833252308367,427.01030894931984,429.51654052734375,2254200,0.0,0.0
2024-12-16 00:00:00-05:00,429.9310196565403,429.94089643228995,421.7314288328455,422.6095886230469,3691400,0.0,0.0
2024-12-17 00:00:00-05:00,422.55039387856556,427.4346402251994,420.2809637225847,424.484375,3320200,0.0,0.0
2024-12-18 00:00:00-05:00,423.22133949747814,425.56969328674205,416.4425897061318,416.65966796875,3271900,0.0,0.0
2024-12-19 00:00:00-05:00,416.4919201769605,419.9158184250752,413.462701444593,414.0152587890625,3292000,0.0,0.0
2024-12-20 00:00:00-05:00,413.6600834888996,419.68889102750336,412.7128164542094,418.6725769042969,6680900,0.0,0.0
2024-12-23 00:00:00-05:00,416.817580008472,420.00467700931256,412.1306885960059,416.7189025878906,2084300,0.0,0.0
2024-12-24 00:00:00-05:00,416.5708902129675,420.3993451755529,414.99214186285434,420.1131896972656,824200,0.0,0.0
2024-12-26 00:00:00-05:00,418.48510976753835,420.93217116946886,417.29119433623157,418.6824645996094,991500,0.0,0.0
2024-12-27 00:00:00-05:00,417.58721547121826,420.30067891899165,415.9394199857218,417.36029052734375,1444900,0.0,0.0
2024-12-30 00:00:00-05:00,413.610756313887,414.67642426838717,409.8908554729947,412.1109619140625,1608000,0.0,0.0
2024-12-31 00:00:00-05:00,413.0483439181855,414.52841495699965,410.22635625799853,413.1075744628906,1386700,0.0,0.0
2025-01-02 00:00:00-05:00,415.15989239011714,417.1037200663988,408.2726182131336,408.6673278808594,2110900,0.0,0.0
2025-01-03 00:00:00-05:00,410.6210115775466,412.436561664402,407.61154602133774,408.0062255859375,1995900,0.0,0.0
2025-01-06 00:00:00-05:00,409.9105806497982,412.82139892971935,406.6445597916184,407.424072265625,2630600,0.0,0.0
2025-01-07 00:00:00-05:00,406.5557631080345,413.43316080612,405.2335699780996,409.4369812011719,3209100,0.0,0.0
2025-01-08 00:00:00-05:00,411.2031745475572,414.83430488056644,408.6969427181199,414.42974853515625,2252300,0.0,0.0
2025-01-10 00:00:00-05:00,410.0881769668187,412.3379137169968,406.2498752972749,408.6475830078125,2642600,0.0,0.0
2025-01-13 00:00:00-05:00,410.26579020076264,417.064233467377,408.20356171652827,415.8308410644531,2824500,0.0,0.0
2025-01-14 00:00:00-05:00,416.6695601313179,422.1260869986977,415.13028879849566,421.6130065917969,2344300,0.0,0.0
2025-01-15 00:00:00-05:00,427.4641944114537,428.1549061821791,420.7446752015241,422.2938232421875,2202300,0.0,0.0
2025-01-16 00:00:00-05:00,422.23463672497064,427.0004517411722,421.9682046930291,426.743896484375,1511600,0.0,0.0
2025-01-17 00:00:00-05:00,434.15413112815367,434.15413112815367,427.7700907682163,430.207275390625,2412200,0.0,0.0
2025-01-21 00:00:00-05:00,433.82854114136944,438.170076553942,433.60158608963127,436.5814514160156,2281900,0.0,0.0
2025-01-22 00:00:00-05:00,439.74882357472717,442.72868889202016,436.5913268595147,436.7196044921875,2643900,0.0,0.0
2025-01-23 00:00:00-05:00,436.83801790452264,437.25245102875215,434.5784344409569,434.9731140136719,1811300,0.0,0.0
2025-01-24 00:00:00-05:00,436.98602338926526,437.47938038816693,433.20692202701156,433.41412353515625,1547800,0.0,0.0
2025-01-27 00:00:00-05:00,432.516194390213,435.5355367042694,429.2106965958487,433.6509094238281,2833400,0.0,0.0
2025-01-28 00:00:00-05:00,434.1541212288708,434.55867754619743,429.45735337242587,429.7237854003906,2158400,0.0,0.0
2025-01-29 00:00:00-05:00,429.4376407347458,433.1871416493552,428.71732872059226,432.4964599609375,2631100,0.0,0.0
2025-01-30 00:00:00-05:00,433.1674176761026,443.69566861701617,433.1674176761026,440.4493713378906,2545900,0.0,0.0
2025-01-31 00:00:00-05:00,438.5154144584885,442.2155916659372,432.81220919389244,440.19281005859375,2816500,0.0,0.0
2025-02-03 00:00:00-05:00,439.11732678164856,448.7673884217009,434.6080366100017,448.17535400390625,2701200,0.0,0.0
2025-02-04 00:00:00-05:00,449.88234512433354,452.73393268234827,446.8136491882653,448.7574768066406,2503800,0.0,0.0
2025-02-05 00:00:00-05:00,447.37608689630093,449.0239123978925,444.9191788626431,447.672119140625,2696500,0.0,0.0
2025-02-06 00:00:00-05:00,444.05085957366975,455.378346097283,444.0212593608638,454.5593566894531,2423300,0.0,0.0
2025-02-07 00:00:00-05:00,450.4743745852018,452.072846293239,446.48804197791736,449.004150390625,1668100,0.0,0.0
2025-02-10 00:00:00-05:00,448.77723851580396,454.99352425276004,447.3760914807314,454.7369689941406,1876700,0.0,0.0
2025-02-11 00:00:00-05:00,454.1350806072358,456.39466391009154,453.21744389071205,454.6185607910156,1587700,0.0,0.0
2025-02-12 00:00:00-05:00,451.24404411633617,454.02658476410625,448.5108271226691,452.4675598144531,1695200,0.0,0.0
2025-02-13 00:00:00-05:00,451.4808165490099,456.45386311211973,451.3032152712143,454.9244384765625,2265300,0.0,0.0
2025-02-14 00:00:00-05:00,454.92443243172465,457.9339278998277,450.6322510481019,450.9282531738281,1705500,0.0,0.0
2025-02-18 00:00:00-05:00,448.8265540893478,459.8382850038009,444.07058578799354,459.64093017578125,2808500,0.0,0.0
2025-02-19 00:00:00-05:00,454.69754623824974,459.4535148774991,454.0068344032274,455.9309387207031,1883800,0.0,0.0
2025-02-20 00:00:00-05:00,453.5924005220601,455.99010811786115,452.3096543603349,455.7631530761719,1335400,0.0,0.0
2025-02-21 00:00:00-05:00,457.42082848410854,458.98973012483356,451.4413445025853,451.91497802734375,1939600,0.0,0.0
2025-02-24 00:00:00-05:00,452.9115607625219,458.0326083564488,449.961265699957,452.43792724609375,2108300,0.0,0.0
2025-02-25 00:00:00-05:00,453.1878337485608,462.75894047298243,453.1878337485608,461.27886962890625,2342100,0.0,0.0
2025-02-26 00:00:00-05:00,460.1639079004163,461.29865304403523,455.14153745781306,455.4178161621094,1576100,0.0,0.0
2025-02-27 00:00:00-05:00,457.3814005363263,462.00909144892483,453.7700238049013,454.1647033691406,2071000,0.0,0.0
2025-02-28 00:00:00-05:00,458.89105226302723,462.1175959569669,454.5100400276652,460.8447265625,2332900,0.0,0.0
2025-03-03 00:00:00-05:00,462.86751704506287,465.95593650700306,454.8554046395874,456.1085205078125,3072900,0.0,0.0
2025-03-04 00:00:00-05:00,462.3741346838963,463.04509290190856,453.7699883621942,455.220458984375,5027000,0.0,0.0
2025-03-05 00:00:00-05:00,455.7927691825112,464.16999112156327,454.43109910913284,462.02880859375,2385700,0.0,0.0
2025-03-06 00:00:00-05:00,460.4895404463194,463.90356231685894,457.19391943305214,459.9665832519531,3712100,0.0,0.0
2025-03-07 00:00:00-05:00,459.9764683816176,463.75556966809035,457.26300494207027,462.5419006347656,1824000,0.0,0.0
2025-03-10 00:00:00-04:00,459.79886044758155,464.91990866382866,451.9347484369309,455.92108154296875,3129200,0.0,0.0
2025-03-11 00:00:00-04:00,455.5164792595507,455.7631577417785,445.1263827925978,448.0372009277344,2845700,0.0,0.0
2025-03-12 00:00:00-04:00,447.28730294923025,448.9055282979929,442.8569669032171,445.1757507324219,2652600,0.0,0.0
2025-03-13 00:00:00-04:00,444.9480305099281,450.79896606412336,443.02741761210154,448.7298583984375,2213400,1.5,0.0
2025-03-14 00:00:00-04:00,450.0168412601009,453.42246217026275,448.32394052680036,450.94744873046875,1911900,0.0,0.0
2025-03-17 00:00:00-04:00,447.8190368942992,457.659692940802,447.8190368942992,455.7093811035156,1890200,0.0,0.0
2025-03-18 00:00:00-04:00,459.4713894986846,460.1544956384291,453.15518045539136,456.1053771972656,2023000,0.0,0.0
2025-03-19 00:00:00-04:00,454.4124642351906,456.9567852837761,450.3534361809905,455.15496826171875,4051400,0.0,0.0
2025-03-20 00:00:00-04:00,451.55136437781647,455.4124097437041,450.68018497372424,453.17498779296875,2298100,0.0,0.0
2025-03-21 00:00:00-04:00,449.20502450936357,454.0461652447611,444.88861562131854,453.7491455078125,4969900,0.0,0.0
2025-03-24 00:00:00-04:00,452.55124463178726,457.28346903679204,450.47222733647794,454.5015563964844,2049500,0.0,0.0
2025-03-25 00:00:00-04:00,454.3530891280198,454.4025773139117,450.4326761307566,452.87799072265625,2002500,0.0,0.0
2025-03-26 00:00:00-04:00,452.8779741843143,458.471498551378,452.41267044616546,456.81817626953125,1597900,0.0,0.0
2025-03-27 00:00:00-04:00,457.37256982802546,461.9859984637102,454.83815850553447,460.085205078125,1493300,0.0,0.0
2025-03-28 00:00:00-04:00,461.8672156276345,461.93652325628653,454.2045835399024,454.5213623046875,1334700,0.0,0.0
2025-03-31 00:00:00-04:00,454.28378889196745,463.3621520198017,453.8283948516196,460.98614501953125,2373300,0.0,0.0
2025-04-01 00:00:00-04:00,457.38250686594876,462.8374464318739,456.1746990375836,462.421630859375,1544600,0.0,0.0
2025-04-02 00:00:00-04:00,458.27347198955977,465.60941528285264,457.7784693129211,465.04510498046875,1527700,0.0,0.0
2025-04-03 00:00:00-04:00,461.8969162978233,467.29245780456614,460.3426005711936,462.5503234863281,2445200,0.0,0.0
2025-04-04 00:00:00-04:00,459.71890062020265,465.30254567027845,432.7511627476745,433.582763671875,4430700,0.0,0.0
2025-04-07 00:00:00-04:00,424.8013964030132,437.14676445379985,413.6539263786073,421.6036682128906,4159300,0.0,0.0
2025-04-08 00:00:00-04:00,426.454730442103,428.7317307486178,404.5656956111418,409.19891357421875,3780800,0.0,0.0
2025-04-09 00:00:00-04:00,410.02065530448135,443.84912415874453,408.8425464177589,441.5127258300781,4103300,0.0,0.0
2025-04-10 00:00:00-04:00,435.96867378765864,440.0870998830583,422.8313129873893,427.56353759765625,4239000,0.0,0.0
2025-04-11 00:00:00-04:00,432.9491587935237,445.1361225694395,428.385218294251,437.4140625,3343000,0.0,0.0
2025-04-14 00:00:00-04:00,438.66149470664055,443.6511304463825,437.3348910790735,441.5721130371094,1897800,0.0,0.0
2025-04-15 00:00:00-04:00,444.8787233489526,449.96736562511404,443.463022872925,446.4627380371094,2321000,0.0,0.0
2025-04-16 00:00:00-04:00,446.00731447718096,450.2841145756646,440.7998767314344,443.5124816894531,1828900,0.0,0.0
2025-04-17 00:00:00-04:00,446.8488130511052,450.61085161621577,445.1955209883679,447.6012268066406,1730200,0.0,0.0
2025-04-21 00:00:00-04:00,446.0370485618231,447.9477517635912,435.869673603969,439.4139099121094,1303400,0.0,0.0
2025-04-22 00:00:00-04:00,443.8095339813473,450.70987290179346,442.8789264783696,450.06634521484375,1458600,0.0,0.0
2025-04-23 00:00:00-04:00,449.84854161641766,453.2343429652373,441.047379628643,443.73028564453125,1973400,0.0,0.0
2025-04-24 00:00:00-04:00,442.6115841519637,446.621123997438,437.651677830619,445.037109375,2114500,0.0,0.0
2025-04-25 00:00:00-04:00,443.4432432457301,444.85894375241975,438.6714098463623,443.9184265136719,1866600,0.0,0.0
2025-04-28 00:00:00-04:00,444.16589734183174,446.38352988588827,439.73069267885046,443.52239990234375,1644900,0.0,0.0
2025-04-29 00:00:00-04:00,444.3539994731189,447.82892793375237,442.3046811392804,446.07659912109375,1214000,0.0,0.0
2025-04-30 00:00:00-04:00,444.8786979275599,450.7197234320866,440.4731922611455,448.70013427734375,2670400,0.0,0.0
2025-05-01 00:00:00-04:00,433.0679568108487,446.1063107755142,428.82082526165016,443.5718994140625,2540400,0.0,0.0
2025-05-02 00:00:00-04:00,449.16544739198855,452.57106827374133,447.59131227035226,450.4029541015625,1548600,0.0,0.0
2025-05-05 00:00:00-04:00,448.4724722658208,450.93757618707446,445.6410711592882,447.9675598144531,1462100,0.0,0.0
2025-05-06 00:00:00-04:00,448.33383823018687,448.99715515249943,441.780007209657,442.5819091796875,1441300,0.0,0.0
2025-05-07 00:00:00-04:00,443.4927209737821,449.680254733929,440.4533971397819,445.16583251953125,1573900,0.0,0.0
2025-05-08 00:00:00-04:00,445.43309850484997,453.4224489057998,445.0371024085807,448.70013427734375,1626400,0.0,0.0
2025-05-09 00:00:00-04:00,450.48214162961864,450.48214162961864,446.056816423827,448.1358337402344,1058900,0.0,0.0
2025-05-12 00:00:00-04:00,451.90773370255,453.42244064730147,447.8487058114476,449.87823486328125,1944900,0.0,0.0
2025-05-13 00:00:00-04:00,449.7594351423579,451.4028477099691,445.5915209234102,446.1657409667969,1666300,0.0,0.0
2025-05-14 00:00:00-04:00,442.7601423483885,444.1857525942952,435.17669707747535,441.5127258300781,1941300,0.0,0.0
2025-05-15 00:00:00-04:00,441.5126925784484,450.4524397904014,441.5126925784484,449.68023681640625,2279500,0.0,0.0
2025-05-16 00:00:00-04:00,451.2048728649094,453.778862746795,447.4428341999191,453.19476318359375,1850500,0.0,0.0
2025-05-19 00:00:00-04:00,453.1947755239571,457.0360014323806,450.74946089952675,455.72918701171875,1640500,0.0,0.0
2025-05-20 00:00:00-04:00,456.74885482254354,457.09536273835215,453.28383608958876,455.25396728515625,1329700,0.0,0.0
2025-05-21 00:00:00-04:00,452.15525649759087,454.50156440450496,449.25454799716823,450.94744873046875,1867600,0.0,0.0
2025-05-22 00:00:00-04:00,451.52164654358245,454.521361677183,449.09615145721074,454.4124755859375,1654400,0.0,0.0
2025-05-23 00:00:00-04:00,449.0367610212406,455.8677923070657,449.0367610212406,454.3134765625,1627000,0.0,0.0
2025-05-27 00:00:00-04:00,458.62991301087504,463.4512344931439,457.8874089580599,463.2730407714844,3330800,0.0,0.0
2025-05-28 00:00:00-04:00,461.45141602879414,462.3820235490992,457.48151480288146,457.8874206542969,2692900,0.0,0.0
2025-05-29 00:00:00-04:00,459.3130055880728,460.3128904717809,456.53109290271027,459.4416809082031,1306800,0.0,0.0
2025-05-30 00:00:00-04:00,461.8870034187101,464.4115352951186,456.0162786968676,462.9067077636719,4344700,0.0,0.0
2025-06-02 00:00:00-04:00,460.5208281339392,461.6890272623363,456.70930127723824,459.92681884765625,1865400,0.0,0.0
2025-06-03 00:00:00-04:00,457.68937888959096,467.55973360899924,457.3824796427667,467.1043395996094,2606600,0.0,0.0
2025-06-04 00:00:00-04:00,467.9187688317569,472.22909204782985,465.7635920692577,470.53076171875,2092600,1.5,0.0
2025-06-05 00:00:00-04:00,470.7592193896225,471.6332075999429,466.12113526350583,467.0447998046875,1679000,0.0,0.0
2025-06-06 00:00:00-04:00,470.1632816093418,471.9807865765055,468.02798756869134,469.4779968261719,1352700,0.0,0.0
2025-06-09 00:00:00-04:00,468.9417419433594,472.6859551820283,464.89956164799105,468.9417419433594,1616000,0.0,0.0
2025-06-10 00:00:00-04:00,469.1601930712392,472.7454962571752,468.5146129993794,472.3085021972656,1859600,0.0,0.0
2025-06-11 00:00:00-04:00,470.51091800955885,471.2955251772772,464.1944165925857,465.3365478515625,2734200,0.0,0.0
2025-06-12 00:00:00-04:00,465.21733774343187,468.92181563456404,463.270716809443,467.3128967285156,1572800,0.0,0.0
2025-06-13 00:00:00-04:00,467.4222102171833,469.6568267824031,461.949872840833,462.7940673828125,1415800,0.0,0.0
2025-06-16 00:00:00-04:00,463.61834575023875,466.3495435769372,461.7015487314614,463.4097900390625,1586500,0.0,0.0
2025-06-17 00:00:00-04:00,461.8902511750791,462.38683259712406,457.05355297378867,457.7487487792969,1272700,0.0,0.0
2025-06-18 00:00:00-04:00,457.7487523445202,459.26829029545604,455.13672919479154,455.5638122558594,1223200,0.0,0.0
2025-06-20 00:00:00-04:00,459.32786901341564,460.0727411382923,452.2664958178687,452.7431945800781,4365000,0.0,0.0
2025-06-23 00:00:00-04:00,454.18330859610444,456.9145064822369,449.853133041284,456.60662841796875,1611000,0.0,0.0
2025-06-24 00:00:00-04:00,457.7189348340779,460.7580105776795,455.75249188758477,459.9932861328125,1470600,0.0,0.0
2025-06-25 00:00:00-04:00,458.5730963065827,460.64880303807416,456.58677059503975,457.0535583496094,1608900,0.0,0.0
2025-06-26 00:00:00-04:00,457.66932669718216,463.25089724629896,455.3751228637754,461.284423828125,1983000,0.0,0.0
2025-06-27 00:00:00-04:00,461.3638907113772,464.1745283133593,458.6922801513359,460.6190185546875,2643200,0.0,0.0
2025-06-30 00:00:00-04:00,463.0125315637449,466.8262732605441,460.3806257710957,465.9721374511719,1856200,0.0,0.0
2025-07-01 00:00:00-04:00,466.5779820392968,474.5729308282623,465.7635812312072,473.4903869628906,1856300,0.0,0.0
2025-07-02 00:00:00-04:00,472.77531153796826,475.4469220363296,471.19618623931456,473.90753173828125,1423100,0.0,0.0
2025-07-03 00:00:00-04:00,473.36126697860124,473.94722941592613,470.7591851925765,472.328369140625,952700,0.0,0.0
2025-07-07 00:00:00-04:00,469.1403249735943,470.4612485212361,464.59165251112273,466.37933349609375,2099500,0.0,0.0
2025-07-08 00:00:00-04:00,465.17763496197466,468.5643240225988,464.33344045150324,466.7369079589844,1627200,0.0,0.0
2025-07-09 00:00:00-04:00,469.1800411832702,473.202338392827,464.3631955497172,468.0478210449219,1522500,0.0,0.0
2025-07-10 00:00:00-04:00,468.81259549459077,468.9913575316544,465.84301799283026,467.12420654296875,2238500,0.0,0.0
2025-07-11 00:00:00-04:00,465.80331998739587,466.40913478022617,461.3042934698386,465.60467529296875,1326400,0.0,0.0
2025-07-14 00:00:00-04:00,465.22727706957465,466.78655005346985,463.11183530181916,465.57489013671875,1133000,0.0,0.0
2025-07-15 00:00:00-04:00,464.96905669439764,466.05160054490756,456.9244316882045,457.41107177734375,1263700,0.0,0.0
2025-07-16 00:00:00-04:00,457.35150301076175,459.37756375815553,452.88227008231786,456.5271911621094,1438000,0.0,0.0
2025-07-17 00:00:00-04:00,455.7127885729883,458.96042024390795,453.9449598782516,458.1361083984375,1515000,0.0,0.0
2025-07-18 00:00:00-04:00,460.7183508812453,462.28753492272637,457.8778892349147,461.8306884765625,2267600,0.0,0.0
2025-07-21 00:00:00-04:00,461.8306668520925,472.97395524807854,461.04605971362685,467.2135925292969,1797700,0.0,0.0
2025-07-22 00:00:00-04:00,467.2135992911523,473.1229304612618,465.70400264761923,468.792724609375,1405300,0.0,0.0
2025-07-23 00:00:00-04:00,470.23282905474684,470.9578488668935,466.48861591593413,466.776611328125,1193900,0.0,0.0
2025-07-24 00:00:00-04:00,463.44951148882325,468.93175932763586,459.27821553371274,468.2663269042969,1383200,0.0,0.0
2025-07-25 00:00:00-04:00,469.2098639059287,470.4215238072348,465.36632848795284,469.65679931640625,1212100,0.0,0.0
2025-07-28 00:00:00-04:00,465.5450740282714,468.1273034339997,462.82381758774056,464.2638854980469,1283700,0.0,0.0
2025-07-29 00:00:00-04:00,466.6872164186104,468.4451340580552,464.0553409320382,468.2862243652344,1386100,0.0,0.0
2025-07-30 00:00:00-04:00,468.1769628580428,469.110538364608,462.07895870106023,463.0423278808594,1301600,0.0,0.0
2025-07-31 00:00:00-04:00,455.2757713856154,464.40294011474924,455.2757713856154,457.1131286621094,2228600,0.0,0.0
2025-08-01 00:00:00-04:00,455.1963185582931,459.3477623321023,446.2479418337628,456.2689514160156,2219300,0.0,0.0
2025-08-04 00:00:00-04:00,456.7158587268508,465.286859067003,456.7158587268508,464.2043151855469,1684900,0.0,0.0
2025-08-05 00:00:00-04:00,464.7406211799171,467.8194320417643,462.7840891752625,466.62762451171875,1691000,0.0,0.0
2025-08-06 00:00:00-04:00,468.5444346178433,470.1434425935507,464.75057550259373,468.2564392089844,1275900,0.0,0.0
2025-08-07 00:00:00-04:00,470.09375751224763,472.536959940776,464.29369011694513,466.2204284667969,1090400,0.0,0.0
2025-08-08 00:00:00-04:00,465.7934024876457,470.1534021892797,465.4855244117817,469.1900329589844,939300,0.0,0.0
2025-08-11 00:00:00-04:00,467.87901888516234,470.1930749609921,462.9429983696167,467.1639404296875,1069200,0.0,0.0
2025-08-12 00:00:00-04:00,467.2831307695249,471.23592990701377,466.72696198652176,469.9944763183594,1347700,0.0,0.0
2025-08-13 00:00:00-04:00,471.325301560272,472.89448552921493,465.2967957794465,472.3780517578125,1797800,0.0,0.0
2025-08-14 00:00:00-04:00,472.4574938628746,475.32774906573746,469.38862427411567,474.3643798828125,1545400,0.0,0.0
2025-08-15 00:00:00-04:00,477.5921864552131,479.36995655599134,475.30789356994586,476.7976379394531,1951300,0.0,0.0
2025-08-18 00:00:00-04:00,477.1452285328342,477.76098466044823,473.89759687158346,475.2383728027344,1218100,0.0,0.0
2025-08-19 00:00:00-04:00,475.1986346401813,479.518899141181,473.29174861384223,476.63873291015625,1512400,0.0,0.0
2025-08-20 00:00:00-04:00,479.48909477363134,483.0545457229661,477.21474338939737,479.06201171875,1160900,0.0,0.0
2025-08-21 00:00:00-04:00,478.1085941233989,479.60827973891395,476.76781820234925,477.4233093261719,1263500,0.0,0.0
2025-08-22 00:00:00-04:00,480.75041350375443,482.40900882249474,476.41029663767733,478.37677001953125,1782500,0.0,0.0
2025-08-25 00:00:00-04:00,478.6250659164013,480.6908313598718,473.42087184284895,474.5828857421875,1151800,0.0,0.0
2025-08-26 00:00:00-04:00,473.03354925813306,478.793881749137,471.7623020038254,478.62506103515625,1699500,0.0,0.0
2025-08-27 00:00:00-04:00,476.8770842723015,480.5120639905224,476.1024184509708,479.4096374511719,2259600,0.0,0.0
2025-08-28 00:00:00-04:00,479.2606549890575,479.7075903881499,475.8541137408825,478.85345458984375,2579200,0.0,0.0
2025-08-29 00:00:00-04:00,478.8832546605189,480.01547485525333,473.7386783832454,475.0198669433594,2058200,0.0,0.0
2025-09-02 00:00:00-04:00,473.9075059443571,473.9075059443571,469.2694223389643,470.8982238769531,1262500,0.0,0.0
2025-09-03 00:00:00-04:00,468.5841454787437,470.9876128277822,466.7865232077003,468.5543518066406,1617900,0.0,0.0
2025-09-04 00:00:00-04:00,469.03262291660974,471.19464338334717,466.89048771110544,470.6566467285156,1660600,1.5,0.0
2025-09-05 00:00:00-04:00,469.421173461131,473.3068568636467,464.877908189636,467.7971496582031,1066200,0.0,0.0
2025-09-08 00:00:00-04:00,467.9366329219877,473.32678511294233,464.88786372053784,472.8883972167969,1677200,0.0,0.0
2025-09-09 00:00:00-04:00,471.3839257016844,472.7787824519677,468.6539896043016,471.7027587890625,2966100,0.0,0.0
2025-09-10 00:00:00-04:00,471.19462119650615,473.18728238735406,467.76724151580004,470.9654846191406,1551500,0.0,0.0
2025-09-11 00:00:00-04:00,471.17471750795863,482.66240834899213,470.7463026383792,481.8155212402344,1907400,0.0,0.0
2025-09-12 00:00:00-04:00,477.401772731195,482.14431610493125,477.38185706526053,480.2712097167969,2069700,0.0,0.0
2025-09-15 00:00:00-04:00,479.61364424587913,481.5265820311825,473.77513093450585,474.980712890625,1130700,0.0,0.0
2025-09-16 00:00:00-04:00,474.6917545435215,476.6844157479169,469.17207449377906,469.739990234375,1470500,0.0,0.0
2025-09-17 00:00:00-04:00,472.16106032848046,479.6136240846742,470.278011325054,478.09918212890625,1698800,0.0,0.0
2025-09-18 00:00:00-04:00,477.13279761252693,478.1789326284887,469.5706212531752,474.2533874511719,1650900,0.0,0.0
2025-09-19 00:00:00-04:00,475.7578538927098,479.1154832864245,472.26072361463287,477.2523498535156,3742100,0.0,0.0
2025-09-22 00:00:00-04:00,475.22979082163505,476.92353463494254,472.54965901716866,476.0069274902344,1562700,0.0,0.0
2025-09-23 00:00:00-04:00,476.6645129503369,481.19780515048234,472.90832701906425,478.1789245605469,1462900,0.0,0.0
2025-09-24 00:00:00-04:00,477.8401578238904,479.97228947905506,471.58320292471683,472.3902282714844,1579400,0.0,0.0
2025-09-25 00:00:00-04:00,472.3902562326569,474.60211149320713,468.1857396709118,472.0415344238281,1536700,0.0,0.0
2025-09-26 00:00:00-04:00,470.99539180205517,473.41646794659215,468.99275749688115,472.6692199707031,1476400,0.0,0.0
2025-09-29 00:00:00-04:00,472.9979985276125,474.96077110556513,469.6702578371097,474.7415771484375,1859600,0.0,0.0
2025-09-30 00:00:00-04:00,471.9618319029361,477.0231781281943,471.4935552903049,473.2570495605469,2171200,0.0,0.0
2025-10-01 00:00:00-04:00,471.04520211291884,473.3367504389765,459.10915001481766,465.09710693359375,2286100,0.0,0.0
2025-10-02 00:00:00-04:00,461.7295055466186,468.56434961230303,461.25128629449733,467.75732421875,1677500,0.0,0.0
2025-10-03 00:00:00-04:00,465.30630900344954,467.70746941431173,461.30107091045795,465.01739501953125,1250700,0.0,0.0
2025-10-06 00:00:00-04:00,465.01738990055054,468.84329573956006,463.39336616458206,466.8306884765625,1539000,0.0,0.0
2025-10-07 00:00:00-04:00,466.38238333929854,468.84332126098644,464.1805011163983,468.64404296875,1283300,0.0,0.0
2025-10-08 00:00:00-04:00,468.58425317783104,469.9591943033679,465.8144552602994,466.11334228515625,1208500,0.0,0.0
2025-10-09 00:00:00-04:00,466.1332976872471,468.27540248985764,455.831242481142,456.4788513183594,1499900,0.0,0.0
2025-10-10 00:00:00-04:00,456.3891596366902,461.34092387412596,451.2580631907991,452.1547546386719,2038900,0.0,0.0
2025-10-13 00:00:00-04:00,454.8846930293458,458.1127944203193,453.330419736981,454.96441650390625,1287400,0.0,0.0
2025-10-14 00:00:00-04:00,451.5868659686575,460.3745095767426,451.40753374945535,457.5648498535156,1664800,0.0,0.0
2025-10-15 00:00:00-04:00,457.345641719875,459.8364682613652,449.1358871689145,449.7635803222656,1838000,0.0,0.0
2025-10-16 00:00:00-04:00,450.38129068328834,450.8097055418008,439.3319880332647,442.6098937988281,3033700,0.0,0.0
2025-10-17 00:00:00-04:00,442.5700802865084,449.67389217427535,441.26488958693733,449.23553466796875,2365300,0.0,0.0
2025-10-20 00:00:00-04:00,450.7000979762227,453.569534984111,448.05982795354663,449.9030456542969,1895900,0.0,0.0
2025-10-21 00:00:00-04:00,448.8967433989912,450.7897958792038,446.73472300615475,448.428466796875,1766100,0.0,0.0
2025-10-22 00:00:00-04:00,448.6775422722645,453.4101125859033,446.1070227224769,448.2690734863281,1856800,0.0,0.0
2025-10-23 00:00:00-04:00,450.91929331757876,451.00898982924963,447.0136943602497,448.428466796875,1527000,0.0,0.0
2025-10-24 00:00:00-04:00,447.89048332602806,448.74731307964976,443.954965145394,444.36346435546875,1593300,0.0,0.0
2025-10-27 00:00:00-04:00,446.007407525019,448.4982341395959,442.6298624465639,443.18780517578125,2337600,0.0,0.0
2025-10-28 00:00:00-04:00,443.83539868334486,445.5789772533214,440.368157209605,441.0954895019531,2110300,0.0,0.0
2025-10-29 00:00:00-04:00,437.1799251346942,437.8275339623094,429.63769497716265,430.4248046875,4087200,0.0,0.0
2025-10-30 00:00:00-04:00,430.8631772342174,433.59311333006457,427.03724099902564,428.3324890136719,3635300,0.0,0.0
2025-10-31 00:00:00-04:00,423.44050283164904,424.84533261912685,412.949142883597,416.76507568359375,4072800,0.0,0.0
2025-11-03 00:00:00-05:00,420.7005979943899,420.7005979943899,407.4992174771,410.66754150390625,4908100,0.0,0.0
2025-11-04 00:00:00-05:00,414.6429388060153,419.774035557757,412.4808879232202,416.40643310546875,3483500,0.0,0.0
2025-11-05 00:00:00-05:00,414.76248966564526,418.24964689746025,413.47721462949454,416.69537353515625,3076400,0.0,0.0
2025-11-06 00:00:00-05:00,414.8222703741284,417.950732790382,412.07238806249785,413.7960510253906,3443900,0.0,0.0
2025-11-07 00:00:00-05:00,415.4698801939609,421.2685318623569,412.48088825011945,418.9670104980469,2563300,0.0,0.0
2025-11-10 00:00:00-05:00,418.97692989521175,420.62089969764025,414.3938334932798,419.12640380859375,2624200,0.0,0.0
2025-11-11 00:00:00-05:00,424.1777776488424,426.8280206793601,420.39173355130094,425.0844421386719,2477700,0.0,0.0
2025-11-12 00:00:00-05:00,426.42951741944336,429.976452094503,423.3408863289772,427.385986328125,2592700,0.0,0.0
2025-11-13 00:00:00-05:00,425.63245067214046,427.4258336159826,419.3754956293705,427.0671691894531,2873300,0.0,0.0
2025-11-14 00:00:00-05:00,427.0671614120619,428.5217955691587,421.5175926930763,421.83642578125,2469700,0.0,0.0
2025-11-17 00:00:00-05:00,420.06292427543224,421.82644887436106,416.0277975595039,416.3167419433594,2249300,0.0,0.0
2025-11-18 00:00:00-05:00,417.1935377638742,417.8411465955423,412.1321611106444,413.1982421875,2586700,0.0,0.0
2025-11-19 00:00:00-05:00,413.2082225731533,414.54330199920565,409.2228999620363,411.683837890625,2635300,0.0,0.0
2025-11-20 00:00:00-05:00,413.07866645725994,414.42371882759244,406.7120994269645,407.0110168457031,2723600,0.0,0.0
2025-11-21 00:00:00-05:00,405.8851768041024,414.8920142104246,404.9287079131295,411.2254943847656,3100100,0.0,0.0
2025-11-24 00:00:00-05:00,408.73464927725115,410.94650439118277,405.21760353000275,406.1741027832031,4038300,0.0,0.0
2025-11-25 00:00:00-05:00,410.1594449037456,411.35502341951513,404.59990294666426,406.35345458984375,3580000,0.0,0.0
2025-11-26 00:00:00-05:00,406.00473310510864,408.9837519691437,405.53645649119295,406.40325927734375,2591500,0.0,0.0
2025-11-28 00:00:00-05:00,406.32356551063424,410.0697480099588,404.97851307674154,408.81439208984375,1160800,0.0,0.0
2025-12-01 00:00:00-05:00,408.5154637307074,410.05979441187094,405.22758489632855,405.64605712890625,2074800,0.0,0.0
2025-12-02 00:00:00-05:00,406.50289883018814,409.8107238336989,402.7865746179067,407.2900085449219,2139800,0.0,0.0
2025-12-03 00:00:00-05:00,408.3399963378906,411.0199890136719,406.0,409.1499938964844,1957500,1.5,0.0
2025-12-04 00:00:00-05:00,407.6099853515625,408.7300109863281,401.92999267578125,403.7300109863281,2859800,0.0,0.0
2025-12-05 00:00:00-05:00,403.9599914550781,404.6099853515625,398.92999267578125,399.57000732421875,3183600,0.0,0.0
2025-12-08 00:00:00-05:00,398.760009765625,399.4200134277344,387.7799987792969,389.3800048828125,4569900,0.0,0.0
2025-12-09 00:00:00-05:00,391.2099914550781,396.8299865722656,390.1000061035156,390.3800048828125,3574700,0.0,0.0
2025-12-10 00:00:00-05:00,389.6199951171875,394.3500061035156,389.0,392.67999267578125,5121700,0.0,0.0
2025-12-11 00:00:00-05:00,395.239990234375,404.2900085449219,394.8699951171875,403.29998779296875,3272500,0.0,0.0
2025-12-12 00:00:00-05:00,406.75,418.0199890136719,406.75,416.239990234375,4726400,0.0,0.0
2025-12-15 00:00:00-05:00,417.42999267578125,421.510009765625,410.0,416.989990234375,4798100,0.0,0.0
2025-12-16 00:00:00-05:00,418.5299987792969,424.45001220703125,414.8999938964844,423.510009765625,3960500,0.0,0.0
2025-12-17 00:00:00-05:00,423.0,424.4100036621094,420.7799987792969,422.3399963378906,4766000,0.0,0.0
2025-12-18 00:00:00-05:00,421.5299987792969,424.4800109863281,418.4700012207031,418.989990234375,3370800,0.0,0.0
2025-12-19 00:00:00-05:00,418.0299987792969,423.3900146484375,417.19000244140625,421.42999267578125,6046800,0.0,0.0
2025-12-22 00:00:00-05:00,421.44000244140625,425.2900085449219,420.625,423.510009765625,1908443,0.0,0.0
