Date,Open,High,Low,Close,Volume,Dividends,Stock Splits
2000-04-05 00:00:00-04:00,7.119768714677678,7.733541535507914,7.027702712743006,7.610787391662598,77084766,0.0,0.0
2000-04-06 00:00:00-04:00,7.5494068535989705,7.7949155625137845,7.488029019619405,7.641472816467285,17167722,0.0,0.0
2000-04-07 00:00:00-04:00,7.54940933979067,7.641475332978404,7.426654682207026,7.5187201499938965,15131516,0.0,0.0
2000-04-10 00:00:00-04:00,7.580098152160645,7.610786817155642,7.488031631774783,7.5800981521606445,6324938,0.0,0.0
2000-04-11 00:00:00-04:00,7.518718836870245,7.5494080213072365,7.395964726126133,7.4266533851623535,6087860,0.0,0.0
2000-04-12 00:00:00-04:00,7.4880318374915085,8.224559817605863,7.4266550312162,7.948362350463867,12169885,0.0,0.0
2000-04-13 00:00:00-04:00,7.979052652136808,8.470071963946573,7.825609281384078,8.34731674194336,11922484,0.0,0.0
2000-04-14 00:00:00-04:00,8.31662484164662,8.347313503892563,7.764228921219632,7.794917583465576,10659337,0.0,0.0
2000-04-17 00:00:00-04:00,7.856297676295706,8.071117847946674,7.856297676295706,7.917675018310547,3951908,0.0,0.0
2000-04-18 00:00:00-04:00,7.948363689317968,8.009740505931832,7.6107883082363434,7.917675018310547,6083933,0.0,0.0
2000-04-19 00:00:00-04:00,7.948363021429903,7.948363021429903,7.733541817028062,7.856297016143799,6001354,0.0,0.0
2000-04-20 00:00:00-04:00,7.733540951734755,7.825606946719744,7.549409487165649,7.5800981521606445,7755264,0.0,0.0
2000-04-24 00:00:00-04:00,7.610785769305462,7.856295055463806,7.580097108535669,7.825605869293213,3494806,0.0,0.0
2000-04-25 00:00:00-04:00,7.825607822314166,7.948363021429903,7.7949191538854645,7.856297016143799,8311103,0.0,0.0
2000-04-26 00:00:00-04:00,7.825608388943229,7.886986255645752,7.7949197182924514,7.886986255645752,6666587,0.0,0.0
2000-04-27 00:00:00-04:00,7.825605869293212,7.856295055463806,7.610785769305462,7.825605869293213,2788058,0.0,0.0
2000-04-28 00:00:00-04:00,7.825609144008762,8.285939248186049,7.549411606903411,8.132495880126953,6977494,0.0,0.0
2000-05-01 00:00:00-04:00,8.408690401191851,8.838332176208496,8.285935758444467,8.838332176208496,6605326,0.0,0.0
2000-05-02 00:00:00-04:00,8.654198064624469,8.807641339298723,8.531443444885065,8.74626350402832,3514777,0.0,0.0
2000-05-03 00:00:00-04:00,8.715578648085103,8.746266789145787,8.470069841793336,8.59282398223877,2223580,0.0,0.0
2000-05-04 00:00:00-04:00,8.531446649315603,8.59282398223877,7.948362511946423,8.59282398223877,3848236,0.0,0.0
2000-05-05 00:00:00-04:00,8.470069467932214,8.746266403093585,8.378002947210298,8.623512268066406,2043723,0.0,0.0
2000-05-08 00:00:00-04:00,8.776954329434005,9.11453012239011,8.74626514334636,8.838332176208496,3250995,0.0,0.0
2000-05-09 00:00:00-04:00,8.930398174883164,9.022464167947993,8.224559420120343,8.40869140625,4750885,0.0,0.0
2000-05-10 00:00:00-04:00,8.347314282103286,8.746266403093585,8.347314282103286,8.623512268066406,3684087,0.0,0.0
2000-05-11 00:00:00-04:00,8.65419968668662,8.99177442884113,8.531445043939236,8.838332176208496,3363083,0.0,0.0
2000-05-12 00:00:00-04:00,8.899710650273715,9.11453237907128,8.869023032790473,9.053153991699219,2162318,0.0,0.0
2000-05-15 00:00:00-04:00,9.329352763794553,9.452107446902453,9.145220739132704,9.298664093017578,3025810,0.0,0.0
2000-05-16 00:00:00-04:00,9.329351045872622,9.605549032005849,9.23728505049488,9.360039710998535,5590589,0.0,0.0
2000-05-17 00:00:00-04:00,9.360039710998535,9.666926362257676,9.02246439461348,9.360039710998535,1769618,0.0,0.0
2000-05-18 00:00:00-04:00,9.329354272464828,9.390732674746358,9.17591089376629,9.290993690490723,3207349,0.0,0.0
2000-05-19 00:00:00-04:00,9.083841386659596,9.083841386659596,8.776954256925599,8.930397033691406,4300177,0.0,0.0
2000-05-22 00:00:00-04:00,8.961085319519043,9.02246263781989,8.531444616813888,8.961085319519043,1921649,0.0,0.0
2000-05-23 00:00:00-04:00,8.961087242482149,9.32935123131314,8.961087242482149,9.267973899841309,2349356,0.0,0.0
2000-05-24 00:00:00-04:00,9.267975584324569,9.574862297461339,9.14522089906986,9.513484954833984,1765018,0.0,0.0
2000-05-25 00:00:00-04:00,9.482794567850819,9.513483233612165,9.206596575998699,9.421417236328125,1944089,0.0,0.0
2000-05-26 00:00:00-04:00,9.390727233668635,9.728301420409576,9.298660208991919,9.697612762451172,2967241,0.0,0.0
2000-05-30 00:00:00-04:00,9.78967990307099,9.881745887918726,9.574859271759607,9.758991241455078,3622938,0.0,0.0
2000-05-31 00:00:00-04:00,9.758991296537442,10.065877914428711,9.513482002224427,10.065877914428711,3982651,0.0,0.0
2000-06-01 00:00:00-04:00,10.035189402516941,10.06587806476441,9.7896801045372,9.820368766784668,3229565,0.0,0.0
2000-06-02 00:00:00-04:00,10.311389923095703,10.342078592963267,10.004503224420064,10.311389923095703,3866524,0.0,0.0
2000-06-05 00:00:00-04:00,10.065882293488007,10.250014344327537,10.004504943208165,10.09657096862793,2666209,0.0,0.0
2000-06-06 00:00:00-04:00,10.250011243262438,10.250011243262438,10.004501916420097,10.03519058227539,3314276,0.0,0.0
2000-06-07 00:00:00-04:00,10.065876796766762,10.157942771911621,9.973810821621903,10.157942771911621,1034933,0.0,0.0
2000-06-08 00:00:00-04:00,10.096567913985975,10.127256579841267,9.943124584709512,10.03519058227539,1083067,0.0,0.0
2000-06-09 00:00:00-04:00,10.065880564155194,10.311389923095703,10.065880564155194,10.311389923095703,1342810,0.0,0.0
2000-06-12 00:00:00-04:00,10.188633911551854,10.219322577407146,9.666926592011878,10.03519058227539,1203457,0.0,0.0
2000-06-13 00:00:00-04:00,10.157944875118401,10.219322204589844,9.912435557232634,10.219322204589844,1093838,0.0,0.0
2000-06-14 00:00:00-04:00,10.096566727011878,10.127255389259345,9.728302780042267,9.820368766784668,2592269,0.0,0.0
2000-06-15 00:00:00-04:00,9.82036876678467,9.94312341577454,9.758991442289734,9.820368766784668,2809937,0.0,0.0
2000-06-16 00:00:00-04:00,9.912438213226801,9.943126886185416,9.697617502516492,9.85106086730957,3592756,0.0,0.0
2000-06-19 00:00:00-04:00,9.82036876678467,9.881746091279604,9.6976141177948,9.820368766784668,1431111,0.0,0.0
2000-06-20 00:00:00-04:00,9.758989930371845,9.851055902850867,9.114529173820182,9.237282752990723,3278596,0.0,0.0
2000-06-21 00:00:00-04:00,9.23728745329092,9.390731869636083,8.899712049096014,9.083845138549805,2741607,0.0,0.0
2000-06-22 00:00:00-04:00,9.175907910237353,9.574860565134859,9.083842963755083,9.421417236328125,2202823,0.0,0.0
2000-06-23 00:00:00-04:00,9.32935424444301,9.574863649623255,9.206599541852887,9.482797622680664,2425315,0.0,0.0
2000-06-26 00:00:00-04:00,9.820369891225633,9.881747222748327,9.390729621368552,9.421417236328125,1898087,0.0,0.0
2000-06-27 00:00:00-04:00,9.544170610143695,10.065877857614197,9.421415963680047,9.758991241455078,2291461,0.0,0.0
2000-06-28 00:00:00-04:00,9.943123778128664,10.035189768226198,9.513482491006837,9.636237144470215,3952694,0.0,0.0
2000-06-29 00:00:00-04:00,9.758997410896226,10.58759179834649,9.63624268682952,10.464837074279785,5514293,0.0,0.0
2000-06-30 00:00:00-04:00,10.679650254229042,10.771716231872436,9.3293492487926,10.296041488647461,4954079,0.0,0.0
2000-07-03 00:00:00-04:00,10.188633932550426,10.556897923572922,10.157945266631884,10.49552059173584,922284,0.0,0.0
2000-07-05 00:00:00-04:00,10.434145748575975,10.434145748575975,10.065881669717784,10.37276840209961,2297856,0.0,0.0
2000-07-06 00:00:00-04:00,10.127255532099248,10.802406111066198,10.096566869418933,10.741028785705566,1764121,0.0,0.0
2000-07-07 00:00:00-04:00,10.679651460344935,10.833094773746515,10.648962797664618,10.741028785705566,1672341,0.0,0.0
2000-07-10 00:00:00-04:00,10.679656071920611,10.74103342378456,10.526212692260742,10.526212692260742,923069,0.0,0.0
2000-07-11 00:00:00-04:00,10.46483152247561,10.495520187211332,10.065878880911239,10.219322204589844,1630827,0.0,0.0
2000-07-12 00:00:00-04:00,10.188633911551854,10.250011243262438,9.851058587143633,10.03519058227539,2226385,0.0,0.0
2000-07-13 00:00:00-04:00,10.035191551158464,10.035191551158464,9.728304862976074,9.728304862976074,2124395,0.0,0.0
2000-07-14 00:00:00-04:00,9.72830682973194,10.372769005204818,9.72830682973194,10.250014305114746,1449063,0.0,0.0
2000-07-17 00:00:00-04:00,10.188632739547593,10.188632739547593,9.912434778621169,9.973812103271484,626413,0.0,0.0
2000-07-18 00:00:00-04:00,9.851058961342643,10.035190963468775,9.851058961342643,10.004502296447754,2688649,0.0,0.0
2000-07-19 00:00:00-04:00,10.035190582275389,10.219322577407146,9.881747252998926,10.03519058227539,1516832,0.0,0.0
2000-07-20 00:00:00-04:00,10.09657096862793,10.403457720027147,10.09657096862793,10.09657096862793,2468176,0.0,0.0
2000-07-21 00:00:00-04:00,10.188633918762207,10.31138858227025,10.096567921131175,10.188633918762207,890307,0.0,0.0
2000-07-24 00:00:00-04:00,9.97381192906133,10.065877914428711,9.820368620115696,10.065877914428711,860013,0.0,0.0
2000-07-25 00:00:00-04:00,10.004503224420064,10.403455932698394,9.943125884684937,10.311389923095703,1466791,0.0,0.0
2000-07-26 00:00:00-04:00,10.311388198797006,10.43414285773989,10.157944875118401,10.219322204589844,1390943,0.0,0.0
2000-07-27 00:00:00-04:00,10.219322577407146,10.434143238394196,9.943124584709512,10.03519058227539,1563170,0.0,0.0
2000-07-28 00:00:00-04:00,9.851057453970851,10.0351894279218,9.820368791645693,9.973812103271484,911962,0.0,0.0
2000-07-31 00:00:00-04:00,10.065880564155194,10.37276726283083,9.912437214817373,10.311389923095703,2730050,0.0,0.0
2000-08-01 00:00:00-04:00,10.280702382385062,10.434145748575975,10.188636362670515,10.37276840209961,2287534,0.0,0.0
2000-08-02 00:00:00-04:00,10.311391655159783,10.372769005204818,10.157948280047192,10.250014305114746,1530745,0.0,0.0
2000-08-03 00:00:00-04:00,10.250010246568394,10.280698909439572,9.72830297775837,9.881746292114258,3767788,0.0,0.0
2000-08-04 00:00:00-04:00,9.881746116296009,9.973812103271484,9.513482168394109,9.973812103271484,4718234,0.0,0.0
2000-08-07 00:00:00-04:00,10.157947579576962,10.986541748046875,10.127258906670669,10.986541748046875,4259561,0.0,0.0
2000-08-08 00:00:00-04:00,11.723067858263459,11.968577198801029,11.416181182591496,11.446869850158691,11405130,0.0,0.0
2000-08-09 00:00:00-04:00,11.416181769853884,11.661691123020756,11.109295078395293,11.170672416687012,3920717,0.0,0.0
2000-08-10 00:00:00-04:00,11.293424606323242,11.78444215372716,11.170669956771848,11.293424606323242,4870826,0.0,0.0
2000-08-11 00:00:00-04:00,11.784440994262694,11.907196682537883,11.508243059947016,11.784440994262695,2556365,0.0,0.0
2000-08-14 00:00:00-04:00,11.78444215372716,11.845820529304513,11.293424606323242,11.293424606323242,1473971,0.0,0.0
2000-08-15 00:00:00-04:00,11.75375911584433,11.81513646999082,11.569628104207018,11.6923828125,1746617,0.0,0.0
2000-08-16 00:00:00-04:00,11.753753337060868,11.784441999045901,11.385490444042121,11.538933753967285,907137,0.0,0.0
2000-08-17 00:00:00-04:00,11.723067952446103,11.845822623701094,11.538935945563617,11.753755569458008,1054007,0.0,0.0
2000-08-18 00:00:00-04:00,11.569624613377364,11.815132905085504,11.538935945563617,11.753755569458008,1191227,0.0,0.0
2000-08-21 00:00:00-04:00,11.692377063892447,11.815130661030933,11.35480178205709,11.538933753967285,1030669,0.0,0.0
2000-08-22 00:00:00-04:00,11.723064726327431,11.876508023169473,11.477554400578608,11.784440994262695,2063470,0.0,0.0
2000-08-23 00:00:00-04:00,11.66168924488175,12.275461478147761,11.631000580678363,12.244773864746094,1526593,0.0,0.0
2000-08-24 00:00:00-04:00,12.214089469947458,12.33684311886752,11.845825370781014,11.90720272064209,1665048,0.0,0.0
2000-08-25 00:00:00-04:00,11.937888529845406,11.937888529845406,11.56962451908188,11.600313186645508,808513,0.0,0.0
2000-08-28 00:00:00-04:00,11.538933753967283,11.661688401907414,11.477555379195577,11.538933753967285,1019674,0.0,0.0
2000-08-29 00:00:00-04:00,11.600310088853796,11.907196682537883,11.538932770116979,11.784440994262695,1391504,0.0,0.0
2000-08-30 00:00:00-04:00,11.784439893082345,12.214082134894307,11.753751236581595,12.183393478393555,2070875,0.0,0.0
2000-08-31 00:00:00-04:00,12.183401371199064,12.24477872396282,11.876514607380287,11.937891960144043,1320370,0.0,0.0
2000-09-01 00:00:00-04:00,12.02995535508392,12.367530750852318,11.78444597634327,12.214088439941406,1860949,0.0,0.0
2000-09-05 00:00:00-04:00,11.968580070503164,12.244778144877996,11.661693321197793,11.90720272064209,2147171,0.0,0.0
2000-09-06 00:00:00-04:00,12.029950141906738,12.152705828882901,11.999261482863082,12.029950141906738,1396890,0.0,0.0
2000-09-07 00:00:00-04:00,12.15270699569258,12.244772981663015,11.968575023751708,12.091328620910645,1563956,0.0,0.0
2000-09-08 00:00:00-04:00,12.122014689161812,12.428901243398963,12.06063737831438,12.306146621704102,480216,0.0,0.0
2000-09-11 00:00:00-04:00,12.398213023097354,12.490280043401059,11.907195569886802,12.183393478393555,1712957,0.0,0.0
2000-09-12 00:00:00-04:00,12.244772981663015,12.244772981663015,11.723065727830546,12.091328620910645,2205403,0.0,0.0
2000-09-13 00:00:00-04:00,12.091334492948327,12.735796707718114,11.907203482387684,12.520977020263672,2722757,0.0,0.0
2000-09-14 00:00:00-04:00,12.398213924478352,12.398213924478352,12.060638678427537,12.275459289550781,2049670,0.0,0.0
2000-09-15 00:00:00-04:00,12.244773363568495,12.275460975714122,11.999263009188404,12.060640335083008,1037401,0.0,0.0
2000-09-18 00:00:00-04:00,12.152712120086385,12.183400795016922,11.784446970117855,11.90720272064209,1522891,0.0,0.0
2000-09-19 00:00:00-04:00,11.96857465235072,12.244772601691231,11.692376703010206,12.122016906738281,1538374,0.0,0.0
2000-09-20 00:00:00-04:00,12.183400795016922,12.275465769006447,11.477560220812485,11.90720272064209,2333872,0.0,0.0
2000-09-21 00:00:00-04:00,11.876509564945307,11.876509564945307,11.631000258126695,11.815131187438965,2179148,0.0,0.0
2000-09-22 00:00:00-04:00,11.7230658283679,12.244773086674547,11.661688503861237,12.15270709991455,1059168,0.0,0.0
2000-09-25 00:00:00-04:00,12.490282667146912,12.613036268134444,12.060640335083008,12.060640335083008,2600235,0.0,0.0
2000-09-26 00:00:00-04:00,12.214087750931318,12.459597115822516,12.152710409708519,12.42890739440918,1434926,0.0,0.0
2000-09-27 00:00:00-04:00,12.551667752885136,13.134752758180493,12.275469592482072,12.950620651245117,4230613,0.0,0.0
2000-09-28 00:00:00-04:00,13.011992039118777,13.564388106009996,12.950614698353085,13.349567413330078,2183861,0.0,0.0
2000-09-29 00:00:00-04:00,13.257497526097474,13.441629494560027,12.858544927761937,12.889233589172363,1592903,0.0,0.0
2000-10-02 00:00:00-04:00,12.52098011919832,13.134752758180493,12.33684696146053,12.950620651245117,1869028,0.0,0.0
2000-10-03 00:00:00-04:00,12.950617445974709,13.042683476656107,12.520977020263672,12.520977020263672,1330019,0.0,0.0
2000-10-04 00:00:00-04:00,12.582351457250386,12.613040129592967,12.152711095256244,12.214088439941406,1667516,0.0,0.0
2000-10-05 00:00:00-04:00,12.122021903224214,12.98130476646499,12.091333229537044,12.858550071716309,2497123,0.0,0.0
2000-10-06 00:00:00-04:00,13.104059461213673,13.134748134900844,12.275465271660067,12.858550071716309,1627461,0.0,0.0
2000-10-09 00:00:00-04:00,12.827859594829459,13.011991611069224,12.643727578589692,12.766483306884766,509612,0.0,0.0
2000-10-10 00:00:00-04:00,12.7051015612661,12.797167545066625,12.367526287330838,12.58234691619873,1102589,0.0,0.0
2000-10-11 00:00:00-04:00,12.55165956996906,12.735791556861615,12.367527583076502,12.398216247558594,1513915,0.0,0.0
2000-10-12 00:00:00-04:00,12.520973613197548,12.551661230938825,11.845822905248358,11.876511573791504,2412412,0.0,0.0
2000-10-13 00:00:00-04:00,11.968573753033391,12.275459289550783,11.9378850943015,12.275459289550781,1938479,0.0,0.0
2000-10-16 00:00:00-04:00,12.459595680236816,12.766482350991552,12.214086343633028,12.459595680236816,1382416,0.0,0.0
2000-10-17 00:00:00-04:00,12.520970845293695,12.766480139366218,12.49028218353463,12.64372444152832,766214,0.0,0.0
2000-10-18 00:00:00-04:00,12.520970845293695,12.64372444152832,11.968574933630522,12.64372444152832,3413909,0.0,0.0
2000-10-19 00:00:00-04:00,12.582351457250386,12.766484542107873,12.183399767598827,12.214088439941406,2254210,0.0,0.0
2000-10-20 00:00:00-04:00,12.152708026548407,12.306150298713261,11.784443000626869,11.845821380615234,1463761,0.0,0.0
2000-10-23 00:00:00-04:00,11.784441442291154,11.876508474698197,11.477554836939657,11.661687850952148,2250620,0.0,0.0
2000-10-24 00:00:00-04:00,11.600309966097104,12.152705828882901,11.569621307053449,12.029950141906738,1500338,0.0,0.0
2000-10-25 00:00:00-04:00,11.999262737846237,12.735790631926209,11.968575126394558,12.15270709991455,1622300,0.0,0.0
2000-10-26 00:00:00-04:00,12.275465769006447,12.428909143659132,11.784446970117855,11.90720272064209,1796771,0.0,0.0
2000-10-27 00:00:00-04:00,12.029949145088349,12.27545839709435,12.029949145088349,12.183393478393555,1206150,0.0,0.0
2000-10-30 00:00:00-05:00,12.275460931410985,13.380252793526576,12.275460931410985,13.073366165161133,3110296,0.0,0.0
2000-10-31 00:00:00-05:00,13.25750529588328,13.687146807427936,12.98130718131886,13.56439208984375,3206900,0.0,0.0
2000-11-01 00:00:00-05:00,13.472322583354336,14.239539370743984,13.472322583354336,13.994029998779297,2791536,0.0,0.0
2000-11-02 00:00:00-05:00,13.809901525012124,14.23954303655678,13.380260013467469,13.56439208984375,3525997,0.0,0.0
2000-11-03 00:00:00-05:00,13.601479733524535,13.69421712421124,12.983230462279824,13.045055389404297,6294981,0.178253,0.0
2000-11-06 00:00:00-05:00,12.797763574452533,13.075975918111538,12.766851091823755,12.890501022338867,1890233,0.0,0.0
2000-11-07 00:00:00-05:00,12.890492330560186,13.81786618411551,12.859580927239715,13.416004180908203,3283084,0.0,0.0
2000-11-08 00:00:00-05:00,13.477833032832036,14.188819861120841,13.44692056203687,13.786957740783691,1410466,0.0,0.0
2000-11-09 00:00:00-05:00,13.848783425045704,14.745245126180244,13.848783425045704,14.683420181274414,2307842,0.0,0.0
2000-11-10 00:00:00-05:00,14.59068160548441,15.023456185464962,14.405206785492744,14.776156425476074,2279792,0.0,0.0
2000-11-13 00:00:00-05:00,14.652505188472277,14.652505188472277,14.003343378622134,14.096080780029297,2480630,0.0,0.0
2000-11-14 00:00:00-05:00,14.157901216402616,14.528850704182375,13.879689100567795,13.941514015197754,2156260,0.0,0.0
2000-11-15 00:00:00-05:00,13.848782325517746,14.961631245467741,13.848782325517746,14.776156425476074,4754363,0.0,0.0
2000-11-16 00:00:00-05:00,14.776154602202661,15.178016662597656,14.62159227128151,15.178016662597656,3016497,0.0,0.0
2000-11-17 00:00:00-05:00,15.178021395677908,15.30167024050835,14.776159209967108,14.807071685791016,1945211,0.0,0.0
2000-11-20 00:00:00-05:00,14.807065912786756,14.807065912786756,14.096079246037581,14.37429141998291,1422247,0.0,0.0
2000-11-21 00:00:00-05:00,14.096076360569281,14.18881373290104,13.84877670101792,13.910601615905762,984892,0.0,0.0
2000-11-22 00:00:00-05:00,13.725129122151289,13.879691434718971,13.045054946853485,13.261442184448242,1989755,0.0,0.0
2000-11-24 00:00:00-05:00,13.385088160740338,13.817862510681152,13.354175707173138,13.817862510681152,745008,0.0,0.0
2000-11-27 00:00:00-05:00,13.941517436244265,14.405204409751034,13.941517436244265,14.126992225646973,1342136,0.0,0.0
2000-11-28 00:00:00-05:00,14.03425921883535,14.343383964489446,13.848784371442893,13.8796968460083,1968325,0.0,0.0
2000-11-29 00:00:00-05:00,13.879695153169187,14.034257507145014,13.632395386807865,13.786957740783691,1386455,0.0,0.0
2000-11-30 00:00:00-05:00,14.930717120101605,15.085279452958344,14.590679987816776,14.652504920959473,11023538,0.0,0.0
2000-12-01 00:00:00-05:00,15.147107117758488,15.147107117758488,14.559770146981435,14.745244979858398,6547655,0.0,0.0
2000-12-04 00:00:00-05:00,15.208927964935805,15.765352313672205,14.930715790567605,15.734439849853516,7270111,0.0,0.0
2000-12-05 00:00:00-05:00,15.950828792664014,16.012653726875346,15.363491917656363,15.889002799987793,6787539,0.0,0.0
2000-12-06 00:00:00-05:00,15.796268878031382,16.476343304152426,15.703532514752727,16.414518356323242,8015456,0.0,0.0
2000-12-07 00:00:00-05:00,16.59999367775956,17.12550574943824,16.538168728150303,17.001855850219727,12732232,0.0,0.0
2000-12-08 00:00:00-05:00,16.692731470542377,18.052879333496094,15.95083311732452,18.052879333496094,82177187,0.0,0.0
2000-12-11 00:00:00-05:00,17.566011029087417,17.589195653474132,16.97094605959713,17.434633255004883,19579461,0.0,0.0
2000-12-12 00:00:00-05:00,17.094587068887133,17.403711704713732,16.940024750973834,17.218236923217773,6208924,0.0,0.0
2000-12-13 00:00:00-05:00,17.218242061185567,17.249154533992588,16.569080132238113,16.66181755065918,5320412,0.0,0.0
2000-12-14 00:00:00-05:00,16.476338616112674,17.001850523135985,16.38360122075562,16.816375732421875,4205480,0.0,0.0
2000-12-15 00:00:00-05:00,17.06367065498621,17.372795219249053,16.816371003575938,17.310970306396484,6801115,0.0,0.0
2000-12-18 00:00:00-05:00,16.94002443752823,17.651011086773842,16.94002443752823,17.372798919677734,2761915,0.0,0.0
2000-12-19 00:00:00-05:00,17.12550831649203,17.310983193121835,16.599996166040917,16.754558563232422,4417763,0.0,0.0
2000-12-20 00:00:00-05:00,16.81637827426633,16.909115683640916,16.476341106559524,16.538166046142578,3256717,0.0,0.0
2000-12-21 00:00:00-05:00,15.889005630058502,16.445430137068055,15.889005630058502,16.25995635986328,4488561,0.0,0.0
2000-12-22 00:00:00-05:00,16.321774499866752,16.78546142578125,16.16721219122859,16.78546142578125,2327365,0.0,0.0
2000-12-26 00:00:00-05:00,16.816383522109025,16.970945919300526,16.569083686602617,16.754558563232422,1887877,0.0,0.0
2000-12-27 00:00:00-05:00,16.754554314689162,17.063679030685737,16.723641843089506,16.94002914428711,1299276,0.0,0.0
2000-12-28 00:00:00-05:00,17.125499215592303,17.527361234731128,17.094586752581627,17.372798919677734,1239473,0.0,0.0
2000-12-29 00:00:00-05:00,17.620094870659326,17.743744696364462,17.310970306396484,17.310970306396484,848456,0.0,0.0
2001-01-02 00:00:00-05:00,17.341887639445186,17.372800104564206,16.72363833706482,16.816375732421875,2783345,0.0,0.0
2001-01-03 00:00:00-05:00,16.940028434168823,18.114701247249016,16.940028434168823,17.24915313720703,3738167,0.0,0.0
2001-01-04 00:00:00-05:00,17.249153831048186,17.310978774142715,15.518055424401396,16.13630485534668,5671710,0.0,0.0
2001-01-05 00:00:00-05:00,16.507246736833693,16.569071650800574,15.487136714844752,15.610785484313965,3510626,0.0,0.0
2001-01-08 00:00:00-05:00,15.610793376553726,16.445430137068055,15.610793376553726,16.25995635986328,2685844,0.0,0.0
2001-01-09 00:00:00-05:00,16.569083686602617,17.00185839873883,16.507258727726015,16.754558563232422,3772501,0.0,0.0
2001-01-10 00:00:00-05:00,16.692728537951062,16.723641008007128,16.259955015631117,16.476341247558594,2963426,0.0,0.0
2001-01-11 00:00:00-05:00,16.75455443691642,16.75455443691642,15.98174369975224,16.074480056762695,3961894,0.0,0.0
2001-01-12 00:00:00-05:00,16.105389238340614,16.167214169360438,15.054366469468398,15.332578659057617,3873144,0.0,0.0
2001-01-16 00:00:00-05:00,14.961630172628535,15.703529399396544,14.961630172628535,15.301666259765625,3011560,0.0,0.0
2001-01-17 00:00:00-05:00,15.425312995910645,15.579874234337494,15.33257561777576,15.425312995910645,1760530,0.0,0.0
2001-01-18 00:00:00-05:00,15.610785484313965,16.04355988208211,15.2089246019938,15.610785484313965,2401753,0.0,0.0
2001-01-19 00:00:00-05:00,15.610784877772454,15.672610847801689,15.23983540838406,15.363486289978027,2499592,0.0,0.0
2001-01-22 00:00:00-05:00,15.641698806851007,16.3217717936347,15.51804792197771,16.229034423828125,11278456,0.0,0.0
2001-01-23 00:00:00-05:00,16.321774440259414,16.538161671562595,15.981738420961971,16.290863037109375,1604909,0.0,0.0
2001-01-24 00:00:00-05:00,16.44543024101003,16.785467441887267,16.22904293136088,16.66181755065918,1356049,0.0,0.0
2001-01-25 00:00:00-05:00,16.785465948119263,16.81637841817533,16.259955015631117,16.476341247558594,1375460,0.0,0.0
2001-01-26 00:00:00-05:00,16.569080027514623,16.599992500126262,16.04356799311671,16.25995635986328,1696464,0.0,0.0
2001-01-29 00:00:00-05:00,16.262425363796776,16.56907638969859,16.183289239592654,16.405858993530273,1600870,0.0,0.0
2001-01-30 00:00:00-05:00,16.198128216287568,16.717457687556053,16.104154523655783,16.564132690429688,998131,0.0,0.0
2001-01-31 00:00:00-05:00,16.51961332964646,16.51961332964646,16.168447572396694,16.232746124267578,2941884,0.0,0.0
2001-02-01 00:00:00-05:00,16.242646293673946,16.569082260131836,16.23275493618445,16.569082260131836,1894497,0.0,0.0
2001-02-02 00:00:00-05:00,16.692724968638714,16.742184910152677,16.321775407283994,16.519615173339844,1847597,0.0,0.0
2001-02-05 00:00:00-05:00,16.643266190283303,16.692726135253906,16.222857716498027,16.692726135253906,1092491,0.0,0.0
2001-02-06 00:00:00-05:00,16.692724994405705,16.692724994405705,15.827176016575283,16.16844940185547,1287495,0.0,0.0
2001-02-07 00:00:00-05:00,16.16845243509034,16.663051943781323,16.16845243509034,16.603700637817383,1010137,0.0,0.0
2001-02-08 00:00:00-05:00,16.37123978628432,16.48994346639996,15.975561205387207,16.074480056762695,1049631,0.0,0.0
2001-02-09 00:00:00-05:00,16.321778038098433,16.371237987584564,15.827178543237126,16.04974937438965,1924006,0.0,0.0
2001-02-12 00:00:00-05:00,15.926096849156659,16.44542626681364,15.579877237385338,16.376182556152344,1849393,0.0,0.0
2001-02-13 00:00:00-05:00,16.321774081521976,16.618533706500983,15.926094581549968,15.98544692993164,1893263,0.0,0.0
2001-02-14 00:00:00-05:00,16.22286097998856,16.32177983136405,15.975561205387207,16.074480056762695,1256752,0.0,0.0
2001-02-15 00:00:00-05:00,15.876639562664092,16.00028837800386,15.480958908024109,15.579878807067871,3758812,0.0,0.0
2001-02-16 00:00:00-05:00,15.678796492402128,16.15855835841215,15.678796492402128,15.901366233825684,2721523,0.0,0.0
2001-02-20 00:00:00-05:00,15.950826946294825,15.97555691711677,15.431497559034,15.530417442321777,1499890,0.0,0.0
2001-02-21 00:00:00-05:00,15.33257709769026,15.72825555745906,15.13473628010877,15.307846069335938,2061787,0.0,0.0
2001-02-22 00:00:00-05:00,14.936897172608429,15.174304453696202,14.61540757280036,14.917112350463867,3494469,0.0,0.0
2001-02-23 00:00:00-05:00,14.927005545258565,15.179251456198593,14.630245899085534,15.006141662597656,1498431,0.0,0.0
2001-02-26 00:00:00-05:00,15.382036848133895,15.525470460035097,15.080331007501545,15.34246826171875,2452019,0.0,0.0
2001-02-27 00:00:00-05:00,15.466118141155185,15.64911928137966,15.03581730457489,15.297954559326172,1868579,0.0,0.0
2001-02-28 00:00:00-05:00,15.421603983661617,15.456226363585767,15.0605458018265,15.258386611938477,1032577,0.0,0.0
2001-03-01 00:00:00-05:00,15.23365771096106,15.372146191524372,15.08527893497831,15.332578659057617,1131313,0.0,0.0
2001-03-02 00:00:00-05:00,15.307848186296269,15.881583778771148,15.110009458284624,15.743096351623535,1340117,0.0,0.0
2001-03-05 00:00:00-05:00,15.743094014837355,15.926095155085902,15.431496820773926,15.802446365356445,1196052,0.0,0.0
2001-03-06 00:00:00-05:00,15.80244954247971,15.851908433236499,15.48590502068876,15.634285926818848,1361323,0.0,0.0
2001-03-07 00:00:00-05:00,15.7282583894087,15.851908261120439,15.579878543354612,15.7579345703125,1030333,0.0,0.0
2001-03-08 00:00:00-05:00,15.80245030010708,16.000289048014142,15.728259314252584,15.911261558532715,684644,0.0,0.0
2001-03-09 00:00:00-05:00,15.911259884724277,16.049748369695195,15.629338825380204,16.03985595703125,1607377,0.0,0.0
2001-03-12 00:00:00-05:00,16.27231428066615,16.27231428066615,15.179250499586624,15.258386611938477,2496899,0.0,0.0
2001-03-13 00:00:00-05:00,15.332576203335556,15.678794703130114,15.13473539729419,15.668903350830078,1486650,0.0,0.0
2001-03-14 00:00:00-05:00,13.972436267363088,14.590685847063277,13.918030092656412,14.219736099243164,6566505,0.0,0.0
2001-03-15 00:00:00-05:00,14.417572768504987,14.442302746210588,14.204895383622846,14.343382835388184,2934254,0.0,0.0
2001-03-16 00:00:00-05:00,14.269191093773427,14.343381017487292,14.041675116024594,14.046621322631836,3000901,0.0,0.0
2001-03-19 00:00:00-05:00,14.021890414596278,14.026836620874244,13.65094082072179,13.739968299865723,1772199,0.0,0.0
2001-03-20 00:00:00-05:00,13.848779746771509,13.898239689559475,13.364072730835352,13.453100204467773,2679448,0.0,0.0
2001-03-21 00:00:00-05:00,13.428373311540646,13.824052944554298,13.383859564519618,13.690511703491211,1979993,0.0,0.0
2001-03-22 00:00:00-05:00,13.601477871464951,13.601477871464951,12.612280231360597,12.884308815002441,3851826,0.0,0.0
2001-03-23 00:00:00-05:00,13.05742384187606,13.601483345031738,13.007963887043726,13.601483345031738,2600347,0.0,0.0
2001-03-26 00:00:00-05:00,13.725132235447035,13.848782113548898,13.354182601141442,13.70040225982666,2616504,0.0,0.0
2001-03-27 00:00:00-05:00,13.57675308597741,13.873512808815388,13.477833178364751,13.779539108276367,1193023,0.0,0.0
2001-03-28 00:00:00-05:00,13.848780388178419,14.09608011357195,13.725130525481653,13.873510360717773,1642047,0.0,0.0
2001-03-29 00:00:00-05:00,13.848780739446614,14.590679934445154,13.774590819946761,14.056511878967285,1727543,0.0,0.0
2001-03-30 00:00:00-05:00,14.293922436837859,14.877549469210448,14.195002529082162,14.862711906433105,2024873,0.0,0.0
2001-04-02 00:00:00-04:00,14.788516986462652,15.095167961972452,14.61046100087956,14.986356735229492,2532691,0.0,0.0
2001-04-03 00:00:00-04:00,15.01108851209659,15.01108851209659,14.21972942170024,14.526381492614746,2009278,0.0,0.0
2001-04-04 00:00:00-04:00,14.402736758662119,14.630252806505482,14.269195489913916,14.422521591186523,1464322,0.0,0.0
2001-04-05 00:00:00-04:00,14.467030657779608,14.837980270385742,14.392840735258382,14.837980270385742,2197100,0.0,0.0
2001-04-06 00:00:00-04:00,14.714336103296741,14.79841847146663,14.29392637937794,14.67476749420166,2525959,0.0,0.0
2001-04-09 00:00:00-04:00,14.67476393845708,14.823143805063715,14.467032760286825,14.813252449035645,934514,0.0,0.0
2001-04-10 00:00:00-04:00,14.837982426803418,14.842928634049985,14.59068264912569,14.813252449035645,2609884,0.0,0.0
2001-04-11 00:00:00-04:00,14.763791945534246,14.763791945534246,14.180164915262456,14.392842292785645,2305598,0.0,0.0
2001-04-12 00:00:00-04:00,14.516487579417227,14.783571033113352,14.36810776531219,14.763787269592285,3603191,0.0,0.0
2001-04-16 00:00:00-04:00,14.76379384203793,14.961633682250977,14.699496317354756,14.961633682250977,1271563,0.0,0.0
2001-04-17 00:00:00-04:00,14.887439828152852,15.27322807764952,14.773682365236184,14.907224655151367,993194,0.0,0.0
2001-04-18 00:00:00-04:00,15.184199908818135,15.307848721221935,14.763790347864516,14.837980270385742,1316555,0.0,0.0
2001-04-19 00:00:00-04:00,14.739058719962333,14.936898491154567,14.65992259979248,14.65992259979248,1641262,0.0,0.0
2001-04-20 00:00:00-04:00,14.659927057305964,14.837983117211854,14.219733644250509,14.36811351776123,2156484,0.0,0.0
2001-04-23 00:00:00-04:00,14.49175608845126,14.590675954132553,14.066400454328779,14.298861503601074,1342249,0.0,0.0
2001-04-24 00:00:00-04:00,14.298865717667715,14.417570438240798,13.947700937777835,14.096080780029297,1153528,0.0,0.0
2001-04-25 00:00:00-04:00,14.096071738664852,14.219721527897498,13.972421949432205,14.14553165435791,1888102,0.0,0.0
2001-04-26 00:00:00-04:00,14.318651898589167,14.59068163512965,14.204894432149143,14.288975715637207,2228853,0.0,0.0
2001-04-27 00:00:00-04:00,14.2939242316772,14.457141676582745,14.219734291544652,14.382951736450195,782371,0.0,0.0
2001-04-30 00:00:00-04:00,14.392842790799387,14.640142567855394,14.071353080626576,14.343382835388184,1069042,0.0,0.0
2001-05-01 00:00:00-04:00,14.293920440553759,14.590680122375488,14.12081062615775,14.590680122375488,968174,0.0,0.0
2001-05-02 00:00:00-04:00,14.59067797498193,14.689597854363901,14.036727285521723,14.36316204071045,1547687,0.0,0.0
2001-05-03 00:00:00-04:00,14.214782253044369,14.343378308218004,14.04167246374344,14.318648338317871,1104833,0.0,0.0
2001-05-04 00:00:00-04:00,14.120810153951533,14.640139579772951,14.09608018129337,14.64013957977295,1531642,0.0,0.0
2001-05-07 00:00:00-04:00,14.615408389386037,14.67475968374168,14.328540095373777,14.457136154174805,1720138,0.0,0.0
2001-05-08 00:00:00-04:00,14.462074903100643,14.739050642674613,14.096071738664852,14.14553165435791,2996189,0.0,0.0
2001-05-09 00:00:00-04:00,14.145541619038262,14.318651445909392,14.07135169323635,14.29392147064209,2165123,0.0,0.0
2001-05-10 00:00:00-04:00,14.368111139220376,14.392841114044955,14.096081416150012,14.26424503326416,2027117,0.0,0.0
2001-05-11 00:00:00-04:00,14.343379766910516,14.442299656570999,14.190053726243802,14.323596000671387,1179559,0.0,0.0
2001-05-14 00:00:00-04:00,14.392841763014463,14.541221618652344,14.19500195549729,14.541221618652344,1091818,0.0,0.0
2001-05-15 00:00:00-04:00,14.664872090921715,14.936901837249877,14.546167354842858,14.862711906433105,1577195,0.0,0.0
2001-05-16 00:00:00-04:00,15.208930231115083,15.391931409110615,15.17925404973434,15.283120155334473,2551765,0.0,0.0
2001-05-17 00:00:00-04:00,15.317736942647477,15.634281372222345,15.08527588410517,15.456225395202637,4032805,0.0,0.0
2001-05-18 00:00:00-04:00,15.480952898504626,15.480952898504626,15.258384270519558,15.461170196533203,1346849,0.0,0.0
2001-05-21 00:00:00-04:00,15.431498548689339,15.461174727271823,15.134737821329336,15.332578659057617,2052362,0.0,0.0
2001-05-22 00:00:00-04:00,15.283121227435702,15.283121227435702,14.96163153326605,15.040767669677734,3412563,0.0,0.0
2001-05-23 00:00:00-04:00,15.208926674026655,15.258386611938477,14.961626984467543,15.258386611938477,1325531,0.0,0.0
2001-05-24 00:00:00-04:00,15.283121526795862,15.545258859175147,15.159471642000911,15.431501388549805,1456468,0.0,0.0
2001-05-25 00:00:00-04:00,15.431500850863054,15.77772051622543,15.38204089866843,15.525474548339844,1480142,0.0,0.0
2001-05-29 00:00:00-04:00,15.579883876723502,15.777724797652908,15.253448950429918,15.565046310424805,4127950,0.0,0.0
2001-05-30 00:00:00-04:00,15.629345659419817,15.78267071349936,15.471073338380204,15.545263290405273,952802,0.0,0.0
2001-05-31 00:00:00-04:00,15.579879933143394,15.896423421269434,15.579879933143394,15.752989768981934,2256791,0.0,0.0
2001-06-01 00:00:00-04:00,15.55514648032355,15.762878660291715,15.471065213928647,15.73814868927002,858891,0.0,0.0
2001-06-04 00:00:00-04:00,15.733207253525784,15.866749560917567,15.678801089089685,15.846965789794922,1111902,0.0,0.0
2001-06-05 00:00:00-04:00,15.92609294652837,16.084365153654332,15.77771420773656,16.015121459960938,1561263,0.0,0.0
2001-06-06 00:00:00-04:00,16.01512287420929,16.020069079580868,15.72825460576906,15.812336921691895,1218380,0.0,0.0
2001-06-07 00:00:00-04:00,15.827175754184847,15.950826664575445,15.599660873413086,15.599660873413086,3731099,0.0,0.0
2001-06-08 00:00:00-04:00,15.579876743224593,15.599661567184429,15.4562279442644,15.569985389709473,526891,0.0,0.0
2001-06-11 00:00:00-04:00,15.579879127648969,15.649122846711416,15.406769300760372,15.411715507507324,1031118,0.0,0.0
2001-06-12 00:00:00-04:00,15.550206070228946,15.550206070228946,15.085282685076056,15.223770141601562,2619533,0.0,0.0
2001-06-13 00:00:00-04:00,15.20893237524597,15.293013666135963,15.045713883874072,15.203986167907715,1335517,0.0,0.0
2001-06-14 00:00:00-04:00,15.184202115552237,15.20893209332001,14.798414885761007,14.813252449035645,1274143,0.0,0.0
2001-06-15 00:00:00-04:00,14.68960375489503,14.872606028646059,14.6549813598183,14.78852367401123,3119945,0.0,0.0
2001-06-18 00:00:00-04:00,14.837981786521267,15.060550518361968,14.704439488951827,14.88744068145752,1304325,0.0,0.0
2001-06-19 00:00:00-04:00,14.961632230719314,15.159472051738547,14.90227986102752,15.011092185974121,911737,0.0,0.0
2001-06-20 00:00:00-04:00,14.986359045346589,15.372146191524372,14.961629072938658,15.332578659057617,1296022,0.0,0.0
2001-06-21 00:00:00-04:00,15.322689066544235,15.456231365508794,15.184201618959902,15.431501388549805,1099448,0.0,0.0
2001-06-22 00:00:00-04:00,15.3820388950572,15.406767809468416,15.035819274792196,15.11000919342041,1051651,0.0,0.0
2001-06-25 00:00:00-04:00,15.258393594066705,15.391934852457306,14.922065227286122,15.080337524414062,814011,0.0,0.0
2001-06-26 00:00:00-04:00,15.035816555869909,15.362251292033074,14.793463077202084,15.164411544799805,2003780,0.0,0.0
2001-06-27 00:00:00-04:00,15.134734763918143,15.278169421680362,15.025923542383417,15.159465789794922,2082993,0.0,0.0
2001-06-28 00:00:00-04:00,15.283122508768164,15.30785142885101,14.986362766192853,15.060551643371582,1546565,0.0,0.0
2001-06-29 00:00:00-04:00,15.035818003968677,15.32268524169922,14.788518296109666,15.322685241699219,2075812,0.0,0.0
2001-07-02 00:00:00-04:00,15.2089299021623,15.728258302000576,15.110010005342644,15.604609489440918,1195042,0.0,0.0
2001-07-03 00:00:00-04:00,15.555150136520021,15.644178688202919,15.446338873527624,15.629341125488281,445883,0.0,0.0
2001-07-05 00:00:00-04:00,15.480961504598106,15.827181209321639,15.480961504598106,15.767829895019531,1666843,0.0,0.0
2001-07-06 00:00:00-04:00,15.76782915736653,15.76782915736653,15.327635765075685,15.327635765075684,1033250,0.0,0.0
2001-07-09 00:00:00-04:00,15.456234383734555,15.58482944226076,15.327638266743113,15.44139575958252,789103,0.0,0.0
2001-07-10 00:00:00-04:00,15.44138814005954,15.48095566800997,15.283116969793106,15.34246826171875,3360951,0.0,0.0
2001-07-11 00:00:00-04:00,15.25838880626106,15.327632517602675,15.011089081137552,15.035819053649902,1216697,0.0,0.0
2001-07-12 00:00:00-04:00,15.0852820568079,15.446339305296886,14.936902191653788,15.406770706176758,827138,0.0,0.0
2001-07-13 00:00:00-04:00,15.332575558170149,15.629335167048122,15.332575558170149,15.456225395202637,490651,0.0,0.0
2001-07-16 00:00:00-04:00,15.456229644211437,15.60460948944092,15.352363540857816,15.604609489440918,6698452,0.0,0.0
2001-07-17 00:00:00-04:00,15.530416119798074,15.654064904913467,15.421603834061742,15.480955123901367,1200989,0.0,0.0
2001-07-18 00:00:00-04:00,15.456226947138237,15.530416856807024,15.23365615966715,15.307846069335938,1236781,0.0,0.0
2001-07-19 00:00:00-04:00,15.480955763185888,15.57987564213483,15.085277305854838,15.208927154541016,1281885,0.0,0.0
2001-07-20 00:00:00-04:00,15.13474059429624,15.258391537455887,14.828089515332602,14.862711906433105,1909756,0.0,0.0
2001-07-23 00:00:00-04:00,14.862710769853472,14.892385893138846,14.679708531113953,14.689600944519043,1342136,0.0,0.0
2001-07-24 00:00:00-04:00,14.565952634738592,14.763792456383397,13.997163147509774,14.343382835388184,3326169,0.0,0.0
2001-07-25 00:00:00-04:00,14.417568331751392,14.541218182228324,14.269188511179072,14.471973419189453,2121702,0.0,0.0
2001-07-26 00:00:00-04:00,14.269192944698077,14.442302789151992,14.096083100244163,14.244462966918945,1337985,0.0,0.0
2001-07-27 00:00:00-04:00,14.244464072847965,14.392843951042845,14.195004113449672,14.308761596679688,1233639,0.0,0.0
2001-07-30 00:00:00-04:00,14.269191741943358,14.328543048531492,14.110919474111716,14.26919174194336,1135015,0.0,0.0
2001-07-31 00:00:00-04:00,14.318651559335452,14.788521093136334,14.308759145764183,14.664871215820312,1398236,0.0,0.0
2001-08-01 00:00:00-04:00,14.778631058191936,14.862713411685908,14.565953658363847,14.605521202087402,1015971,0.0,0.0
2001-08-02 00:00:00-04:00,14.640139356847238,14.714329273692034,14.541219467720842,14.565949440002441,921274,0.0,0.0
2001-08-03 00:00:00-04:00,14.541218477592913,14.66486833058145,14.303810124776069,14.457136154174805,1266514,0.0,0.0
2001-08-06 00:00:00-04:00,14.580787891750084,14.76379012121231,14.36316433405507,14.501651763916016,1345390,0.0,0.0
2001-08-07 00:00:00-04:00,14.640143285864223,14.729170786584612,14.244463623168961,14.36811351776123,1820445,0.0,0.0
2001-08-08 00:00:00-04:00,14.135648818054698,14.31865105340222,14.046621332918832,14.101027488708496,4057489,0.0,0.0
2001-08-09 00:00:00-04:00,14.199945589158887,14.199945589158887,13.997159611508307,14.155430793762207,1691415,0.0,0.0
2001-08-10 00:00:00-04:00,14.219721527897498,14.244451485744028,14.046611822971792,14.14553165435791,1080037,0.0,0.0
2001-08-13 00:00:00-04:00,14.170271359887275,14.51154480123741,14.155432739893392,14.37305736541748,1717670,0.0,0.0
2001-08-14 00:00:00-04:00,14.343379689468051,14.640139356847238,14.343379689468051,14.565949440002441,1920303,0.0,0.0
2001-08-15 00:00:00-04:00,14.590682318593899,14.709385997497126,14.432410041079567,14.467032432556152,2128322,0.0,0.0
2001-08-16 00:00:00-04:00,14.59068007143688,14.650031372515091,14.49176017784165,14.580787658691406,1545555,0.0,0.0
2001-08-17 00:00:00-04:00,14.54122362367351,14.689603499770795,14.170273933430293,14.39778995513916,2367644,0.0,0.0
2001-08-20 00:00:00-04:00,14.40273147121305,14.615409875051075,14.40273147121305,14.51648998260498,925874,0.0,0.0
2001-08-21 00:00:00-04:00,14.615408966898416,14.862708682647275,14.392839222724442,14.526381492614746,2191715,0.0,0.0
2001-08-22 00:00:00-04:00,14.664871498350578,14.739061426169519,14.442301714893757,14.541221618652344,1703308,0.0,0.0
2001-08-23 00:00:00-04:00,14.590682019514912,14.986361646725081,14.53132965204738,14.88744068145752,1936235,0.0,0.0
2001-08-24 00:00:00-04:00,14.862709246063448,15.14957650382078,14.788519328526396,15.035819053649902,1455683,0.0,0.0
2001-08-27 00:00:00-04:00,14.986361791127726,15.030875537924782,14.714332044799564,14.862711906433105,931709,0.0,0.0
2001-08-28 00:00:00-04:00,14.867653074290553,15.085276585899043,14.813246931772264,14.931950569152832,1287046,0.0,0.0
2001-08-29 00:00:00-04:00,14.93690009962882,15.085279944001222,14.917115273607243,14.981413841247559,1718567,0.0,0.0
2001-08-30 00:00:00-04:00,14.936899550622865,15.218820609489473,14.936899550622865,15.174306869506836,2990130,0.0,0.0
2001-08-31 00:00:00-04:00,15.208937023034064,15.307855907702937,15.060556049867234,15.085287094116211,2753276,0.0,0.0
2001-09-04 00:00:00-04:00,14.887440824907001,15.13474059429624,14.837981929494182,14.862711906433105,1308140,0.0,0.0
2001-09-05 00:00:00-04:00,14.9369006949968,14.9369006949968,14.595627251030484,14.689600944519043,1348756,0.0,0.0
2001-09-06 00:00:00-04:00,14.689597822108494,14.739057761690875,14.40767574310303,14.407675743103027,2582732,0.0,0.0
2001-09-07 00:00:00-04:00,14.293919622728394,14.293919622728394,13.92297004167508,13.997159957885742,1777697,0.0,0.0
2001-09-10 00:00:00-04:00,13.99716318912764,14.33843667078663,13.99716318912764,14.244462966918945,1385109,0.0,0.0
2001-09-17 00:00:00-04:00,13.08214974683532,13.55201917147273,12.513361501791596,13.30966567993164,5010515,0.0,0.0
2001-09-18 00:00:00-04:00,13.329452299926835,13.527292100057249,13.082152549763817,13.25526237487793,3243478,0.0,0.0
2001-09-19 00:00:00-04:00,13.255265133083261,13.378915033894305,13.0821552719478,13.200860023498535,3748602,0.0,0.0
2001-09-20 00:00:00-04:00,13.10688505427679,13.205804973432544,13.032695114909973,13.072263717651367,4321944,0.0,0.0
2001-09-21 00:00:00-04:00,12.439176413635538,12.612286268751278,12.2660665585198,12.463905334472656,4843225,0.0,0.0
2001-09-24 00:00:00-04:00,12.859586314852555,13.087101282138669,12.735935357442711,13.072263717651367,1842436,0.0,0.0
2001-09-25 00:00:00-04:00,13.10688062174191,13.650939993106483,12.85958196595008,13.354180335998535,4608503,0.0,0.0
2001-09-26 00:00:00-04:00,13.354180335998533,13.477830193126847,13.255260450295884,13.354180335998535,3227096,0.0,0.0
2001-09-27 00:00:00-04:00,13.37397268471476,13.88835620880127,13.354188906570176,13.88835620880127,4016760,0.0,0.0
2001-09-28 00:00:00-04:00,13.898241742990216,14.778628431305055,13.898241742990216,14.689600944519043,4275718,0.0,0.0
2001-10-01 00:00:00-04:00,14.590682612444192,14.590682612444192,13.972433169804173,14.343382835388184,1873291,0.0,0.0
2001-10-02 00:00:00-04:00,14.293922879976984,14.343382835388185,13.972433169804173,14.343382835388184,1415627,0.0,0.0
2001-10-03 00:00:00-04:00,13.972434638169274,14.343384342736442,13.972434638169274,14.249410629272461,2044060,0.0,0.0
2001-10-04 00:00:00-04:00,14.195000597630017,14.293920491926112,14.066404523352118,14.185108184814453,2304139,0.0,0.0
2001-10-05 00:00:00-04:00,14.170271535564822,14.244461461059192,13.799321908092974,14.229622840881348,2377630,0.0,0.0
2001-10-08 00:00:00-04:00,14.03178477469583,14.036730981660304,13.329453022760616,13.388805389404297,1530857,0.0,0.0
2001-10-09 00:00:00-04:00,13.428377419216979,13.502567373101389,13.270106152676115,13.349241256713867,2284616,0.0,0.0
2001-10-10 00:00:00-04:00,13.304717384553522,13.467934735668662,13.205797521219605,13.34428596496582,1885521,0.0,0.0
2001-10-11 00:00:00-04:00,13.35418033601221,13.601480050269087,13.279990421735148,13.507506370544434,1933206,0.0,0.0
2001-10-12 00:00:00-04:00,13.477827060628739,13.502557026306697,13.181067472493247,13.279987335205078,1706450,0.0,0.0
2001-10-15 00:00:00-04:00,13.279989032237461,13.403638876428301,13.230529094561126,13.260205268859863,1334956,0.0,0.0
2001-10-16 00:00:00-04:00,13.30472331053827,13.453103171628214,12.933773657813408,13.047531127929688,2430140,0.0,0.0
2001-10-17 00:00:00-04:00,13.156340616685139,13.156340616685139,13.007960787543661,13.05742073059082,3785965,0.0,0.0
2001-10-18 00:00:00-04:00,13.10688170749703,13.181071627919803,12.661742184960392,12.760662078857422,1401939,0.0,0.0
2001-10-19 00:00:00-04:00,12.73593273737346,12.755717563906547,12.216603268643563,12.686473846435547,2438106,0.0,0.0
2001-10-22 00:00:00-04:00,12.735935754434081,12.998074183447025,12.651854455609886,12.859586715698242,2170397,0.0,0.0
2001-10-23 00:00:00-04:00,13.230530976732288,13.453100727938502,13.106881114951058,13.359127044677734,7229607,0.0,0.0
2001-10-24 00:00:00-04:00,13.428367879958579,13.502557781139888,13.156338242293778,13.458044052124023,3294753,0.0,0.0
2001-10-25 00:00:00-04:00,13.354184306416117,13.497617971637178,13.00796460352006,13.472887992858887,1514363,0.0,0.0
2001-10-26 00:00:00-04:00,13.477832758130322,13.67567256718706,13.42342659894672,13.576752662658691,1385782,0.0,0.0
2001-10-29 00:00:00-05:00,13.453106926985319,13.552026861991543,13.314619441362732,13.46299934387207,1677614,0.0,0.0
2001-10-30 00:00:00-05:00,13.378911482248874,13.601481244624061,13.279991587859902,13.42837142944336,1219726,0.0,0.0
2001-10-31 00:00:00-05:00,13.354180823257062,13.502560657225022,13.195909635436804,13.304720878601074,1411027,0.0,0.0
2001-11-01 00:00:00-05:00,13.21074622159931,13.537180985493368,13.14644872167224,13.502559661865234,1318350,0.0,0.0
2001-11-02 00:00:00-05:00,13.452736128331265,13.70186095043195,13.328173717280924,13.512526512145996,1937133,0.178253,0.0
2001-11-05 00:00:00-05:00,13.637087299769602,14.000810164942363,13.602210465866268,13.90116024017334,4122565,0.0,0.0
2001-11-06 00:00:00-05:00,14.150286735429596,14.20011170374134,13.801511957247381,13.950986862182617,2617402,0.0,0.0
2001-11-07 00:00:00-05:00,13.975900993975248,14.175200890717948,13.652038661768364,13.726776123046875,2449663,0.0,0.0
2001-11-08 00:00:00-05:00,13.776598080599287,14.07554786025292,13.751685598961485,13.851335525512695,2103638,0.0,0.0
2001-11-09 00:00:00-05:00,13.726774818667542,13.866285372896492,13.617160525641072,13.721793174743652,1092940,0.0,0.0
2001-11-12 00:00:00-05:00,13.701859002498203,13.82642139584005,13.52248894283069,13.65701675415039,1413720,0.0,0.0
2001-11-13 00:00:00-05:00,13.70186561644868,13.851340560611106,13.652040635061205,13.801515579223633,1371757,0.0,0.0
2001-11-14 00:00:00-05:00,13.801513324331053,13.861303718738176,13.696880667256892,13.77660083770752,1675483,0.0,0.0
2001-11-15 00:00:00-05:00,13.776602851963002,13.926077793558699,13.751690361697053,13.79653263092041,2226272,0.0,0.0
2001-11-16 00:00:00-05:00,13.826427140703117,13.846356918663357,13.642074295448301,13.74670696258545,1322501,0.0,0.0
2001-11-19 00:00:00-05:00,13.8015113135063,13.8015113135063,13.602211449555222,13.701861381530762,1624207,0.0,0.0
2001-11-20 00:00:00-05:00,13.696878671676695,14.095478399578848,13.62214122269504,13.701861381530762,2208657,0.0,0.0
2001-11-21 00:00:00-05:00,13.72677345548817,13.72677345548817,13.39792847651267,13.402911186218262,2054943,0.0,0.0
2001-11-23 00:00:00-05:00,13.353083726573548,13.442769285686374,13.278346293784304,13.427821159362793,796957,0.0,0.0
2001-11-26 00:00:00-05:00,13.452734439843907,13.77161395885411,13.288312504405043,13.751684188842773,1988296,0.0,0.0
2001-11-27 00:00:00-05:00,13.552387349000584,13.701862256509115,13.472667185074066,13.572317123413086,2034410,0.0,0.0
2001-11-28 00:00:00-05:00,13.55238663477016,13.612177021133139,13.477649184954668,13.577299118041992,1582693,0.0,0.0
2001-11-29 00:00:00-05:00,13.577298992373274,13.701861407579505,13.517509672840156,13.612176895141602,6930818,0.0,0.0
2001-11-30 00:00:00-05:00,13.652036541008036,13.701861507453707,13.597228864662505,13.666983604431152,1624656,0.0,0.0
2001-12-03 00:00:00-05:00,13.602210918143284,13.627123400163887,13.363051517256064,13.437788963317871,1984145,0.0,0.0
2001-12-04 00:00:00-05:00,13.452737332104661,13.826424598693848,13.442772978094858,13.826424598693848,3715952,0.0,0.0
2001-12-05 00:00:00-05:00,13.950986385408553,14.080531511847195,13.866284581939166,13.941020965576172,4489010,0.0,0.0
2001-12-06 00:00:00-05:00,13.990846030657995,14.155269061390777,13.926074000121016,14.035689353942871,2495889,0.0,0.0
2001-12-07 00:00:00-05:00,14.035689549184584,14.274848967407193,13.970916451470115,14.165233612060547,2637373,0.0,0.0
2001-12-10 00:00:00-05:00,14.284806723288197,14.798003188258052,14.27484130859375,14.27484130859375,3945850,0.0,0.0
2001-12-11 00:00:00-05:00,14.474146833620589,14.593726526172352,14.449234353244124,14.509023666381836,4034488,0.0,0.0
2001-12-12 00:00:00-05:00,14.57380198893088,14.603697189373994,14.299764606376323,14.354572296142578,3243814,0.0,0.0
2001-12-13 00:00:00-05:00,14.205094154029783,14.419341087341309,14.195128734039093,14.419341087341309,3116018,0.0,0.0
2001-12-14 00:00:00-05:00,14.349581615218925,15.077026112684992,14.349581615218925,14.852812767028809,3889750,0.0,0.0
2001-12-17 00:00:00-05:00,14.852821765117575,15.291282239075407,14.798015138865024,15.171701431274414,4376922,0.0,0.0
2001-12-18 00:00:00-05:00,15.196610063159765,15.445734888213298,15.091977423381996,15.316189765930176,3746470,0.0,0.0
2001-12-19 00:00:00-05:00,15.420823553220814,15.565316825516234,15.24643615064856,15.485596656799316,3741309,0.0,0.0
2001-12-20 00:00:00-05:00,15.570304774380954,15.943991125051742,15.455706660084152,15.694866180419922,3481229,0.0,0.0
2001-12-21 00:00:00-05:00,15.694856573876109,15.729734471287196,15.296257972717285,15.296257972717285,5065381,0.0,0.0
2001-12-24 00:00:00-05:00,15.445732848005452,15.51548757655134,15.271345493502592,15.296257972717285,566722,0.0,0.0
2001-12-26 00:00:00-05:00,15.42081930251447,15.59520665701733,15.296257972717285,15.296257972717285,1942743,0.0,0.0
2001-12-27 00:00:00-05:00,15.470648079234447,15.570298013819569,15.34110295101849,15.346084594726562,3063509,0.0,0.0
2001-12-28 00:00:00-05:00,15.395906556995826,15.794505123654274,15.38594113966198,15.650012969970703,1318350,0.0,0.0
2001-12-31 00:00:00-05:00,15.794506435625571,15.934016958506861,15.694856519114486,15.784542083740234,1345502,0.0,0.0
2002-01-02 00:00:00-05:00,15.669948061241167,15.75465093852273,15.346085749469923,15.460683822631836,1694108,0.0,0.0
2002-01-03 00:00:00-05:00,15.39591046065032,15.595209261373935,15.21155765716466,15.5254545211792,1874525,0.0,0.0
2002-01-04 00:00:00-05:00,15.420822746534585,15.490578556935723,15.296261388918404,15.415841102600098,1803503,0.0,0.0
2002-01-07 00:00:00-05:00,15.435770734386276,15.445736154716124,14.972398948302217,15.12187385559082,1540282,0.0,0.0
2002-01-08 00:00:00-05:00,15.096958999462858,15.221521402635863,14.997308010648105,15.07702922821045,1294676,0.0,0.0
2002-01-09 00:00:00-05:00,15.08201324054795,15.445736154716124,15.08201324054795,15.12187385559082,1061412,0.0,0.0
2002-01-10 00:00:00-05:00,15.121870263157506,15.301239256270746,14.997306803732457,15.25141429901123,1282558,0.0,0.0
2002-01-11 00:00:00-05:00,15.096961371042719,15.171697758410502,14.977381658467142,15.12187385559082,3294865,0.0,0.0
2002-01-14 00:00:00-05:00,15.091976034953962,15.191625955807805,15.047133783824998,15.161730766296387,1707572,0.0,0.0
2002-01-15 00:00:00-05:00,15.146783097429118,15.30622232463739,15.146783097429118,15.296257972717285,1840753,0.0,0.0
2002-01-16 00:00:00-05:00,15.296260794510161,15.296260794510161,15.022223472595215,15.022223472595215,983096,0.0,0.0
2002-01-17 00:00:00-05:00,15.022229403047808,15.12187937762927,14.972404415757078,15.062088966369629,1170470,0.0,0.0
2002-01-18 00:00:00-05:00,14.947485559658656,15.111907521220484,14.947485559658656,14.977380752563477,1287607,0.0,0.0
2002-01-22 00:00:00-05:00,15.072052034984074,15.09696452473629,14.847839627214123,14.997313499450684,1223429,0.0,0.0
2002-01-23 00:00:00-05:00,14.972397213037794,15.047134658020207,14.837869385558893,14.94250202178955,1586059,0.0,0.0
2002-01-24 00:00:00-05:00,14.947489393728267,15.12187681974801,14.897664414865483,14.922576904296875,1826840,0.0,0.0
2002-01-25 00:00:00-05:00,14.942506478808392,15.146789102615248,14.887698789551422,15.082015991210938,1066685,0.0,0.0
2002-01-28 00:00:00-05:00,15.096961788866883,15.121874274104462,14.723274510303193,14.947486877441406,1131761,0.0,0.0
2002-01-29 00:00:00-05:00,14.972398087903562,15.096960503486002,14.31969081699628,14.359551429748535,2452243,0.0,0.0
2002-01-30 00:00:00-05:00,14.474152116863062,14.793031768821512,14.349589669513923,14.648539543151855,2855153,0.0,0.0
2002-01-31 00:00:00-05:00,14.723273979624345,15.186645761831144,14.583763427556427,15.136820793151855,1746954,0.0,0.0
2002-02-01 00:00:00-05:00,15.121875570390934,15.196613032510362,14.87275069665951,15.007277488708496,1747178,0.0,0.0
2002-02-04 00:00:00-05:00,14.997312265309262,15.03219017460293,14.44923860213868,14.573801040649414,2031830,0.0,0.0
2002-02-05 00:00:00-05:00,14.583761636327393,14.69835968998033,14.2001100643842,14.284812927246094,2206076,0.0,0.0
2002-02-06 00:00:00-05:00,14.384466867202642,14.618643616827887,14.24993900423317,14.414361000061035,2082208,0.0,0.0
2002-02-07 00:00:00-05:00,14.449236631625032,14.623624021757994,14.200111788577946,14.444253921508789,2307730,0.0,0.0
2002-02-08 00:00:00-05:00,14.474150320845599,14.822925130145647,14.424325348088448,14.723275184631348,1580898,0.0,0.0
2002-02-11 00:00:00-05:00,14.753165971594814,14.97239665506093,14.693376657602892,14.733237266540527,2001648,0.0,0.0
2002-02-12 00:00:00-05:00,14.84783429606227,15.271346469786852,14.827903458395323,15.1318359375,2239063,0.0,0.0
2002-02-13 00:00:00-05:00,15.196608055858508,15.570295244078926,15.072045659785035,15.296257972717285,1299276,0.0,0.0
2002-02-14 00:00:00-05:00,15.395912887323595,15.844336592476964,15.311210003987274,15.66496753692627,1907624,0.0,0.0
2002-02-15 00:00:00-05:00,15.645034367038676,15.69485826455891,15.341101874623904,15.40089225769043,1702747,0.0,0.0
2002-02-19 00:00:00-05:00,15.400893895784847,15.400893895784847,15.072048886494619,15.12187385559082,1215126,0.0,0.0
2002-02-20 00:00:00-05:00,15.246430637259705,15.52046788506207,15.151764503913961,15.470643997192383,1892814,0.0,0.0
2002-02-21 00:00:00-05:00,15.470648176912846,15.774579626295248,15.346084691618495,15.440752983093262,1748076,0.0,0.0
2002-02-22 00:00:00-05:00,15.371002783497962,15.570302712815371,14.99731434975102,15.380967140197754,1449400,0.0,0.0
2002-02-25 00:00:00-05:00,15.26137782093341,15.595204353332518,15.221518286588365,15.59520435333252,2002658,0.0,0.0
2002-02-26 00:00:00-05:00,15.694865261657117,15.909113341264764,15.495566383895374,15.824410438537598,1410017,0.0,0.0
2002-02-27 00:00:00-05:00,15.824402886758666,16.287774609005776,15.819421243556562,16.04363250732422,2046528,0.0,0.0
2002-02-28 00:00:00-05:00,16.043627845082504,16.098435500866007,15.81941664647011,15.884188652038574,1898312,0.0,0.0
2002-03-01 00:00:00-05:00,15.88419675689371,15.96391692723064,15.66994873247092,15.89416217803955,1792283,0.0,0.0
2002-03-04 00:00:00-05:00,16.068542493697255,16.741178268487243,16.018716476231038,16.591703414916992,2313115,0.0,0.0
2002-03-05 00:00:00-05:00,16.442227356255767,16.447210064264805,16.29275251364089,16.352542877197266,2265318,0.0,0.0
2002-03-06 00:00:00-05:00,15.96889257061875,16.54187954682155,15.839347475787225,16.342580795288086,3712137,0.0,0.0
2002-03-07 00:00:00-05:00,16.34258487633533,16.34258487633533,16.018721525243713,16.218021392822266,1750993,0.0,0.0
2002-03-08 00:00:00-05:00,16.302719835471304,16.422299510287033,15.894155857661211,16.063560485839844,2758100,0.0,0.0
2002-03-11 00:00:00-05:00,16.068549584155573,16.14328597764298,15.844336138586941,15.89416217803955,1414842,0.0,0.0
2002-03-12 00:00:00-05:00,15.769596855141248,16.08349478961519,15.669946920313295,16.058582305908203,2577907,0.0,0.0
2002-03-13 00:00:00-05:00,16.058579354145717,16.058579354145717,15.645032627135228,15.784542083740234,1392178,0.0,0.0
2002-03-14 00:00:00-05:00,15.694855215420612,16.193104756588916,15.635065910246134,15.650012969970703,1888887,0.0,0.0
2002-03-15 00:00:00-05:00,15.645036238266053,15.650017882220425,15.530438168061421,15.580263137817383,2869403,0.0,0.0
2002-03-18 00:00:00-05:00,15.64503364705601,15.64503364705601,15.29625891653012,15.331135749816895,3372395,0.0,0.0
2002-03-19 00:00:00-05:00,15.370998831255504,15.430788154911417,15.072049014146364,15.086996078491211,1954412,0.0,0.0
2002-03-20 00:00:00-05:00,15.121877014488506,15.191631772539365,14.932541452605616,14.997313499450684,3568409,0.0,0.0
2002-03-21 00:00:00-05:00,15.022222931785153,15.31619001691015,14.977380675795992,15.246434211730957,1766477,0.0,0.0
2002-03-22 00:00:00-05:00,15.346085150247205,15.370998701071823,14.972398948302217,15.12187385559082,2222345,0.0,0.0
2002-03-25 00:00:00-05:00,15.221523793783222,15.321173731975621,15.027205561286825,15.12187385559082,4432349,0.0,0.0
2002-03-26 00:00:00-05:00,15.34608284593248,15.415838645214086,14.997308114629885,15.1318359375,3417949,0.0,0.0
2002-03-27 00:00:00-05:00,15.380956669154752,15.645029535490954,15.29625489662418,15.545379638671875,7539279,0.0,0.0
2002-03-28 00:00:00-05:00,15.595216202567194,15.87423635381022,15.445742302065044,15.694866180419922,2378079,0.0,0.0
2002-04-01 00:00:00-05:00,15.694859222581657,15.694859222581657,15.286295134276095,15.435770034790039,1581908,0.0,0.0
2002-04-02 00:00:00-05:00,15.435765622515582,15.71976827882122,15.425800205485986,15.550362586975098,1727768,0.0,0.0
2002-04-03 00:00:00-05:00,15.650011177311049,15.744679432310031,15.39590479344326,15.545379638671875,1277397,0.0,0.0
2002-04-04 00:00:00-05:00,15.719773770120133,15.968897553847183,15.60517569935256,15.709808349609375,1109209,0.0,0.0
2002-04-05 00:00:00-05:00,15.709805194226321,16.193106666394144,15.709805194226321,16.103422164916992,2186778,0.0,0.0
2002-04-08 00:00:00-04:00,16.118374383050575,16.442236726617253,15.973882166099237,16.312692642211914,1651584,0.0,0.0
2002-04-09 00:00:00-04:00,16.23795558424737,16.591712069196337,16.143287274586072,16.447219848632812,1320594,0.0,0.0
2002-04-10 00:00:00-04:00,16.327631600120007,16.651493782855546,16.27282394055569,16.591703414916992,1972027,0.0,0.0
2002-04-11 00:00:00-04:00,16.546864658461995,16.58672526757822,16.28279278802608,16.367494583129883,1811020,0.0,0.0
2002-04-12 00:00:00-04:00,16.442237226491432,16.915574512248437,16.442237226491432,16.761117935180664,2294714,0.0,0.0
2002-04-15 00:00:00-04:00,17.01521268782858,17.01521268782858,16.43724313629281,16.576753616333008,2234463,0.0,0.0
2002-04-16 00:00:00-04:00,16.791005119588206,17.08995486055502,16.7411801627604,16.990304946899414,2524837,0.0,0.0
2002-04-17 00:00:00-04:00,16.915570683589817,17.19459070740135,16.890658200504436,17.124835968017578,1468249,0.0,0.0
2002-04-18 00:00:00-04:00,17.06504226755099,17.144762411195412,16.591705180865276,16.91556739807129,2627724,0.0,0.0
2002-04-19 00:00:00-04:00,16.96539715986219,17.239434498193603,16.865747218650764,17.18960952758789,1440087,0.0,0.0
2002-04-22 00:00:00-04:00,17.189607845893363,17.284275067527417,17.045115658528076,17.229467391967773,1838621,0.0,0.0
2002-04-23 00:00:00-04:00,17.065049444592756,17.104910066317256,16.671432336008056,16.761117935180664,2438218,0.0,0.0
2002-04-24 00:00:00-04:00,16.69135285407942,16.990302552923477,16.69135285407942,16.800968170166016,1667068,0.0,0.0
2002-04-25 00:00:00-04:00,16.651502558284154,16.86574953480033,16.566799670111696,16.761117935180664,1418320,0.0,0.0
2002-04-26 00:00:00-04:00,16.76111595535859,16.89564273881216,16.56679771324248,16.63157081604004,1416974,0.0,0.0
2002-04-29 00:00:00-04:00,16.691362435654515,16.825890303869688,16.44223754360917,16.820907592773438,1487884,0.0,0.0
2002-04-30 00:00:00-04:00,16.746168619495162,17.124838634612832,16.746168619495162,17.01024055480957,2861661,0.0,0.0
2002-05-01 00:00:00-04:00,17.015218371844913,17.05009627007508,16.716268614247962,17.025182723999023,1921201,0.0,0.0
2002-05-02 00:00:00-04:00,16.91556751165771,16.995287655837448,16.766092641174303,16.990304946899414,1790039,0.0,0.0
2002-05-03 00:00:00-04:00,17.040136945496,17.239436855167103,16.890662013242668,17.01522445678711,2306159,0.0,0.0
2002-05-06 00:00:00-04:00,17.214524366458214,17.363999298711544,16.94546970165756,17.01522445678711,1405417,0.0,0.0
2002-05-07 00:00:00-04:00,16.99031052458176,16.995293235155543,15.784546813279253,15.874231338500977,4769173,0.0,0.0
2002-05-08 00:00:00-04:00,16.018717536336858,16.118367445311772,15.664961212496866,15.88917350769043,5404001,0.0,0.0
2002-05-09 00:00:00-04:00,15.894152022651758,16.093451788015464,15.78951943258063,15.809449195861816,2462005,0.0,0.0
2002-05-10 00:00:00-04:00,15.909107235750767,15.993810105971109,15.754649625142394,15.819422721862793,2348683,0.0,0.0
2002-05-13 00:00:00-04:00,15.943985079130407,16.257883030103304,15.520472833851153,16.018722534179688,2083554,0.0,0.0
2002-05-14 00:00:00-04:00,16.28777678610696,16.29275949625145,15.789528163465002,16.06854820251465,1963051,0.0,0.0
2002-05-15 00:00:00-04:00,16.068543438122063,16.143279803023663,15.590223665328907,15.814435958862305,2432720,0.0,0.0
2002-05-16 00:00:00-04:00,15.91409058569462,16.06854820251465,15.814440647910926,16.06854820251465,1919966,0.0,0.0
2002-05-17 00:00:00-04:00,16.073529202083108,16.292758843164222,16.06854755841482,16.218021392822266,1255967,0.0,0.0
2002-05-20 00:00:00-04:00,16.267842188136004,16.312685499863136,15.59520530754342,15.759628295898438,1744710,0.0,0.0
2002-05-21 00:00:00-04:00,15.924054858309598,15.96889711682774,15.45570036637558,15.555350303649902,1940162,0.0,0.0
2002-05-22 00:00:00-04:00,15.645029643639093,15.709801650508808,15.246428987331333,15.455694198608398,2361025,0.0,0.0
2002-05-23 00:00:00-04:00,15.6450422577705,15.694866180419922,15.321179829749134,15.694866180419922,2782336,0.0,0.0
2002-05-24 00:00:00-04:00,15.779555553126656,15.81941614984332,15.605168241465817,15.764607429504395,2040469,0.0,0.0
2002-05-28 00:00:00-04:00,15.759628304728034,15.764609947121665,15.196606749390018,15.470643997192383,3626416,0.0,0.0
2002-05-29 00:00:00-04:00,15.470644815842705,15.744682078146127,15.470644815842705,15.630084037780762,1359976,0.0,0.0
2002-05-30 00:00:00-04:00,15.545387368503587,15.943986087704161,15.470649908726616,15.874231338500977,2520573,0.0,0.0
2002-05-31 00:00:00-04:00,16.118369166440257,16.55682945251465,15.973876996252914,16.55682945251465,8054614,0.0,0.0
2002-06-03 00:00:00-04:00,16.49204747274882,16.61162709855683,15.943973210375999,15.993799209594727,2505987,0.0,0.0
2002-06-04 00:00:00-04:00,15.993809130154467,15.99879077351816,15.585244000088975,15.85429859161377,1816406,0.0,0.0
2002-06-05 00:00:00-04:00,15.924051886748343,15.943981657228845,15.814437615967432,15.91907024383545,1462078,0.0,0.0
2002-06-06 00:00:00-04:00,15.919073571923846,15.919073571923846,15.520472747599616,15.580263137817383,1389036,0.0,0.0
2002-06-07 00:00:00-04:00,15.575283683150523,15.645038437358407,15.321176088422026,15.495563507080078,2480069,0.0,0.0
2002-06-10 00:00:00-04:00,15.375973282755126,15.814433449182262,15.306218571314181,15.749661445617676,1174510,0.0,0.0
2002-06-11 00:00:00-04:00,15.829383760557768,15.834366469458415,15.331134196017997,15.41085433959961,1056475,0.0,0.0
2002-06-12 00:00:00-04:00,15.326152801176766,15.520468854957356,15.196607699046778,15.25141429901123,2266777,0.0,0.0
2002-06-13 00:00:00-04:00,15.221525717236572,15.296263180325,14.773100938706005,14.847838401794434,1809674,0.0,0.0
2002-06-14 00:00:00-04:00,14.8478333989915,14.94250060708451,14.200108937134935,14.788043022155762,2177017,0.0,0.0
2002-06-17 00:00:00-04:00,14.947487563635148,15.346086279458326,14.822925131728969,15.326157569885254,1804288,0.0,0.0
2002-06-18 00:00:00-04:00,15.410855568430994,15.410855568430994,14.997307757121746,15.161730766296387,2247815,0.0,0.0
2002-06-19 00:00:00-04:00,15.161734253497405,15.161734253497405,14.71829221696134,14.773099899291992,3210827,0.0,0.0
2002-06-20 00:00:00-04:00,14.698356123344192,14.703338831646349,14.11540377634273,14.234983444213867,4055806,0.0,0.0
2002-06-21 00:00:00-04:00,14.61365849355504,14.977381401482388,14.61365849355504,14.807976722717285,5218198,0.0,0.0
2002-06-24 00:00:00-04:00,14.847837152490616,14.957451449364656,14.259901852564804,14.349587440490723,2951197,0.0,0.0
2002-06-25 00:00:00-04:00,14.62362224614091,14.86776434942774,14.284812927246092,14.284812927246094,2411739,0.0,0.0
2002-06-26 00:00:00-04:00,14.244953961966612,14.244953961966612,13.791547603350931,13.950986862182617,3807395,0.0,0.0
2002-06-27 00:00:00-04:00,14.125364404364792,14.379471778869629,13.975889603629682,14.379471778869629,6791242,0.0,0.0
2002-06-28 00:00:00-04:00,14.379482636466028,14.798012181290627,14.329657665266039,14.349587440490723,2813976,0.0,0.0
2002-07-01 00:00:00-04:00,14.548889585272546,14.673452032621684,14.419344426774096,14.648539543151855,2504304,0.0,0.0
2002-07-02 00:00:00-04:00,14.773098482690301,14.773098482690301,14.264883391668677,14.30972671508789,2547501,0.0,0.0
2002-07-03 00:00:00-04:00,14.623627427128524,14.623627427128524,14.254922786814733,14.399415016174316,3516685,0.0,0.0
2002-07-05 00:00:00-04:00,14.573802074742373,14.71829430041203,14.49906460633289,14.648539543151855,1525135,0.0,0.0
2002-07-08 00:00:00-04:00,14.698358766462407,14.807974103716825,14.499058928746235,14.738218307495117,1270328,0.0,0.0
2002-07-09 00:00:00-04:00,14.84783838878662,14.897663364135255,14.324676147625953,14.334640502929688,1526705,0.0,0.0
2002-07-10 00:00:00-04:00,14.474148534802843,14.548885984716314,13.941020965576172,13.941020965576172,2284280,0.0,0.0
2002-07-11 00:00:00-04:00,13.950984600784162,14.269864133034941,13.751684759842885,13.926072120666504,1920976,0.0,0.0
2002-07-12 00:00:00-04:00,14.100465092610612,14.100465092610612,13.552390311921942,13.811479568481445,1266626,0.0,0.0
2002-07-15 00:00:00-04:00,13.776596667926013,13.776596667926013,13.168732818060752,13.751684188842773,2030259,0.0,0.0
2002-07-16 00:00:00-04:00,13.527474916295693,13.901162186500162,12.919610929862337,13.044172286987305,2811283,0.0,0.0
2002-07-17 00:00:00-04:00,13.303262574061725,13.442773128245879,12.356589221071625,12.625642776489258,3880549,0.0,0.0
2002-07-18 00:00:00-04:00,12.805007897224677,12.899675089060604,12.05763364650508,12.082547187805176,3622377,0.0,0.0
2002-07-19 00:00:00-04:00,11.733778677080727,12.516030162375442,11.733778677080727,12.33167839050293,4707800,0.0,0.0
2002-07-22 00:00:00-04:00,12.530976485611117,12.705363876845878,11.703881788213806,11.933076858520508,3047128,0.0,0.0
2002-07-23 00:00:00-04:00,12.057637731287253,12.107463764490968,11.33517677711868,11.504581451416016,2952767,0.0,0.0
2002-07-24 00:00:00-04:00,11.43482555120511,11.938058992587587,11.061139368582522,11.848373413085938,5649270,0.0,0.0
2002-07-25 00:00:00-04:00,11.858337478937937,12.197147882819332,11.6690030372663,12.04269027709961,2550082,0.0,0.0
2002-07-26 00:00:00-04:00,12.137358043898042,12.635607719421387,12.072586012590602,12.635607719421387,2841241,0.0,0.0
2002-07-29 00:00:00-04:00,13.079053124516419,13.801515342228953,13.029228143984518,13.79653263092041,3173465,0.0,0.0
2002-07-30 00:00:00-04:00,13.796525238172864,14.249932531314158,13.452733269976036,14.000807762145996,3550569,0.0,0.0
2002-07-31 00:00:00-04:00,14.150284062799564,14.150284062799564,13.657017182934199,14.04565143585205,2605172,0.0,0.0
2002-08-01 00:00:00-04:00,13.851339035248865,14.020743740055433,13.627126643696347,13.990848541259766,2014775,0.0,0.0
2002-08-02 00:00:00-04:00,13.950983319442285,13.955966028263441,13.163749446539041,13.303258895874023,2442033,0.0,0.0
2002-08-05 00:00:00-04:00,13.153785534902386,13.253435457629717,12.765151262776332,12.770133972167969,2293144,0.0,0.0
2002-08-06 00:00:00-04:00,12.81996101030731,13.029225242168755,12.366553575192727,12.625642776489258,3508831,0.0,0.0
2002-08-07 00:00:00-04:00,12.944523367861565,12.944523367861565,12.456238030122686,12.824942588806152,1676717,0.0,0.0
2002-08-08 00:00:00-04:00,13.178706379083186,13.452743840493591,12.904668917672781,13.3680419921875,3317305,0.0,0.0
2002-08-09 00:00:00-04:00,13.373023888055535,13.642077554204123,13.193653711012844,13.49758529663086,1683337,0.0,0.0
2002-08-12 00:00:00-04:00,13.218559471874558,13.547405544014891,13.079049986369423,13.333157539367676,1886980,0.0,0.0
2002-08-13 00:00:00-04:00,13.323194408640413,13.602214493874861,13.00431476820534,13.029227256774902,1696240,0.0,0.0
2002-08-14 00:00:00-04:00,13.103959071750095,13.37301468529966,12.814974755470628,13.35806655883789,2652969,0.0,0.0
2002-08-15 00:00:00-04:00,13.3580700236562,13.567334251913904,13.303262344966145,13.333157539367676,2110706,0.0,0.0
2002-08-16 00:00:00-04:00,13.333156119349841,13.462701237108558,13.13883897584996,13.288313865661621,1122898,0.0,0.0
2002-08-19 00:00:00-04:00,13.452734215814507,13.736736899144427,13.203609429130811,13.65701675415039,1326765,0.0,0.0
2002-08-20 00:00:00-04:00,13.657018591843892,13.786563711606306,13.303261133896054,13.437788963317871,1268421,0.0,0.0
2002-08-21 00:00:00-04:00,13.662001633943014,13.77659862751573,13.258419202133537,13.552386283874512,1183486,0.0,0.0
2002-08-22 00:00:00-04:00,13.652036241918307,13.975898516719973,13.567333374305758,13.936038970947266,940797,0.0,0.0
2002-08-23 00:00:00-04:00,13.936036839139387,13.950983899948577,13.632104383716891,13.786561965942383,1209628,0.0,0.0
2002-08-26 00:00:00-04:00,13.911126421175542,13.950987036087719,13.402912377826535,13.791547775268555,1074876,0.0,0.0
2002-08-27 00:00:00-04:00,13.950988862912853,14.10046378928449,13.397931422082465,13.477651596069336,1860949,0.0,0.0
2002-08-28 00:00:00-04:00,13.477647814971283,13.52747277645031,13.03918858046639,13.278347969055176,1134342,0.0,0.0
2002-08-29 00:00:00-04:00,13.15378668379334,13.6918969532869,12.92957433807347,13.537439346313477,1848383,0.0,0.0
2002-08-30 00:00:00-04:00,13.776603807804008,13.776603807804008,13.392951004579288,13.412881851196289,1462751,0.0,0.0
2002-09-03 00:00:00-04:00,13.288314803019878,13.303261866544855,12.85981987541179,12.904662132263184,1893599,0.0,0.0
2002-09-04 00:00:00-04:00,12.854837334409801,12.929574785569775,12.530976112326389,12.725292205810547,1893936,0.0,0.0
2002-09-05 00:00:00-04:00,12.45623782806403,12.780101188762952,12.40641285969135,12.73027515411377,2344307,0.0,0.0
2002-09-06 00:00:00-04:00,12.829923921949318,12.95448739780878,12.555886620866591,12.580799102783203,1938255,0.0,0.0
2002-09-09 00:00:00-04:00,12.580803333579976,12.705366851328888,12.431329458090161,12.700384140014648,2352946,0.0,0.0
2002-09-10 00:00:00-04:00,12.755187781303007,12.755187781303007,12.451255257566864,12.660520553588867,2603825,0.0,0.0
2002-09-11 00:00:00-04:00,12.904659656736541,12.904659656736541,12.555884956146228,12.585780143737793,2508680,0.0,0.0
2002-09-12 00:00:00-04:00,12.585782870243298,12.590765580300692,12.212095610086113,12.256938934326172,4290079,0.0,0.0
2002-09-13 00:00:00-04:00,12.207113433971926,12.506063255173839,12.207113433971926,12.431326866149902,2960397,0.0,0.0
2002-09-16 00:00:00-04:00,12.501080850210943,12.501080850210943,11.987883048621041,12.142340660095215,2153791,0.0,0.0
2002-09-17 00:00:00-04:00,12.281849224428745,12.29679628565444,11.57433437840399,11.634124755859375,3141488,0.0,0.0
2002-09-18 00:00:00-04:00,11.559390802805334,11.798550252190585,11.454758143845552,11.51953125,3907141,0.0,0.0
2002-09-19 00:00:00-04:00,11.514548800555382,11.997850420960145,11.514548800555382,11.7238130569458,7724409,0.0,0.0
2002-09-20 00:00:00-04:00,11.833429260880216,11.908166729046808,11.589287078124693,11.738760948181152,3916341,0.0,0.0
2002-09-23 00:00:00-04:00,11.65903923022988,11.823461196949609,11.524511391076292,11.743741035461426,2263859,0.0,0.0
2002-09-24 00:00:00-04:00,11.624160689089814,11.808513485782083,11.459738731384277,11.459738731384277,2908224,0.0,0.0
2002-09-25 00:00:00-04:00,11.758686316564795,11.758686316564795,11.375033732136805,11.509561538696289,3276801,0.0,0.0
2002-09-26 00:00:00-04:00,11.708861696972486,11.838406798436603,11.534474347460552,11.823458671569824,5606746,0.0,0.0
2002-09-27 00:00:00-04:00,11.68395107293353,11.813495128682465,11.385001283464119,11.439807891845703,2849431,0.0,0.0
2002-09-30 00:00:00-04:00,11.31524883604929,11.524513091267103,10.961491300321352,11.340161323547363,2567921,0.0,0.0
2002-10-01 00:00:00-04:00,11.459737375533999,11.853354338528595,11.265419182338979,11.83342456817627,2215950,0.0,0.0
2002-10-02 00:00:00-04:00,11.833430178221263,11.997852194423258,11.534480282379956,11.609216690063477,2552999,0.0,0.0
2002-10-03 00:00:00-04:00,11.673990546009799,11.768657805761539,11.180723399912306,11.220582962036133,2076261,0.0,0.0
2002-10-04 00:00:00-04:00,11.385004685168385,11.459742154866406,10.263942639698062,10.408434867858887,7485872,0.0,0.0
2002-10-07 00:00:00-04:00,10.488150371701552,10.752223286639813,10.263938062592826,10.338675498962402,3721225,0.0,0.0
2002-10-08 00:00:00-04:00,10.363589302742408,10.886751424215976,10.338676820767477,10.836926460266113,4934893,0.0,0.0
2002-10-09 00:00:00-04:00,10.712362666123143,10.767170332640942,10.423377272791235,10.48316764831543,10068940,0.0,0.0
2002-10-10 00:00:00-04:00,10.552923609039757,11.056155951979799,10.463239101547089,10.92661190032959,2422622,0.0,0.0
2002-10-11 00:00:00-04:00,11.110965074421559,11.514547543342044,11.06612281482518,11.280369758605957,2526744,0.0,0.0
2002-10-14 00:00:00-04:00,11.28037103943229,11.385003701222015,11.061141360520317,11.086053848266602,2411963,0.0,0.0
2002-10-15 00:00:00-04:00,11.708866874202023,12.451257782279223,11.693918740725731,12.30676555633545,3939342,0.0,0.0
2002-10-16 00:00:00-04:00,12.306762497463861,12.356588530390406,12.017778117403983,12.177218437194824,2442594,0.0,0.0
2002-10-17 00:00:00-04:00,13.128871964258884,13.128871964258884,12.456235041691851,12.585780143737793,4837727,0.0,0.0
2002-10-18 00:00:00-04:00,12.52100934808991,12.63062362492395,12.261919118706965,12.391464233398438,2124507,0.0,0.0
2002-10-21 00:00:00-04:00,11.908166992473225,12.431329281212498,11.758692052833434,12.366556167602539,4098329,0.0,0.0
2002-10-22 00:00:00-04:00,12.33167839050293,12.406414788404037,12.18220346214738,12.33167839050293,1850851,0.0,0.0
2002-10-23 00:00:00-04:00,12.30178156109033,12.31174591522735,11.898199094766094,12.207113265991211,3758812,0.0,0.0
2002-10-24 00:00:00-04:00,12.217078082878968,12.585782625818249,12.107463795127547,12.232025146484375,1783531,0.0,0.0
2002-10-25 00:00:00-04:00,12.381500281320472,12.75518754127298,12.112446733686458,12.655537605285645,2527305,0.0,0.0
2002-10-28 00:00:00-05:00,12.854836917131605,13.153786712067358,12.431325773915736,12.481149673461914,3104911,0.0,0.0
2002-10-29 00:00:00-05:00,12.356584538853985,12.376513239544709,11.838405266335434,12.1572847366333,2867832,0.0,0.0
2002-10-30 00:00:00-05:00,12.057638357447162,12.481150598321967,11.957988418417797,12.207113265991211,3301709,0.0,0.0
2002-10-31 00:00:00-05:00,12.15729129799953,12.306765164060904,11.87328850004652,11.898200988769531,2803878,0.0,0.0
2002-11-01 00:00:00-05:00,11.833423367429427,12.331672907061343,11.708860982521447,12.172232627868652,2188798,0.0,0.0
2002-11-04 00:00:00-05:00,12.55587978814929,12.775110362734678,12.416370391845703,12.416370391845703,2912600,0.0,0.0
2002-11-05 00:00:00-05:00,12.52101138599986,12.805013076375753,12.381500829673042,12.431326866149902,2104199,0.0,0.0
2002-11-06 00:00:00-05:00,13.114692777229905,13.386032197737146,12.913701251122044,13.381007194519043,6127803,0.187166,0.0
2002-11-07 00:00:00-05:00,13.566925482547772,13.7679170349012,13.315686042105986,13.396082878112793,4010028,0.0,0.0
2002-11-08 00:00:00-05:00,13.506629304251321,13.89353852186299,13.476481427826357,13.617175102233887,3363083,0.0,0.0
2002-11-11 00:00:00-05:00,13.617171225485464,13.617171225485464,13.139816363845101,13.200114250183105,10525706,0.0,0.0
2002-11-12 00:00:00-05:00,13.205138113806013,13.335781730720228,13.014195540429933,13.210163116455078,2784131,0.0,0.0
2002-11-13 00:00:00-05:00,13.240312758153106,13.561898991590741,13.069470172451274,13.36593246459961,3398987,0.0,0.0
2002-11-14 00:00:00-05:00,13.556884270874644,13.667429042428811,13.265445708789402,13.526735305786133,2773247,0.0,0.0
2002-11-15 00:00:00-05:00,13.511654152307438,13.642298891502957,13.21519179338545,13.561902046203613,2338248,0.0,0.0
2002-11-18 00:00:00-05:00,13.164941612330464,13.260412379081508,12.81320749149165,13.039321899414062,4163069,0.0,0.0
2002-11-19 00:00:00-05:00,13.049377584637474,13.185046288423235,12.938831759039378,13.104650497436523,2405119,0.0,0.0
2002-11-20 00:00:00-05:00,13.114693154310842,13.491552276598746,13.0594213433036,13.431254386901855,3956284,0.0,0.0
2002-11-21 00:00:00-05:00,13.642300782894262,13.702598694060397,13.290565476855853,13.360912322998047,4386571,0.0,0.0
2002-11-22 00:00:00-05:00,13.381010145275626,13.602100657683357,13.26543934708192,13.516678810119629,2431262,0.0,0.0
2002-11-25 00:00:00-05:00,13.416180081711165,13.516675844879849,13.119717795428954,13.31568431854248,2293368,0.0,0.0
2002-11-26 00:00:00-05:00,13.190068533365181,13.34081222290432,12.712714591818596,12.888582229614258,4226125,0.0,0.0
2002-11-27 00:00:00-05:00,12.989075354200628,13.40110848520261,12.938827463850494,13.280513763427734,2828786,0.0,0.0
2002-11-29 00:00:00-05:00,13.43627943812866,13.571949152766427,13.340808675207706,13.486528396606445,1197623,0.0,0.0
2002-12-02 00:00:00-05:00,13.71767303677193,13.793044890277875,13.28051693163394,13.46643352508545,3034786,0.0,0.0
2002-12-03 00:00:00-05:00,13.426234395286874,13.476482292990712,13.064450177015669,13.215192794799805,5139321,0.0,0.0
2002-12-04 00:00:00-05:00,13.335792938538068,13.49156169961055,13.245347116149047,13.370966911315918,3267040,0.0,0.0
2002-12-05 00:00:00-05:00,13.566925857201763,13.717669525629658,13.164942741394043,13.164942741394043,2107453,0.0,0.0
2002-12-06 00:00:00-05:00,13.164949946280737,13.576983295611294,13.064455187657444,13.386041641235352,1765467,0.0,0.0
2002-12-09 00:00:00-05:00,13.38603061738575,13.612144982235058,13.169964107132335,13.22021198272705,2413534,0.0,0.0
2002-12-10 00:00:00-05:00,13.265439191765907,13.451356822367934,13.139819461717849,13.391058921813965,3546979,0.0,0.0
2002-12-11 00:00:00-05:00,13.888509088099502,14.270393179409442,13.888509088099502,14.144773483276367,5117891,0.0,0.0
2002-12-12 00:00:00-05:00,14.195033788349662,14.597017167879892,13.868422292481348,14.275430679321289,5334437,0.0,0.0
2002-12-13 00:00:00-05:00,14.245273947162673,14.25029895173377,14.029207353224024,14.149803161621094,3299914,0.0,0.0
2002-12-16 00:00:00-05:00,14.074427381445256,14.250294964940107,13.868410854285884,14.235219955444336,2856724,0.0,0.0
2002-12-17 00:00:00-05:00,14.144777846116382,14.26034864740185,13.788017583993296,13.968910217285156,3216886,0.0,0.0
2002-12-18 00:00:00-05:00,13.722695412814732,13.88348802428987,13.677472524441326,13.853340148925781,2738914,0.0,0.0
2002-12-19 00:00:00-05:00,13.818169633740665,14.024186260201477,13.561905102061488,13.677475929260254,2421500,0.0,0.0
2002-12-20 00:00:00-05:00,13.767917887912231,13.848314728900139,13.662398176650795,13.81816577911377,2654315,0.0,0.0
2002-12-23 00:00:00-05:00,13.717666457950383,13.973930852034885,13.667418579711342,13.798063278198242,2276314,0.0,0.0
2002-12-24 00:00:00-05:00,13.923688652106119,13.983986560714236,13.747821006547744,13.803093910217285,1160709,0.0,0.0
2002-12-26 00:00:00-05:00,13.868409583005853,14.210094712343679,13.843285644809633,13.903583526611328,1182476,0.0,0.0
2002-12-27 00:00:00-05:00,13.94378888424701,13.994036787618386,13.637276458616112,13.647326469421387,1417535,0.0,0.0
2002-12-30 00:00:00-05:00,13.692543807864633,13.848312460135315,13.576974107165741,13.772940635681152,1269094,0.0,0.0
2002-12-31 00:00:00-05:00,13.697573359110795,13.75787019349771,13.391060956163193,13.587027549743652,1544882,0.0,0.0
2003-01-02 00:00:00-05:00,13.77294517791081,14.044283620366073,13.66742437380948,13.994035720825195,1955422,0.0,0.0
2003-01-03 00:00:00-05:00,13.994038128036554,14.190004754890076,13.873443363459588,14.024187088012695,1375348,0.0,0.0
2003-01-06 00:00:00-05:00,13.968910830765681,14.310596094512839,13.918662934607138,14.26034927368164,2095784,0.0,0.0
2003-01-07 00:00:00-05:00,14.260349350497323,14.370894077445179,13.968910906011484,14.059356689453125,2030932,0.0,0.0
2003-01-08 00:00:00-05:00,14.064381709641978,14.134728549654834,13.85836511898998,13.918663024902344,2329496,0.0,0.0
2003-01-09 00:00:00-05:00,14.03423302587037,14.647257804870605,14.004085147663286,14.647257804870605,3501650,0.0,0.0
2003-01-10 00:00:00-05:00,14.591982235758437,14.737700896661268,14.421139630723147,14.566858291625977,3955162,0.0,0.0
2003-01-13 00:00:00-05:00,14.622128079973614,14.747747773970877,14.526656252274137,14.65730094909668,1655623,0.0,0.0
2003-01-14 00:00:00-05:00,14.57188371602342,14.873371054313052,14.396016102021134,14.74272632598877,2155138,0.0,0.0
2003-01-15 00:00:00-05:00,14.74775248814876,14.74775248814876,14.370893285692425,14.451290130615234,1863530,0.0,0.0
2003-01-16 00:00:00-05:00,14.521637224461157,14.662330899078182,14.401042492599807,14.431191444396973,4829088,0.0,0.0
2003-01-17 00:00:00-05:00,14.385968121716699,14.451291032750014,14.195026544016706,14.320646286010742,1563395,0.0,0.0
2003-01-21 00:00:00-05:00,14.396014730116068,14.396014730116068,14.159850316158073,14.220147132873535,1921986,0.0,0.0
2003-01-22 00:00:00-05:00,14.184970290163088,14.225169235101625,13.943780921839409,14.014127731323242,3557974,0.0,0.0
2003-01-23 00:00:00-05:00,14.049308681788869,14.184977365897456,13.968911827135212,14.054333686828613,1933430,0.0,0.0
2003-01-24 00:00:00-05:00,14.019159941377985,14.044283891633699,13.566928836775155,13.707622528076172,2380996,0.0,0.0
2003-01-27 00:00:00-05:00,13.70761779207713,13.782989616803208,13.36090761340258,13.486528396606445,3008194,0.0,0.0
2003-01-28 00:00:00-05:00,13.451359450955206,13.486533412373058,13.11469807850708,13.340813636779785,3720328,0.0,0.0
2003-01-29 00:00:00-05:00,13.139821748221738,13.355888366699219,12.838334343643577,13.355888366699219,3303841,0.0,0.0
2003-01-30 00:00:00-05:00,13.416178547124531,13.541798236716591,13.169964170589472,13.210163116455078,2966905,0.0,0.0
2003-01-31 00:00:00-05:00,13.094598494441035,13.51165562923596,13.084548484432338,13.451358795166016,3385859,0.0,0.0
2003-02-03 00:00:00-05:00,13.375984860324365,13.65737326808859,13.345835910326905,13.602100372314453,7421469,0.0,0.0
2003-02-04 00:00:00-05:00,13.60713097499933,13.60713097499933,13.059429978833528,13.079527854919434,5428236,0.0,0.0
2003-02-05 00:00:00-05:00,13.290561333466366,13.386033175603563,13.074495857247374,13.109668731689453,3107155,0.0,0.0
2003-02-06 00:00:00-05:00,13.074498574874708,13.164944356899406,12.76798619639293,12.843358039855957,2319174,0.0,0.0
2003-02-07 00:00:00-05:00,12.933807803163422,13.08455153649139,12.833311980944778,12.898634910583496,5045410,0.0,0.0
2003-02-10 00:00:00-05:00,13.034301310088592,13.25539077106427,12.858433666954525,13.06445026397705,2592718,0.0,0.0
2003-02-11 00:00:00-05:00,12.813207106836833,12.818231034940982,12.315752198359881,12.371025085449219,5233457,0.0,0.0
2003-02-12 00:00:00-05:00,12.436343901140008,12.612210360944276,12.371021028609604,12.456442832946777,3418622,0.0,0.0
2003-02-13 00:00:00-05:00,12.446395954141586,12.612213527335586,12.210231564299438,12.506693840026855,2763374,0.0,0.0
2003-02-14 00:00:00-05:00,12.577043256424385,12.943852424621582,12.456448535053198,12.943852424621582,4441437,0.0,0.0
2003-02-18 00:00:00-05:00,13.059425259107744,13.124747096426587,12.974003402311672,13.06445026397705,2005463,0.0,0.0
2003-02-19 00:00:00-05:00,12.989078331170527,13.049376243541268,12.863458576504373,12.999128341674805,1784990,0.0,0.0
2003-02-20 00:00:00-05:00,13.054396101325763,13.114692914593453,12.853404573112712,12.953900337219238,2193622,0.0,0.0
2003-02-21 00:00:00-05:00,13.05439957872002,13.2403161466448,12.913704826296785,13.119721412658691,1414730,0.0,0.0
2003-02-24 00:00:00-05:00,13.11972309108882,13.169970992955284,12.943855434556204,12.999128341674805,1811918,0.0,0.0
2003-02-25 00:00:00-05:00,12.838336015125963,12.999129748633106,12.762964154168412,12.96898078918457,1512905,0.0,0.0
2003-02-26 00:00:00-05:00,12.974002524409219,13.039324357307976,12.823258840494569,12.863456726074219,1955309,0.0,0.0
2003-02-27 00:00:00-05:00,12.762962664854488,13.129772990574583,12.762962664854488,13.07450008392334,1525135,0.0,0.0
2003-02-28 00:00:00-05:00,13.180017914267852,13.295587631341979,13.044348180896298,13.149868965148926,1984930,0.0,0.0
2003-03-03 00:00:00-05:00,13.31065966530734,13.431253284145807,13.054395268126417,13.089568138122559,2191603,0.0,0.0
2003-03-04 00:00:00-05:00,13.114697867077592,13.124747877414233,12.808186531066896,12.808186531066895,1735734,0.0,0.0
2003-03-05 00:00:00-05:00,12.808181214967084,13.200114250183105,12.783057274880749,13.200114250183105,1970905,0.0,0.0
2003-03-06 00:00:00-05:00,13.200117331101218,13.200117331101218,12.888581046514046,12.984050750732422,2029698,0.0,0.0
2003-03-07 00:00:00-05:00,12.883556542763511,13.164943888076326,12.818233635558732,13.08454704284668,1651808,0.0,0.0
2003-03-10 00:00:00-05:00,13.059428998695802,13.064454005004027,12.602172780545715,12.612221717834473,1121663,0.0,0.0
2003-03-11 00:00:00-05:00,12.672515064984445,12.788084791686094,12.215260087343509,12.250432968139648,2511260,0.0,0.0
2003-03-12 00:00:00-05:00,12.185112844614077,12.330831543382521,11.813277514568963,12.0645170211792,3252566,0.0,0.0
2003-03-13 00:00:00-05:00,12.376052217872276,12.627291679382324,12.159985635777277,12.627291679382324,3299353,0.0,0.0
2003-03-14 00:00:00-05:00,12.773011201022598,13.02425067923269,12.662465400479226,12.843358039855957,2095223,0.0,0.0
2003-03-17 00:00:00-05:00,12.687588465763252,13.159918436877916,12.5619687353962,13.11469554901123,2810947,0.0,0.0
2003-03-18 00:00:00-05:00,13.089571066911077,13.265438682223053,13.009174227703017,13.149868965148926,1667516,0.0,0.0
2003-03-19 00:00:00-05:00,13.195092907829213,13.7076207825854,13.164943956295955,13.692546844482422,2566351,0.0,0.0
2003-03-20 00:00:00-05:00,13.566926858647754,13.742794484795343,13.139819766575037,13.642298698425293,2440574,0.0,0.0
2003-03-21 00:00:00-05:00,13.903586926891492,13.938759803771974,13.546826702190014,13.938759803771973,2230199,0.0,0.0
2003-03-24 00:00:00-05:00,13.63727583346261,13.687523734530545,13.315689481693308,13.421210289001465,1745608,0.0,0.0
2003-03-25 00:00:00-05:00,13.350868218796636,13.582007786136526,13.275496340230713,13.481513023376465,1734163,0.0,0.0
2003-03-26 00:00:00-05:00,13.49658448946092,13.541807393226872,13.190072024537589,13.461410522460938,1956880,0.0,0.0
2003-03-27 00:00:00-05:00,13.375980895974164,13.506624515031152,13.159914381135822,13.406129837036133,1204579,0.0,0.0
2003-03-28 00:00:00-05:00,13.350860159859776,13.581999587677716,13.26041331498011,13.521702766418457,1558682,0.0,0.0
2003-03-31 00:00:00-05:00,13.38101098193702,13.42120886840556,13.215192280767788,13.255390167236328,2084115,0.0,0.0
2003-04-01 00:00:00-05:00,13.24031465089302,13.56190093030231,13.190066761131341,13.506628036499023,1790712,0.0,0.0
2003-04-02 00:00:00-05:00,13.777965057694017,13.978956581091117,13.757865045092693,13.888509750366211,1553970,0.0,0.0
2003-04-03 00:00:00-05:00,13.92368246210292,14.02920214226551,13.717665953828531,13.903583526611328,1677727,0.0,0.0
2003-04-04 00:00:00-05:00,13.94378323905894,14.10960082292167,13.863386411148166,14.049304008483887,1593128,0.0,0.0
2003-04-07 00:00:00-04:00,14.37089186149515,14.521635527538548,13.938759803771974,13.938759803771973,1710938,0.0,0.0
2003-04-08 00:00:00-04:00,14.05935842242355,14.074433438406885,13.848317876604204,13.999061584472656,1895507,0.0,0.0
2003-04-09 00:00:00-04:00,13.999058955104429,14.220149470053085,13.642298698425293,13.642298698425293,2030259,0.0,0.0
2003-04-10 00:00:00-04:00,13.742794354833215,13.863389082271386,13.642298569413528,13.853340148925781,1863866,0.0,0.0
2003-04-11 00:00:00-04:00,13.888514586938932,14.039258281982137,13.692547998448244,13.87846565246582,1511783,0.0,0.0
2003-04-14 00:00:00-04:00,13.973936776074327,14.014134665576062,13.843292022202556,13.994035720825195,2433730,0.0,0.0
2003-04-15 00:00:00-04:00,14.06939909512809,14.245266637583528,14.039250158498945,14.195018768310547,1967203,0.0,0.0
2003-04-16 00:00:00-04:00,14.245273634019938,14.245273634019938,13.943786270309268,13.968910217285156,2398724,0.0,0.0
2003-04-17 00:00:00-04:00,13.90861639473336,14.270400664154248,13.90861639473336,14.225177764892578,1512680,0.0,0.0
2003-04-21 00:00:00-04:00,14.300548002656765,14.315621942261116,14.039258497113698,14.139754295349121,1031679,0.0,0.0
2003-04-22 00:00:00-04:00,14.099553360893099,14.591982235758437,13.999057584363259,14.566858291625977,3111306,0.0,0.0
2003-04-23 00:00:00-04:00,14.566860953887847,14.657306739163843,14.421142266353245,14.647257804870605,1536916,0.0,0.0
2003-04-24 00:00:00-04:00,14.521637688509658,14.566860579986878,14.054332684366143,14.26034927368164,2317491,0.0,0.0
2003-04-25 00:00:00-04:00,14.260349515550846,14.396018192283579,14.039257908441455,14.044282913208008,1389260,0.0,0.0
2003-04-28 00:00:00-04:00,14.119654876893367,14.446266210196992,14.094530928177704,14.380943298339844,4828751,0.0,0.0
2003-04-29 00:00:00-04:00,14.396016982777681,14.496512768355947,14.169901465226578,14.330695152282715,1534559,0.0,0.0
2003-04-30 00:00:00-04:00,14.330696508138267,14.5819359958542,14.169902805869121,14.436217308044434,3113999,0.0,0.0
2003-05-01 00:00:00-04:00,14.5216395275323,14.5216395275323,14.094532356095762,14.411093711853027,1427745,0.0,0.0
2003-05-02 00:00:00-04:00,14.220144758525244,14.55680488612372,14.069401128915707,14.46635913848877,2521358,0.0,0.0
2003-05-05 00:00:00-04:00,14.466364470345097,14.612083150943015,14.149803161621094,14.149803161621094,3121067,0.0,0.0
2003-05-06 00:00:00-04:00,13.823193307109653,14.200052559927371,13.818168302006596,14.114630699157715,4209968,0.0,0.0
2003-05-07 00:00:00-04:00,13.803096152511115,14.039260669714807,13.652352431830113,13.848319053649902,2981827,0.0,0.0
2003-05-08 00:00:00-04:00,13.73275033582197,13.833246157204599,13.441311808615758,13.511658668518066,2695493,0.0,0.0
2003-05-09 00:00:00-04:00,13.561903528624622,13.561903528624622,13.365936936074325,13.451358795166016,3712137,0.0,0.0
2003-05-12 00:00:00-04:00,13.456382011583468,14.019157764737356,13.340811213154463,13.853340148925781,2332526,0.0,0.0
2003-05-13 00:00:00-04:00,13.69757169446245,13.767918530361733,13.501605124697555,13.566926956176758,2762588,0.0,0.0
2003-05-14 00:00:00-04:00,13.66742740672667,13.692551362072328,13.441311808615758,13.511658668518066,1839856,0.0,0.0
2003-05-15 00:00:00-04:00,13.61214984530292,13.63727379207604,13.416183275538025,13.566926956176758,2685844,0.0,0.0
2003-05-16 00:00:00-04:00,13.566925312327092,13.767916862158732,13.46642953741127,13.687520027160645,2049109,0.0,0.0
2003-05-19 00:00:00-04:00,13.57195196059684,13.712645632395407,13.340811435218658,13.566926956176758,10167564,0.0,0.0
2003-05-20 00:00:00-04:00,13.667429412844166,13.667429412844166,13.190074191210062,13.370966911315918,5374492,0.0,0.0
2003-05-21 00:00:00-04:00,13.375991627709128,13.416189531158444,13.215197863256279,13.386041641235352,3112989,0.0,0.0
2003-05-22 00:00:00-04:00,13.44633308605016,13.667423616717477,13.360911231431547,13.501605987548828,3322915,0.0,0.0
2003-05-23 00:00:00-04:00,13.516679580835635,13.56190247169556,13.391059842153991,13.456382751464844,1550492,0.0,0.0
2003-05-27 00:00:00-04:00,13.330757924573682,13.69254309320162,13.330757924573682,13.54682445526123,2577122,0.0,0.0
2003-05-28 00:00:00-04:00,13.657370766029704,13.833238354247129,13.63727075282893,13.717667579650879,2893077,0.0,0.0
2003-05-29 00:00:00-04:00,13.767919410232379,13.767919410232379,13.491555978066394,13.501605987548828,3095935,0.0,0.0
2003-05-30 00:00:00-04:00,13.566928629194352,14.059357616540938,13.566928629194352,14.054333686828613,3106257,0.0,0.0
2003-06-02 00:00:00-04:00,14.195021361729598,14.496508632448977,14.129699549871185,14.144773483276367,2118448,0.0,0.0
2003-06-03 00:00:00-04:00,14.220146595714866,14.235220530492546,13.818163531488064,14.049304008483887,2144591,0.0,0.0
2003-06-04 00:00:00-04:00,14.049304271756178,14.396014456083442,14.01915532630879,14.30556869506836,1847597,0.0,0.0
2003-06-05 00:00:00-04:00,14.305575161132909,14.50656678786016,14.300550155399213,14.461342811584473,2011297,0.0,0.0
2003-06-06 00:00:00-04:00,14.571885555483414,14.83317396978812,14.501538716067815,14.541736602783203,3061601,0.0,0.0
2003-06-09 00:00:00-04:00,14.496515166906338,14.54173806283355,14.06940800753082,14.230201721191406,1734051,0.0,0.0
2003-06-10 00:00:00-04:00,14.320642036252455,14.380938849319644,13.943782922106124,14.215121269226074,3321905,0.0,0.0
2003-06-11 00:00:00-04:00,14.215122468415766,14.401040077209474,14.144775642906058,14.401040077209473,2953665,0.0,0.0
2003-06-12 00:00:00-04:00,14.526659171774083,14.571883130963556,14.25029686476505,14.511585235595703,2506548,0.0,0.0
2003-06-13 00:00:00-04:00,14.597007489399697,14.597007489399697,14.275421214067427,14.406065940856934,1879126,0.0,0.0
2003-06-16 00:00:00-04:00,14.521635824586438,14.71760237938602,14.421140045168478,14.672379493713379,1565078,0.0,0.0
2003-06-17 00:00:00-04:00,14.722625647043689,14.747749588935074,14.42113834434706,14.591980934143066,2396031,0.0,0.0
2003-06-18 00:00:00-04:00,14.597015683430941,14.732684415028768,14.476420896901384,14.506569862365723,2223692,0.0,0.0
2003-06-19 00:00:00-04:00,14.546761574629961,14.597009470574484,14.149803411733702,14.200051307678223,2042938,0.0,0.0
2003-06-20 00:00:00-04:00,14.350795393445672,14.436218330779207,14.169903809736825,14.230201721191406,2585537,0.0,0.0
2003-06-23 00:00:00-04:00,14.190000695824855,14.270397540987762,14.04428201883869,14.1749267578125,1959573,0.0,0.0
2003-06-24 00:00:00-04:00,14.370891411288804,14.561832952164483,14.275420640850966,14.385965347290039,2213369,0.0,0.0
2003-06-25 00:00:00-04:00,14.385964543206322,14.561832138250889,14.265369835955466,14.300543785095215,3204881,0.0,0.0
2003-06-26 00:00:00-04:00,14.325675299215552,14.396022159350458,14.20507945289553,14.310600280761719,2481191,0.0,0.0
2003-06-27 00:00:00-04:00,14.345768066410864,14.345768066410864,14.179949386841605,14.27039623260498,2477264,0.0,0.0
2003-06-30 00:00:00-04:00,14.32064751304583,14.431193325603417,14.059357997179239,14.230201721191406,2212808,0.0,0.0
2003-07-01 00:00:00-04:00,14.169898140277056,14.270393902274114,13.958856609952427,14.235219955444336,2693024,0.0,0.0
2003-07-02 00:00:00-04:00,14.320648675112771,14.471392390654064,14.195028912161693,14.421144485473633,1953065,0.0,0.0
2003-07-03 00:00:00-04:00,14.546759163936377,14.72262677059737,14.396015501084097,14.576908111572266,1572707,0.0,0.0
2003-07-07 00:00:00-04:00,14.642228046131924,14.918591392370017,14.6372030429531,14.853269577026367,1629256,0.0,0.0
2003-07-08 00:00:00-04:00,14.787949468440148,14.878395241366627,14.667354746095766,14.863321304321289,1487548,0.0,0.0
2003-07-09 00:00:00-04:00,14.803020620565146,14.928641398727665,14.732673802042672,14.853269577026367,2049670,0.0,0.0
2003-07-10 00:00:00-04:00,14.828140814771192,14.828140814771192,14.355810025436597,14.501529693603516,2107677,0.0,0.0
2003-07-11 00:00:00-04:00,14.81307308560748,14.81307308560748,14.54173469751127,14.612081527709961,1655174,0.0,0.0
2003-07-14 00:00:00-04:00,14.72263111552016,14.863324812239423,14.586961348783568,14.677408218383789,1750320,0.0,0.0
2003-07-15 00:00:00-04:00,14.747753966256585,14.77790184521286,14.421142624726158,14.551787376403809,1745832,0.0,0.0
2003-07-16 00:00:00-04:00,14.561832845293,14.5718828527715,14.240246585233905,14.250296592712402,1881145,0.0,0.0
2003-07-17 00:00:00-04:00,14.260345547333785,14.325667365139815,13.99403112208729,14.049304008483887,1936011,0.0,0.0
2003-07-18 00:00:00-04:00,14.144776337678639,14.164875278050484,13.878462958265523,14.004082679748535,2609099,0.0,0.0
2003-07-21 00:00:00-04:00,14.069407061271159,14.144778907856413,13.793043623791895,13.963886260986328,1589425,0.0,0.0
2003-07-22 00:00:00-04:00,14.019156616195625,14.18497421842233,13.82319006574756,14.004082679748535,2154464,0.0,0.0
2003-07-23 00:00:00-04:00,14.024183859033014,14.270398337381579,13.968910957690923,14.190001487731934,1934665,0.0,0.0
2003-07-24 00:00:00-04:00,14.385968069465388,14.566860712345251,14.174927548878342,14.190001487731934,1925689,0.0,0.0
2003-07-25 00:00:00-04:00,14.29552522156596,14.6522855758667,14.275426273857658,14.6522855758667,1797893,0.0,0.0
2003-07-28 00:00:00-04:00,14.571886320817125,14.647258168862608,14.421142624726158,14.551787376403809,1961817,0.0,0.0
2003-07-29 00:00:00-04:00,14.471386748117165,14.48143675536567,14.05432972786526,14.210097312927246,2532578,0.0,0.0
2003-07-30 00:00:00-04:00,13.968910921386861,14.129704620268264,13.692547490722008,13.918663024902344,5472779,0.0,0.0
2003-07-31 00:00:00-04:00,14.154828499580885,14.164877433632443,13.83324217871146,13.928711891174316,2329384,0.0,0.0
2003-08-01 00:00:00-04:00,14.009113368037413,14.064385207655398,13.531758232709445,13.742798805236816,2035532,0.0,0.0
2003-08-04 00:00:00-04:00,13.627226113634672,13.81816769656526,13.190068969389133,13.747820854187012,2738802,0.0,0.0
2003-08-05 00:00:00-04:00,14.471386829008923,14.71257625105003,14.044279799121083,14.06437873840332,5982392,0.0,0.0
2003-08-06 00:00:00-04:00,14.069402743175672,14.556806556306206,13.943783037421351,14.350790023803711,3352648,0.0,0.0
2003-08-07 00:00:00-04:00,14.280449479348574,14.60706193317032,14.21010262827686,14.571887969970703,2574878,0.0,0.0
2003-08-08 00:00:00-04:00,14.67237708376749,14.787946780984877,14.511583432978314,14.71257495880127,2320745,0.0,0.0
2003-08-11 00:00:00-04:00,13.968918137363906,14.571893206659253,13.968918137363906,14.275430679321289,6816262,0.0,0.0
2003-08-12 00:00:00-04:00,14.396014050397243,14.597005580613027,14.295518285289353,14.546757698059082,3162469,0.0,0.0
2003-08-13 00:00:00-04:00,14.491494806785116,14.717610434226962,14.325677110125547,14.446271896362305,5082211,0.0,0.0
2003-08-14 00:00:00-04:00,14.446266215077397,14.697505702318907,14.345770420180791,14.647257804870605,2120917,0.0,0.0
2003-08-15 00:00:00-04:00,14.597012163420722,14.622136116027832,14.451293453364991,14.622136116027832,994990,0.0,0.0
2003-08-18 00:00:00-04:00,14.62213521568165,14.722631019922142,14.561837303006367,14.682433128356934,2485230,0.0,0.0
2003-08-19 00:00:00-04:00,14.697509196265864,14.697509196265864,14.471393603995459,14.602038383483887,1747739,0.0,0.0
2003-08-20 00:00:00-04:00,14.496516113395112,14.632184810034662,14.496516113395112,14.571887969970703,2276089,0.0,0.0
2003-08-21 00:00:00-04:00,14.682429269290141,14.767850035246449,14.54675953909334,14.556808471679688,1943528,0.0,0.0
2003-08-22 00:00:00-04:00,14.672380683287074,14.677405687730818,14.28044646658436,14.315620422363281,1594923,0.0,0.0
2003-08-25 00:00:00-04:00,14.335717273362878,14.446263053688492,14.245271507879838,14.396015167236328,2325233,0.0,0.0
2003-08-26 00:00:00-04:00,14.370893036383114,14.41611592482788,14.144777518832012,14.330695152282715,2394572,0.0,0.0
2003-08-27 00:00:00-04:00,14.295524418199685,14.310598359301904,14.094532801756666,14.109606742858887,1726758,0.0,0.0
2003-08-28 00:00:00-04:00,14.119653097269014,14.220148879465297,13.983984436500371,14.164875984191895,1694557,0.0,0.0
2003-08-29 00:00:00-04:00,14.144778333081472,14.330695977234594,14.069406489558963,14.280447006225586,1587181,0.0,0.0
2003-09-02 00:00:00-04:00,14.370895705080422,14.682433128356935,14.280448836067496,14.682433128356934,1791834,0.0,0.0
2003-09-03 00:00:00-04:00,14.677404497749718,14.79799921798583,14.551784773477268,14.672379493713379,2655774,0.0,0.0
2003-09-04 00:00:00-04:00,14.57188310774509,14.707551759115844,14.436214456374335,14.576908111572266,1407437,0.0,0.0
2003-09-05 00:00:00-04:00,14.52665768477586,14.61207951524839,14.44626193295119,14.546757698059082,1321492,0.0,0.0
2003-09-08 00:00:00-04:00,14.652282044894063,14.772876777409982,14.556810184463616,14.63720703125,1122337,0.0,0.0
2003-09-09 00:00:00-04:00,14.64726128687244,14.798005015052711,14.53169045007099,14.602038383483887,1324970,0.0,0.0
2003-09-10 00:00:00-04:00,14.60203294351926,14.712577657804955,14.511586095110355,14.516611099243164,1482723,0.0,0.0
2003-09-11 00:00:00-04:00,14.622135332576189,14.672383235098135,14.330697928079898,14.411093711853027,1904595,0.0,0.0
2003-09-12 00:00:00-04:00,14.32065246805105,14.42114830502903,14.19000766491411,14.29050350189209,2584639,0.0,0.0
2003-09-15 00:00:00-04:00,14.260352374737495,14.260352374737495,14.099558641933017,14.184979438781738,1332599,0.0,0.0
2003-09-16 00:00:00-04:00,14.184976219495876,14.300547024760123,14.094530437399799,14.280447006225586,1897302,0.0,0.0
2003-09-17 00:00:00-04:00,14.280449599919326,14.305574627650842,14.154830913226922,14.225177764892578,979618,0.0,0.0
2003-09-18 00:00:00-04:00,14.295519910060849,14.632180116239502,14.245272021795929,14.566858291625977,2007931,0.0,0.0
2003-09-19 00:00:00-04:00,14.526658811750245,14.54675882659282,14.220147564653756,14.396015167236328,2245795,0.0,0.0
2003-09-22 00:00:00-04:00,14.401043048470916,14.401043048470916,14.069406716555767,14.255324363708496,1433467,0.0,0.0
2003-09-23 00:00:00-04:00,14.190000687906123,14.375918325033636,14.154827807454494,14.315620422363281,1722943,0.0,0.0
2003-09-24 00:00:00-04:00,14.280450247178582,14.471392939299847,14.094533636158957,14.184979438781738,2042713,0.0,0.0
2003-09-25 00:00:00-04:00,14.27039860587858,14.335720442576307,14.069407015636493,14.099555969238281,1419442,0.0,0.0
2003-09-26 00:00:00-04:00,14.034234886692753,14.240251508612351,13.943789089424401,14.109606742858887,2272050,0.0,0.0
2003-09-29 00:00:00-04:00,14.2201496392413,14.315620422363281,14.054332019888765,14.315620422363281,2261054,0.0,0.0
2003-09-30 00:00:00-04:00,14.315621594953772,14.315621594953772,13.994035263467813,14.094531059265137,2749349,0.0,0.0
2003-10-01 00:00:00-04:00,14.270398861730566,14.57188625249902,14.210100953445918,14.561836242675781,2558721,0.0,0.0
2003-10-02 00:00:00-04:00,14.576911325752304,14.68243212808146,14.426167629661338,14.551787376403809,1348083,0.0,0.0
2003-10-03 00:00:00-04:00,14.782925835553678,14.95879346892284,14.697505058827907,14.757802963256836,1927147,0.0,0.0
2003-10-06 00:00:00-04:00,14.66232588728447,14.938689212860128,14.622128015513335,14.868342399597168,1023713,0.0,0.0
2003-10-07 00:00:00-04:00,14.86834681612503,14.968842600731312,14.561834458010415,14.963817596435547,1762774,0.0,0.0
2003-10-08 00:00:00-04:00,14.973872016874983,14.973872016874983,14.69750852778096,14.787954330444336,1329009,0.0,0.0
2003-10-09 00:00:00-04:00,14.923619364530087,15.039189083999966,14.83819751947688,14.918594360351562,1675146,0.0,0.0
2003-10-10 00:00:00-04:00,14.973866392716955,15.014064273174073,14.88844455258661,14.913568496704102,1318126,0.0,0.0
2003-10-13 00:00:00-04:00,15.044211412175802,15.27032688204378,15.039186408891105,15.184905052185059,1373889,0.0,0.0
2003-10-14 00:00:00-04:00,15.124610711897908,15.194958623734326,14.998992052270602,15.134660720825195,1800361,0.0,0.0
2003-10-15 00:00:00-04:00,15.225105319738724,15.300476074218748,15.079386663843632,15.30047607421875,3049933,0.0,0.0
2003-10-16 00:00:00-04:00,15.275351736788062,15.45624432598882,15.2050049174675,15.40599536895752,1875086,0.0,0.0
2003-10-17 00:00:00-04:00,15.702458381107757,15.712507312028295,15.436143968817778,15.566788673400879,3078544,0.0,0.0
2003-10-20 00:00:00-04:00,15.54166944659859,15.55171838056678,15.22008312839717,15.365801811218262,2237380,0.0,0.0
2003-10-21 00:00:00-04:00,15.315551927504533,15.622064267306062,15.194957208247578,15.581865310668945,3010214,0.0,0.0
2003-10-22 00:00:00-04:00,15.581868069421144,15.581868069421144,15.14471200030079,15.174860954284668,2823850,0.0,0.0
2003-10-23 00:00:00-04:00,15.174860176856736,15.421074650344295,15.04924043779907,15.305503845214844,1987286,0.0,0.0
2003-10-24 00:00:00-04:00,15.25023037370586,15.285403251647947,15.129634576969504,15.28540325164795,1485752,0.0,0.0
2003-10-27 00:00:00-05:00,15.255254491855236,15.300476300014326,15.174857657142383,15.27535343170166,1627349,0.0,0.0
2003-10-28 00:00:00-05:00,15.29545348766129,15.541667938232422,15.164808756135617,15.541667938232422,2302120,0.0,0.0
2003-10-29 00:00:00-05:00,15.406002096175403,15.481373951643835,15.275358406958793,15.466300010681152,1292993,0.0,0.0
2003-10-30 00:00:00-05:00,15.451224096317832,15.546694885985666,15.32560435324769,15.476346969604492,1575625,0.0,0.0
2003-10-31 00:00:00-05:00,15.576848959342673,15.823063521622942,15.220088556694417,15.777840614318848,1752564,0.0,0.0
2003-11-03 00:00:00-05:00,15.953697040626125,15.988869910199567,15.682357637856072,15.833101272583008,2086696,0.0,0.0
2003-11-04 00:00:00-05:00,15.19998212055461,15.702461010533566,15.19998212055461,15.58689022064209,3950786,0.0,0.0
2003-11-05 00:00:00-05:00,15.703325119937034,15.733699282650402,15.455271443937765,15.728636741638184,2282372,0.204991,0.0
2003-11-06 00:00:00-05:00,15.72863628881609,15.804571151733398,15.61726580655332,15.804571151733398,1510436,0.0,0.0
2003-11-07 00:00:00-05:00,15.971624343636297,15.971624343636297,15.637510817079447,15.642573356628418,1711835,0.0,0.0
2003-11-10 00:00:00-05:00,15.693201596923876,15.693201596923876,15.338838882367275,15.581830024719238,2024088,0.0,0.0
2003-11-11 00:00:00-05:00,15.58182796899239,15.58182796899239,15.435020794716502,15.490705490112305,2044957,0.0,0.0
2003-11-12 00:00:00-05:00,15.561582799540655,15.581831883258554,15.43502467210366,15.500834465026855,1786561,0.0,0.0
2003-11-13 00:00:00-05:00,15.364152957802746,15.465399463840594,15.28821807827436,15.399588584899902,1665497,0.0,0.0
2003-11-14 00:00:00-05:00,15.36414783974503,15.485643389846192,15.186966513200895,15.29833698272705,1805635,0.0,0.0
2003-11-17 00:00:00-05:00,15.35402532494697,15.394524570654957,15.222405755635934,15.348962783813477,1243737,0.0,0.0
2003-11-18 00:00:00-05:00,15.495762990042866,15.62738358337088,15.46538992365596,15.516013145446777,2308403,0.0,0.0
2003-11-19 00:00:00-05:00,15.5160197693645,15.73876182366262,15.450208902925546,15.728636741638184,1789253,0.0,0.0
2003-11-20 00:00:00-05:00,15.667884406591144,15.921000558826838,15.64257387472724,15.71850872039795,2287870,0.0,0.0
2003-11-21 00:00:00-05:00,15.840010566254444,15.87038364993332,15.74382660676444,15.829885482788086,1321043,0.0,0.0
2003-11-24 00:00:00-05:00,15.87038427499085,16.148813247680664,15.850135190620719,16.148813247680664,1783307,0.0,0.0
2003-11-25 00:00:00-05:00,16.148810766749857,16.391801908581137,16.118436603180953,16.356365203857422,1939265,0.0,0.0
2003-11-26 00:00:00-05:00,16.356368015265314,16.70060570592212,16.356368015265314,16.649982452392578,2181280,0.0,0.0
2003-11-28 00:00:00-05:00,16.64998116414238,16.64998116414238,16.503173956937584,16.548734664916992,863603,0.0,0.0
2003-12-01 00:00:00-05:00,16.806909195592475,16.94865490860443,16.756285958808164,16.892969131469727,3168416,0.0,0.0
2003-12-02 00:00:00-05:00,16.887906450423866,16.933467146478215,16.766410899825676,16.847408294677734,2232668,0.0,0.0
2003-12-03 00:00:00-05:00,16.82209875895347,16.832222757463388,16.629729786945937,16.63479232788086,2104199,0.0,0.0
2003-12-04 00:00:00-05:00,16.68035512217455,16.720854371374745,16.503173750743862,16.538610458374023,2496674,0.0,0.0
2003-12-05 00:00:00-05:00,16.477858622626076,16.624665796781557,16.401923765301536,16.48798370361328,1331365,0.0,0.0
2003-12-08 00:00:00-05:00,16.528482768033967,16.852472377089214,16.50317114753652,16.817035675048828,1324745,0.0,0.0
2003-12-09 00:00:00-05:00,16.81197270105207,16.908156639791844,16.614542282931513,16.705663681030273,1260679,0.0,0.0
2003-12-10 00:00:00-05:00,17.085345158681854,17.161280050128447,16.791730678432486,16.887914657592773,2232107,0.0,0.0
2003-12-11 00:00:00-05:00,16.98915616780756,17.277709103527105,16.98915616780756,17.17140007019043,1924454,0.0,0.0
2003-12-12 00:00:00-05:00,17.22708659100319,17.262523300306103,16.958783792087218,17.00940704345703,1533998,0.0,0.0
2003-12-15 00:00:00-05:00,17.282769741959992,17.282769741959992,16.720852604350082,16.80691146850586,2000302,0.0,0.0
2003-12-16 00:00:00-05:00,16.80184667129514,16.80184667129514,16.437360016115736,16.751224517822266,3172343,0.0,0.0
2003-12-17 00:00:00-05:00,16.751223257130615,16.781597413616236,16.50823108860539,16.756284713745117,2136064,0.0,0.0
2003-12-18 00:00:00-05:00,16.74110448502387,16.801851737524203,16.543674018517567,16.7714786529541,2076261,0.0,0.0
2003-12-19 00:00:00-05:00,16.832227584878257,16.908162470600118,16.700606899621647,16.786666870117188,2032727,0.0,0.0
2003-12-22 00:00:00-05:00,16.79172626616519,16.882847678613512,16.68541722940212,16.766414642333984,2017468,0.0,0.0
2003-12-23 00:00:00-05:00,16.7714732136142,16.9334669177706,16.71072489745569,16.862594604492188,1243737,0.0,0.0
2003-12-24 00:00:00-05:00,16.862587631237616,16.933459915207923,16.705655448858085,16.84233856201172,446893,0.0,0.0
2003-12-26 00:00:00-05:00,16.847407183201973,16.8524697231762,16.665163327647985,16.756284713745117,592753,0.0,0.0
2003-12-29 00:00:00-05:00,16.827156740198113,17.065086364746094,16.7107237395485,17.065086364746094,957964,0.0,0.0
2003-12-30 00:00:00-05:00,17.065093761065512,17.120779557260875,17.03471959192621,17.080280303955078,921835,0.0,0.0
2003-12-31 00:00:00-05:00,17.08027547685662,17.130898716661978,16.933468298093054,17.04483985900879,1334956,0.0,0.0
2004-01-02 00:00:00-05:00,17.06003096841509,17.323272319275837,16.93347283499361,16.989158630371094,1456019,0.0,0.0
2004-01-05 00:00:00-05:00,16.99927645006316,17.459946992170217,16.994213910217653,17.161270141601562,1650013,0.0,0.0
2004-01-06 00:00:00-05:00,17.08534104004531,17.13090174725822,16.93347129376224,17.01953125,1830431,0.0,0.0
2004-01-07 00:00:00-05:00,16.45255218987159,16.908161477440977,16.351306764883006,16.8575382232666,2746095,0.0,0.0
2004-01-08 00:00:00-05:00,16.85753480850709,16.85753480850709,16.604419672267845,16.746164321899414,2124170,0.0,0.0
2004-01-09 00:00:00-05:00,16.746164261510042,16.923345614590538,16.59429453029819,16.6651668548584,1810796,0.0,0.0
2004-01-12 00:00:00-05:00,16.644920172870624,16.670231798387128,16.467738794255073,16.518362045288086,2288095,0.0,0.0
2004-01-13 00:00:00-05:00,16.59429416712134,16.77147551632411,16.528483301687213,16.63479232788086,1973261,0.0,0.0
2004-01-14 00:00:00-05:00,16.72591166071975,16.979027842532563,16.70566258284668,16.847408294677734,2425091,0.0,0.0
2004-01-15 00:00:00-05:00,16.837284249611848,16.898032570327068,16.619604753208712,16.741100311279297,1565863,0.0,0.0
2004-01-16 00:00:00-05:00,16.82716178894043,16.989156613835945,16.705666211948806,16.82716178894043,1707684,0.0,0.0
2004-01-20 00:00:00-05:00,16.806914969092226,16.908161477440977,16.700605918654,16.8575382232666,2348795,0.0,0.0
2004-01-21 00:00:00-05:00,16.93346784318427,17.196709116444243,16.867658066549197,17.191646575927734,1974383,0.0,0.0
2004-01-22 00:00:00-05:00,17.110653459273312,17.28277229638428,17.019532040614596,17.26758575439453,1845578,0.0,0.0
2004-01-23 00:00:00-05:00,17.363763068544337,17.434635376302367,16.95877721465879,17.161270141601562,1418993,0.0,0.0
2004-01-26 00:00:00-05:00,17.11065753040859,17.30808804005048,16.8929779321758,17.135969161987305,1247552,0.0,0.0
2004-01-27 00:00:00-05:00,17.08027981919861,17.25746120356242,16.994220939666558,17.004344940185547,1981676,0.0,0.0
2004-01-28 00:00:00-05:00,17.00940096800531,17.29795274773168,16.898030504787307,16.953716278076172,1880135,0.0,0.0
2004-01-29 00:00:00-05:00,16.979034891939314,17.00434652062955,16.715794603576967,16.94866180419922,2170733,0.0,0.0
2004-01-30 00:00:00-05:00,16.9587791862432,17.10052490159795,16.82715855175658,16.98409080505371,1953963,0.0,0.0
2004-02-02 00:00:00-05:00,17.054961566883613,17.35870096493088,16.98915179731726,17.29795265197754,1903922,0.0,0.0
2004-02-03 00:00:00-05:00,17.196705566047306,17.61687792505219,17.090396570588357,17.576379776000977,2183524,0.0,0.0
2004-02-04 00:00:00-05:00,17.33845870205429,17.495391002721796,17.28783544915252,17.389081954956055,1883053,0.0,0.0
2004-02-05 00:00:00-05:00,17.384013610157087,17.52575822878976,17.2422679081647,17.4498233795166,1582244,0.0,0.0
2004-02-06 00:00:00-05:00,17.37895337794868,17.718128433058613,17.353641758163167,17.70294189453125,1396105,0.0,0.0
2004-02-09 00:00:00-05:00,17.64220214123143,17.702950491561637,17.53083161010656,17.65738868713379,1322950,0.0,0.0
2004-02-10 00:00:00-05:00,17.71813237257505,18.052246044703864,17.66244657999356,17.971248626708984,2964997,0.0,0.0
2004-02-11 00:00:00-05:00,17.880122473217714,18.01680456423528,17.22708184381446,17.900371551513672,4171372,0.0,0.0
2004-02-12 00:00:00-05:00,17.900372789371044,17.900372789371044,17.328329516953147,17.439701080322266,2596308,0.0,0.0
2004-02-13 00:00:00-05:00,17.465012101673253,17.718128297593143,17.348579084894045,17.54094696044922,1727319,0.0,0.0
2004-02-17 00:00:00-05:00,17.743441490414572,17.97124608694086,17.66750662490581,17.849750518798828,1605694,0.0,0.0
2004-02-18 00:00:00-05:00,18.037053642531237,18.12311357948882,17.758625836722345,17.900371551513672,2381894,0.0,0.0
2004-02-19 00:00:00-05:00,17.971243726531732,17.996555345043465,17.814311475087024,17.85481071472168,1518515,0.0,0.0
2004-02-20 00:00:00-05:00,17.85988174375397,17.935816639986538,17.515643980843816,17.65738868713379,1943865,0.0,0.0
2004-02-23 00:00:00-05:00,17.627002055714122,17.76874665312754,17.586502825482036,17.64725112915039,1260343,0.0,0.0
2004-02-24 00:00:00-05:00,17.525755455102953,17.82443226496913,17.480193686062048,17.6016902923584,1593913,0.0,0.0
2004-02-25 00:00:00-05:00,17.718135680602973,17.82950620319905,17.566265899768077,17.591577529907227,1287495,0.0,0.0
2004-02-26 00:00:00-05:00,17.520705534293473,17.702949491629862,17.434645556746744,17.621952056884766,2152557,0.0,0.0
2004-02-27 00:00:00-05:00,17.652317845104257,18.21423711308078,17.652317845104257,17.794063568115234,4534339,0.0,0.0
2004-03-01 00:00:00-05:00,17.94593210802,18.072490200578663,17.768750778437862,17.85481071472168,2011185,0.0,0.0
2004-03-02 00:00:00-05:00,17.85481286374076,17.90037356587364,17.657381348898383,17.72319221496582,2030371,0.0,0.0
2004-03-03 00:00:00-05:00,17.68775098187671,17.93580459295292,17.682688442189512,17.920618057250977,1890346,0.0,0.0
2004-03-04 00:00:00-05:00,17.844686345009787,18.097802540212754,17.738377326352573,18.05730438232422,1452541,0.0,0.0
2004-03-05 00:00:00-05:00,17.92062143457844,18.05224207445262,17.778876796781542,17.925683975219727,1604123,0.0,0.0
2004-03-08 00:00:00-05:00,17.672572668135583,17.900377309806135,17.672572668135583,17.78394317626953,1438292,0.0,0.0
2004-03-09 00:00:00-05:00,17.758630546173386,17.829502880683933,17.61688587715229,17.748506546020508,1379948,0.0,0.0
2004-03-10 00:00:00-05:00,17.73837965587448,17.73837965587448,17.303019526279023,17.348581314086914,2664301,0.0,0.0
2004-03-11 00:00:00-05:00,16.984092138815047,17.318205750023708,16.832222414025647,16.943593978881836,3787199,0.0,0.0
2004-03-12 00:00:00-05:00,17.110653278362967,17.40933024009765,16.83222540018723,17.36376953125,3045669,0.0,0.0
2004-03-15 00:00:00-05:00,17.313146776510756,17.313146776510756,16.837288424126857,17.216962814331055,2790302,0.0,0.0
2004-03-16 00:00:00-05:00,17.292890548706055,17.353638859387747,17.186581546692935,17.292890548706055,1642945,0.0,0.0
2004-03-17 00:00:00-05:00,17.38908011015001,17.72319376052761,17.33845686261886,17.692819595336914,2224028,0.0,0.0
2004-03-18 00:00:00-05:00,17.566261238110712,18.107929329326822,17.515637991266587,18.047182083129883,3179636,0.0,0.0
2004-03-19 00:00:00-05:00,18.04212096757568,18.04212096757568,17.73838146250753,17.748506546020508,3773623,0.0,0.0
2004-03-22 00:00:00-05:00,17.692819981047524,17.74344322968228,17.328332157533247,17.606760025024414,2852573,0.0,0.0
2004-03-23 00:00:00-05:00,17.540940300276848,17.76874479010898,17.530816306299972,17.611812591552734,2405344,0.0,0.0
2004-03-24 00:00:00-05:00,17.49032533374258,17.616883443370238,17.43463954883442,17.47513771057129,1823587,0.0,0.0
2004-03-25 00:00:00-05:00,17.51563162375196,17.814308454881324,17.449821860122647,17.76368522644043,2254322,0.0,0.0
2004-03-26 00:00:00-05:00,17.677633800574053,17.971248215303838,17.616885467628542,17.85987663269043,2571175,0.0,0.0
2004-03-29 00:00:00-05:00,17.920622567971446,18.19398786293156,17.895310946524027,18.12311553955078,3273659,0.0,0.0
2004-03-30 00:00:00-05:00,18.072492223881163,18.188926332086382,18.05730568441784,18.158552169799805,1964734,0.0,0.0
2004-03-31 00:00:00-05:00,18.10793566039555,18.10793566039555,17.96112840989145,18.062376022338867,2208881,0.0,0.0
2004-04-01 00:00:00-05:00,18.08262212438096,18.229430442789443,18.077559581787515,18.168682098388672,2206974,0.0,0.0
2004-04-02 00:00:00-05:00,18.274985883139745,18.37117092026619,18.128179765134195,18.361045837402344,1605021,0.0,0.0
2004-04-05 00:00:00-04:00,18.371165287654826,18.57871967248708,18.33572859185631,18.5584716796875,1774331,0.0,0.0
2004-04-06 00:00:00-04:00,18.477475820823024,18.548349222440702,18.37622934235189,18.528099060058594,1089911,0.0,0.0
2004-04-07 00:00:00-04:00,18.41166573834579,18.48253913879012,18.14842554869483,18.18892478942871,2751593,0.0,0.0
2004-04-08 00:00:00-04:00,18.325613108897084,18.411670904946202,18.15855572529063,18.199052810668945,1684683,0.0,0.0
2004-04-12 00:00:00-04:00,18.27497487974176,18.43696960786577,18.14841792030406,18.366098403930664,1699606,0.0,0.0
2004-04-13 00:00:00-04:00,18.366110633173985,18.553414927856938,17.900376292223502,17.971248626708984,1743139,0.0,0.0
2004-04-14 00:00:00-04:00,17.794066969428194,18.26486384474133,17.76875534441222,17.905437469482422,2479059,0.0,0.0
2004-04-15 00:00:00-04:00,17.971240679720026,18.021863908160924,17.62194062014977,17.76368522644043,1602889,0.0,0.0
2004-04-16 00:00:00-04:00,17.7181351960793,17.93581477597915,17.7181351960793,17.819381713867188,1793741,0.0,0.0
2004-04-19 00:00:00-04:00,17.74344049132763,17.789001191395492,17.611819848518333,17.697879791259766,1367381,0.0,0.0
2004-04-20 00:00:00-04:00,17.76875381995974,17.78900290156325,17.308082067519898,17.348581314086914,1300847,0.0,0.0
2004-04-21 00:00:00-04:00,17.32327255295227,17.43970560392656,17.211900960694997,17.303022384643555,1433018,0.0,0.0
2004-04-22 00:00:00-04:00,17.211899119017325,17.692819981047524,17.130901704529702,17.606760025024414,1722943,0.0,0.0
2004-04-23 00:00:00-04:00,17.313146456265084,17.601699420826886,17.211899954083414,17.490327835083008,1492933,0.0,0.0
2004-04-26 00:00:00-04:00,17.439705207857823,17.56626334011224,17.323272159527818,17.389081954956055,1475206,0.0,0.0
2004-04-27 00:00:00-04:00,17.773809192326496,18.204106607125258,17.54094213941055,17.64725112915039,2802644,0.0,0.0
2004-04-28 00:00:00-04:00,17.652322620926583,17.652322620926583,17.252400213952267,17.303022384643555,2007034,0.0,0.0
2004-04-29 00:00:00-04:00,17.27770898679463,17.530825215238497,17.237209740227613,17.348581314086914,1971915,0.0,0.0
2004-04-30 00:00:00-04:00,17.414392162599626,17.728255655003007,17.31820820659472,17.465015411376953,2722084,0.0,0.0
2004-05-03 00:00:00-04:00,17.46502071668877,17.713074494376414,17.338462556301156,17.65738868713379,2464361,0.0,0.0
2004-05-04 00:00:00-04:00,17.870007373317087,17.870007373317087,17.419460525309113,17.510581970214844,3375986,0.0,0.0
2004-05-05 00:00:00-04:00,17.1865852030059,17.55613551877908,17.1865852030059,17.247333526611328,2334994,0.0,0.0
2004-05-06 00:00:00-04:00,17.186586928545278,17.414391539897426,17.04990372838998,17.34351921081543,2247029,0.0,0.0
2004-05-07 00:00:00-04:00,17.11065047459549,17.24733366210149,16.91322004636676,16.928407669067383,2298641,0.0,0.0
2004-05-10 00:00:00-04:00,16.705672127400323,16.847417920215864,16.50317906625848,16.811981201171875,2379762,0.0,0.0
2004-05-11 00:00:00-04:00,16.806906290969078,17.009399203110853,16.806906290969078,16.99927520751953,2047874,0.0,0.0
2004-05-12 00:00:00-04:00,16.93347258894653,17.242274646680016,16.887911878248833,17.227087020874023,2086359,0.0,0.0
2004-05-13 00:00:00-04:00,17.201777191797568,17.500454178055595,17.10053068232975,17.2878360748291,1955309,0.0,0.0
2004-05-14 00:00:00-04:00,17.328328948172743,17.444763048484088,17.09546291426976,17.28276824951172,1864540,0.0,0.0
2004-05-17 00:00:00-04:00,17.110653546196662,17.18152588144238,16.85753728934759,17.00940704345703,1690630,0.0,0.0
2004-05-18 00:00:00-04:00,17.009404093396125,17.20683560618455,16.999280094894107,17.115713119506836,2270143,0.0,0.0
2004-05-19 00:00:00-04:00,17.186589354262555,17.333396574515657,17.03471959192621,17.080280303955078,2822840,0.0,0.0
2004-05-20 00:00:00-04:00,17.049901753942322,17.110650076612,16.958780353297698,17.039777755737305,1989530,0.0,0.0
2004-05-21 00:00:00-04:00,17.135961390126123,17.26758203131215,17.0347149097307,17.20683479309082,1576634,0.0,0.0
2004-05-24 00:00:00-04:00,17.333396160092082,17.4599542923465,17.237212196250756,17.389081954956055,1694781,0.0,0.0
2004-05-25 00:00:00-04:00,17.36376901691002,17.672571052957057,17.186587645137465,17.627010345458984,1793741,0.0,0.0
2004-05-26 00:00:00-04:00,17.566262620094687,17.99656025212238,17.500452827363905,17.971248626708984,2805000,0.0,0.0
2004-05-27 00:00:00-04:00,17.945934733497765,18.087679384556694,17.880124949083257,17.940872192382812,2044621,0.0,0.0
2004-05-28 00:00:00-04:00,17.87505977629735,17.99655532836914,17.80925000157174,17.99655532836914,1386792,0.0,0.0
2004-06-01 00:00:00-04:00,17.86999417511618,18.10286124199435,17.86999417511618,18.082611083984375,1697698,0.0,0.0
2004-06-02 00:00:00-04:00,18.097793526328015,18.229414098949874,17.910487201824683,18.133230209350586,1485752,0.0,0.0
2004-06-03 00:00:00-04:00,18.11805256976722,18.11805256976722,17.93074614214557,18.011743545532227,1792058,0.0,0.0
2004-06-04 00:00:00-04:00,18.011740245969957,18.214234259021765,18.011740245969957,18.087675094604492,1301520,0.0,0.0
2004-06-07 00:00:00-04:00,18.13830135693516,18.477476420811012,18.133239899535134,18.42685317993164,1747403,0.0,0.0
2004-06-08 00:00:00-04:00,18.30030059814453,18.4521703665952,18.254740967641588,18.30030059814453,2631988,0.0,0.0
2004-06-09 00:00:00-04:00,18.30029262470118,18.396477636166935,18.092738231604947,18.102863311767578,1802605,0.0,0.0
2004-06-10 00:00:00-04:00,18.148422743551947,18.2901684391716,18.118048588536332,18.24966812133789,1019000,0.0,0.0
2004-06-14 00:00:00-04:00,18.24967821098799,18.315490180493388,18.097809518666015,18.183868408203125,1409569,0.0,0.0
2004-06-15 00:00:00-04:00,18.22436174759584,18.376231482993802,18.077554553383134,18.148427963256836,1920640,0.0,0.0
2004-06-16 00:00:00-04:00,18.22435888139332,18.22435888139332,17.961118698120117,17.961118698120117,1676380,0.0,0.0
2004-06-17 00:00:00-04:00,17.976309655353504,18.107929229736328,17.748505045807836,18.107929229736328,1836602,0.0,0.0
2004-06-18 00:00:00-04:00,18.02693187165261,18.168676520591653,17.758628030172343,17.849750518798828,2531793,0.0,0.0
2004-06-21 00:00:00-04:00,17.844692064557265,17.895315319823528,17.687759756559803,17.7181339263916,2396816,0.0,0.0
2004-06-22 00:00:00-04:00,17.718127593043345,17.991492857094666,17.64219273728688,17.961118698120117,1606031,0.0,0.0
2004-06-23 00:00:00-04:00,17.961119801903685,17.966182342603858,17.763689381475935,17.935808181762695,1542638,0.0,0.0
2004-06-24 00:00:00-04:00,17.89025164534405,18.08261956983674,17.870002561191157,17.9661865234375,1550492,0.0,0.0
2004-06-25 00:00:00-04:00,17.971247750236365,18.067431705444267,17.799128922491686,17.981372833251953,2560292,0.0,0.0
2004-06-28 00:00:00-04:00,18.08262060606382,18.193992200327095,17.956063552015827,17.9763126373291,1060178,0.0,0.0
2004-06-29 00:00:00-04:00,17.9763089559593,18.08261690292321,17.92568571136317,18.021869659423828,1037401,0.0,0.0
2004-06-30 00:00:00-04:00,18.072493095557853,18.209175207400033,17.935809900355693,18.148427963256836,1445248,0.0,0.0
2004-07-01 00:00:00-04:00,18.153488319829375,18.35091765205587,17.869997964530086,18.05730438232422,1488670,0.0,0.0
2004-07-02 00:00:00-04:00,18.082618246607606,18.19905128448664,17.956061209073027,17.981372833251953,763633,0.0,0.0
2004-07-06 00:00:00-04:00,17.89530981473186,18.016805373323464,17.84974911567999,17.925683975219727,1279192,0.0,0.0
2004-07-07 00:00:00-04:00,17.864938813107937,18.042120183363053,17.753567232746413,17.82950210571289,1697586,0.0,0.0
2004-07-08 00:00:00-04:00,17.768752111738653,17.839624432217537,17.682692168997217,17.697879791259766,1213331,0.0,0.0
2004-07-09 00:00:00-04:00,17.768756888592375,17.814317600908527,17.53082824278128,17.5460147857666,1256528,0.0,0.0
2004-07-12 00:00:00-04:00,17.581442842977978,17.839621546073513,17.56119376659709,17.768749237060547,1265504,0.0,0.0
2004-07-13 00:00:00-04:00,17.73838301182607,17.83456698015993,17.57638924499014,17.7181339263916,1329121,0.0,0.0
2004-07-14 00:00:00-04:00,17.642192559638474,17.72825141194668,17.495385389992876,17.551071166992188,1261801,0.0,0.0
2004-07-15 00:00:00-04:00,17.591572803470925,17.59663534481063,17.36376819342425,17.404266357421875,1140850,0.0,0.0
2004-07-16 00:00:00-04:00,17.490324928227384,17.59663395452182,17.308081037916914,17.338455200195312,1756154,0.0,0.0
2004-07-19 00:00:00-04:00,17.409329929673984,17.530826595581445,17.34352013844084,17.414392471313477,1544321,0.0,0.0
2004-07-20 00:00:00-04:00,17.454890555275874,17.454890555275874,17.065091125470556,17.358705520629883,1721036,0.0,0.0
2004-07-21 00:00:00-04:00,17.414391190912006,17.59663509301355,17.389079567935678,17.535886764526367,2371347,0.0,0.0
2004-07-22 00:00:00-04:00,17.41439501265993,17.50551644202813,17.039783127070315,17.313148498535156,2011746,0.0,0.0
2004-07-23 00:00:00-04:00,17.237208747422315,17.247333829320898,17.039778317279424,17.19671058654785,1557785,0.0,0.0
2004-07-26 00:00:00-04:00,17.23721189846992,17.313146776510756,17.034718890361013,17.216962814331055,1405754,0.0,0.0
2004-07-27 00:00:00-04:00,17.338453521020696,17.465011615457335,17.211895426584054,17.323266983032227,1680868,0.0,0.0
2004-07-28 00:00:00-04:00,17.211899779517783,17.465016032404815,17.04990494432604,17.36376953125,1792058,0.0,0.0
2004-07-29 00:00:00-04:00,17.84468540992427,18.02692927759255,17.520696913713877,17.986431121826172,3907477,0.0,0.0
2004-07-30 00:00:00-04:00,18.097802540212754,18.158550860405406,17.925683744146706,18.05730438232422,3298119,0.0,0.0
2004-08-02 00:00:00-04:00,18.057305375465713,18.350918661345926,17.86999894736983,18.32560920715332,2619870,0.0,0.0
2004-08-03 00:00:00-04:00,18.123118683335463,18.290176063883518,18.00162309598423,18.143367767333984,3011448,0.0,0.0
2004-08-04 00:00:00-04:00,18.097796920340496,18.457222022589125,18.026924624363467,18.280040740966797,3424681,0.0,0.0
2004-08-05 00:00:00-04:00,18.280045072303885,18.371166462527896,17.991492197661568,18.097801208496094,2305149,0.0,0.0
2004-08-06 00:00:00-04:00,17.920619744244824,18.244608231049366,17.763687499326444,18.0522403717041,3195793,0.0,0.0
2004-08-09 00:00:00-04:00,18.10286645906483,18.158552242921136,17.930746566534452,18.12311553955078,2464024,0.0,0.0
2004-08-10 00:00:00-04:00,18.04718288365718,18.33067329523119,17.971248010022716,18.295236587524414,2181505,0.0,0.0
2004-08-11 00:00:00-04:00,18.168675929356,18.335732194695037,17.99655712314246,18.290172576904297,1969895,0.0,0.0
2004-08-12 00:00:00-04:00,18.224366816835715,18.33573842045037,18.12818392436168,18.168682098388672,3244263,0.0,0.0
2004-08-13 00:00:00-04:00,18.123117393447718,18.22436280623431,17.971247649227763,18.0421199798584,2319511,0.0,0.0
2004-08-16 00:00:00-04:00,18.209174161963723,18.29017264955761,18.133240381984276,18.254735946655273,1523115,0.0,0.0
2004-08-17 00:00:00-04:00,18.264863814127843,18.431920105609226,18.183865314180387,18.244613647460938,1613773,0.0,0.0
2004-08-18 00:00:00-04:00,18.234485354929195,18.725531226337903,18.123114874662406,18.624284744262695,2035981,0.0,0.0
2004-08-19 00:00:00-04:00,18.55341442177167,18.644538004150455,18.381296673687608,18.563539505004883,1430999,0.0,0.0
2004-08-20 00:00:00-04:00,18.507855824309004,18.644539038741627,18.411670778336347,18.573665618896484,1554755,0.0,0.0
2004-08-23 00:00:00-04:00,18.578726255934104,18.624288047637116,18.28511183918182,18.350921630859375,1453439,0.0,0.0
2004-08-24 00:00:00-04:00,18.47747975590089,18.548353172612206,18.33067363088483,18.350921630859375,1137596,0.0,0.0
2004-08-25 00:00:00-04:00,18.335732577890496,18.497727389100454,18.173738850040472,18.452165603637695,1545667,0.0,0.0
2004-08-26 00:00:00-04:00,18.477483663788338,18.538232010000247,18.36611422357391,18.512920379638672,894346,0.0,0.0
2004-08-27 00:00:00-04:00,18.55341442177167,18.61416275445081,18.528102797048707,18.563539505004883,1717670,0.0,0.0
2004-08-30 00:00:00-04:00,18.528099747586015,18.629346229814132,18.467353591624974,18.482540130615234,877741,0.0,0.0
2004-08-31 00:00:00-04:00,18.48253847351994,18.857149124145508,18.452163231542997,18.857149124145508,2067734,0.0,0.0
2004-09-01 00:00:00-04:00,18.872341447348994,18.89259161487492,18.679973522733697,18.715410232543945,1774219,0.0,0.0
2004-09-02 00:00:00-04:00,18.781215250294668,18.826777032280148,18.58378591737024,18.760967254638672,1633408,0.0,0.0
2004-09-03 00:00:00-04:00,18.7710951356277,19.059648108869425,18.7710951356277,18.94827651977539,1383763,0.0,0.0
2004-09-07 00:00:00-04:00,19.211506583931428,19.333003185538168,19.13051029400627,19.30769157409668,2126863,0.0,0.0
2004-09-08 00:00:00-04:00,19.307702845444332,19.363387556435324,19.16595817196886,19.18114471435547,1633520,0.0,0.0
2004-09-09 00:00:00-04:00,19.23682839175006,19.39376176590037,19.100147350894186,19.171018600463867,1960471,0.0,0.0
2004-09-10 00:00:00-04:00,19.17102082418802,19.317829132080078,19.13558411193265,19.317829132080078,1835816,0.0,0.0
2004-09-13 00:00:00-04:00,19.368452632383367,19.606382369995117,19.26720611992904,19.606382369995117,2284504,0.0,0.0
2004-09-14 00:00:00-04:00,19.63169110946811,19.697503073519652,19.262141785943424,19.348201751708984,2396929,0.0,0.0
2004-09-15 00:00:00-04:00,19.353260486182343,19.41907026688195,19.145703895705363,19.23176383972168,1714977,0.0,0.0
2004-09-16 00:00:00-04:00,19.23682839175006,19.307701808039894,19.003962309746573,19.171018600463867,1934104,0.0,0.0
2004-09-17 00:00:00-04:00,18.983714740793975,19.100149964448196,18.86222022488413,19.034337997436523,3424793,0.0,0.0
2004-09-20 00:00:00-04:00,18.9837133639094,19.014088615724088,18.750847266931586,18.862218856811523,1730797,0.0,0.0
2004-09-21 00:00:00-04:00,18.857151952515697,19.120393255534612,18.755905464179182,19.044458389282227,1602889,0.0,0.0
2004-09-22 00:00:00-04:00,18.841962532979803,18.953334086472964,18.67490628609986,18.75084114074707,1720363,0.0,0.0
2004-09-23 00:00:00-04:00,18.806528321210084,18.867276646305456,18.629346970268514,18.79134178161621,2138195,0.0,0.0
2004-09-24 00:00:00-04:00,18.831842368655504,19.135581866539635,18.776157660731478,19.06471061706543,1965856,0.0,0.0
2004-09-27 00:00:00-04:00,19.07483728714038,19.084960204535836,18.887530814519447,18.917903900146484,2100608,0.0,0.0
2004-09-28 00:00:00-04:00,19.009027783471915,19.26720771159092,18.806534741835335,19.15583610534668,2637598,0.0,0.0
2004-09-29 00:00:00-04:00,19.155823574533805,19.393753176158874,19.084950189634696,19.322879791259766,3896145,0.0,0.0
2004-09-30 00:00:00-04:00,19.35326578963553,19.591193356848212,19.292517449758083,19.565881729125977,4138721,0.0,0.0
2004-10-01 00:00:00-04:00,19.667127713405897,20.036677034911346,19.555756121066082,19.9354305267334,2649940,0.0,0.0
2004-10-04 00:00:00-04:00,19.9455489937978,20.249288417563637,19.9455489937978,20.08729362487793,2987325,0.0,0.0
2004-10-05 00:00:00-04:00,20.24929283634504,20.289791001674033,20.011363135797083,20.21891975402832,2826879,0.0,0.0
2004-10-06 00:00:00-04:00,20.401164190823188,20.431539442256316,20.107549760624543,20.26954460144043,2259932,0.0,0.0
2004-10-07 00:00:00-04:00,20.20879560238202,20.213857060761374,19.808871055366613,20.06705093383789,2289217,0.0,0.0
2004-10-08 00:00:00-04:00,19.839243568863346,19.86961664838973,19.464630698865154,19.505128860473633,2799390,0.0,0.0
2004-10-11 00:00:00-04:00,19.555746177958675,19.73292747718236,19.5304367305031,19.611433029174805,1536355,0.0,0.0
2004-10-12 00:00:00-04:00,19.596250833554155,19.636748991858223,19.43931749088628,19.54562759399414,1426062,0.0,0.0
2004-10-13 00:00:00-04:00,19.570945410017828,19.606382122273192,19.272267335363118,19.317829132080078,1758062,0.0,0.0
2004-10-14 00:00:00-04:00,19.353258575959252,19.358320032928948,18.786277892971825,18.857149124145508,2788507,0.0,0.0
2004-10-15 00:00:00-04:00,19.25201761497463,19.25201761497463,16.70060489438,17.713069915771484,14794243,0.0,0.0
2004-10-18 00:00:00-04:00,17.323270748144463,17.839627235657147,17.146089377423824,17.465015411376953,6295093,0.0,0.0
2004-10-19 00:00:00-04:00,17.414391584964196,17.819377561749413,16.7461653732846,17.20177459716797,7816974,0.0,0.0
2004-10-20 00:00:00-04:00,17.66750626658172,17.799126914132767,17.31314356806118,17.45488929748535,7120997,0.0,0.0
2004-10-21 00:00:00-04:00,17.500452118865102,17.571324450481345,17.080278503997267,17.465015411376953,4370078,0.0,0.0
2004-10-22 00:00:00-04:00,17.515640213647583,17.966186951053558,17.34352136921116,17.434642791748047,3765095,0.0,0.0
2004-10-25 00:00:00-04:00,17.429580499042988,17.844690505953402,17.262523121239447,17.748506546020508,3195119,0.0,0.0
2004-10-26 00:00:00-04:00,18.73059444567565,18.73059444567565,18.072493333641418,18.604036331176758,4648895,0.0,0.0
2004-10-27 00:00:00-04:00,18.598971282167614,18.98877063290515,18.31041840348037,18.963459014892578,3515563,0.0,0.0
2004-10-28 00:00:00-04:00,19.338076580036883,19.338076580036883,18.624289563398342,19.186206817626953,3649417,0.0,0.0
2004-10-29 00:00:00-04:00,19.297574161354316,19.41400718688965,19.135579350439137,19.41400718688965,2385035,0.0,0.0
2004-11-01 00:00:00-05:00,19.60131199516472,19.682308310551143,19.246949323589675,19.36338233947754,2660374,0.0,0.0
2004-11-02 00:00:00-05:00,19.439321439958483,19.626627897725538,19.343138565286868,19.47475814819336,3314388,0.0,0.0
2004-11-03 00:00:00-05:00,19.828278886086736,19.961493489212653,19.495245667683847,19.602842330932617,2334433,0.409982,0.0
2004-11-04 00:00:00-05:00,19.60284844407108,20.192061244991137,19.582353208601425,20.171566009521484,2140776,0.0,0.0
2004-11-05 00:00:00-05:00,20.18693633965275,20.23817223538493,20.012735609928512,20.171566009521484,1730797,0.0,0.0
2004-11-08 00:00:00-05:00,20.299661557328037,20.40725609197557,20.053729626031842,20.39188575744629,2784580,0.0,0.0
2004-11-09 00:00:00-05:00,20.366262303621223,20.519969993300073,20.017858645604235,20.02298355102539,2966680,0.0,0.0
2004-11-10 00:00:00-05:00,20.161310534317554,20.279152609986575,20.017850520766526,20.135692596435547,2423071,0.0,0.0
2004-11-11 00:00:00-05:00,20.263795981464668,20.48923486436935,20.217682784934254,20.39188575744629,2275079,0.0,0.0
2004-11-12 00:00:00-05:00,20.443118143767105,20.443118143767105,19.49525396489998,19.674579620361328,5730391,0.0,0.0
2004-11-15 00:00:00-05:00,19.674570785831975,20.463604192736835,19.597716968001286,20.34063720703125,4283684,0.0,0.0
2004-11-16 00:00:00-05:00,20.03321994136467,20.361130408641326,20.022974521026836,20.15106201171875,2411627,0.0,0.0
2004-11-17 00:00:00-05:00,20.18692780641273,20.57119686196925,20.18180509618172,20.437984466552734,1868691,0.0,0.0
2004-11-18 00:00:00-05:00,20.13570277499391,20.391882283312235,20.13570277499391,20.24329948425293,2031718,0.0,0.0
2004-11-19 00:00:00-05:00,20.18180498196382,20.345760216661574,19.853894512568303,19.90513038635254,2542676,0.0,0.0
2004-11-22 00:00:00-05:00,19.946130102879444,20.361139996089353,19.802667835305716,20.309904098510742,2028352,0.0,0.0
2004-11-23 00:00:00-05:00,20.386749822691165,20.41236776127415,20.058839331652518,20.2381649017334,1696240,0.0,0.0
2004-11-24 00:00:00-05:00,20.13570044392057,20.417497870447555,20.022983227663335,20.171566009521484,1435487,0.0,0.0
2004-11-26 00:00:00-05:00,20.263786779956394,20.27915710750622,20.13057435060248,20.176685333251953,473035,0.0,0.0
2004-11-29 00:00:00-05:00,20.058840272707766,20.084458212492606,19.597717356580603,19.879514694213867,3398987,0.0,0.0
2004-11-30 00:00:00-05:00,19.853906772696668,20.07422072742833,19.777052914561736,19.981996536254883,2760681,0.0,0.0
2004-12-01 00:00:00-05:00,19.981988236203513,20.458481520127428,19.981988236203513,20.407245635986328,2683824,0.0,0.0
2004-12-02 00:00:00-05:00,20.315021931907342,20.730031725441783,20.315021931907342,20.47897720336914,1784092,0.0,0.0
2004-12-03 00:00:00-05:00,20.407239377195012,20.84786916143452,20.361128411374885,20.740272521972656,1671556,0.0,0.0
2004-12-06 00:00:00-05:00,20.509716262137154,20.627560543452407,20.304772736985523,20.545581817626953,3368693,0.0,0.0
2004-12-07 00:00:00-05:00,20.443114508003205,20.453362125081203,20.304777159804722,20.37138557434082,4666398,0.0,0.0
2004-12-08 00:00:00-05:00,20.46873123050787,20.566080297516162,20.41749534112281,20.535337448120117,2177690,0.0,0.0
2004-12-09 00:00:00-05:00,20.238169527397446,20.62243869397129,20.15619298237169,20.56608009338379,1937694,0.0,0.0
2004-12-10 00:00:00-05:00,20.934975198026457,20.934975198026457,20.284281211542282,20.66342544555664,2019824,0.0,0.0
2004-12-13 00:00:00-05:00,20.724919205586662,20.801773071289062,20.566088760312063,20.801773071289062,1671668,0.0,0.0
2004-12-14 00:00:00-05:00,20.69929256877675,20.77614640224557,20.55583251822329,20.689044952392578,1717445,0.0,0.0
2004-12-15 00:00:00-05:00,20.694173796705286,21.145049266969362,20.607072330270366,21.098936080932617,2262401,0.0,0.0
2004-12-16 00:00:00-05:00,21.098927926497176,21.098927926497176,20.555828487001897,20.904232025146484,2620992,0.0,0.0
2004-12-17 00:00:00-05:00,20.49435173930887,20.65318213909763,20.24841987807964,20.294530868530273,4559696,0.0,0.0
2004-12-20 00:00:00-05:00,20.519963876983002,20.622435639558816,20.44311005505114,20.545581817626953,2406017,0.0,0.0
2004-12-21 00:00:00-05:00,20.67367282736883,20.852998423209414,20.44311134700236,20.786392211914062,2195642,0.0,0.0
2004-12-22 00:00:00-05:00,20.69929654318464,21.006711936085793,20.637813026015994,20.817138671875,2224814,0.0,0.0
2004-12-23 00:00:00-05:00,20.904240631037982,20.904240631037982,20.7863984995708,20.796646118164062,831626,0.0,0.0
2004-12-27 00:00:00-05:00,20.955468870249515,20.955468870249515,20.60706531604145,20.70441436767578,1202784,0.0,0.0
2004-12-28 00:00:00-05:00,20.776143292026624,21.088681290835762,20.776143292026624,21.01182746887207,1386119,0.0,0.0
2004-12-29 00:00:00-05:00,20.893990696481723,21.073316326689262,20.868372749309216,20.914485931396484,1908859,0.0,0.0
2004-12-30 00:00:00-05:00,20.91448931959132,20.919612032678955,20.75053399253777,20.842758178710938,1271114,0.0,0.0
2004-12-31 00:00:00-05:00,20.89398881486088,20.991337882526327,20.755651473999023,20.755651473999023,1105619,0.0,0.0
2005-01-03 00:00:00-05:00,20.78639098546846,20.914480689225574,20.504593637202813,20.576322555541992,1884287,0.0,0.0
2005-01-04 00:00:00-05:00,20.571199355021214,20.668548404736477,20.309897242751628,20.44823455810547,2762140,0.0,0.0
2005-01-05 00:00:00-05:00,20.51997468472995,20.62244650127705,20.315031051635742,20.315031051635742,1512344,0.0,0.0
2005-01-06 00:00:00-05:00,20.263788371883027,20.648057555524776,20.263788371883027,20.550710678100586,1908073,0.0,0.0
2005-01-07 00:00:00-05:00,20.648050686934997,20.65829830034492,20.33038782887359,20.345760345458984,1453551,0.0,0.0
2005-01-10 00:00:00-05:00,20.37138433398717,20.745405887497537,20.274035267086177,20.694169998168945,1830543,0.0,0.0
2005-01-11 00:00:00-05:00,20.69416691999647,20.69416691999647,20.299650192260742,20.299650192260742,1789253,0.0,0.0
2005-01-12 00:00:00-05:00,20.391877396430274,20.586573337505182,20.263787672967617,20.535337448120117,1540955,0.0,0.0
2005-01-13 00:00:00-05:00,20.566085173338216,20.622443787846652,20.274040096016762,20.45848846435547,1594923,0.0,0.0
2005-01-14 00:00:00-05:00,20.39187507814287,20.601943516504626,20.238167427462216,20.53021240234375,1934216,0.0,0.0
2005-01-18 00:00:00-05:00,20.56095457431576,21.022077560424805,20.45336008806695,21.022077560424805,1704094,0.0,0.0
2005-01-19 00:00:00-05:00,21.416596370956476,21.42172127594399,20.95547334093725,21.119428634643555,2387953,0.0,0.0
2005-01-20 00:00:00-05:00,21.11942238407752,21.11942238407752,20.59681599947282,20.673669815063477,2821157,0.0,0.0
2005-01-21 00:00:00-05:00,20.67367722615421,20.76077868696928,20.484103974484224,20.6378116607666,2381221,0.0,0.0
2005-01-24 00:00:00-05:00,20.745408498095177,20.88374585527905,20.63268908879936,20.64293670654297,1369625,0.0,0.0
2005-01-25 00:00:00-05:00,20.77102222808942,20.863246383170406,20.71466143841551,20.760774612426758,1778370,0.0,0.0
2005-01-26 00:00:00-05:00,20.812010771607184,20.92985287092444,20.673673440694955,20.919605255126953,1378714,0.0,0.0
2005-01-27 00:00:00-05:00,20.878620844247212,21.04257614848918,20.78639667090546,20.82738494873047,1659214,0.0,0.0
2005-01-28 00:00:00-05:00,20.83762350202398,20.91447731186757,20.345759996201398,20.46360206604004,1794302,0.0,0.0
2005-01-31 00:00:00-05:00,20.463607684254285,20.981089268764215,19.951248811297287,20.36625862121582,7307923,0.0,0.0
2005-02-01 00:00:00-05:00,20.545590373601918,20.78127684144001,20.166446009945886,20.71979331970215,4206715,0.0,0.0
2005-02-02 00:00:00-05:00,20.7197904092157,20.77102630464316,20.54558748758556,20.6378116607666,1831889,0.0,0.0
2005-02-03 00:00:00-05:00,20.67367041763089,20.745401524782682,20.202299896347775,20.34063720703125,3968065,0.0,0.0
2005-02-04 00:00:00-05:00,20.391875799161326,20.84275115184507,20.361135145114833,20.760774612426758,3398987,0.0,0.0
2005-02-07 00:00:00-05:00,20.817126324613653,20.975958832502844,20.64804839739162,20.740272521972656,2036879,0.0,0.0
2005-02-08 00:00:00-05:00,20.66343046901595,20.827385779800185,20.632689807656046,20.71466636657715,1815845,0.0,0.0
2005-02-09 00:00:00-05:00,20.7761456653841,20.87861743970819,20.525091134055035,20.6173152923584,1949475,0.0,0.0
2005-02-10 00:00:00-05:00,20.673667669313396,20.673667669313396,20.11519798308369,20.20229721069336,3659515,0.0,0.0
2005-02-11 00:00:00-05:00,20.20229779680724,20.519960649415612,19.981983980510478,20.46360206604004,3098964,0.0,0.0
2005-02-14 00:00:00-05:00,20.514844063700046,20.653179208363817,20.39187705406376,20.560955047607422,1636661,0.0,0.0
2005-02-15 00:00:00-05:00,20.53021331632367,20.97084105738119,20.49434775764654,20.888864517211914,2726797,0.0,0.0
2005-02-16 00:00:00-05:00,21.109176182987227,21.380725910995082,21.08355824274231,21.196277618408203,4006774,0.0,0.0
2005-02-17 00:00:00-05:00,21.201401099498113,21.21164871455662,20.70441479504495,20.709537506103516,2624134,0.0,0.0
2005-02-18 00:00:00-05:00,20.776143517269393,21.052818156514753,20.663424138579014,21.047693252563477,2890384,0.0,0.0
2005-02-22 00:00:00-05:00,20.929854027230366,21.011830572256123,20.545584860656522,20.56608009338379,3013131,0.0,0.0
2005-02-23 00:00:00-05:00,20.71466467896063,20.81201375357272,20.509721105412527,20.750530242919922,1648330,0.0,0.0
2005-02-24 00:00:00-05:00,20.868367015136506,21.073310536202538,20.78639048388661,21.006704330444336,2346214,0.0,0.0
2005-02-25 00:00:00-05:00,20.93497629787402,21.206528257551685,20.88886531462164,21.15016746520996,1706899,0.0,0.0
2005-02-28 00:00:00-05:00,21.057943261638343,21.237268868552263,20.950348774666633,21.027202606201172,3152708,0.0,0.0
2005-03-01 00:00:00-05:00,21.027200215582454,21.27825472095416,21.027200215582454,21.047693252563477,2189246,0.0,0.0
2005-03-02 00:00:00-05:00,21.006709501080906,21.073315723233705,20.755652748802852,20.781272888183594,1505836,0.0,0.0
2005-03-03 00:00:00-05:00,20.827391280935792,21.05795288085937,20.765907749034312,21.057952880859375,1645413,0.0,0.0
2005-03-04 00:00:00-05:00,21.13479643801123,21.27313376907337,20.89911223912131,20.98621368408203,2483659,0.0,0.0
2005-03-07 00:00:00-05:00,21.032323184006373,21.396097072520675,20.80176171279386,20.832502365112305,2673165,0.0,0.0
2005-03-08 00:00:00-05:00,20.893985634562743,21.068188510308964,20.791513870698225,20.955469131469727,1629144,0.0,0.0
2005-03-09 00:00:00-05:00,20.812019766883164,20.95547987122904,20.740288618238985,20.883750915527344,2585200,0.0,0.0
2005-03-10 00:00:00-05:00,20.904241636852987,21.12455557896901,20.863253353449906,21.001590728759766,1653267,0.0,0.0
2005-03-11 00:00:00-05:00,21.03232254802491,21.052817777578394,20.637805826180287,20.699289321899414,1259445,0.0,0.0
2005-03-14 00:00:00-05:00,20.847874656588527,21.119424392241225,20.822256715622395,20.955469131469727,1541179,0.0,0.0
2005-03-15 00:00:00-05:00,20.9452214853194,21.006704982134867,20.571199986358888,20.58144760131836,2029025,0.0,0.0
2005-03-16 00:00:00-05:00,20.50972206945908,20.59170081849679,20.222801930181973,20.294530868530273,1947904,0.0,0.0
2005-03-17 00:00:00-05:00,20.38163672770737,20.422627207541698,20.15620005333069,20.30478286743164,2410280,0.0,0.0
2005-03-18 00:00:00-05:00,20.238170970557032,20.43286692358298,20.15106951466753,20.212553024291992,3031195,0.0,0.0
2005-03-21 00:00:00-05:00,20.31501931152624,20.366255190190426,20.07933514684747,20.15618896484375,1180007,0.0,0.0
2005-03-22 00:00:00-05:00,20.115209115855748,20.289409860427497,19.674579059237985,19.730939865112305,1974608,0.0,0.0
2005-03-23 00:00:00-05:00,19.70018711236145,19.910255512999562,19.64382852774254,19.689939498901367,2454599,0.0,0.0
2005-03-24 00:00:00-05:00,19.72581061811632,19.823159684057106,19.61821612876421,19.628463745117188,1788019,0.0,0.0
2005-03-28 00:00:00-05:00,19.67457857058336,19.889769784243445,19.66433314517171,19.751432418823242,1349429,0.0,0.0
2005-03-29 00:00:00-05:00,19.70019757114152,19.930759128163253,19.64383895660198,19.674579620361328,1354142,0.0,0.0
2005-03-30 00:00:00-05:00,19.751430847294976,20.033228268419915,19.63871144025662,20.007610321044922,1828636,0.0,0.0
2005-03-31 00:00:00-05:00,19.987115028864682,20.074214285780954,19.84877769002463,20.033226013183594,2139317,0.0,0.0
2005-04-01 00:00:00-05:00,20.17157103978868,20.320156051642034,19.802672059934753,19.910268783569336,1864091,0.0,0.0
2005-04-04 00:00:00-04:00,20.0024887130391,20.463611791246567,19.87952168167363,20.309904098510742,1868018,0.0,0.0
2005-04-05 00:00:00-04:00,20.40725028795878,20.484104131689786,20.21767703483391,20.36113929748535,1680419,0.0,0.0
2005-04-06 00:00:00-04:00,20.443107176783744,20.57119686196925,20.402118916112585,20.437984466552734,1086433,0.0,0.0
2005-04-07 00:00:00-04:00,20.41237102495436,20.530213122689315,20.35088752393653,20.38675308227539,1054456,0.0,0.0
2005-04-08 00:00:00-04:00,20.397002503633853,20.494351582074906,20.14594793192798,20.233049392700195,1151172,0.0,0.0
2005-04-11 00:00:00-04:00,20.233046191423636,20.386753853310733,20.14594474443263,20.36625862121582,1101804,0.0,0.0
2005-04-12 00:00:00-04:00,20.289403503409098,20.704415479946924,20.171561408691485,20.658302307128906,2050792,0.0,0.0
2005-04-13 00:00:00-04:00,20.26379245217313,20.407252537697964,20.125455079618323,20.145950317382812,2411851,0.0,0.0
2005-04-14 00:00:00-04:00,20.09471313488937,20.233050498625268,19.987118625840374,20.06397247314453,2719616,0.0,0.0
2005-04-15 00:00:00-04:00,19.956369571036117,20.13569515903229,19.684819833515895,19.710437774658203,1996936,0.0,0.0
2005-04-18 00:00:00-04:00,19.72580394656116,19.905129496791922,19.618209493599068,19.736051559448242,1640476,0.0,0.0
2005-04-19 00:00:00-04:00,19.751428925533812,19.9512497727935,19.643834434204255,19.8846435546875,1584937,0.0,0.0
2005-04-20 00:00:00-04:00,19.889768565127156,19.935881748421473,19.64383670442201,19.7001953125,1981564,0.0,0.0
2005-04-21 00:00:00-04:00,19.90513639022881,20.151068219984,19.664329465162453,20.13057518005371,2168826,0.0,0.0
2005-04-22 00:00:00-04:00,20.053720876191914,20.074213915641906,19.61821582787398,19.77704620361328,2421388,0.0,0.0
2005-04-25 00:00:00-04:00,19.946132380718666,20.11008551733996,19.853906000191337,20.002490997314453,1628807,0.0,0.0
2005-04-26 00:00:00-04:00,19.90513834427914,19.961499143739037,19.46451053075139,19.47475814819336,3790004,0.0,0.0
2005-04-27 00:00:00-04:00,19.474757138951933,19.54648607144474,19.10585828075167,19.392778396606445,3519377,0.0,0.0
2005-04-28 00:00:00-04:00,19.341545959644773,19.736062834117256,19.274939727239794,19.418399810791016,1957217,0.0,0.0
2005-04-29 00:00:00-04:00,19.582346362600155,19.940997507340732,19.336414587651994,19.930749893188477,2502397,0.0,0.0
2005-05-02 00:00:00-04:00,20.058851602480193,20.161323419498366,19.70020024291658,19.910268783569336,1731358,0.0,0.0
2005-05-03 00:00:00-04:00,19.81803993281701,19.94613188112526,19.623343943249086,19.9000186920166,2346663,0.0,0.0
2005-05-04 00:00:00-04:00,21.26288535227125,22.492546572382803,21.134795641842963,22.313220977783203,8929549,0.0,0.0
2005-05-05 00:00:00-04:00,22.236369809492253,22.405447808879593,21.877718577422616,22.01093101501465,4970909,0.0,0.0
2005-05-06 00:00:00-04:00,22.33883891986886,22.405445130703278,22.07241188358973,22.313220977783203,2877930,0.0,0.0
2005-05-09 00:00:00-04:00,22.33883442512941,22.374699975421205,22.12876602652947,22.364452362060547,2337575,0.0,0.0
2005-05-10 00:00:00-04:00,22.313226995709904,22.313226995709904,21.739384499636298,21.908462524414062,2115082,0.0,0.0
2005-05-11 00:00:00-04:00,21.959694497027265,22.31322300713883,21.82648206324295,22.251739501953125,2014214,0.0,0.0
2005-05-12 00:00:00-04:00,22.313227549408346,22.333720593347547,21.71376708946437,21.729137420654297,2763935,0.0,0.0
2005-05-13 00:00:00-04:00,21.82135699177501,21.85209764457274,21.43196296300238,21.590795516967773,2379874,0.0,0.0
2005-05-16 00:00:00-04:00,21.667654483835243,22.174888533017572,21.657406866157007,22.144147872924805,2784131,0.0,0.0
2005-05-17 00:00:00-04:00,22.051925383438356,22.595027286441493,21.990444052444545,22.554039001464844,2677990,0.0,0.0
2005-05-18 00:00:00-04:00,22.466929757174274,22.851198907732982,21.775245286168605,21.89308738708496,5496902,0.0,0.0
2005-05-19 00:00:00-04:00,22.082657857462873,22.39007313963856,21.81623084098902,22.0980281829834,2515861,0.0,0.0
2005-05-20 00:00:00-04:00,22.185125486088566,22.39006896936719,22.031417873629596,22.282474517822266,1923445,0.0,0.0
2005-05-23 00:00:00-04:00,22.390073521464004,22.610387372192072,22.308094795721033,22.44643211364746,1763896,0.0,0.0
2005-05-24 00:00:00-04:00,22.51816718824915,22.743603789606137,22.441313352866644,22.666749954223633,2141113,0.0,0.0
2005-05-25 00:00:00-04:00,22.646252927645786,22.697488808882145,22.44130940270036,22.44643211364746,1452429,0.0,0.0
2005-05-26 00:00:00-04:00,22.62063457395716,22.984408446915968,22.548903464359594,22.907554626464844,1760081,0.0,0.0
2005-05-27 00:00:00-04:00,22.943421663686426,23.03564581559831,22.866567838269614,22.902433395385742,1083515,0.0,0.0
2005-05-31 00:00:00-04:00,22.671876383160487,23.04589796857776,22.589897637476323,22.8512020111084,2965558,0.0,0.0
2005-06-01 00:00:00-04:00,22.912685558671804,23.302077474231435,22.620640525531147,22.69236946105957,3208920,0.0,0.0
2005-06-02 00:00:00-04:00,22.69237702187338,22.697501928724165,22.13902962325747,22.661636352539062,2761579,0.0,0.0
2005-06-03 00:00:00-04:00,22.569402451294557,22.57452516300101,22.031425618567532,22.251739501953125,2736446,0.0,0.0
2005-06-06 00:00:00-04:00,22.241494563489848,22.620641063666486,22.128775155901504,22.579652786254883,1741007,0.0,0.0
2005-06-07 00:00:00-04:00,22.559158073941823,22.636011918223073,22.333719253540036,22.33371925354004,1978871,0.0,0.0
2005-06-08 00:00:00-04:00,22.35420474869989,22.46180139957528,22.308091585047436,22.364452362060547,1563395,0.0,0.0
2005-06-09 00:00:00-04:00,22.46693254800234,22.784595523845745,22.35933804965721,22.625762939453125,2446745,0.0,0.0
2005-06-10 00:00:00-04:00,22.61039235725606,22.61039235725606,22.313224619154905,22.46693229675293,2330618,0.0,0.0
2005-06-13 00:00:00-04:00,22.466933222761483,22.466933222761483,22.05704606560596,22.16976547241211,2458302,0.0,0.0
2005-06-14 00:00:00-04:00,22.169768584247873,22.282488006875763,21.811117271395084,22.221004486083984,6553714,0.0,0.0
2005-06-15 00:00:00-04:00,22.313220438350676,22.466928087148666,22.159512789552686,22.21074867248535,8557494,0.0,0.0
2005-06-16 00:00:00-04:00,22.313227920540996,22.54378947105111,22.28760997048432,22.487428665161133,9661879,0.0,0.0
2005-06-17 00:00:00-04:00,22.697496936094737,22.943428815500944,22.50792366905212,22.92293357849121,6396410,0.0,0.0
2005-06-20 00:00:00-04:00,22.851197112386934,23.158612408681254,22.748725346955492,23.112499237060547,3333911,0.0,0.0
2005-06-21 00:00:00-04:00,23.112508561070417,23.17911479688275,22.943430518487634,23.076642990112305,2543237,0.0,0.0
2005-06-22 00:00:00-04:00,23.15860951492715,23.261081267554367,22.958788720127636,23.004901885986328,1539945,0.0,0.0
2005-06-23 00:00:00-04:00,23.03052316689799,23.056141108773097,22.671871980646475,22.717985153198242,2319959,0.0,0.0
2005-06-24 00:00:00-04:00,22.753852795829214,23.01003226274918,22.69749419028356,22.84607696533203,2808927,0.0,0.0
2005-06-27 00:00:00-04:00,22.840946643194563,23.020272210292188,22.64625075179108,23.004901885986328,2049557,0.0,0.0
2005-06-28 00:00:00-04:00,22.97928715501822,23.255959609961835,22.928051271553688,23.24571418762207,2510699,0.0,0.0
2005-06-29 00:00:00-04:00,23.343059793993476,23.39429567470022,23.16373421151986,23.286701202392578,2688873,0.0,0.0
2005-06-30 00:00:00-04:00,23.440408286658535,23.486519262432434,22.979285371272,23.0253963470459,2695493,0.0,0.0
2005-07-01 00:00:00-04:00,23.097132351757526,23.332816570184626,23.05614407806695,23.296953201293945,1862408,0.0,0.0
2005-07-05 00:00:00-04:00,23.332814810125715,23.922027504689233,23.32769209865396,23.891286849975586,3287123,0.0,0.0
2005-07-06 00:00:00-04:00,23.891296596651504,24.065497365998258,23.76832954174825,23.927162170410156,3024239,0.0,0.0
2005-07-07 00:00:00-04:00,23.619741439819336,23.670977335738304,23.056146584710664,23.619741439819336,3091110,0.0,0.0
2005-07-08 00:00:00-04:00,23.599238241966688,23.686339674229583,23.45577822038492,23.64535140991211,2084900,0.0,0.0
2005-07-11 00:00:00-04:00,23.69660160605009,23.722219560844554,23.31745499791503,23.44042205810547,3470234,0.0,0.0
2005-07-12 00:00:00-04:00,23.440415769612574,23.512144708028416,23.04077622062103,23.43016815185547,2830582,0.0,0.0
2005-07-13 00:00:00-04:00,23.46089544351196,23.635098267291287,23.33793067932129,23.33793067932129,2510924,0.0,0.0
2005-07-14 00:00:00-04:00,23.414794276133527,23.66584881198627,23.173985163544536,23.5889949798584,3224965,0.0,0.0
2005-07-15 00:00:00-04:00,23.594119523836845,23.875916903998927,23.501895365281207,23.77344512939453,2303466,0.0,0.0
2005-07-18 00:00:00-04:00,23.819556112201557,23.942523118903463,23.75807480179219,23.77344512939453,1738090,0.0,0.0
2005-07-19 00:00:00-04:00,23.87590617569158,23.963005390615216,23.727321292103127,23.752939224243164,1348756,0.0,0.0
2005-07-20 00:00:00-04:00,23.65047540516291,23.963013404617868,23.46602710924545,23.81955337524414,3951684,0.0,0.0
2005-07-21 00:00:00-04:00,23.901541865121136,23.901541865121136,23.532642929648606,23.542890548706055,1747515,0.0,0.0
2005-07-22 00:00:00-04:00,23.5172749891053,23.76832962036133,23.194489210094716,23.768329620361328,2161645,0.0,0.0
2005-07-25 00:00:00-04:00,23.860535858975982,23.96813029680584,23.737568907507054,23.845163345336914,1897302,0.0,0.0
2005-07-26 00:00:00-04:00,23.911776344074134,24.28067511065939,23.79393426121889,24.142337799072266,2616280,0.0,0.0
2005-07-27 00:00:00-04:00,24.16795396211166,24.623954127878424,24.142336024550406,24.490741729736328,3195793,0.0,0.0
2005-07-28 00:00:00-04:00,24.465135803359704,24.844280149642955,24.357539097013074,24.623966217041016,2717260,0.0,0.0
2005-07-29 00:00:00-04:00,25.515459502009534,25.77163888033115,24.86988615287441,25.17730140686035,5015228,0.0,0.0
2005-08-01 00:00:00-04:00,25.18242927213231,25.18242927213231,24.670072603549976,24.79303741455078,3173353,0.0,0.0
2005-08-02 00:00:00-04:00,24.880145250768543,25.105581891983913,24.83915696990594,24.9006404876709,1716772,0.0,0.0
2005-08-03 00:00:00-04:00,24.83915345224823,25.218297737711495,24.746927092190607,25.182432174682617,2014439,0.0,0.0
2005-08-04 00:00:00-04:00,25.192669739508435,25.284893869825744,25.013344188858866,25.05433464050293,2189134,0.0,0.0
2005-08-05 00:00:00-04:00,25.003104092054123,25.07996011551974,24.50611774235194,24.582971572875977,1943977,0.0,0.0
2005-08-08 00:00:00-04:00,24.798159948026722,24.803282658975572,24.38314799410595,24.413890838623047,1710040,0.0,0.0
2005-08-09 00:00:00-04:00,24.567614725035035,24.60348030741459,24.495885753218904,24.588109970092773,2384474,0.0,0.0
2005-08-10 00:00:00-04:00,24.721307922727103,25.100452155794294,24.70081269155958,24.78278923034668,1825045,0.0,0.0
2005-08-11 00:00:00-04:00,24.793043031537785,25.069717756619326,24.762302370058517,25.044099807739258,1678512,0.0,0.0
2005-08-12 00:00:00-04:00,24.951877667919646,25.146573656718544,24.849403671089355,24.98261833190918,1347746,0.0,0.0
2005-08-15 00:00:00-04:00,25.003098799910745,25.228537532241642,24.94674021329858,25.120943069458008,1114370,0.0,0.0
2005-08-16 00:00:00-04:00,25.126069927318337,25.228541696575707,24.7213077545166,24.7213077545166,1318462,0.0,0.0
2005-08-17 00:00:00-04:00,24.772543639145287,24.87501540840266,24.53173454280217,24.7213077545166,1424042,0.0,0.0
2005-08-18 00:00:00-04:00,24.726426275880037,24.731548986298268,24.511235158315657,24.680313110351562,1774219,0.0,0.0
2005-08-19 00:00:00-04:00,24.823780450098695,24.844275683702115,24.603466557099793,24.7059383392334,1832114,0.0,0.0
2005-08-22 00:00:00-04:00,24.94674794839307,25.27465853474024,24.910882385364193,25.182432174682617,1977525,0.0,0.0
2005-08-23 00:00:00-04:00,25.310517580441054,25.37712598308947,25.249036274829315,25.361753463745117,2499592,0.0,0.0
2005-08-24 00:00:00-04:00,25.36688262131581,25.44885917117143,25.151691436767578,25.151691436767578,2111941,0.0,0.0
2005-08-25 00:00:00-04:00,25.064590591578774,25.397623896997676,24.951873381021237,25.351512908935547,2077607,0.0,0.0
2005-08-26 00:00:00-04:00,25.351515194300067,25.351515194300067,24.803290649678218,25.044099807739258,1954187,0.0,0.0
2005-08-29 00:00:00-04:00,25.049214946723097,25.259283379790805,24.76229488319327,25.167057037353516,1402388,0.0,0.0
2005-08-30 00:00:00-04:00,25.20292627493714,25.20292627493714,24.711062610484504,24.946746826171875,1808552,0.0,0.0
2005-08-31 00:00:00-04:00,24.977487188558865,25.095329284667965,24.49074628437396,25.09532928466797,2044957,0.0,0.0
2005-09-01 00:00:00-04:00,25.13120503016512,25.208056695354227,24.75718116623805,25.136327743530273,1831777,0.0,0.0
2005-09-02 00:00:00-04:00,25.136317411993982,25.202923623076284,24.68031716399564,25.0902042388916,2324896,0.0,0.0
2005-09-06 00:00:00-04:00,25.249052561452526,25.49498452135944,25.044108896039624,25.161951065063477,1887877,0.0,0.0
2005-09-07 00:00:00-04:00,25.161937591512107,25.36688114718316,25.054343101961468,25.223421096801758,1991999,0.0,0.0
2005-09-08 00:00:00-04:00,24.84939514380193,25.1824283921549,24.82377720162093,25.0902042388916,2116990,0.0,0.0
2005-09-09 00:00:00-04:00,25.182434569410443,25.653805259756407,25.156818813887362,25.56670379638672,2010961,0.0,0.0
2005-09-12 00:00:00-04:00,25.60768485868056,25.638425508366137,25.31051501132773,25.571819305419922,1643618,0.0,0.0
2005-09-13 00:00:00-04:00,25.54107239177762,25.55132000435317,25.15680556019177,25.192668914794922,2489045,0.0,0.0
2005-09-14 00:00:00-04:00,24.798170246872036,25.14144903948556,24.695698441807167,25.049224853515625,2671706,0.0,0.0
2005-09-15 00:00:00-04:00,25.156815445899774,25.325893444544818,25.054343665758328,25.23366928100586,2239063,0.0,0.0
2005-09-16 00:00:00-04:00,25.3566297907808,25.720403671264652,25.295146294559792,25.72040367126465,5549749,0.0,0.0
2005-09-19 00:00:00-04:00,25.72039955550208,25.72039955550208,25.33100779664815,25.469345092773438,1975954,0.0,0.0
2005-09-20 00:00:00-04:00,25.453981486663707,25.7050360156451,25.05434200912521,25.110700607299805,2642871,0.0,0.0
2005-09-21 00:00:00-04:00,24.997984875620364,25.202928452338636,24.86477242793024,25.105579376220703,3143171,0.0,0.0
2005-09-22 00:00:00-04:00,25.003105736275387,25.03384858627162,24.695692586905114,24.79816436767578,4792623,0.0,0.0
2005-09-23 00:00:00-04:00,24.834031359829876,25.15681927070499,24.695696189960017,24.88526725769043,2276762,0.0,0.0
2005-09-26 00:00:00-04:00,25.131198534375223,25.290028922949617,24.793040330236803,24.875019073486328,1901117,0.0,0.0
2005-09-27 00:00:00-04:00,24.880136287220676,24.92624726422545,24.572721002090265,24.752046585083008,1972700,0.0,0.0
2005-09-28 00:00:00-04:00,24.84939806511939,25.003105736275387,24.531737299083705,24.79816436767578,1975281,0.0,0.0
2005-09-29 00:00:00-04:00,24.77254579309595,25.274657067526906,24.541984292219748,25.254161834716797,2247366,0.0,0.0
2005-09-30 00:00:00-04:00,25.259288223188996,25.55645595874198,25.182432192107196,25.530838012695312,1999292,0.0,0.0
2005-10-03 00:00:00-04:00,25.56669760298267,25.597440449458674,25.213171315569667,25.27977752685547,2026444,0.0,0.0
2005-10-04 00:00:00-04:00,25.551315699761105,25.648664713417297,25.131183391410325,25.187541961669922,1884511,0.0,0.0
2005-10-05 00:00:00-04:00,25.259281875805602,25.320763176514586,24.83914722762717,24.864765167236328,1772423,0.0,0.0
2005-10-06 00:00:00-04:00,25.0031029270329,25.110699600518025,24.593218042944887,24.7213077545166,2620431,0.0,0.0
2005-10-07 00:00:00-04:00,24.90064018949527,24.905762902188464,24.64446069599402,24.767425537109375,2259035,0.0,0.0
2005-10-10 00:00:00-04:00,24.84939144068973,24.97748332544764,24.419011391950047,24.470247268676758,2079066,0.0,0.0
2005-10-11 00:00:00-04:00,24.59322292793436,24.618840875337234,24.173088151938824,24.203828811645508,2389411,0.0,0.0
2005-10-12 00:00:00-04:00,24.193578721831383,24.465130690906356,23.932276562200453,23.978389739990234,2350814,0.0,0.0
2005-10-13 00:00:00-04:00,23.834928063246554,24.219195015889973,23.773444561364656,24.137218475341797,2526856,0.0,0.0
2005-10-14 00:00:00-04:00,24.15771949124323,24.19358286573168,23.875922050341046,24.045000076293945,3496489,0.0,0.0
2005-10-17 00:00:00-04:00,24.0193832086519,24.31655099385013,23.85030517508585,24.280685424804688,1786112,0.0,0.0
2005-10-18 00:00:00-04:00,24.280681577415873,24.388276074561183,24.085985624373883,24.157716751098633,1139840,0.0,0.0
2005-10-19 00:00:00-04:00,24.16284166889969,24.79816767149802,24.091110535626907,24.695695877075195,3082583,0.0,0.0
2005-10-20 00:00:00-04:00,24.721319504840967,24.798173368313513,24.362668141969092,24.40877914428711,2875686,0.0,0.0
2005-10-21 00:00:00-04:00,24.408774146715256,24.76742543615511,24.244818832954337,24.54711151123047,2901604,0.0,0.0
2005-10-24 00:00:00-04:00,24.72131571511744,25.320774003953634,24.690572858675726,25.2900333404541,2102852,0.0,0.0
2005-10-25 00:00:00-04:00,25.20803756763318,25.290016269867184,24.767409992535466,24.951860427856445,2103301,0.0,0.0
2005-10-26 00:00:00-04:00,24.79815876469644,25.612807921993625,24.79815876469644,25.29514503479004,3049820,0.0,0.0
2005-10-27 00:00:00-04:00,25.295156658256033,26.222525613659656,25.274663613080367,25.925357818603516,5112393,0.0,0.0
2005-10-28 00:00:00-04:00,25.848499841824438,25.853624747007522,25.028725534951352,25.105579376220703,4873070,0.0,0.0
2005-10-31 00:00:00-05:00,25.218296151930332,25.43861003533706,25.054343062008265,25.315645217895508,5792101,0.0,0.0
2005-11-01 00:00:00-05:00,25.325889922997597,25.89973005764426,25.325889922997597,25.766517639160156,4188314,0.0,0.0
2005-11-02 00:00:00-05:00,25.85874020023055,26.13028992456494,25.817751934981423,25.991954803466797,2899248,0.0,0.0
2005-11-03 00:00:00-05:00,26.390558648325847,26.545858172090547,25.784890062513004,25.83665657043457,3211164,0.463458,0.0
2005-11-04 00:00:00-05:00,26.064431549436904,26.074785295611008,25.75383245813146,25.90913200378418,2010624,0.0,0.0
2005-11-07 00:00:00-05:00,26.012663358531363,26.147257618818504,25.74865503418984,26.017841339111328,1808215,0.0,0.0
2005-11-08 00:00:00-05:00,26.023018780393432,26.08513904178511,25.821130700436655,25.90913200378418,1278968,0.0,0.0
2005-11-09 00:00:00-05:00,25.852179227199926,26.023008214929963,25.753822001958856,25.841825485229492,1490801,0.0,0.0
2005-11-10 00:00:00-05:00,25.841836620257535,26.167965231114028,25.686537070739874,26.11102294921875,2151996,0.0,0.0
2005-11-11 00:00:00-05:00,26.105839305128917,26.131722555570338,25.7900623203522,26.0799560546875,1617587,0.0,0.0
2005-11-14 00:00:00-05:00,25.960904501537737,26.31809217897456,25.883252501791265,26.255971908569336,1787346,0.0,0.0
2005-11-15 00:00:00-05:00,26.173142136497486,26.338795425638935,25.727948783451534,25.81595230102539,2104535,0.0,0.0
2005-11-16 00:00:00-05:00,25.815951765196274,26.064430585924637,25.75900948682308,26.054079055786133,1762325,0.0,0.0
2005-11-17 00:00:00-05:00,26.214555981851277,26.359501784935066,26.15243571891451,26.245615005493164,1844792,0.0,0.0
2005-11-18 00:00:00-05:00,26.400914421221646,26.48891794196502,26.245614872493213,26.44232940673828,2227843,0.0,0.0
2005-11-21 00:00:00-05:00,26.442330253045256,26.540685307662738,26.167965935654735,26.416444778442383,2917761,0.0,0.0
2005-11-22 00:00:00-05:00,26.349145656768137,26.556211704071707,26.13172807962162,26.452678680419922,2453702,0.0,0.0
2005-11-23 00:00:00-05:00,26.468210220336918,26.602802263876523,26.364677197413286,26.468210220336914,2004677,0.0,0.0
2005-11-25 00:00:00-05:00,26.53033569964293,26.53033569964293,26.235266058453984,26.359506607055664,627759,0.0,0.0
2005-11-28 00:00:00-05:00,26.364679819411617,26.431975847874092,26.29220580989634,26.42679786682129,2095447,0.0,0.0
2005-11-29 00:00:00-05:00,26.53032259357255,27.068695084017453,26.53032259357255,26.90304183959961,3401792,0.0,0.0
2005-11-30 00:00:00-05:00,26.99623020282028,27.213650020974505,26.607981318849532,26.62868881225586,3770593,0.0,0.0
2005-12-01 00:00:00-05:00,26.711515238157695,26.794342998869787,26.639043440144377,26.727046966552734,3286675,0.0,0.0
2005-12-02 00:00:00-05:00,26.727039396679558,27.006577193820203,26.695978164340044,26.99622344970703,2466605,0.0,0.0
2005-12-05 00:00:00-05:00,26.426795950362635,26.504445719646593,26.017841828192154,26.292203903198242,4989534,0.0,0.0
2005-12-06 00:00:00-05:00,26.30773419339623,26.633862790921153,26.25079191382865,26.297380447387695,3220364,0.0,0.0
2005-12-07 00:00:00-05:00,26.349146539466542,26.44232803639697,26.04890120394868,26.204200744628906,2747666,0.0,0.0
2005-12-08 00:00:00-05:00,26.307728219181897,26.42161496810745,26.12654545996247,26.266315460205078,2052362,0.0,0.0
2005-12-09 00:00:00-05:00,26.266321060653542,26.416442620909656,26.15761226820419,26.250791549682617,1922098,0.0,0.0
2005-12-12 00:00:00-05:00,26.385384988967964,26.385384988967964,25.92466432241077,26.06443214416504,2127761,0.0,0.0
2005-12-13 00:00:00-05:00,26.01266658206089,26.14726085902716,25.7331287126443,25.99713706970215,2977676,0.0,0.0
2005-12-14 00:00:00-05:00,26.064430765682562,26.188671284730017,25.90395545959473,25.903955459594727,4222984,0.0,0.0
2005-12-15 00:00:00-05:00,26.012665627766278,26.126552406974152,25.810777543202896,26.06443214416504,2254771,0.0,0.0
2005-12-16 00:00:00-05:00,26.20421139359858,26.25080216099753,25.779727582424872,25.79007911682129,3626528,0.0,0.0
2005-12-19 00:00:00-05:00,25.847016418289048,25.92466619850649,25.484650777274318,25.61406707763672,2052362,0.0,0.0
2005-12-20 00:00:00-05:00,25.52087840736165,25.89359544293531,25.474287670088778,25.629587173461914,1747739,0.0,0.0
2005-12-21 00:00:00-05:00,25.831485850458478,25.909135634165107,25.412177904703988,25.531240463256836,2279231,0.0,0.0
2005-12-22 00:00:00-05:00,25.58299977344983,25.6865327892043,25.448407739230067,25.624412536621094,1693435,0.0,0.0
2005-12-23 00:00:00-05:00,25.805595500087975,25.810773480304572,25.536411429709318,25.686532974243164,1112126,0.0,0.0
2005-12-27 00:00:00-05:00,25.722780368687705,25.795254395788433,25.3655904311468,25.422534942626953,2075476,0.0,0.0
2005-12-28 00:00:00-05:00,25.427696968937173,25.494995193016333,25.298280715942383,25.298280715942383,1900892,0.0,0.0
2005-12-29 00:00:00-05:00,25.298282405119934,25.608881433046264,25.298282405119934,25.40181541442871,1803839,0.0,0.0
2005-12-30 00:00:00-05:00,25.406996493748988,25.453585024229895,25.2879317459969,25.365581512451172,1819660,0.0,0.0
2006-01-03 00:00:00-05:00,25.469109422558535,26.15242767333984,25.41216715818189,26.152427673339844,3989608,0.0,0.0
2006-01-04 00:00:00-05:00,26.271495407037047,26.6597442386082,26.26114387738402,26.312908172607422,4740113,0.0,0.0
2006-01-05 00:00:00-05:00,26.22491657482301,26.380216164882494,26.111029765648674,26.240446090698242,2805337,0.0,0.0
2006-01-06 00:00:00-05:00,26.478568629713294,26.499276125939307,26.240443501380884,26.38538932800293,2853134,0.0,0.0
2006-01-09 00:00:00-05:00,26.478558154190626,26.75809816438265,26.37502514532728,26.664918899536133,2325906,0.0,0.0
2006-01-10 00:00:00-05:00,26.60798067495648,26.60798067495648,26.302559556348953,26.42679786682129,1739773,0.0,0.0
2006-01-11 00:00:00-05:00,26.504442686419186,26.587270426901455,26.45267617948749,26.509620666503906,1718119,0.0,0.0
2006-01-12 00:00:00-05:00,26.41127503675527,26.437158301608502,26.162796137294947,26.178325653076172,2166245,0.0,0.0
2006-01-13 00:00:00-05:00,26.245605342284872,26.349138337175972,26.15760406914918,26.23007583618164,1737305,0.0,0.0
2006-01-17 00:00:00-05:00,26.167970833157646,26.173148815308533,25.815958888689437,25.914316177368164,1438180,0.0,0.0
2006-01-18 00:00:00-05:00,25.919482736868844,25.924660717180434,25.614061661981523,25.69171142578125,2176119,0.0,0.0
2006-01-19 00:00:00-05:00,25.66065899532143,25.676190725932624,25.401826360514043,25.474300384521484,2016346,0.0,0.0
2006-01-20 00:00:00-05:00,25.474302957061546,25.495010456198674,24.920400619506836,24.920400619506836,3414246,0.0,0.0
2006-01-23 00:00:00-05:00,25.070521342436496,25.26723369724842,24.98251780548939,25.1378173828125,2274631,0.0,0.0
2006-01-24 00:00:00-05:00,25.184408118143434,25.43806500277221,25.153349086237437,25.396652221679688,2844943,0.0,0.0
2006-01-25 00:00:00-05:00,25.510527374061233,25.629589896165186,25.303461347566515,25.469112396240234,2610109,0.0,0.0
2006-01-26 00:00:00-05:00,25.72794487437107,26.34914295252756,25.72794487437107,26.23525619506836,4262478,0.0,0.0
2006-01-27 00:00:00-05:00,26.147263113675734,26.33362170935628,25.960904517995186,26.121379852294922,2811732,0.0,0.0
2006-01-30 00:00:00-05:00,26.126546235845,26.281845748359313,25.924658198967872,26.27149200439453,3060592,0.0,0.0
2006-01-31 00:00:00-05:00,26.323267381707605,26.323267381707605,25.935018469549487,25.966079711914062,2715128,0.0,0.0
2006-02-01 00:00:00-05:00,25.971248749944593,26.06442802159374,25.660649700679,25.986778259277344,2588117,0.0,0.0
2006-02-02 00:00:00-05:00,25.90912756776927,26.002309051729245,25.681356269201423,25.753828048706055,2066500,0.0,0.0
2006-02-03 00:00:00-05:00,25.546764716596464,25.624414484314418,25.277580627696448,25.324169158935547,3539125,0.0,0.0
2006-02-06 00:00:00-05:00,25.272411121769814,25.57265654783056,25.142994798842462,25.422534942626953,2050792,0.0,0.0
2006-02-07 00:00:00-05:00,25.375934538222833,25.614061811321985,25.308638519001242,25.40699577331543,2360576,0.0,0.0
2006-02-08 00:00:00-05:00,25.41217741666261,25.696893284785606,25.194757583328958,25.603713989257812,2407812,0.0,0.0
2006-02-09 00:00:00-05:00,25.624411916111274,25.753828182670475,25.329344600878354,25.469112396240234,2885896,0.0,0.0
2006-02-10 00:00:00-05:00,25.45876589867182,26.318089192185813,25.370762376889544,26.038551330566406,3702488,0.0,0.0
2006-02-13 00:00:00-05:00,25.909124863858185,25.966069344296763,25.5519373366809,25.74864959716797,2578244,0.0,0.0
2006-02-14 00:00:00-05:00,25.91948234327567,26.437147427412995,25.909128598462395,26.380205154418945,3807395,0.0,0.0
2006-02-15 00:00:00-05:00,26.328440491770703,26.452678791281848,25.867717648328277,26.333616256713867,2909570,0.0,0.0
2006-02-16 00:00:00-05:00,26.44232713873312,26.44750290365227,26.06960781062308,26.318086624145508,2710864,0.0,0.0
2006-02-17 00:00:00-05:00,26.34397033954454,26.35432408521623,25.878071725193877,25.976428985595703,1969334,0.0,0.0
2006-02-21 00:00:00-05:00,25.976419699541065,26.038539935711633,25.72276299169959,25.841825485229492,2800400,0.0,0.0
2006-02-22 00:00:00-05:00,25.96090480147797,26.954820276831725,25.91431404422245,26.908231735229492,4154093,0.0,0.0
2006-02-23 00:00:00-05:00,26.737391967611828,26.846102961559943,26.44750041505535,26.509620666503906,2738241,0.0,0.0
2006-02-24 00:00:00-05:00,26.582092795265375,26.63385930287565,26.400910018629414,26.42161750793457,1776014,0.0,0.0
2006-02-27 00:00:00-05:00,26.49410283926266,26.670109941415184,26.27668516862615,26.302568435668945,2089052,0.0,0.0
2006-02-28 00:00:00-05:00,26.25079498469739,26.343974278368673,25.893605107362106,25.945371627807617,3220701,0.0,0.0
2006-03-01 00:00:00-05:00,25.54676858142854,26.0489042651006,25.54676858142854,25.717599868774414,3187265,0.0,0.0
2006-03-02 00:00:00-05:00,25.650305557276905,25.919491943865584,25.443239446924608,25.914316177368164,2902838,0.0,0.0
2006-03-03 00:00:00-05:00,25.935011811525275,25.96089728134372,25.572646253204013,25.59853172302246,2343409,0.0,0.0
2006-03-06 00:00:00-05:00,25.603712521537453,25.660654805636582,25.246522657561243,25.350055694580078,2140439,0.0,0.0
2006-03-07 00:00:00-05:00,25.35005714775968,25.70724703221163,25.256877852231888,25.603713989257812,2586547,0.0,0.0
2006-03-08 00:00:00-05:00,25.557114401701682,25.73829716425816,25.422522378634987,25.727943420410156,2830918,0.0,0.0
2006-03-09 00:00:00-05:00,25.727947396372812,25.79006765340836,25.42770207229591,25.4432315826416,1441433,0.0,0.0
2006-03-10 00:00:00-05:00,25.370758625611842,25.76418320926939,25.370758625611842,25.69171142578125,1821230,0.0,0.0
2006-03-13 00:00:00-05:00,25.676184656361862,25.80559872752004,25.56229788083752,25.743480682373047,1880023,0.0,0.0
2006-03-14 00:00:00-05:00,25.805605775686278,26.42162835541965,25.738309731294834,26.219738006591797,2841128,0.0,0.0
2006-03-15 00:00:00-05:00,26.323261720663933,26.390559956820844,25.945366637230258,26.116195678710938,2381894,0.0,0.0
2006-03-16 00:00:00-05:00,26.287026995479394,26.30255650553055,26.142078993261276,26.16278648376465,1720026,0.0,0.0
2006-03-17 00:00:00-05:00,26.17314177917512,26.31290959356632,26.054079240860858,26.250791549682617,3264571,0.0,0.0
2006-03-20 00:00:00-05:00,26.400919384705094,26.53033569964293,26.343977092393803,26.359506607055664,1972476,0.0,0.0
2006-03-21 00:00:00-05:00,26.33362416457018,26.343977913218488,25.893608680071548,25.914316177368164,2102291,0.0,0.0
2006-03-22 00:00:00-05:00,25.857364037721275,25.893598820713244,25.541587010278565,25.624412536621094,3527344,0.0,0.0
2006-03-23 00:00:00-05:00,25.686534323592713,25.686534323592713,25.365581512451172,25.365581512451172,4252829,0.0,0.0
2006-03-24 00:00:00-05:00,25.365579382992877,25.526056882917825,25.236165332086244,25.469112396240234,3060592,0.0,0.0
2006-03-27 00:00:00-05:00,25.495000309881878,25.546764605816588,25.39146728670689,25.4432315826416,2349468,0.0,0.0
2006-03-28 00:00:00-05:00,25.38111561622758,25.495002394161144,25.236169815063477,25.236169815063477,3085051,0.0,0.0
2006-03-29 00:00:00-05:00,25.339709105837294,25.458771678501147,25.24135181522387,25.344884872436523,2196203,0.0,0.0
2006-03-30 00:00:00-05:00,25.262050386176664,25.58818120227967,25.215461852199752,25.23099136352539,3091783,0.0,0.0
2006-03-31 00:00:00-05:00,25.24651955506142,25.267227046181713,24.92556895226654,25.039453506469727,12279168,0.0,0.0
2006-04-03 00:00:00-04:00,25.034280359574485,25.32934995280627,24.847921782613902,25.075693130493164,3211949,0.0,0.0
2006-04-04 00:00:00-04:00,25.14815894236216,25.36557647271451,25.00321096792417,25.267221450805664,2685619,0.0,0.0
2006-04-05 00:00:00-04:00,25.365586661072115,25.686539537359586,25.293114860396365,25.603713989257812,2571848,0.0,0.0
2006-04-06 00:00:00-04:00,25.624413495966653,25.831479535227885,25.396642182170922,25.76936149597168,3376322,0.0,0.0
2006-04-07 00:00:00-04:00,25.769367796015775,25.872900840957943,25.484651922424806,25.531240463256836,2106443,0.0,0.0
2006-04-10 00:00:00-04:00,25.62441706641887,25.62441706641887,25.313820179901814,25.391469955444336,3763637,0.0,0.0
2006-04-11 00:00:00-04:00,25.520888931285214,25.562301706131432,24.899690661632192,25.531240463256836,4035385,0.0,0.0
2006-04-12 00:00:00-04:00,25.624412152889263,25.888422668501118,25.381111342031843,25.878068923950195,4014965,0.0,0.0
2006-04-13 00:00:00-04:00,25.469115367249408,25.80042193454938,25.42770260025012,25.4950008392334,1818874,0.0,0.0
2006-04-17 00:00:00-04:00,25.494999282598755,25.5778248115403,25.298284773970376,25.40699577331543,1489006,0.0,0.0
2006-04-18 00:00:00-04:00,25.54676645148978,25.986781831773193,25.536414920946644,25.95572280883789,2807805,0.0,0.0
2006-04-19 00:00:00-04:00,25.924656925433094,26.157606182761054,25.8573609164466,26.126544952392578,2160748,0.0,0.0
2006-04-20 00:00:00-04:00,25.93502106103278,26.116203904810753,25.779723696305098,25.821136474609375,2250620,0.0,0.0
2006-04-21 00:00:00-04:00,25.997140127255562,26.02302338944865,25.74348548715529,25.857372283935547,2080412,0.0,0.0
2006-04-24 00:00:00-04:00,25.831484303323602,26.03855259645917,25.58300545347528,25.971254348754883,2000638,0.0,0.0
2006-04-25 00:00:00-04:00,25.893613189085173,26.02302953059142,25.727959828826407,25.950557708740234,2659589,0.0,0.0
2006-04-26 00:00:00-04:00,25.955722105041882,26.587274018042795,25.955722105041882,26.40091323852539,3223843,0.0,0.0
2006-04-27 00:00:00-04:00,26.16796649031256,27.073880572758032,26.06443345231879,26.78398895263672,4761544,0.0,0.0
2006-04-28 00:00:00-04:00,27.43623928216155,27.48800578809508,26.939281711460662,26.970340728759766,6552929,0.0,0.0
2006-05-01 00:00:00-04:00,26.960001863163228,26.98070936322574,26.452690268169345,26.695993423461914,4837391,0.0,0.0
2006-05-02 00:00:00-04:00,26.582097469792643,26.65974724486296,26.24561511115461,26.607980728149414,3750846,0.0,0.0
2006-05-03 00:00:00-04:00,26.639039060265866,27.0221099127471,26.607977824235867,26.840927124023438,3407290,0.0,0.0
2006-05-04 00:00:00-04:00,27.006579370741473,27.125641898508984,26.789159589449294,26.804691314697266,1788468,0.0,0.0
2006-05-05 00:00:00-04:00,27.047992129296272,27.358591183748793,26.97034236568314,27.23952865600586,2194408,0.0,0.0
2006-05-08 00:00:00-04:00,27.09976148231926,27.275768517907576,27.089409951939988,27.1722354888916,1737529,0.0,0.0
2006-05-09 00:00:00-04:00,27.06352878513627,27.198123073664203,26.89787768487614,26.965173721313477,1673800,0.0,0.0
2006-05-10 00:00:00-04:00,27.462125302328474,27.684720857141823,27.151526235430005,27.53459930419922,5506888,0.0,0.0
2006-05-11 00:00:00-04:00,27.436249036836347,27.60190235785048,27.234360921307864,27.33271598815918,2102067,0.0,0.0
2006-05-12 00:00:00-04:00,27.306827182798266,27.358593696628425,27.02211135673238,27.04799461364746,2040918,0.0,0.0
2006-05-15 00:00:00-04:00,27.094578403017366,27.15152066734357,26.82021639331894,26.94963264465332,3162694,0.0,0.0
2006-05-16 00:00:00-04:00,27.07387780537054,27.203294089634316,26.996228034812273,27.079055786132812,1916713,0.0,0.0
2006-05-17 00:00:00-04:00,27.565664747309736,27.565664747309736,26.53033428308728,26.545866012573242,2651174,0.0,0.0
2006-05-18 00:00:00-04:00,26.14207574396594,26.582091029423154,26.14207574396594,26.27149200439453,2285738,0.0,0.0
2006-05-19 00:00:00-04:00,26.375036000534756,26.76328494356442,26.261151416435432,26.659751892089844,3032093,0.0,0.0
2006-05-22 00:00:00-04:00,26.65974724486296,26.85128379983367,26.369855637528314,26.607980728149414,2764271,0.0,0.0
2006-05-23 00:00:00-04:00,26.68563271777745,26.8926988018154,26.551040649414062,26.551040649414062,1941733,0.0,0.0
2006-05-24 00:00:00-04:00,26.499281035483115,26.866822544189453,26.364688932038085,26.695993423461914,3296099,0.0,0.0
2006-05-25 00:00:00-04:00,26.763280506873492,26.840930282607008,26.613158936513837,26.716691970825195,1343483,0.0,0.0
2006-05-26 00:00:00-04:00,26.923751672219826,27.02728468204654,26.690802400109707,26.99622344970703,2059880,0.0,0.0
2006-05-30 00:00:00-04:00,26.815049755882665,26.913407034760066,26.04372990107464,26.05925941467285,2304139,0.0,0.0
2006-05-31 00:00:00-04:00,26.21973255330171,26.64421844482422,26.15243652290678,26.64421844482422,3056665,0.0,0.0
2006-06-01 00:00:00-04:00,26.659755468877112,27.084241480004415,26.519987603157286,26.99106216430664,2635017,0.0,0.0
2006-06-02 00:00:00-04:00,26.94445911114543,27.28094142013566,26.778805838973554,27.23952865600586,2791312,0.0,0.0
2006-06-05 00:00:00-04:00,27.0583483529315,27.348239944048405,26.892695065584892,26.913402557373047,3458902,0.0,0.0
2006-06-06 00:00:00-04:00,27.177409569781076,27.1981170605621,26.556211434183542,26.856456756591797,2607640,0.0,0.0
2006-06-07 00:00:00-04:00,26.789157178280064,26.794335158114233,26.343966126470225,26.364673614501953,3419183,0.0,0.0
2006-06-08 00:00:00-04:00,26.364680097297185,26.80987125857481,26.25079331642409,26.716691970825195,3880661,0.0,0.0
2006-06-09 00:00:00-04:00,26.659742991234218,26.78398349778504,26.46303070223929,26.51479721069336,2678999,0.0,0.0
2006-06-12 00:00:00-04:00,26.556218962630496,26.582102225618065,26.271503069767256,26.359506607055664,2998882,0.0,0.0
2006-06-13 00:00:00-04:00,26.390565003364017,26.519981304332312,26.03337512643027,26.157615661621094,3831181,0.0,0.0
2006-06-14 00:00:00-04:00,26.079958811260852,26.167960099541293,25.5105272413624,25.753828048706055,3194895,0.0,0.0
2006-06-15 00:00:00-04:00,25.81077676932684,26.509624719756808,25.727949016180425,26.406091690063477,3036917,0.0,0.0
2006-06-16 00:00:00-04:00,26.19384843526415,26.261146679105195,25.805599562271915,25.929840087890625,3900521,0.0,0.0
2006-06-19 00:00:00-04:00,25.991971468414622,26.152446851631396,25.562309641651773,25.655488967895508,2274406,0.0,0.0
2006-06-20 00:00:00-04:00,25.79006214453927,26.10583912716331,25.655470129422337,25.852182388305664,2471205,0.0,0.0
2006-06-21 00:00:00-04:00,25.764186671678477,25.935015731864794,25.67100738572712,25.77971839904785,2796585,0.0,0.0
2006-06-22 00:00:00-04:00,25.779714418844165,25.84183245611917,25.35005062855869,25.417348861694336,2175221,0.0,0.0
2006-06-23 00:00:00-04:00,25.313816499343023,25.51052879231871,25.189575990278012,25.40699577331543,1881931,0.0,0.0
2006-06-26 00:00:00-04:00,25.443232834665434,25.88324820481163,25.438057069513107,25.80042266845703,1690181,0.0,0.0
2006-06-27 00:00:00-04:00,25.805597275656318,25.836658512135173,25.30863964852251,25.324169158935547,2581385,0.0,0.0
2006-06-28 00:00:00-04:00,25.370758565746428,25.671003875266372,25.31381629202206,25.64512062072754,1865213,0.0,0.0
2006-06-29 00:00:00-04:00,25.909132463166905,26.385384854743386,25.79524790019136,26.261146545410156,2694371,0.0,0.0
2006-06-30 00:00:00-04:00,26.26631764079441,26.587270426901455,26.20937536943057,26.509620666503906,4057825,0.0,0.0
2006-07-03 00:00:00-04:00,26.623504207371525,26.773625729939365,26.452672982620207,26.752918243408203,908596,0.0,0.0
2006-07-05 00:00:00-04:00,26.504443033849963,26.659742556680786,26.281847494256304,26.42161750793457,1896853,0.0,0.0
2006-07-06 00:00:00-04:00,26.406096495109058,26.551042319924534,26.287033932426827,26.519983291625977,1681093,0.0,0.0
2006-07-07 00:00:00-04:00,26.478556419838714,26.571737894234296,26.31808115287269,26.349140167236328,1131986,0.0,0.0
2006-07-10 00:00:00-04:00,26.607975187225044,27.006577726043748,26.535503408309626,26.970340728759766,3104013,0.0,0.0
2006-07-11 00:00:00-04:00,26.892689852024663,27.09458010303458,26.711507088788434,27.05316734313965,2237044,0.0,0.0
2006-07-12 00:00:00-04:00,27.073876644878233,27.09975990062153,26.499269253638136,26.602802276611328,1623422,0.0,0.0
2006-07-13 00:00:00-04:00,26.37502779836555,26.468209288237578,25.986778976074437,26.02301597595215,2083105,0.0,0.0
2006-07-14 00:00:00-04:00,25.98678099519112,26.007488486916653,25.655476637152688,25.903955459594727,1551726,0.0,0.0
2006-07-17 00:00:00-04:00,25.903956829691143,26.06443214426674,25.769364773315033,25.929840087890625,1733490,0.0,0.0
2006-07-18 00:00:00-04:00,25.88324538655569,25.97124889413338,25.53641155213898,25.702062606811523,2866934,0.0,0.0
2006-07-19 00:00:00-04:00,26.038543226573406,27.332703529486217,26.023011503828773,27.130815505981445,4317119,0.0,0.0
2006-07-20 00:00:00-04:00,27.130824088065342,27.570839483564153,26.970346555609257,27.1981201171875,2864803,0.0,0.0
2006-07-21 00:00:00-04:00,27.306834499895384,27.436250819148984,26.975530051998255,27.136005401611328,3265693,0.0,0.0
2006-07-24 00:00:00-04:00,27.135999853515884,27.2395328877509,27.089411317501938,27.1981201171875,2699869,0.0,0.0
2006-07-25 00:00:00-04:00,27.296481265615434,27.3430720276861,27.048002371096736,27.244714736938477,2325233,0.0,0.0
2006-07-26 00:00:00-04:00,27.17741790077745,27.24471394296563,27.053179564965443,27.0583553314209,2953889,0.0,0.0
2006-07-27 00:00:00-04:00,27.125638484680476,27.265408484753095,26.851276464183783,26.89786720275879,3038376,0.0,0.0
2006-07-28 00:00:00-04:00,27.125647710177418,27.368950798140325,26.99623140973472,27.255064010620117,2439004,0.0,0.0
2006-07-31 00:00:00-04:00,26.97034370586161,27.03246396296945,26.67009838143527,26.918577194213867,4044810,0.0,0.0
2006-08-01 00:00:00-04:00,26.245609974368605,27.431063861353138,26.245609974368605,27.260234832763672,4746397,0.0,0.0
2006-08-02 00:00:00-04:00,27.26024123572543,27.28612449509587,26.98070114826346,27.037643432617188,3621592,0.0,0.0
2006-08-03 00:00:00-04:00,26.763277659270646,27.047993473333218,26.74774814890688,26.918577194213867,3098291,0.0,0.0
2006-08-04 00:00:00-04:00,27.255060366436567,27.508717167649912,27.084231315823818,27.182588577270508,2780204,0.0,0.0
2006-08-07 00:00:00-04:00,27.182591681841117,27.23953396666456,27.04282163695718,27.14635467529297,1941845,0.0,0.0
2006-08-08 00:00:00-04:00,27.358596517620096,27.42071678375219,27.079058643505327,27.14635467529297,2300661,0.0,0.0
2006-08-09 00:00:00-04:00,27.33270897913053,27.348238489319147,26.768455337925626,26.840927124023438,1951495,0.0,0.0
2006-08-10 00:00:00-04:00,26.851271350871343,27.783068219709357,26.851271350871343,27.59153175354004,4618264,0.0,0.0
2006-08-11 00:00:00-04:00,27.51389071097505,27.5190686912742,27.130819873208548,27.23952865600586,1999853,0.0,0.0
2006-08-14 00:00:00-04:00,27.513893253089364,28.13509141938929,27.503539507187124,27.876258850097656,2876471,0.0,0.0
2006-08-15 00:00:00-04:00,27.928029015683002,27.95391227599653,27.66919641254773,27.81414222717285,4231960,0.0,0.0
2006-08-16 00:00:00-04:00,28.057438322884952,28.08332157674611,27.695072768828737,27.71578025817871,2006921,0.0,0.0
2006-08-17 00:00:00-04:00,27.669193385729425,28.08332550544267,27.64848810913552,28.031558990478516,2510138,0.0,0.0
2006-08-18 00:00:00-04:00,28.062614251151057,28.207560019044795,27.959081243276607,28.0004940032959,2009278,0.0,0.0
2006-08-21 00:00:00-04:00,28.000494723152553,28.1040277336887,27.871078459982364,28.036731719970703,1825718,0.0,0.0
2006-08-22 00:00:00-04:00,28.047080295929895,28.047080295929895,27.741659276392046,27.922842025756836,1943977,0.0,0.0
2006-08-23 00:00:00-04:00,28.031569380369394,28.140280431479585,27.865916027954157,28.129926681518555,2124170,0.0,0.0
2006-08-24 00:00:00-04:00,28.212737627897894,28.37839089445892,28.140265847038606,28.254150390625,2637373,0.0,0.0
2006-08-25 00:00:00-04:00,28.083328906068562,28.331807764854368,28.031562384835972,28.072975158691406,2270816,0.0,0.0
2006-08-28 00:00:00-04:00,28.026393984425756,28.424996745801803,28.026393984425756,28.40428924560547,1974496,0.0,0.0
2006-08-29 00:00:00-04:00,28.285209399301817,28.373210682304414,28.057435898742053,28.176498413085938,2996750,0.0,0.0
2006-08-30 00:00:00-04:00,28.600989391889094,28.600989391889094,28.311097807154386,28.368040084838867,1992784,0.0,0.0
2006-08-31 00:00:00-04:00,28.39391942700313,28.585455940637864,28.290386415919766,28.487098693847656,1921649,0.0,0.0
2006-09-01 00:00:00-04:00,28.487103222449438,28.569930973874794,28.37839442979145,28.523340225219727,2031830,0.0,0.0
2006-09-05 00:00:00-04:00,28.445696960791956,28.53370049746183,28.274867869405366,28.393930435180664,1197174,0.0,0.0
2006-09-06 00:00:00-04:00,27.757187135090994,28.45085686208021,27.576004396484144,28.119552612304688,1607602,0.0,0.0
2006-09-07 00:00:00-04:00,28.181683125462865,28.37321746072285,28.04708885546728,28.29039192199707,1703533,0.0,0.0
2006-09-08 00:00:00-04:00,28.264509960360794,28.544050043772298,28.15580115884135,28.481929779052734,2377742,0.0,0.0
2006-09-11 00:00:00-04:00,28.487104223122525,28.98406410217285,28.487104223122525,28.98406410217285,2787272,0.0,0.0
2006-09-12 00:00:00-04:00,29.06689931747127,29.1807861328125,28.859833186179475,29.1807861328125,2832489,0.0,0.0
2006-09-13 00:00:00-04:00,29.11866858393297,29.123844351439683,28.745949069486368,29.051372528076172,2535047,0.0,0.0
2006-09-14 00:00:00-04:00,28.937473471199052,29.051360249095985,28.704524150086087,28.865001678466797,1812703,0.0,0.0
2006-09-15 00:00:00-04:00,28.99959248485911,29.134184533891226,28.880529946768725,28.989238739013672,2024649,0.0,0.0
2006-09-18 00:00:00-04:00,28.911590103627564,28.958180853934607,28.626874267791724,28.771820068359375,2632549,0.0,0.0
2006-09-19 00:00:00-04:00,28.771818395064866,28.771818395064866,28.45086557383966,28.668285369873047,1807654,0.0,0.0
2006-09-20 00:00:00-04:00,28.927118777981086,29.134184834414324,28.68899369934402,29.0668888092041,3581424,0.0,0.0
2006-09-21 00:00:00-04:00,29.072071780126198,29.25843260649904,29.04101275022411,29.108308792114258,3408075,0.0,0.0
2006-09-22 00:00:00-04:00,29.13417991334337,29.40336618436875,29.13417991334337,29.284303665161133,2520461,0.0,0.0
2006-09-25 00:00:00-04:00,29.465491716617606,29.833033084337995,29.320543703088468,29.625967025756836,2750359,0.0,0.0
2006-09-26 00:00:00-04:00,29.72432207113525,29.921034368973597,29.341249005092617,29.548315048217773,3622938,0.0,0.0
2006-09-27 00:00:00-04:00,29.377494812011715,29.543148139298875,29.315374537322356,29.37749481201172,2217072,0.0,0.0
2006-09-28 00:00:00-04:00,29.49136874276515,29.51207401485674,29.248065732208737,29.351598739624023,2420827,0.0,0.0
2006-09-29 00:00:00-04:00,29.45514580834015,29.501734354526008,29.273962958870307,29.341259002685547,3015487,0.0,0.0
2006-10-02 00:00:00-04:00,29.341256833441115,29.341256833441115,29.03065768588446,29.12901496887207,2140552,0.0,0.0
2006-10-03 00:00:00-04:00,29.06689601369366,29.268786355017546,29.046188516656645,29.108308792114258,2767750,0.0,0.0
2006-10-04 00:00:00-04:00,29.279127346833473,29.70361315804176,29.206655564602027,29.68808364868164,4190782,0.0,0.0
2006-10-05 00:00:00-04:00,29.548312794691398,29.646670043935647,29.429250272105385,29.636316299438477,1992672,0.0,0.0
2006-10-06 00:00:00-04:00,29.636317918504705,29.75538044759524,29.506901644351363,29.693260192871094,1935338,0.0,0.0
2006-10-09 00:00:00-04:00,29.75538134618017,29.79161834716797,29.594906047644898,29.79161834716797,1356161,0.0,0.0
2006-10-10 00:00:00-04:00,29.791623810622923,29.833036584066726,29.41372865251182,29.50172996520996,1818313,0.0,0.0
2006-10-11 00:00:00-04:00,29.506898250746953,29.5741942624364,29.258419476080753,29.351598739624023,3281065,0.0,0.0
2006-10-12 00:00:00-04:00,29.351609069095755,29.413729338536896,29.139364999809633,29.222192764282227,3703610,0.0,0.0
2006-10-13 00:00:00-04:00,29.16007669360046,29.46032212086954,29.11866391322775,29.31537628173828,3334472,0.0,0.0
2006-10-16 00:00:00-04:00,29.40337821146064,29.641503347278043,29.28431564355194,29.574207305908203,2290114,0.0,0.0
2006-10-17 00:00:00-04:00,29.434427582472864,30.024566677628297,29.408544327696795,29.724321365356445,4731698,0.0,0.0
2006-10-18 00:00:00-04:00,30.23162472903326,30.495632971740523,29.915849990449903,30.41280746459961,4846479,0.0,0.0
2006-10-19 00:00:00-04:00,30.345517237725524,30.43351852493951,30.050447711950753,30.081506729125977,1856573,0.0,0.0
2006-10-20 00:00:00-04:00,30.17986977368729,30.392111601677954,30.050453484509333,30.2626953125,2372581,0.0,0.0
2006-10-23 00:00:00-04:00,30.13327648300746,30.412816530327063,30.024567695523597,30.407638549804688,1705440,0.0,0.0
2006-10-24 00:00:00-04:00,30.30927447284741,30.428336970232017,30.216095223400856,30.41280746459961,2470307,0.0,0.0
2006-10-25 00:00:00-04:00,30.500832381229994,30.588833713529215,30.2161164538642,30.50600814819336,2753051,0.0,0.0
2006-10-26 00:00:00-04:00,30.70271458125408,30.987430453477494,30.61471105034529,30.971900939941406,2225599,0.0,0.0
2006-10-27 00:00:00-04:00,30.971898720721715,31.05990224532482,30.33517098613962,30.366230010986328,2735324,0.0,0.0
2006-10-30 00:00:00-05:00,30.38692971467721,30.75964899555297,30.38692971467721,30.516345977783203,2517768,0.0,0.0
2006-10-31 00:00:00-05:00,29.786449178456177,30.20058139076708,29.268786128720965,29.574207305908203,7342144,0.0,0.0
2006-11-01 00:00:00-05:00,29.962444937194164,30.071155931254278,29.66737540424898,29.8174991607666,3316071,0.0,0.0
2006-11-02 00:00:00-05:00,29.822742605381485,29.87504486969576,29.655374911859116,29.86458396911621,2924381,0.525847,0.0
2006-11-03 00:00:00-05:00,30.11039151969436,30.11039151969436,29.660590905698523,29.801807403564453,2085910,0.0,0.0
2006-11-06 00:00:00-05:00,29.812277723868842,30.063328111337064,29.733824337873575,29.984874725341797,2868954,0.0,0.0
2006-11-07 00:00:00-05:00,30.021474795547864,30.32482731952006,29.953482335816865,30.204532623291016,2141225,0.0,0.0
2006-11-08 00:00:00-05:00,30.047628487380724,30.27775700453329,29.906411989024335,30.02670669555664,2149752,0.0,0.0
2006-11-09 00:00:00-05:00,30.12608865475892,30.225463830499876,30.047635275568577,30.079015731811523,2013092,0.0,0.0
2006-11-10 00:00:00-05:00,30.356218855522638,30.51312562233693,30.24115568405864,30.303918838500977,2155362,0.0,0.0
2006-11-13 00:00:00-05:00,30.30391305668521,30.51835136831788,30.17315520403806,30.40328598022461,1937357,0.0,0.0
2006-11-14 00:00:00-05:00,30.429446045605754,30.664806220089172,30.230697901536427,30.62296485900879,2706713,0.0,0.0
2006-11-15 00:00:00-05:00,30.5758820315228,30.795551904318696,30.445126421356505,30.63864517211914,1906166,0.0,0.0
2006-11-16 00:00:00-05:00,30.806018224575705,31.057068592578556,30.743255072929244,30.879240036010742,1681654,0.0,0.0
2006-11-17 00:00:00-05:00,30.774632478846925,30.87923697502751,30.680488880000958,30.847856521606445,2432720,0.0,0.0
2006-11-20 00:00:00-05:00,30.847849225373416,31.04136794525238,30.79031766151476,31.015216827392578,1732817,0.0,0.0
2006-11-21 00:00:00-05:00,31.015226086762173,31.015226086762173,30.633420099740164,30.68572235107422,2007931,0.0,0.0
2006-11-22 00:00:00-05:00,30.68572561190103,30.821710584386885,30.371912070549232,30.513126373291016,1762550,0.0,0.0
2006-11-24 00:00:00-05:00,30.408523650298953,30.570659748843195,30.366680054535035,30.387601852416992,628881,0.0,0.0
2006-11-27 00:00:00-05:00,30.471276002614342,30.492197794616082,30.20453546679584,30.377132415771484,2103638,0.0,0.0
2006-11-28 00:00:00-05:00,30.37714378460944,30.717108481085486,30.241158801452357,30.62296485900879,2911029,0.0,0.0
2006-11-29 00:00:00-05:00,30.675262235438503,30.790327639024653,30.340526922930238,30.57065773010254,2534374,0.0,0.0
2006-11-30 00:00:00-05:00,30.664795992531918,30.8269320521103,30.42420656762543,30.717098236083984,2487362,0.0,0.0
2006-12-01 00:00:00-05:00,30.84783809987545,30.84783809987545,30.01623419500721,30.366657257080078,3126341,0.0,0.0
2006-12-04 00:00:00-05:00,30.371909706507793,30.565426251078904,30.026713494739763,30.54973602294922,3593654,0.0,0.0
2006-12-05 00:00:00-05:00,30.54973090948954,30.790322575345087,30.38236551934277,30.63864517211914,2519451,0.0,0.0
2006-12-06 00:00:00-05:00,30.528815691788196,30.57065704526867,30.11039767981762,30.50266456604004,3729752,0.0,0.0
2006-12-07 00:00:00-05:00,30.41375259041453,30.523586431428356,29.963951850386213,30.094707489013672,3829162,0.0,0.0
2006-12-08 00:00:00-05:00,30.094692872677996,30.460808483020518,29.922095961232923,30.267292022705078,2893750,0.0,0.0
2006-12-11 00:00:00-05:00,30.267301037030624,30.418976206195808,30.209767223692648,30.40328598022461,2415778,0.0,0.0
2006-12-12 00:00:00-05:00,30.471277756251954,30.471277756251954,30.23591765630848,30.33529281616211,3758588,0.0,0.0
2006-12-13 00:00:00-05:00,30.492198944091797,30.534040291090097,30.293450866912934,30.492198944091797,2037440,0.0,0.0
2006-12-14 00:00:00-05:00,30.701408010734884,30.847853844964163,30.607264420057675,30.717098236083984,2517431,0.0,0.0
2006-12-15 00:00:00-05:00,30.690947114307953,30.785090704985162,30.638644870755883,30.717098236083984,4069831,0.0,0.0
2006-12-18 00:00:00-05:00,30.806016547450074,30.87400902528921,30.534044397510637,30.659570693969727,2090623,0.0,0.0
2006-12-19 00:00:00-05:00,30.65957053507849,30.983842695182,30.534044239269935,30.942001342773438,2779531,0.0,0.0
2006-12-20 00:00:00-05:00,30.910623929435648,31.04137956769186,30.779868291179437,30.894933700561523,2436086,0.0,0.0
2006-12-21 00:00:00-05:00,31.067525636148762,31.22966170575016,30.832165525614826,30.962921142578125,2467839,0.0,0.0
2006-12-22 00:00:00-05:00,31.09368590185265,31.09368590185265,30.769411428722425,30.915857315063477,1500002,0.0,0.0
2006-12-26 00:00:00-05:00,30.83216872347115,31.10937021246763,30.706642422733935,31.03614616394043,1505500,0.0,0.0
2006-12-27 00:00:00-05:00,31.224441330819328,31.234899992309472,30.931547321677925,31.119836807250977,1301744,0.0,0.0
2006-12-28 00:00:00-05:00,31.13029546874112,31.21398043074582,30.910627760114277,31.119836807250977,1490689,0.0,0.0
2006-12-29 00:00:00-05:00,31.09367523410979,31.114594788647985,30.790322665353724,30.863544464111328,1791497,0.0,0.0
2007-01-03 00:00:00-05:00,31.182597296881838,31.658546942897463,31.1355243698767,31.45979881286621,3997910,0.0,0.0
2007-01-04 00:00:00-05:00,31.39703615651918,31.73700083439807,31.30289253959244,31.648086547851562,3528914,0.0,0.0
2007-01-05 00:00:00-05:00,31.64808230062637,31.653313868887732,31.125059789464725,31.276737213134766,2554457,0.0,0.0
2007-01-08 00:00:00-05:00,31.229664291697055,31.276737213134766,30.931541012618332,31.276737213134766,2660711,0.0,0.0
2007-01-09 00:00:00-05:00,31.28196866307607,31.3865731723984,30.722334090485017,30.91062355041504,3407626,0.0,0.0
2007-01-10 00:00:00-05:00,30.91062228170698,31.475486161146428,30.74848395576241,31.386571884155273,4051766,0.0,0.0
2007-01-11 00:00:00-05:00,32.24956268926638,32.296635617273665,31.946210038172786,32.223411560058594,4981007,0.0,0.0
2007-01-12 00:00:00-05:00,32.24432960532757,32.396004793926394,32.19202735300046,32.286170959472656,2561863,0.0,0.0
2007-01-16 00:00:00-05:00,32.40123884488156,32.6156772004197,32.24956140607829,32.53722381591797,3441062,0.0,0.0
2007-01-17 00:00:00-05:00,32.53721816740517,32.54244749669755,32.076958839280074,32.19202423095703,4063435,0.0,0.0
2007-01-18 00:00:00-05:00,32.1658660631347,32.270470534736205,31.815440635553195,32.03511047363281,4426402,0.0,0.0
2007-01-19 00:00:00-05:00,32.035116669502834,32.21294296246919,31.904361054711675,32.160640716552734,2660038,0.0,0.0
2007-01-22 00:00:00-05:00,32.22864027072284,32.375086143753656,32.09265529689062,32.21818161010742,2751481,0.0,0.0
2007-01-23 00:00:00-05:00,32.32800873863047,32.40123277922414,32.165872669779425,32.30708694458008,2312442,0.0,0.0
2007-01-24 00:00:00-05:00,32.301854086909955,32.84056671974354,32.29139319102744,32.819644927978516,3061153,0.0,0.0
2007-01-25 00:00:00-05:00,32.84580971811904,32.88241950857524,32.16588035069567,32.20772171020508,2460995,0.0,0.0
2007-01-26 00:00:00-05:00,32.41169205434234,32.42738451947006,31.899130476182677,32.15018081665039,2295949,0.0,0.0
2007-01-29 00:00:00-05:00,32.265252240927,32.34370562690141,32.07696501002168,32.155418395996094,2213257,0.0,0.0
2007-01-30 00:00:00-05:00,32.32277505016787,32.41691863353245,32.18678788434578,32.36461639404297,1797107,0.0,0.0
2007-01-31 00:00:00-05:00,32.32279261460668,32.552921250264504,32.13973467691851,32.49015808105469,2568258,0.0,0.0
2007-02-01 00:00:00-05:00,32.88764229629361,33.086390379832956,32.68889421275427,33.034088134765625,2422735,0.0,0.0
2007-02-02 00:00:00-05:00,33.15962037509921,33.22761285818427,33.039323398968264,33.13869857788086,2317379,0.0,0.0
2007-02-05 00:00:00-05:00,33.08115606705514,33.17007032400791,32.99224404868484,33.086387634277344,2034074,0.0,0.0
2007-02-06 00:00:00-05:00,33.18576294025164,33.264216306996715,33.107309573506576,33.2119140625,2362595,0.0,0.0
2007-02-07 00:00:00-05:00,33.290358122674505,33.63555418300023,33.21190477786166,33.583251953125,2341838,0.0,0.0
2007-02-08 00:00:00-05:00,33.65648127678218,33.67217374012823,33.279906928127126,33.358360290527344,3542154,0.0,0.0
2007-02-09 00:00:00-05:00,33.52573593977449,33.70356451110659,32.89287951803841,33.11777877807617,2647022,0.0,0.0
2007-02-12 00:00:00-05:00,33.44726785652739,33.47341897384517,33.08115221407849,33.18575668334961,2756642,0.0,0.0
2007-02-13 00:00:00-05:00,33.368818115089525,33.9807547742537,33.2119113942055,33.917991638183594,4104388,0.0,0.0
2007-02-14 00:00:00-05:00,33.63034149716265,34.409646055243186,33.604192606126865,34.174285888671875,4290528,0.0,0.0
2007-02-15 00:00:00-05:00,34.080142866433235,34.16382558724596,33.65649321603768,33.95461654663086,2596757,0.0,0.0
2007-02-16 00:00:00-05:00,33.81338715759425,34.0592081346957,33.787238276029356,33.917991638183594,2936611,0.0,0.0
2007-02-20 00:00:00-05:00,33.970313467985456,34.36781206659816,33.74541415274317,34.31550979614258,2161421,0.0,0.0
2007-02-21 00:00:00-05:00,34.3154820071535,34.3154820071535,34.13242420880081,34.263179779052734,1865325,0.0,0.0
2007-02-22 00:00:00-05:00,34.257972100415586,34.65023908469039,34.257972100415586,34.47764205932617,2388626,0.0,0.0
2007-02-23 00:00:00-05:00,34.50902078412834,34.50902078412834,34.033071095952515,34.1324462890625,2699644,0.0,0.0
2007-02-26 00:00:00-05:00,34.1324340941617,34.28410925643261,34.03305893655666,34.163814544677734,2155138,0.0,0.0
2007-02-27 00:00:00-05:00,33.996449507641884,33.996449507641884,32.49014523508767,32.845802307128906,4981456,0.0,0.0
2007-02-28 00:00:00-05:00,32.90333252209729,33.21191442484498,32.77780623850262,33.034088134765625,4559808,0.0,0.0
2007-03-01 00:00:00-05:00,32.89809897024934,33.159612418395945,32.58428775735496,33.05500793457031,3651437,0.0,0.0
2007-03-02 00:00:00-05:00,32.92425890593079,33.01317318870387,32.51630175750603,32.67844009399414,3354556,0.0,0.0
2007-03-05 00:00:00-05:00,32.37507451679796,32.77780220193731,32.20770914405954,32.25477981567383,2798268,0.0,0.0
2007-03-06 00:00:00-05:00,32.359401840904226,32.61045451331839,32.108351407073656,32.547691345214844,2416564,0.0,0.0
2007-03-07 00:00:00-05:00,32.42738855327394,32.56860284832773,32.27048179114036,32.33847427368164,2538076,0.0,0.0
2007-03-08 00:00:00-05:00,32.53199204786407,32.76212061534076,32.42738754303386,32.511070251464844,1796771,0.0,0.0
2007-03-09 00:00:00-05:00,32.688888880695956,32.908556483281494,32.641815972380606,32.7725715637207,2484557,0.0,0.0
2007-03-12 00:00:00-04:00,32.898106879685784,32.9765625,32.71505122756279,32.9765625,1982686,0.0,0.0
2007-03-13 00:00:00-04:00,32.709803416122725,32.74641542379997,31.8049753105208,31.862506866455078,3442857,0.0,0.0
2007-03-14 00:00:00-04:00,31.878217549949206,32.31755517748995,31.574862660272398,32.223411560058594,5010403,0.0,0.0
2007-03-15 00:00:00-04:00,32.18156583083737,32.57906204538296,32.15018313689982,32.443077087402344,3732333,0.0,0.0
2007-03-16 00:00:00-04:00,32.59474930056806,32.63659065008613,32.202482451493545,32.30708694458008,3833425,0.0,0.0
2007-03-19 00:00:00-04:00,32.44307758493732,32.803961781381616,32.44307758493732,32.715049743652344,2245795,0.0,0.0
2007-03-20 00:00:00-04:00,32.715052595211446,32.96087141071241,32.67320899900578,32.95041275024414,2377518,0.0,0.0
2007-03-21 00:00:00-04:00,32.8196503850965,33.593725468958084,32.783040601294076,33.36882400512695,2615158,0.0,0.0
2007-03-22 00:00:00-04:00,33.368820549521104,33.4681957087639,33.07069954895792,33.19099426269531,2542228,0.0,0.0
2007-03-23 00:00:00-04:00,33.21192274792896,34.127212265983744,33.14393026001868,33.264225006103516,2473561,0.0,0.0
2007-03-26 00:00:00-04:00,33.34267456931089,33.614644471500235,33.0497806336398,33.58849334716797,3898613,0.0,0.0
2007-03-27 00:00:00-04:00,33.965067044688396,33.965067044688396,33.2485258523034,33.35313034057617,3246170,0.0,0.0
2007-03-28 00:00:00-04:00,33.15962037509921,33.3426782657191,32.92425799143344,33.13869857788086,2648257,0.0,0.0
2007-03-29 00:00:00-04:00,33.23284319005764,33.332218371966064,32.85626649885615,33.128238677978516,2505987,0.0,0.0
2007-03-30 00:00:00-04:00,33.180550927233256,33.34268931293811,32.720291383182165,33.028873443603516,2805000,0.0,0.0
2007-04-02 00:00:00-04:00,33.13346199495209,33.14915222013974,32.72027337970955,33.12300109863281,2717933,0.0,0.0
2007-04-03 00:00:00-04:00,33.25898551002313,33.400202011647885,33.17007125058661,33.34267044067383,2930776,0.0,0.0
2007-04-04 00:00:00-04:00,33.29036052864155,33.342665000878945,33.02362003243276,33.18052673339844,2367083,0.0,0.0
2007-04-05 00:00:00-04:00,33.18054178515502,33.44205307206106,33.07593727039261,33.384521484375,1790263,0.0,0.0
2007-04-09 00:00:00-04:00,33.38451409961006,33.46819679747583,33.32175095691939,33.405433654785156,1317677,0.0,0.0
2007-04-10 00:00:00-04:00,33.36882865982068,33.46297451296765,33.227614357266525,33.238075256347656,1927708,0.0,0.0
2007-04-11 00:00:00-04:00,33.1177639772936,33.28513157458673,32.610434096005,33.16483688354492,2833050,0.0,0.0
2007-04-12 00:00:00-04:00,33.0811636849678,33.26945313809447,32.84580578607968,33.248531341552734,2345317,0.0,0.0
2007-04-13 00:00:00-04:00,33.159611291429115,33.238064651632016,32.96086098804915,33.10207748413086,1737305,0.0,0.0
2007-04-16 00:00:00-04:00,33.26421933066478,33.546652372052826,33.20145842242995,33.410667419433594,1965856,0.0,0.0
2007-04-17 00:00:00-04:00,33.41067197136304,33.67741258345076,33.33221858679804,33.54142761230469,2262737,0.0,0.0
2007-04-18 00:00:00-04:00,33.400209880080645,33.63033845677315,33.384519651444364,33.525733947753906,2436423,0.0,0.0
2007-04-19 00:00:00-04:00,33.89707487131228,33.89707487131228,33.30082838751282,33.604183197021484,2925166,0.0,0.0
2007-04-20 00:00:00-04:00,33.98598649725132,34.11674209858749,33.81861887982453,34.04351806640625,3266142,0.0,0.0
2007-04-23 00:00:00-04:00,34.04874691198372,34.23180475125736,33.7453943689039,33.83430862426758,2117326,0.0,0.0
2007-04-24 00:00:00-04:00,34.50378206684328,34.50378206684328,33.56757317604489,33.745399475097656,2070875,0.0,0.0
2007-04-25 00:00:00-04:00,33.92846275983781,34.367802606161,33.902311631808644,34.294578552246094,2434291,0.0,0.0
2007-04-26 00:00:00-04:00,33.8604625161123,34.540391689075996,33.59372196676727,34.435787200927734,2126302,0.0,0.0
2007-04-27 00:00:00-04:00,33.98075844419436,34.55085382040989,33.98075844419436,34.28411102294922,2862222,0.0,0.0
2007-04-30 00:00:00-04:00,34.36256408691406,34.67114823067435,34.24226937002847,34.36256408691406,2342624,0.0,0.0
2007-05-01 00:00:00-04:00,34.57177879702313,34.69207353384034,33.99645400142657,34.44625473022461,3183114,0.0,0.0
2007-05-02 00:00:00-04:00,34.91174597935827,35.09480388213424,34.42010609790987,34.92220687866211,3993759,0.0,0.0
2007-05-03 00:00:00-04:00,34.94313765708173,35.691059690053436,34.875142913424845,35.63352584838867,4094178,0.0,0.0
2007-05-04 00:00:00-04:00,35.89500982501749,36.04668719174621,35.670110677364136,35.85316848754883,4482502,0.0,0.0
2007-05-07 00:00:00-04:00,36.06240115277287,36.24545908346166,35.926416156837476,35.98394775390625,3007970,0.0,0.0
2007-05-08 00:00:00-04:00,36.08855238027625,36.156544878422075,35.85319218305976,36.109474182128906,3537105,0.0,0.0
2007-05-09 00:00:00-04:00,36.114683359547676,36.2192878332695,35.88455486050905,36.057151794433594,3295314,0.0,0.0
2007-05-10 00:00:00-04:00,36.00485233378755,36.036232782890814,35.47136902895466,35.57597351074219,3270967,0.0,0.0
2007-05-11 00:00:00-04:00,35.62828660447055,35.95779037475586,35.586445246726626,35.95779037475586,2154464,0.0,0.0
2007-05-14 00:00:00-04:00,35.895017441974694,36.08853618723693,35.61258667519261,35.6910400390625,2277772,0.0,0.0
2007-05-15 00:00:00-04:00,35.82702105681266,36.24020962344678,35.82702105681266,36.057151794433594,3151137,0.0,0.0
2007-05-16 00:00:00-04:00,36.140848953716755,36.271604598241474,35.759042919421205,36.02578353881836,2431374,0.0,0.0
2007-05-17 00:00:00-04:00,35.8008824899939,35.94732835683119,35.64920729307007,35.84272384643555,2279119,0.0,0.0
2007-05-18 00:00:00-04:00,35.89502059119915,35.910713056215926,35.67535070537436,35.785186767578125,2517768,0.0,0.0
2007-05-21 00:00:00-04:00,35.79041053744269,35.895015015531456,35.68580605935392,35.827022552490234,2194183,0.0,0.0
2007-05-22 00:00:00-04:00,35.74857861016313,36.109465050060464,35.64920567295323,36.01008987426758,2250171,0.0,0.0
2007-05-23 00:00:00-04:00,35.910730524291225,35.9159598561187,35.41908826632323,35.44001007080078,3270069,0.0,0.0
2007-05-24 00:00:00-04:00,35.51322448841082,35.6858215042411,35.173259787485,35.23602294921875,3795726,0.0,0.0
2007-05-25 00:00:00-04:00,35.277854063539024,35.481833720277024,35.120947324073704,35.413841247558594,2291909,0.0,0.0
2007-05-29 00:00:00-04:00,35.72765258488576,35.82702550410751,35.351075985025375,35.471370697021484,1822240,0.0,0.0
2007-05-30 00:00:00-04:00,35.47660441730111,35.82702993886133,35.20463450906487,35.80611038208008,2728031,0.0,0.0
2007-05-31 00:00:00-04:00,35.80610526883828,35.93162930734906,35.56028428203701,35.565513610839844,2085125,0.0,0.0
2007-06-01 00:00:00-04:00,35.61782330242701,36.25591124036853,35.565521049129885,35.769500732421875,2269918,0.0,0.0
2007-06-04 00:00:00-04:00,35.6178191218318,35.76949653402372,35.47137327750534,35.623050689697266,2000077,0.0,0.0
2007-06-05 00:00:00-04:00,35.48706843285112,35.69627745054171,35.173254906315236,35.34585189819336,3390796,0.0,0.0
2007-06-06 00:00:00-04:00,35.351094662296006,35.513230806920674,35.000668998969644,35.03728103637695,2746319,0.0,0.0
2007-06-07 00:00:00-04:00,34.99019599772926,35.042498250630075,34.23704489910734,34.41487121582031,3995330,0.0,0.0
2007-06-08 00:00:00-04:00,34.33641833784734,34.566549149404466,34.148131120088244,34.52470779418945,3611718,0.0,0.0
2007-06-11 00:00:00-04:00,34.550857473066564,34.80713716213279,34.48809432358281,34.650230407714844,2331853,0.0,0.0
2007-06-12 00:00:00-04:00,34.388708236193004,34.65545097719546,34.142887284572694,34.26841354370117,3276577,0.0,0.0
2007-06-13 00:00:00-04:00,34.38348838911146,34.48809288770165,34.153357596779934,34.451480865478516,3723133,0.0,0.0
2007-06-14 00:00:00-04:00,34.60315293091835,34.85943256966931,34.48285822386524,34.68160629272461,3026034,0.0,0.0
2007-06-15 00:00:00-04:00,34.91173553466797,35.07387382891187,34.83851373861358,34.91173553466797,4154654,0.0,0.0
2007-06-18 00:00:00-04:00,34.885584091304914,35.02680059189606,34.75482848679136,34.82805252075195,2024986,0.0,0.0
2007-06-19 00:00:00-04:00,34.72867003965099,34.92218874122354,34.62929714433355,34.74959182739258,3220589,0.0,0.0
2007-06-20 00:00:00-04:00,34.718217791512295,34.718217791512295,33.95460592751588,33.98598861694336,5866489,0.0,0.0
2007-06-21 00:00:00-04:00,33.787245258129786,34.12197832203848,33.58849491307251,33.91276931762695,4797896,0.0,0.0
2007-06-22 00:00:00-04:00,33.646031321967286,33.797706518689424,33.29037419622858,33.34790802001953,5029477,0.0,0.0
2007-06-25 00:00:00-04:00,33.394972453962694,34.053982088342735,33.190995040302866,33.48388671875,7125598,0.0,0.0
2007-06-26 00:00:00-04:00,33.56234726698013,34.08014050201223,33.56234726698013,33.8290901184082,4035946,0.0,0.0
2007-06-27 00:00:00-04:00,33.5257342329551,34.03829812237621,33.41067106292154,34.001686096191406,3521173,0.0,0.0
2007-06-28 00:00:00-04:00,34.00169080763844,34.17428782518778,33.69833589600116,33.86570358276367,2593952,0.0,0.0
2007-06-29 00:00:00-04:00,33.881388011140665,34.06967746597058,33.47343088355034,33.724483489990234,3324262,0.0,0.0
2007-07-02 00:00:00-04:00,34.053983675250244,34.3364144700749,33.97029873566375,34.2998046875,3122414,0.0,0.0
2007-07-03 00:00:00-04:00,34.310264587402344,34.38348863236665,34.14812850887362,34.310264587402344,1130303,0.0,0.0
2007-07-05 00:00:00-04:00,34.19520962550187,34.28935324974847,33.734947927259114,33.86570358276367,3294416,0.0,0.0
2007-07-06 00:00:00-04:00,33.78725086714324,33.954616307590435,33.625112518658014,33.93369674682617,1589201,0.0,0.0
2007-07-09 00:00:00-04:00,33.99644919104515,34.05921233485516,33.67217705209511,33.740169525146484,1652482,0.0,0.0
2007-07-10 00:00:00-04:00,33.4838782584087,33.50480004668978,32.88763415538322,32.92424392700195,4233530,0.0,0.0
2007-07-11 00:00:00-04:00,32.93471118288648,33.50480651855469,32.88764050803493,33.50480651855469,2875798,0.0,0.0
2007-07-12 00:00:00-04:00,33.68263882208643,34.01737412760657,33.46820048605764,33.99645233154297,3430964,0.0,0.0
2007-07-13 00:00:00-04:00,33.970295796942025,34.357333292413436,33.870922877919554,34.163814544677734,2741831,0.0,0.0
2007-07-16 00:00:00-04:00,34.03306266783508,34.226581436787576,33.891846147865266,33.93891906738281,2243551,0.0,0.0
2007-07-17 00:00:00-04:00,33.9441348984194,33.9441348984194,33.530948638916016,33.530948638916016,2857397,0.0,0.0
2007-07-18 00:00:00-04:00,33.421129497935816,33.729711436270236,32.83534383791032,33.19622802734375,4612991,0.0,0.0
2007-07-19 00:00:00-04:00,33.22761287382311,33.31652715416838,32.924258006929506,32.9765625,4798233,0.0,0.0
2007-07-20 00:00:00-04:00,32.95041375158521,33.562348382399975,32.772585178056495,33.326988220214844,7107421,0.0,0.0
2007-07-23 00:00:00-04:00,33.42112489407176,33.734936118854435,33.258986594850136,33.55710983276367,3068558,0.0,0.0
2007-07-24 00:00:00-04:00,33.4472805360617,33.55711661358346,33.049784297577446,33.13869857788086,5523045,0.0,0.0
2007-07-25 00:00:00-04:00,33.316511665783175,33.56233035673,33.002696046164004,33.44203567504883,4664939,0.0,0.0
2007-07-26 00:00:00-04:00,33.21191107492463,33.21191107492463,31.85205507891846,32.06126403808594,8055287,0.0,0.0
2007-07-27 00:00:00-04:00,31.998512453873616,32.192031258679044,31.025691337995745,31.182598114013672,7039204,0.0,0.0
2007-07-30 00:00:00-04:00,31.329037339125918,31.66900194832036,30.84785621378031,31.496402740478516,5497576,0.0,0.0
2007-07-31 00:00:00-04:00,31.76837487555062,32.333238701572526,31.355188462910107,31.496402740478516,7555997,0.0,0.0
2007-08-01 00:00:00-04:00,31.878208959605246,32.443072750560596,31.00476103172018,32.33323669433594,11648155,0.0,0.0
2007-08-02 00:00:00-04:00,32.95041252608563,33.47866441946543,32.68890124449501,33.3165283203125,8284960,0.0,0.0
2007-08-03 00:00:00-04:00,33.415883028982854,33.415883028982854,31.84681619568533,31.899118423461914,8548518,0.0,0.0
2007-08-06 00:00:00-04:00,32.16586534653846,33.32174383655138,31.438863389671344,33.18575668334961,7169019,0.0,0.0
2007-08-07 00:00:00-04:00,33.133465708305565,33.9964505761687,32.90856424727461,33.714019775390625,6229793,0.0,0.0
2007-08-08 00:00:00-04:00,33.71925084590628,34.3311876370631,33.30606440160494,33.99645233154297,6324153,0.0,0.0
2007-08-09 00:00:00-04:00,33.238080247056885,33.891856316919316,31.684702538472667,31.689931869506836,7684915,0.0,0.0
2007-08-10 00:00:00-04:00,31.370883291784605,32.92949005026379,31.166903600909638,32.46923065185547,5975996,0.0,0.0
2007-08-13 00:00:00-04:00,32.68890196765621,33.379289975462065,32.68890196765621,32.830116271972656,3927000,0.0,0.0
2007-08-14 00:00:00-04:00,33.21191709347466,33.26421934274456,32.040348052978516,32.040348052978516,4830434,0.0,0.0
2007-08-15 00:00:00-04:00,31.77361343315892,32.5738375492754,31.11983519473316,31.20351791381836,4995032,0.0,0.0
2007-08-16 00:00:00-04:00,31.093679641108427,32.10834197962652,30.586347352557915,31.914825439453125,7469827,0.0,0.0
2007-08-17 00:00:00-04:00,33.11253576858908,33.82907684965162,32.27569999241847,33.80815505981445,8477047,0.0,0.0
2007-08-20 00:00:00-04:00,33.80815619430972,33.860458432075475,32.887637705065245,33.33220672607422,4054010,0.0,0.0
2007-08-21 00:00:00-04:00,33.081158668162566,33.89184346317707,33.07070001006075,33.400203704833984,3360839,0.0,0.0
2007-08-22 00:00:00-04:00,33.77677710326204,35.25169847661055,33.740165087639525,34.91696548461914,6100426,0.0,0.0
2007-08-23 00:00:00-04:00,35.01633373778305,35.08432619284467,34.50900163087659,34.88557815551758,4343599,0.0,0.0
2007-08-24 00:00:00-04:00,34.8437414533741,34.984957948728145,34.22657547067461,34.91696548461914,3675672,0.0,0.0
2007-08-27 00:00:00-04:00,34.51947728445297,34.99019758187163,34.51947728445297,34.57701110839844,2544247,0.0,0.0
2007-08-28 00:00:00-04:00,34.608381944006496,34.66068418473372,33.03931472218986,33.086387634277344,5406694,0.0,0.0
2007-08-29 00:00:00-04:00,33.31129187451701,33.5309617666085,32.955637031340835,33.42635726928711,6030413,0.0,0.0
2007-08-30 00:00:00-04:00,33.41589806596622,33.57803414960127,33.01317028314469,33.15961837768555,4537368,0.0,0.0
2007-08-31 00:00:00-04:00,33.421140663118365,33.93370244740639,32.95042024597114,33.49959182739258,4340345,0.0,0.0
2007-09-04 00:00:00-04:00,33.55711556012835,34.38872003683097,33.40543813151453,34.189971923828125,4826507,0.0,0.0
2007-09-05 00:00:00-04:00,33.881388011140665,34.033065440982845,33.46820155365909,33.724483489990234,4017097,0.0,0.0
2007-09-06 00:00:00-04:00,33.62510444041092,34.25273140705379,33.44204657514009,33.66171646118164,4897193,0.0,0.0
2007-09-07 00:00:00-04:00,33.13346954926772,33.54665602013278,32.95041165698264,33.222381591796875,4029326,0.0,0.0
2007-09-10 00:00:00-04:00,33.473424032941686,33.56756986038044,33.05500833120105,33.201454162597656,3421988,0.0,0.0
2007-09-11 00:00:00-04:00,33.14392807376368,33.67741151967095,33.0968573876614,33.4891242980957,2798492,0.0,0.0
2007-09-12 00:00:00-04:00,33.483895869418895,33.578039489034815,33.170082311643654,33.42113494873047,3496937,0.0,0.0
2007-09-13 00:00:00-04:00,33.598959294264354,33.90754350319591,33.525735239695905,33.8290901184082,3005838,0.0,0.0
2007-09-14 00:00:00-04:00,33.630344539761225,33.865704727626,33.45251818541347,33.818634033203125,2788955,0.0,0.0
2007-09-17 00:00:00-04:00,33.67217942066727,33.85000572895779,33.394975702555875,33.70355987548828,2229302,0.0,0.0
2007-09-18 00:00:00-04:00,33.80816746239011,35.92117722923228,33.73494340967993,35.84272384643555,5553227,0.0,0.0
2007-09-19 00:00:00-04:00,36.156540108613186,36.61157021092038,35.963021302047686,36.56972885131836,5284171,0.0,0.0
2007-09-20 00:00:00-04:00,36.475584209165206,36.475584209165206,35.62305785668345,35.738121032714844,3945064,0.0,0.0
2007-09-21 00:00:00-04:00,35.94732411334334,36.350051878542224,35.738115117248626,36.18791580200195,4515601,0.0,0.0
2007-09-24 00:00:00-04:00,36.062370110409354,36.271578993967395,35.76947856886074,35.83747100830078,3039835,0.0,0.0
2007-09-25 00:00:00-04:00,35.59166552039097,35.936859432169996,35.424297893420125,35.85840606689453,3842850,0.0,0.0
2007-09-26 00:00:00-04:00,36.49649542164927,36.559258564227854,36.01008498418496,36.449424743652344,3470234,0.0,0.0
2007-09-27 00:00:00-04:00,36.5174171554754,36.6638629955301,36.30820817294505,36.548797607421875,2425652,0.0,0.0
2007-09-28 00:00:00-04:00,36.611557226092415,36.75277372342507,36.370967814771944,36.470340728759766,2915180,0.0,0.0
2007-10-01 00:00:00-04:00,36.05716282797654,37.18165902600126,36.05716282797654,36.95153045654297,3649754,0.0,0.0
2007-10-02 00:00:00-04:00,36.91491769123787,36.98291017088233,36.57495305443261,36.65863800048828,2802644,0.0,0.0
2007-10-03 00:00:00-04:00,36.480798262478146,36.52263960338436,35.983927022583956,36.088531494140625,3136214,0.0,0.0
2007-10-04 00:00:00-04:00,36.22976207035242,36.653409449505524,36.177459814230644,36.46512222290039,1940611,0.0,0.0
2007-10-05 00:00:00-04:00,36.74232255954489,37.254884205456904,36.690020305092986,37.06659698486328,2178026,0.0,0.0
2007-10-08 00:00:00-04:00,37.15550844479183,37.20257912707572,36.79462202103423,36.89399719238281,1432009,0.0,0.0
2007-10-09 00:00:00-04:00,37.056139168916665,37.18689481592384,36.59064817013783,36.93584442138672,2347224,0.0,0.0
2007-10-10 00:00:00-04:00,36.820761842165574,36.873064076590396,36.43895597858079,36.690006256103516,2353395,0.0,0.0
2007-10-11 00:00:00-04:00,36.941064377137195,37.08751021690438,36.27682764977362,36.48603439331055,3182777,0.0,0.0
2007-10-12 00:00:00-04:00,36.44419704928915,36.747549658980056,36.29775119342971,36.6743278503418,1898985,0.0,0.0
2007-10-15 00:00:00-04:00,36.679551813568054,36.70047360645108,35.654428733951505,35.92116928100586,3336828,0.0,0.0
2007-10-16 00:00:00-04:00,35.92117791314943,35.94209971106013,35.15756586815576,35.36154556274414,2888813,0.0,0.0
2007-10-17 00:00:00-04:00,35.98393711631096,36.16176566327226,34.76006579894344,35.460914611816406,3304963,0.0,0.0
2007-10-18 00:00:00-04:00,35.2098676686651,35.73289022383241,35.10526315763163,35.47660827636719,2445175,0.0,0.0
2007-10-19 00:00:00-04:00,35.24124668763396,35.40861434617047,34.26319634027156,34.33641815185547,3949103,0.0,0.0
2007-10-22 00:00:00-04:00,34.153367442311314,35.429543588433184,34.11675764811736,35.2569465637207,2959948,0.0,0.0
2007-10-23 00:00:00-04:00,35.39814826377186,35.534135445797716,34.91696939399897,35.30400466918945,1984033,0.0,0.0
2007-10-24 00:00:00-04:00,35.141860876586115,35.39291115313743,33.98075082913128,35.079097747802734,4775905,0.0,0.0
2007-10-25 00:00:00-04:00,35.251701010322655,36.078076011880796,35.005880017568735,35.92116928100586,5663744,0.0,0.0
2007-10-26 00:00:00-04:00,36.37620169945424,36.61156181162628,35.633509342217025,36.43896484375,3413236,0.0,0.0
2007-10-29 00:00:00-04:00,36.590640881742054,36.653404027520516,36.05715973908212,36.302978515625,1751442,0.0,0.0
2007-10-30 00:00:00-04:00,36.02054802047904,36.386663762253015,35.73288565194235,35.90025329589844,2209779,0.0,0.0
2007-10-31 00:00:00-04:00,36.08331392365002,36.11469437990936,35.30400946118557,36.01008987426758,4322281,0.0,0.0
2007-11-01 00:00:00-04:00,35.04248841942606,35.28830938681117,34.226574398512035,34.27364730834961,5178367,0.0,0.0
2007-11-02 00:00:00-04:00,34.59105481189982,34.68098462837263,32.70782904363302,33.850460052490234,6657387,0.659537,0.0
2007-11-05 00:00:00-05:00,33.19451714170346,34.691578961770404,33.19451714170346,34.32128143310547,4308592,0.0,0.0
2007-11-06 00:00:00-05:00,34.83968582910739,34.92961338742706,33.73408267315887,34.57518768310547,4265059,0.0,0.0
2007-11-07 00:00:00-05:00,34.59104546336365,34.59104546336365,33.12043671995414,33.41138458251953,5545822,0.0,0.0
2007-11-08 00:00:00-05:00,33.43782582335617,34.591036603126135,33.19448631486809,34.46936798095703,6866079,0.0,0.0
2007-11-09 00:00:00-05:00,33.94567715932565,34.64924169132081,33.607120931133345,34.003868103027344,5124511,0.0,0.0
2007-11-12 00:00:00-05:00,33.87689872873701,34.94547126886461,33.74993876319995,34.088497161865234,4572262,0.0,0.0
2007-11-13 00:00:00-05:00,34.437642327999676,34.998379675241054,34.2101744080347,34.96134948730469,4260795,0.0,0.0
2007-11-14 00:00:00-05:00,35.24171804272922,35.70723427319796,34.760332378160015,35.00366973876953,4066352,0.0,0.0
2007-11-15 00:00:00-05:00,34.91374270642567,34.91374270642567,33.972129793068284,34.29481887817383,5565457,0.0,0.0
2007-11-16 00:00:00-05:00,34.59634224096288,34.59634224096288,33.395522606028315,33.83987808227539,7012051,0.0,0.0
2007-11-19 00:00:00-05:00,33.68647492894384,33.855751933896094,32.887689156163624,33.14160919189453,6456437,0.0,0.0
2007-11-20 00:00:00-05:00,32.93000357535354,33.57537942052512,32.49093716290228,33.030513763427734,7459954,0.0,0.0
2007-11-21 00:00:00-05:00,32.691964148656865,33.00407062497355,31.924919469892615,32.3216667175293,6928462,0.0,0.0
2007-11-23 00:00:00-05:00,32.469775462907535,32.90355277590905,32.29520717932724,32.676082611083984,2610670,0.0,0.0
2007-11-26 00:00:00-05:00,32.7448579804993,32.7448579804993,31.91433564314541,31.983104705810547,5917765,0.0,0.0
2007-11-27 00:00:00-05:00,32.08359928202132,33.14688036746813,32.08359928202132,33.08869171142578,7514707,0.0,0.0
2007-11-28 00:00:00-05:00,33.268563402478534,34.70743364039061,31.686865989868114,34.63337326049805,8897797,0.0,0.0
2007-11-29 00:00:00-05:00,34.59105592719151,34.59105592719151,34.01974040434244,34.305397033691406,7178668,0.0,0.0
2007-11-30 00:00:00-05:00,34.58577293577441,35.55383583373541,34.41649364564726,34.696861267089844,7222987,0.0,0.0
2007-12-03 00:00:00-05:00,34.25249833152225,34.379458346318586,33.496034092418,34.268367767333984,5133038,0.0,0.0
2007-12-04 00:00:00-05:00,33.993286536721655,34.38474237414226,33.22095297477356,33.480159759521484,5072113,0.0,0.0
2007-12-05 00:00:00-05:00,33.829294091523174,34.22075216692678,33.37964734249369,33.74465560913086,4747967,0.0,0.0
2007-12-06 00:00:00-05:00,33.73406974386423,34.17313830926609,33.48544112908435,33.90863800048828,4648446,0.0,0.0
2007-12-07 00:00:00-05:00,34.08851496493951,34.96664801537544,34.08851496493951,34.47468185424805,5368321,0.0,0.0
2007-12-10 00:00:00-05:00,34.50111167323999,35.104168078699566,34.21016384438935,34.51169204711914,3124770,0.0,0.0
2007-12-11 00:00:00-05:00,34.61220245307019,34.81850955652986,32.99347316235855,33.07282257080078,5504869,0.0,0.0
2007-12-12 00:00:00-05:00,33.75523041953025,34.46937513846802,32.54383073626676,33.14688491821289,6152150,0.0,0.0
2007-12-13 00:00:00-05:00,33.04638215679191,33.30559120367381,32.13651049280426,33.24211120605469,6791466,0.0,0.0
2007-12-14 00:00:00-05:00,32.665509982956515,33.52777343351875,32.665509982956515,32.76601791381836,3899174,0.0,0.0
2007-12-17 00:00:00-05:00,32.691954839282204,32.691954839282204,31.97780999689636,32.057159423828125,3592981,0.0,0.0
2007-12-18 00:00:00-05:00,32.353386096070956,32.57027355509237,31.660402226773254,32.2581672668457,4302421,0.0,0.0
2007-12-19 00:00:00-05:00,32.26876189868679,32.914135506471794,31.94078377385199,32.21586227416992,3814239,0.0,0.0
2007-12-20 00:00:00-05:00,32.41158314654356,32.78717177042109,31.5969304364477,32.06244659423828,4033702,0.0,0.0
2007-12-21 00:00:00-05:00,32.50151546627741,32.95116222733154,32.36926641890855,32.86652374267578,5216402,0.0,0.0
2007-12-24 00:00:00-05:00,33.00935045631288,33.63885681893968,32.77130443841748,33.564796447753906,1260904,0.0,0.0
2007-12-26 00:00:00-05:00,33.33204458065299,33.45900232532533,32.88768681392207,33.32675552368164,2169724,0.0,0.0
2007-12-27 00:00:00-05:00,32.94587322002158,33.27384904666277,32.32694722458606,32.35868835449219,2729265,0.0,0.0
2007-12-28 00:00:00-05:00,32.892976071926846,33.05696399756627,32.443329276427384,32.51738739013672,2626826,0.0,0.0
2007-12-31 00:00:00-05:00,32.35339197475719,32.824197151975675,32.258173128230446,32.59672927856445,3083480,0.0,0.0
2008-01-02 00:00:00-05:00,32.40100249718449,32.48564096864442,31.216050311843,31.337718963623047,12531618,0.0,0.0
2008-01-03 00:00:00-05:00,31.501697104899186,31.787353535279447,31.29009874277326,31.61278533935547,4510889,0.0,0.0
2008-01-04 00:00:00-05:00,31.311276594438386,31.4329475392647,30.750541493508052,31.173738479614258,5704360,0.0,0.0
2008-01-07 00:00:00-05:00,31.30069502741732,31.84027161702709,31.0890988065566,31.554615020751953,6839488,0.0,0.0
2008-01-08 00:00:00-05:00,31.649834075722076,31.78208312964634,30.406692968833955,30.549522399902344,6454529,0.0,0.0
2008-01-09 00:00:00-05:00,30.62358221953093,31.062650914367715,30.210965601105165,30.972721099853516,9041413,0.0,0.0
2008-01-10 00:00:00-05:00,30.681772429762635,32.09419282343073,30.65003356147161,31.760923385620117,6620249,0.0,0.0
2008-01-11 00:00:00-05:00,31.364178154416305,32.00426499391741,30.946272463321645,31.507007598876953,6366228,0.0,0.0
2008-01-14 00:00:00-05:00,31.82440435082028,31.861434541049356,31.2848277244637,31.792665481567383,3940801,0.0,0.0
2008-01-15 00:00:00-05:00,32.05187345726183,32.2687632855935,31.607517950712396,31.665706634521484,5195982,0.0,0.0
2008-01-16 00:00:00-05:00,31.739759230197045,32.70782171011431,31.739759230197045,32.0836067199707,8956253,0.0,0.0
2008-01-17 00:00:00-05:00,32.242305954454004,32.242305954454004,30.581257154868958,30.819305419921875,9473831,0.0,0.0
2008-01-18 00:00:00-05:00,31.147278040243336,31.210758019329504,28.973105171630984,30.380233764648438,16383781,0.0,0.0
2008-01-22 00:00:00-05:00,28.565782523608572,30.459588253318362,27.878087541122014,29.322246551513672,14753402,0.0,0.0
2008-01-23 00:00:00-05:00,28.565791416360632,29.42276588337986,27.75113846506682,29.248197555541992,12847349,0.0,0.0
2008-01-24 00:00:00-05:00,29.4650810127497,30.046976866902106,29.30109308678532,29.856536865234375,7061644,0.0,0.0
2008-01-25 00:00:00-05:00,30.205664679032456,30.639441882531816,28.766795004469998,28.893754959106445,6906359,0.0,0.0
2008-01-28 00:00:00-05:00,28.994283772968824,30.078726432287105,28.803845967724858,30.052276611328125,5358223,0.0,0.0
2008-01-29 00:00:00-05:00,30.337918362362686,30.909233717945522,29.999359940605938,30.888072967529297,4949254,0.0,0.0
2008-01-30 00:00:00-05:00,30.787571542807235,31.6075156996644,30.327344369676567,30.433143615722656,6936428,0.0,0.0
2008-01-31 00:00:00-05:00,29.999363301959022,31.639251454297042,29.81421463959828,31.14728546142578,8325464,0.0,0.0
2008-02-01 00:00:00-05:00,31.26365936817274,31.89845466613769,30.951550774346504,31.898454666137695,6159780,0.0,0.0
2008-02-04 00:00:00-05:00,31.78208539358577,31.898465022159396,31.24250876230881,31.44881820678711,4194821,0.0,0.0
2008-02-05 00:00:00-05:00,30.840457936350056,30.930387709742686,29.898845503288957,29.994064331054688,7685139,0.0,0.0
2008-02-06 00:00:00-05:00,30.34322057144356,30.53366061529245,29.560306428913133,29.808935165405273,7989986,0.0,0.0
2008-02-07 00:00:00-05:00,30.803442349176354,31.893173726338155,30.486044596898036,31.782085418701172,11628857,0.0,0.0
2008-02-08 00:00:00-05:00,31.676272318135094,31.676272318135094,30.38552338171432,30.533641815185547,8814881,0.0,0.0
2008-02-11 00:00:00-05:00,30.58654948272142,30.58654948272142,29.21115946153698,29.523265838623047,10595158,0.0,0.0
2008-02-12 00:00:00-05:00,29.824795140556986,30.86162674844725,29.80892570797565,30.718799591064453,8510033,0.0,0.0
2008-02-13 00:00:00-05:00,30.893356301824415,31.173723719541776,30.612988884107054,31.073213577270508,4711502,0.0,0.0
2008-02-14 00:00:00-05:00,31.020329727441315,31.258375758741884,30.56539162653246,30.64474105834961,4921541,0.0,0.0
2008-02-15 00:00:00-05:00,30.496637532673375,30.9145433867673,30.004671266890906,30.814035415649414,4806311,0.0,0.0
2008-02-19 00:00:00-05:00,31.11025496307516,31.522871525068414,30.734668586011587,31.157865524291992,4699385,0.0,0.0
2008-02-20 00:00:00-05:00,30.681775972517116,31.390629647457818,30.501916327030735,31.26896095275879,6437587,0.0,0.0
2008-02-21 00:00:00-05:00,31.358888230900824,31.882595424734856,31.263669358608556,31.290119171142578,5402879,0.0,0.0
2008-02-22 00:00:00-05:00,31.311267778434885,31.76091444957017,30.877492801130526,31.734464645385742,5310089,0.0,0.0
2008-02-25 00:00:00-05:00,31.718597389889883,31.924906782330254,31.115540907487638,31.713308334350586,8407370,0.0,0.0
2008-02-26 00:00:00-05:00,31.53345163570129,32.178827413972066,31.496421451083574,32.00954818725586,5942000,0.0,0.0
2008-02-27 00:00:00-05:00,31.750350267232985,32.7607346608481,31.681581194112418,32.50681686401367,5431714,0.0,0.0
2008-02-28 00:00:00-05:00,32.110074520372336,32.231743247487685,31.7291966346684,31.882606506347656,4540397,0.0,0.0
2008-02-29 00:00:00-05:00,31.46997022490307,31.602219261043576,30.676476008060007,30.819305419921875,7711057,0.0,0.0
2008-03-03 00:00:00-05:00,30.718808418945997,31.152583600196454,30.025821865005444,30.597137451171875,4956659,0.0,0.0
2008-03-04 00:00:00-05:00,30.195085541261182,30.597121640480665,29.898848653852117,30.443714141845703,5703126,0.0,0.0
2008-03-05 00:00:00-05:00,30.586549395616682,31.173734228097583,30.168641523171267,30.528358459472656,5236374,0.0,0.0
2008-03-06 00:00:00-05:00,30.36436761946305,30.36436761946305,29.88827112105785,29.978200912475586,6174142,0.0,0.0
2008-03-07 00:00:00-05:00,29.713705252916892,30.554807776073943,29.602614702510817,29.872404098510742,5924384,0.0,0.0
2008-03-10 00:00:00-04:00,29.957037752638062,30.269146337701674,29.62377068339318,29.835369110107422,11938641,0.0,0.0
2008-03-11 00:00:00-04:00,30.449010490821593,32.004260182654065,30.07342410458318,30.967426300048828,7876552,0.0,0.0
2008-03-12 00:00:00-04:00,31.094392553999647,31.438240144017215,30.459597003197985,30.5230770111084,5831258,0.0,0.0
2008-03-13 00:00:00-04:00,30.041699931129603,30.697656477384257,29.756043188071903,30.45431900024414,7271682,0.0,0.0
2008-03-14 00:00:00-04:00,30.523070541110933,30.73995806933387,29.67138759664438,29.882986068725586,9443201,0.0,0.0
2008-03-17 00:00:00-04:00,29.227031806704318,30.385534422602582,29.12123256376022,29.893566131591797,7743259,0.0,0.0
2008-03-18 00:00:00-04:00,30.4014101383917,31.522880534020217,30.078721022240856,31.51759147644043,8398619,0.0,0.0
2008-03-19 00:00:00-04:00,31.517577981595824,32.11534311897825,30.909232469432656,30.93039321899414,6570208,0.0,0.0
2008-03-20 00:00:00-04:00,30.9251039889466,32.131214719981635,30.914523613451006,31.845558166503906,13409695,0.0,0.0
2008-03-24 00:00:00-04:00,31.909043043796782,33.07812377177585,31.909043043796782,32.54383850097656,7171263,0.0,0.0
2008-03-25 00:00:00-04:00,32.5967334940485,32.734273858285654,32.004259588306304,32.40629577636719,5024428,0.0,0.0
2008-03-26 00:00:00-04:00,32.17881761557949,32.3586771637268,31.554602779777053,31.856128692626953,5855942,0.0,0.0
2008-03-27 00:00:00-04:00,32.258180874905705,32.51209861467117,31.702734828602708,31.90904426574707,4677057,0.0,0.0
2008-03-28 00:00:00-04:00,31.79267086813853,32.104777349175116,31.31657416377464,31.395923614501953,5364394,0.0,0.0
2008-03-31 00:00:00-04:00,31.60221990152515,32.13121605680834,31.23721391287013,31.87729835510254,5499483,0.0,0.0
2008-04-01 00:00:00-04:00,32.1576683752656,33.316170951445535,32.073029889472444,33.26327133178711,6685661,0.0,0.0
2008-04-02 00:00:00-04:00,33.16275816917626,33.427256243703845,32.80833029647916,32.89297103881836,4393864,0.0,0.0
2008-04-03 00:00:00-04:00,32.633760338973985,33.083407042507076,32.559702240411774,32.80303955078125,4956547,0.0,0.0
2008-04-04 00:00:00-04:00,32.80303683076416,32.98289640292369,32.586149344469106,32.6707878112793,4383317,0.0,0.0
2008-04-07 00:00:00-04:00,32.855952651939006,32.98820173668464,32.416886143413784,32.55442428588867,4488449,0.0,0.0
2008-04-08 00:00:00-04:00,32.390423028604516,33.136306654687445,32.390423028604516,32.80303955078125,4580453,0.0,0.0
2008-04-09 00:00:00-04:00,32.88767603028666,33.06224655121623,32.70781871827035,32.72897720336914,3751295,0.0,0.0
2008-04-10 00:00:00-04:00,32.77659787592907,32.967035621362086,32.40101144193298,32.691959381103516,3387430,0.0,0.0
2008-04-11 00:00:00-04:00,32.28463011507843,32.79246558561881,32.21586105863143,32.268760681152344,3727396,0.0,0.0
2008-04-14 00:00:00-04:00,32.194709955383914,32.31637867082601,31.8984728861204,32.0201416015625,4438856,0.0,0.0
2008-04-15 00:00:00-04:00,32.16296118294686,32.443328727270654,31.866721940670974,32.03071212768555,4334510,0.0,0.0
2008-04-16 00:00:00-04:00,32.390429982206456,32.86123527319423,32.34811073620714,32.83478546142578,4508420,0.0,0.0
2008-04-17 00:00:00-04:00,32.628483365670185,33.199798935944884,32.48565390706368,32.86124038696289,4620396,0.0,0.0
2008-04-18 00:00:00-04:00,33.210361602242855,33.64413654007173,32.3904177471442,32.61788558959961,6706306,0.0,0.0
2008-04-21 00:00:00-04:00,32.60731333239285,32.60731333239285,31.72918060046671,31.935487747192383,6504795,0.0,0.0
2008-04-22 00:00:00-04:00,31.782089021122573,31.951368294355277,31.36947234922189,31.54404067993164,4988188,0.0,0.0
2008-04-23 00:00:00-04:00,31.163159636577053,31.99368421553495,31.126129445639233,31.4382381439209,7054912,0.0,0.0
2008-04-24 00:00:00-04:00,31.5546102932031,32.08889548214981,31.506999735548206,31.845558166503906,6420533,0.0,0.0
2008-04-25 00:00:00-04:00,31.94078656353867,32.42217228302568,31.771507297469743,32.173545837402344,4877334,0.0,0.0
2008-04-28 00:00:00-04:00,32.152376194133325,32.72898063388066,31.99896640637315,32.411582946777344,5923038,0.0,0.0
2008-04-29 00:00:00-04:00,32.358681166118195,32.60730750898871,32.28990986534095,32.4327392578125,4164527,0.0,0.0
2008-04-30 00:00:00-04:00,32.42217198560463,32.72898937895494,32.110065535049614,32.189414978027344,4474648,0.0,0.0
2008-05-01 00:00:00-04:00,32.26347146705588,32.89297792181878,32.06245334118111,32.76601791381836,4348423,0.0,0.0
2008-05-02 00:00:00-04:00,33.06225443094316,33.591248382593015,32.75543481445801,32.8876838684082,4325759,0.0,0.0
2008-05-05 00:00:00-04:00,32.88769129520305,32.89827167473854,32.369275339478286,32.64964294433594,3300475,0.0,0.0
2008-05-06 00:00:00-04:00,32.32694451486648,33.26326814597379,31.914327973879544,32.988189697265625,4510328,0.0,0.0
2008-05-07 00:00:00-04:00,32.95117099195533,33.083420074500886,32.20528707205892,32.3216667175293,5404562,0.0,0.0
2008-05-08 00:00:00-04:00,32.559705035833396,32.58086352403181,31.77678889702616,31.935487747192383,3806273,0.0,0.0
2008-05-09 00:00:00-04:00,31.49113747911271,32.41688092325781,31.43823785373299,31.782085418701172,3306871,0.0,0.0
2008-05-12 00:00:00-04:00,31.930197544506363,32.83478005230827,31.83497869065626,32.82419967651367,4981568,0.0,0.0
2008-05-13 00:00:00-04:00,32.850647060942165,32.95644627549142,32.401000399107836,32.4327392578125,5441700,0.0,0.0
2008-05-14 00:00:00-04:00,32.70782722225184,33.252692883502775,32.432748731244764,32.68137741088867,3418510,0.0,0.0
2008-05-15 00:00:00-04:00,32.697253748360346,32.98820173478398,32.5438461685551,32.95646286010742,4058723,0.0,0.0
2008-05-16 00:00:00-04:00,32.982902201550154,33.04109087469335,32.623182993989914,32.676082611083984,4154878,0.0,0.0
2008-05-19 00:00:00-04:00,32.6549267141453,32.755434636109655,32.30578785512728,32.4644889831543,5035424,0.0,0.0
2008-05-20 00:00:00-04:00,32.37454954271718,32.37454954271718,31.729173902122955,31.89316177368164,4800814,0.0,0.0
2008-05-21 00:00:00-04:00,32.030708087009884,32.14708542963809,31.284822150939096,31.29540252685547,4342701,0.0,0.0
2008-05-22 00:00:00-04:00,31.36947645867566,32.935304846863836,31.30599643987849,31.533464431762695,5234018,0.0,0.0
2008-05-23 00:00:00-04:00,31.31656658755321,31.475265450614817,31.009749238464284,31.141998291015625,3102667,0.0,0.0
2008-05-27 00:00:00-04:00,31.210769775245158,31.44352676736493,31.04677957882447,31.300697326660156,3906692,0.0,0.0
2008-05-28 00:00:00-04:00,31.877297439141984,31.898458190405535,31.348301299058935,31.660409927368164,4766032,0.0,0.0
2008-05-29 00:00:00-04:00,31.596919768250512,32.12591573807606,31.501700946511882,32.04127502441406,4363795,0.0,0.0
2008-05-30 00:00:00-04:00,31.803239143792364,32.104765130477766,31.53344975550732,31.75562858581543,4197290,0.0,0.0
2008-06-02 00:00:00-04:00,31.570481368381248,31.670989280446893,30.951555407390217,31.358882904052734,4110671,0.0,0.0
2008-06-03 00:00:00-04:00,31.406506658319973,31.77151280413836,31.253096801572788,31.533464431762695,5335671,0.0,0.0
2008-06-04 00:00:00-04:00,31.40649395571055,31.77149995389932,31.07851587803824,31.24779510498047,4049747,0.0,0.0
2008-06-05 00:00:00-04:00,31.30068690893858,31.633956247712284,31.136699031248575,31.59163475036621,3585127,0.0,0.0
2008-06-06 00:00:00-04:00,31.390624928786377,31.390624928786377,30.062845337090145,30.147483825683594,6405498,0.0,0.0
2008-06-09 00:00:00-04:00,30.422559436772474,30.607708094217482,30.020523257695015,30.179222106933594,5269024,0.0,0.0
2008-06-10 00:00:00-04:00,30.025815037345662,30.8087289784447,30.025815037345662,30.64474105834961,4905608,0.0,0.0
2008-06-11 00:00:00-04:00,30.644738303034316,30.671188111261888,29.67138671875,29.67138671875,5270034,0.0,0.0
2008-06-12 00:00:00-04:00,30.094578841602036,31.083799699925933,29.99406868073742,30.63944435119629,7049638,0.0,0.0
2008-06-13 00:00:00-04:00,30.782287027371567,31.681580817579437,30.639459824953835,31.628681182861328,7661689,0.0,0.0
2008-06-16 00:00:00-04:00,31.358887182250246,31.42765623970883,30.697641891011962,31.179027557373047,6039614,0.0,0.0
2008-06-17 00:00:00-04:00,31.27953232326435,31.41178135857932,30.33262832474893,30.406688690185547,3911853,0.0,0.0
2008-06-18 00:00:00-04:00,30.15276890685996,30.54951598532656,29.782471633624468,29.999359130859375,4884290,0.0,0.0
2008-06-19 00:00:00-04:00,29.93588402373791,30.983295949523562,29.565586718166678,30.87749671936035,6508273,0.0,0.0
2008-06-20 00:00:00-04:00,30.64473624177118,30.978003350191862,30.05226012449523,30.099870681762695,5842030,0.0,0.0
2008-06-23 00:00:00-04:00,30.17394163425445,30.364379401852542,29.385736219829074,29.475666046142578,5785256,0.0,0.0
2008-06-24 00:00:00-04:00,29.46507119124594,29.824788055624797,29.100063007829764,29.35398292541504,5714009,0.0,0.0
2008-06-25 00:00:00-04:00,29.41747696206433,30.364381331032813,29.41747696206433,29.808935165405273,5214495,0.0,0.0
2008-06-26 00:00:00-04:00,29.55501629029864,30.004663169839766,28.87261012039332,28.941381454467773,5525626,0.0,0.0
2008-06-27 00:00:00-04:00,29.004841632129615,29.152960061656657,28.364757367603822,28.459976196289062,7085318,0.0,0.0
2008-06-30 00:00:00-04:00,28.31186242808,28.507591436249857,27.830476886823398,27.915115356445312,6214982,0.0,0.0
2008-07-01 00:00:00-04:00,27.54481695697905,28.06852397566284,27.079300864899178,27.788156509399414,9241690,0.0,0.0
2008-07-02 00:00:00-04:00,27.87809179092479,28.6081061230963,27.809322735022928,27.872802734375,6721229,0.0,0.0
2008-07-03 00:00:00-04:00,28.057950822156368,28.44411760255324,27.78287234017816,27.904541015625,3681058,0.0,0.0
2008-07-07 00:00:00-04:00,27.96803392623803,28.38594203066392,27.53954770405101,27.677085876464844,5534153,0.0,0.0
2008-07-08 00:00:00-04:00,27.782868050680374,28.671581093270678,27.634749587607075,28.518171310424805,7077800,0.0,0.0
2008-07-09 00:00:00-04:00,28.608105088356332,28.830283945977026,27.78287191908042,27.830482482910156,8612360,0.0,0.0
2008-07-10 00:00:00-04:00,27.788161242039266,28.08439818813799,27.433733359426046,27.751131057739258,9029183,0.0,0.0
2008-07-11 00:00:00-04:00,27.581849645329317,27.740548481901648,26.77777508719941,27.010534286499023,7442787,0.0,0.0
2008-07-14 00:00:00-04:00,27.285607181673484,27.63474364557123,26.423344130898712,26.5026912689209,6191981,0.0,0.0
2008-07-15 00:00:00-04:00,26.396894067491907,26.545014774097563,25.248974440349524,25.656299591064453,8735331,0.0,0.0
2008-07-16 00:00:00-04:00,25.740946565996925,26.989376652184102,25.39709904705588,26.957637786865234,8160418,0.0,0.0
2008-07-17 00:00:00-04:00,27.09517149099862,27.682358517298205,26.693135362843368,27.491918563842773,6889753,0.0,0.0
2008-07-18 00:00:00-04:00,27.57127284064117,27.597722650161906,26.77777855501912,27.280324935913086,7128066,0.0,0.0
2008-07-21 00:00:00-04:00,27.338503146554405,27.719380710690668,27.126907015534172,27.317344665527344,4974499,0.0,0.0
2008-07-22 00:00:00-04:00,27.2274229701901,28.491724661973713,26.872995100329582,28.475852966308594,8470539,0.0,0.0
2008-07-23 00:00:00-04:00,28.45469575873078,28.772093459898354,27.91511921391576,28.49701499938965,11773595,0.0,0.0
2008-07-24 00:00:00-04:00,28.422958065880895,28.745647126231557,27.62946371704463,27.84635353088379,7121895,0.0,0.0
2008-07-25 00:00:00-04:00,27.87808269717296,28.00504265446312,27.190387834176647,27.513076782226562,6116920,0.0,0.0
2008-07-28 00:00:00-04:00,27.280323168912727,27.88337969258464,26.59262816591698,26.603208541870117,6325836,0.0,0.0
2008-07-29 00:00:00-04:00,26.751339787040155,27.94687076516918,26.656120886294328,27.93629264831543,9512204,0.0,0.0
2008-07-30 00:00:00-04:00,26.687842344576104,27.507786242927434,26.26464549381413,27.391408920288086,15481019,0.0,0.0
2008-07-31 00:00:00-04:00,27.05814816565811,27.39141760259032,26.74604174778242,26.85713005065918,8551660,0.0,0.0
2008-08-01 00:00:00-04:00,26.97350361393439,27.10046358654045,26.46037693219805,26.867704391479492,5950976,0.0,0.0
2008-08-04 00:00:00-04:00,26.77778462307118,26.989383147186913,26.492127974005722,26.75662612915039,11283505,0.0,0.0
2008-08-05 00:00:00-04:00,27.100468262144222,27.94157086728457,26.851839593649586,27.909832000732422,7747186,0.0,0.0
2008-08-06 00:00:00-04:00,27.71938705444336,27.862216456700587,27.41256976405959,27.71938705444336,4914248,0.0,0.0
2008-08-07 00:00:00-04:00,27.380824900559755,27.565973498116445,26.851828907540636,27.058135986328125,7183268,0.0,0.0
2008-08-08 00:00:00-04:00,26.78306300306696,28.206061031660678,26.78306300306696,28.184900283813477,7881826,0.0,0.0
2008-08-11 00:00:00-04:00,27.772272952559923,28.883164232926212,27.65060436039729,28.597505569458008,9615316,0.0,0.0
2008-08-12 00:00:00-04:00,28.153180270244906,28.518186433795865,27.74585258267205,27.93629264831543,15679389,0.0,0.0
2008-08-13 00:00:00-04:00,27.719380710690668,27.74583051008694,26.97349727337584,27.317344665527344,8015344,0.0,0.0
2008-08-14 00:00:00-04:00,27.111047253147106,28.35947969243789,27.010539329708827,28.132009506225586,6534416,0.0,0.0
2008-08-15 00:00:00-04:00,28.280119425968095,28.899042955747408,28.047360272373272,28.602806091308594,10111688,0.0,0.0
2008-08-18 00:00:00-04:00,28.66101706163885,28.66630838442877,28.06854287149102,28.142601013183594,6927565,0.0,0.0
2008-08-19 00:00:00-04:00,27.973311535070017,27.973311535070017,27.047570383413852,27.174528121948242,7949370,0.0,0.0
2008-08-20 00:00:00-04:00,27.253870428396315,27.253870428396315,26.502695514664094,27.074010848999023,12608251,0.0,0.0
2008-08-21 00:00:00-04:00,26.433932326713684,27.34909532815092,26.433932326713684,27.052858352661133,6573237,0.0,0.0
2008-08-22 00:00:00-04:00,27.179815755231736,27.962731957204532,27.179815755231736,27.904541015625,4055806,0.0,0.0
2008-08-25 00:00:00-04:00,27.412577361332172,27.481346421729743,27.021121490680038,27.13749885559082,5900261,0.0,0.0
2008-08-26 00:00:00-04:00,27.005238431197608,27.528945409588705,26.86241131359105,27.38611602783203,6365443,0.0,0.0
2008-08-27 00:00:00-04:00,27.30148786417975,27.93628334324876,27.24329692010784,27.84635353088379,5397044,0.0,0.0
2008-08-28 00:00:00-04:00,28.116136700429106,28.793251328859572,28.00504841307005,28.777381896972656,7790719,0.0,0.0
2008-08-29 00:00:00-04:00,28.555203566166725,29.04188049231201,28.512884325665112,28.67158317565918,5065942,0.0,0.0
2008-09-02 00:00:00-04:00,29.094785139161953,29.618492340346176,28.883186635920016,29.195295333862305,11234362,0.0,0.0
2008-09-03 00:00:00-04:00,29.026008182842947,29.248187003640563,28.53404224945923,29.205867767333984,14644456,0.0,0.0
2008-09-04 00:00:00-04:00,29.01542538115488,29.2058653248336,28.264250508969976,28.317150115966797,10829207,0.0,0.0
2008-09-05 00:00:00-04:00,28.031501371432462,29.152971539493446,27.846352695591143,29.131813049316406,10013289,0.0,0.0
2008-09-08 00:00:00-04:00,30.454310641482003,30.77170844497609,29.53385610568859,30.729389190673828,18623629,0.0,0.0
2008-09-09 00:00:00-04:00,30.745243196238416,30.88807032480123,29.623771067289635,29.65022087097168,23178949,0.0,0.0
2008-09-10 00:00:00-04:00,30.221543865026828,30.374953671065146,29.20058163603119,30.152774810791016,33585948,0.0,0.0
2008-09-11 00:00:00-04:00,30.147497991424657,31.35890079655796,29.158276417587434,30.999183654785156,55201951,0.0,0.0
2008-09-12 00:00:00-04:00,30.28503581059558,30.65533330242164,29.512701947590504,29.888288497924805,15658520,0.0,0.0
2008-09-15 00:00:00-04:00,28.063235691527314,29.88827234338493,28.063235691527314,28.41237449645996,17556719,0.0,0.0
2008-09-16 00:00:00-04:00,28.010332401231796,30.105155899216985,26.984081400360363,30.09457778930664,24054109,0.0,0.0
2008-09-17 00:00:00-04:00,29.70840957956157,29.70840957956157,27.375537796841368,27.550106048583984,18168434,0.0,0.0
2008-09-18 00:00:00-04:00,27.925704582283025,33.32675552368164,27.740555890170324,33.32675552368164,29804471,0.0,0.0
2008-09-19 00:00:00-04:00,33.76053217672692,34.649245486275504,31.475270027645195,31.86672592163086,33528950,0.0,0.0
2008-09-22 00:00:00-04:00,31.84555406125816,32.22642941679607,28.645127867519818,30.68705177307129,15460262,0.0,0.0
2008-09-23 00:00:00-04:00,30.121028808247686,31.32184810506509,29.094775501800296,29.549711227416992,11864926,0.0,0.0
2008-09-24 00:00:00-04:00,30.07871791371454,30.07871791371454,28.301291354315353,28.512889862060547,8454382,0.0,0.0
2008-09-25 00:00:00-04:00,29.084193247733324,29.98877784948918,28.713896013647933,29.793048858642578,6000007,0.0,0.0
2008-09-26 00:00:00-04:00,28.45998158386653,29.70312243897992,26.497406926773223,28.465272903442383,9381379,0.0,0.0
2008-09-29 00:00:00-04:00,27.14278133802169,28.412371938035697,23.143571853637695,23.143571853637695,11583528,0.0,0.0
2008-09-30 00:00:00-04:00,25.13788856199257,29.623775482177738,24.43961545204182,29.623775482177734,10606266,0.0,0.0
2008-10-01 00:00:00-04:00,28.68217253682664,28.68217253682664,24.370852428086216,25.471166610717773,12667043,0.0,0.0
2008-10-02 00:00:00-04:00,25.01621764466205,25.01621764466205,19.498790988664226,21.667675018310547,26992178,0.0,0.0
2008-10-03 00:00:00-04:00,23.191180900462506,24.862807509577053,22.17550803359219,22.286596298217773,15463292,0.0,0.0
2008-10-06 00:00:00-04:00,22.39240128431669,24.196277371000654,21.29208967143538,23.445104598999023,12485953,0.0,0.0
2008-10-07 00:00:00-04:00,23.519165749196876,23.96881256499116,19.504085540771484,19.504085540771484,11790649,0.0,0.0
2008-10-08 00:00:00-04:00,15.526031167716587,17.91180269779879,13.626935375436481,14.282890319824219,26975124,0.0,0.0
2008-10-09 00:00:00-04:00,15.293273334183796,15.589511405986661,14.013104456507008,14.811887741088867,77021036,0.0,0.0
2008-10-10 00:00:00-04:00,14.187673996758305,16.42003727966107,13.939045330134403,16.00213050842285,35489533,0.0,0.0
2008-10-13 00:00:00-04:00,17.192369611219142,20.35047602032554,16.41474593202601,20.149457931518555,21963262,0.0,0.0
2008-10-14 00:00:00-04:00,21.662396263032505,22.937276709355338,19.281912410781107,20.075407028198242,21278506,0.0,0.0
2008-10-15 00:00:00-04:00,19.5993090616512,19.91141783111542,17.382815590757435,18.0757999420166,16029229,0.0,0.0
2008-10-16 00:00:00-04:00,18.340293523401723,18.684141062343652,15.192767183624118,18.14985466003418,17657251,0.0,0.0
2008-10-17 00:00:00-04:00,17.197664715075966,17.917099927732046,16.356560803165284,16.47294044494629,17396273,0.0,0.0
2008-10-20 00:00:00-04:00,15.965099202887984,17.668466166868185,15.224504575398678,17.47273826599121,11978921,0.0,0.0
2008-10-21 00:00:00-04:00,16.96490462355337,17.964707315154495,16.822075182435125,17.26643180847168,8054389,0.0,0.0
2008-10-22 00:00:00-04:00,16.668666523187145,17.012514088155324,15.388496268243246,15.891042709350586,9992532,0.0,0.0
2008-10-23 00:00:00-04:00,16.102639236764407,16.27720752628605,14.0183944787368,14.727249145507812,19011841,0.0,0.0
2008-10-24 00:00:00-04:00,13.224901039594307,16.631636487469265,13.224901039594307,15.764082908630371,18656953,0.0,0.0
2008-10-27 00:00:00-04:00,15.15045145121867,15.504879475905753,13.838540891803046,13.849120140075684,14248951,0.0,0.0
2008-10-28 00:00:00-04:00,14.579132983130409,16.039161791063876,13.298962681615862,15.991552352905273,16937824,0.0,0.0
2008-10-29 00:00:00-04:00,15.869881364874695,17.239981287237168,15.240376117527115,15.63183307647705,15539251,0.0,0.0
2008-10-30 00:00:00-04:00,16.166118240333116,17.843035377149288,14.81188785331329,15.975679397583008,23536979,0.0,0.0
2008-10-31 00:00:00-04:00,16.594606776701355,18.53073210190962,15.64770373719981,17.57324981689453,21475080,0.0,0.0
2008-11-03 00:00:00-05:00,17.790133047892365,19.493498600635583,17.27700640154008,19.11791229248047,16341145,0.0,0.0
2008-11-04 00:00:00-05:00,19.86908624484632,20.805407443949168,18.969792957999367,19.837345123291016,14907116,0.0,0.0
2008-11-05 00:00:00-05:00,19.699809835903995,21.23389860056072,18.69471719699097,18.911605834960938,11988570,0.0,0.0
2008-11-06 00:00:00-05:00,18.862984491993767,19.92713299440922,17.074998696584363,17.41530990600586,8918441,0.659537,0.0
2008-11-07 00:00:00-05:00,17.642191365122358,18.98723309092443,17.40991550563185,18.54969024658203,7921881,0.0,0.0
2008-11-10 00:00:00-05:00,19.041250665088505,19.986560112742474,17.399111333363667,17.885271072387695,7822472,0.0,0.0
2008-11-11 00:00:00-05:00,17.512553829314328,17.696213996323156,15.632736098275874,16.502422332763672,9644263,0.0,0.0
2008-11-12 00:00:00-05:00,15.94063896518173,16.43219972983199,14.854881595737025,15.124970436096191,9335938,0.0,0.0
2008-11-13 00:00:00-05:00,15.400453704353561,15.897416232406691,13.50443074705466,15.632729530334473,14370352,0.0,0.0
2008-11-14 00:00:00-05:00,15.395052334894816,16.85353141521259,14.79545514845231,15.20058822631836,11954798,0.0,0.0
2008-11-17 00:00:00-05:00,14.557778544001163,14.746840663066314,12.00814151763916,12.00814151763916,15162259,0.0,0.0
2008-11-18 00:00:00-05:00,12.251223387608889,12.305241144743027,9.420693722982856,11.192476272583008,49681936,0.0,0.0
2008-11-19 00:00:00-05:00,10.900780749553995,11.37073454880827,10.085112375578888,10.263370513916016,24002161,0.0,0.0
2008-11-20 00:00:00-05:00,9.92845762860654,10.193144317834399,8.491586121652427,8.902120590209961,28438324,0.0,0.0
2008-11-21 00:00:00-05:00,9.264041014601355,10.052699799038217,8.491587670379358,9.982477188110352,20883562,0.0,0.0
2008-11-24 00:00:00-05:00,10.544259289323746,12.434878934153426,10.209348856488969,12.424076080322266,20518575,0.0,0.0
2008-11-25 00:00:00-05:00,13.00206796066485,14.384922559669265,11.986534746710596,12.996665954589844,17697867,0.0,0.0
2008-11-26 00:00:00-05:00,12.553725052537146,14.471354579351974,12.316047114599854,14.266087532043457,12408871,0.0,0.0
2008-11-28 00:00:00-05:00,14.249875631725342,15.638132100405258,13.936573182204087,15.53549861907959,5594965,0.0,0.0
2008-12-01 00:00:00-05:00,14.957515698558295,15.065551238852816,13.299170848639989,13.466626167297363,13732495,0.0,0.0
2008-12-02 00:00:00-05:00,13.736711369282528,13.99059412793561,11.662429777800147,12.650954246520996,16583272,0.0,0.0
2008-12-03 00:00:00-05:00,12.051353833214993,14.260679247216364,11.954122360130814,14.158045768737793,19181712,0.0,0.0
2008-12-04 00:00:00-05:00,13.769122951515145,14.53077242206405,13.30997200396242,13.569256782531738,9986922,0.0,0.0
2008-12-05 00:00:00-05:00,13.86094921954062,16.740094616603347,13.774521750813784,16.615854263305664,18531850,0.0,0.0
2008-12-08 00:00:00-05:00,17.112816052567528,17.82584957308961,16.032461182682173,16.22152328491211,21706212,0.0,0.0
2008-12-09 00:00:00-05:00,16.000052999584145,18.787368108432705,16.000052999584145,17.285675048828125,17571754,0.0,0.0
2008-12-10 00:00:00-05:00,17.67460821471239,17.906885308648167,16.605056880230926,17.037199020385742,10916611,0.0,0.0
2008-12-11 00:00:00-05:00,16.540228450642395,17.307280903603324,16.081077611223034,16.253934860229492,10646658,0.0,0.0
2008-12-12 00:00:00-05:00,15.61112259779109,16.367370975318018,15.395051632783394,16.17290687561035,10040666,0.0,0.0
2008-12-15 00:00:00-05:00,16.713083674483304,16.939957485809142,15.72996035739368,15.875808715820312,9479441,0.0,0.0
2008-12-16 00:00:00-05:00,16.470009178411686,18.700942069860066,16.232331279904503,18.598308563232422,13813840,0.0,0.0
2008-12-17 00:00:00-05:00,17.712414147094396,19.160089284759717,17.690806123782885,18.306608200073242,11173886,0.0,0.0
2008-12-18 00:00:00-05:00,18.43625275945703,20.86164831710953,17.928484990964456,19.484195709228516,17121944,0.0,0.0
2008-12-19 00:00:00-05:00,19.667858877379356,20.48352604605487,18.808976811473435,20.208036422729492,19865234,0.0,0.0
2008-12-22 00:00:00-05:00,20.083797640871015,20.083797640871015,17.237061288937028,17.76103401184082,12000014,0.0,0.0
2008-12-23 00:00:00-05:00,17.896073789112712,18.67392908404423,16.7995140306472,16.988574981689453,9381603,0.0,0.0
2008-12-24 00:00:00-05:00,17.020985510976086,17.598975831644164,16.85353143011308,17.5611629486084,2590810,0.0,0.0
2008-12-26 00:00:00-05:00,17.66919956771445,18.603706132264975,17.647592700026152,17.950092315673828,2489942,0.0,0.0
2008-12-29 00:00:00-05:00,17.944691678111234,18.360628825844277,17.091210513309235,17.842058181762695,4204583,0.0,0.0
2008-12-30 00:00:00-05:00,17.890671127758747,18.960221974591683,17.825849373888495,18.700937271118164,5435978,0.0,0.0
2008-12-31 00:00:00-05:00,18.733352077192695,19.176296968197008,18.106745897036078,18.830583572387695,5939195,0.0,0.0
2009-01-02 00:00:00-05:00,19.052054604581528,19.576026072151123,18.036520237780042,19.430177688598633,6824677,0.0,0.0
2009-01-05 00:00:00-05:00,19.522006134466732,19.808299707405958,18.803570621390566,19.17089080810547,7027086,0.0,0.0
2009-01-06 00:00:00-05:00,19.44638563913015,20.197233388362964,19.041253616485147,19.2357177734375,10534234,0.0,0.0
2009-01-07 00:00:00-05:00,18.798167483785754,18.798167483785754,17.23165420113908,17.52334976196289,8773928,0.0,0.0
2009-01-08 00:00:00-05:00,17.7880422007611,18.009514078500942,17.3342932755322,17.901479721069336,7174068,0.0,0.0
2009-01-09 00:00:00-05:00,17.863661257977856,17.960892727345573,17.069601175465024,17.2154483795166,6309791,0.0,0.0
2009-01-12 00:00:00-05:00,17.085811181234067,17.204649551143614,15.395055876397294,15.697555541992188,9645497,0.0,0.0
2009-01-13 00:00:00-05:00,15.827196487227841,16.534828103575865,15.51929599880259,15.83799934387207,8118007,0.0,0.0
2009-01-14 00:00:00-05:00,15.330232565591942,15.665141901148319,14.401126861008295,14.881884574890137,12696889,0.0,0.0
2009-01-15 00:00:00-05:00,14.898094924143356,16.027066013539848,14.21206998274178,15.146576881408691,12221048,0.0,0.0
2009-01-16 00:00:00-05:00,15.621924100351551,16.140494602688147,14.860274939423626,15.362639427185059,9722915,0.0,0.0
2009-01-20 00:00:00-05:00,14.600994425949557,14.930502970230053,12.829213639598827,12.867025375366211,18974030,0.0,0.0
2009-01-21 00:00:00-05:00,13.24514235680471,15.535493725852307,13.20733064191208,15.260003089904785,14248615,0.0,0.0
2009-01-22 00:00:00-05:00,14.222872598096822,14.80086194951928,13.255954903508265,13.77452564239502,14910370,0.0,0.0
2009-01-23 00:00:00-05:00,13.288363993032421,14.795457939824143,12.613142069198867,14.384923934936523,9091005,0.0,0.0
2009-01-26 00:00:00-05:00,14.676612490083468,15.654332439022703,13.931168308416371,14.43353271484375,10128631,0.0,0.0
2009-01-27 00:00:00-05:00,14.59018808664247,14.989919156248753,14.190457017036188,14.952107429504395,8252983,0.0,0.0
2009-01-28 00:00:00-05:00,15.994649027901286,18.409242734407382,15.994649027901286,17.971698760986328,15713386,0.0,0.0
2009-01-29 00:00:00-05:00,16.966967682731504,17.215449534005888,16.13509466412053,16.22152328491211,11169622,0.0,0.0
2009-01-30 00:00:00-05:00,16.31335392135014,16.7508967191215,15.249203911452963,15.519293785095215,10153651,0.0,0.0
2009-02-02 00:00:00-05:00,15.26001148604279,16.064875821354825,14.984520698518798,15.697555541992188,7856020,0.0,0.0
2009-02-03 00:00:00-05:00,15.967644381963526,16.156706529161514,15.314029299021096,15.40585994720459,9862156,0.0,0.0
2009-02-04 00:00:00-05:00,16.02166202154977,16.59424930980208,15.470680448472088,15.989251136779785,12162592,0.0,0.0
2009-02-05 00:00:00-05:00,15.751574695019277,17.253267986533306,15.56791453905056,16.60505485534668,11188360,0.0,0.0
2009-02-06 00:00:00-05:00,16.210730574809396,17.09662073531836,16.210730574809396,16.87514877319336,12504914,0.0,0.0
2009-02-09 00:00:00-05:00,17.06420477627625,17.485542823294214,16.432196549745246,16.89674949645996,10144900,0.0,0.0
2009-02-10 00:00:00-05:00,16.135103483060327,16.556442806208683,14.746847410082815,14.871088981628418,15159118,0.0,0.0
2009-02-11 00:00:00-05:00,15.422066388473636,15.454477276793535,14.492961577996153,15.049344062805176,8103421,0.0,0.0
2009-02-12 00:00:00-05:00,14.736035264699872,15.314025579582843,14.239072720654503,15.173579216003418,9163037,0.0,0.0
2009-02-13 00:00:00-05:00,14.95750903649529,15.37344614377286,14.460546466089834,14.476751327514648,7510107,0.0,0.0
2009-02-17 00:00:00-05:00,13.844746856219837,13.877156584838318,13.002069636054998,13.012873649597168,11902400,0.0,0.0
2009-02-18 00:00:00-05:00,13.472020715735583,13.62867193122028,12.656352606965859,13.072288513183594,10315668,0.0,0.0
2009-02-19 00:00:00-05:00,13.315374876324212,13.504435887481025,11.916315070533887,12.0027437210083,13674936,0.0,0.0
2009-02-20 00:00:00-05:00,11.494971692391863,11.840686169760403,10.495644610510803,11.575998306274414,19701535,0.0,0.0
2009-02-23 00:00:00-05:00,12.01354369113439,12.14318605767117,10.949394728307615,10.98720645904541,12391929,0.0,0.0
2009-02-24 00:00:00-05:00,10.992606131910279,12.64554913341856,10.538857367340302,12.586128234863281,16508435,0.0,0.0
2009-02-25 00:00:00-05:00,12.451092103126639,12.451092103126639,11.062834997869025,11.910914421081543,12936997,0.0,0.0
2009-02-26 00:00:00-05:00,12.478095089358959,13.234342330771595,11.894702774892657,12.958852767944336,20573104,0.0,0.0
2009-02-27 00:00:00-05:00,11.208678133803826,11.5597934610896,9.550334127764037,9.971672058105469,33254846,0.0,0.0
2009-03-02 00:00:00-05:00,9.312657994345193,10.187744891858676,8.84810509131747,8.918328285217285,20810744,0.0,0.0
2009-03-03 00:00:00-05:00,9.210025357039127,9.382882076573953,7.243779666578674,7.411234378814697,38507489,0.0,0.0
2009-03-04 00:00:00-05:00,7.821768395127519,8.367347350636443,6.903466599160009,7.95141077041626,37869632,0.0,0.0
2009-03-05 00:00:00-05:00,7.508464012403835,7.5624817557449235,6.1796278730141765,6.536145210266113,33581572,0.0,0.0
2009-03-06 00:00:00-05:00,6.67119002202534,7.000698538550843,6.141816517839662,6.6009674072265625,28157039,0.0,0.0
2009-03-09 00:00:00-04:00,6.352484431561245,7.060116510882747,6.222842080876931,6.74141263961792,19678085,0.0,0.0
2009-03-10 00:00:00-04:00,7.1519510108303415,8.286323638997292,6.973692248546185,8.24851131439209,30068478,0.0,0.0
2009-03-11 00:00:00-04:00,8.378153735324833,9.091188206459279,7.524673404513612,8.24851131439209,25947933,0.0,0.0
2009-03-12 00:00:00-04:00,8.097254978625783,9.44229619034471,7.73533631239635,9.345064163208008,27760300,0.0,0.0
2009-03-13 00:00:00-04:00,9.44770249016636,9.788014471699736,8.680650463505145,9.582747459411621,21982224,0.0,0.0
2009-03-16 00:00:00-04:00,9.863636233978095,11.7758640272347,9.588146102679417,10.35519790649414,33331927,0.0,0.0
2009-03-17 00:00:00-04:00,10.39301071761677,11.478767652446757,10.101316273995591,11.446356773376465,20892874,0.0,0.0
2009-03-18 00:00:00-04:00,11.835280833674164,14.438933444120348,11.478763601719521,13.806926727294922,34997536,0.0,0.0
2009-03-19 00:00:00-04:00,13.94197316238858,14.309294457987535,11.997335837232619,12.09456729888916,28076928,0.0,0.0
2009-03-20 00:00:00-04:00,12.175595588761182,12.375461700521601,11.030418973276136,11.224883079528809,27912779,0.0,0.0
2009-03-23 00:00:00-04:00,12.224209337002565,13.396394633265668,11.727246875234771,13.239742279052734,22524262,0.0,0.0
2009-03-24 00:00:00-04:00,12.440283949898456,13.282961084845926,12.262025836507448,12.537516593933105,19351695,0.0,0.0
2009-03-25 00:00:00-04:00,12.867025223092222,13.32077413895916,12.137785522447636,13.28836441040039,21377803,0.0,0.0
2009-03-26 00:00:00-04:00,13.180328787980656,13.774524094603276,12.840016236948934,13.612469673156738,21981663,0.0,0.0
2009-03-27 00:00:00-04:00,13.077691739363903,13.688091798621265,13.07228973363519,13.228940963745117,13237580,0.0,0.0
2009-03-30 00:00:00-04:00,12.47809744628012,12.505106322717982,11.48417102456761,11.613813400268555,14748690,0.0,0.0
2009-03-31 00:00:00-04:00,11.840689049769377,12.575329602854692,11.759661260174713,12.299839973449707,19852556,0.0,0.0
2009-04-01 00:00:00-04:00,11.738048731084252,12.748180738676503,11.47876409097675,12.656350135803223,15121531,0.0,0.0
2009-04-02 00:00:00-04:00,13.493629192880967,13.742111058858162,13.196531586083061,13.3369779586792,16968904,0.0,0.0
2009-04-03 00:00:00-04:00,13.336980819961653,13.90956813291964,13.104703765757948,13.688095092773438,14852924,0.0,0.0
2009-04-06 00:00:00-04:00,13.353177135497189,13.817729790464599,13.16951710613891,13.558444023132324,12058583,0.0,0.0
2009-04-07 00:00:00-04:00,13.239742229796782,13.36938571638773,13.002064431052633,13.050680160522461,11513291,0.0,0.0
2009-04-08 00:00:00-04:00,14.206665349286167,14.573986787445454,12.845418577766086,13.358587265014648,17296528,0.0,0.0
2009-04-09 00:00:00-04:00,13.985192118440509,14.881887095731358,13.801531979960219,14.595593452453613,20011094,0.0,0.0
2009-04-13 00:00:00-04:00,14.206662746231292,15.848802013340398,14.050011512132759,15.551704406738281,13467590,0.0,0.0
2009-04-14 00:00:00-04:00,15.42206642133705,15.886618249563647,14.179657895791921,14.282291412353516,17606536,0.0,0.0
2009-04-15 00:00:00-04:00,14.093226034520848,15.303223395999689,13.612468293630169,15.216795921325684,14001101,0.0,0.0
2009-04-16 00:00:00-04:00,15.530095310295136,15.621924772826251,14.52536513551819,15.00072193145752,11907786,0.0,0.0
2009-04-17 00:00:00-04:00,14.979116292787738,15.58411552708647,14.579385192556433,15.243803024291992,15011014,0.0,0.0
2009-04-20 00:00:00-04:00,14.854874211946944,14.925096813133644,13.628672179817052,13.65027904510498,11527877,0.0,0.0
2009-04-21 00:00:00-04:00,13.045277576839739,14.817058713560504,12.829207806121026,14.725229263305664,13463327,0.0,0.0
2009-04-22 00:00:00-04:00,14.298491963754552,14.827865366213686,13.455814968081807,13.941974639892578,16282352,0.0,0.0
2009-04-23 00:00:00-04:00,14.13104243398089,15.31943322216716,13.958185129661215,15.233004570007324,12453976,0.0,0.0
2009-04-24 00:00:00-04:00,15.389654770025077,16.194519152429418,15.103361108124208,15.800189971923828,15102344,0.0,0.0
2009-04-27 00:00:00-04:00,15.222199703144762,15.519297361003424,14.995324665651081,15.189788818359375,10696138,0.0,0.0
2009-04-28 00:00:00-04:00,14.860277707435504,15.276213662949624,14.676617600065386,14.881884574890137,7755376,0.0,0.0
2009-04-29 00:00:00-04:00,15.28162021784164,16.27014481318823,15.043942293081143,16.032466888427734,11634130,0.0,0.0
2009-04-30 00:00:00-04:00,16.318760082427968,16.896749391755375,15.92442976065845,16.07027816772461,13514714,0.0,0.0
2009-05-01 00:00:00-04:00,15.562509127093527,15.632731738540922,14.590189643031229,14.82786750793457,17200036,0.0,0.0
2009-05-04 00:00:00-04:00,14.995320643221476,15.675944417124121,14.655009334272009,15.632729530334473,21681752,0.0,0.0
2009-05-05 00:00:00-04:00,15.222199998594535,15.702957804896117,14.736039029385825,14.968316078186035,15283884,0.0,0.0
2009-05-06 00:00:00-04:00,15.346437429356122,17.577369903440506,15.346437429356122,17.474735260009766,23977028,0.0,0.0
2009-05-07 00:00:00-04:00,18.106740402175806,18.420042819174103,16.8481275731955,17.15062713623047,20924627,0.0,0.0
2009-05-08 00:00:00-04:00,17.66380093076965,19.224913892051497,17.54496255781631,19.176298141479492,16723971,0.0,0.0
2009-05-11 00:00:00-04:00,18.398434967886182,18.706336519381004,17.38290201362871,17.458526611328125,18841297,0.0,0.0
2009-05-12 00:00:00-04:00,17.987903163075362,18.06892977993615,16.837325666053726,17.426118850708008,13328126,0.0,0.0
2009-05-13 00:00:00-04:00,16.896751678635827,17.06960898773883,15.400460292980021,15.546307563781738,19099133,0.0,0.0
2009-05-14 00:00:00-04:00,15.476082376878036,16.777909363842877,15.389653736597195,16.470008850097656,15901657,0.0,0.0
2009-05-15 00:00:00-04:00,16.788708278258582,16.842726017527163,15.821790976551732,15.875808715820312,12562697,0.0,0.0
2009-05-18 00:00:00-04:00,16.22692365991295,16.988572841845418,16.097281319754465,16.902145385742188,14431501,0.0,0.0
2009-05-19 00:00:00-04:00,16.788711513985493,17.4315225039713,16.518622765587768,16.99397850036621,11589587,0.0,0.0
2009-05-20 00:00:00-04:00,17.415310759417828,17.77182684161438,16.340358196787307,16.437589645385742,11400193,0.0,0.0
2009-05-21 00:00:00-04:00,16.00005070576922,16.653665649606637,16.00005070576922,16.405183792114258,8373598,0.0,0.0
2009-05-22 00:00:00-04:00,16.51862809373476,16.74010117005866,16.11349484046088,16.286352157592773,5877597,0.0,0.0
2009-05-26 00:00:00-04:00,16.11348970880387,16.615855476477794,15.908222721584778,16.583444595336914,10005884,0.0,0.0
2009-05-27 00:00:00-04:00,16.929165290619093,17.004789942009705,15.978452249696643,16.000059127807617,9971999,0.0,0.0
2009-05-28 00:00:00-04:00,16.151298490795767,16.831921041734052,16.03245900882047,16.810314178466797,7962610,0.0,0.0
2009-05-29 00:00:00-04:00,16.93455642490937,17.11821767346596,16.351165270681765,17.015583038330078,8833506,0.0,0.0
2009-06-01 00:00:00-04:00,17.253261629688375,17.442323723292517,16.777904815024304,17.020984649658203,10091941,0.0,0.0
2009-06-02 00:00:00-04:00,16.91835334048445,17.68540582378334,16.91835334048445,17.264066696166992,8731965,0.0,0.0
2009-06-03 00:00:00-04:00,17.01558402661627,17.069602928037956,15.994648869418915,16.3133544921875,10456030,0.0,0.0
2009-06-04 00:00:00-04:00,16.480804186791165,17.3018741607666,16.432188460069714,17.3018741607666,9975478,0.0,0.0
2009-06-05 00:00:00-04:00,17.87446692236535,17.87446692236535,16.75629914114869,16.988574981689453,9451616,0.0,0.0
2009-06-08 00:00:00-04:00,17.35589682505227,17.92308316202838,16.94536172137356,17.707012176513672,12144079,0.0,0.0
2009-06-09 00:00:00-04:00,17.70701380340832,17.9122807961054,17.296478662010237,17.842058181762695,8856619,0.0,0.0
2009-06-10 00:00:00-04:00,17.993306730513794,18.19857371530967,17.296477996228564,17.431522369384766,9366007,0.0,0.0
2009-06-11 00:00:00-04:00,17.463935453878285,17.663800457767657,17.107418032556993,17.296480178833008,8493091,0.0,0.0
2009-06-12 00:00:00-04:00,17.258672315632353,17.3342969599104,16.47541467674372,16.78871726989746,6869333,0.0,0.0
2009-06-15 00:00:00-04:00,16.65906501275672,16.70768074420572,16.10808364032508,16.15129852294922,6394951,0.0,0.0
2009-06-16 00:00:00-04:00,16.34036875004854,16.518626906273038,15.821797991935222,15.886618614196777,8374384,0.0,0.0
2009-06-17 00:00:00-04:00,15.886610971371073,16.01625446553287,15.189783548271336,15.681344032287598,9560562,0.0,0.0
2009-06-18 00:00:00-04:00,15.762375537791703,16.5510349777432,15.697554926565267,16.345767974853516,7871503,0.0,0.0
2009-06-19 00:00:00-04:00,16.578045796838488,16.934562090358977,16.44300139595827,16.85353660583496,9789674,0.0,0.0
2009-06-22 00:00:00-04:00,16.632065171788675,16.734698695220217,15.562513875389692,15.584120750427246,10127509,0.0,0.0
2009-06-23 00:00:00-04:00,15.68674662838028,15.95143331959559,15.584113154970712,15.875808715820312,9524434,0.0,0.0
2009-06-24 00:00:00-04:00,16.021659943092423,16.43759591633597,15.989249062527037,16.16750717163086,5333315,0.0,0.0
2009-06-25 00:00:00-04:00,16.086477841220788,16.280941935885235,15.751568547746604,16.19451332092285,7971249,0.0,0.0
2009-06-26 00:00:00-04:00,16.11889418133714,16.205322825602586,15.929832027758252,16.124296188354492,9588388,0.0,0.0
2009-06-29 00:00:00-04:00,16.291748529840003,16.356570294941815,15.95143715306535,16.23773193359375,6867201,0.0,0.0
2009-06-30 00:00:00-04:00,16.162106227042596,16.302551448664996,15.702955363728492,16.210721969604492,7740117,0.0,0.0
2009-07-01 00:00:00-04:00,16.243134294539313,16.31335691159566,15.951437501218582,16.0756778717041,6936092,0.0,0.0
2009-07-02 00:00:00-04:00,15.929834496177183,15.929834496177183,15.146576881408693,15.146576881408691,6926443,0.0,0.0
2009-07-06 00:00:00-04:00,15.222200165037362,15.600323312326982,14.876486747512526,15.589520454406738,6552143,0.0,0.0
2009-07-07 00:00:00-04:00,15.41666286182741,15.530100381766104,14.74684291190926,14.768449783325195,7651591,0.0,0.0
2009-07-08 00:00:00-04:00,14.87647994898523,15.146567457618529,14.044607093104505,14.530765533447266,12782722,0.0,0.0
2009-07-09 00:00:00-04:00,14.763045390770449,15.146570445405427,14.671214764278162,14.925097465515137,6123764,0.0,0.0
2009-07-10 00:00:00-04:00,14.79005299999497,14.865678765269028,14.411929953643423,14.779250144958496,5600239,0.0,0.0
2009-07-13 00:00:00-04:00,15.04393576228491,15.89201357519942,14.979114012761148,15.875808715820312,7777704,0.0,0.0
2009-07-14 00:00:00-04:00,15.84879709196885,16.027055138175864,15.638128176632339,15.816386222839355,5458867,0.0,0.0
2009-07-15 00:00:00-04:00,15.886618842923827,16.90755435128083,15.886618842923827,16.691484451293945,8346446,0.0,0.0
2009-07-16 00:00:00-04:00,16.52401811220371,16.91834706353935,16.372767780455952,16.74549102783203,5398952,0.0,0.0
2009-07-17 00:00:00-04:00,16.65366672738941,16.68607760759532,16.24313276479409,16.44839859008789,4893715,0.0,0.0
2009-07-20 00:00:00-04:00,16.52401811220371,16.77249989178662,16.491607244257516,16.74549102783203,4591897,0.0,0.0
2009-07-21 00:00:00-04:00,17.058800855710345,17.096612588198834,16.567239085328552,16.707685470581055,5463242,0.0,0.0
2009-07-22 00:00:00-04:00,16.372771571082378,16.815717504889925,16.36737072184379,16.71848487854004,4395547,0.0,0.0
2009-07-23 00:00:00-04:00,16.71848746960892,17.793441595276644,16.626657990273056,17.696208953857422,11740832,0.0,0.0
2009-07-24 00:00:00-04:00,17.501745318442637,18.29580671031146,17.48013844952186,18.19857406616211,5528655,0.0,0.0
2009-07-27 00:00:00-04:00,18.17696516114626,18.868391825184315,18.09593854476662,18.463258743286133,5361028,0.0,0.0
2009-07-28 00:00:00-04:00,17.8096531220369,18.00411616563735,17.53416226893052,17.79884910583496,6105475,0.0,0.0
2009-07-29 00:00:00-04:00,17.47472997628411,17.74481862784982,17.28566792018811,17.436918258666992,4719356,0.0,0.0
2009-07-30 00:00:00-04:00,18.17696273541276,18.679327227523963,17.869062327862018,18.13374900817871,10457152,0.0,0.0
2009-07-31 00:00:00-04:00,18.21477752222393,18.663124324266924,18.160759779519775,18.339017868041992,8126422,0.0,0.0
2009-08-03 00:00:00-04:00,18.717142568256357,19.289729731452525,18.65772281848965,19.26272201538086,7450641,0.0,0.0
2009-08-04 00:00:00-04:00,19.111473146057843,19.889328492002615,18.971027924987432,19.84071159362793,7525142,0.0,0.0
2009-08-05 00:00:00-04:00,19.905535278253655,20.159419182736936,19.30593913771496,20.01357078552246,7552070,0.0,0.0
2009-08-06 00:00:00-04:00,19.765092584279426,19.948753895048025,18.819781774163918,19.20330810546875,8885455,0.0,0.0
2009-08-07 00:00:00-04:00,19.500401178121482,20.20263194123474,19.489599477526006,19.921741485595703,8036662,0.0,0.0
2009-08-10 00:00:00-04:00,19.81370349637215,19.964952717808725,19.34374865918803,19.640846252441406,4311061,0.0,0.0
2009-08-11 00:00:00-04:00,19.570626547604824,19.765089530840534,18.79276999064622,18.798171997070312,6602185,0.0,0.0
2009-08-12 00:00:00-04:00,18.981828230063037,19.6246402745907,18.85218588249577,19.424774169921875,6902320,0.0,0.0
2009-08-13 00:00:00-04:00,19.67325917824389,20.1162052154541,19.349153816095196,20.1162052154541,4940166,0.0,0.0
2009-08-14 00:00:00-04:00,20.09459856626382,20.09459856626382,19.365360006459017,19.662456512451172,4624996,0.0,0.0
2009-08-17 00:00:00-04:00,19.160100125832603,19.273537688387464,18.54429770111197,18.582109451293945,7300517,0.0,0.0
2009-08-18 00:00:00-04:00,18.60370451167574,19.262721432786062,18.592901656774558,19.17089080810547,5092534,0.0,0.0
2009-08-19 00:00:00-04:00,18.868387830143934,19.689456675342154,18.738745502586692,19.619234085083008,7377262,0.0,0.0
2009-08-20 00:00:00-04:00,19.662454571065783,20.359284488839947,19.60303596933651,20.22964096069336,6446451,0.0,0.0
2009-08-21 00:00:00-04:00,20.38629395513321,21.120934470559007,20.38629395513321,21.02910614013672,6787876,0.0,0.0
2009-08-24 00:00:00-04:00,21.18575447680603,21.73673597361441,20.84004227379461,20.958879470825195,6541148,0.0,0.0
2009-08-25 00:00:00-04:00,21.18575401459906,21.688118602020193,21.034504784580864,21.18035316467285,7682110,0.0,0.0
2009-08-26 00:00:00-04:00,20.931876137234617,21.115537455454938,20.424110554404418,20.699600219726562,6627991,0.0,0.0
2009-08-27 00:00:00-04:00,20.823834331434515,20.829237493286946,19.986559261017938,20.575353622436523,6843190,0.0,0.0
2009-08-28 00:00:00-04:00,20.807632558384967,20.807632558384967,20.364686509113017,20.569955825805664,5273624,0.0,0.0
2009-08-31 00:00:00-04:00,20.213439141413026,20.548349712882604,20.121608487815337,20.3971004486084,5065830,0.0,0.0
2009-09-01 00:00:00-04:00,19.91093651050954,20.197230114614882,18.857590416757784,18.89000129699707,10723291,0.0,0.0
2009-09-02 00:00:00-04:00,18.900802102146063,19.289729154803414,18.71174000326987,18.96562385559082,6646167,0.0,0.0
2009-09-03 00:00:00-04:00,19.181696406339967,19.53821261165249,18.933214538998033,19.527408599853516,5189474,0.0,0.0
2009-09-04 00:00:00-04:00,19.64084599156578,19.781291199889832,19.359953262910164,19.775890350341797,4423934,0.0,0.0
2009-09-08 00:00:00-04:00,20.22963421666317,20.440304301667524,20.09458988320066,20.3754825592041,6870791,0.0,0.0
2009-09-09 00:00:00-04:00,20.337676260320347,20.591560151733376,20.181026170049883,20.5051326751709,5118340,0.0,0.0
2009-09-10 00:00:00-04:00,20.467318432092437,20.818433789393914,19.94334582110254,20.802228927612305,6310801,0.0,0.0
2009-09-11 00:00:00-04:00,20.81843422165783,21.126335849932243,20.472719707102748,20.97508430480957,5450676,0.0,0.0
2009-09-14 00:00:00-04:00,20.68339312232046,21.380220799682558,20.370090594451664,21.36941909790039,5883880,0.0,0.0
2009-09-15 00:00:00-04:00,21.445036267013258,21.607089490209997,21.039903209021404,21.261377334594727,5569832,0.0,0.0
2009-09-16 00:00:00-04:00,21.32079670736495,22.18508059613053,21.272179813818887,22.055437088012695,7526600,0.0,0.0
2009-09-17 00:00:00-04:00,21.785354682374116,22.39035404213494,21.531473066124555,21.580087661743164,7534791,0.0,0.0
2009-09-18 00:00:00-04:00,21.7259305949438,21.76374347889677,21.185753144208718,21.239770889282227,7447163,0.0,0.0
2009-09-21 00:00:00-04:00,21.012901713104533,21.06151862192894,20.488928978475247,20.65638542175293,5836981,0.0,0.0
2009-09-22 00:00:00-04:00,20.948081499897604,21.29919696621815,20.76982334093654,20.980493545532227,7080942,0.0,0.0
2009-09-23 00:00:00-04:00,20.850842027020104,21.15334277741901,20.353880637092452,20.391691207885742,8767532,0.0,0.0
2009-09-24 00:00:00-04:00,20.35388395236629,20.55915094842378,19.835312143791274,20.078392028808594,8184990,0.0,0.0
2009-09-25 00:00:00-04:00,19.910934395418316,20.343076336693112,19.840709480355184,19.943344116210938,5254775,0.0,0.0
2009-09-28 00:00:00-04:00,20.089200438718525,21.029110457979968,19.94875517699366,20.980493545532227,4928609,0.0,0.0
2009-09-29 00:00:00-04:00,21.066915575908254,21.5530753261836,20.55374695061761,20.845443725585938,5363048,0.0,0.0
2009-09-30 00:00:00-04:00,20.985890322504726,21.288391129652243,20.467320813120324,20.564552307128906,7891026,0.0,0.0
2009-10-01 00:00:00-04:00,20.515937045312086,20.515937045312086,19.45178906463517,19.46259307861328,13568683,0.0,0.0
2009-10-02 00:00:00-04:00,19.16008434730957,19.516601612027358,18.933209409033655,19.26811981201172,8994625,0.0,0.0
2009-10-05 00:00:00-04:00,19.47339832401014,20.175629304261083,19.31134617687958,20.062192916870117,6725044,0.0,0.0
2009-10-06 00:00:00-04:00,20.289061163375234,20.81303148391886,19.867723179676915,20.380891799926758,6921955,0.0,0.0
2009-10-07 00:00:00-04:00,20.31607193179952,20.397098563602043,20.07299203639196,20.208036422729492,5846181,0.0,0.0
2009-10-08 00:00:00-04:00,20.537543430348304,20.93187256894352,20.283659526209046,20.564552307128906,8662625,0.0,0.0
2009-10-09 00:00:00-04:00,20.521334199121547,20.796823758848017,20.42950357521024,20.661779403686523,5008384,0.0,0.0
2009-10-12 00:00:00-04:00,20.79682545819527,20.807629469892497,20.40249637130383,20.575353622436523,4436949,0.0,0.0
2009-10-13 00:00:00-04:00,20.040573169024878,20.30526100087554,19.786691658809293,20.008163452148438,6930257,0.0,0.0
2009-10-14 00:00:00-04:00,20.59696374038151,20.704999256451835,20.25125147616135,20.650983810424805,7093957,0.0,0.0
2009-10-15 00:00:00-04:00,20.445712475323486,20.742810115382692,20.337676969847408,20.715801239013672,4457818,0.0,0.0
2009-10-16 00:00:00-04:00,20.278261131588966,20.526741903261243,19.93254654212402,20.137813568115234,7007114,0.0,0.0
2009-10-19 00:00:00-04:00,20.26745445697516,20.796827974104104,20.235044729970337,20.478124618530273,5885339,0.0,0.0
2009-10-20 00:00:00-04:00,20.50512901506674,20.50512901506674,19.92713872170223,20.024370193481445,5265883,0.0,0.0
2009-10-21 00:00:00-04:00,19.94874587570397,20.60776044022719,19.829906387803824,19.878520965576172,9391813,0.0,0.0
2009-10-22 00:00:00-04:00,20.04598016934886,20.618567357217785,19.835310033279697,20.575353622436523,6072264,0.0,0.0
2009-10-23 00:00:00-04:00,20.596961786850432,20.596961786850432,19.829911545108967,19.959552764892578,5378756,0.0,0.0
2009-10-26 00:00:00-04:00,20.00277150373503,20.321474901520382,19.278932592682615,19.435585021972656,8008612,0.0,0.0
2009-10-27 00:00:00-04:00,19.57062515800667,19.581426858079997,18.78736665023868,18.89000129699707,12124669,0.0,0.0
2009-10-28 00:00:00-04:00,18.760354023964677,19.01963985801789,18.355222148013564,18.45245361328125,10509437,0.0,0.0
2009-10-29 00:00:00-04:00,18.922407997288577,19.910933328591792,18.862989408349925,19.900129318237305,9477197,0.0,0.0
2009-10-30 00:00:00-04:00,18.933214135957694,19.19250000957906,18.15535882710121,18.382232666015625,16289084,0.0,0.0
2009-11-02 00:00:00-05:00,18.495671044530344,18.64692027767816,17.593575339677543,17.944690704345703,11466840,0.0,0.0
2009-11-03 00:00:00-05:00,17.717815104087347,18.306607116383812,17.37210062361406,18.074331283569336,8492755,0.0,0.0
2009-11-04 00:00:00-05:00,18.609104365091337,18.625310379574582,17.98249954915904,18.063526153564453,8060560,0.0,0.0
2009-11-05 00:00:00-05:00,18.411543238206917,18.682221031064906,18.10772346951487,18.67669677734375,18869347,0.659537,0.0
2009-11-06 00:00:00-05:00,18.312110656793845,18.908702806176883,18.146388973403884,18.516498565673828,5323441,0.0,0.0
2009-11-09 00:00:00-05:00,18.79270031024382,19.400342177469547,18.72641163368078,19.389293670654297,5006140,0.0,0.0
2009-11-10 00:00:00-05:00,19.311955275128422,19.367195438027498,19.002610126460798,19.18490219116211,4484410,0.0,0.0
2009-11-11 00:00:00-05:00,19.350629533244568,19.759406647040908,19.300913605460398,19.621307373046875,5781329,0.0,0.0
2009-11-12 00:00:00-05:00,19.577108409270345,19.577108409270345,18.925274932454897,18.974990844726562,5403103,0.0,0.0
2009-11-13 00:00:00-05:00,19.013659499540775,19.18490306661086,18.77612726110128,18.903179168701172,5028019,0.0,0.0
2009-11-16 00:00:00-05:00,19.09652457627849,19.704166549540233,19.09652457627849,19.494253158569336,4681096,0.0,0.0
2009-11-17 00:00:00-05:00,19.361673226823616,19.6875899858604,19.267764467127705,19.65444564819336,4774334,0.0,0.0
2009-11-18 00:00:00-05:00,19.64892027664761,19.693113118409997,19.118615632811974,19.29538345336914,5882534,0.0,0.0
2009-11-19 00:00:00-05:00,19.18491003770798,19.367203359130553,18.78165715648168,18.89213752746582,7414961,0.0,0.0
2009-11-20 00:00:00-05:00,18.787180070291633,18.83137174266473,18.571743598684964,18.726415634155273,7173395,0.0,0.0
2009-11-23 00:00:00-05:00,18.99708413719443,19.1462330362537,18.919748152637908,19.052324295043945,6876401,0.0,0.0
2009-11-24 00:00:00-05:00,19.01365089416504,19.190418634206733,18.831357721485162,19.01365089416504,4617928,0.0,0.0
2009-11-25 00:00:00-05:00,19.074422498224155,19.245667245325738,18.986039180384477,19.107566833496094,4841879,0.0,0.0
2009-11-27 00:00:00-05:00,18.417065731735025,18.78717532754378,18.28448956591959,18.383922576904297,3652222,0.0,0.0
2009-11-30 00:00:00-05:00,18.52202089195948,18.93079905761257,18.229248491097355,18.886606216430664,8175677,0.0,0.0
2009-12-01 00:00:00-05:00,19.052326710993555,19.129663887520863,18.698789892358878,18.886606216430664,5659705,0.0,0.0
2009-12-02 00:00:00-05:00,18.82032150572789,19.439010734114248,18.781652911756865,19.378246307373047,6854410,0.0,0.0
2009-12-03 00:00:00-05:00,19.516343375154882,19.853307406264108,18.836888696161818,18.8424129486084,14475146,0.0,0.0
2009-12-04 00:00:00-05:00,19.21804812752809,19.54396487937123,18.892131375684947,19.516345977783203,9599608,0.0,0.0
2009-12-07 00:00:00-05:00,19.715209350236183,20.32285118400583,19.599204763720053,19.709686279296875,11892639,0.0,0.0
2009-12-08 00:00:00-05:00,19.6047281915495,19.914072166351595,19.37824328115474,19.770448684692383,8756312,0.0,0.0
2009-12-09 00:00:00-05:00,19.853303862830657,19.963784163387597,19.671011839777226,19.92511558532715,7396000,0.0,0.0
2009-12-10 00:00:00-05:00,19.98036538014798,19.985890816439525,19.682068661088874,19.853313446044922,11364514,0.0,0.0
2009-12-11 00:00:00-05:00,19.69310766345585,20.030072816587285,19.69310766345585,19.92511558532715,5439793,0.0,0.0
2009-12-14 00:00:00-05:00,20.15713084318721,20.460951762473112,19.886453078455713,20.422283172607422,6021774,0.0,0.0
2009-12-15 00:00:00-05:00,20.3615199074433,20.54933505688273,20.10189064935081,20.179227828979492,6026823,0.0,0.0
2009-12-16 00:00:00-05:00,20.300757604491764,20.565909976654307,20.151611020626326,20.195802688598633,7290756,0.0,0.0
2009-12-17 00:00:00-05:00,19.941693431836818,20.06874770891471,19.643397945076384,19.676542282104492,5574545,0.0,0.0
2009-12-18 00:00:00-05:00,19.92512599906579,19.92512599906579,19.372724207571846,19.566064834594727,7327109,0.0,0.0
2009-12-21 00:00:00-05:00,19.6544480904307,19.814645545366627,19.43901164207138,19.637876510620117,10019236,0.0,0.0
2009-12-22 00:00:00-05:00,19.693120160209848,19.825696368574913,19.549495441912466,19.671024322509766,5107905,0.0,0.0
2009-12-23 00:00:00-05:00,19.74835471165311,19.831214966013142,19.439009525609485,19.610254287719727,3035347,0.0,0.0
2009-12-24 00:00:00-05:00,19.59920015484154,19.704157392633523,19.411383868639057,19.549484252929688,1951158,0.0,0.0
2009-12-28 00:00:00-05:00,19.72073527084759,19.72073527084759,19.32300674623013,19.383769989013672,3389225,0.0,0.0
2009-12-29 00:00:00-05:00,19.516344407510893,19.599203469936537,19.383767070436072,19.483200073242188,4687492,0.0,0.0
2009-12-30 00:00:00-05:00,19.323009651652946,19.58816204126644,19.278816798607743,19.582637786865234,2705591,0.0,0.0
2009-12-31 00:00:00-05:00,19.588157761873735,19.68758959071498,19.516346016839968,19.527393341064453,3146537,0.0,0.0
2010-01-04 00:00:00-05:00,19.82017316252056,20.07427826493053,19.588165081144638,20.052181243896484,5348574,0.0,0.0
2010-01-05 00:00:00-05:00,19.93065037514379,20.565910037233223,19.891981778930855,20.51619529724121,6288025,0.0,0.0
2010-01-06 00:00:00-05:00,20.505140286857415,20.770292575719953,20.33389674063918,20.72610092163086,4722049,0.0,0.0
2010-01-07 00:00:00-05:00,20.58247364570436,21.052014907703207,20.449896343644266,21.018869400024414,7066019,0.0,0.0
2010-01-08 00:00:00-05:00,20.880771867667566,21.140401073641762,20.681908251868695,21.129352569580078,5395474,0.0,0.0
2010-01-11 00:00:00-05:00,21.35031630071739,21.48841671076721,21.10726099762663,21.2674560546875,8013212,0.0,0.0
2010-01-12 00:00:00-05:00,21.543651235884177,21.714897118120437,21.184590263736396,21.27297592163086,7270784,0.0,0.0
2010-01-13 00:00:00-05:00,21.31717689764213,21.471848911238474,20.792395247145844,20.947067260742188,7478018,0.0,0.0
2010-01-14 00:00:00-05:00,20.92496724785362,21.23431119577738,20.477520536648736,21.145925521850586,6330324,0.0,0.0
2010-01-15 00:00:00-05:00,21.007824208355125,21.007824208355125,20.626666221003916,20.908390045166016,8547733,0.0,0.0
2010-01-19 00:00:00-05:00,20.919449150724837,22.26730809866736,20.79239721199054,21.737003326416016,16577213,0.0,0.0
2010-01-20 00:00:00-05:00,21.510516581244204,21.54365973833021,20.991258024706728,21.377939224243164,7655182,0.0,0.0
2010-01-21 00:00:00-05:00,20.880777191685297,21.23983829710953,20.223420586505704,20.6321964263916,12712821,0.0,0.0
2010-01-22 00:00:00-05:00,20.560381492133878,20.610098583219838,19.875404908065683,19.952739715576172,9272320,0.0,0.0
2010-01-25 00:00:00-05:00,20.234472516862784,20.505147977381203,20.04665496113257,20.112943649291992,5194299,0.0,0.0
2010-01-26 00:00:00-05:00,19.87540820367489,20.372569739658154,19.648922085352094,19.737306594848633,5466833,0.0,0.0
2010-01-27 00:00:00-05:00,19.742831951918504,20.19027877791159,19.510823931456244,20.1074161529541,6360506,0.0,0.0
2010-01-28 00:00:00-05:00,20.146081197725927,20.22341837308425,19.510820493667882,19.682064056396484,5678554,0.0,0.0
2010-01-29 00:00:00-05:00,19.908552750756655,20.06875020260419,19.422439687821893,19.51082420349121,5509132,0.0,0.0
2010-02-01 00:00:00-05:00,19.941696783422156,20.32285495006008,19.715213003687523,19.853313446044922,5295167,0.0,0.0
2010-02-02 00:00:00-05:00,20.15712996388041,20.239990210980167,19.693112816554606,20.09084129333496,7118753,0.0,0.0
2010-02-03 00:00:00-05:00,19.54949045864324,19.66549505470419,18.958421335551,19.223573684692383,16874656,0.0,0.0
2010-02-04 00:00:00-05:00,19.405862842758403,19.532915926724716,18.963942721729893,19.18490219116211,14933035,0.0,0.0
2010-02-05 00:00:00-05:00,19.350623175897773,19.527392174571776,18.544117722628414,19.157283782958984,11624593,0.0,0.0
2010-02-08 00:00:00-05:00,19.118613489465808,19.14070931678782,18.560687643223947,18.58278465270996,7146242,0.0,0.0
2010-02-09 00:00:00-05:00,18.78165202655936,19.73730650168391,18.450211004135,19.416913986206055,18333143,0.0,0.0
2010-02-10 00:00:00-05:00,19.389292207720604,19.499772538880386,19.07442279104958,19.29538345336914,8246476,0.0,0.0
2010-02-11 00:00:00-05:00,19.16833101686794,19.206999604573294,18.952894613479476,19.079946517944336,7678744,0.0,0.0
2010-02-12 00:00:00-05:00,18.84794087695663,19.173857648900047,18.61593168626376,19.135189056396484,8534044,0.0,0.0
2010-02-16 00:00:00-05:00,19.372720107757726,19.461104612124988,19.035756031989063,19.367197036743164,7745054,0.0,0.0
2010-02-17 00:00:00-05:00,19.461106219233045,19.53844222362928,19.184905359129154,19.26224136352539,6831297,0.0,0.0
2010-02-18 00:00:00-05:00,19.190427673380647,19.350623919618627,19.190427673380647,19.251192092895508,7162736,0.0,0.0
2010-02-19 00:00:00-05:00,19.16833389591972,19.466630590196957,19.035757718703646,19.35062599182129,8700437,0.0,0.0
2010-02-22 00:00:00-05:00,19.400339828652466,19.57158338840663,19.284335249794037,19.483200073242188,7150169,0.0,0.0
2010-02-23 00:00:00-05:00,19.450053650801202,19.549485460768167,18.986036567348787,19.245664596557617,8419264,0.0,0.0
2010-02-24 00:00:00-05:00,19.21804799289467,19.693113666537265,19.129664671238142,19.659969329833984,6359720,0.0,0.0
2010-02-25 00:00:00-05:00,19.444530307182802,19.814639850106982,19.23461817314951,19.798067092895508,9399331,0.0,0.0
2010-02-26 00:00:00-05:00,19.82569537321511,20.223425160506622,19.5605429697971,20.101896286010742,10848281,0.0,0.0
2010-03-01 00:00:00-05:00,20.168183744428987,20.604579741358013,20.030083296477617,20.184755325317383,5968928,0.0,0.0
2010-03-02 00:00:00-05:00,20.234464061937118,20.389136026793857,20.07978973275251,20.322847366333008,5082323,0.0,0.0
2010-03-03 00:00:00-05:00,20.37257057072435,20.44990539421274,20.228944702539774,20.300756454467773,4300289,0.0,0.0
2010-03-04 00:00:00-05:00,20.400189406357242,21.090689161169067,20.34494923682602,21.05202293395996,10159486,0.0,0.0
2010-03-05 00:00:00-05:00,21.16250938603267,21.56576226722867,21.06307516069112,21.499473571777344,7946228,0.0,0.0
2010-03-08 00:00:00-05:00,22.455115557081065,22.681599243244825,22.11815156267591,22.593215942382812,17506117,0.0,0.0
2010-03-09 00:00:00-05:00,22.510369177791492,22.924670581548163,22.361220199573253,22.54351234436035,10304672,0.0,0.0
2010-03-10 00:00:00-05:00,22.620839475302862,23.31134150730186,22.54350230198772,23.07933235168457,12029411,0.0,0.0
2010-03-11 00:00:00-05:00,23.129057049891784,23.460498134248308,22.897047817976436,23.37763786315918,10313761,0.0,0.0
2010-03-12 00:00:00-05:00,23.559921192880267,23.720118602923336,23.151143062353285,23.26162338256836,7205260,0.0,0.0
2010-03-15 00:00:00-04:00,23.1842943556418,23.482589875975087,23.002002254716686,23.338966369628906,6455988,0.0,0.0
2010-03-16 00:00:00-04:00,23.31134439443802,23.598593748191387,23.261627296245322,23.582019805908203,5179601,0.0,0.0
2010-03-17 00:00:00-04:00,23.769834518432617,24.101275495671047,23.67040269812672,23.769834518432617,6832419,0.0,0.0
2010-03-18 00:00:00-04:00,23.924508307984638,23.924508307984638,23.305820328555935,23.449443817138672,7401946,0.0,0.0
2010-03-19 00:00:00-04:00,23.106950759887695,23.637257700662524,23.018567451922543,23.106950759887695,9555850,0.0,0.0
2010-03-22 00:00:00-04:00,22.902574360146428,23.31135029865361,22.681611262247348,23.04619789123535,7516727,0.0,0.0
2010-03-23 00:00:00-04:00,23.07381431075095,23.311346588669867,22.82523352504609,23.294775009155273,5471433,0.0,0.0
2010-03-24 00:00:00-04:00,23.217432850024498,23.582016978632453,23.11800102988852,23.15666961669922,5393791,0.0,0.0
2010-03-25 00:00:00-04:00,23.37210370278343,23.753261753256645,23.217431727347936,23.26162338256836,6387434,0.0,0.0
2010-03-26 00:00:00-04:00,23.289259851620624,23.764324568895713,23.211922635166793,23.344497680664062,5156263,0.0,0.0
2010-03-29 00:00:00-04:00,23.466017915848784,23.802984389621006,23.399729235407644,23.753267288208008,5373146,0.0,0.0
2010-03-30 00:00:00-04:00,23.747736642085858,23.88583466615846,23.659350974912883,23.681447982788086,3992413,0.0,0.0
2010-03-31 00:00:00-04:00,23.51573037258807,23.94660316385943,23.51573037258807,23.94108009338379,5480072,0.0,0.0
2010-04-01 00:00:00-04:00,24.07918047537691,24.327761228855493,23.979748646851142,24.311189651489258,6289820,0.0,0.0
2010-04-05 00:00:00-04:00,24.421677469981045,24.858075872212854,24.405105887536727,24.830455780029297,5058537,0.0,0.0
2010-04-06 00:00:00-04:00,24.802823628947397,24.94092402272207,24.708914888315036,24.769678115844727,5089616,0.0,0.0
2010-04-07 00:00:00-04:00,24.653676308723472,24.802825216411737,24.195183444912058,24.349855422973633,7172497,0.0,0.0
2010-04-08 00:00:00-04:00,24.266998591214517,25.200558389789958,24.222806929034324,25.13426971435547,8725457,0.0,0.0
2010-04-09 00:00:00-04:00,25.261325087487684,25.38285394836425,24.77521200831016,25.007221221923828,5316485,0.0,0.0
2010-04-12 00:00:00-04:00,25.16741660830343,25.255802310121126,24.985124497027016,25.206085205078125,4517172,0.0,0.0
2010-04-13 00:00:00-04:00,25.101118854121896,25.150835941202377,24.75863177184444,25.112167358398438,3268274,0.0,0.0
2010-04-14 00:00:00-04:00,24.996167251326256,25.714289387184913,24.996167251326256,25.648000717163086,5472779,0.0,0.0
2010-04-15 00:00:00-04:00,25.128741387268274,25.592759697585887,25.12321831675445,25.559614181518555,4128175,0.0,0.0
2010-04-16 00:00:00-04:00,25.41046676226298,25.570661809275318,24.719964755326917,25.062454223632812,8943238,0.0,0.0
2010-04-19 00:00:00-04:00,24.8414988060284,25.41599517802932,24.79178170534138,25.399423599243164,5890051,0.0,0.0
2010-04-20 00:00:00-04:00,25.565143525432745,25.94629928602722,25.41599459114426,25.935253143310547,4480370,0.0,0.0
2010-04-21 00:00:00-04:00,25.91867837746604,25.97944161224913,25.19503080910705,25.570663452148438,6910510,0.0,0.0
2010-04-22 00:00:00-04:00,25.288940793750168,25.81924544926866,25.07902863278778,25.786102294921875,5199909,0.0,0.0
2010-04-23 00:00:00-04:00,25.476760377008695,26.040210649282226,25.29999370395159,26.018115997314453,5242882,0.0,0.0
2010-04-26 00:00:00-04:00,25.95734526414236,26.377171940656968,25.808198708713174,25.87448501586914,5365741,0.0,0.0
2010-04-27 00:00:00-04:00,25.64799899616696,25.764002387675102,24.333283646986487,24.471384048461914,7850634,0.0,0.0
2010-04-28 00:00:00-04:00,24.775217271024967,25.261330453461934,24.12338352428022,24.255958557128906,11471104,0.0,0.0
2010-04-29 00:00:00-04:00,24.565297643891583,25.26684593042055,24.438243357989315,25.200559616088867,7489799,0.0,0.0
2010-04-30 00:00:00-04:00,25.543052978725665,26.36060724214141,25.150848611781687,25.178468704223633,13051441,0.0,0.0
2010-05-03 00:00:00-04:00,25.38285224755383,25.65905311088941,25.18951164321893,25.277894973754883,7439421,0.0,0.0
2010-05-04 00:00:00-04:00,24.974064865056498,24.974064865056498,24.377471691912916,24.570812225341797,8081317,0.0,0.0
2010-05-05 00:00:00-04:00,24.23385932772895,24.603968991045107,24.073661866727857,24.244905471801758,7493053,0.0,0.0
2010-05-06 00:00:00-04:00,24.1841321577231,24.278040893562785,21.06858885176641,23.28371810913086,12622949,0.0,0.0
2010-05-07 00:00:00-04:00,23.283723439235334,23.60411593691979,22.134728431507448,22.488264083862305,12986028,0.0,0.0
2010-05-10 00:00:00-04:00,23.57649634603945,24.769683039710227,23.57649634603945,24.366430282592773,10905391,0.0,0.0
2010-05-11 00:00:00-04:00,23.907933953604616,24.349855238622258,23.72564189640045,23.880313873291016,7706008,0.0,0.0
2010-05-12 00:00:00-04:00,24.068141906413224,24.33329432068848,23.880324332289995,24.2172908782959,6956288,0.0,0.0
2010-05-13 00:00:00-04:00,24.145470641914617,24.294619576088266,23.76431488161362,23.791934967041016,4431451,0.0,0.0
2010-05-14 00:00:00-04:00,23.499158169542255,23.626210066043427,22.493786773861242,22.825227737426758,9367241,0.0,0.0
2010-05-17 00:00:00-04:00,22.825225535212695,23.200858118146375,22.383304293095936,23.090377807617188,7145681,0.0,0.0
2010-05-18 00:00:00-04:00,23.45497343947203,23.515739058790125,22.50484419239335,22.598752975463867,8122831,0.0,0.0
2010-05-19 00:00:00-04:00,22.38331413269043,22.78104389830112,21.79224373866207,22.38331413269043,10192024,0.0,0.0
2010-05-20 00:00:00-04:00,21.51051350649309,21.748045736532205,20.913920213923543,20.924968719482422,11317951,0.0,0.0
2010-05-21 00:00:00-04:00,20.151610242024407,21.93034195056761,20.151610242024407,21.808813095092773,13240273,0.0,0.0
2010-05-24 00:00:00-04:00,21.864051945181064,22.02424938556125,21.27850708288582,21.328224182128906,6980411,0.0,0.0
2010-05-25 00:00:00-04:00,20.704007899281834,21.68175689331618,20.273132736244417,21.6596622467041,11464596,0.0,0.0
2010-05-26 00:00:00-04:00,22.057393491124795,22.361214442322815,21.54918579149279,21.681760787963867,7690861,0.0,0.0
2010-05-27 00:00:00-04:00,22.101580450836522,22.919134276029705,21.753565581146553,22.869417190551758,7781407,0.0,0.0
2010-05-28 00:00:00-04:00,22.874943057580264,22.874943057580264,22.234158123772673,22.366735458374023,5720517,0.0,0.0
2010-06-01 00:00:00-04:00,22.079486911169337,22.576648386729996,21.913766419315785,22.007675170898438,6116695,0.0,0.0
2010-06-02 00:00:00-04:00,22.2452077824539,22.990950008514826,21.99110160534731,22.968852996826172,6660529,0.0,0.0
2010-06-03 00:00:00-04:00,22.902567055254497,23.21743410870013,22.53245747170721,22.85284996032715,5840683,0.0,0.0
2010-06-04 00:00:00-04:00,22.20102294183672,22.388838141559603,21.12936246804247,21.25641441345215,11930787,0.0,0.0
2010-06-07 00:00:00-04:00,21.643090294168257,21.698330462264273,20.869727940824035,20.919445037841797,11228976,0.0,0.0
2010-06-08 00:00:00-04:00,21.04649349227292,21.532606418751836,20.51066584127601,21.488414764404297,9935198,0.0,0.0
2010-06-09 00:00:00-04:00,21.687283217180585,22.212064787404476,21.355842225460233,21.471845626831055,8622570,0.0,0.0
2010-06-10 00:00:00-04:00,21.875105260573214,22.515892798618335,21.875105260573214,22.471698760986328,6872587,0.0,0.0
2010-06-11 00:00:00-04:00,22.11263634625989,22.769995429773438,22.085016256437115,22.703706741333008,8597325,0.0,0.0
2010-06-14 00:00:00-04:00,22.95227959893691,23.23400347180689,22.659507221099318,22.67607879638672,8955916,0.0,0.0
2010-06-15 00:00:00-04:00,22.9688553646902,23.068287198883123,22.670559862111425,23.02409553527832,9692397,0.0,0.0
2010-06-16 00:00:00-04:00,22.808659732060423,23.007523395594088,22.51588730795259,22.648462295532227,7259228,0.0,0.0
2010-06-17 00:00:00-04:00,22.653982927581314,22.775511759690676,22.433024638739063,22.66503143310547,6281741,0.0,0.0
2010-06-18 00:00:00-04:00,22.714754185897785,22.841806120264142,22.499316549642277,22.642942428588867,8079634,0.0,0.0
2010-06-21 00:00:00-04:00,23.106953068828812,23.200861820630514,22.637411674148506,22.769989013671875,6769587,0.0,0.0
2010-06-22 00:00:00-04:00,22.786556881378306,23.079329230486362,22.37225571820809,22.4054012298584,4585390,0.0,0.0
2010-06-23 00:00:00-04:00,22.41093378296392,22.549034229125397,21.974535427362124,22.178924560546875,4715878,0.0,0.0
2010-06-24 00:00:00-04:00,21.98006128786765,22.19549656943866,21.62652319314192,21.764623641967773,7772543,0.0,0.0
2010-06-25 00:00:00-04:00,21.830907013860713,22.65398406982422,21.670709586503534,22.65398406982422,10799923,0.0,0.0
2010-06-28 00:00:00-04:00,22.648464989864834,22.731325253582582,22.018728404207177,22.118160247802734,7385565,0.0,0.0
2010-06-29 00:00:00-04:00,21.725942782131067,21.81985150719989,20.924962995312654,21.090681076049805,8881191,0.0,0.0
2010-06-30 00:00:00-04:00,21.09621296281937,21.32822212974709,20.808963630638768,20.858680725097656,6248418,0.0,0.0
2010-07-01 00:00:00-04:00,20.96363644147191,21.035450550575675,20.007982018036905,20.64876937866211,8127880,0.0,0.0
2010-07-02 00:00:00-04:00,20.842112197215513,20.980210266220723,20.317330550547037,20.54933738708496,6086962,0.0,0.0
2010-07-06 00:00:00-04:00,20.930499477448425,21.074123009479358,20.356000620666606,20.626678466796875,7583822,0.0,0.0
2010-07-07 00:00:00-04:00,20.84210913975271,21.35584220352596,20.48857113654948,21.322696685791016,8065721,0.0,0.0
2010-07-08 00:00:00-04:00,21.620994061684783,21.847477788556077,21.43317655818552,21.786714553833008,6943609,0.0,0.0
2010-07-09 00:00:00-04:00,21.681753398250706,22.195486358680633,21.626513244132912,22.151294708251953,4367722,0.0,0.0
2010-07-12 00:00:00-04:00,22.06292300983843,22.289406815093514,21.7756735845017,21.85853385925293,4047503,0.0,0.0
2010-07-13 00:00:00-04:00,22.167878855146814,22.742377729556257,22.129212616795254,22.609800338745117,8058541,0.0,0.0
2010-07-14 00:00:00-04:00,22.493798410915748,22.493798410915748,21.869584746132475,22.085020065307617,6074284,0.0,0.0
2010-07-15 00:00:00-04:00,22.112634288772824,22.189971478812236,21.107265004232328,21.5933780670166,12376558,0.0,0.0
2010-07-16 00:00:00-04:00,21.38898740054736,21.48289616327652,20.803442538894785,20.88077735900879,8055399,0.0,0.0
2010-07-19 00:00:00-04:00,20.974681156397335,21.018872809476477,20.521711392598313,20.670860290527344,6702604,0.0,0.0
2010-07-20 00:00:00-04:00,20.26760700835292,20.92496580786357,20.223415356594654,20.88629722595215,9583563,0.0,0.0
2010-07-21 00:00:00-04:00,21.256409064055234,21.267457570512335,20.32285164417665,20.37809181213379,12481577,0.0,0.0
2010-07-22 00:00:00-04:00,20.73715623469991,21.73700248959009,20.63772438927179,21.703859329223633,14680136,0.0,0.0
2010-07-23 00:00:00-04:00,21.654145241210973,21.97453783859605,21.339275716546865,21.841962814331055,6914886,0.0,0.0
2010-07-26 00:00:00-04:00,21.819857667733135,22.06843840551346,21.676234187191334,22.007675170898438,4163966,0.0,0.0
2010-07-27 00:00:00-04:00,22.267306763259494,22.33359544689768,21.847482374098824,21.891674041748047,8014222,0.0,0.0
2010-07-28 00:00:00-04:00,21.75909820542226,22.217591172838883,21.66518943755895,21.709381103515625,6645943,0.0,0.0
2010-07-29 00:00:00-04:00,21.991107232159553,22.510365860750294,21.5657597451103,22.206544876098633,13309388,0.0,0.0
2010-07-30 00:00:00-04:00,22.786558720412028,23.36105732543855,22.372257523804826,23.2340030670166,12860140,0.0,0.0
2010-08-02 00:00:00-04:00,23.046195408098043,23.819557892266452,23.046195408098043,23.6041202545166,15942049,0.0,0.0
2010-08-03 00:00:00-04:00,23.333441909168894,23.66488056836915,22.919140629757976,23.02409553527832,74518415,0.0,0.0
2010-08-04 00:00:00-04:00,23.195339118370107,23.195339118370107,22.637414341161463,23.02409553527832,23593192,0.0,0.0
2010-08-05 00:00:00-04:00,22.9301844313108,23.189813679433314,22.71474920660949,23.11800193786621,10048071,0.0,0.0
2010-08-06 00:00:00-04:00,22.885995254590142,23.068287345826437,22.499314058010153,22.88047218322754,10747638,0.0,0.0
2010-08-09 00:00:00-04:00,23.101436959528744,23.399732516852264,22.95781107104357,23.37763786315918,9485949,0.0,0.0
2010-08-10 00:00:00-04:00,23.195349485154598,23.604127875934953,22.946770970738395,23.432884216308594,13683014,0.0,0.0
2010-08-11 00:00:00-04:00,22.963330079960723,23.035141821937756,22.44407158075155,22.455120086669922,12522979,0.0,0.0
2010-08-12 00:00:00-04:00,22.002148594391663,22.217586168355236,21.941385362929157,22.018722534179688,10107200,0.0,0.0
2010-08-13 00:00:00-04:00,22.38883413970763,22.399882646970358,21.830909348389586,21.85300636291504,8567368,0.0,0.0
2010-08-16 00:00:00-04:00,21.72594982422008,21.770143848690743,20.919444342554932,21.449748992919922,11329507,0.0,0.0
2010-08-17 00:00:00-04:00,21.759095448769063,21.94138752545119,21.60442345535175,21.67623519897461,8746214,0.0,0.0
2010-08-18 00:00:00-04:00,21.770149912665644,21.913773439216083,21.311656877861914,21.797767639160156,9666703,0.0,0.0
2010-08-19 00:00:00-04:00,21.659665895599762,21.974532986409127,20.869729539839973,20.963638305664062,12334483,0.0,0.0
2010-08-20 00:00:00-04:00,20.77582320831933,20.891826624868383,20.355996478611903,20.593528747558594,12732232,0.0,0.0
2010-08-23 00:00:00-04:00,20.33390318861305,20.80344468640038,20.251042924297636,20.51619529724121,13112365,0.0,0.0
2010-08-24 00:00:00-04:00,20.217890608058354,20.6045717116302,19.980358403015522,20.157127380371094,22079165,0.0,0.0
2010-08-25 00:00:00-04:00,20.03560125233779,20.477522572932376,19.543964019609145,20.41123390197754,19597189,0.0,0.0
2010-08-26 00:00:00-04:00,20.499612416297104,20.681904424432037,20.046642748218474,20.173694610595703,8906885,0.0,0.0
2010-08-27 00:00:00-04:00,20.33389626360982,21.00230122238765,19.941689727491262,20.891820907592773,18636981,0.0,0.0
2010-08-30 00:00:00-04:00,20.78686392866458,20.924966688252383,20.46094841444808,20.477519989013672,8866605,0.0,0.0
2010-08-31 00:00:00-04:00,20.466473523363618,21.018875159432394,20.284181456326557,20.797914505004883,16030351,0.0,0.0
2010-09-01 00:00:00-04:00,21.024408556211835,21.858534396823046,21.024408556211835,21.841962814331055,14051591,0.0,0.0
2010-09-02 00:00:00-04:00,21.87509718051065,22.189966578525066,21.83090552353083,22.167869567871094,7843004,0.0,0.0
2010-09-03 00:00:00-04:00,22.60979402455412,22.92466346655079,22.339118610038597,22.902568817138672,13726660,0.0,0.0
2010-09-07 00:00:00-04:00,22.63742139100217,22.653992974473706,22.129213554786013,22.15683364868164,8321537,0.0,0.0
2010-09-08 00:00:00-04:00,22.35568879188886,22.64293813093303,22.17891978599027,22.438549041748047,6049712,0.0,0.0
2010-09-09 00:00:00-04:00,22.87494596023072,22.96885472046228,22.372261367709438,22.571125030517578,5262629,0.0,0.0
2010-09-10 00:00:00-04:00,22.604267682234003,22.604267682234003,22.11262929444279,22.366735458374023,6548777,0.0,0.0
2010-09-13 00:00:00-04:00,22.71474855296554,22.919137630258245,22.62083980239017,22.814180374145508,5978240,0.0,0.0
2010-09-14 00:00:00-04:00,22.653985289166897,22.79208807612323,22.394358386089145,22.626367568969727,6713599,0.0,0.0
2010-09-15 00:00:00-04:00,22.444078669630823,22.499318852341833,22.17892626548377,22.471698760986328,6551246,0.0,0.0
2010-09-16 00:00:00-04:00,22.372258058493912,22.394355068572278,22.145774344666965,22.311494827270508,6365555,0.0,0.0
2010-09-17 00:00:00-04:00,22.47721342495454,22.51035657296467,22.09605540119875,22.184438705444336,9486510,0.0,0.0
2010-09-20 00:00:00-04:00,22.206544287812843,23.05724396803268,22.18444727105566,22.913618087768555,9714164,0.0,0.0
2010-09-21 00:00:00-04:00,22.996479220588633,23.084864926618827,22.648466561687464,22.703706741333008,8062355,0.0,0.0
2010-09-22 00:00:00-04:00,22.51036740836983,22.521415917800716,21.60995290118136,21.75910186767578,13647447,0.0,0.0
2010-09-23 00:00:00-04:00,21.604421466920417,21.604421466920417,20.85867928740711,20.91391944885254,12856549,0.0,0.0
2010-09-24 00:00:00-04:00,21.549187235500806,21.63757057240408,21.206697667425324,21.626522064208984,11822963,0.0,0.0
2010-09-27 00:00:00-04:00,21.609946186345844,21.648614775173986,21.34479386404015,21.422128677368164,7007563,0.0,0.0
2010-09-28 00:00:00-04:00,21.422131728304336,21.753572769472296,21.074119107943698,21.709381103515625,7490584,0.0,0.0
2010-09-29 00:00:00-04:00,21.62100254579198,21.703862824380565,21.15146096712334,21.427661895751953,7655406,0.0,0.0
2010-09-30 00:00:00-04:00,21.333746405584375,21.709379077656003,21.096214154445583,21.239837646484375,13653730,0.0,0.0
2010-10-01 00:00:00-04:00,21.42765306123834,21.736997028029773,21.2840272189702,21.510513305664062,7126159,0.0,0.0
2010-10-04 00:00:00-04:00,21.427658308367697,21.891674372181463,21.2398407626127,21.455278396606445,7663933,0.0,0.0
2010-10-05 00:00:00-04:00,21.764625430106772,22.107115044198935,21.422135816014606,21.985586166381836,16221539,0.0,0.0
2010-10-06 00:00:00-04:00,21.919296511649193,22.024253802509943,21.57680927690139,21.797767639160156,8909690,0.0,0.0
2010-10-07 00:00:00-04:00,21.880623088635517,22.073963681783038,21.604424605610347,21.8143367767334,6285107,0.0,0.0
2010-10-08 00:00:00-04:00,21.84748030517432,21.891671968638658,21.466324547924874,21.643091201782227,7693778,0.0,0.0
2010-10-11 00:00:00-04:00,21.632039824966533,21.74252013905925,21.400030692506252,21.477365493774414,4902916,0.0,0.0
2010-10-12 00:00:00-04:00,21.35584812148473,21.692812277033127,21.11831581803841,21.64862060546875,8442826,0.0,0.0
2010-10-13 00:00:00-04:00,21.77014890564975,22.223116482738618,21.764623469143277,21.963489532470703,7458495,0.0,0.0
2010-10-14 00:00:00-04:00,21.891676101404496,22.294931313006355,21.659669233335762,21.897201538085938,7638688,0.0,0.0
2010-10-15 00:00:00-04:00,22.09054150286613,22.140256245521908,21.13488687608925,21.665191650390625,15252917,0.0,0.0
2010-10-18 00:00:00-04:00,21.74252009580992,22.421973553262994,21.692803008835934,22.361207962036133,20796719,0.0,0.0
2010-10-19 00:00:00-04:00,22.167876293189877,22.5048428040876,21.869580744832714,22.057395935058594,19400726,0.0,0.0
2010-10-20 00:00:00-04:00,22.07948922550725,22.455121906882898,21.93034029433985,22.283878326416016,11724563,0.0,0.0
2010-10-21 00:00:00-04:00,22.383320176968542,22.488275127853747,22.10711920464511,22.339128494262695,17583423,0.0,0.0
2010-10-22 00:00:00-04:00,22.333593060586185,22.444073400068934,22.162349480119307,22.283878326416016,20692261,0.0,0.0
2010-10-25 00:00:00-04:00,22.482736494846943,22.57664523331279,22.018720601065834,22.184438705444336,19814408,0.0,0.0
2010-10-26 00:00:00-04:00,22.090530206279382,22.438542684219673,22.090530206279382,22.377777099609375,6571891,0.0,0.0
2010-10-27 00:00:00-04:00,22.206537422272575,22.537978385186854,22.051865445778187,22.30596923828125,6795056,0.0,0.0
2010-10-28 00:00:00-04:00,22.488264836414142,22.620842188189023,22.01320032715626,22.35016441345215,6381263,0.0,0.0
2010-10-29 00:00:00-04:00,21.654139296513524,22.642939273806192,21.632044647366193,22.278352737426758,9540927,0.0,0.0
2010-11-01 00:00:00-04:00,22.59321973967313,22.73132014818571,21.891669191563604,22.07396125793457,6411669,0.0,0.0
2010-11-02 00:00:00-04:00,22.355692066132477,22.44960083592588,22.096062772349057,22.212068557739258,4060181,0.0,0.0
2010-11-03 00:00:00-04:00,22.272828738526254,22.919139165995475,22.167871475380668,22.836278915405273,10615579,0.0,0.0
2010-11-04 00:00:00-04:00,23.14562866376473,23.731173634552412,23.106960064336356,23.698030471801758,13622090,0.0,0.0
2010-11-05 00:00:00-04:00,23.30455803224772,23.877895593412024,23.28207316851177,23.66429901123047,11259943,0.659537,0.0
2010-11-08 00:00:00-05:00,23.512539872136244,23.65868672248008,23.231491012815344,23.37763786315918,5851342,0.0,0.0
2010-11-09 00:00:00-05:00,23.400110358163122,23.478804967574337,22.703110927519553,22.781803131103516,9204776,0.0,0.0
2010-11-10 00:00:00-05:00,22.927946344439327,23.102195573475885,22.523235741388582,23.001018524169922,9416273,0.0,0.0
2010-11-11 00:00:00-05:00,22.55696678161621,22.725596045111832,22.304022886372778,22.55696678161621,8960853,0.0,0.0
2010-11-12 00:00:00-05:00,22.29278425711054,22.675010130487262,22.19722718730944,22.28154182434082,8445967,0.0,0.0
2010-11-15 00:00:00-05:00,22.371475835435852,22.703114360611675,22.259056322607115,22.332128524780273,6391697,0.0,0.0
2010-11-16 00:00:00-05:00,22.19160096065551,22.29840044490302,21.696955656101956,21.848722457885742,9832086,0.0,0.0
2010-11-17 00:00:00-05:00,21.90493459549027,21.99486924037222,21.618265809829964,21.708200454711914,8426108,0.0,0.0
2010-11-18 00:00:00-05:00,22.10728961360764,22.253436424538403,21.961145208504504,22.01735496520996,6269848,0.0,0.0
2010-11-19 00:00:00-05:00,21.99486928416311,22.034216593562626,21.753167820462558,21.837482452392578,7237573,0.0,0.0
2010-11-22 00:00:00-05:00,21.696960177259832,21.792517250578403,21.50584843645047,21.770034790039062,5934707,0.0,0.0
2010-11-23 00:00:00-05:00,21.52833556608842,21.52833556608842,21.2585291403059,21.269771575927734,8654098,0.0,0.0
2010-11-24 00:00:00-05:00,21.494595535843406,21.562047696269165,21.365313631759555,21.488975524902344,5684164,0.0,0.0
2010-11-26 00:00:00-05:00,21.275384147871414,21.376563627243115,21.157344629707698,21.21355438232422,7729570,0.0,0.0
2010-11-29 00:00:00-05:00,21.123618147537336,21.444014230946742,20.9830961664158,21.3934268951416,7355495,0.0,0.0
2010-11-30 00:00:00-05:00,21.247277569831372,21.590158476826698,21.112375617852724,21.444011688232422,10882166,0.0,0.0
2010-12-01 00:00:00-05:00,21.87120890031451,22.129772799206307,21.65198990346857,22.090425491333008,9278940,0.0,0.0
2010-12-02 00:00:00-05:00,22.079191562703848,22.776193723713398,22.028604209522616,22.748088836669922,10193594,0.0,0.0
2010-12-03 00:00:00-05:00,22.528866157520092,22.65814813610796,22.287164648711812,22.562593460083008,13049870,0.0,0.0
2010-12-06 00:00:00-05:00,22.618804848798167,23.00665081240183,22.433313091785273,22.905473709106445,9652566,0.0,0.0
2010-12-07 00:00:00-05:00,23.169649213401662,23.276446281075902,23.04598729824941,23.141544342041016,10609856,0.0,0.0
2010-12-08 00:00:00-05:00,23.07409625286141,24.361300551296832,23.07409625286141,24.052146911621094,16615586,0.0,0.0
2010-12-09 00:00:00-05:00,24.15893745595711,24.816591865249162,24.1476950273024,24.777244567871094,12613748,0.0,0.0
2010-12-10 00:00:00-05:00,24.810976332146655,24.850323640442163,24.32757341830891,24.715421676635742,9242251,0.0,0.0
2010-12-13 00:00:00-05:00,24.900903856489784,24.99083846462948,24.625475209593812,24.687307357788086,7788700,0.0,0.0
2010-12-14 00:00:00-05:00,24.737907903161503,24.985231816560795,24.50182642324906,24.597383499145508,10024060,0.0,0.0
2010-12-15 00:00:00-05:00,24.501821444838164,24.917774558541076,24.501821444838164,24.518686294555664,6603419,0.0,0.0
2010-12-16 00:00:00-05:00,24.501826297369966,24.71542531503918,24.333199419244934,24.496206283569336,7265399,0.0,0.0
2010-12-17 00:00:00-05:00,24.439990176006624,24.715418897274496,24.36691798643368,24.692934036254883,8936618,0.0,0.0
2010-12-20 00:00:00-05:00,24.78287150235617,25.03581779735354,24.766009057577005,24.844703674316406,5798496,0.0,0.0
2010-12-21 00:00:00-05:00,24.996468886779304,25.142613273267916,24.872806956612692,25.035816192626953,4211876,0.0,0.0
2010-12-22 00:00:00-05:00,25.11451520428079,25.344974277540498,25.030200557113385,25.142620086669922,5408152,0.0,0.0
2010-12-23 00:00:00-05:00,25.09765008356049,25.255036927015155,24.979608146598707,25.09202766418457,3258849,0.0,0.0
2010-12-27 00:00:00-05:00,24.92339630677035,25.266274811349042,24.878426583169556,25.159475326538086,3263449,0.0,0.0
2010-12-28 00:00:00-05:00,25.18196225884977,25.328106655086774,25.007710580137587,25.249414443969727,4746621,0.0,0.0
2010-12-29 00:00:00-05:00,25.266275779119216,25.333725555449355,25.12013138930075,25.15385627746582,2738802,0.0,0.0
2010-12-30 00:00:00-05:00,25.13137773344752,25.181967484242,24.900918659445953,24.985233306884766,2263074,0.0,0.0
2010-12-31 00:00:00-05:00,24.9290192920755,25.114511003653032,24.867187117664606,24.97960662841797,2571063,0.0,0.0
2011-01-03 00:00:00-05:00,25.26627982118392,26.07007890543092,25.210070061364863,25.918312072753906,6625186,0.0,0.0
2011-01-04 00:00:00-05:00,25.991384346491085,26.06445895910683,25.541706266777055,25.76092529296875,5862450,0.0,0.0
2011-01-05 00:00:00-05:00,25.491117344811904,26.120664692691598,25.474254899034342,26.092559814453125,7387248,0.0,0.0
2011-01-06 00:00:00-05:00,26.171253063958822,26.33988232455014,25.99138137149592,26.07007598876953,7106075,0.0,0.0
2011-01-07 00:00:00-05:00,26.176881391336252,26.32864583546203,25.670993495375566,25.895830154418945,5323441,0.0,0.0
2011-01-10 00:00:00-05:00,25.654125604334414,25.69347291719523,25.322489466399524,25.541706085205078,5611346,0.0,0.0
2011-01-11 00:00:00-05:00,25.72720031870886,25.946419364713496,25.60916077444666,25.777790069580078,4314427,0.0,0.0
2011-01-12 00:00:00-05:00,26.047588850813305,26.39046976090857,25.98013907712781,26.182493209838867,5350481,0.0,0.0
2011-01-13 00:00:00-05:00,26.109422801209035,26.131905258697447,25.547325276587046,25.648502349853516,5690447,0.0,0.0
2011-01-14 00:00:00-05:00,25.63163949426375,26.204977035522457,25.575429742702905,26.20497703552246,5285405,0.0,0.0
2011-01-18 00:00:00-05:00,26.182499577281998,26.3230239830137,25.87896589857037,26.27243423461914,6347266,0.0,0.0
2011-01-19 00:00:00-05:00,26.070068787333014,26.188108274809434,25.496728978532925,25.62601089477539,6973454,0.0,0.0
2011-01-20 00:00:00-05:00,25.670991750833473,25.862103499489837,25.165103889251768,25.5810546875,7940394,0.0,0.0
2011-01-21 00:00:00-05:00,25.89020129439742,26.058830535436567,25.637257432838705,25.974515914916992,5428573,0.0,0.0
2011-01-24 00:00:00-05:00,26.01387210697326,26.070081873191114,25.74968572458374,25.895830154418945,4900447,0.0,0.0
2011-01-25 00:00:00-05:00,25.80588966601097,26.09818086553475,25.659745269162826,26.07007598876953,4375688,0.0,0.0
2011-01-26 00:00:00-05:00,26.109417728934027,26.36798157769798,26.07569044051244,26.171247482299805,4459950,0.0,0.0
2011-01-27 00:00:00-05:00,26.19935695679263,26.581582785279412,26.075695022504362,26.50851058959961,4849060,0.0,0.0
2011-01-28 00:00:00-05:00,26.266807425199914,26.56471860711255,25.558565565873476,25.575428009033203,7433811,0.0,0.0
2011-01-31 00:00:00-05:00,25.67098458417034,25.94641089953188,25.52483779923924,25.727191925048828,4991441,0.0,0.0
2011-02-01 00:00:00-05:00,25.991388276474385,26.491656178129503,25.957663377727624,26.396099090576172,6692169,0.0,0.0
2011-02-02 00:00:00-05:00,26.244312146317586,26.46915104807207,25.884571347006183,25.957643508911133,5145155,0.0,0.0
2011-02-03 00:00:00-05:00,26.019482170722686,26.210596265107498,25.699088550470375,26.154386520385742,6202865,0.0,0.0
2011-02-04 00:00:00-05:00,26.06446074291579,26.699630592816295,26.06446074291579,26.60969352722168,7370530,0.0,0.0
2011-02-07 00:00:00-05:00,26.637789385980913,27.385378510269277,26.581579641209952,27.33479118347168,8785036,0.0,0.0
2011-02-08 00:00:00-05:00,27.35165919457478,27.385384085972944,27.087472859197117,27.24485969543457,7177322,0.0,0.0
2011-02-09 00:00:00-05:00,26.924456658631414,27.177400473751458,26.682752866188615,26.75582504272461,7834926,0.0,0.0
2011-02-10 00:00:00-05:00,26.233078825834635,26.96380551017942,26.137524184082018,26.570337295532227,11133382,0.0,0.0
2011-02-11 00:00:00-05:00,26.508502565297583,27.312301286114963,26.317388505992003,27.109947204589844,5780768,0.0,0.0
2011-02-14 00:00:00-05:00,26.924469070761546,26.98629884729693,26.2218470381873,26.36237144470215,6327631,0.0,0.0
2011-02-15 00:00:00-05:00,26.193738882705155,26.486027687058066,26.14877155940683,26.351125717163086,5008832,0.0,0.0
2011-02-16 00:00:00-05:00,26.41295004402682,26.795175822052787,26.39608760199262,26.710861206054688,5978016,0.0,0.0
2011-02-17 00:00:00-05:00,26.598439470131012,26.913215453417358,26.50288483807049,26.823278427124023,4808555,0.0,0.0
2011-02-18 00:00:00-05:00,26.772704556303403,26.896366525944554,26.56472793542893,26.783946990966797,5880178,0.0,0.0
2011-02-22 00:00:00-05:00,26.23308064886565,26.48602451871682,25.805887519892362,26.008241653442383,7507190,0.0,0.0
2011-02-23 00:00:00-05:00,25.395553470273377,26.092552820257946,25.344963740673823,25.738431930541992,7361891,0.0,0.0
2011-02-24 00:00:00-05:00,25.70470816414011,26.025104185252793,25.592288676439317,25.98013687133789,6024242,0.0,0.0
2011-02-25 00:00:00-05:00,26.12628119963701,26.334257732703566,26.04758659604629,26.294910430908203,4198748,0.0,0.0
2011-02-28 00:00:00-05:00,26.396088824262854,26.688379987756214,26.249944445429772,26.620927810668945,7030228,0.0,0.0
2011-03-01 00:00:00-05:00,26.69963130209701,26.76146108160063,25.721580423469582,25.87896728515625,9219698,0.0,0.0
2011-03-02 00:00:00-05:00,25.120131027241783,25.165098346089547,24.366919414689175,24.400644302368164,38812561,0.0,0.0
2011-03-03 00:00:00-05:00,24.822218736048995,25.43490600585938,24.737904106579354,25.434906005859375,151462370,0.0,0.0
2011-03-04 00:00:00-05:00,25.665362531717726,25.721572279224365,25.114507487318136,25.61477279663086,33922324,0.0,0.0
2011-03-07 00:00:00-05:00,25.676611242222943,25.929555167866386,25.395562435952456,25.592296600341797,22822153,0.0,0.0
2011-03-08 00:00:00-05:00,25.772171049027087,26.058839899474933,25.56419442917861,26.03073501586914,20367217,0.0,0.0
2011-03-09 00:00:00-05:00,25.952039943890533,26.26681364348093,25.952039943890533,26.02511215209961,13276177,0.0,0.0
2011-03-10 00:00:00-05:00,25.760926555602722,25.83399876597223,25.35059576891746,25.670991897583008,15712151,0.0,0.0
2011-03-11 00:00:00-05:00,25.361827062617046,25.878954727827427,25.187575431229348,25.772157669067383,12421999,0.0,0.0
2011-03-14 00:00:00-04:00,25.11451233570983,25.328108936304723,25.05830257735182,25.148237228393555,18215670,0.0,0.0
2011-03-15 00:00:00-04:00,24.31071822796632,24.535557307230608,23.186522831644893,24.39503288269043,37573199,0.0,0.0
2011-03-16 00:00:00-04:00,24.355686461040204,24.462485989961436,23.192146107591594,23.765483856201172,33934778,0.0,0.0
2011-03-17 00:00:00-04:00,24.2544983188273,24.282603191986404,23.765473044693408,24.1589412689209,12010112,0.0,0.0
2011-03-18 00:00:00-04:00,24.614247794721308,24.951506389684116,24.25450673692446,24.743532180786133,18349749,0.0,0.0
2011-03-21 00:00:00-04:00,25.1201293120399,25.1650966278173,24.855943023835316,25.06391716003418,8526639,0.0,0.0
2011-03-22 00:00:00-04:00,24.957119145469438,25.429279552083063,24.957119145469438,25.05829620361328,11018377,0.0,0.0
2011-03-23 00:00:00-04:00,24.968363418193114,25.080782914611436,24.5636527499217,24.92901611328125,9050389,0.0,0.0
2011-03-24 00:00:00-04:00,25.10889147655272,25.226931002797958,24.878430031550067,25.114511489868164,6618005,0.0,0.0
2011-03-25 00:00:00-04:00,25.27189523313628,25.434904469260697,25.018951360008455,25.322484970092773,6222500,0.0,0.0
2011-03-28 00:00:00-04:00,25.294380040277687,25.429281995489347,25.18196054135431,25.19320297241211,5204285,0.0,0.0
2011-03-29 00:00:00-04:00,25.05829507888897,25.176334573787482,24.6929317588935,24.962738037109375,8268018,0.0,0.0
2011-03-30 00:00:00-04:00,25.108890671794942,25.36745458091527,25.03581847189811,25.210067749023438,7940394,0.0,0.0
2011-03-31 00:00:00-04:00,25.030200557113385,25.457393807097034,24.900918579288962,25.142620086669922,11206312,0.0,0.0
2011-04-01 00:00:00-04:00,25.26628147248136,25.715959580422897,25.232554170888992,25.44053077697754,6985011,0.0,0.0
2011-04-04 00:00:00-04:00,25.27751313385963,25.72156863271258,25.27751313385963,25.7047061920166,7362901,0.0,0.0
2011-04-05 00:00:00-04:00,25.575429461211314,25.631639212153498,25.215686092850387,25.283138275146484,8251188,0.0,0.0
2011-04-06 00:00:00-04:00,25.384313904350325,25.637257769227944,25.24941195324527,25.575428009033203,7896187,0.0,0.0
2011-04-07 00:00:00-04:00,25.49674541415367,25.665374736865115,25.17072920474389,25.288768768310547,8632668,0.0,0.0
2011-04-08 00:00:00-04:00,25.37306216527356,25.507966472714863,24.934626774828867,25.030183792114258,5886685,0.0,0.0
2011-04-11 00:00:00-04:00,25.035813749485254,25.33934492391678,24.951496727567115,25.05829620361328,6607795,0.0,0.0
2011-04-12 00:00:00-04:00,24.867186477171018,25.271897186624674,24.732284511238134,25.16510009765625,6911183,0.0,0.0
2011-04-13 00:00:00-04:00,25.27189834530352,25.35059296674303,24.732285645176546,24.827842712402344,6657948,0.0,0.0
2011-04-14 00:00:00-04:00,24.732280976175208,24.917772656462198,24.451232246701835,24.80535316467285,5975435,0.0,0.0
2011-04-15 00:00:00-04:00,24.95712653701121,24.996473850672594,24.61986797276128,24.709802627563477,5689101,0.0,0.0
2011-04-18 00:00:00-04:00,24.299467769941838,24.42874971666846,24.03528145786641,24.378162384033203,7929959,0.0,0.0
2011-04-19 00:00:00-04:00,24.490583024798834,24.490583024798834,24.130839637700465,24.327573776245117,7806427,0.0,0.0
2011-04-20 00:00:00-04:00,24.726669613546054,24.962748704224715,24.6198700966558,24.64235496520996,6073610,0.0,0.0
2011-04-21 00:00:00-04:00,24.86718627270814,24.95712332175142,24.59737993723327,24.945880889892578,4473975,0.0,0.0
2011-04-25 00:00:00-04:00,24.844696816485733,24.95149387449312,24.698550055142785,24.906526565551758,4928497,0.0,0.0
2011-04-26 00:00:00-04:00,25.01895191315079,25.277518210450033,24.99084703773744,25.15385627746582,6844200,0.0,0.0
2011-04-27 00:00:00-04:00,25.249409824659047,25.54732098145705,24.945876250063616,25.50235366821289,7380965,0.0,0.0
2011-04-28 00:00:00-04:00,25.56980948693914,26.221844103695446,25.564189473638635,26.109424591064453,9032998,0.0,0.0
2011-04-29 00:00:00-04:00,26.058835631120736,26.300537109375,25.878963924340464,26.300537109375,8863800,0.0,0.0
2011-05-02 00:00:00-04:00,26.40733719942947,26.47478939170122,25.963279138982543,26.131908416748047,9086966,0.0,0.0
2011-05-03 00:00:00-04:00,25.929553405918945,26.37361145198312,25.9183109732665,26.098182678222656,6091114,0.0,0.0
2011-05-04 00:00:00-04:00,25.991383236748764,26.13753004991252,25.659747110616042,25.9407958984375,7704213,0.0,0.0
2011-05-05 00:00:00-04:00,25.77778354931123,25.789025980642045,24.895289980166574,25.15385627746582,15222623,0.0,0.0
2011-05-06 00:00:00-04:00,25.524851598908647,25.60916626455077,24.968376249167733,25.198835372924805,9832984,0.0,0.0
2011-05-09 00:00:00-04:00,25.153853249681887,25.27189274987852,25.007706471627817,25.05829620361328,6296215,0.0,0.0
2011-05-10 00:00:00-04:00,25.24380272168861,25.53609404384257,25.069553374969313,25.44615936279297,7817872,0.0,0.0
2011-05-11 00:00:00-04:00,25.339344879137606,25.73843309893248,25.243787833237864,25.373069763183594,8124065,0.0,0.0
2011-05-12 00:00:00-04:00,25.3449635902693,25.44052063126418,25.047052443730973,25.333721160888672,6684764,0.0,0.0
2011-05-13 00:00:00-04:00,25.367448657346674,25.406795957588503,24.788488800673097,24.962738037109375,7813608,0.0,0.0
2011-05-16 00:00:00-04:00,24.833458037620186,25.131369209696526,24.732280976175208,24.80535316467285,6949556,0.0,0.0
2011-05-17 00:00:00-04:00,24.72666628149173,24.934640461366026,24.58051946723978,24.91777801513672,8096352,0.0,0.0
2011-05-18 00:00:00-04:00,24.917776312070732,25.159477773711657,24.799736790705573,25.136995315551758,5018930,0.0,0.0
2011-05-19 00:00:00-04:00,25.260667257053083,25.418054164784763,25.04145055172889,25.40119171142578,7901685,0.0,0.0
2011-05-20 00:00:00-04:00,25.316871399564437,25.434913358441325,24.79974344732417,24.855953216552734,6060483,0.0,0.0
2011-05-23 00:00:00-04:00,24.361297426173262,24.625481305162264,24.305085274888516,24.41750717163086,5931004,0.0,0.0
2011-05-24 00:00:00-04:00,24.49619797671997,24.608617461232893,24.310706308439045,24.40626335144043,7513585,0.0,0.0
2011-05-25 00:00:00-04:00,24.220783558591883,24.69294418154997,24.192676267855656,24.39503288269043,7294459,0.0,0.0
2011-05-26 00:00:00-04:00,24.28822470996572,24.52430614030284,24.12521787903408,24.428749084472656,7642840,0.0,0.0
2011-05-27 00:00:00-04:00,24.535553723709604,24.788497650938396,24.41189176700996,24.597383499145508,5520240,0.0,0.0
2011-05-31 00:00:00-04:00,24.833457610186485,24.985224402655327,24.52430401308693,24.788490295410156,6881338,0.0,0.0
2011-06-01 00:00:00-04:00,24.597381379128997,24.754768216896377,23.922864297987964,23.96221160888672,14541232,0.0,0.0
2011-06-02 00:00:00-04:00,23.984692563865014,24.20953155425809,23.866650650412307,23.990312576293945,7667860,0.0,0.0
2011-06-03 00:00:00-04:00,23.658682986767325,23.669923014702732,23.338286856566477,23.478811264038086,12141050,0.0,0.0
2011-06-06 00:00:00-04:00,23.388872536169654,23.53501935304182,23.001026642631228,23.276453018188477,8030266,0.0,0.0
2011-06-07 00:00:00-04:00,23.523771156322134,23.63619064675847,23.259584872631315,23.265207290649414,8892635,0.0,0.0
2011-06-08 00:00:00-04:00,23.147163748740198,23.360760284330677,23.045986695652807,23.180891036987305,6742547,0.0,0.0
2011-06-09 00:00:00-04:00,23.242733321261987,23.529402193870485,23.06848399176714,23.416982650756836,5241199,0.0,0.0
2011-06-10 00:00:00-04:00,23.242720894216877,23.332655518291688,22.731213208865807,22.995399475097656,10017665,0.0,0.0
2011-06-13 00:00:00-04:00,23.040374040705263,23.175276019287317,22.866122343690304,23.107826232910156,6034565,0.0,0.0
2011-06-14 00:00:00-04:00,23.400114739251144,23.624953773004687,23.169655691984847,23.203380584716797,7824940,0.0,0.0
2011-06-15 00:00:00-04:00,22.995409029136095,22.995409029136095,21.994873290013693,22.056705474853516,17743532,0.0,0.0
2011-06-16 00:00:00-04:00,22.15787802470683,22.658143385809808,22.101668271381044,22.41082191467285,11524960,0.0,0.0
2011-06-17 00:00:00-04:00,22.65814625065867,22.826777937784943,22.5457291356208,22.69187355041504,9841847,0.0,0.0
2011-06-20 00:00:00-04:00,22.585068077363122,22.956053841719708,22.461406155910925,22.776182174682617,5615947,0.0,0.0
2011-06-21 00:00:00-04:00,22.882986624511876,23.557503788972504,22.882986624511876,23.39449691772461,10797343,0.0,0.0
2011-06-22 00:00:00-04:00,23.3101789888271,23.647437523553087,23.242726800716387,23.383251190185547,7839863,0.0,0.0
2011-06-23 00:00:00-04:00,23.045989530343267,23.298933397087687,22.69186859806653,23.186513900756836,10578553,0.0,0.0
2011-06-24 00:00:00-04:00,23.169650970712482,23.242723160626948,22.871739792859845,23.040369033813477,14022644,0.0,0.0
2011-06-27 00:00:00-04:00,22.989784305975203,23.327042861331563,22.961679426362174,23.248348236083984,5078621,0.0,0.0
2011-06-28 00:00:00-04:00,23.42259437869094,23.658675792621022,23.31579489915702,23.624948501586914,5661500,0.0,0.0
2011-06-29 00:00:00-04:00,23.92848375472437,24.496201265401453,23.877894017570938,24.428749084472656,11837437,0.0,0.0
2011-06-30 00:00:00-04:00,24.5467945041333,24.75476868340903,24.37816523067016,24.65921401977539,8083000,0.0,0.0
2011-07-01 00:00:00-04:00,24.698557012307912,25.047057964967216,24.558035034468542,24.945880889892578,7938038,0.0,0.0
2011-07-05 00:00:00-04:00,24.957121675967326,24.957121675967326,24.372539316132176,24.57489585876465,7598857,0.0,0.0
2011-07-06 00:00:00-04:00,24.507438665858153,24.552405975304417,24.203905116898913,24.350051879882812,9265364,0.0,0.0
2011-07-07 00:00:00-04:00,24.692934358236926,24.906530917399635,24.642347029023966,24.884048461914062,6938897,0.0,0.0
2011-07-08 00:00:00-04:00,24.501813989448223,24.602993433657037,24.35566964576579,24.46246910095215,9107611,0.0,0.0
2011-07-11 00:00:00-04:00,24.035282614810075,24.276984075685924,23.535017248034947,23.608089447021484,7841546,0.0,0.0
2011-07-12 00:00:00-04:00,23.484430382526536,23.922866035954485,23.30456107248375,23.327043533325195,7381862,0.0,0.0
2011-07-13 00:00:00-04:00,23.51253553933707,23.87789898912648,23.270834046026565,23.518157958984375,7465676,0.0,0.0
2011-07-14 00:00:00-04:00,23.585600186749236,23.765471847068596,23.332656341064,23.49004554748535,7323967,0.0,0.0
2011-07-15 00:00:00-04:00,23.619332217380826,23.675541972149265,23.18651662449834,23.36638832092285,8648937,0.0,0.0
2011-07-18 00:00:00-04:00,23.203374389087088,23.208996806926283,22.45578528263899,22.75369644165039,8607311,0.0,0.0
2011-07-19 00:00:00-04:00,22.87736647556783,22.950438686787916,22.517625433473594,22.759326934814453,8624590,0.0,0.0
2011-07-20 00:00:00-04:00,22.877367581097037,23.119069094117915,22.725600731488758,22.984167098999023,6307435,0.0,0.0
2011-07-21 00:00:00-04:00,23.71489555656174,24.091499088496708,23.41698185279967,23.63058090209961,9595793,0.0,0.0
2011-07-22 00:00:00-04:00,23.64181194253154,23.64181194253154,23.24272369214575,23.461942672729492,5538080,0.0,0.0
2011-07-25 00:00:00-04:00,23.192140557691282,23.332662547959544,22.984163970303715,23.203380584716797,6778226,0.0,0.0
2011-07-26 00:00:00-04:00,23.152789290727398,23.36076343676173,23.040369793053795,23.10219955444336,6453856,0.0,0.0
2011-07-27 00:00:00-04:00,22.93357022363338,23.00102240315506,22.20846590980037,22.253433227539062,9786421,0.0,0.0
2011-07-28 00:00:00-04:00,22.444540713605,22.736831832746088,22.21970176131599,22.37708854675293,10831227,0.0,0.0
2011-07-29 00:00:00-04:00,22.877357541452323,23.315793043381962,22.562583951817444,23.164026260375977,19155906,0.0,0.0
2011-08-01 00:00:00-04:00,23.456318737556124,23.59684309914373,22.781801801935625,23.045988082885742,12406739,0.0,0.0
2011-08-02 00:00:00-04:00,22.787428758444275,22.90546828335683,22.253436078056602,22.259056091308594,11665097,0.0,0.0
2011-08-03 00:00:00-04:00,22.270296896742813,22.41644128889432,21.71381939234398,22.174739837646484,13051328,0.0,0.0
2011-08-04 00:00:00-04:00,21.88245207347451,21.98924916323245,20.662699923034403,20.741392135620117,18722029,0.0,0.0
2011-08-05 00:00:00-04:00,21.07303172712493,21.14610393034713,19.634061701676103,20.432239532470703,24939031,0.0,0.0
2011-08-08 00:00:00-04:00,19.825172793216343,20.269229566470564,18.183847653311798,18.403066635131836,26526773,0.0,0.0
2011-08-09 00:00:00-04:00,18.734700317298934,19.64529860935876,17.936522710979066,19.6059513092041,25946250,0.0,0.0
2011-08-10 00:00:00-04:00,19.100073397398234,19.105694614640903,17.8353536489287,17.891563415527344,25184075,0.0,0.0
2011-08-11 00:00:00-04:00,17.953390046463667,19.173140964170088,17.77351835579334,18.83026123046875,22217956,0.0,0.0
2011-08-12 00:00:00-04:00,19.145034352013237,19.324904823462937,18.633526608687685,18.695356369018555,15172582,0.0,0.0
2011-08-15 00:00:00-04:00,18.914575556447875,19.414842109273888,18.796536039435207,19.34739112854004,9607798,0.0,0.0
2011-08-16 00:00:00-04:00,19.04386286373544,19.30242923950376,18.72346790853881,18.89771842956543,12032328,0.0,0.0
2011-08-17 00:00:00-04:00,19.077590049776884,19.397986226104887,18.745952640981134,18.993276596069336,11747677,0.0,0.0
2011-08-18 00:00:00-04:00,18.217577803299097,18.296271228276947,17.711689953266475,17.914045333862305,16518982,0.0,0.0
2011-08-19 00:00:00-04:00,17.632995832133762,18.3412390348006,17.46436655544708,17.498092651367188,13659789,0.0,0.0
2011-08-22 00:00:00-04:00,18.003980888054336,18.093916744901243,17.14397203869415,17.177698135375977,10540292,0.0,0.0
2011-08-23 00:00:00-04:00,17.26201208959184,17.78476239361442,16.93037473527031,17.779142379760742,17883221,0.0,0.0
2011-08-24 00:00:00-04:00,17.75103264554345,18.358097426361304,17.576782190872937,18.324371337890625,12205789,0.0,0.0
2011-08-25 00:00:00-04:00,18.476139415315334,18.886470111897484,17.559920965345707,17.722929000854492,12069691,0.0,0.0
2011-08-26 00:00:00-04:00,17.50933372168724,17.942149342400697,17.09900296665801,17.683584213256836,11140226,0.0,0.0
2011-08-29 00:00:00-04:00,18.037704789658584,18.80777768845873,18.037704789658584,18.72346305847168,8623580,0.0,0.0
2011-08-30 00:00:00-04:00,18.532341949320568,18.700971134786638,18.1838411515254,18.537961959838867,7968220,0.0,0.0
2011-08-31 00:00:00-04:00,18.740327090422323,19.088828071715515,18.5998038981234,18.886472702026367,10073204,0.0,0.0
2011-09-01 00:00:00-04:00,18.83025899210545,18.903332384028754,18.18384690978681,18.19508934020996,10762785,0.0,0.0
2011-09-02 00:00:00-04:00,17.644235333941108,17.790379720460336,17.284493177354225,17.295734405517578,11009513,0.0,0.0
2011-09-06 00:00:00-04:00,16.402003129266824,16.756124145905076,16.210890180558657,16.58187484741211,17490185,0.0,0.0
2011-09-07 00:00:00-04:00,17.031554843212362,17.70607085435251,16.902272858350926,17.64986228942871,10584948,0.0,0.0
2011-09-08 00:00:00-04:00,17.385673106962553,17.543059950463654,16.857301614735867,16.885406494140625,13088803,0.0,0.0
2011-09-09 00:00:00-04:00,16.593112043722297,16.913508087860688,16.357031824332516,16.795467376708984,15813019,0.0,0.0
2011-09-12 00:00:00-04:00,16.418868934967797,17.08214372724033,16.323311846611922,17.03155517578125,14671496,0.0,0.0
2011-09-13 00:00:00-04:00,17.042784541924238,17.34069683161157,16.89664020677513,17.172067642211914,11722095,0.0,0.0
2011-09-14 00:00:00-04:00,17.34632358040207,17.85783256085821,16.913509214565117,17.531816482543945,12595235,0.0,0.0
2011-09-15 00:00:00-04:00,17.756655387818427,18.30751046952901,17.632993453762403,18.27940559387207,13459175,0.0,0.0
2011-09-16 00:00:00-04:00,18.464898938669926,18.790916247111625,18.144504049357444,18.571697235107422,14948855,0.0,0.0
2011-09-19 00:00:00-04:00,18.009603374336145,18.009603374336145,17.166456912417846,17.71169090270996,19626024,0.0,0.0
2011-09-20 00:00:00-04:00,17.82972840588849,18.03770497650979,17.45874378951972,17.464365005493164,9190975,0.0,0.0
2011-09-21 00:00:00-04:00,17.436264006580615,17.61613574025413,16.295206229649196,16.317689895629883,12890995,0.0,0.0
2011-09-22 00:00:00-04:00,15.789312273959107,15.924215420997864,14.833746611640372,15.148521423339844,25041806,0.0,0.0
2011-09-23 00:00:00-04:00,15.126042303189612,15.401469894951259,14.97989668217917,15.075453758239746,18110651,0.0,0.0
2011-09-26 00:00:00-04:00,15.412711081211011,16.08160695076406,15.12041986284328,16.05912208557129,15125794,0.0,0.0
2011-09-27 00:00:00-04:00,16.60435182590027,17.115859487777527,16.255850963406367,16.43010139465332,17111285,0.0,0.0
2011-09-28 00:00:00-04:00,16.52004383242734,16.705536766899055,15.828664247987634,15.845526695251465,8791655,0.0,0.0
2011-09-29 00:00:00-04:00,16.418855764024556,16.812323830938837,15.99728283518783,16.469444274902344,11198906,0.0,0.0
2011-09-30 00:00:00-04:00,16.087224161554325,16.272717049596544,15.733103234340213,15.744345664978027,10304897,0.0,0.0
2011-10-03 00:00:00-04:00,15.744346629205747,15.969185632422851,14.951788902282715,14.951788902282715,13242966,0.0,0.0
2011-10-04 00:00:00-04:00,14.726949454512852,15.508264726524503,14.395312175361278,15.452054977416992,19077142,0.0,0.0
2011-10-05 00:00:00-04:00,15.47454202642169,16.514421328964026,15.283429093028728,16.413244247436523,17596775,0.0,0.0
2011-10-06 00:00:00-04:00,16.306448869783825,17.25077247619629,16.09285103298798,17.25077247619629,20254681,0.0,0.0
2011-10-07 00:00:00-04:00,17.385669294859337,17.4193953833328,16.16591851789221,16.18840217590332,14658593,0.0,0.0
2011-10-10 00:00:00-04:00,16.666187757440632,17.08776092529297,16.660566541286506,17.08776092529297,10476451,0.0,0.0
2011-10-11 00:00:00-04:00,16.958481663582702,17.644241322087563,16.76736869080868,17.188941955566406,12496163,0.0,0.0
2011-10-12 00:00:00-04:00,17.3519416872585,18.155741713365018,17.183312462567923,17.846588134765625,15296899,0.0,0.0
2011-10-13 00:00:00-04:00,18.515487037334296,18.526728265852967,17.166453005307204,17.559921264648438,11447429,0.0,0.0
2011-10-14 00:00:00-04:00,17.90841975420553,18.2681618971144,17.655475890813,18.082670211791992,9769478,0.0,0.0
2011-10-17 00:00:00-04:00,17.970250766916845,17.970250766916845,17.284492568227424,17.335081100463867,8874908,0.0,0.0
2011-10-18 00:00:00-04:00,17.408156201048126,18.43679547539721,16.980963010386503,18.228818893432617,11898137,0.0,0.0
2011-10-19 00:00:00-04:00,18.1669841113774,18.34685457423104,17.593644229293798,17.638612747192383,9140149,0.0,0.0
2011-10-20 00:00:00-04:00,17.71730627078198,18.082669616997713,17.217039775777,18.043323516845703,27366029,0.0,0.0
2011-10-21 00:00:00-04:00,18.414305316100684,18.914571768746807,18.29064460806187,18.835878372192383,29076293,0.0,0.0
2011-10-24 00:00:00-04:00,18.830261135513958,19.673407425816166,18.790915030381427,19.499156951904297,37730728,0.0,0.0
2011-10-25 00:00:00-04:00,19.083207652728152,19.16752229337895,18.39744929718332,18.453659057617188,12547999,0.0,0.0
2011-10-26 00:00:00-04:00,17.846588897128633,18.779669684611324,17.62174871835641,18.656007766723633,25412627,0.0,0.0
2011-10-27 00:00:00-04:00,19.690274840222127,20.421003012497998,19.27994402320763,20.050018310546875,20310668,0.0,0.0
2011-10-28 00:00:00-04:00,20.718909347964228,21.02244057310184,20.302956210097605,20.69642448425293,17920696,0.0,0.0
2011-10-31 00:00:00-04:00,20.100598456582308,20.404129627306048,19.729613909730745,19.76333999633789,14599576,0.0,0.0
2011-11-01 00:00:00-04:00,18.504244017155916,19.105688818464085,18.346855996678787,18.5267276763916,15607020,0.0,0.0
2011-11-02 00:00:00-04:00,18.99888651837395,19.5103954040743,18.931434347742492,19.39797592163086,10965530,0.0,0.0
2011-11-03 00:00:00-04:00,19.58347845799099,19.780212661481247,18.931444857269017,19.645309448242188,13162855,0.0,0.0
2011-11-04 00:00:00-04:00,19.336149933501517,19.645303589647995,19.010133831821662,19.544126510620117,7087001,0.0,0.0
2011-11-07 00:00:00-05:00,19.417781776396016,19.590078029066312,18.987041144720276,19.43501091003418,20234597,0.659537,0.0
2011-11-08 00:00:00-05:00,19.65324439797893,19.72216335852063,19.211017064158142,19.664730072021484,10599422,0.0,0.0
2011-11-09 00:00:00-05:00,18.87217486854919,18.958322985262956,18.343800490148,18.40697479248047,11640189,0.0,0.0
2011-11-10 00:00:00-05:00,18.843459610540883,18.91812205223013,18.33231434267114,18.556299209594727,9328645,0.0,0.0
2011-11-11 00:00:00-05:00,18.786021205838377,19.18804563181721,18.72858914498426,18.99277687072754,7208177,0.0,0.0
2011-11-14 00:00:00-05:00,18.900889901284472,18.900889901284472,18.33231260705567,18.596500396728516,9294872,0.0,0.0
2011-11-15 00:00:00-05:00,18.332312408808907,18.671161400366024,18.205961354092445,18.48163604736328,7744268,0.0,0.0
2011-11-16 00:00:00-05:00,18.228935390771163,18.83197217654675,18.177245540161397,18.36102867126465,11110044,0.0,0.0
2011-11-17 00:00:00-05:00,18.326561390351113,18.378249989917286,17.522512684432854,17.63737678527832,13371098,0.0,0.0
2011-11-18 00:00:00-05:00,17.62588865129087,17.79244132844446,17.264067275782338,17.58568572998047,19900465,0.0,0.0
2011-11-21 00:00:00-05:00,17.206642249174404,17.327249841825594,16.850564153099295,17.172183990478516,10161842,0.0,0.0
2011-11-22 00:00:00-05:00,17.08603809741887,17.43063056156086,16.87353891956917,16.89076805114746,11347908,0.0,0.0
2011-11-23 00:00:00-05:00,16.70124878892218,16.724221382443094,15.983348788763173,16.000577926635742,11571523,0.0,0.0
2011-11-25 00:00:00-05:00,15.920155941521575,16.488734124608886,15.891441150399352,16.029277801513672,4147024,0.0,0.0
2011-11-28 00:00:00-05:00,16.695496991603438,16.982657318680523,16.408335435454585,16.735698699951172,22466479,0.0,0.0
2011-11-29 00:00:00-05:00,16.729953581979405,16.87927718300735,16.49448312047679,16.59786033630371,11707172,0.0,0.0
2011-11-30 00:00:00-05:00,17.321503329202496,18.137039069664706,17.166437505247554,18.079607009887695,17446763,0.0,0.0
2011-12-01 00:00:00-05:00,18.022175506044423,18.119810502305764,17.717786071465362,17.87859535217285,8641195,0.0,0.0
2011-12-02 00:00:00-05:00,18.16575628949663,18.533321250332424,18.119811130294053,18.24041748046875,10844915,0.0,0.0
2011-12-05 00:00:00-05:00,19.03298059311791,19.354599163962003,18.688388213723474,18.90662956237793,15474400,0.0,0.0
2011-12-06 00:00:00-05:00,18.82048463947533,19.06744206136742,18.50460823846027,18.889402389526367,9385979,0.0,0.0
2011-12-07 00:00:00-05:00,18.734325733313515,19.07891797219226,18.37824659484366,18.94108009338379,9424800,0.0,0.0
2011-12-08 00:00:00-05:00,18.676900475229793,18.694129601801276,17.723528022340655,17.780960083007812,11954125,0.0,0.0
2011-12-09 00:00:00-05:00,17.97622969586981,18.389741043910142,17.895825052937447,18.257646560668945,8506892,0.0,0.0
2011-12-12 00:00:00-05:00,18.02792222096912,18.039407897914682,17.574207869357785,17.844139099121094,8157389,0.0,0.0
2011-12-13 00:00:00-05:00,18.04514939849438,18.2863645661872,17.310019448784853,17.516775131225586,10608398,0.0,0.0
2011-12-14 00:00:00-05:00,17.413398522137726,17.930287168519044,17.28130524858015,17.534006118774414,9456104,0.0,0.0
2011-12-15 00:00:00-05:00,17.907309143266783,17.98771377356426,17.407649778657802,17.43636703491211,9434674,0.0,0.0
2011-12-16 00:00:00-05:00,17.545490785374277,17.735016106562213,17.258330462924828,17.36170768737793,11442829,0.0,0.0
2011-12-19 00:00:00-05:00,17.378936665828792,17.453597852115507,16.61508953125162,16.672521591186523,10913470,0.0,0.0
2011-12-20 00:00:00-05:00,17.063062993392926,17.511032639018158,17.063062993392926,17.32724952697754,12537452,0.0,0.0
2011-12-21 00:00:00-05:00,17.344482191476104,17.48806115369354,17.183672868860732,17.465089797973633,8383247,0.0,0.0
2011-12-22 00:00:00-05:00,17.551233227368282,17.89008091346807,17.48231426231877,17.821163177490234,7275721,0.0,0.0
2011-12-23 00:00:00-05:00,17.867113539880762,17.913058707423577,17.69481608891533,17.861370086669922,5478389,0.0,0.0
2011-12-27 00:00:00-05:00,18.14852862669995,18.257648081344378,17.90156999610861,17.918800354003906,7051994,0.0,0.0
2011-12-28 00:00:00-05:00,17.861365882962577,18.05089119081148,17.63163764117159,17.706298828125,7362452,0.0,0.0
2011-12-29 00:00:00-05:00,17.83838563135761,18.10257325979303,17.746495351094172,18.045141220092773,6422440,0.0,0.0
2011-12-30 00:00:00-05:00,17.9762282188026,18.016431151501255,17.83839152380547,17.907310485839844,5161200,0.0,0.0
2012-01-03 00:00:00-05:00,18.41845516930643,18.676899427814885,18.372508785906415,18.401226043701172,10865224,0.0,0.0
2012-01-04 00:00:00-05:00,18.30359066021979,18.596494392702255,18.004943476302067,18.498859405517578,8738809,0.0,0.0
2012-01-05 00:00:00-05:00,18.395482089015307,19.130611912593384,18.17149608784352,18.946828842163086,11604285,0.0,0.0
2012-01-06 00:00:00-05:00,19.021490705134443,19.233989797390453,18.75730300989148,18.895139694213867,9559328,0.0,0.0
2012-01-09 00:00:00-05:00,19.21101886689716,19.256964025522002,18.86068303789968,19.101898193359375,8924612,0.0,0.0
2012-01-10 00:00:00-05:00,19.480951899108433,20.00358396606323,19.40054724936273,19.8427734375,12988945,0.0,0.0
2012-01-11 00:00:00-05:00,19.756626106495247,20.583647675874786,19.63601851263176,20.554931640625,15628899,0.0,0.0
2012-01-12 00:00:00-05:00,20.652570777249583,20.905270463035738,20.353923459371185,20.63534164428711,12545194,0.0,0.0
2012-01-13 00:00:00-05:00,20.19884630664227,20.279250930729944,19.457971879288497,20.23904800415039,12300037,0.0,0.0
2012-01-17 00:00:00-05:00,20.45729912962884,20.66405484209145,19.814059408427827,19.90020751953125,12076198,0.0,0.0
2012-01-18 00:00:00-05:00,19.905944990346786,20.49175246142401,19.756621396829885,20.451549530029297,8818696,0.0,0.0
2012-01-19 00:00:00-05:00,20.836348474520502,20.933981021787716,20.47452571541439,20.572160720825195,10609969,0.0,0.0
2012-01-20 00:00:00-05:00,20.50323781798589,20.951208591602725,20.371144580999136,20.876544952392578,9235294,0.0,0.0
2012-01-23 00:00:00-05:00,20.847833410931667,21.433640999008603,20.830604282076628,21.112022399902344,9518711,0.0,0.0
2012-01-24 00:00:00-05:00,20.8248612784208,21.267088679234107,20.5779026566279,21.198169708251953,9731218,0.0,0.0
2012-01-25 00:00:00-05:00,21.031615396891258,21.215398497190137,20.16439219548628,20.646820068359375,16408689,0.0,0.0
2012-01-26 00:00:00-05:00,20.70999486798806,20.744453120616818,19.42925919677923,19.814054489135742,30972586,0.0,0.0
2012-01-27 00:00:00-05:00,19.71068124744163,20.508985564881396,19.676221758793034,20.399866104125977,15756022,0.0,0.0
2012-01-30 00:00:00-05:00,20.193112234506476,20.658311071743245,20.026558229096565,20.508987426757812,14104213,0.0,0.0
2012-01-31 00:00:00-05:00,20.67553379425502,20.859316874049757,20.23330767892335,20.290740966796875,8435533,0.0,0.0
2012-02-01 00:00:00-05:00,20.46878379460578,20.962698623911976,20.34243274627468,20.744457244873047,9271984,0.0,0.0
2012-02-02 00:00:00-05:00,20.9339788742974,20.9339788742974,20.687021503458226,20.893775939941406,5068859,0.0,0.0
2012-02-03 00:00:00-05:00,21.26134444958056,21.80120686591309,21.255602226103164,21.611679077148438,10654400,0.0,0.0
2012-02-06 00:00:00-05:00,21.525530093943186,21.66911024003349,21.393434393025522,21.64039421081543,7176873,0.0,0.0
2012-02-07 00:00:00-05:00,21.47958407617576,21.761002166673688,21.336003919420374,21.651880264282227,5323890,0.0,0.0
2012-02-08 00:00:00-05:00,21.686338260685172,21.950524732769697,21.47958138596662,21.646135330200195,8055623,0.0,0.0
2012-02-09 00:00:00-05:00,21.74951765884796,21.812691951523455,21.198170779417705,21.3934383392334,9990625,0.0,0.0
2012-02-10 00:00:00-05:00,21.106277775717604,21.20965746541693,20.870807278388376,21.186683654785156,6996007,0.0,0.0
2012-02-13 00:00:00-05:00,21.473840258093386,21.73802674364225,21.31877320868721,21.64039421081543,8102299,0.0,0.0
2012-02-14 00:00:00-05:00,21.46810215026847,21.479586597642317,21.054590758642593,21.43364143371582,10883176,0.0,0.0
2012-02-15 00:00:00-05:00,21.74377436602962,22.105595891498417,21.651881585213957,21.761003494262695,15243941,0.0,0.0
2012-02-16 00:00:00-05:00,21.657624223261006,22.20897102355957,21.439382883898798,22.20897102355957,10735633,0.0,0.0
2012-02-17 00:00:00-05:00,22.145796168277855,22.364037502006365,22.111335457809187,22.318092346191406,8499038,0.0,0.0
2012-02-21 00:00:00-05:00,22.35255627887718,22.51911027644325,22.168773150770047,22.243436813354492,7276058,0.0,0.0
2012-02-22 00:00:00-05:00,22.16876905669903,22.289377864500562,21.692083422995143,21.76674461364746,7765474,0.0,0.0
2012-02-23 00:00:00-05:00,21.881613129294028,21.996477278919887,21.669116419001337,21.94478988647461,9510633,0.0,0.0
2012-02-24 00:00:00-05:00,21.984987016303613,21.9964739211415,21.640397078171887,21.686342239379883,6419747,0.0,0.0
2012-02-27 00:00:00-05:00,21.48532924365577,21.979244010816778,21.31877527479218,21.8643798828125,8161091,0.0,0.0
2012-02-28 00:00:00-05:00,21.910322514711503,22.117079396152874,21.79545839995847,21.9907283782959,8865820,0.0,0.0
2012-02-29 00:00:00-05:00,21.990732310138952,22.387012102004032,21.990732310138952,22.14005470275879,8947277,0.0,0.0
2012-03-01 00:00:00-05:00,22.295127055139726,22.519113155239193,22.180262892656764,22.381275177001953,7368735,0.0,0.0
2012-03-02 00:00:00-05:00,22.37552973441911,22.415730218991747,22.05965333301561,22.088369369506836,4921653,0.0,0.0
2012-03-05 00:00:00-05:00,22.1515389627725,22.478902200887475,21.88160778544459,22.20897102355957,6176386,0.0,0.0
2012-03-06 00:00:00-05:00,21.801208888738543,21.829924925077165,21.3991843799978,21.485332489013672,8107011,0.0,0.0
2012-03-07 00:00:00-05:00,21.594449519008002,21.8643807218047,21.554249039178686,21.761003494262695,4694111,0.0,0.0
2012-03-08 00:00:00-05:00,21.939042133823584,22.122825239134013,21.680597833333675,21.87586784362793,6238657,0.0,0.0
2012-03-09 00:00:00-05:00,21.916063477888134,22.231939739879408,21.870118331408868,22.065385818481445,4550495,0.0,0.0
2012-03-12 00:00:00-04:00,22.05390306504092,22.05390306504092,21.496811606581897,21.64039421081543,10004425,0.0,0.0
2012-03-13 00:00:00-04:00,21.89884307710389,22.71437906150201,21.835668775710356,22.662689208984375,13728119,0.0,0.0
2012-03-14 00:00:00-04:00,22.048159149480377,22.111333425651964,21.249852615259194,21.341745376586914,36553862,0.0,0.0
2012-03-15 00:00:00-04:00,21.4968123550098,22.08261986308222,21.433638071787897,22.059648513793945,15899189,0.0,0.0
2012-03-16 00:00:00-04:00,22.17451076246581,22.501871512795283,21.956269442865125,22.042417526245117,11959398,0.0,0.0
2012-03-19 00:00:00-04:00,22.122825989225916,22.59376944438173,22.08262304949121,22.27789306640625,10294574,0.0,0.0
2012-03-20 00:00:00-04:00,22.025188891673913,22.358296825185807,21.77823151121851,22.25491714477539,9753209,0.0,0.0
2012-03-21 00:00:00-04:00,22.352556732267622,22.536339864102544,22.168773600432704,22.186002731323242,9674108,0.0,0.0
2012-03-22 00:00:00-04:00,21.887350760975547,21.927551233879466,21.18667918234001,21.330259323120117,13175197,0.0,0.0
2012-03-23 00:00:00-04:00,21.376208833921357,21.657626950472594,21.26134469788308,21.61742401123047,11063144,0.0,0.0
2012-03-26 00:00:00-04:00,21.910329266153074,22.191747417271376,21.80695202264935,22.002222061157227,8942116,0.0,0.0
2012-03-27 00:00:00-04:00,22.076879796863157,22.134311862909037,21.686342239379883,21.686342239379883,10782308,0.0,0.0
2012-03-28 00:00:00-04:00,21.61742015103297,21.755258072922803,21.450866200261355,21.6346492767334,8114416,0.0,0.0
2012-03-29 00:00:00-04:00,21.422149629962128,21.456610338635237,20.979924762873917,21.330259323120117,9838594,0.0,0.0
2012-03-30 00:00:00-04:00,21.537018617885284,21.571479334359207,21.255602953138567,21.450870513916016,9399218,0.0,0.0
2012-04-02 00:00:00-04:00,21.491073189395244,21.99073267789228,21.43364112078969,21.82417869567871,7498887,0.0,0.0
2012-04-03 00:00:00-04:00,21.73802674364225,21.875864667146235,21.295799402055472,21.64039421081543,10321502,0.0,0.0
2012-04-04 00:00:00-04:00,21.226886438781122,21.35323748004274,21.146480560302734,21.146480560302734,7325089,0.0,0.0
2012-04-05 00:00:00-04:00,21.002892514329044,21.163701752839852,20.83059637489403,20.93971824645996,6504458,0.0,0.0
2012-04-09 00:00:00-04:00,20.491754438108867,20.606617333734615,20.307971346964273,20.526212692260742,7295917,0.0,0.0
2012-04-10 00:00:00-04:00,20.514729743808097,20.543445780519477,19.969126275363784,20.020814895629883,9102449,0.0,0.0
2012-04-11 00:00:00-04:00,20.33668612220975,20.46303591413096,20.216078552911426,20.290740966796875,7251598,0.0,0.0
2012-04-12 00:00:00-04:00,20.371149380915263,20.928239717157137,20.336689893429657,20.870807647705078,6129262,0.0,0.0
2012-04-13 00:00:00-04:00,20.761688854618566,20.89952682528898,20.36540899069325,20.468786239624023,7499448,0.0,0.0
2012-04-16 00:00:00-04:00,20.54918594972345,20.669793530451418,20.17013530896661,20.382633209228516,6391361,0.0,0.0
2012-04-17 00:00:00-04:00,20.47452375204607,20.899520760764116,20.47452375204607,20.84208869934082,6693067,0.0,0.0
2012-04-18 00:00:00-04:00,20.641083148192035,20.81912161282541,20.497502948279912,20.560678482055664,9180765,0.0,0.0
2012-04-19 00:00:00-04:00,20.60087804399673,20.658308885451,20.10121853879054,20.319459915161133,9461265,0.0,0.0
2012-04-20 00:00:00-04:00,20.531964107725063,20.606625326107412,20.020818800385747,20.078250885009766,10476226,0.0,0.0
2012-04-23 00:00:00-04:00,19.773856059660474,20.38837846396314,19.69919363209872,20.32520294189453,14743304,0.0,0.0
2012-04-24 00:00:00-04:00,20.417095134821636,20.738714978861086,20.2907453158192,20.434324264526367,7021027,0.0,0.0
2012-04-25 00:00:00-04:00,20.629588185707345,20.81337126146523,20.38837428148066,20.65830421447754,6738508,0.0,0.0
2012-04-26 00:00:00-04:00,20.629596276921877,20.945472717285156,20.56067851828586,20.945472717285156,7199874,0.0,0.0
2012-04-27 00:00:00-04:00,20.90526404317082,20.96269610750489,20.39986359773145,20.85357666015625,13842787,0.0,0.0
2012-04-30 00:00:00-04:00,20.807634147554108,20.807634147554108,20.554932049076964,20.69277000427246,6592535,0.0,0.0
2012-05-01 00:00:00-04:00,20.61236322331522,20.939726509044227,20.549187701446414,20.721485137939453,11540219,0.0,0.0
2012-05-02 00:00:00-04:00,20.595133301783093,20.61810588274099,20.19310883326861,20.572160720825195,7704886,0.0,0.0
2012-05-03 00:00:00-04:00,20.53769998560376,20.600875501199038,20.026553637755168,20.19310760498047,10587529,0.0,0.0
2012-05-04 00:00:00-04:00,20.135673434556047,20.158646011712747,19.41777271671165,19.664730072021484,11347459,0.0,0.0
2012-05-07 00:00:00-04:00,19.917435863677444,20.066758257888676,19.584329130342645,19.8427734375,10142543,0.0,0.0
2012-05-08 00:00:00-04:00,19.658986853544597,20.00358043126706,19.526893611523747,19.77959442138672,7962049,0.0,0.0
2012-05-09 00:00:00-04:00,19.475205949951633,19.61304265028531,19.18230219357278,19.48094940185547,7992006,0.0,0.0
2012-05-10 00:00:00-04:00,19.7681090244297,20.124187052252815,19.710676965515816,19.877229690551758,9085844,0.0,0.0
2012-05-11 00:00:00-04:00,19.58432876847422,20.06101443457223,19.42351947195416,19.92317771911621,10736194,0.0,0.0
2012-05-14 00:00:00-04:00,19.75087813146596,19.859998794616494,19.544122479191923,19.572839736938477,7486433,0.0,0.0
2012-05-15 00:00:00-04:00,19.5268961314871,19.5670990689799,18.981291509045814,19.073183059692383,10982921,0.0,0.0
2012-05-16 00:00:00-04:00,19.211023075072827,19.216766528426966,18.148530909292774,18.165760040283203,16013969,0.0,0.0
2012-05-17 00:00:00-04:00,18.194470468803964,18.22892994923328,17.648865920733158,17.717784881591797,17494336,0.0,0.0
2012-05-18 00:00:00-04:00,17.75224997966955,17.953262245200126,17.109010238342915,17.3502254486084,16369307,0.0,0.0
2012-05-21 00:00:00-04:00,17.453601498357372,17.872855131840005,17.304277865517015,17.752248764038086,12338746,0.0,0.0
2012-05-22 00:00:00-04:00,17.844139099121094,18.211704113745245,17.69481546625356,17.844139099121094,10824944,0.0,0.0
2012-05-23 00:00:00-04:00,17.625894256649485,17.84413559555602,17.154950867550134,17.780960083007812,16854796,0.0,0.0
2012-05-24 00:00:00-04:00,17.8728562721364,17.93603180110778,17.189414818343394,17.60292625427246,14529227,0.0,0.0
2012-05-25 00:00:00-04:00,17.568465400192387,17.671842636618976,17.367453151195885,17.41914176940918,7821574,0.0,0.0
2012-05-29 00:00:00-04:00,17.579949008596852,17.832651075146707,17.45359920439367,17.614408493041992,9454196,0.0,0.0
2012-05-30 00:00:00-04:00,17.344478753347147,17.419139946389055,16.953939973011668,17.00562858581543,12510188,0.0,0.0
2012-05-31 00:00:00-04:00,16.959679811552814,17.08028736844358,16.597858369952004,16.775897979736328,27680638,0.0,0.0
2012-06-01 00:00:00-04:00,16.39110304879468,16.50596715678974,15.977592997455375,15.983336448669434,16881612,0.0,0.0
2012-06-04 00:00:00-04:00,16.05799901232793,16.276240344714445,15.90867541324007,15.977594375610352,12854978,0.0,0.0
2012-06-05 00:00:00-04:00,15.851250831625181,16.408341328800574,15.851250831625181,16.304964065551758,13383440,0.0,0.0
2012-06-06 00:00:00-04:00,16.528942415124284,16.965426342158583,16.391105708974433,16.95393943786621,12633720,0.0,0.0
2012-06-07 00:00:00-04:00,17.241099754458286,17.52826007105036,16.89076392240161,16.95393943786621,12874277,0.0,0.0
2012-06-08 00:00:00-04:00,16.91948457708806,17.08603858947754,16.655297996895207,17.08603858947754,8986996,0.0,0.0
2012-06-11 00:00:00-04:00,17.367458657181707,17.39043124710705,16.919487622812333,16.936717987060547,12125903,0.0,0.0
2012-06-12 00:00:00-04:00,16.770157572690316,17.063061341428575,16.770157572690316,16.95393943786621,10819334,0.0,0.0
2012-06-13 00:00:00-04:00,16.833332865502463,17.137722305435254,16.72995441545366,16.839075088500977,9994327,0.0,0.0
2012-06-14 00:00:00-04:00,16.856310073284124,16.930971283483057,16.626581759967976,16.752931594848633,13002297,0.0,0.0
2012-06-15 00:00:00-04:00,16.9367046515212,17.218121421938683,16.787381090971728,17.206634521484375,11443054,0.0,0.0
2012-06-18 00:00:00-04:00,17.10900831902627,17.126237448224447,16.76441590248794,16.896509170532227,10130987,0.0,0.0
2012-06-19 00:00:00-04:00,17.05731800886108,17.87285257625677,17.05157455667463,17.735015869140625,14510153,0.0,0.0
2012-06-20 00:00:00-04:00,17.769474340431852,17.913054491551218,17.551233002359076,17.706298828125,10765141,0.0,0.0
2012-06-21 00:00:00-04:00,17.780962286061957,17.861368164215563,17.0343466339552,17.06306266784668,12428057,0.0,0.0
2012-06-22 00:00:00-04:00,17.22386885351657,17.41339415132287,17.137720767409782,17.246841430664062,8215508,0.0,0.0
2012-06-25 00:00:00-04:00,16.988395239094828,16.988395239094828,16.655289835684012,16.741437911987305,9840389,0.0,0.0
2012-06-26 00:00:00-04:00,16.816103671738468,17.03434626199126,16.632321796289144,16.907995223999023,9381827,0.0,0.0
2012-06-27 00:00:00-04:00,16.988403563530056,17.172186707994005,16.798878194422652,17.08603858947754,5479287,0.0,0.0
2012-06-28 00:00:00-04:00,16.913745397135205,16.95394712223648,16.59786890571302,16.936717987060547,8352280,0.0,0.0
2012-06-29 00:00:00-04:00,17.41339423838302,17.72927055568717,17.35021995817947,17.717784881591797,10168237,0.0,0.0
2012-07-02 00:00:00-04:00,17.981968050475135,17.981968050475135,17.384675006349507,17.608659744262695,5648372,0.0,0.0
2012-07-03 00:00:00-04:00,17.602922894683797,18.085351991812857,17.465086185371458,17.924541473388672,4482727,0.0,0.0
2012-07-05 00:00:00-04:00,17.84413675058059,17.88433968727854,17.522516944212203,17.614408493041992,5521138,0.0,0.0
2012-07-06 00:00:00-04:00,17.32150591868903,17.568464550092358,17.21812868726464,17.522518157958984,5652636,0.0,0.0
2012-07-09 00:00:00-04:00,17.447855784112765,17.47657181635771,17.229614430679884,17.36170768737793,6866864,0.0,0.0
2012-07-10 00:00:00-04:00,17.505290148230927,17.677586364334736,17.183671528094667,17.28130531311035,7493277,0.0,0.0
2012-07-11 00:00:00-04:00,17.310015130667153,17.660350890037787,17.304271679712592,17.574201583862305,8134163,0.0,0.0
2012-07-12 00:00:00-04:00,17.36171168955792,17.36171168955792,17.074551300912955,17.16644287109375,9198605,0.0,0.0
2012-07-13 00:00:00-04:00,17.206641828558723,17.769476837481843,17.206641828558723,17.740760803222656,5963879,0.0,0.0
2012-07-16 00:00:00-04:00,17.71203842350696,17.71203842350696,17.350217013094912,17.453594207763672,6246174,0.0,0.0
2012-07-17 00:00:00-04:00,17.545492908198167,17.735018252316717,17.241102192130562,17.712045669555664,6247520,0.0,0.0
2012-07-18 00:00:00-04:00,17.562718744101282,17.901567656223175,17.493799779672027,17.780960083007812,6923638,0.0,0.0
2012-07-19 00:00:00-04:00,17.80393664646134,17.924543009274092,17.597180950240855,17.67758560180664,6440168,0.0,0.0
2012-07-20 00:00:00-04:00,17.465087310755393,17.465087310755393,16.91948143248373,16.959684371948242,12759047,0.0,0.0
2012-07-23 00:00:00-04:00,16.632317261150757,16.82184253738942,16.373873032240883,16.741437911987305,8876254,0.0,0.0
2012-07-24 00:00:00-04:00,16.770153262909183,16.798869287188626,16.270493948818313,16.471506118774414,12331004,0.0,0.0
2012-07-25 00:00:00-04:00,16.580628464716867,16.7184651393546,16.345156813130384,16.44853401184082,7969117,0.0,0.0
2012-07-26 00:00:00-04:00,16.770154606011467,16.930963863226815,16.57488587108669,16.85055923461914,8231665,0.0,0.0
2012-07-27 00:00:00-04:00,16.896505677489003,17.591433819658665,16.787385013958268,17.48231315612793,10611764,0.0,0.0
2012-07-30 00:00:00-04:00,17.35596759176105,17.63738451637323,17.298535516163792,17.60292625427246,7620400,0.0,0.0
2012-07-31 00:00:00-04:00,17.562721886098124,17.798193622774043,17.488059456430605,17.671842575073242,8150432,0.0,0.0
2012-08-01 00:00:00-04:00,17.700552981676378,17.80393141393994,17.269813815661756,17.4765682220459,12491899,0.0,0.0
2012-08-02 00:00:00-04:00,17.41339727723999,18.665415861782616,17.4076538246542,18.20595932006836,19701647,0.0,0.0
2012-08-03 00:00:00-04:00,18.53906431485666,19.233992514963262,18.516091735735717,19.061695098876953,14902292,0.0,0.0
2012-08-06 00:00:00-04:00,19.032977319156174,19.492432516910416,19.032977319156174,19.211015701293945,9097737,0.0,0.0
2012-08-07 00:00:00-04:00,19.32013537580137,19.76810484908254,19.205271282234776,19.70492935180664,12455546,0.0,0.0
2012-08-08 00:00:00-04:00,19.53837909379311,19.842768488001855,19.480947039861537,19.756620407104492,7760537,0.0,0.0
2012-08-09 00:00:00-04:00,19.7279112973244,20.083990648180666,19.653250092663548,19.90020751953125,8154472,0.0,0.0
2012-08-10 00:00:00-04:00,19.854254264947564,20.14141328925587,19.78533531250784,20.083982467651367,6412903,0.0,0.0
2012-08-13 00:00:00-04:00,19.974860588109898,20.124184165681662,19.79682221427161,20.083982467651367,6325499,0.0,0.0
2012-08-14 00:00:00-04:00,20.22182063641179,20.244793212563916,20.009321541593643,20.0897274017334,7782416,0.0,0.0
2012-08-15 00:00:00-04:00,19.95763731261121,20.09547402880873,19.814057143848835,19.980609893798828,8214050,0.0,0.0
2012-08-16 00:00:00-04:00,20.003580074786992,20.129929862931018,19.81979700048639,19.85999870300293,10508315,0.0,0.0
2012-08-17 00:00:00-04:00,19.91743560280083,19.986353346363686,19.74513817121417,19.980609893798828,8292926,0.0,0.0
2012-08-20 00:00:00-04:00,19.96912253539228,20.09547233581543,19.860000633068672,20.09547233581543,7147477,0.0,0.0
2012-08-21 00:00:00-04:00,20.129930464708575,20.61810296452474,20.129930464708575,20.290740966796875,12376782,0.0,0.0
2012-08-22 00:00:00-04:00,20.284999245219364,20.38263301606685,19.85425876746704,20.01506805419922,9323932,0.0,0.0
2012-08-23 00:00:00-04:00,19.969122446814836,20.00358193007619,19.745136420151887,19.78533935546875,8937964,0.0,0.0
2012-08-24 00:00:00-04:00,19.687709582919307,20.015071667669147,19.641763186220977,19.90020751953125,6087635,0.0,0.0
2012-08-27 00:00:00-04:00,19.92317311769176,19.96911949827993,19.693444901965456,19.756620407104492,6633713,0.0,0.0
2012-08-28 00:00:00-04:00,19.670479874793166,19.854263009529962,19.59007521424781,19.68196678161621,6680500,0.0,0.0
2012-08-29 00:00:00-04:00,19.733654194170963,19.808315396726805,19.51541281049088,19.63027572631836,7148038,0.0,0.0
2012-08-30 00:00:00-04:00,19.498171068118243,19.601549475617674,19.29141548219058,19.52114486694336,6443197,0.0,0.0
2012-08-31 00:00:00-04:00,19.681961416582247,19.911689657846466,19.509665235634085,19.6015567779541,6605551,0.0,0.0
2012-09-04 00:00:00-04:00,19.60729825127749,19.693446338458727,19.400543825299806,19.526893615722656,6653236,0.0,0.0
2012-09-05 00:00:00-04:00,19.578585619994918,19.63601768808283,19.4637214838191,19.53264045715332,7614004,0.0,0.0
2012-09-06 00:00:00-04:00,19.676226292641648,20.221831096569808,19.63027988749913,20.078250885009766,11254445,0.0,0.0
2012-09-07 00:00:00-04:00,20.221827932324278,20.560676932769557,20.170139310065164,20.26202964782715,9726955,0.0,0.0
2012-09-10 00:00:00-04:00,20.29648181617409,20.348170419784264,20.061010145203813,20.0897274017334,8767532,0.0,0.0
2012-09-11 00:00:00-04:00,20.187366270012877,20.405608871405956,20.1012181658221,20.307973861694336,5013433,0.0,0.0
2012-09-12 00:00:00-04:00,20.46878245695702,20.675536916609982,19.693449546042988,19.88871955871582,19195400,0.0,0.0
2012-09-13 00:00:00-04:00,19.8887203490205,20.434323782642544,19.475208955139536,20.365406036376953,18635298,0.0,0.0
2012-09-14 00:00:00-04:00,20.497498005418326,20.974183662547556,20.480268877212414,20.819116592407227,14024776,0.0,0.0
2012-09-17 00:00:00-04:00,20.675535343334136,20.962695658858642,20.526212962518763,20.62384796142578,9400789,0.0,0.0
2012-09-18 00:00:00-04:00,20.46878101785041,20.46878101785041,20.106959509824645,20.19310760498047,9646283,0.0,0.0
2012-09-19 00:00:00-04:00,20.273519726916987,20.365411308129847,20.07250743073293,20.078250885009766,7945780,0.0,0.0
2012-09-20 00:00:00-04:00,19.888720940615467,19.99209817762476,19.733653856029633,19.928922653198242,11901727,0.0,0.0
2012-09-21 00:00:00-04:00,20.0322956520632,20.11844374103561,19.808310866549274,20.026552200317383,17452822,0.0,0.0
2012-09-24 00:00:00-04:00,20.497502944295775,20.497502944295775,20.04378975847607,20.342435836791992,10862419,0.0,0.0
2012-09-25 00:00:00-04:00,20.46303803077111,20.56641648475069,19.934663772583008,19.934663772583008,17590043,0.0,0.0
2012-09-26 00:00:00-04:00,19.82553295252178,19.871479321100814,19.348847521110976,19.52114486694336,10788479,0.0,0.0
2012-09-27 00:00:00-04:00,19.7336502746757,19.88297387920066,19.578583218232147,19.808311462402344,10769854,0.0,0.0
2012-09-28 00:00:00-04:00,19.66473135598311,19.928919083213675,19.613042746737747,19.79108238220215,13125156,0.0,0.0
2012-10-01 00:00:00-04:00,19.957636976685578,20.118446271363982,19.618788029924215,19.71642303466797,9080907,0.0,0.0
2012-10-02 00:00:00-04:00,19.819800262808116,19.957636976685578,19.555612510917776,19.71642303466797,12816494,0.0,0.0
2012-10-03 00:00:00-04:00,19.67621612548828,19.773851110527737,19.457973579244655,19.67621612548828,8760352,0.0,0.0
2012-10-04 00:00:00-04:00,19.756628986500292,20.18162612433637,19.67622432189434,20.112707138061523,9156642,0.0,0.0
2012-10-05 00:00:00-04:00,20.227565859785418,20.641077208162056,20.0380405420713,20.19310760498047,15698239,0.0,0.0
2012-10-08 00:00:00-04:00,20.101217436127556,20.256284509670603,19.969124172792224,20.23331069946289,5659368,0.0,0.0
2012-10-09 00:00:00-04:00,20.267771187316036,20.353919292636906,20.061015488731577,20.170137405395508,7857703,0.0,0.0
2012-10-10 00:00:00-04:00,20.193108543760527,20.273513190496306,19.871488727745636,19.911691665649414,8617970,0.0,0.0
2012-10-11 00:00:00-04:00,20.158650235282618,20.51472832849472,19.997840932421905,20.307973861694336,13551628,0.0,0.0
2012-10-12 00:00:00-04:00,20.233312452023025,20.313717107499063,19.888721246993125,20.101219177246094,8042720,0.0,0.0
2012-10-15 00:00:00-04:00,20.227562220120106,20.244792573493942,19.951888856853706,20.07249641418457,8467285,0.0,0.0
2012-10-16 00:00:00-04:00,20.22756321212825,20.962693036272174,20.18161805902109,20.876544952392578,15913214,0.0,0.0
2012-10-17 00:00:00-04:00,20.939726212947917,21.358979820115668,20.905265497064754,21.29580307006836,13935016,0.0,0.0
2012-10-18 00:00:00-04:00,21.22688595754782,21.485330257755926,21.19242524263392,21.313034057617188,11913733,0.0,0.0
2012-10-19 00:00:00-04:00,21.249862954862138,21.249862954862138,20.46304416930179,20.63534164428711,14426564,0.0,0.0
2012-10-22 00:00:00-04:00,20.600867984339743,20.796136682962146,20.43431407788675,20.75593376159668,6372848,0.0,0.0
2012-10-23 00:00:00-04:00,20.365400773702014,20.422832828618105,20.06675359650973,20.0897274017334,9775986,0.0,0.0
2012-10-24 00:00:00-04:00,20.22756269277365,20.37688628014529,20.0265505022157,20.049524307250977,7056931,0.0,0.0
2012-10-25 00:00:00-04:00,20.30223303568378,20.531961343248636,20.227570598282,20.474529266357422,30992894,0.0,0.0
2012-10-26 00:00:00-04:00,20.41709231128216,20.526212985489245,20.05527080494506,20.22756576538086,30643279,0.0,0.0
2012-10-31 00:00:00-04:00,20.445808725711903,20.68128043492903,20.106959792483227,20.382633209228516,7182707,0.0,0.0
2012-11-01 00:00:00-04:00,20.348174149773186,20.440065700297723,19.93466401602043,20.376890182495117,16951625,0.0,0.0
2012-11-02 00:00:00-04:00,20.491757691004103,20.531959403586875,19.928922653198242,19.928922653198242,19662489,0.0,0.0
2012-11-05 00:00:00-05:00,19.848516523390142,20.026554948440275,19.601559126076097,19.92317771911621,8589471,0.0,0.0
2012-11-06 00:00:00-05:00,19.96338239992805,20.267771891001264,19.837031349441858,20.11844825744629,10636672,0.0,0.0
2012-11-07 00:00:00-05:00,19.78402397567445,19.883764772071792,19.11516912843618,19.121036529541016,18624302,0.659537,0.0
2012-11-08 00:00:00-05:00,19.132766247443993,19.431991087949736,18.76900251889255,18.774869918823242,11233127,0.0,0.0
2012-11-09 00:00:00-05:00,18.657528051199893,19.126899984009455,18.59299041491541,18.786605834960938,10379622,0.0,0.0
2012-11-12 00:00:00-05:00,18.827673677989857,18.880477761729967,18.610588687996696,18.798337936401367,20983644,0.0,0.0
2012-11-13 00:00:00-05:00,18.55779143733193,18.962624569195576,18.440448427771663,18.463916778564453,8057419,0.0,0.0
2012-11-14 00:00:00-05:00,18.510848432643822,18.6281914022478,18.088413239831148,18.135351181030273,11175569,0.0,0.0
2012-11-15 00:00:00-05:00,18.012140839843408,18.540184203882635,17.92413361250354,18.387638092041016,13131327,0.0,0.0
2012-11-16 00:00:00-05:00,18.39349994074951,18.534312476087063,18.20575198629211,18.51671028137207,8760239,0.0,0.0
2012-11-19 00:00:00-05:00,18.75727008916034,18.833543781599516,18.645794506237277,18.786605834960938,8346109,0.0,0.0
2012-11-20 00:00:00-05:00,18.692731452480096,19.003691115569392,18.510850830510115,18.99782371520996,12023015,0.0,0.0
2012-11-21 00:00:00-05:00,19.068228815697346,19.267711639404297,18.90394913866716,19.267711639404297,12936436,0.0,0.0
2012-11-23 00:00:00-05:00,19.361589141254488,19.49653434753418,19.320519843722945,19.49653434753418,3668379,0.0,0.0
2012-11-26 00:00:00-05:00,19.297044111380327,19.46132501613139,19.209038143015338,19.437856674194336,9562133,0.0,0.0
2012-11-27 00:00:00-05:00,19.34398008166774,19.43785469545553,19.12102897256799,19.138629913330078,7578886,0.0,0.0
2012-11-28 00:00:00-05:00,18.991961217483066,19.33225545902182,18.903953956161352,19.32638931274414,7879133,0.0,0.0
2012-11-29 00:00:00-05:00,19.46719381128856,19.63734087202634,19.39678752483351,19.56693458557129,10381978,0.0,0.0
2012-11-30 00:00:00-05:00,19.53173526541457,19.70188234851843,19.443728023575048,19.47306251525879,7875655,0.0,0.0
2012-12-03 00:00:00-05:00,19.56693340040931,19.784018390833676,19.537597658762554,19.584535598754883,9991747,0.0,0.0
2012-12-04 00:00:00-05:00,19.566934516141036,19.684277489419124,19.484794685965564,19.549333572387695,7481272,0.0,0.0
2012-12-05 00:00:00-05:00,19.537598772821514,19.701879688768393,19.408522255573182,19.549333572387695,19726106,0.0,0.0
2012-12-06 00:00:00-05:00,19.361584758236503,19.40265530206686,19.191437694188945,19.308780670166016,11878277,0.0,0.0
2012-12-07 00:00:00-05:00,19.42025704232285,19.543467423268748,19.209040681382465,19.297046661376953,9346260,0.0,0.0
2012-12-10 00:00:00-05:00,19.214905390356186,19.40852204754735,19.097562418335816,19.40265464782715,7660231,0.0,0.0
2012-12-11 00:00:00-05:00,19.525865159438922,19.543466103129692,19.314647557170037,19.48479461669922,8411297,0.0,0.0
2012-12-12 00:00:00-05:00,19.531732511762417,19.948299059930267,19.525865112014433,19.719480514526367,18806627,0.0,0.0
2012-12-13 00:00:00-05:00,19.719477849266656,20.14191299568261,19.19143454404459,19.2618408203125,26870217,0.0,0.0
2012-12-14 00:00:00-05:00,19.209041278467172,19.24424442491681,18.651660846806003,18.680997848510742,19420586,0.0,0.0
2012-12-17 00:00:00-05:00,18.769005143699154,18.845278842272965,18.680999154815147,18.7924747467041,18055897,0.0,0.0
2012-12-18 00:00:00-05:00,18.792469983389395,19.49066036150948,18.751399444136997,19.443723678588867,26753080,0.0,0.0
2012-12-19 00:00:00-05:00,19.519997363713912,19.631472934551343,19.385052194303633,19.49066162109375,16569584,0.0,0.0
2012-12-20 00:00:00-05:00,19.54346172272078,19.83681908912096,19.390915641073562,19.830951690673828,9901987,0.0,0.0
2012-12-21 00:00:00-05:00,19.59040264970219,19.690144678157875,19.32051481853207,19.40265464782715,16936141,0.0,0.0
2012-12-24 00:00:00-05:00,19.285313116655825,19.367452952087753,19.19730588106533,19.297046661376953,3226087,0.0,0.0
2012-12-26 00:00:00-05:00,19.314650968372156,19.4085256143595,19.138636477994442,19.238378524780273,5384815,0.0,0.0
2012-12-27 00:00:00-05:00,19.26770815236606,19.385051116321385,18.892210918828184,19.29117774963379,10476899,0.0,0.0
2012-12-28 00:00:00-05:00,19.138631126175248,19.179700409087975,18.915680002946733,18.93328094482422,5527084,0.0,0.0
2012-12-31 00:00:00-05:00,18.851149850487598,19.33225545902182,18.774876137317616,19.32638931274414,9653351,0.0,0.0
2013-01-02 00:00:00-05:00,19.97177199550434,20.634760696359226,19.90723435022495,20.62302589416504,21809660,0.0,0.0
2013-01-03 00:00:00-05:00,20.599548734036567,20.752093563733567,20.388331174061765,20.59368133544922,14300002,0.0,0.0
2013-01-04 00:00:00-05:00,20.787304749337583,21.239077037168222,20.722767106672226,21.092395782470703,15511650,0.0,0.0
2013-01-07 00:00:00-05:00,21.215606841374548,21.215606841374548,20.834242118909025,20.99852180480957,9477085,0.0,0.0
2013-01-08 00:00:00-05:00,20.945713790980975,21.573497924844382,20.939846391383096,21.121726989746094,12129157,0.0,0.0
2013-01-09 00:00:00-05:00,21.068923442529712,21.350546057676702,21.06305604313168,21.15106201171875,12133645,0.0,0.0
2013-01-10 00:00:00-05:00,21.30947438109823,21.48548882007759,21.227335816289465,21.46788787841797,9138578,0.0,0.0
2013-01-11 00:00:00-05:00,21.40335577307972,21.456158611671228,21.192136885137067,21.32121467590332,6281405,0.0,0.0
2013-01-14 00:00:00-05:00,21.379883932204116,21.391618732170993,20.969183511707076,21.29774284362793,6122193,0.0,0.0
2013-01-15 00:00:00-05:00,21.086519970419804,21.356407730266593,21.057184235167277,21.2918701171875,6480335,0.0,0.0
2013-01-16 00:00:00-05:00,21.19213205325176,21.462022374443784,21.156930168883587,21.327075958251953,7367052,0.0,0.0
2013-01-17 00:00:00-05:00,21.403349237127365,21.50895739325297,21.291872426600015,21.332942962646484,9577055,0.0,0.0
2013-01-18 00:00:00-05:00,21.37988801763987,21.450294319702966,21.16280296594217,21.30361557006836,8460665,0.0,0.0
2013-01-22 00:00:00-05:00,21.274270374915368,21.819914579065696,21.274270374915368,21.790578842163086,8601028,0.0,0.0
2013-01-23 00:00:00-05:00,21.70843957380543,21.925524547117533,21.673237691080878,21.913789749145508,7493950,0.0,0.0
2013-01-24 00:00:00-05:00,21.931396798886652,21.99593443153096,21.514827725299064,21.60870361328125,9035803,0.0,0.0
2013-01-25 00:00:00-05:00,21.761248184849737,22.113277109852948,21.7025766973492,22.089807510375977,9045564,0.0,0.0
2013-01-28 00:00:00-05:00,22.13674558996381,22.359696728953722,21.972463424315876,22.07807159423828,9349065,0.0,0.0
2013-01-29 00:00:00-05:00,22.02526647484702,22.224750505997605,21.91378966134672,22.130874633789062,6530377,0.0,0.0
2013-01-30 00:00:00-05:00,22.089809490941477,22.224755933245483,21.82578777351696,21.85512351989746,8035988,0.0,0.0
2013-01-31 00:00:00-05:00,21.855123119801814,21.972466103175655,21.69671210120079,21.907928466796875,6453520,0.0,0.0
2013-02-01 00:00:00-05:00,22.195417889675397,22.441836124814028,22.05460531714601,22.412500381469727,10647331,0.0,0.0
2013-02-04 00:00:00-05:00,22.232689435909855,22.285749247618675,21.94379898631303,21.94969367980957,10917845,0.164884,0.0
2013-02-05 00:00:00-05:00,22.191407908530657,22.36827890589571,22.114764314354876,22.173721313476562,5738132,0.0,0.0
2013-02-06 00:00:00-05:00,21.861256062194585,22.150146484375,21.761031141785082,22.150146484375,6351642,0.0,0.0
2013-02-07 00:00:00-05:00,22.15603270056233,22.16192991465629,21.554673314529094,21.778709411621094,7165541,0.0,0.0
2013-02-08 00:00:00-05:00,21.79049693829893,21.878932421231102,21.643104466745314,21.7551212310791,5497800,0.0,0.0
2013-02-11 00:00:00-05:00,21.7492265415816,21.873035208321998,21.6254178748412,21.7551212310791,5129784,0.0,0.0
2013-02-12 00:00:00-05:00,21.766924372142714,21.979168631400835,21.70207266053965,21.890735626220703,7071629,0.0,0.0
2013-02-13 00:00:00-05:00,21.93199853562951,22.315219072425563,21.79639792729183,22.108869552612305,10241953,0.0,0.0
2013-02-14 00:00:00-05:00,21.837670493570414,21.94968730134641,21.242205686926063,21.63132095336914,23431287,0.0,0.0
2013-02-15 00:00:00-05:00,21.78460649917042,21.914312419151127,21.424969766117545,21.48392677307129,14601596,0.0,0.0
2013-02-19 00:00:00-05:00,21.58415796808739,21.843567330048497,21.542887551312514,21.814088821411133,9801119,0.0,0.0
2013-02-20 00:00:00-05:00,21.825881791692783,21.87894411918742,21.09481499425048,21.15966796875,11567035,0.0,0.0
2013-02-21 00:00:00-05:00,21.02406298876653,21.094810641316407,20.6113639329205,20.80592155456543,13016434,0.0,0.0
2013-02-22 00:00:00-05:00,20.947423016731022,21.106606208860683,20.89436069098137,21.09481430053711,8695276,0.0,0.0
2013-02-25 00:00:00-05:00,21.271686774462733,21.330643793104556,20.410914049950772,20.422704696655273,14165250,0.0,0.0
2013-02-26 00:00:00-05:00,20.570098635187836,20.65853416913479,19.9805284088748,20.552412033081055,14279021,0.0,0.0
2013-02-27 00:00:00-05:00,20.546518448080864,21.065339802388742,20.5229358886499,21.047653198242188,7918852,0.0,0.0
2013-02-28 00:00:00-05:00,21.035859354480287,21.165564042504535,20.72928234332028,20.89436149597168,11410852,0.0,0.0
2013-03-01 00:00:00-05:00,20.823612213134766,20.976899445117787,20.493452671735984,20.823612213134766,8498140,0.0,0.0
2013-03-04 00:00:00-05:00,20.735170391493593,20.923832028058538,20.64083894235812,20.900249481201172,5659256,0.0,0.0
2013-03-05 00:00:00-05:00,21.053546438846688,21.654907340514413,20.935633649829416,21.478038787841797,13624446,0.0,0.0
2013-03-06 00:00:00-05:00,21.613633743124375,21.766920959286423,21.45444931193301,21.542884826660156,7460402,0.0,0.0
2013-03-07 00:00:00-05:00,21.59005124734541,21.97327183454873,21.584156555368885,21.937898635864258,9140485,0.0,0.0
2013-03-08 00:00:00-05:00,22.126563020947152,23.075769989243977,22.126563020947152,23.010915756225586,21877093,0.0,0.0
2013-03-11 00:00:00-04:00,23.005024100198742,23.405931365703545,22.7397174875747,23.352869033813477,12509739,0.0,0.0
2013-03-12 00:00:00-04:00,23.240845525929537,23.37644613986809,23.181888517833436,23.282115936279297,17448671,0.0,0.0
2013-03-13 00:00:00-04:00,23.158315161289014,23.612284833280373,23.140628555557107,23.571014404296875,13129307,0.0,0.0
2013-03-14 00:00:00-04:00,23.706606280731435,23.96012090424782,23.56510845562759,23.68891716003418,10939163,0.0,0.0
2013-03-15 00:00:00-04:00,23.588701085737792,23.747883044220867,23.458995118140248,23.70071792602539,12006410,0.0,0.0
2013-03-18 00:00:00-04:00,23.352866313229374,23.429512455566538,22.951961617842695,23.0816650390625,13357186,0.0,0.0
2013-03-19 00:00:00-04:00,23.270321020735054,23.29390483028869,22.568731705753695,22.8045597076416,14024215,0.0,0.0
2013-03-20 00:00:00-04:00,22.993227085951826,23.13472492397034,22.70433924149854,22.727920532226562,9324942,0.0,0.0
2013-03-21 00:00:00-04:00,22.568734693333003,22.692545924761166,22.344698566564706,22.433134078979492,12063632,0.0,0.0
2013-03-22 00:00:00-04:00,22.55694800546504,22.651278220612877,22.439033974823868,22.63948631286621,12729090,0.0,0.0
2013-03-25 00:00:00-04:00,22.92247736822141,22.92837458325738,22.37417768097692,22.521570205688477,8770898,0.0,0.0
2013-03-26 00:00:00-04:00,22.65128035071301,22.769194392442675,22.521574400127776,22.74561309814453,6623278,0.0,0.0
2013-03-27 00:00:00-04:00,22.49209053246273,22.5333609419208,22.197305498351326,22.497987747192383,6486058,0.0,0.0
2013-03-28 00:00:00-04:00,22.433137650420928,22.521573176914988,22.285745106264166,22.415451049804688,6279049,0.0,0.0
2013-04-01 00:00:00-04:00,22.427240011715593,22.580527228135892,22.1088711487965,22.1914119720459,5170625,0.0,0.0
2013-04-02 00:00:00-04:00,22.332908632772476,22.615901760836945,22.291638223314404,22.497987747192383,6503673,0.0,0.0
2013-04-03 00:00:00-04:00,22.46851188689363,22.486198486338424,21.81998473555822,21.902523040771484,8810617,0.0,0.0
2013-04-04 00:00:00-04:00,21.955584183210203,22.097082017993582,21.81408634842682,22.04401969909668,6503000,0.0,0.0
2013-04-05 00:00:00-04:00,21.183244871955942,21.60183856898292,20.99458196439269,21.566465377807617,15838040,0.0,0.0
2013-04-08 00:00:00-04:00,21.601843140744243,21.607737832716957,21.22451724576141,21.454450607299805,10436620,0.0,0.0
2013-04-09 00:00:00-04:00,21.53109473263173,21.92610723635002,21.401388795429984,21.80819320678711,9010558,0.0,0.0
2013-04-10 00:00:00-04:00,21.955584175152282,22.515675775561082,21.92610566986761,22.20909881591797,7795993,0.0,0.0
2013-04-11 00:00:00-04:00,22.244473612899434,22.31522000391581,21.990956459245158,22.038124084472656,6723697,0.0,0.0
2013-04-12 00:00:00-04:00,21.83766863175268,22.055810060335563,21.531091693480445,21.696170806884766,6430182,0.0,0.0
2013-04-15 00:00:00-04:00,21.58415187433604,21.719752471101877,21.23040987055797,21.248096466064453,10556449,0.0,0.0
2013-04-16 00:00:00-04:00,21.489823048944885,21.77281872191932,21.430866037643973,21.731548309326172,6004495,0.0,0.0
2013-04-17 00:00:00-04:00,21.519296013589283,21.702064215608647,21.29525993301541,21.43086051940918,7753918,0.0,0.0
2013-04-18 00:00:00-04:00,21.47803516637726,21.47803516637726,20.829507996745807,20.94742202758789,9567631,0.0,0.0
2013-04-19 00:00:00-04:00,21.059431336827043,21.147868090144303,20.82950057268467,20.988683700561523,9572904,0.0,0.0
2013-04-22 00:00:00-04:00,21.100706100463867,21.20093351636252,20.782338517177234,21.100706100463867,8810954,0.0,0.0
2013-04-23 00:00:00-04:00,21.301166782767165,22.610010669990007,21.065337429897877,22.25037384033203,21586270,0.0,0.0
2013-04-24 00:00:00-04:00,22.49209016652706,22.751502001689538,22.291637860639998,22.592317581176758,7159370,0.0,0.0
2013-04-25 00:00:00-04:00,22.710238790332124,23.140624564849883,22.621803253510127,22.94017219543457,9594334,0.0,0.0
2013-04-26 00:00:00-04:00,22.893002266272504,22.97554310174549,22.527470769382415,22.71613121032715,4917389,0.0,0.0
2013-04-29 00:00:00-04:00,22.86352356719113,23.252641401089136,22.698444421028128,23.0816650390625,10453450,0.0,0.0
2013-04-30 00:00:00-04:00,23.034494581927927,23.14651389979096,22.828145066273493,22.987329483032227,6087523,0.0,0.0
2013-05-01 00:00:00-04:00,22.97554180487609,23.052185420110302,22.621799712952583,22.63948631286621,8300219,0.0,0.0
2013-05-02 00:00:00-04:00,22.934272469311512,23.64765390232724,22.692549704480886,23.565113067626953,20250754,0.0,0.0
2013-05-03 00:00:00-04:00,23.824519621407674,24.296173137146024,23.771457307638308,23.865787506103516,10344616,0.0,0.0
2013-05-06 00:00:00-04:00,23.91885840283699,24.172373110168383,23.81863095386973,24.024980545043945,6779573,0.0,0.0
2013-05-07 00:00:00-04:00,24.30098446227919,24.390020824276235,24.045744858775354,24.206010818481445,6181883,0.245098,0.0
2013-05-08 00:00:00-04:00,24.14072518279176,24.508742755662077,24.099174360917125,24.48499870300293,6242808,0.0,0.0
2013-05-09 00:00:00-04:00,24.455311364107494,24.473118127102275,23.95077201609994,24.093231201171875,9283540,0.0,0.0
2013-05-10 00:00:00-04:00,24.18821255704286,24.43751496638294,24.045753311546264,24.431577682495117,7760986,0.0,0.0
2013-05-13 00:00:00-04:00,24.395959198567702,24.77584874921776,24.366280406815584,24.692747116088867,7209187,0.0,0.0
2013-05-14 00:00:00-04:00,24.585898607432956,25.39316055066336,24.585898607432956,25.381288528442383,9767683,0.0,0.0
2013-05-15 00:00:00-04:00,25.31599805598981,25.594979165941794,25.05482371038432,25.5474910736084,9031763,0.0,0.0
2013-05-16 00:00:00-04:00,25.500013444768857,25.594987118387227,25.19729073515029,25.26852035522461,7494062,0.0,0.0
2013-05-17 00:00:00-04:00,25.357553296626328,25.77899113553519,25.345681271468862,25.68995475769043,7671451,0.0,0.0
2013-05-20 00:00:00-04:00,25.636535034245842,25.74338073310666,25.48814359367228,25.70182991027832,4880251,0.0,0.0
2013-05-21 00:00:00-04:00,25.678076234043537,25.94518529997908,25.369418901407943,25.41690444946289,7329689,0.0,0.0
2013-05-22 00:00:00-04:00,25.446582044803858,25.856147735754874,24.942042721626617,25.08449935913086,9538571,0.0,0.0
2013-05-23 00:00:00-04:00,24.73429661470519,25.28038686195762,24.591837405662893,25.22102928161621,8541786,0.0,0.0
2013-05-24 00:00:00-04:00,24.983602974015927,25.001409742867658,24.663070972454015,24.95392417907715,5607644,0.0,0.0
2013-05-28 00:00:00-04:00,25.363483742691262,25.743373240037027,25.29819142622108,25.66620635986328,8174219,0.0,0.0
2013-05-29 00:00:00-04:00,25.4050331839219,26.372561099014163,25.327868848464895,26.075773239135742,12257401,0.0,0.0
2013-05-30 00:00:00-04:00,26.034226777139843,26.651546644973273,25.992675961708436,26.31914520263672,7241612,0.0,0.0
2013-05-31 00:00:00-04:00,26.135130755734664,26.865228381377214,26.028287634516204,26.241973876953125,16367175,0.0,0.0
2013-06-03 00:00:00-04:00,26.515031886278877,26.598130999060192,25.74931785662841,26.360700607299805,11521594,0.0,0.0
2013-06-04 00:00:00-04:00,26.325085416409298,26.72278180581773,25.927389027000867,26.093589782714844,11209341,0.0,0.0
2013-06-05 00:00:00-04:00,26.05797533808945,26.152946469327887,25.333812205583573,25.517822265625,11678000,0.0,0.0
2013-06-06 00:00:00-04:00,25.5237566549127,25.957066563589702,25.203224645448753,25.95113182067871,8690227,0.0,0.0
2013-06-07 00:00:00-04:00,26.224169110110694,26.799938109002937,26.06984042777373,26.74651527404785,8638390,0.0,0.0
2013-06-10 00:00:00-04:00,26.906786843492274,27.280739144407093,26.79994369188199,27.067052841186523,9152491,0.0,0.0
2013-06-11 00:00:00-04:00,26.645607714983605,26.859296520894134,26.37849861301334,26.40224266052246,8889718,0.0,0.0
2013-06-12 00:00:00-04:00,26.639668187620984,26.77619008487957,26.259778739064565,26.396303176879883,6289034,0.0,0.0
2013-06-13 00:00:00-04:00,26.307285222184948,26.734657974975935,26.057982756017864,26.657493591308594,6199499,0.0,0.0
2013-06-14 00:00:00-04:00,26.568439184590105,26.633734034672013,25.97486349597341,26.099515914916992,7219958,0.0,0.0
2013-06-17 00:00:00-04:00,26.414131275067344,26.740598160307997,26.366645690780462,26.651561737060547,6991855,0.0,0.0
2013-06-18 00:00:00-04:00,26.758389896248776,27.00769224932328,26.633739989990204,26.954269409179688,4886871,0.0,0.0
2013-06-19 00:00:00-04:00,26.924599078588177,27.39945988487541,26.556581445603943,26.84149742126465,11428692,0.0,0.0
2013-06-20 00:00:00-04:00,26.51502399122041,27.387578388683423,26.437859644986187,26.782133102416992,12387104,0.0,0.0
2013-06-21 00:00:00-04:00,27.096726685627402,27.120468192449547,26.342884938298667,26.734643936157227,15154966,0.0,0.0
2013-06-24 00:00:00-04:00,26.33694619036367,26.41411052177248,25.731498479863284,26.099515914916992,12177627,0.0,0.0
2013-06-25 00:00:00-04:00,26.331012837526195,26.770259928857524,26.057968996249212,26.60405921936035,10460406,0.0,0.0
2013-06-26 00:00:00-04:00,26.906786734873805,27.08485950035798,26.51502766703168,26.94833755493164,9941481,0.0,0.0
2013-06-27 00:00:00-04:00,27.15015126469478,27.36977484565194,27.019566605178568,27.363840103149414,9271198,0.0,0.0
2013-06-28 00:00:00-04:00,27.280746382672856,27.36978278939796,27.072994766980955,27.162031173706055,7620848,0.0,0.0
2013-07-01 00:00:00-04:00,27.393512708379674,27.749658151457258,27.387575426660845,27.6250057220459,7001392,0.0,0.0
2013-07-02 00:00:00-04:00,27.53003423129263,27.862435623914212,27.48848342207569,27.64281463623047,7190898,0.0,0.0
2013-07-03 00:00:00-04:00,27.387585922456406,27.559723968802157,27.31042155499582,27.464750289916992,3632026,0.0,0.0
2013-07-05 00:00:00-04:00,27.74965763049101,28.230452953396597,27.74965763049101,28.206708908081055,6472145,0.0,0.0
2013-07-08 00:00:00-04:00,28.39073500818899,28.533191739198177,28.224534218399075,28.52132225036621,5852128,0.0,0.0
2013-07-09 00:00:00-04:00,28.78248425336491,28.99023580398937,28.473824298611348,28.954622268676758,8464144,0.0,0.0
2013-07-10 00:00:00-04:00,28.859639192945007,29.09113471863608,28.74092405988429,28.85370445251465,7160155,0.0,0.0
2013-07-11 00:00:00-04:00,29.209859960502783,29.233604011554828,28.50350365811649,28.82403564453125,9071482,0.0,0.0
2013-07-12 00:00:00-04:00,28.859634605968893,29.13268089294434,28.634076397115294,29.132680892944336,6895251,0.0,0.0
2013-07-15 00:00:00-04:00,28.960558277863573,29.120824274895885,28.782485512396033,28.812164306640625,7423152,0.0,0.0
2013-07-16 00:00:00-04:00,28.8240324705528,29.037718744260715,28.50350051943364,28.527244567871094,6475062,0.0,0.0
2013-07-17 00:00:00-04:00,28.616284414803598,28.699386053872065,28.18890927491561,28.39072608947754,7642279,0.0,0.0
2013-07-18 00:00:00-04:00,28.521314746890074,29.043661037620062,28.331369948290696,28.990238189697266,10110566,0.0,0.0
2013-07-19 00:00:00-04:00,28.936810130746508,28.9842956825365,28.45601224991057,28.87151527404785,6954605,0.0,0.0
2013-07-22 00:00:00-04:00,28.99617337585473,29.31077064423105,28.94275306767296,29.24547576904297,8324118,0.0,0.0
2013-07-23 00:00:00-04:00,29.387929050345317,29.542257741230927,29.22172833541683,29.29295539855957,5884666,0.0,0.0
2013-07-24 00:00:00-04:00,29.453227235901988,29.595686471665704,29.091146944126038,29.126760482788086,6325275,0.0,0.0
2013-07-25 00:00:00-04:00,29.079272902129244,29.091144927712953,28.74093414606023,29.00804328918457,7072639,0.0,0.0
2013-07-26 00:00:00-04:00,28.806236429058952,29.073345640917193,28.669711910551484,29.04366683959961,5853586,0.0,0.0
2013-07-29 00:00:00-04:00,28.972419585575366,29.079262697218674,28.74686134087134,28.85370445251465,4135804,0.0,0.0
2013-07-30 00:00:00-04:00,29.013967453947515,29.043646234209103,28.44413334859117,28.628143310546875,6384404,0.0,0.0
2013-07-31 00:00:00-04:00,28.681569170482934,29.227659341645463,28.64002090247893,28.74092674255371,10207283,0.0,0.0
2013-08-01 00:00:00-04:00,29.126756209404718,30.658181336669006,29.126756209404718,30.55133819580078,13303778,0.0,0.0
2013-08-02 00:00:00-04:00,30.25454722835144,30.379197123357123,30.005244897782948,30.15363883972168,8238509,0.0,0.0
2013-08-05 00:00:00-04:00,30.034916410035542,30.296090700799553,29.7321938580397,29.99336814880371,5643323,0.0,0.0
2013-08-06 00:00:00-04:00,29.91027109664713,29.91027109664713,29.35824619047658,29.429475784301758,5638499,0.0,0.0
2013-08-07 00:00:00-04:00,29.330995508506952,29.617500538030562,29.06239656431715,29.545873641967773,6896373,0.245098,0.0
2013-08-08 00:00:00-04:00,29.754779496773722,30.01741055828144,29.26533464854222,29.701061248779297,7195723,0.0,0.0
2013-08-09 00:00:00-04:00,29.563783819847735,29.80850629317048,29.44440650510929,29.707035064697266,4669203,0.0,0.0
2013-08-12 00:00:00-04:00,29.43843074256949,29.599590599047044,29.145957907588272,29.17580223083496,5513508,0.0,0.0
2013-08-13 00:00:00-04:00,29.28920887044274,29.63540250613426,29.038516046415367,29.569746017456055,7242959,0.0,0.0
2013-08-14 00:00:00-04:00,29.49811593115762,29.718964408239675,29.0325450540311,29.062389373779297,6515791,0.0,0.0
2013-08-15 00:00:00-04:00,28.877358331915566,28.877358331915566,28.453567418756826,28.620695114135742,8240080,0.0,0.0
2013-08-16 00:00:00-04:00,28.5251897636904,29.157888279325316,28.507283683951062,28.817665100097656,6297001,0.0,0.0
2013-08-19 00:00:00-04:00,28.716200278582104,28.901234068144994,28.393880552868406,28.417757034301758,5356428,0.0,0.0
2013-08-20 00:00:00-04:00,28.429704416304876,28.668459088498324,28.119322831507766,28.57892608642578,5552441,0.0,0.0
2013-08-21 00:00:00-04:00,28.477449181949307,28.889301931548093,28.250632799374632,28.549076080322266,7054351,0.0,0.0
2013-08-22 00:00:00-04:00,28.656509054021583,29.229519009645642,28.656509054021583,29.032546997070312,6943721,0.0,0.0
2013-08-23 00:00:00-04:00,29.044479625494844,29.092230020117245,28.69231567504228,28.80572509765625,6267380,0.0,0.0
2013-08-26 00:00:00-04:00,28.847517749407725,28.92511248717296,28.584886654957337,28.602792739868164,5779871,0.0,0.0
2013-08-27 00:00:00-04:00,28.214811871537524,28.256594432632397,27.331420465037187,27.36723518371582,10348206,0.0,0.0
2013-08-28 00:00:00-04:00,27.373208911844277,27.58808960593794,27.170269014604695,27.432897567749023,6822545,0.0,0.0
2013-08-29 00:00:00-04:00,27.432901054121267,27.94025469378982,27.36724454617298,27.719406127929688,4714307,0.0,0.0
2013-08-30 00:00:00-04:00,27.7790873444593,27.826837751505217,27.456770180853926,27.57017707824707,4549934,0.0,0.0
2013-09-03 00:00:00-04:00,27.958152576353715,28.453567826977416,27.80296311871691,28.10737419128418,6917579,0.0,0.0
2013-09-04 00:00:00-04:00,28.656514669813948,29.235495136085667,28.34016530826164,28.877363204956055,8112397,0.0,0.0
2013-09-05 00:00:00-04:00,28.87139265980134,29.217588901915096,28.811704004916564,28.889301300048828,4915370,0.0,0.0
2013-09-06 00:00:00-04:00,28.99077433115782,29.008682974099617,28.262574675789857,28.638612747192383,5230988,0.0,0.0
2013-09-09 00:00:00-04:00,28.656516866180162,28.96689840789373,28.638610779196792,28.93108367919922,5465935,0.0,0.0
2013-09-10 00:00:00-04:00,29.241460414079985,29.7130017705855,29.18774216196031,29.61749839782715,6477643,0.0,0.0
2013-09-11 00:00:00-04:00,29.58765044345079,29.71299812580884,29.342928030560902,29.575712203979492,3957967,0.0,0.0
2013-09-12 00:00:00-04:00,29.605576038856743,29.647356068848392,29.313100500544156,29.41457176208496,4451759,0.0,0.0
2013-09-13 00:00:00-04:00,29.438428855663382,29.444399252766363,29.092235239137114,29.14595603942871,5646689,0.0,0.0
2013-09-16 00:00:00-04:00,29.450371039271115,29.67718740083861,29.229522520878795,29.45633888244629,8115314,0.0,0.0
2013-09-17 00:00:00-04:00,29.49812050226834,29.832378468081856,29.32502495374156,29.772689819335938,5738918,0.0,0.0
2013-09-18 00:00:00-04:00,29.730908286608006,30.315856553683556,28.817672440030854,29.026582717895508,15418748,0.0,0.0
2013-09-19 00:00:00-04:00,29.074336427271522,29.098212912199628,27.976066660404662,28.101411819458008,19305581,0.0,0.0
2013-09-20 00:00:00-04:00,28.32821856880808,28.650538232031188,28.23868561288242,28.34612464904785,15516587,0.0,0.0
2013-09-23 00:00:00-04:00,28.31628602249403,28.531166692746623,28.14319047241182,28.268535614013672,6389453,0.0,0.0
2013-09-24 00:00:00-04:00,28.226749422990967,28.477442228721802,27.964120932718608,28.11931037902832,6855083,0.0,0.0
2013-09-25 00:00:00-04:00,28.131247827523506,28.70425774903489,28.131247827523506,28.561006546020508,8514746,0.0,0.0
2013-09-26 00:00:00-04:00,28.680395709624808,28.853491304330255,28.30435763315106,28.399858474731445,5364619,0.0,0.0
2013-09-27 00:00:00-04:00,28.137220196217232,28.30435045871158,27.934280320617063,28.17900276184082,6575593,0.0,0.0
2013-09-30 00:00:00-04:00,27.8148991883826,28.143186715612426,27.67164542733697,28.0238094329834,9569089,0.0,0.0
2013-10-01 00:00:00-04:00,28.02382431771564,28.393892046643902,27.993979981206696,28.31032943725586,6293298,0.0,0.0
2013-10-02 00:00:00-04:00,28.053651740775795,28.119308219620077,27.719393840561512,28.113340377807617,8089171,0.0,0.0
2013-10-03 00:00:00-04:00,28.029782894540233,28.12528371789834,27.528397185091407,28.005908966064453,6701930,0.0,0.0
2013-10-04 00:00:00-04:00,28.06560245089215,28.48939353355445,27.940257267905487,28.465517044067383,6187830,0.0,0.0
2013-10-07 00:00:00-04:00,28.14319235766455,28.268537507663005,27.83877869309651,28.005908966064453,4186182,0.0,0.0
2013-10-08 00:00:00-04:00,27.97009285150477,28.1014083931431,27.61196094961517,27.725370407104492,6127242,0.0,0.0
2013-10-09 00:00:00-04:00,27.773115263479465,27.820865663238763,27.307544395054276,27.683582305908203,6832195,0.0,0.0
2013-10-10 00:00:00-04:00,28.14319361438407,28.71620368957519,28.12528497381816,28.716203689575195,6052629,0.0,0.0
2013-10-11 00:00:00-04:00,28.61474330287275,29.09822313201602,28.519242439074084,29.092252731323242,5706043,0.0,0.0
2013-10-14 00:00:00-04:00,28.88929968533318,29.181772545084797,28.626668596628434,29.050457000732422,4619611,0.0,0.0
2013-10-15 00:00:00-04:00,29.002708654260527,29.21161894954655,28.829610530561062,28.853487014770508,4411592,0.0,0.0
2013-10-16 00:00:00-04:00,29.151927185514236,29.58765381542153,29.00867595971411,29.426496505737305,5683154,0.0,0.0
2013-10-17 00:00:00-04:00,29.265350070033335,29.59363779254691,29.110157977462546,29.41457176208496,6661538,0.0,0.0
2013-10-18 00:00:00-04:00,29.563772124575664,29.64733467899907,29.134013450581982,29.516021728515625,5644333,0.0,0.0
2013-10-21 00:00:00-04:00,29.557805582532907,29.623464621062855,29.354865734133877,29.59362030029297,3875051,0.0,0.0
2013-10-22 00:00:00-04:00,29.641388485623843,29.73092150164791,29.247441682280833,29.342945098876953,6121295,0.0,0.0
2013-10-23 00:00:00-04:00,29.16385688941414,29.22354552137379,28.620688805745385,28.80572509765625,6504122,0.0,0.0
2013-10-24 00:00:00-04:00,28.823638822392613,29.026581246780925,28.602790314611752,28.990766525268555,6103119,0.0,0.0
2013-10-25 00:00:00-04:00,29.07433312760481,29.283243405469463,28.9370497416678,29.026582717895508,5493312,0.0,0.0
2013-10-28 00:00:00-04:00,29.03851678696688,29.10417583204673,28.799764751717763,29.002704620361328,5267902,0.0,0.0
2013-10-29 00:00:00-04:00,29.080295350615504,29.39664718259584,29.00867102725767,29.36680030822754,5440466,0.0,0.0
2013-10-30 00:00:00-04:00,29.42648972641736,29.48617580737134,29.00269888024816,29.247421264648438,4873519,0.0,0.0
2013-10-31 00:00:00-04:00,28.19690495539999,28.82363568910105,28.053653749104512,28.23868751525879,11442268,0.0,0.0
2013-11-01 00:00:00-04:00,28.3043506284536,28.537134830219873,28.119314280933008,28.244659423828125,7281668,0.0,0.0
2013-11-04 00:00:00-05:00,28.32226175526119,28.692329406738285,28.238696608634086,28.69232940673828,7038082,0.0,0.0
2013-11-05 00:00:00-05:00,28.644578989263284,28.793800640577533,28.477451250736888,28.69232940673828,4976182,0.0,0.0
2013-11-06 00:00:00-05:00,28.821397881154336,29.067528424161626,28.557255655475416,28.7913818359375,6980972,0.245098,0.0
2013-11-07 00:00:00-05:00,28.887421461820868,29.31965286686276,28.551242907580484,28.569252014160156,6315065,0.0,0.0
2013-11-08 00:00:00-05:00,28.719333329364417,30.41223823442064,28.57525533213263,30.10007095336914,14018044,0.0,0.0
2013-11-11 00:00:00-05:00,30.01602763551883,30.100073569446376,29.697858147523917,29.955995559692383,5058313,0.0,0.0
2013-11-12 00:00:00-05:00,29.883961750386742,29.97400987203967,29.433721142122103,29.601810455322266,6184240,0.0,0.0
2013-11-13 00:00:00-05:00,29.47574638239558,30.07006248941102,29.349677460718333,30.03404426574707,7627019,0.0,0.0
2013-11-14 00:00:00-05:00,30.208133437154324,30.96453920045627,30.124090065294006,30.85047721862793,12519276,0.0,0.0
2013-11-15 00:00:00-05:00,30.766437502676496,31.270708113579467,30.766437502676496,31.22268295288086,8984191,0.0,0.0
2013-11-18 00:00:00-05:00,31.198659114944522,31.82899589236808,31.162640898290803,31.32472801208496,9548108,0.0,0.0
2013-11-19 00:00:00-05:00,31.324731957004985,31.54684860338581,31.150637892592762,31.408775329589844,6574696,0.0,0.0
2013-11-20 00:00:00-05:00,31.810987314827827,31.883026318763495,31.19865963551405,31.24068260192871,6649309,0.0,0.0
2013-11-21 00:00:00-05:00,31.414782792763365,31.792984425627587,31.19266355777112,31.78697967529297,6334588,0.0,0.0
2013-11-22 00:00:00-05:00,31.76896540251643,31.810988370325425,31.42678204953797,31.60687828063965,5573311,0.0,0.0
2013-11-25 00:00:00-05:00,31.78698426857427,31.804993383326963,31.336743552621254,31.48082160949707,6347939,0.0,0.0
2013-11-26 00:00:00-05:00,31.546851621448813,31.780977789860266,31.516835577776924,31.534847259521484,4858597,0.0,0.0
2013-11-27 00:00:00-05:00,31.57086435781862,31.630896443020664,31.294717793659895,31.456802368164062,3627987,0.0,0.0
2013-11-29 00:00:00-05:00,31.46282258532281,31.642918929463498,31.29473317801043,31.330751419067383,2957929,0.0,0.0
2013-12-02 00:00:00-05:00,31.46880544092212,31.865016126908344,31.28870920739632,31.34273910522461,5282713,0.0,0.0
2013-12-03 00:00:00-05:00,31.264701002603672,31.27670793422875,30.6523757534201,30.820465087890625,6393380,0.0,0.0
2013-12-04 00:00:00-05:00,30.77243829468388,31.252694978737484,30.5803351071771,30.778440475463867,6591189,0.0,0.0
2013-12-05 00:00:00-05:00,30.754425917364234,30.994554233893837,30.586334040252368,30.646366119384766,5372248,0.0,0.0
2013-12-06 00:00:00-05:00,31.036573333343036,31.366749754737164,30.85047492360051,31.018564224243164,5825312,0.0,0.0
2013-12-09 00:00:00-05:00,31.150625811867588,31.360738015984563,30.910497578591045,31.036563873291016,8006031,0.0,0.0
2013-12-10 00:00:00-05:00,30.874488581722755,31.25869232792401,30.712401462022804,31.12662124633789,5252980,0.0,0.0
2013-12-11 00:00:00-05:00,31.096599695646614,31.228670753820143,30.7904371889303,30.874483108520508,6599380,0.0,0.0
2013-12-12 00:00:00-05:00,30.856481696127233,31.03657795278385,30.652374146905753,30.73041534423828,5401869,0.0,0.0
2013-12-13 00:00:00-05:00,30.928520712675223,30.958536755451323,30.580335130357767,30.73041534423828,7151291,0.0,0.0
2013-12-16 00:00:00-05:00,30.886495459316567,31.03657566212037,30.760429116731977,30.802452087402344,6845995,0.0,0.0
2013-12-17 00:00:00-05:00,30.82646653995712,30.844475652255404,30.376225885366114,30.46027183532715,7363910,0.0,0.0
2013-12-18 00:00:00-05:00,30.634365117762897,31.234686025255666,30.094078870446335,31.156644821166992,14360254,0.0,0.0
2013-12-19 00:00:00-05:00,31.276700528948368,31.47480586086342,31.048579159790844,31.378755569458008,5943907,0.0,0.0
2013-12-20 00:00:00-05:00,31.35475705583535,32.00910801570858,31.264708900041462,31.8890438079834,11353294,0.0,0.0
2013-12-23 00:00:00-05:00,32.03910673003408,32.21920294416479,31.84100140837552,31.919042587280273,5787500,0.0,0.0
2013-12-24 00:00:00-05:00,31.87102598496047,32.2312185097474,31.865021234557947,32.21921157836914,1955534,0.0,0.0
2013-12-26 00:00:00-05:00,32.24921745405808,32.513359583389644,32.17717845792893,32.42931365966797,4667744,0.0,0.0
2013-12-27 00:00:00-05:00,32.49535157527409,32.60941354613908,32.32726227828327,32.3932991027832,4546120,0.0,0.0
2013-12-30 00:00:00-05:00,32.40531049255262,32.47734951244202,32.0211066688539,32.117156982421875,3730089,0.0,0.0
2013-12-31 00:00:00-05:00,32.29725419089684,32.453336597360966,32.13516703376753,32.369293212890625,3261205,0.0,0.0
2014-01-02 00:00:00-05:00,32.14717529651692,32.15918222891744,31.750964513288874,31.931060791015625,4353136,0.0,0.0
2014-01-03 00:00:00-05:00,32.33327303175581,32.441330273499965,32.04511953062914,32.30325698852539,4131653,0.0,0.0
2014-01-06 00:00:00-05:00,32.11115287169857,32.42932240687786,31.96707484057789,32.16518020629883,6439382,0.0,0.0
2014-01-07 00:00:00-05:00,32.44133527564981,32.55539471585625,31.943066825655144,32.039119720458984,4634309,0.0,0.0
2014-01-08 00:00:00-05:00,32.315258848823845,32.711472130451426,32.12916042297141,32.531375885009766,5713000,0.0,0.0
2014-01-09 00:00:00-05:00,32.56139529876717,32.81953276342057,32.48335152878377,32.747493743896484,5969377,0.0,0.0
2014-01-10 00:00:00-05:00,32.747485022441374,32.837533130507765,32.18318508688097,32.47734069824219,5250736,0.0,0.0
2014-01-13 00:00:00-05:00,32.35728044347263,32.651438659617554,31.750957470716486,31.798982620239258,6719658,0.0,0.0
2014-01-14 00:00:00-05:00,32.1351561269157,32.267227194174176,31.744947673767406,32.17117691040039,4658881,0.0,0.0
2014-01-15 00:00:00-05:00,32.25523042571884,32.65744593338048,32.23121913192562,32.60942077636719,5627167,0.0,0.0
2014-01-16 00:00:00-05:00,32.549378537227575,32.549378537227575,32.02709901519204,32.093135833740234,4382083,0.0,0.0
2014-01-17 00:00:00-05:00,32.10515650474525,32.153181671183404,31.696938735879947,31.792991638183594,5421841,0.0,0.0
2014-01-21 00:00:00-05:00,32.07513360013414,32.093145281948296,31.564860855740204,31.6188907623291,7253281,0.0,0.0
2014-01-22 00:00:00-05:00,31.65488621693945,31.8049663279224,31.414760608791667,31.51081085205078,3928010,0.0,0.0
2014-01-23 00:00:00-05:00,31.28870281940576,31.28870281940576,30.706391269340095,30.874483108520508,6525889,0.0,0.0
2014-01-24 00:00:00-05:00,30.604342403888705,30.634355870776844,29.69185438604899,29.72187042236328,10481500,0.0,0.0
2014-01-27 00:00:00-05:00,29.721877566759407,29.86595303404446,29.019501634286126,29.367687225341797,12445448,0.0,0.0
2014-01-28 00:00:00-05:00,29.61981503653085,29.980007468064674,29.589799000569695,29.793909072875977,5661612,0.0,0.0
2014-01-29 00:00:00-05:00,29.445723604281238,29.79390910795533,29.259622639447304,29.32565689086914,5211241,0.0,0.0
2014-01-30 00:00:00-05:00,29.5958110362853,30.004028711980165,29.54778331138152,29.88396453857422,4407889,0.0,0.0
2014-01-31 00:00:00-05:00,29.30164648243044,29.82992821792569,29.139559369303452,29.445724487304688,6838253,0.0,0.0
2014-02-03 00:00:00-05:00,29.45173471471127,29.517768986157463,28.203067752494196,28.2510929107666,10782196,0.0,0.0
2014-02-04 00:00:00-05:00,28.531881360764093,29.051190901308715,28.45337885748184,28.85192108154297,7024618,0.245098,0.0
2014-02-05 00:00:00-05:00,28.779462637182633,28.894195092955837,28.41715288362093,28.791540145874023,6380029,0.0,0.0
2014-02-06 00:00:00-05:00,28.91230188229756,29.347073980448393,28.628492138745678,29.341033935546875,7504609,0.0,0.0
2014-02-07 00:00:00-05:00,29.534267039429093,29.68522939797964,29.20214985061789,29.65503692626953,6321572,0.0,0.0
2014-02-10 00:00:00-05:00,29.63692592497654,29.667118400725798,29.153846312988414,29.32292366027832,5116432,0.0,0.0
2014-02-11 00:00:00-05:00,29.298768152243316,30.15019750474537,29.29273069100706,30.047542572021484,8947726,0.0,0.0
2014-02-12 00:00:00-05:00,30.15623458995574,30.584966699214107,29.890539777339825,30.120004653930664,7368398,0.0,0.0
2014-02-13 00:00:00-05:00,30.1199940673699,30.222646378203965,29.498027236154364,30.19849395751953,7433587,0.0,0.0
2014-02-14 00:00:00-05:00,30.11395915089916,30.524576217731745,29.975074308599346,30.427961349487305,4976519,0.0,0.0
2014-02-18 00:00:00-05:00,30.421930285404382,30.905007312719075,30.385697763798245,30.838584899902344,8120699,0.0,0.0
2014-02-19 00:00:00-05:00,30.808387985754347,31.255237596146912,30.56081075416317,30.65138816833496,8287541,0.0,0.0
2014-02-20 00:00:00-05:00,30.69970048270387,30.790277911265076,30.240775878472324,30.621200561523438,6175488,0.0,0.0
2014-02-21 00:00:00-05:00,30.62119834689013,30.80235319091078,30.50042845087636,30.506465911865234,5115871,0.0,0.0
2014-02-24 00:00:00-05:00,30.506469960446093,30.886894666470553,30.47627748243574,30.717817306518555,6239779,0.0,0.0
2014-02-25 00:00:00-05:00,30.68762128651556,30.699698793231683,30.361544112357805,30.51250648498535,4725191,0.0,0.0
2014-02-26 00:00:00-05:00,29.793914757449908,30.512496448608104,29.793914757449908,30.174339294433594,7411371,0.0,0.0
2014-02-27 00:00:00-05:00,30.13207923834027,30.51250648498535,29.775809589657005,30.51250648498535,8605067,0.0,0.0
2014-02-28 00:00:00-05:00,30.494381456568817,31.031808405177806,30.37361417260396,30.597036361694336,11120815,0.0,0.0
2014-03-03 00:00:00-05:00,30.132084355861686,30.38570170185531,29.987162004243913,30.234739303588867,6832531,0.0,0.0
2014-03-04 00:00:00-05:00,30.796316441854213,31.019741290301155,30.66347160964288,30.911048889160156,6701818,0.0,0.0
2014-03-05 00:00:00-05:00,30.88084899079834,31.581313260512673,30.814424006125776,31.454505920410156,6894578,0.0,0.0
2014-03-06 00:00:00-05:00,31.63566988509785,31.865132206366592,31.611514868320114,31.623592376708984,6128140,0.0,0.0
2014-03-07 00:00:00-05:00,31.949670707699923,32.372365390114794,31.913438184203617,32.0945930480957,6399776,0.0,0.0
2014-03-10 00:00:00-04:00,32.348204748761766,32.45085967068715,32.00401005031986,32.221397399902344,7499560,0.0,0.0
2014-03-11 00:00:00-04:00,32.287821094496685,32.31801356776741,31.883241435763136,31.991933822631836,6230354,0.0,0.0
2014-03-12 00:00:00-04:00,31.75039134367637,31.81681632995605,31.496776657335264,31.816816329956055,8155706,0.0,0.0
2014-03-13 00:00:00-04:00,31.943628453997302,32.05232084791521,31.200894080273695,31.2431640625,6134984,0.0,0.0
2014-03-14 00:00:00-04:00,31.15861926457121,31.412236534057076,31.031811922092896,31.22504425048828,4653495,0.0,0.0
2014-03-17 00:00:00-04:00,31.575302964241335,31.7383429592985,31.18883798221927,31.29753303527832,5583072,0.0,0.0
2014-03-18 00:00:00-04:00,31.351856460373863,31.653781212700387,31.27939400290957,31.61151123046875,4871724,0.0,0.0
2014-03-19 00:00:00-04:00,31.641701283639673,32.2334758205251,31.593393843871123,32.064395904541016,9134539,0.0,0.0
2014-03-20 00:00:00-04:00,32.02211896349617,32.589735734482694,31.99796395854837,32.39650344848633,6230578,0.0,0.0
2014-03-21 00:00:00-04:00,32.72259788063542,32.819212775031474,32.22140326996245,32.257633209228516,9238099,0.0,0.0
2014-03-24 00:00:00-04:00,32.444818376122136,32.632013246431264,32.07647126493108,32.311973571777344,5792213,0.0,0.0
2014-03-25 00:00:00-04:00,32.801089381432064,32.90978175584574,32.28177993449497,32.770896911621094,8638951,0.0,0.0
2014-03-26 00:00:00-04:00,32.95206402060703,33.09094891663153,32.27575192769147,32.354251861572266,8202942,0.0,0.0
2014-03-27 00:00:00-04:00,32.227421282385,32.269691242372005,31.496764800075894,31.617534637451172,6649533,0.0,0.0
2014-03-28 00:00:00-04:00,31.702086878007957,31.973819139860463,31.460547089694618,31.738319396972656,5317046,0.0,0.0
2014-03-31 00:00:00-04:00,31.961733919397403,32.191198730536065,31.798696669259435,31.88323402404785,5900261,0.0,0.0
2014-04-01 00:00:00-04:00,32.86751227184067,32.86751227184067,32.13081548054986,32.26970291137695,6656602,0.0,0.0
2014-04-02 00:00:00-04:00,32.31198011816088,32.625979811532986,32.16705519465854,32.390480041503906,6552031,0.0,0.0
2014-04-03 00:00:00-04:00,32.414633938351635,32.61994382517679,32.245556576305574,32.5595588684082,6235739,0.0,0.0
2014-04-04 00:00:00-04:00,32.79505554393055,32.87959291802205,31.8590888764004,31.90739631652832,6407518,0.0,0.0
2014-04-07 00:00:00-04:00,31.85304507255594,31.877200082034463,30.83254115134857,31.019733428955078,11487148,0.0,0.0
2014-04-08 00:00:00-04:00,30.911042039911933,31.32769658271871,30.627232299880824,31.22504425048828,9167413,0.0,0.0
2014-04-09 00:00:00-04:00,31.351839961414253,31.629609553566077,30.91103057190015,31.617534637451172,5279795,0.0,0.0
2014-04-10 00:00:00-04:00,31.635664272930153,31.665856746281207,30.4158878326416,30.4158878326416,8228299,0.0,0.0
2014-04-11 00:00:00-04:00,30.18039224556216,30.415892019399333,29.67919505132109,29.703350067138672,11843047,0.0,0.0
2014-04-14 00:00:00-04:00,30.083770682300887,30.337387975832144,29.43765381899796,29.81203842163086,9413804,0.0,0.0
2014-04-15 00:00:00-04:00,29.920732252203923,30.252849475709017,29.552385092673756,30.120004653930664,6744454,0.0,0.0
2014-04-16 00:00:00-04:00,30.40380630968473,30.530616231723727,30.029421757215946,30.52457618713379,6231027,0.0,0.0
2014-04-17 00:00:00-04:00,30.48834222901092,31.158613926472512,30.440034801320422,30.91707420349121,5983514,0.0,0.0
2014-04-21 00:00:00-04:00,30.627239435793417,30.941241719529895,30.627239435793417,30.88689422607422,5084119,0.0,0.0
2014-04-22 00:00:00-04:00,30.880867467129857,31.472639715886825,30.778212490873983,31.339792251586914,7071742,0.0,0.0
2014-04-23 00:00:00-04:00,31.29146436704727,31.533004113772527,31.273349402948682,31.34581184387207,4753016,0.0,0.0
2014-04-24 00:00:00-04:00,31.508850107275343,31.58735000411256,31.049923060829673,31.369962692260742,5468852,0.0,0.0
2014-04-25 00:00:00-04:00,31.30957908338558,31.34581159582508,30.693652217204328,30.85065460205078,6592087,0.0,0.0
2014-04-28 00:00:00-04:00,31.074082379197552,31.11031231060146,30.301155638170172,30.772157669067383,9517702,0.0,0.0
2014-04-29 00:00:00-04:00,31.03181275595997,31.345814974973983,30.911042870533755,31.303544998168945,6233271,0.0,0.0
2014-04-30 00:00:00-04:00,31.303549016907546,31.76247360663201,31.05597175381165,31.61151123046875,6194338,0.0,0.0
2014-05-01 00:00:00-04:00,30.84462394975107,31.472625874151863,30.748006479784305,31.1405086517334,9712705,0.0,0.0
2014-05-02 00:00:00-04:00,31.29147215861569,31.68397434477718,31.03785484449771,31.333742141723633,7758967,0.0,0.0
2014-05-05 00:00:00-04:00,31.092193935808265,31.26127123803689,30.88688412161915,31.11634635925293,3374191,0.0,0.0
2014-05-06 00:00:00-04:00,31.007665425238088,31.02578039563299,30.138123585513302,30.156238555908203,9087527,0.0,0.0
2014-05-07 00:00:00-04:00,30.314343682226244,30.703536029647957,30.180561252897842,30.466371536254883,7222314,0.311943,0.0
2014-05-08 00:00:00-04:00,30.454212728174284,31.402865537884235,30.448130052083293,31.3785400390625,12455883,0.0,0.0
2014-05-09 00:00:00-04:00,31.27516826171779,31.36030231589547,30.940706913772573,31.19611167907715,6404152,0.0,0.0
2014-05-12 00:00:00-04:00,31.396768433901418,31.67041583196929,31.287306351350626,31.633930206298828,6642016,0.0,0.0
2014-05-13 00:00:00-04:00,31.688661247574224,31.755552428893306,31.40284850392326,31.633930206298828,5301674,0.0,0.0
2014-05-14 00:00:00-04:00,31.512317485424884,31.52448023190563,30.861637877794955,30.965017318725586,7943984,0.0,0.0
2014-05-15 00:00:00-04:00,30.800834688452124,30.819077511490903,29.833939039685134,30.13799476623535,12949002,0.0,0.0
2014-05-16 00:00:00-04:00,30.229215966828686,30.27786436973646,29.83394346369926,30.065025329589844,8661391,0.0,0.0
2014-05-19 00:00:00-04:00,30.083256799690677,30.38123238452656,29.97987995857304,30.35690689086914,4542641,0.0,0.0
2014-05-20 00:00:00-04:00,30.308251605142413,30.375145396083337,29.949467573399147,30.125818252563477,5229530,0.0,0.0
2014-05-21 00:00:00-04:00,30.314344941086087,30.685294481982936,30.259616473025677,30.53934669494629,4190670,0.0,0.0
2014-05-22 00:00:00-04:00,30.5211019605875,30.843400483771074,30.448128071639854,30.75826644897461,4106632,0.0,0.0
2014-05-23 00:00:00-04:00,30.81299240202351,30.91028917750903,30.6974528064808,30.86772346496582,3752192,0.0,0.0
2014-05-27 00:00:00-04:00,30.922445551402102,31.61569339284903,30.89203998998373,31.354206085205078,7499336,0.0,0.0
2014-05-28 00:00:00-04:00,31.287319946754586,31.323808191050134,30.95894136471966,31.019752502441406,5999222,0.0,0.0
2014-05-29 00:00:00-04:00,31.23258838179838,31.287316838648685,30.67312544978163,30.904207229614258,5699648,0.0,0.0
2014-05-30 00:00:00-04:00,30.843393020716142,31.104880340300774,30.7704191494257,30.971097946166992,4863646,0.0,0.0
2014-06-02 00:00:00-04:00,31.135298484677584,31.591382111080364,31.02583893489519,31.49408531188965,5316821,0.0,0.0
2014-06-03 00:00:00-04:00,31.421096208860174,32.41231695677916,31.38461057750909,32.35758590698242,10464109,0.0,0.0
2014-06-04 00:00:00-04:00,32.46705141813218,33.403541214658425,32.41840303696218,33.31232452392578,16860855,0.0,0.0
2014-06-05 00:00:00-04:00,33.44003298147423,33.610303634922744,32.977866804661794,33.10557174682617,8761249,0.0,0.0
2014-06-06 00:00:00-04:00,33.12990482975178,33.43396059114488,33.06301360335388,33.324501037597656,6341768,0.0,0.0
2014-06-09 00:00:00-04:00,33.25151713921224,33.573818231625374,33.03259809792282,33.239356994628906,6458793,0.0,0.0
2014-06-10 00:00:00-04:00,33.68935951802662,33.68935951802662,33.27584430659893,33.47652053833008,7271345,0.0,0.0
2014-06-11 00:00:00-04:00,33.31841703415612,33.5738243641598,33.221117640322205,33.3670654296875,4900672,0.0,0.0
2014-06-12 00:00:00-04:00,33.379232679846105,33.51909781189627,32.910986278833356,33.03868865966797,5573311,0.0,0.0
2014-06-13 00:00:00-04:00,33.111658508819005,33.318417445846066,32.95355057069561,33.12382125854492,4395098,0.0,0.0
2014-06-16 00:00:00-04:00,33.002192299199,33.208948591682685,32.88665010430323,33.10557174682617,4345955,0.0,0.0
2014-06-17 00:00:00-04:00,33.05083880589657,34.254898661600386,33.05083880589657,34.14543914794922,10488456,0.0,0.0
2014-06-18 00:00:00-04:00,33.96908116672304,34.41908450890512,33.87178441300429,34.382598876953125,8639400,0.0,0.0
2014-06-19 00:00:00-04:00,34.42517499074355,34.42517499074355,34.12720196563631,34.2244987487793,6542045,0.0,0.0
2014-06-20 00:00:00-04:00,34.333960932752014,34.58328818831883,34.206258569665664,34.327880859375,7857927,0.0,0.0
2014-06-23 00:00:00-04:00,34.32787218959547,34.516385649925894,34.14543880110648,34.3886833190918,5492863,0.0,0.0
2014-06-24 00:00:00-04:00,34.08462905883789,34.54679262071163,33.99949503574041,34.08462905883789,5400410,0.0,0.0
2014-06-25 00:00:00-04:00,33.96300877199027,34.035982655158,33.61030470657875,34.005577087402344,5859196,0.0,0.0
2014-06-26 00:00:00-04:00,33.8657112121582,33.90219685151192,33.29408551047883,33.8657112121582,5147512,0.0,0.0
2014-06-27 00:00:00-04:00,33.82313929377739,33.90219323913413,33.46435259968937,33.78057098388672,6969976,0.0,0.0
2014-06-30 00:00:00-04:00,33.57989654017903,33.932600578295876,33.537328228061185,33.78665542602539,4658432,0.0,0.0
2014-07-01 00:00:00-04:00,33.80489693409436,34.43733110828802,33.80489693409436,34.16368103027344,4651027,0.0,0.0
2014-07-02 00:00:00-04:00,34.14544157796307,34.58328226649785,34.04814480396453,34.11503601074219,4270556,0.0,0.0
2014-07-03 00:00:00-04:00,34.479901284349815,35.00895865102432,34.479901284349815,34.796119689941406,5142014,0.0,0.0
2014-07-07 00:00:00-04:00,34.656250622116616,34.686658789543046,34.24273546334968,34.431251525878906,3583892,0.0,0.0
2014-07-08 00:00:00-04:00,34.42516839400148,34.42516839400148,33.93867936596839,34.04814147949219,5153234,0.0,0.0
2014-07-09 00:00:00-04:00,34.27922588806105,34.516387745835424,34.15152094670196,34.26706314086914,4443344,0.0,0.0
2014-07-10 00:00:00-04:00,33.46435363033563,33.87786879035833,33.245434605256115,33.71976089477539,5646016,0.0,0.0
2014-07-11 00:00:00-04:00,33.61637780766436,34.01165010651647,33.512998378179766,33.89611053466797,4767827,0.0,0.0
2014-07-14 00:00:00-04:00,34.340034726064495,34.50422529525468,34.00557351587987,34.13935852050781,10350562,0.0,0.0
2014-07-15 00:00:00-04:00,34.279223596940014,34.45557430973872,33.853545693068675,34.13935852050781,4786228,0.0,0.0
2014-07-16 00:00:00-04:00,34.43126236806764,34.47991076628216,33.89612478216541,34.0299072265625,3838362,0.0,0.0
2014-07-17 00:00:00-04:00,33.78665599428872,34.21841398916021,33.33056990280717,33.458274841308594,7247783,0.0,0.0
2014-07-18 00:00:00-04:00,33.695442926754495,34.01165876411209,33.421790201275115,33.95084762573242,4562052,0.0,0.0
2014-07-21 00:00:00-04:00,33.81706342868687,33.93868570842389,33.53733322640009,33.75625228881836,3492449,0.0,0.0
2014-07-22 00:00:00-04:00,33.89611560457825,33.963006808665575,33.14813920158196,33.75016784667969,7249691,0.0,0.0
2014-07-23 00:00:00-04:00,33.81704346261772,33.85961175594693,33.40352847621123,33.61636734008789,4008794,0.0,0.0
2014-07-24 00:00:00-04:00,33.70759745125934,33.73192294366313,33.39138166663272,33.53732681274414,6673656,0.0,0.0
2014-07-25 00:00:00-04:00,33.5312470852768,33.68327490743518,33.105569183233364,33.29408264160156,5512947,0.0,0.0
2014-07-28 00:00:00-04:00,33.251527686318774,33.39747549531893,32.78328128544574,33.33058166503906,5857064,0.0,0.0
2014-07-29 00:00:00-04:00,33.28801077735577,33.409633065069805,32.85625009430829,32.892738342285156,5935492,0.0,0.0
2014-07-30 00:00:00-04:00,32.977866804661794,33.354896353364644,32.874487357034624,33.10557174682617,8190376,0.0,0.0
2014-07-31 00:00:00-04:00,32.70421947600038,32.85016725005468,31.865026282115355,31.986648559570312,11244460,0.0,0.0
2014-08-01 00:00:00-04:00,31.804211114817488,32.04745563891615,31.500155459694163,31.700834274291992,7595603,0.0,0.0
2014-08-04 00:00:00-04:00,31.816373859566035,31.94407879637209,31.494075385709788,31.852859497070312,6931492,0.0,0.0
2014-08-05 00:00:00-04:00,31.646106157416238,31.743402934993213,31.29948215779573,31.421104431152344,9246065,0.0,0.0
2014-08-06 00:00:00-04:00,31.255801992559636,31.57417710014728,31.19457611112056,31.427236557006836,7116397,0.311943,0.0
2014-08-07 00:00:00-04:00,31.65376440593585,31.874179110931458,31.170081603751065,31.274166107177734,7044589,0.0,0.0
2014-08-08 00:00:00-04:00,31.298641996503143,31.672118602681294,31.108842925269133,31.653751373291016,5790081,0.0,0.0
2014-08-11 00:00:00-04:00,31.80070213001133,31.831315059895704,31.531307298820316,31.684371948242188,8715584,0.0,0.0
2014-08-12 00:00:00-04:00,31.451724054054957,32.002756964524785,31.451724054054957,31.935409545898438,5070879,0.0,0.0
2014-08-13 00:00:00-04:00,32.168064099049474,32.26602444721052,31.935406306775608,32.10683822631836,5403103,0.0,0.0
2014-08-14 00:00:00-04:00,32.13744902826416,32.42521113509296,32.125203330426864,32.40684127807617,4303319,0.0,0.0
2014-08-15 00:00:00-04:00,32.48031780573811,32.59052386206364,31.794587447847345,32.13133239746094,4375127,0.0,0.0
2014-08-18 00:00:00-04:00,32.388480156177174,32.798694077779494,32.31500857580446,32.74971389770508,5579033,0.0,0.0
2014-08-19 00:00:00-04:00,32.82317562522003,33.01909628670625,32.61500664673918,32.835418701171875,6102109,0.0,0.0
2014-08-20 00:00:00-04:00,32.755825103137255,32.98848285047943,32.670110470180326,32.87827682495117,3667706,0.0,0.0
2014-08-21 00:00:00-04:00,32.86604534289364,33.16605323929662,32.578283148072465,33.02523422241211,6607458,0.0,0.0
2014-08-22 00:00:00-04:00,32.90277478380947,33.172167053248906,32.755831640099316,32.810935974121094,4551730,0.0,0.0
2014-08-25 00:00:00-04:00,33.00684541344975,33.30685313764467,32.915009255607515,33.208892822265625,4112803,0.0,0.0
2014-08-26 00:00:00-04:00,33.22113980742493,33.410941544033555,33.16603810623246,33.392574310302734,3721786,0.0,0.0
2014-08-27 00:00:00-04:00,33.429310406359285,33.66809231805674,33.36808454392624,33.50890350341797,6008871,0.0,0.0
2014-08-28 00:00:00-04:00,33.23951722963719,33.39258191311258,32.872161989296245,33.300743103027344,4780281,0.0,0.0
2014-08-29 00:00:00-04:00,33.36807918339035,33.56400243580559,33.251751635768265,33.51502227783203,4564857,0.0,0.0
2014-09-02 00:00:00-04:00,33.60074847729613,34.05382099084346,33.58850539897477,33.882389068603516,7127617,0.0,0.0
2014-09-03 00:00:00-04:00,34.066060554008516,34.145653651371255,33.74156138545659,33.784420013427734,4756607,0.0,0.0
2014-09-04 00:00:00-04:00,33.85176525128642,34.16401605855698,33.85176525128642,33.931358337402344,7159482,0.0,0.0
2014-09-05 00:00:00-04:00,33.76605332450474,33.90075074865345,33.52114986987851,33.83340072631836,5847303,0.0,0.0
2014-09-08 00:00:00-04:00,33.796675549295394,33.99872043081336,33.44156596654833,33.576263427734375,4375800,0.0,0.0
2014-09-09 00:00:00-04:00,33.55788580572068,33.57625566203724,33.166041833515294,33.2395133972168,5337466,0.0,0.0
2014-09-10 00:00:00-04:00,33.37420437017725,33.741556876568104,33.343588822413516,33.49053192138672,3598254,0.0,0.0
2014-09-11 00:00:00-04:00,33.20890382956698,33.61911769966155,33.20890382956698,33.496665954589844,4023380,0.0,0.0
2014-09-12 00:00:00-04:00,33.60074901822959,34.02320860173085,33.545647303330696,33.96198272705078,7081391,0.0,0.0
2014-09-15 00:00:00-04:00,33.94973590452359,33.94973590452359,33.53952203363781,33.71095657348633,4454677,0.0,0.0
2014-09-16 00:00:00-04:00,33.51503862892262,33.99872152810385,33.508914468362484,33.82728958129883,3684536,0.0,0.0
2014-09-17 00:00:00-04:00,33.93134786312198,34.096658142038315,33.570114387731486,33.84563064575195,6284434,0.0,0.0
2014-09-18 00:00:00-04:00,34.10280126117274,34.50076944130056,34.004840911196204,34.21913146972656,8071444,0.0,0.0
2014-09-19 00:00:00-04:00,34.41505654094308,34.64771698760231,34.12117283316359,34.26811599731445,7408454,0.0,0.0
2014-09-22 00:00:00-04:00,34.17014137621714,34.22524569913605,33.79666467361092,33.80891036987305,4794979,0.0,0.0
2014-09-23 00:00:00-04:00,33.717071962500924,33.98646418072763,33.43543142735131,33.521148681640625,5290454,0.0,0.0
2014-09-24 00:00:00-04:00,33.539516120865514,33.99258854684006,33.46604718305031,33.949729919433594,3970421,0.0,0.0
2014-09-25 00:00:00-04:00,33.85788682365619,33.85788682365619,33.110930879787,33.12317657470703,5938970,0.0,0.0
2014-09-26 00:00:00-04:00,33.23951442482493,33.36808769988625,32.97624371556691,33.184410095214844,5440354,0.0,0.0
2014-09-29 00:00:00-04:00,32.78644292703288,33.21502401734817,32.49255927492103,33.00685501098633,5839337,0.0,0.0
2014-09-30 00:00:00-04:00,33.110934050758594,33.361961648835965,32.872154769295314,32.89052200317383,6018745,0.0,0.0
2014-10-01 00:00:00-04:00,32.74969670927125,32.780309633316065,31.892534836016345,31.97212791442871,7835038,0.0,0.0
2014-10-02 00:00:00-04:00,32.01500807201166,32.34562630182438,31.763980353639294,32.1741943359375,5886124,0.0,0.0
2014-10-03 00:00:00-04:00,32.480307578394815,32.82929549730535,32.40683602380503,32.65786361694336,5155366,0.0,0.0
2014-10-06 00:00:00-04:00,32.73134660281092,32.86604144265897,32.308886981768445,32.44358444213867,4940166,0.0,0.0
2014-10-07 00:00:00-04:00,32.1558206995096,32.31500693178342,31.494581750839963,31.512948989868164,6275234,0.0,0.0
2014-10-08 00:00:00-04:00,31.323140499866923,31.831314604574253,31.11497153142235,31.819068908691406,9683197,0.0,0.0
2014-10-09 00:00:00-04:00,31.739489564981263,31.819082691915597,30.710895214122626,30.82722282409668,11378763,0.0,0.0
2014-10-10 00:00:00-04:00,30.790474612340084,30.90680479096777,30.441486696978263,30.44761085510254,10305009,0.0,0.0
2014-10-13 00:00:00-04:00,30.45985721061573,30.717006366497614,29.93331582232738,29.982295989990234,10068043,0.0,0.0
2014-10-14 00:00:00-04:00,30.123116325474218,30.3496525593102,29.84147838320568,29.933317184448242,11343420,0.0,0.0
2014-10-15 00:00:00-04:00,29.400654644604735,29.400654644604735,28.255732900813193,29.21085548400879,21619145,0.0,0.0
2014-10-16 00:00:00-04:00,29.125128759313103,29.68228560244215,28.727163329251006,29.302684783935547,17690462,0.0,0.0
2014-10-17 00:00:00-04:00,29.700656991001022,30.08637940067302,29.57208110742941,29.914947509765625,9019982,0.0,0.0
2014-10-20 00:00:00-04:00,29.804739342593834,30.14148156220238,29.62718330586447,30.092498779296875,5550983,0.0,0.0
2014-10-21 00:00:00-04:00,30.410870765958602,30.94353620308527,30.386381997442566,30.894556045532227,8149871,0.0,0.0
2014-10-22 00:00:00-04:00,30.86395148525715,31.03538339342039,30.570067839759922,30.582313537597656,6172234,0.0,0.0
2014-10-23 00:00:00-04:00,31.023135018610887,31.255792775365194,30.79660142050784,30.863948822021484,6314616,0.0,0.0
2014-10-24 00:00:00-04:00,30.863941874474918,31.151703891707353,30.741490175271405,31.096599578857422,7117070,0.0,0.0
2014-10-27 00:00:00-04:00,30.96189956368361,31.610895086815887,30.784346187186785,31.51905632019043,8147627,0.0,0.0
2014-10-28 00:00:00-04:00,31.788457411196234,31.984380692583578,31.57416689541788,31.923154830932617,6502102,0.0,0.0
2014-10-29 00:00:00-04:00,31.984382123995804,32.1864269523819,31.721111431218684,32.02724075317383,7138164,0.0,0.0
2014-10-30 00:00:00-04:00,32.48030694697589,32.58439142891124,32.014991477821766,32.45581817626953,5883095,0.0,0.0
2014-10-31 00:00:00-04:00,33.031336802555,33.25175144293933,32.80480062515486,33.208892822265625,7725868,0.0,0.0
2014-11-03 00:00:00-05:00,33.380321930159084,33.417056390264946,33.104805617802846,33.24562454223633,5812184,0.0,0.0
2014-11-04 00:00:00-05:00,32.823188807474494,33.34360622164079,32.76196292104053,33.15993118286133,5243443,0.0,0.0
2014-11-05 00:00:00-05:00,33.52350603870381,33.60978084965804,33.258522887297,33.54815673828125,6211729,0.311943,0.0
2014-11-06 00:00:00-05:00,33.46802992446088,33.55430205661323,33.042822704168465,33.40024185180664,6642913,0.0,0.0
2014-11-07 00:00:00-05:00,33.424908850265794,33.665241304502,33.22154717063235,33.652915954589844,5446749,0.0,0.0
2014-11-10 00:00:00-05:00,33.59744889234543,33.83778393447555,33.511174098358644,33.813133239746094,5446749,0.0,0.0
2014-11-11 00:00:00-05:00,33.73302883602799,34.01033733528029,33.68373007478539,33.99184799194336,4315885,0.0,0.0
2014-11-12 00:00:00-05:00,33.6837345979035,33.99185255643615,33.66524525208378,33.96104049682617,4108876,0.0,0.0
2014-11-13 00:00:00-05:00,34.01649679278002,34.01649679278002,33.41258106673926,33.61594009399414,8264428,0.0,0.0
2014-11-14 00:00:00-05:00,33.498855934229105,33.81929918379713,33.498855934229105,33.603614807128906,6109066,0.0,0.0
2014-11-17 00:00:00-05:00,33.585125588672575,33.739185846190644,33.39409192437676,33.57896423339844,6358711,0.0,0.0
2014-11-18 00:00:00-05:00,33.66523520495807,33.924056955952025,33.58512440139399,33.75767135620117,4661125,0.0,0.0
2014-11-19 00:00:00-05:00,33.6529021359493,33.85009974086945,33.55430465227211,33.78231430053711,3995330,0.0,0.0
2014-11-20 00:00:00-05:00,33.406423578625024,33.806980323785126,33.25236329202498,33.77000427246094,5346554,0.0,0.0
2014-11-21 00:00:00-05:00,34.2445063740744,34.509489507720616,34.12741951527957,34.39240264892578,9215996,0.0,0.0
2014-11-24 00:00:00-05:00,34.509490376395654,34.712849407914426,34.44170491174497,34.682037353515625,5554798,0.0,0.0
2014-11-25 00:00:00-05:00,34.81144545366219,34.87923091030812,34.31228864880671,34.38623809814453,6798310,0.0,0.0
2014-11-26 00:00:00-05:00,34.503320319548976,34.534132366177644,34.23217325419024,34.42937088012695,3105247,0.0,0.0
2014-11-28 00:00:00-05:00,34.42321002746623,34.66354506811351,34.19520297167393,34.26914978027344,2279455,0.0,0.0
2014-12-01 00:00:00-05:00,33.98567926703246,34.0596287116459,33.3756022834956,33.52349853515625,7905724,0.0,0.0
2014-12-02 00:00:00-05:00,33.708368190108565,34.01032729966482,33.67755614372797,33.94253921508789,4088231,0.0,0.0
2014-12-03 00:00:00-05:00,34.02265958733643,34.24450531151325,33.874760679507496,34.13974380493164,4642275,0.0,0.0
2014-12-04 00:00:00-05:00,34.071953738658955,34.07811509333294,33.683722455042606,34.00416564941406,4743143,0.0,0.0
2014-12-05 00:00:00-05:00,34.23833756211343,35.13188428502729,34.22601221583497,34.72516632080078,9336274,0.0,0.0
2014-12-08 00:00:00-05:00,34.72517714469987,35.00248565335533,34.515654105355644,34.73133850097656,5475248,0.0,0.0
2014-12-09 00:00:00-05:00,34.36776003918634,34.68204198096048,33.98568998615018,34.6389045715332,5296850,0.0,0.0
2014-12-10 00:00:00-05:00,34.69436696709544,34.69436696709544,33.85628003946481,33.86860275268555,8300332,0.0,0.0
2014-12-11 00:00:00-05:00,34.01033013996578,34.47251087427278,33.94254204972767,34.02265548706055,8397497,0.0,0.0
2014-12-12 00:00:00-05:00,33.44339237334008,33.67140209352991,32.53135613014734,32.549842834472656,10461528,0.0,0.0
2014-12-15 00:00:00-05:00,32.857956748672585,32.882607441186956,31.687098967995446,31.847320556640625,9934637,0.0,0.0
2014-12-16 00:00:00-05:00,31.582345362597444,32.07533823538362,31.200277996241542,31.212600708007812,11720412,0.0,0.0
2014-12-17 00:00:00-05:00,31.434449730445227,32.02604013494106,31.378986976088274,31.915117263793945,9769142,0.0,0.0
2014-12-18 00:00:00-05:00,32.364974822942926,33.29549789428711,32.34648811615756,33.29549789428711,11292032,0.0,0.0
2014-12-19 00:00:00-05:00,32.97503923513513,33.40640783431287,32.790164340778944,33.166072845458984,13345741,0.0,0.0
2014-12-22 00:00:00-05:00,33.26468639331242,33.31398515808667,32.97505516117606,33.30166244506836,5580491,0.0,0.0
2014-12-23 00:00:00-05:00,33.468032830364166,34.17054584273944,33.41873145049295,33.89939880371094,7185961,0.0,0.0
2014-12-24 00:00:00-05:00,34.03497956503471,34.102767657998385,33.70221100549379,33.80697250366211,2708845,0.0,0.0
2014-12-26 00:00:00-05:00,33.91789473599682,34.08427769393857,33.79464653748216,33.813133239746094,2508231,0.0,0.0
2014-12-29 00:00:00-05:00,33.671398278743546,34.18287777415132,33.659072931400864,33.82545852661133,3210266,0.0,0.0
2014-12-30 00:00:00-05:00,33.64674696863542,34.04730360576519,33.56047217638097,33.83161926269531,3104462,0.0,0.0
2014-12-31 00:00:00-05:00,34.004175014691235,34.02266435893787,33.320148404574034,33.33247375488281,3547315,0.0,0.0
2015-01-02 00:00:00-05:00,33.57280798345813,33.7453549841596,33.0490029870915,33.22154998779297,4388927,0.0,0.0
2015-01-05 00:00:00-05:00,32.919598773405454,33.049008385678974,31.970586158174605,32.11232376098633,7315664,0.0,0.0
2015-01-06 00:00:00-05:00,32.16777721829333,32.19858927554291,30.98459632996304,31.138656616210938,13546916,0.0,0.0
2015-01-07 00:00:00-05:00,31.508405598779408,31.75489945281385,31.237258402990545,31.55154037475586,8782006,0.0,0.0
2015-01-08 00:00:00-05:00,31.71175777743877,32.204750653383826,31.668620373280227,32.032203674316406,9064301,0.0,0.0
2015-01-09 00:00:00-05:00,32.01988828684568,32.118485837683394,31.342022871525568,31.44062042236328,8672499,0.0,0.0
2015-01-12 00:00:00-05:00,31.508393149706716,31.551527908640477,30.824364073233646,31.077024459838867,8270823,0.0,0.0
2015-01-13 00:00:00-05:00,31.32352149410885,31.57002055167846,30.34369980713663,30.694957733154297,15046693,0.0,0.0
2015-01-14 00:00:00-05:00,30.201956587759675,30.46693963888062,29.6288530963665,30.1588191986084,12537228,0.0,0.0
2015-01-15 00:00:00-05:00,30.306719311682834,30.46077953815647,29.382357952841012,29.567230224609375,11654663,0.0,0.0
2015-01-16 00:00:00-05:00,29.561066165677587,30.20195776137449,29.493280721209963,30.189632415771484,7905051,0.0,0.0
2015-01-20 00:00:00-05:00,30.325219283487225,30.399168752072494,29.715139464617607,30.035585403442383,7734844,0.0,0.0
2015-01-21 00:00:00-05:00,29.801398772264886,30.38066623083933,29.536415732197487,30.3621768951416,11265217,0.0,0.0
2015-01-22 00:00:00-05:00,30.627171305875887,30.972267895245682,30.232778594896164,30.941455841064453,10110342,0.0,0.0
2015-01-23 00:00:00-05:00,30.873675562476638,31.052386577038444,30.029427174038275,30.054075241088867,10935236,0.0,0.0
2015-01-26 00:00:00-05:00,30.140338531840673,30.189637284637467,29.955466230677928,30.066389083862305,10218278,0.0,0.0
2015-01-27 00:00:00-05:00,29.659671783447262,29.900004198148785,29.443987426948595,29.659671783447266,11805235,0.0,0.0
2015-01-28 00:00:00-05:00,29.961621920815354,29.961621920815354,28.85238832356282,28.864713668823242,12233166,0.0,0.0
2015-01-29 00:00:00-05:00,28.91401937013899,29.197489165654886,28.53811079014084,28.883207321166992,16734854,0.0,0.0
2015-01-30 00:00:00-05:00,28.593578756399936,29.209819848406404,28.408706428797995,28.655202865600586,14651525,0.0,0.0
2015-02-02 00:00:00-05:00,28.784603378061536,29.56106585452072,28.704492588834146,29.4932804107666,9669733,0.0,0.0
2015-02-03 00:00:00-05:00,29.65966853247461,30.331369586548853,29.653504540424713,30.26358413696289,14535398,0.0,0.0
2015-02-04 00:00:00-05:00,30.2139457778875,30.567725149344657,30.133259907046362,30.269804000854492,12151933,0.311943,0.0
2015-02-05 00:00:00-05:00,30.01531879901555,30.57391671150521,29.785672459247845,30.400131225585938,10393086,0.0,0.0
2015-02-06 00:00:00-05:00,30.952517952189172,31.18216427008093,30.772526902543078,30.784940719604492,14096247,0.0,0.0
2015-02-09 00:00:00-05:00,30.505648091258177,30.909082653478944,30.387723435792918,30.75391387939453,8719623,0.0,0.0
2015-02-10 00:00:00-05:00,31.113904374114675,31.244242862756305,30.74771123897952,31.051837921142578,11018264,0.0,0.0
2015-02-11 00:00:00-05:00,31.033213271774482,31.368373152470102,30.865635987925895,31.287687301635742,8431045,0.0,0.0
2015-02-12 00:00:00-05:00,31.430424778068073,31.69730984642938,30.828379987068303,31.238019943237305,7707579,0.0,0.0
2015-02-13 00:00:00-05:00,31.269063889366596,31.62904870912467,31.15734217245988,31.56698226928711,8866493,0.0,0.0
2015-02-17 00:00:00-05:00,31.548372506406427,32.10697068262786,31.52975309849903,32.08214569091797,7865444,0.0,0.0
2015-02-18 00:00:00-05:00,31.902146124754246,31.99524580398796,31.399408919491975,31.461475372314453,7048516,0.0,0.0
2015-02-19 00:00:00-05:00,31.35594999469694,31.76558736556942,31.29388356538302,31.71593475341797,5121481,0.0,0.0
2015-02-20 00:00:00-05:00,31.535947629973542,32.03868470743064,31.188373988627742,32.02006530761719,6548441,0.0,0.0
2015-02-23 00:00:00-05:00,31.939380908312472,31.989033528882747,31.436641151728903,31.56698226928711,4763114,0.0,0.0
2015-02-24 00:00:00-05:00,31.58561229178821,32.02628310022747,31.511132007636565,31.895944595336914,6076303,0.0,0.0
2015-02-25 00:00:00-05:00,31.740761918494684,31.926961203683707,31.529734999347767,31.753175735473633,3865402,0.0,0.0
2015-02-26 00:00:00-05:00,31.777994977394812,31.914541626521444,31.52352372949811,31.672481536865234,4754138,0.0,0.0
2015-02-27 00:00:00-05:00,31.56698669904581,31.86490512077287,31.548364639282227,31.548364639282227,7333616,0.0,0.0
2015-03-02 00:00:00-05:00,31.548352610363146,32.16901951568404,31.411808600820752,32.162811279296875,6864733,0.0,0.0
2015-03-03 00:00:00-05:00,31.920763595733533,32.22488757693229,31.778008649569834,32.18764877319336,6180313,0.0,0.0
2015-03-04 00:00:00-05:00,31.92697320976301,32.05110611323564,31.734568271980184,31.908353805541992,7519756,0.0,0.0
2015-03-05 00:00:00-05:00,32.03868274319843,32.24970967880995,31.852483443481884,32.113162994384766,6534191,0.0,0.0
2015-03-06 00:00:00-05:00,32.317973815161174,33.106217856457185,32.2497018178394,32.6717529296875,12973237,0.0,0.0
2015-03-09 00:00:00-04:00,32.54762686993455,32.733826163031395,32.373841394343856,32.47935485839844,6058912,0.0,0.0
2015-03-10 00:00:00-04:00,31.98903836301912,32.03248540877084,31.36837387084961,31.36837387084961,9264915,0.0,0.0
2015-03-11 00:00:00-04:00,31.405609648759082,31.796630366311977,31.362165263696784,31.560775756835938,5936165,0.0,0.0
2015-03-12 00:00:00-04:00,31.722143705981825,32.18764193633904,31.62904405991038,32.175228118896484,5779310,0.0,0.0
2015-03-13 00:00:00-04:00,32.07592006838263,32.25591377911372,31.579391281759182,31.87110137939453,8470651,0.0,0.0
2015-03-16 00:00:00-04:00,32.09454557795096,32.27453665156115,31.889724210413615,32.224884033203125,6630347,0.0,0.0
2015-03-17 00:00:00-04:00,32.02005479690867,32.212459625988004,31.852474940598793,32.02626037597656,5214495,0.0,0.0
2015-03-18 00:00:00-04:00,31.840070137622753,32.41108186390353,31.71593726914861,32.06351089477539,9595681,0.0,0.0
2015-03-19 00:00:00-04:00,31.958001713941975,32.06972077926134,31.238032042773607,31.41181755065918,7539616,0.0,0.0
2015-03-20 00:00:00-04:00,31.579406082807672,32.0386962890625,31.37458464132271,32.0386962890625,11477611,0.0,0.0
2015-03-23 00:00:00-04:00,31.95180085305729,32.36764395449109,31.902145566468725,31.908353805541992,5158732,0.0,0.0
2015-03-24 00:00:00-04:00,31.833871411746497,31.883524038528375,31.566986218357087,31.58560562133789,8992942,0.0,0.0
2015-03-25 00:00:00-04:00,31.598020879678845,31.691120555317553,31.213208355739,31.225622177124023,5025662,0.0,0.0
2015-03-26 00:00:00-04:00,31.064247518654327,31.598020581173298,31.020803128966147,31.39320182800293,7006778,0.0,0.0
2015-03-27 00:00:00-04:00,31.27526875532591,31.39319605091923,31.09527502131481,31.200788497924805,5234467,0.0,0.0
2015-03-30 00:00:00-04:00,31.492510064736354,31.82766998817955,31.41802978658236,31.610437393188477,5222012,0.0,0.0
2015-03-31 00:00:00-04:00,31.38698657239883,31.467672407852543,31.23182048248834,31.37457275390625,6047580,0.0,0.0
2015-04-01 00:00:00-04:00,31.188374678941486,31.38078223193591,31.064241802105915,31.200788497924805,4714420,0.0,0.0
2015-04-02 00:00:00-04:00,31.231817136069104,31.778001182731888,31.07665106278431,31.71593475341797,5597658,0.0,0.0
2015-04-06 00:00:00-04:00,31.33113299983535,31.80904250212194,31.163553066689833,31.759389877319336,7883957,0.0,0.0
2015-04-07 00:00:00-04:00,31.889722254170415,31.889722254170415,31.517326311080094,31.52973747253418,3575926,0.0,0.0
2015-04-08 00:00:00-04:00,31.666282141266525,31.864895246370743,31.51732430481218,31.71593475341797,5879280,0.0,0.0
2015-04-09 00:00:00-04:00,31.616632561343998,32.03868378985625,31.535946726797324,31.933170318603516,5234691,0.0,0.0
2015-04-10 00:00:00-04:00,31.846280926865294,31.92696676653931,31.523534911670378,31.54215431213379,5185211,0.0,0.0
2015-04-13 00:00:00-04:00,31.622849436139905,31.91456231737516,31.442858303483842,31.821462631225586,5919223,0.0,0.0
2015-04-14 00:00:00-04:00,31.33733908514148,31.55457164657916,31.09527888265412,31.312511444091797,8135173,0.0,0.0
2015-04-15 00:00:00-04:00,31.393198485312155,31.74697508652816,31.393198485312155,31.560775756835938,6827033,0.0,0.0
2015-04-16 00:00:00-04:00,31.554562499145042,31.81524202860102,31.355949397821515,31.653867721557617,5428460,0.0,0.0
2015-04-17 00:00:00-04:00,31.405608540038614,31.523535840613416,31.169756595387945,31.343542098999023,6473379,0.0,0.0
2015-04-20 00:00:00-04:00,31.5359491151379,31.765592817816703,31.442849455187396,31.4738826751709,4923224,0.0,0.0
2015-04-21 00:00:00-04:00,31.59181403259983,31.765599570148808,31.101490646533055,31.27527618408203,7241837,0.0,0.0
2015-04-22 00:00:00-04:00,31.262856640263756,31.722149372187747,30.98355765216108,31.684907913208008,7529742,0.0,0.0
2015-04-23 00:00:00-04:00,31.560775661792707,31.933174320055702,31.54215626017936,31.73456382751465,7033930,0.0,0.0
2015-04-24 00:00:00-04:00,31.684898029790237,31.827652926601477,31.349740942511396,31.442840576171875,4216588,0.0,0.0
2015-04-27 00:00:00-04:00,31.51111571105285,31.610423590729305,31.13871713938753,31.188369750976562,6048478,0.0,0.0
2015-04-28 00:00:00-04:00,31.25044354068223,31.598017216673796,30.989766604312337,31.560775756835938,6562690,0.0,0.0
2015-04-29 00:00:00-04:00,31.69111038886655,32.57245423347931,31.653868936658462,32.361427307128906,11089624,0.0,0.0
2015-04-30 00:00:00-04:00,32.299362463772795,32.39866769487717,31.784211596483946,31.833864212036133,7570134,0.0,0.0
2015-05-01 00:00:00-04:00,32.11937291257001,32.47315216110618,31.9828262097053,32.268333435058594,7408566,0.0,0.0
2015-05-04 00:00:00-04:00,32.417293923297,32.62832090447606,32.286955447950575,32.55384063720703,4586175,0.0,0.0
2015-05-05 00:00:00-04:00,32.39867360566989,32.77728051338767,32.274540715893394,32.34281539916992,5175225,0.0,0.0
2015-05-06 00:00:00-04:00,32.535208741568255,32.5786557688339,31.88971688175969,32.13798522949219,7344275,0.0,0.0
2015-05-07 00:00:00-04:00,32.44745826624441,32.95386545684818,31.69722776983388,32.553741455078125,10946793,0.334225,0.0
2015-05-08 00:00:00-04:00,32.46621681774166,32.78506641689027,32.06609545088037,32.66627883911133,8607647,0.0,0.0
2015-05-11 00:00:00-04:00,32.69752763631076,33.391492292643925,32.5849936227067,33.32271957397461,10609856,0.0,0.0
2015-05-12 00:00:00-04:00,33.29146662844831,33.47902424721991,33.00387935001626,33.203941345214844,8485686,0.0,0.0
2015-05-13 00:00:00-04:00,33.010131430634296,33.31022309667824,32.9476122220469,33.197689056396484,6762406,0.0,0.0
2015-05-14 00:00:00-04:00,33.31022876500389,33.43526720345619,33.07265626712017,33.22895431518555,5164005,0.0,0.0
2015-05-15 00:00:00-04:00,33.26020102598661,33.26020102598661,32.69127742201718,32.872581481933594,5520689,0.0,0.0
2015-05-18 00:00:00-04:00,32.96636818219388,33.32898174076285,32.90384897221686,33.17268371582031,4691643,0.0,0.0
2015-05-19 00:00:00-04:00,33.47277846254471,33.47277846254471,33.185188464712574,33.41025924682617,5752382,0.0,0.0
2015-05-20 00:00:00-04:00,33.37274326974504,33.504032530694765,32.96636575888875,33.31647491455078,6742883,0.0,0.0
2015-05-21 00:00:00-04:00,33.178939291054846,33.560305455868985,33.1351753026635,33.5040397644043,7927154,0.0,0.0
2015-05-22 00:00:00-04:00,33.341484207750675,33.679089019730874,33.27271414554778,33.27896499633789,4833239,0.0,0.0
2015-05-26 00:00:00-04:00,33.2226957181849,33.26020617062424,32.685028952662925,32.8100700378418,5642987,0.0,0.0
2015-05-27 00:00:00-04:00,32.97887440630842,33.12266806213299,32.75380630813763,32.99137878417969,5171522,0.0,0.0
2015-05-28 00:00:00-04:00,32.99139406798626,33.11643255286907,32.641287380666114,33.0664176940918,4716551,0.0,0.0
2015-05-29 00:00:00-04:00,33.00388241670616,33.0226376451505,32.42870513051945,32.67253112792969,5796701,0.0,0.0
2015-06-01 00:00:00-04:00,32.56624176213061,32.82256941268708,32.447454211359116,32.678775787353516,5075479,0.0,0.0
2015-06-02 00:00:00-04:00,32.70378593634614,33.241450010891384,32.610007132003766,33.03513717651367,5683267,0.0,0.0
2015-06-03 00:00:00-04:00,33.30397715499676,33.84164135774605,33.12267035301855,33.75411605834961,7951053,0.0,0.0
2015-06-04 00:00:00-04:00,33.385252086782224,33.82288661774115,33.385252086782224,33.64158248901367,6783388,0.0,0.0
2015-06-05 00:00:00-04:00,34.341793970915845,34.86070560231504,33.972932203537795,34.04170227050781,11541116,0.0,0.0
2015-06-08 00:00:00-04:00,34.06046385043463,34.273030293956076,33.89166407714955,33.972938537597656,7334402,0.0,0.0
2015-06-09 00:00:00-04:00,34.09797672821538,34.354304488230014,33.88541028634088,34.17300033569336,6973006,0.0,0.0
2015-06-10 00:00:00-04:00,34.70440969411788,35.179557405133465,34.45433279649235,35.15454864501953,9891103,0.0,0.0
2015-06-11 00:00:00-04:00,35.17955427631508,35.36711193285312,34.991996619777034,35.05451583862305,7547133,0.0,0.0
2015-06-12 00:00:00-04:00,34.992008542552064,35.14205311338003,34.698167578680156,34.86697006225586,5848425,0.0,0.0
2015-06-15 00:00:00-04:00,34.60437005248728,34.910715234318744,34.416812433213586,34.741912841796875,6279497,0.0,0.0
2015-06-16 00:00:00-04:00,34.579371097117864,35.42963415092801,34.579371097117864,35.21706771850586,9207581,0.0,0.0
2015-06-17 00:00:00-04:00,35.298345026834795,35.54217109102745,34.97324717574948,35.02326202392578,9209713,0.0,0.0
2015-06-18 00:00:00-04:00,35.273341845604165,35.62969934063214,34.99825614416194,35.47340393066406,6697891,0.0,0.0
2015-06-19 00:00:00-04:00,35.32960193818171,35.45464038699448,35.07952504055618,35.15454864501953,8601701,0.0,0.0
2015-06-22 00:00:00-04:00,35.43587739244986,35.96103983277552,35.385862559056434,35.84850311279297,9147105,0.0,0.0
2015-06-23 00:00:00-04:00,36.036072366202816,36.4049368987055,35.9860575166801,36.073585510253906,9329206,0.0,0.0
2015-06-24 00:00:00-04:00,35.99855720447762,36.19861925236281,35.7297250819499,35.74222946166992,7273814,0.0,0.0
2015-06-25 00:00:00-04:00,35.99855891252266,36.01731414505339,35.52966471986185,35.54841995239258,4039761,0.0,0.0
2015-06-26 00:00:00-04:00,35.735975636492476,35.948542062328805,35.66095471055342,35.86726760864258,4671447,0.0,0.0
2015-06-29 00:00:00-04:00,35.285824050846976,35.392107225660666,34.62312160345386,34.67938995361328,7757620,0.0,0.0
2015-06-30 00:00:00-04:00,35.17329726152158,35.41712326119733,34.71690754437171,35.00449752807617,7694788,0.0,0.0
2015-07-01 00:00:00-04:00,35.6359434518195,35.779737117621515,35.123285330549606,35.30459213256836,5449891,0.0,0.0
2015-07-02 00:00:00-04:00,35.25457897181677,35.64219600002859,34.93572934024724,35.110782623291016,4525250,0.0,0.0
2015-07-06 00:00:00-04:00,34.616889543864765,35.0795302678847,34.516859840260146,34.95449447631836,6098294,0.0,0.0
2015-07-07 00:00:00-04:00,34.848208594435164,34.948238290434894,33.72911332552968,34.79819107055664,10732042,0.0,0.0
2015-07-08 00:00:00-04:00,34.27302245631626,34.4980905531463,33.87915194892471,34.03544998168945,5980036,0.0,0.0
2015-07-09 00:00:00-04:00,34.629385302011215,34.78568334739474,34.248016465748506,34.39806365966797,7019681,0.0,0.0
2015-07-10 00:00:00-04:00,34.99825267181854,35.18581035622641,34.748175759274716,34.985748291015625,4952059,0.0,0.0
2015-07-13 00:00:00-04:00,35.379613406792444,35.548413143114026,35.32334504409991,35.3858642578125,5055171,0.0,0.0
2015-07-14 00:00:00-04:00,35.11077831029982,35.56091717988777,35.09202308154157,35.43587875366211,4965074,0.0,0.0
2015-07-15 00:00:00-04:00,35.385872673000826,35.936041349332754,35.035766063301956,35.92979049682617,10665620,0.0,0.0
2015-07-16 00:00:00-04:00,36.098594272954635,36.342417667832414,35.91103658033539,36.073585510253906,6463618,0.0,0.0
2015-07-17 00:00:00-04:00,35.89226879460996,35.96104153517477,35.61093233309084,35.942283630371094,4462531,0.0,0.0
2015-07-20 00:00:00-04:00,36.098589066596304,36.16110561257413,35.723471059580866,35.85476303100586,4144556,0.0,0.0
2015-07-21 00:00:00-04:00,35.82974054055888,36.19860487849849,35.70470214476611,35.9360237121582,2771564,0.0,0.0
2015-07-22 00:00:00-04:00,35.96104604459072,36.061075728656434,35.72347086214756,35.84225845336914,4259224,0.0,0.0
2015-07-23 00:00:00-04:00,35.79222931398436,35.97978690359568,35.38585453649317,35.47963333129883,4829088,0.0,0.0
2015-07-24 00:00:00-04:00,35.39212151394292,35.71097116710792,34.89196771372659,35.10453414916992,10041339,0.0,0.0
2015-07-27 00:00:00-04:00,34.84820914463444,34.923230079879374,34.28553607502522,34.76068115234375,8118119,0.0,0.0
2015-07-28 00:00:00-04:00,35.19830158245689,35.31708914187248,34.64188226552323,35.17954635620117,6097285,0.0,0.0
2015-07-29 00:00:00-04:00,35.17330848205427,35.92979280193748,35.11704277824929,35.773494720458984,5932799,0.0,0.0
2015-07-30 00:00:00-04:00,35.09827828567347,35.554668028031685,34.83569704287565,35.529659271240234,7521215,0.0,0.0
2015-07-31 00:00:00-04:00,35.39837032343479,35.42962993178146,34.710658939808,34.848201751708984,7712179,0.0,0.0
2015-08-03 00:00:00-04:00,34.91697306076481,35.12953947542862,34.610627817727824,34.841949462890625,5078396,0.0,0.0
2015-08-04 00:00:00-04:00,35.01699098894318,35.10451893640163,34.71064852459323,34.966976165771484,4337764,0.0,0.0
2015-08-05 00:00:00-04:00,35.2911321193524,35.48624882544778,34.90089601322134,34.93865966796875,4537256,0.334225,0.0
2015-08-06 00:00:00-04:00,35.03936723719563,35.19672028854361,34.76872052766515,34.93865966796875,4292996,0.0,0.0
2015-08-07 00:00:00-04:00,34.793893824663805,35.01418808657994,34.21483677706492,34.56730651855469,4862636,0.0,0.0
2015-08-10 00:00:00-04:00,34.88201366746901,35.60583769291304,34.88201366746901,35.47365951538086,5357101,0.0,0.0
2015-08-11 00:00:00-04:00,34.95755218286077,35.08972769864092,34.44143351763292,34.605079650878906,7047955,0.0,0.0
2015-08-12 00:00:00-04:00,34.15189968663212,34.26519605625564,33.22037001754784,34.10154724121094,7722502,0.0,0.0
2015-08-13 00:00:00-04:00,34.265189762972916,34.40995402719859,34.03230671498891,34.22113037109375,4948469,0.0,0.0
2015-08-14 00:00:00-04:00,34.35331246346055,34.55472494085191,34.195959386426786,34.46660614013672,3830732,0.0,0.0
2015-08-17 00:00:00-04:00,34.29666258274173,34.40995624491837,33.98824951365055,34.302955627441406,5349696,0.0,0.0
2015-08-18 00:00:00-04:00,34.26518203086623,34.40365321955111,34.0826514602444,34.16447448730469,5983514,0.0,0.0
2015-08-19 00:00:00-04:00,33.956783573068755,34.07007725082907,33.40290127539774,33.75537109375,8327035,0.0,0.0
2015-08-20 00:00:00-04:00,33.44695557275244,33.54136740547055,32.67277908325195,32.67277908325195,8305044,0.0,0.0
2015-08-21 00:00:00-04:00,32.32031052218091,32.395840536251484,31.17478230221645,31.187368392944336,11800747,0.0,0.0
2015-08-24 00:00:00-04:00,29.17953212489377,30.759355219525975,28.002531107209872,29.834121704101562,17396049,0.0,0.0
2015-08-25 00:00:00-04:00,30.973367091386326,31.074071971951298,29.299131614866074,29.32430648803711,13595498,0.0,0.0
2015-08-26 00:00:00-04:00,30.167723292785322,30.834899261489017,29.689368322484306,30.709016799926758,13579342,0.0,0.0
2015-08-27 00:00:00-04:00,31.099251697475616,31.79160520774805,30.985958025491882,31.722368240356445,10544444,0.0,0.0
2015-08-28 00:00:00-04:00,31.54613178623786,31.72236667774704,31.338426282175597,31.672014236450195,8012314,0.0,0.0
2015-08-31 00:00:00-04:00,31.338431601729436,31.76013842031164,31.155900940361622,31.53354835510254,7219846,0.0,0.0
2015-09-01 00:00:00-04:00,30.501306762584125,30.73418982079301,29.991483946293044,30.205482482910156,10269778,0.0,0.0
2015-09-02 00:00:00-04:00,30.822310411072873,30.82860615050204,30.230664459351434,30.746780395507812,8750366,0.0,0.0
2015-09-03 00:00:00-04:00,30.87266724649805,31.269196482569043,30.68384354418416,30.81601905822754,6372062,0.0,0.0
2015-09-04 00:00:00-04:00,30.438367165378626,30.476130822696707,29.89707370947037,30.123661041259766,5785705,0.0,0.0
2015-09-08 00:00:00-04:00,30.76565767579892,30.97336314924115,30.488715248582565,30.885244369506836,7428650,0.0,0.0
2015-09-09 00:00:00-04:00,31.23771993633461,31.50836665282532,30.35024708754464,30.47612953186035,7418440,0.0,0.0
2015-09-10 00:00:00-04:00,30.40059716779704,30.87265899129552,30.15512803679078,30.65236473083496,5586326,0.0,0.0
2015-09-11 00:00:00-04:00,30.381723185746743,30.564253840546804,30.11737216009263,30.545372009277344,6214870,0.0,0.0
2015-09-14 00:00:00-04:00,30.482437098791014,30.501318933977178,30.192905748151443,30.331377029418945,4309602,0.0,0.0
2015-09-15 00:00:00-04:00,30.557959821293345,31.181076396980075,30.400604048551802,31.036312103271484,6391697,0.0,0.0
2015-09-16 00:00:00-04:00,31.048889792260802,31.29435889110104,30.941889198127466,31.212535858154297,4590102,0.0,0.0
2015-09-17 00:00:00-04:00,31.155895868920545,31.244014662259477,29.909660141921343,30.07330894470215,10359763,0.0,0.0
2015-09-18 00:00:00-04:00,29.437600919070835,29.62013155053313,28.934073809187595,29.280250549316406,13276514,0.0,0.0
2015-09-21 00:00:00-04:00,29.60125131190275,29.83413439747016,29.273956383046443,29.519428253173828,6696320,0.0,0.0
2015-09-22 00:00:00-04:00,28.997014501366515,29.12919270108347,28.68230835052713,29.078840255737305,10755829,0.0,0.0
2015-09-23 00:00:00-04:00,29.248777242636937,29.664190947155806,29.07883808899882,29.280250549316406,7873074,0.0,0.0
2015-09-24 00:00:00-04:00,28.85225363729851,29.311726827244176,28.67601871068671,29.223608016967773,7502141,0.0,0.0
2015-09-25 00:00:00-04:00,29.78377828499729,29.978897704443,29.563483991195728,29.72713279724121,8298985,0.0,0.0
2015-09-28 00:00:00-04:00,29.41871791737054,29.487954879000302,28.94665874510552,28.997011184692383,8120699,0.0,0.0
2015-09-29 00:00:00-04:00,29.626425201945437,29.626425201945437,28.764129934867167,29.16695213317871,7798124,0.0,0.0
2015-09-30 00:00:00-04:00,29.62014394057321,29.739733396581542,29.273967055639382,29.67679214477539,7852205,0.0,0.0
2015-10-01 00:00:00-04:00,29.934840165785385,29.972603826634483,29.355780304474766,29.859310150146484,7118305,0.0,0.0
2015-10-02 00:00:00-04:00,29.05365945446971,29.5634822845459,28.669719070727428,29.5634822845459,8207206,0.0,0.0
2015-10-05 00:00:00-04:00,29.853015851724283,30.136251378027264,29.71454461118804,30.07960319519043,10561386,0.0,0.0
2015-10-06 00:00:00-04:00,30.004079544775706,30.17402143538003,29.66419845750822,29.922256469726562,7316225,0.0,0.0
2015-10-07 00:00:00-04:00,30.274731523860456,30.52020076916334,29.922258926639422,30.331377029418945,5675861,0.0,0.0
2015-10-08 00:00:00-04:00,30.174005330497977,30.70900559696395,30.10477107947239,30.602005004882812,5749240,0.0,0.0
2015-10-09 00:00:00-04:00,30.564243565508338,30.841183283554553,30.337656278566897,30.457242965698242,5224705,0.0,0.0
2015-10-12 00:00:00-04:00,30.45724613741432,30.570539792683064,30.312481872685357,30.4257755279541,3593542,0.0,0.0
2015-10-13 00:00:00-04:00,30.293602602819274,30.557956283386705,30.09848319133216,30.136249542236328,4676384,0.0,0.0
2015-10-14 00:00:00-04:00,29.98518596847935,30.029245359002605,29.462774408121046,29.7082462310791,7571929,0.0,0.0
2015-10-15 00:00:00-04:00,30.07331059435755,30.469839798253172,29.87189812277768,30.463546752929688,5576228,0.0,0.0
2015-10-16 00:00:00-04:00,30.526484891630638,30.76566371386785,30.343956946272442,30.74048614501953,5157497,0.0,0.0
2015-10-19 00:00:00-04:00,30.589423201270996,30.923011110631915,30.488715638295933,30.797128677368164,4333949,0.0,0.0
2015-10-20 00:00:00-04:00,30.853770773638686,31.14959499816689,30.784536520509448,31.03000831604004,4074767,0.0,0.0
2015-10-21 00:00:00-04:00,31.130721670888903,31.351015965078155,30.86007493395879,30.897838592529297,4538041,0.0,0.0
2015-10-22 00:00:00-04:00,31.10553914698424,31.577598273612473,31.10553914698424,31.269187927246094,5475136,0.0,0.0
2015-10-23 00:00:00-04:00,31.697192898708003,32.16925210330648,31.470602864136396,32.08742904663086,7380404,0.0,0.0
2015-10-26 00:00:00-04:00,32.03077939674031,32.07483879260532,31.565015952577056,31.627954483032227,5776393,0.0,0.0
2015-10-27 00:00:00-04:00,31.376183408980435,31.407654014983184,30.753067026489962,30.97965431213379,6384068,0.0,0.0
2015-10-28 00:00:00-04:00,31.181068651651156,32.28883297366556,31.042597437914335,32.257362365722656,7346519,0.0,0.0
2015-10-29 00:00:00-04:00,32.21330618816623,32.414718637873975,31.95524825487653,32.093719482421875,4810351,0.0,0.0
2015-10-30 00:00:00-04:00,32.07484408436014,32.13778531913989,31.697196675681656,31.70978546142578,5227174,0.0,0.0
2015-11-02 00:00:00-05:00,31.848256748154945,32.225904189150036,31.772729415108817,32.144081115722656,5893866,0.0,0.0
2015-11-03 00:00:00-05:00,32.16296763383437,32.578381495802724,31.898613847843873,32.35179138183594,7759303,0.0,0.0
2015-11-04 00:00:00-05:00,32.36763734240797,32.53882818904013,31.911132036375218,32.012577056884766,7045599,0.334225,0.0
2015-11-05 00:00:00-05:00,31.232700385196377,31.7652906382767,31.036149704965347,31.63848304748535,10951842,0.0,0.0
2015-11-06 00:00:00-05:00,32.47541998761356,33.25528627947682,32.47541998761356,32.77341842651367,10621301,0.0,0.0
2015-11-09 00:00:00-05:00,32.798780425413,32.887546847371944,32.012574787840634,32.20912551879883,7314991,0.0,0.0
2015-11-10 00:00:00-05:00,32.15839590995957,32.44371299986445,31.796996433737917,32.19009780883789,5721190,0.0,0.0
2015-11-11 00:00:00-05:00,31.95549979761542,32.25349815795657,31.854054817547187,31.879417419433594,5477828,0.0,0.0
2015-11-12 00:00:00-05:00,31.625805002385988,31.7906537877495,31.321464608270375,31.359508514404297,5266892,0.0,0.0
2015-11-13 00:00:00-05:00,31.207344585507506,31.739937668445044,31.143940776288254,31.632150650024414,9912197,0.0,0.0
2015-11-16 00:00:00-05:00,31.46097016960613,31.99990272521973,31.46097016960613,31.999902725219727,5160190,0.0,0.0
2015-11-17 00:00:00-05:00,32.088649386911015,32.35494313802481,31.784311732967613,31.879417419433594,7174180,0.0,0.0
2015-11-18 00:00:00-05:00,32.00622731212016,32.44371187320524,31.993546010261415,32.38665008544922,7188542,0.0,0.0
2015-11-19 00:00:00-05:00,32.2915391100537,32.46906916582014,31.949157584566777,32.17741012573242,6722014,0.0,0.0
2015-11-20 00:00:00-05:00,32.304238147932935,32.54517485515863,32.28521754308358,32.3486213684082,5728708,0.0,0.0
2015-11-23 00:00:00-05:00,32.348613438221875,32.48810236248869,32.11401879928307,32.139381408691406,5271941,0.0,0.0
2015-11-24 00:00:00-05:00,31.682876153735528,32.126702860282705,31.670197561683114,32.03159713745117,5113964,0.0,0.0
2015-11-25 00:00:00-05:00,32.07598390811127,32.196452255887166,31.90479304528132,32.1140251159668,4624547,0.0,0.0
2015-11-27 00:00:00-05:00,32.1393827416235,32.412018592242454,31.98721250634149,32.31057357788086,2132361,0.0,0.0
2015-11-30 00:00:00-05:00,32.26618631809038,32.4500557227686,31.987208492989186,32.39299392700195,6828268,0.0,0.0
2015-12-01 00:00:00-05:00,32.475416439899575,32.79243544372726,32.40567334455313,32.69099044799805,6026374,0.0,0.0
2015-12-02 00:00:00-05:00,32.72269808371675,32.798780486979126,32.177423673318934,32.247169494628906,6701594,0.0,0.0
2015-12-03 00:00:00-05:00,32.4627405571279,32.48176387152508,31.562408606924983,31.739938735961914,8788402,0.0,0.0
2015-12-04 00:00:00-05:00,31.898442268393083,32.49443635482664,31.632145768023634,32.38031005859375,6178181,0.0,0.0
2015-12-07 00:00:00-05:00,32.23448106238611,32.361288658105416,31.638484277009795,31.777973175048828,6389678,0.0,0.0
2015-12-08 00:00:00-05:00,31.43559931734395,31.55606492428079,30.960070757420947,31.213685989379883,7768728,0.0,0.0
2015-12-09 00:00:00-05:00,31.08053914580148,31.68287537560792,30.579650646100983,30.807903289794922,7552182,0.0,0.0
2015-12-10 00:00:00-05:00,30.83326984915305,31.42926414567017,30.687441601799925,30.985437393188477,7828082,0.0,0.0
2015-12-11 00:00:00-05:00,30.484546106625736,30.50356670871384,29.609573986914906,29.87586784362793,10339118,0.0,0.0
2015-12-14 00:00:00-05:00,29.989987204236726,30.205558481224976,29.17841916258323,29.432031631469727,12135664,0.0,0.0
2015-12-15 00:00:00-05:00,29.951956053591044,30.29433778143359,29.793446496949134,30.16118812561035,8863015,0.0,0.0
2015-12-16 00:00:00-05:00,30.503556297580705,31.00444735946767,30.287985024592263,30.877639770507812,9168086,0.0,0.0
2015-12-17 00:00:00-05:00,30.972750356306566,31.017133566092106,29.99633330972228,30.0977783203125,9461714,0.0,0.0
2015-12-18 00:00:00-05:00,29.869519500890068,30.04071029531378,29.41935362827489,29.4510555267334,12413808,0.0,0.0
2015-12-21 00:00:00-05:00,29.65394225479737,29.88219752691744,29.41935040291484,29.685644149780273,4781179,0.0,0.0
2015-12-22 00:00:00-05:00,29.818797975217944,30.091433768073976,29.584203376252876,29.932924270629883,6625522,0.0,0.0
2015-12-23 00:00:00-05:00,30.230924105280042,30.611346917225244,30.066075305599455,30.547943115234375,6427040,0.0,0.0
2015-12-24 00:00:00-05:00,30.560624773364445,30.77619607439391,30.497220970637095,30.605005264282227,1874750,0.0,0.0
2015-12-28 00:00:00-05:00,30.433808851483825,30.655722100388925,30.23091619545147,30.598657608032227,5408152,0.0,0.0
2015-12-29 00:00:00-05:00,30.85227875501873,31.131256550583412,30.839597452722337,31.07419204711914,5034975,0.0,0.0
2015-12-30 00:00:00-05:00,31.048844577727905,31.118590417487173,30.839612485930722,30.896677017211914,3691268,0.0,0.0
2015-12-31 00:00:00-05:00,30.592329619526055,30.960071167995398,30.497223906280215,30.566967010498047,4618601,0.0,0.0
2016-01-04 00:00:00-05:00,29.875858879197647,30.009008481341603,29.33692660388579,30.002666473388672,8890728,0.0,0.0
2016-01-05 00:00:00-05:00,29.7934338094587,30.0216891020649,29.292545452016878,29.432031631469727,9564601,0.0,0.0
2016-01-06 00:00:00-05:00,28.994542127967332,29.00722342768503,27.92935908523409,28.132251739501953,15277264,0.0,0.0
2016-01-07 00:00:00-05:00,27.460181930601426,27.555287649225242,26.826143806442662,26.952951431274414,15733694,0.0,0.0
2016-01-08 00:00:00-05:00,27.523575171866383,27.523575171866383,26.604220244938546,26.648603439331055,13587869,0.0,0.0
2016-01-11 00:00:00-05:00,26.83247974706523,26.883202242777795,25.976528473046525,26.445714950561523,11764955,0.0,0.0
2016-01-12 00:00:00-05:00,26.883215923340355,27.01002358402225,26.217475704760414,26.623258590698242,9632258,0.0,0.0
2016-01-13 00:00:00-05:00,28.728255294798593,28.728255294798593,27.168522751450357,27.20656394958496,24628237,0.0,0.0
2016-01-14 00:00:00-05:00,27.650387701413006,27.89766360465614,26.876863519450495,27.580644607543945,10479929,0.0,0.0
2016-01-15 00:00:00-05:00,26.731033568087778,27.434814609963617,26.63592516146087,27.314346313476562,11095682,0.0,0.0
2016-01-19 00:00:00-05:00,27.808898178524284,27.94838708490988,26.845159850642826,27.098777770996094,10885532,0.0,0.0
2016-01-20 00:00:00-05:00,26.55985105182802,27.035379664400555,25.849727780971758,26.762741088867188,10975180,0.0,0.0
2016-01-21 00:00:00-05:00,26.832483737801702,27.5996687231209,26.712015418045738,27.07341766357422,9762185,0.0,0.0
2016-01-22 00:00:00-05:00,27.65038705703224,28.075193046010472,27.63136646039659,28.018131256103516,9466314,0.0,0.0
2016-01-25 00:00:00-05:00,27.75817520023576,28.018132410766167,27.2129036009344,27.263626098632812,6824116,0.0,0.0
2016-01-26 00:00:00-05:00,27.314354497888747,27.81524571601383,27.314354497888747,27.586990356445312,7847605,0.0,0.0
2016-01-27 00:00:00-05:00,27.485533197342335,28.05616727357537,27.25093864547661,27.428468704223633,6619800,0.0,0.0
2016-01-28 00:00:00-05:00,27.745489780565208,27.923019853037705,27.37774833464246,27.75817108154297,6491555,0.0,0.0
2016-01-29 00:00:00-05:00,28.018135139466644,28.360514067579707,27.491881372593568,28.309791564941406,9833545,0.0,0.0
2016-02-01 00:00:00-05:00,28.094214002030334,28.195661708283204,27.78987631074978,28.075193405151367,7011154,0.0,0.0
2016-02-02 00:00:00-05:00,27.58064124670985,27.64404503840623,26.908562140223697,27.111452102661133,10416087,0.0,0.0
2016-02-03 00:00:00-05:00,27.38970203281699,27.408890912893504,26.353472393450566,26.833208084106445,13574293,0.334225,0.0
2016-02-04 00:00:00-05:00,25.982483225768345,26.123206274453658,25.11895878698254,25.425989151000977,19678085,0.0,0.0
2016-02-05 00:00:00-05:00,25.5539131829578,25.611482561553085,24.690388930520374,24.824716567993164,15203549,0.0,0.0
2016-02-08 00:00:00-05:00,24.51129155026465,24.530480433207508,23.436683990225312,23.762903213500977,12074291,0.0,0.0
2016-02-09 00:00:00-05:00,23.200012948655647,23.942003138713204,22.899379369959764,23.76930046081543,9967736,0.0,0.0
2016-02-10 00:00:00-05:00,24.06353700865306,24.287413686909904,23.564612387516156,23.58380126953125,8400526,0.0,0.0
2016-02-11 00:00:00-05:00,22.739469775071598,22.861002569023665,22.387663526388206,22.521989822387695,16331159,0.0,0.0
2016-02-12 00:00:00-05:00,22.521987629361046,24.217053935236937,22.521987629361046,23.94200325012207,14902741,0.0,0.0
2016-02-16 00:00:00-05:00,24.440931126180026,24.511291275431265,24.02516013683416,24.31939697265625,6950902,0.0,0.0
2016-02-17 00:00:00-05:00,24.658412500245323,25.272475981674507,24.581654222848012,25.118959426879883,7708589,0.0,0.0
2016-02-18 00:00:00-05:00,25.150931218693295,25.234084843447082,24.914261103818543,25.074172973632812,8726804,0.0,0.0
2016-02-19 00:00:00-05:00,24.920665859146684,25.05499077047029,24.620030916268888,25.016613006591797,5508010,0.0,0.0
2016-02-22 00:00:00-05:00,25.016616890145826,25.547523974209813,24.946253995113683,25.080581665039062,7547470,0.0,0.0
2016-02-23 00:00:00-05:00,24.991029281773667,25.042200552903054,24.242640886040004,24.575258255004883,9032773,0.0,0.0
2016-02-24 00:00:00-05:00,24.14668826893413,24.728769217511356,23.846053354586406,24.664804458618164,7376589,0.0,0.0
2016-02-25 00:00:00-05:00,24.69678937269818,25.221298259253842,24.56885984178238,25.214902877807617,5975996,0.0,0.0
2016-02-26 00:00:00-05:00,25.470753959889226,25.982471923235963,25.20210148158258,25.64345932006836,9167862,0.0,0.0
2016-02-29 00:00:00-05:00,25.61148513204317,25.733016544527086,25.22769653688547,25.304454803466797,8817237,0.0,0.0
2016-03-01 00:00:00-05:00,25.56670890825182,26.737263560359935,25.54112190714881,26.660505294799805,8852131,0.0,0.0
2016-03-02 00:00:00-05:00,26.77564440942494,27.0187127346638,26.56456120812469,26.871591567993164,5746547,0.0,0.0
2016-03-03 00:00:00-05:00,26.871580593005664,27.15942195114913,26.7116687273704,27.114648818969727,5046419,0.0,0.0
2016-03-04 00:00:00-05:00,27.306544995319488,27.402492131128394,26.730864918214614,27.07627296447754,6890426,0.0,0.0
2016-03-07 00:00:00-05:00,26.84599299177056,27.479242258125716,26.78842363221657,27.40888214111328,5691008,0.0,0.0
2016-03-08 00:00:00-05:00,27.03150432246939,27.17222737353983,26.40465008160939,26.72447395324707,8292141,0.0,0.0
2016-03-09 00:00:00-05:00,27.05068556072427,27.15942344513925,26.596534194689244,26.86518669128418,4402952,0.0,0.0
2016-03-10 00:00:00-05:00,26.993129761134696,27.460072121672454,26.61573645264892,27.02511215209961,7410137,0.0,0.0
2016-03-11 00:00:00-05:00,27.485654773656076,28.38116157875487,27.4408788858513,28.30440330505371,8464480,0.0,0.0
2016-03-14 00:00:00-04:00,28.01655587169801,28.246827906063864,27.80547271723788,28.080520629882812,5596648,0.0,0.0
2016-03-15 00:00:00-04:00,27.90142443694162,28.016560473034065,27.485653440455714,28.010162353515625,4954528,0.0,0.0
2016-03-16 00:00:00-04:00,28.0357475298499,28.349175971114555,27.626371941800006,27.99736976623535,5388966,0.0,0.0
2016-03-17 00:00:00-04:00,27.990973735503374,28.310797581982467,27.60078973789851,28.195661544799805,8537298,0.0,0.0
2016-03-18 00:00:00-04:00,28.285213795347875,28.643415414363684,28.13809537102885,28.611433029174805,10215698,0.0,0.0
2016-03-21 00:00:00-04:00,28.53467552649685,28.75215684674441,28.285214557947324,28.47071075439453,4168567,0.0,0.0
2016-03-22 00:00:00-04:00,28.15727992788316,28.40034547041884,28.04853928740047,28.20205307006836,4975846,0.0,0.0
2016-03-23 00:00:00-04:00,28.14449264620832,28.14449264620832,27.67115221847229,27.767099380493164,8218313,0.0,0.0
2016-03-24 00:00:00-04:00,27.376906904624278,27.376906904624278,26.67329460019305,27.057083129882812,9536215,0.0,0.0
2016-03-28 00:00:00-04:00,27.229794796014268,27.619978796090674,27.12744952184323,27.50484275817871,4788696,0.0,0.0
2016-03-29 00:00:00-04:00,27.29375719753732,27.30015257885288,26.884381611871344,27.1594295501709,5433846,0.0,0.0
2016-03-30 00:00:00-04:00,27.376913508433862,29.35342327045717,27.370518126495732,28.611433029174805,24149143,0.0,0.0
2016-03-31 00:00:00-04:00,28.700986108259418,28.84810453927008,28.04854487318034,28.106111526489258,8838106,0.0,0.0
2016-04-01 00:00:00-04:00,27.946198108260806,28.54746524365736,27.792681580468717,28.502689361572266,9973570,0.0,0.0
2016-04-04 00:00:00-04:00,28.547463573969377,28.547463573969377,27.856644714807338,27.93979835510254,6182220,0.0,0.0
2016-04-05 00:00:00-04:00,27.67753551951619,27.67753551951619,27.32572944713658,27.434467315673828,6114002,0.0,0.0
2016-04-06 00:00:00-04:00,27.453670498215228,27.536824148272807,27.057088392845632,27.492048263549805,6576266,0.0,0.0
2016-04-07 00:00:00-04:00,27.178627575398615,27.300159013280194,26.55816866934693,26.814027786254883,8385043,0.0,0.0
2016-04-08 00:00:00-04:00,27.095468284438155,27.248984833321327,26.66050837960145,26.794836044311523,5641640,0.0,0.0
2016-04-11 00:00:00-04:00,26.993121310743987,27.440874644080317,26.97393242972218,27.140239715576172,5279571,0.0,0.0
2016-04-12 00:00:00-04:00,27.32574579483755,27.72232797032594,27.140246841508468,27.607189178466797,4856240,0.0,0.0
2016-04-13 00:00:00-04:00,27.875840689621974,28.40035240168181,27.875840689621974,28.374765396118164,6851269,0.0,0.0
2016-04-14 00:00:00-04:00,28.291610228920327,28.777741406761752,28.202058451963065,28.68819236755371,5569832,0.0,0.0
2016-04-15 00:00:00-04:00,28.681790274105452,28.7457550379993,28.413140455950362,28.560258865356445,4486878,0.0,0.0
2016-04-18 00:00:00-04:00,28.464311953297734,28.912065304232136,28.349175924892943,28.828908920288086,5158507,0.0,0.0
2016-04-19 00:00:00-04:00,28.956840795817936,29.36621363992299,28.931253795296257,29.18071746826172,5248155,0.0,0.0
2016-04-20 00:00:00-04:00,29.244678085592664,29.775585000282025,29.12314395696869,29.686033248901367,5263639,0.0,0.0
2016-04-21 00:00:00-04:00,29.62847314335345,29.89073036143887,29.462165824762142,29.50054359436035,5404337,0.0,0.0
2016-04-22 00:00:00-04:00,29.538913462293035,30.120991605457238,29.538913462293035,29.999460220336914,8047096,0.0,0.0
2016-04-25 00:00:00-04:00,29.78838504443066,29.94189884628265,29.289457659601847,29.577299118041992,5660153,0.0,0.0
2016-04-26 00:00:00-04:00,29.724417995296214,29.961088190092315,29.615680077301242,29.88433265686035,6005729,0.0,0.0
2016-04-27 00:00:00-04:00,29.82675851067403,30.04423704971688,29.62846611412916,29.90351676940918,8519234,0.0,0.0
2016-04-28 00:00:00-04:00,29.622074665082106,29.813968968516107,29.15513240760917,29.251079559326172,6672983,0.0,0.0
2016-04-29 00:00:00-04:00,29.103950099667724,29.44935807216119,28.52186929076071,28.84809112548828,8738809,0.0,0.0
2016-05-02 00:00:00-04:00,29.00802157089167,29.32784549353931,28.758557816126622,29.321447372436523,5701667,0.0,0.0
2016-05-03 00:00:00-04:00,28.854488998858344,28.912058368124065,28.297995134366428,28.64980125427246,6776431,0.0,0.0
2016-05-04 00:00:00-04:00,28.227645690834592,28.4451270151107,27.875839437755108,28.106111526489258,7925696,0.0,0.0
2016-05-05 00:00:00-04:00,27.415397831305572,28.14483943298009,27.241105790540786,27.63487434387207,9452513,0.356506,0.0
2016-05-06 00:00:00-04:00,27.415397125716968,27.8285308367448,27.325022658638876,27.770435333251953,5582174,0.0,0.0
2016-05-09 00:00:00-04:00,27.725252011383436,27.860810968225923,27.53159477995094,27.705886840820312,7477569,0.0,0.0
2016-05-10 00:00:00-04:00,27.912449963741693,28.441780237097678,27.828532389857298,28.344951629638672,7064897,0.0,0.0
2016-05-11 00:00:00-04:00,28.209396489537834,28.480517179574758,28.015739248497283,28.028650283813477,4533441,0.0,0.0
2016-05-12 00:00:00-04:00,28.235218134342304,28.351414698905025,27.85436051984551,28.086748123168945,5070430,0.0,0.0
2016-05-13 00:00:00-04:00,27.996368593946368,28.39659403296039,27.712336924220228,27.751070022583008,5821160,0.0,0.0
2016-05-16 00:00:00-04:00,27.802722705427772,28.228767620499966,27.7898116673859,28.015745162963867,5830024,0.0,0.0
2016-05-17 00:00:00-04:00,27.989919055651104,28.293315972882397,27.84144904680629,27.944734573364258,5134160,0.0,0.0
2016-05-18 00:00:00-04:00,27.97700915198136,29.138949845562845,27.97700915198136,29.029212951660156,10879697,0.0,0.0
2016-05-19 00:00:00-04:00,28.777452901775764,29.158313191063403,28.28039883770727,28.603160858154297,6270297,0.0,0.0
2016-05-20 00:00:00-04:00,28.78390293328653,29.126032836503008,28.680620206628706,28.79681396484375,6055434,0.0,0.0
2016-05-23 00:00:00-04:00,28.68707847595215,28.85491638458846,28.50633229679797,28.68707847595215,5500268,0.0,0.0
2016-05-24 00:00:00-04:00,28.880743641005086,29.371343705684996,28.861378466995607,29.22287368774414,5341057,0.0,0.0
2016-05-25 00:00:00-04:00,29.435890185613502,29.745741195920917,29.377791912411865,29.55208396911621,6864284,0.0,0.0
2016-05-26 00:00:00-04:00,29.68763975804495,29.68763975804495,29.067937803489762,29.1002140045166,5408601,0.0,0.0
2016-05-27 00:00:00-04:00,29.080850574403478,29.545625686645508,29.080850574403478,29.545625686645508,7025291,0.0,0.0
2016-05-31 00:00:00-04:00,29.571443447912614,29.745735471072816,29.261592497238944,29.403608322143555,6503561,0.0,0.0
2016-06-01 00:00:00-04:00,29.18413468560716,29.597271207950758,28.583797835092685,29.55208396911621,8125636,0.0,0.0
2016-06-02 00:00:00-04:00,29.455257501674748,29.506898880004883,29.242235089249952,29.506898880004883,4199870,0.0,0.0
2016-06-03 00:00:00-04:00,29.016297012082966,29.016297012082966,28.24166817201754,28.59670639038086,7404415,0.0,0.0
2016-06-06 00:00:00-04:00,28.609611803089077,29.08084370230565,28.57087871095497,28.913005828857422,4865104,0.0,0.0
2016-06-07 00:00:00-04:00,29.06148207646686,29.06793621115856,28.725809051595732,28.758085250854492,6583111,0.0,0.0
2016-06-08 00:00:00-04:00,28.87429407634955,29.055040333895274,28.6870909178441,28.803287506103516,5323329,0.0,0.0
2016-06-09 00:00:00-04:00,28.564425083845993,28.603155413767478,28.164199702091377,28.261028289794922,6738395,0.0,0.0
2016-06-10 00:00:00-04:00,27.912450082029483,27.938272149288142,27.525138413452503,27.815624237060547,10382988,0.0,0.0
2016-06-13 00:00:00-04:00,27.609052711596565,28.022186398409676,27.53158928191283,27.692970275878906,8583861,0.0,0.0
2016-06-14 00:00:00-04:00,27.59614261132866,27.7704346432773,27.06035824584965,27.279834747314453,8038906,0.0,0.0
2016-06-15 00:00:00-04:00,27.434754015226186,27.725239733738327,27.02807456188907,27.066804885864258,7704886,0.0,0.0
2016-06-16 00:00:00-04:00,26.756962819341656,27.292747212954,26.492299071563366,27.254016876220703,7482955,0.0,0.0
2016-06-17 00:00:00-04:00,27.254020743511298,27.454132116529276,26.976445923134495,27.221744537353516,8312337,0.0,0.0
2016-06-20 00:00:00-04:00,27.85435531624893,28.03510150316793,27.428310535446965,27.447675704956055,5862338,0.0,0.0
2016-06-21 00:00:00-04:00,27.621964069038164,27.73170093590756,27.247557948306863,27.58323097229004,5472555,0.0,0.0
2016-06-22 00:00:00-04:00,27.576786405515126,27.822085051760343,27.415405353656286,27.4670467376709,4829986,0.0,0.0
2016-06-23 00:00:00-04:00,28.002831174808975,28.519250538867848,27.886637370475942,28.51279640197754,6324041,0.0,0.0
2016-06-24 00:00:00-04:00,26.602036564220946,26.769874474062643,25.420728111625326,25.459461212158203,20763171,0.0,0.0
2016-06-27 00:00:00-04:00,25.175424045782652,25.22706816858347,23.348591944347632,23.580982208251953,19326450,0.0,0.0
2016-06-28 00:00:00-04:00,24.20714548504911,24.491177194488035,23.626173794479087,24.33625030517578,20955370,0.0,0.0
2016-06-29 00:00:00-04:00,24.633185975917826,25.33035125183439,24.413706739564542,25.304529190063477,12140264,0.0,0.0
2016-06-30 00:00:00-04:00,25.446550310259962,25.71767096379083,25.046324846752526,25.711214065551758,11341064,0.0,0.0
2016-07-01 00:00:00-04:00,25.536932244392954,25.801596077020537,25.278722548989965,25.491744995117188,9170330,0.0,0.0
2016-07-05 00:00:00-04:00,25.039868612355196,25.06568791444587,24.2265094828458,24.433074951171875,10868926,0.0,0.0
2016-07-06 00:00:00-04:00,24.27815039660648,24.781658551325105,23.877924974122404,24.755836486816406,12305759,0.0,0.0
2016-07-07 00:00:00-04:00,24.788118329035893,25.323902804912063,24.452447991407954,24.704200744628906,9407185,0.0,0.0
2016-07-08 00:00:00-04:00,25.085052716610022,25.530462560409575,25.085052716610022,25.304529190063477,9593212,0.0,0.0
2016-07-11 00:00:00-04:00,25.614379799214355,25.79512594067014,25.44654468848394,25.678932189941406,6502439,0.0,0.0
2016-07-12 00:00:00-04:00,26.046891210064764,26.466481908310083,26.02752603811053,26.31155776977539,9710573,0.0,0.0
2016-07-13 00:00:00-04:00,25.95005788490233,26.382559540375784,25.82095307806848,26.13080406188965,6972893,0.0,0.0
2016-07-14 00:00:00-04:00,27.34438114559339,27.74460648888294,27.015165084201744,27.35729217529297,19279775,0.0,0.0
2016-07-15 00:00:00-04:00,27.492857646331167,27.751067224446885,27.228191171022583,27.505765914916992,9425249,0.0,0.0
2016-07-18 00:00:00-04:00,27.473494278935185,28.054465926151277,27.408941873688953,27.815624237060547,9413131,0.0,0.0
2016-07-19 00:00:00-04:00,27.667149880319727,27.85435294977083,27.538045077360415,27.7381591796875,10026529,0.0,0.0
2016-07-20 00:00:00-04:00,27.918905352532423,28.00282292187978,27.647784713725372,27.854352951049805,9335713,0.0,0.0
2016-07-21 00:00:00-04:00,27.925363068370718,28.015737547195144,27.731705839090324,27.89954376220703,10722954,0.0,0.0
2016-07-22 00:00:00-04:00,27.983452258992138,28.05445878151959,27.757518898168794,27.92535400390625,6369594,0.0,0.0
2016-07-25 00:00:00-04:00,27.828535079956055,27.8866333552078,27.6155126755341,27.828535079956055,4532207,0.0,0.0
2016-07-26 00:00:00-04:00,27.80917283780085,28.060928373203637,27.776896628795416,27.944734573364258,4522109,0.0,0.0
2016-07-27 00:00:00-04:00,27.951185521773446,28.093201377778623,27.667153809763093,27.873722076416016,7023271,0.0,0.0
2016-07-28 00:00:00-04:00,27.776891658708184,27.97054887808994,27.583234439326432,27.809167861938477,4223432,0.0,0.0
2016-07-29 00:00:00-04:00,27.62196354597429,27.83498590390467,27.48640185427309,27.58968734741211,6214309,0.0,0.0
2016-08-01 00:00:00-04:00,27.783351941573574,27.822085051760343,27.29921154889814,27.4670467376709,6293298,0.0,0.0
2016-08-02 00:00:00-04:00,27.557415347689478,27.822081900501242,27.034541904050364,27.2475643157959,6843639,0.0,0.0
2016-08-03 00:00:00-04:00,27.344391068869022,28.299768932750432,27.273384524102422,28.209394454956055,11364401,0.0,0.0
2016-08-04 00:00:00-04:00,26.847781490724316,26.91944676501239,25.32330291934767,25.75979995727539,28570608,0.356506,0.0
2016-08-05 00:00:00-04:00,26.1963023190763,26.945510059450676,26.183272013064542,26.80218505859375,16069621,0.0,0.0
2016-08-08 00:00:00-04:00,26.98459384432828,27.212614379774195,26.795661428160873,27.01065444946289,9440620,0.0,0.0
2016-08-09 00:00:00-04:00,27.075796966411605,27.232155000628083,26.789144288245463,26.893381118774414,6425357,0.0,0.0
2016-08-10 00:00:00-04:00,26.89338760169859,26.906417905761554,26.033423783051052,26.157207489013672,9673660,0.0,0.0
2016-08-11 00:00:00-04:00,26.235386524967762,26.35265368468703,26.020396267411808,26.157207489013672,8679455,0.0,0.0
2016-08-12 00:00:00-04:00,25.89660921753756,26.046450723854036,25.733737408840657,25.903125762939453,8656454,0.0,0.0
2016-08-15 00:00:00-04:00,26.118123040674327,26.261448040264963,26.052974299615265,26.20932960510254,7098445,0.0,0.0
2016-08-16 00:00:00-04:00,26.183260989608243,26.456886146959253,26.079021373824396,26.320072174072266,7507639,0.0,0.0
2016-08-17 00:00:00-04:00,26.307057288987288,26.42432727401499,26.111611031840585,26.313573837280273,5820824,0.0,0.0
2016-08-18 00:00:00-04:00,26.228869490071624,26.502491899088533,26.202808885201737,26.365680694580078,4989310,0.0,0.0
2016-08-19 00:00:00-04:00,26.137657571976547,26.50900581825414,26.105083213328044,26.35264778137207,6504234,0.0,0.0
2016-08-22 00:00:00-04:00,26.307050834998947,26.378716118092303,26.111604625801654,26.254932403564453,5074245,0.0,0.0
2016-08-23 00:00:00-04:00,26.385226038091332,26.613246582317917,26.372195735022256,26.44386100769043,5347228,0.0,0.0
2016-08-24 00:00:00-04:00,26.554614074162327,26.750057464097868,26.463404742225393,26.64582061767578,9209488,0.0,0.0
2016-08-25 00:00:00-04:00,26.574155633288797,26.938987349853463,26.574155633288797,26.91292953491211,6244042,0.0,0.0
2016-08-26 00:00:00-04:00,27.030200782975292,27.5253300147976,27.017170479311833,27.22564697265625,8923490,0.0,0.0
2016-08-29 00:00:00-04:00,27.473212814309072,27.877135515355818,27.382003473019115,27.629568099975586,7162624,0.0,0.0
2016-08-30 00:00:00-04:00,27.629569427169287,28.32666145930248,27.629569427169287,28.21590805053711,9633604,0.0,0.0
2016-08-31 00:00:00-04:00,28.222415810630995,28.580733746688672,27.890155687778243,28.274534225463867,8497130,0.0,0.0
2016-09-01 00:00:00-04:00,28.30711114340935,28.6263382058963,27.77940761431307,28.053030014038086,7427640,0.0,0.0
2016-09-02 00:00:00-04:00,28.137727772407114,28.443927375496926,28.033490914872775,28.183332443237305,5286640,0.0,0.0
2016-09-06 00:00:00-04:00,28.144233103465854,28.19635151146416,27.75985461618584,28.079084396362305,5899700,0.0,0.0
2016-09-07 00:00:00-04:00,27.955312292874783,28.170302557498577,27.78592669975878,28.072582244873047,4847264,0.0,0.0
2016-09-08 00:00:00-04:00,28.098635967197453,28.372261167911674,27.994399123317468,28.32014274597168,5760348,0.0,0.0
2016-09-09 00:00:00-04:00,28.320151094657025,29.1214800849308,28.307120788224882,28.60680389404297,15443657,0.0,0.0
2016-09-12 00:00:00-04:00,28.39831950044573,28.984658031872506,28.03348775181623,28.854360580444336,11167266,0.0,0.0
2016-09-13 00:00:00-04:00,28.39832754568437,29.04330122834408,28.365753173599018,28.64589500427246,8808149,0.0,0.0
2016-09-14 00:00:00-04:00,28.61983501107271,28.88694654101217,28.307121589965526,28.522111892700195,7723175,0.0,0.0
2016-09-15 00:00:00-04:00,28.424380224125272,29.160560270066544,28.33968743802999,28.991174697875977,8550089,0.0,0.0
2016-09-16 00:00:00-04:00,28.763150603640597,28.808755263880688,28.365741751174827,28.55467414855957,8243446,0.0,0.0
2016-09-19 00:00:00-04:00,28.69801656436947,29.05633469629464,28.56771906185123,28.63286781311035,4729230,0.0,0.0
2016-09-20 00:00:00-04:00,28.83481739110266,28.86739175494331,28.554678419757785,28.671945571899414,5401869,0.0,0.0
2016-09-21 00:00:00-04:00,28.841341893147938,29.167085621414664,28.665439722199043,29.12148094177246,8252871,0.0,0.0
2016-09-22 00:00:00-04:00,29.18010491391982,29.245253641207707,28.932540307910557,29.056324005126953,6507263,0.0,0.0
2016-09-23 00:00:00-04:00,29.01723409872726,29.2061637231834,28.91299446842627,29.00420379638672,7340461,0.0,0.0
2016-09-26 00:00:00-04:00,28.73057523499182,28.756633048196743,28.157267094984146,28.274534225463867,8036213,0.0,0.0
2016-09-27 00:00:00-04:00,28.137725118063788,28.554678085715864,27.90319081652419,28.502559661865234,6635508,0.0,0.0
2016-09-28 00:00:00-04:00,28.678453883761822,28.776176947226197,28.313619440441173,28.7501163482666,6644596,0.0,0.0
2016-09-29 00:00:00-04:00,28.750131227936823,28.89345901954862,28.18985315613747,28.443931579589844,6455090,0.0,0.0
2016-09-30 00:00:00-04:00,28.61331826173606,29.114964107976853,28.52862267059129,28.945575714111328,10903372,0.0,0.0
2016-10-03 00:00:00-04:00,28.828305567734702,28.94557272774354,28.665433737604726,28.906484603881836,5374604,0.0,0.0
2016-10-04 00:00:00-04:00,28.92602207483397,29.36251624938534,28.834812755374315,29.232221603393555,6990733,0.0,0.0
2016-10-05 00:00:00-04:00,29.39509196358321,30.08566721695156,29.342970761619366,29.961883544921875,10568791,0.0,0.0
2016-10-06 00:00:00-04:00,30.900027160481237,31.369098474650627,30.307174958626636,30.71761131286621,15439954,0.0,0.0
2016-10-07 00:00:00-04:00,30.54171961077016,30.854432997116692,30.242033741352397,30.76322364807129,10376705,0.0,0.0
2016-10-10 00:00:00-04:00,31.030340869927215,31.141094303211332,30.828378070779824,30.997766494750977,5897344,0.0,0.0
2016-10-11 00:00:00-04:00,31.088962306272574,31.303955338724595,30.619893696909923,30.821853637695312,8126197,0.0,0.0
2016-10-12 00:00:00-04:00,30.821862226057547,31.173666569531658,30.78928785308492,30.95867347717285,4691755,0.0,0.0
2016-10-13 00:00:00-04:00,30.55475626334445,30.55475626334445,29.987961564361076,30.411428451538086,7098445,0.0,0.0
2016-10-14 00:00:00-04:00,30.834886667882543,31.04336317293828,30.44399426656196,30.54823112487793,8806129,0.0,0.0
2016-10-17 00:00:00-04:00,30.6198868595667,30.763211797965887,30.339747950300666,30.40489387512207,5297972,0.0,0.0
2016-10-18 00:00:00-04:00,30.756696378297434,30.854419442877823,30.450496884927656,30.489587783813477,6652562,0.0,0.0
2016-10-19 00:00:00-04:00,30.60686954802828,30.724136723948764,30.378848954906847,30.52217674255371,6730878,0.0,0.0
2016-10-20 00:00:00-04:00,30.515661347448912,30.65247538154129,30.118255128375313,30.417938232421875,4742806,0.0,0.0
2016-10-21 00:00:00-04:00,30.111732243292465,30.3332362305002,29.92279982946456,30.21596908569336,8567480,0.0,0.0
2016-10-24 00:00:00-04:00,30.41793508607972,30.600350990910112,30.281123854562907,30.385360717773438,6418962,0.0,0.0
2016-10-25 00:00:00-04:00,30.346273460375514,30.463540631952192,30.059617895700065,30.15734100341797,5742733,0.0,0.0
2016-10-26 00:00:00-04:00,30.007490549717264,30.756700819689243,30.007490549717264,30.55474090576172,5384815,0.0,0.0
2016-10-27 00:00:00-04:00,30.90654044349308,31.427730164940225,30.645945582769503,31.069412231445312,9547883,0.0,0.0
2016-10-28 00:00:00-04:00,31.121541019945504,31.173659447109053,30.443993101548333,30.60686492919922,8432279,0.0,0.0
2016-10-31 00:00:00-04:00,30.711104908192226,30.919581426481304,30.554749610793397,30.59383773803711,6281180,0.0,0.0
2016-11-01 00:00:00-04:00,30.724128840060057,30.95214937467085,30.098702203354105,30.483078002929688,6076640,0.0,0.0
2016-11-02 00:00:00-04:00,30.33324631533708,30.443999739974615,29.935840084582495,30.189918518066406,7814730,0.0,0.0
2016-11-03 00:00:00-04:00,29.716760387954317,31.576525180038757,29.716760387954317,30.925935745239258,9511979,0.356506,0.0
2016-11-04 00:00:00-04:00,31.02450673687126,31.333372426737107,30.656498348543426,30.768213272094727,6731439,0.0,0.0
2016-11-07 00:00:00-05:00,31.320235917337897,31.635672153594005,31.31366544244428,31.523954391479492,6510068,0.0,0.0
2016-11-08 00:00:00-05:00,31.477932189671133,31.609364092083553,30.985062555624555,31.46478843688965,6252345,0.0,0.0
2016-11-09 00:00:00-05:00,31.89195678174357,33.962007383723396,31.806526568440038,33.69914627075195,20582305,0.0,0.0
2016-11-10 00:00:00-05:00,34.33658480920964,36.130630318321835,34.31030010750269,35.31575393676758,26588146,0.0,0.0
2016-11-11 00:00:00-05:00,34.95431428482649,35.420896546312576,34.74402261848129,35.282894134521484,12168875,0.0,0.0
2016-11-14 00:00:00-05:00,35.46690664545356,36.34092868906186,35.42747536657712,35.81520080566406,14304715,0.0,0.0
2016-11-15 00:00:00-05:00,35.36833254639501,35.808630209775856,34.87546265739466,35.79548645019531,9119392,0.0,0.0
2016-11-16 00:00:00-05:00,35.460324370789856,35.64432850620194,35.006883097183525,35.34203338623047,7975737,0.0,0.0
2016-11-17 00:00:00-05:00,35.33547510941795,35.78891372680664,35.000324704708795,35.78891372680664,6305640,0.0,0.0
2016-11-18 00:00:00-05:00,35.86777468752256,36.222642150281814,35.56548226569269,36.0189208984375,6643025,0.0,0.0
2016-11-21 00:00:00-05:00,36.097772875038956,36.183205891803496,35.69033608447979,35.99919891357422,6275795,0.0,0.0
2016-11-22 00:00:00-05:00,36.032064658669846,36.19635462981712,35.77577399130177,36.0189208984375,5570618,0.0,0.0
2016-11-23 00:00:00-05:00,36.18978272838401,36.46579043156365,35.966347251357,36.37378692626953,5584082,0.0,0.0
2016-11-25 00:00:00-05:00,36.28177844208207,36.43949508666992,36.16348744276357,36.43949508666992,2589239,0.0,0.0
2016-11-28 00:00:00-05:00,35.815199310850645,36.26206743054737,35.572049612386934,35.7363395690918,7411034,0.0,0.0
2016-11-29 00:00:00-05:00,35.90720647986678,36.04520893251579,35.58519700674862,35.61148452758789,5002100,0.0,0.0
2016-11-30 00:00:00-05:00,35.94663024792464,36.37378412313812,35.887484740121785,36.15034866333008,7732039,0.0,0.0
2016-12-01 00:00:00-05:00,36.42637034925373,37.12296170117977,36.40008563444931,36.97838592529297,7185737,0.0,0.0
2016-12-02 00:00:00-05:00,36.82723386758331,36.945522097312434,36.4066503699874,36.577510833740234,6022896,0.0,0.0
2016-12-05 00:00:00-05:00,36.74836971203242,37.04409165731383,36.472362000562555,36.58407974243164,5742172,0.0,0.0
2016-12-06 00:00:00-05:00,36.7352259519238,36.76808394584396,36.242356043121454,36.58407974243164,5196094,0.0,0.0
2016-12-07 00:00:00-05:00,36.70236636842142,37.36609669178126,36.465789947523554,37.30038070678711,5584531,0.0,0.0
2016-12-08 00:00:00-05:00,37.458100538420965,37.97068466352255,37.33981232689025,37.58296203613281,6577276,0.0,0.0
2016-12-09 00:00:00-05:00,37.51066858077992,37.727530746516656,37.30037688778883,37.71438980102539,5670251,0.0,0.0
2016-12-12 00:00:00-05:00,37.444954811212334,37.563243016527586,36.840367212964594,37.201805114746094,6068113,0.0,0.0
2016-12-13 00:00:00-05:00,37.372659821368906,37.52380598323887,36.93893275065721,37.254371643066406,5253653,0.0,0.0
2016-12-14 00:00:00-05:00,36.860083958251884,37.75382018304098,36.55121828215333,37.05723190307617,9593773,0.0,0.0
2016-12-15 00:00:00-05:00,37.22151789347377,38.17440241002969,37.21494742059713,37.6421012878418,8506219,0.0,0.0
2016-12-16 00:00:00-05:00,36.83379865525854,36.91265840047041,35.6903421941458,35.72977066040039,19640498,0.0,0.0
2016-12-19 00:00:00-05:00,35.65747267828062,35.80204837373509,34.960884526593645,35.43404006958008,7742698,0.0,0.0
2016-12-20 00:00:00-05:00,35.683759906239075,35.92033908219427,35.49975575563079,35.670616149902344,5672047,0.0,0.0
2016-12-21 00:00:00-05:00,35.683774551946954,36.012354531714536,35.493199851303636,35.86777877807617,4584604,0.0,0.0
2016-12-22 00:00:00-05:00,35.78890978780031,35.848055293981744,35.460332705500036,35.769195556640625,5070991,0.0,0.0
2016-12-23 00:00:00-05:00,35.782339314981215,35.880913283482016,35.5983351363202,35.769195556640625,3427934,0.0,0.0
2016-12-27 00:00:00-05:00,35.90720773002237,36.11749665324656,35.77577574665578,35.94663619995117,3100423,0.0,0.0
2016-12-28 00:00:00-05:00,35.887476550664985,36.08462726078426,35.440608545725844,35.466896057128906,3510626,0.0,0.0
2016-12-29 00:00:00-05:00,35.47347466544509,35.5786219224739,35.10546629760045,35.355186462402344,4276840,0.0,0.0
2016-12-30 00:00:00-05:00,35.434043759172866,35.565475711871095,35.31575556428492,35.414329528808594,4699497,0.0,0.0
2017-01-03 00:00:00-05:00,35.821765128721765,36.12405746095666,35.22374812336738,35.670616149902344,6297786,0.0,0.0
2017-01-04 00:00:00-05:00,35.70348878819238,36.11092852564481,35.59177384523391,35.86777877807617,7673358,0.0,0.0
2017-01-05 00:00:00-05:00,35.7034691730281,35.887473298067114,34.95430891836178,35.3748893737793,6543841,0.0,0.0
2017-01-06 00:00:00-05:00,35.55890623858566,35.86777192307783,35.45376179023634,35.60490798950195,4450076,0.0,0.0
2017-01-09 00:00:00-05:00,35.44061686690837,35.94663048496156,35.24346892320213,35.28947067260742,7803061,0.0,0.0
2017-01-10 00:00:00-05:00,35.34204263653395,35.83491249219429,35.05946448182918,35.440616607666016,10312190,0.0,0.0
2017-01-11 00:00:00-05:00,35.624622653001374,35.91377127298228,35.269755241317526,35.769195556640625,7006666,0.0,0.0
2017-01-12 00:00:00-05:00,35.51946700543467,35.54575451590389,34.875451125956204,35.42746353149414,5527309,0.0,0.0
2017-01-13 00:00:00-05:00,35.68376484933571,35.99920098160315,35.578620409480685,35.690338134765625,5849547,0.0,0.0
2017-01-17 00:00:00-05:00,35.381476377811815,35.51947882193104,35.033182218084946,35.19089889526367,6027272,0.0,0.0
2017-01-18 00:00:00-05:00,35.28289608617024,35.539186695487665,34.862312730215564,35.52604293823242,5875241,0.0,0.0
2017-01-19 00:00:00-05:00,35.65747632941575,35.7626235790137,35.24346624167345,35.499759674072266,5443271,0.0,0.0
2017-01-20 00:00:00-05:00,35.631200928590815,35.95978089554823,35.4406234226743,35.703487396240234,6268165,0.0,0.0
2017-01-23 00:00:00-05:00,35.79547967887468,35.94662585370239,35.394613370066104,35.552330017089844,5112842,0.0,0.0
2017-01-24 00:00:00-05:00,35.72320255835919,36.40007669201427,35.72320255835919,36.08464050292969,4714083,0.0,0.0
2017-01-25 00:00:00-05:00,36.42635760396343,36.96522922770182,36.40664337158208,36.899513244628906,6225754,0.0,0.0
2017-01-26 00:00:00-05:00,36.524922528110544,37.03750650652622,36.47235031721953,36.82064437866211,5684950,0.0,0.0
2017-01-27 00:00:00-05:00,36.649794481380006,36.76151221944216,36.3869305389762,36.544647216796875,5618415,0.0,0.0
2017-01-30 00:00:00-05:00,36.301491758878434,36.301491758878434,35.60490078817101,36.07805633544922,5966235,0.0,0.0
2017-01-31 00:00:00-05:00,35.959778995629705,36.248927663653376,35.361764612444226,35.75605773925781,5772129,0.0,0.0
2017-02-01 00:00:00-05:00,36.21605768978461,36.340919154413164,35.49318485247312,35.696903228759766,8843941,0.0,0.0
2017-02-02 00:00:00-05:00,34.50525172893651,34.750205233557054,33.3334492700739,34.06830978393555,17571979,0.356506,0.0
2017-02-03 00:00:00-05:00,34.65750865012686,34.736953388724416,34.14112209959436,34.273529052734375,11732193,0.0,0.0
2017-02-06 00:00:00-05:00,33.90941734546294,34.55159177530883,33.90941734546294,34.34635925292969,6603643,0.0,0.0
2017-02-07 00:00:00-05:00,34.538345488520854,34.677371666072716,34.207328081427896,34.21394729614258,6330661,0.0,0.0
2017-02-08 00:00:00-05:00,34.10141360918278,34.187477593461665,33.823358339262015,34.021968841552734,7080381,0.0,0.0
2017-02-09 00:00:00-05:00,34.24704299861422,35.015004947808094,34.180842362435676,34.80977249145508,6630683,0.0,0.0
2017-02-10 00:00:00-05:00,35.021641041734135,35.28645504835802,34.86275433790109,35.028263092041016,5607980,0.0,0.0
2017-02-13 00:00:00-05:00,35.306295858857766,35.82268231732105,35.306295858857766,35.41884231567383,5542792,0.0,0.0
2017-02-14 00:00:00-05:00,35.28645332034657,35.809462091244036,35.20700855553613,35.670433044433594,5538865,0.0,0.0
2017-02-15 00:00:00-05:00,35.809456639386596,35.84917759896012,35.465197933332576,35.703529357910156,7613331,0.0,0.0
2017-02-16 00:00:00-05:00,35.70353098274108,35.875661760385704,35.445339066626694,35.51816177368164,8425210,0.0,0.0
2017-02-17 00:00:00-05:00,35.226868413203285,35.319554442765416,34.86937122825352,35.0679817199707,8948960,0.0,0.0
2017-02-21 00:00:00-05:00,35.36590020832706,35.551269448300836,35.17390891797314,35.319557189941406,6414923,0.0,0.0
2017-02-22 00:00:00-05:00,35.06797251697462,35.54463813871677,35.04148999160144,35.405609130859375,6127130,0.0,0.0
2017-02-23 00:00:00-05:00,35.47182128301371,35.56450731091222,35.26659157868376,35.458580017089844,6276917,0.0,0.0
2017-02-24 00:00:00-05:00,34.96205391658771,35.10770216330817,34.69723995293901,34.75020217895508,7538045,0.0,0.0
2017-02-27 00:00:00-05:00,34.85612895740587,34.962056250076316,34.70386148485868,34.86275100708008,8219435,0.0,0.0
2017-02-28 00:00:00-05:00,34.717105865478516,34.91571636929045,34.59131807963677,34.717105865478516,8406024,0.0,0.0
2017-03-01 00:00:00-05:00,35.34603826025414,36.30598900512392,35.28645397714508,35.96834945678711,12240347,0.0,0.0
2017-03-02 00:00:00-05:00,36.00806413849029,36.113988577673744,35.31954678309382,35.37250900268555,7364920,0.0,0.0
2017-03-03 00:00:00-05:00,35.53139161913767,36.45824020012093,35.498289884102554,36.29935073852539,9169657,0.0,0.0
2017-03-06 00:00:00-05:00,35.5049188929061,35.90876187188863,35.37913396521113,35.703529357910156,7373672,0.0,0.0
2017-03-07 00:00:00-05:00,35.56451071549229,35.62409500106939,35.19377223554473,35.319557189941406,5930331,0.0,0.0
2017-03-08 00:00:00-05:00,35.71015597871871,35.92862695147953,35.36589722859056,35.39237976074219,5960176,0.0,0.0
2017-03-09 00:00:00-05:00,35.50491786023318,35.74987132666062,35.36589167220126,35.49829864501953,5640070,0.0,0.0
2017-03-10 00:00:00-05:00,35.70352684576586,35.92199777518479,35.54464018508302,35.76311111450195,5949068,0.0,0.0
2017-03-13 00:00:00-04:00,35.76971479691522,36.01466814686422,35.67040961452239,35.85578155517578,6012349,0.0,0.0
2017-03-14 00:00:00-04:00,35.65056520216602,35.73000995057643,35.35927156941861,35.67704772949219,4336754,0.0,0.0
2017-03-15 00:00:00-04:00,35.80945324956752,35.86903468328766,35.37250856778,35.53801727294922,6629561,0.0,0.0
2017-03-16 00:00:00-04:00,35.58436114186172,35.968340780471976,35.5711198784128,35.76311111450195,5488600,0.0,0.0
2017-03-17 00:00:00-04:00,35.888897652511666,35.888897652511666,35.16727857142833,35.326168060302734,7752683,0.0,0.0
2017-03-20 00:00:00-04:00,35.21362057742785,35.372507228232514,35.001768876120416,35.17389678955078,4414509,0.0,0.0
2017-03-21 00:00:00-04:00,35.372512436476775,35.451957190360474,34.30001817653576,34.372840881347656,7105289,0.0,0.0
2017-03-22 00:00:00-04:00,33.9888546701969,34.452279006186934,33.68431981140197,34.273529052734375,5933921,0.0,0.0
2017-03-23 00:00:00-04:00,34.160988569522004,34.85612519547132,34.01534032879993,34.45890426635742,5649270,0.0,0.0
2017-03-24 00:00:00-04:00,34.584690085503404,34.902466244238624,34.20732965731929,34.43242263793945,5596087,0.0,0.0
2017-03-27 00:00:00-04:00,33.69095302210037,34.286784558760885,33.26724946260311,34.2205810546875,7017998,0.0,0.0
2017-03-28 00:00:00-04:00,34.02859116814676,34.975300748873906,33.988870197485944,34.74359130859375,5892968,0.0,0.0
2017-03-29 00:00:00-04:00,34.60454526342408,34.849498685149335,34.458897053190064,34.54496383666992,5497015,0.0,0.0
2017-03-30 00:00:00-04:00,34.53835271413651,35.372515621095104,34.49863175040268,35.16728591918945,7658884,0.0,0.0
2017-03-31 00:00:00-04:00,35.02163593293982,35.200385928049485,34.94881322516881,34.96867370605469,5070430,0.0,0.0
2017-04-03 00:00:00-04:00,35.02163404986009,35.14079976233631,34.14775026932233,34.690616607666016,5894764,0.0,0.0
2017-04-04 00:00:00-04:00,34.61778905909427,34.723713492345084,34.3463530943413,34.63764953613281,5591936,0.0,0.0
2017-04-05 00:00:00-04:00,34.90246925329661,35.101079723825,34.313259890870036,34.35960006713867,5487926,0.0,0.0
2017-04-06 00:00:00-04:00,34.36622032643227,34.96867092223084,34.12788607407016,34.86936569213867,7077015,0.0,0.0
2017-04-07 00:00:00-04:00,34.56482931388242,35.02825370123369,34.405939819077624,34.82964324951172,7346968,0.0,0.0
2017-04-10 00:00:00-04:00,34.82301901773051,35.21362068172194,34.75681553797386,34.94880676269531,5852240,0.0,0.0
2017-04-11 00:00:00-04:00,34.710472980997096,34.98190895162445,34.43903984393766,34.93556594848633,5090065,0.0,0.0
2017-04-12 00:00:00-04:00,34.750199704464514,34.83626366980823,34.24043229402658,34.405941009521484,5076713,0.0,0.0
2017-04-13 00:00:00-04:00,34.2205764313318,34.4655299300228,33.81673624447233,33.84321594238281,7313869,0.0,0.0
2017-04-17 00:00:00-04:00,33.935899430152425,34.45890530240287,33.82335293013934,34.35960006713867,6297001,0.0,0.0
2017-04-18 00:00:00-04:00,34.021956207729815,34.13450268394828,33.598252826754816,33.889549255371094,7146579,0.0,0.0
2017-04-19 00:00:00-04:00,34.13450385521029,34.372835244206804,33.76376267574394,33.86968994140625,5992714,0.0,0.0
2017-04-20 00:00:00-04:00,34.10802062662589,34.42579674992025,33.92265145750149,34.2801513671875,5013545,0.0,0.0
2017-04-21 00:00:00-04:00,34.187462106081554,34.32648826127683,33.88954648760526,33.942508697509766,8381340,0.0,0.0
2017-04-24 00:00:00-04:00,34.71709248790523,34.93556339120098,34.37283384723765,34.43903732299805,7962610,0.0,0.0
2017-04-25 00:00:00-04:00,34.756821264852,35.087838718177004,34.6575160288545,34.67075729370117,8219884,0.0,0.0
2017-04-26 00:00:00-04:00,34.67075006016738,34.85611922864121,34.300011723219725,34.35297393798828,8262745,0.0,0.0
2017-04-27 00:00:00-04:00,34.43242967166748,34.65751986470014,34.240438394062316,34.51849365234375,6309343,0.0,0.0
2017-04-28 00:00:00-04:00,34.48539134993412,34.58469659532896,34.273539593044745,34.30002212524414,6323143,0.0,0.0
2017-05-01 00:00:00-04:00,34.445661967813,34.55158924587063,34.2073305509276,34.405941009521484,6154507,0.0,0.0
2017-05-02 00:00:00-04:00,34.445656537147,34.531723322489675,34.247046109865835,34.43903732299805,5104090,0.0,0.0
2017-05-03 00:00:00-04:00,34.25367298165582,34.637652628429834,34.23381250284421,34.49200439453125,6647065,0.0,0.0
2017-05-04 00:00:00-04:00,35.19252824552704,35.78629925130812,34.93233867028531,35.12581253051758,9701373,0.356506,0.0
2017-05-05 00:00:00-04:00,35.272574595551205,35.33261985899172,34.84559303561875,35.10578536987305,5333764,0.0,0.0
2017-05-08 00:00:00-04:00,35.04575271223435,35.44604410973871,35.019065286504585,35.39934539794922,7768391,0.0,0.0
2017-05-09 00:00:00-04:00,35.452711274246305,35.52609739909801,34.84559671537096,34.89897155761719,5337691,0.0,0.0
2017-05-10 00:00:00-04:00,34.73886080641021,34.93233751573989,34.67214509360575,34.8322639465332,5794681,0.0,0.0
2017-05-11 00:00:00-04:00,34.67214026471694,34.932332650613326,34.39193373886501,34.43196487426758,5561193,0.0,0.0
2017-05-12 00:00:00-04:00,34.18511327108763,34.338558804921014,33.89823634166152,33.971622467041016,5194748,0.0,0.0
2017-05-15 00:00:00-04:00,34.05835797083935,34.63211478066355,34.00498597481871,34.55205535888672,5179376,0.0,0.0
2017-05-16 00:00:00-04:00,34.59208297729492,34.73885810515001,34.405279567066486,34.59208297729492,3790789,0.0,0.0
2017-05-17 00:00:00-04:00,34.59207492196542,34.59207492196542,33.104315559660286,33.33115005493164,8942901,0.0,0.0
2017-05-18 00:00:00-04:00,33.237749529093016,33.52462645625616,33.070960285917785,33.2310791015625,5994173,0.0,0.0
2017-05-19 00:00:00-04:00,33.331147920654956,33.92491582885962,33.29779007675051,33.678070068359375,7123915,0.0,0.0
2017-05-22 00:00:00-04:00,33.811498346640086,33.924915586202125,33.42454793121444,33.457908630371094,4667296,0.0,0.0
2017-05-23 00:00:00-04:00,33.45792180225268,33.904914798956796,33.36451866102057,33.698097229003906,6660416,0.0,0.0
2017-05-24 00:00:00-04:00,33.718097584093684,33.85819938315995,33.584666211462654,33.70475387573242,3823888,0.0,0.0
2017-05-25 00:00:00-04:00,34.04500565137642,34.311871274999426,33.89156013079873,34.15175247192383,4883842,0.0,0.0
2017-05-26 00:00:00-04:00,34.10505116523704,34.218468413618844,33.998307199401836,34.058349609375,3678701,0.0,0.0
2017-05-30 00:00:00-04:00,33.87821919824704,33.9716194535821,33.664728413138164,33.82484436035156,4623538,0.0,0.0
2017-05-31 00:00:00-04:00,33.87154871325371,33.89823613440559,33.344496417179634,33.751461029052734,6349398,0.0,0.0
2017-06-01 00:00:00-04:00,33.92491419917677,34.55871320291487,33.631366900213536,34.46531295776367,5869743,0.0,0.0
2017-06-02 00:00:00-04:00,34.145087554785505,34.512023950864396,34.03834356357742,34.31855010986328,4157459,0.0,0.0
2017-06-05 00:00:00-04:00,34.325220464868345,34.471995594083374,34.0516872033021,34.111732482910156,4359194,0.0,0.0
2017-06-06 00:00:00-04:00,33.824846027124856,33.91157585974224,33.44456884907239,33.664730072021484,5286415,0.0,0.0
2017-06-07 00:00:00-04:00,33.77815842617302,33.931604004386514,33.531309701833706,33.74480056762695,5215168,0.0,0.0
2017-06-08 00:00:00-04:00,33.744789861877464,34.69215045963592,33.744789861877464,34.418617248535156,8599345,0.0,0.0
2017-06-09 00:00:00-04:00,34.58540651675306,35.33262288283787,34.48533297278165,35.2525634765625,7938935,0.0,0.0
2017-06-12 00:00:00-04:00,35.27257959309756,35.7662769132501,35.125804482606966,35.51942825317383,7242286,0.0,0.0
2017-06-13 00:00:00-04:00,35.679546002603075,35.75293498926228,35.47272846531843,35.566131591796875,6038941,0.0,0.0
2017-06-14 00:00:00-04:00,35.18585151326533,35.652861434674584,34.965690264270684,35.566131591796875,6019081,0.0,0.0
2017-06-15 00:00:00-04:00,35.31927948416201,35.75960193932469,35.29926534628938,35.48606872558594,5850893,0.0,0.0
2017-06-16 00:00:00-04:00,35.57946919714858,35.712900591073996,35.27257813331662,35.70623016357422,7117407,0.0,0.0
2017-06-19 00:00:00-04:00,35.873019359883735,36.17323999583013,35.792959952533124,36.01979446411133,5356540,0.0,0.0
2017-06-20 00:00:00-04:00,35.83298841164561,36.02646220486546,35.56612564403947,35.599483489990234,4893715,0.0,0.0
2017-06-21 00:00:00-04:00,35.786285035138306,35.84632744149967,34.88562324030008,35.04574203491211,6116022,0.0,0.0
2017-06-22 00:00:00-04:00,34.89230637476207,35.07910979951616,34.792232805555386,34.8322639465332,4935341,0.0,0.0
2017-06-23 00:00:00-04:00,35.01905755537005,35.065759112341,34.73218064182149,34.8656120300293,5244565,0.0,0.0
2017-06-26 00:00:00-04:00,34.95901777906817,35.3392978662846,34.792228517612855,35.09244918823242,4178777,0.0,0.0
2017-06-27 00:00:00-04:00,35.16584002635492,35.826323823165694,35.16584002635492,35.345970153808594,6339188,0.0,0.0
2017-06-28 00:00:00-04:00,35.67954584617493,36.44677642798355,35.65953170644343,36.38673400878906,8178595,0.0,0.0
2017-06-29 00:00:00-04:00,36.78035272694766,37.55425369023296,36.51348993195393,36.7336540222168,10106639,0.0,0.0
2017-06-30 00:00:00-04:00,37.000518173993775,37.127279158243255,36.60022679142384,36.65359878540039,4944654,0.0,0.0
2017-07-03 00:00:00-04:00,36.93379986898201,37.721047432838844,36.913785729585456,37.467525482177734,4171596,0.0,0.0
2017-07-05 00:00:00-04:00,37.4475152794884,37.69436397263993,37.107266307503686,37.28739929199219,4672457,0.0,0.0
2017-07-06 00:00:00-04:00,37.35410873759952,37.74772963941902,37.160632072719736,37.28071975708008,5778524,0.0,0.0
2017-07-07 00:00:00-04:00,37.39413797756149,37.6610007743467,37.160633030374434,37.47419738769531,4413836,0.0,0.0
2017-07-10 00:00:00-04:00,37.36076905238061,37.56091609063601,37.20732356081623,37.394126892089844,4807209,0.0,0.0
2017-07-11 00:00:00-04:00,37.28071944728574,37.360778854691105,36.953814245659736,37.04721450805664,4864094,0.0,0.0
2017-07-12 00:00:00-04:00,37.007181148733196,37.160626659479405,36.746988824279,37.06722640991211,4416865,0.0,0.0
2017-07-13 00:00:00-04:00,37.04721349789051,37.300735423676585,37.00718522302489,37.167301177978516,3834211,0.0,0.0
2017-07-14 00:00:00-04:00,36.793694967862834,37.07390146251007,36.4934743354889,36.92045593261719,7483628,0.0,0.0
2017-07-17 00:00:00-04:00,36.85374171170236,37.00718724773731,36.50014907940671,36.927127838134766,4266405,0.0,0.0
2017-07-18 00:00:00-04:00,36.64692174634481,36.827054706113024,36.393402659315,36.533504486083984,4270781,0.0,0.0
2017-07-19 00:00:00-04:00,36.640248924077454,36.79369445181821,36.49347382365498,36.66026306152344,4462418,0.0,0.0
2017-07-20 00:00:00-04:00,36.71364616463653,36.75367730714239,36.400084586880034,36.41342544555664,6131954,0.0,0.0
2017-07-21 00:00:00-04:00,36.453446912520064,36.58020502474755,36.179910838887864,36.46011734008789,4022819,0.0,0.0
2017-07-24 00:00:00-04:00,36.473465064760035,36.61356690303317,36.3667210789797,36.48680877685547,3880325,0.0,0.0
2017-07-25 00:00:00-04:00,36.9338061501711,37.247370572348565,36.8203917224722,37.160640716552734,5951761,0.0,0.0
2017-07-26 00:00:00-04:00,37.16730202535321,37.234017721977715,36.386730659239404,36.51348876953125,4786676,0.0,0.0
2017-07-27 00:00:00-04:00,36.566865618842115,36.90044414632803,36.44010749169243,36.720314025878906,3746358,0.0,0.0
2017-07-28 00:00:00-04:00,36.713641286982785,36.96716325602843,36.386736038489225,36.860416412353516,2920454,0.0,0.0
2017-07-31 00:00:00-04:00,37.02052680381455,37.08056921265949,36.66026092878099,36.69361877441406,4427749,0.0,0.0
2017-08-01 00:00:00-04:00,37.0271993604577,37.18731817090247,36.60689105240411,37.167301177978516,4588868,0.0,0.0
2017-08-02 00:00:00-04:00,37.12727988396266,37.207339304238204,36.46679609154572,37.01386260986328,5123276,0.0,0.0
2017-08-03 00:00:00-04:00,36.01257254033552,36.583774172366546,35.817690833033716,35.952091217041016,9741541,0.356506,0.0
2017-08-04 00:00:00-04:00,36.13354416135708,36.449385742605905,35.790824220228366,36.234344482421875,7182595,0.0,0.0
2017-08-07 00:00:00-04:00,36.31949936961606,36.77189263469523,36.31196077616732,36.59093475341797,9326100,0.0,1.122
2017-08-08 00:00:00-04:00,36.54570114494941,37.06595043248937,36.500460950987055,36.77189636230469,7963500,0.0,0.0
2017-08-09 00:00:00-04:00,36.50800012949671,36.666339372784975,36.13100713579487,36.42506408691406,6215300,0.0,0.0
2017-08-10 00:00:00-04:00,36.017918748824854,36.161175081954745,34.97741705595565,35.24131393432617,7666300,0.0,0.0
2017-08-11 00:00:00-04:00,35.218686128936376,35.44488135856694,35.12067001770778,35.29408645629883,6437800,0.0,0.0
2017-08-14 00:00:00-04:00,35.723855097383236,35.995290499435676,35.655996246870124,35.87465286254883,6711000,0.0,0.0
2017-08-15 00:00:00-04:00,36.183790912685005,36.688960173136955,35.9425127365051,36.02545166015625,6335500,0.0,0.0
2017-08-16 00:00:00-04:00,36.11592676747573,36.4476795372836,35.98020907159341,36.15362548828125,7287600,0.0,0.0
2017-08-17 00:00:00-04:00,35.950048500033525,36.153625041340334,35.3393188761131,35.39963912963867,7748800,0.0,0.0
2017-08-18 00:00:00-04:00,35.21114022131597,35.79170967840066,35.11312125421653,35.452415466308594,7662100,0.0,0.0
2017-08-21 00:00:00-04:00,35.40718681384219,35.42980835283625,35.082972558471766,35.19607162475586,4899600,0.0,0.0
2017-08-22 00:00:00-04:00,35.25637950612034,35.5881351437311,35.15836340976076,35.565513610839844,4128800,0.0,0.0
2017-08-23 00:00:00-04:00,35.25637622490787,35.68615079510825,35.20359744678685,35.475032806396484,4402400,0.0,0.0
2017-08-24 00:00:00-04:00,35.60322353667612,35.90481624225011,35.42980708381963,35.88973617553711,4927700,0.0,0.0
2017-08-25 00:00:00-04:00,35.98773895277516,36.327033110339194,35.93496018117935,36.18377685546875,5658300,0.0,0.0
2017-08-28 00:00:00-04:00,36.10085172421528,36.15363051592822,35.73139730599627,35.86711502075195,5223900,0.0,0.0
2017-08-29 00:00:00-04:00,35.43734888251736,35.43734888251736,35.03773714529924,35.23377227783203,6216900,0.0,0.0
2017-08-30 00:00:00-04:00,35.31671184610215,35.595685919931604,35.1583754428121,35.48258972167969,4954800,0.0,0.0
2017-08-31 00:00:00-04:00,35.61075478322945,35.7238538221233,35.29408207629153,35.30916213989258,5991100,0.0,0.0
2017-09-01 00:00:00-04:00,35.47503037926759,36.206397506374046,35.35439276949794,36.04051971435547,6888300,0.0,0.0
2017-09-05 00:00:00-04:00,35.78418155305179,35.8520404207748,35.42981002270172,35.671085357666016,8986400,0.0,0.0
2017-09-06 00:00:00-04:00,35.84449137571109,36.36474062577462,35.77663252776993,36.15362548828125,8067400,0.0,0.0
2017-09-07 00:00:00-04:00,36.10838985821454,36.206408845671525,35.18852599799139,35.29408645629883,5836600,0.0,0.0
2017-09-08 00:00:00-04:00,35.263933636336255,35.64846531880718,35.11313582657608,35.54290771484375,4894900,0.0,0.0
2017-09-11 00:00:00-04:00,36.017919889903965,36.146096158939514,35.595686596871744,35.8822021484375,6342000,0.0,0.0
2017-09-12 00:00:00-04:00,36.0480794410783,36.61356906258482,36.03299937269065,36.568328857421875,5323000,0.0,0.0
2017-09-13 00:00:00-04:00,36.409991530317114,36.681427001953125,36.25165513060574,36.681427001953125,4833300,0.0,0.0
2017-09-14 00:00:00-04:00,36.673879720592495,36.832216095222954,36.40998576287506,36.455223083496094,3783600,0.0,0.0
2017-09-15 00:00:00-04:00,36.38736598669077,36.62110270071141,36.27426980343837,36.59848403930664,7371500,0.0,0.0
2017-09-18 00:00:00-04:00,36.74927356642362,37.00562888422818,36.65125459532037,36.869911193847656,4100000,0.0,0.0
2017-09-19 00:00:00-04:00,36.915155756242655,37.43540796361611,36.84729689772561,37.29969024658203,5171600,0.0,0.0
2017-09-20 00:00:00-04:00,37.36754196049204,37.92548991163929,37.21674420637216,37.79731369018555,4684700,0.0,0.0
2017-09-21 00:00:00-04:00,37.78224173280073,38.12907462832503,37.616363880059296,38.038597106933594,5309100,0.0,0.0
2017-09-22 00:00:00-04:00,37.78977732782146,38.41558708531702,37.759620073904095,38.10645294189453,5754300,0.0,0.0
2017-09-25 00:00:00-04:00,37.98581560745004,38.46082471809257,37.887796621791026,38.340187072753906,5778900,0.0,0.0
2017-09-26 00:00:00-04:00,38.27232315759329,38.86043411756629,38.12906687151457,38.807655334472656,5872500,0.0,0.0
2017-09-27 00:00:00-04:00,39.29021159110936,39.38823057812705,39.05647489167591,39.101715087890625,7506900,0.0,0.0
2017-09-28 00:00:00-04:00,39.177107718615254,39.22988650292471,38.48344205270361,38.694557189941406,4526200,0.0,0.0
2017-09-29 00:00:00-04:00,38.64179146919153,39.184662435591015,38.57393259839159,39.16958236694336,4403200,0.0,0.0
2017-10-02 00:00:00-04:00,39.162045494792466,39.43348100987719,38.83029257426076,39.312843322753906,4593900,0.0,0.0
2017-10-03 00:00:00-04:00,39.29774353802087,39.52393872837409,39.13186859908338,39.50886154174805,3337000,0.0,0.0
2017-10-04 00:00:00-04:00,39.52395344793285,39.75769019487551,39.50133478334222,39.5993537902832,2972000,0.0,0.0
2017-10-05 00:00:00-04:00,39.58427201387859,39.96880367647272,39.4485542797327,39.64459228515625,3601100,0.0,0.0
2017-10-06 00:00:00-04:00,39.83308493159654,40.16483776256431,39.66720707799837,39.976341247558594,5112100,0.0,0.0
2017-10-09 00:00:00-04:00,39.96125868736264,40.05927767439257,39.810460909523144,39.95372009277344,2812400,0.0,0.0
2017-10-10 00:00:00-04:00,39.95371825161082,40.18745206407407,39.772760351296725,40.06681442260742,4003600,0.0,0.0
2017-10-11 00:00:00-04:00,39.97632360050969,40.02156377958263,39.629490856299014,39.84814453125,3214000,0.0,0.0
2017-10-12 00:00:00-04:00,39.93864071204826,39.93864071204826,39.689823942913286,39.75768280029297,3533300,0.0,0.0
2017-10-13 00:00:00-04:00,39.68227848346095,39.96125245943772,39.62195823123465,39.75013732910156,3837300,0.0,0.0
2017-10-16 00:00:00-04:00,39.840620628567855,40.247773761657896,39.77276177305285,39.86323928833008,3240200,0.0,0.0
2017-10-17 00:00:00-04:00,40.13466502805686,40.13466502805686,39.35806055047112,39.493778228759766,4853700,0.0,0.0
2017-10-18 00:00:00-04:00,39.75766891958353,39.90092517904586,39.531473766032896,39.810447692871094,3368400,0.0,0.0
2017-10-19 00:00:00-04:00,39.501326759254944,40.014037478172206,39.501326759254944,39.95372009277344,2504000,0.0,0.0
2017-10-20 00:00:00-04:00,40.38349295585774,40.398573021662514,40.021580005228465,40.17991638183594,4300300,0.0,0.0
2017-10-23 00:00:00-04:00,40.11205948034049,40.4513537869263,40.11205948034049,40.29301452636719,4035100,0.0,0.0
2017-10-24 00:00:00-04:00,40.60214794949649,40.96406378731845,40.59460935447995,40.820804595947266,4186200,0.0,0.0
2017-10-25 00:00:00-04:00,40.86603994555325,40.88112001002547,40.50412702690455,40.67000198364258,3921300,0.0,0.0
2017-10-26 00:00:00-04:00,40.79818728973063,41.009302471948246,40.745408494176225,40.87358474731445,3374400,0.0,0.0
2017-10-27 00:00:00-04:00,40.75294862344299,40.94898662250591,40.53429196149925,40.93390655517578,2464200,0.0,0.0
2017-10-30 00:00:00-04:00,40.60214275243943,40.775562054136266,40.45134786158193,40.692623138427734,4043900,0.0,0.0
2017-10-31 00:00:00-04:00,40.692621249952055,40.911274982039345,40.38348713607549,40.39856719970703,3779600,0.0,0.0
2017-11-01 00:00:00-04:00,40.707706039265624,40.82834368609454,40.35333169335577,40.617225646972656,4361100,0.0,0.0
2017-11-02 00:00:00-04:00,41.32597609650788,42.155359594204256,40.858502678462976,42.0196418762207,6915900,0.0,0.0
2017-11-03 00:00:00-04:00,41.90571910317274,42.057607028975724,41.36651971874233,41.48802947998047,3555100,0.4,0.0
2017-11-06 00:00:00-05:00,41.29817175902799,41.38930335892754,41.055152227948284,41.26020050048828,2790000,0.0,0.0
2017-11-07 00:00:00-05:00,41.33614739263408,41.48043934916552,40.31850191214603,40.55392837524414,5984800,0.0,0.0
2017-11-08 00:00:00-05:00,40.55392953070929,40.55392953070929,40.0830765910975,40.265342712402344,4706500,0.0,0.0
2017-11-09 00:00:00-05:00,40.052701315321386,40.31850305780624,39.76411449703661,40.10586166381836,4589100,0.0,0.0
2017-11-10 00:00:00-05:00,39.90840273084672,40.02991250135292,39.36161021207951,39.642601013183594,4853100,0.0,0.0
2017-11-13 00:00:00-05:00,39.300855597252806,39.86284012106243,39.23250616728976,39.61222457885742,3263400,0.0,0.0
2017-11-14 00:00:00-05:00,39.490726470947266,39.63501846704765,39.27808502468934,39.490726470947266,2874300,0.0,0.0
2017-11-15 00:00:00-05:00,39.11099304649272,39.63500336671223,38.73127466740056,39.36920166015625,3486200,0.0,0.0
2017-11-16 00:00:00-05:00,39.566655427109964,39.642600843990614,39.07302325398219,39.14137268066406,3524100,0.0,0.0
2017-11-17 00:00:00-05:00,38.959102336767415,39.42235918974235,38.852781661728145,39.22490692138672,2659700,0.0,0.0
2017-11-20 00:00:00-05:00,39.2932635285509,39.48312273928661,39.110997411555104,39.467933654785156,3538700,0.0,0.0
2017-11-21 00:00:00-05:00,39.521088997229135,39.521088997229135,39.21731313971237,39.27047348022461,2696800,0.0,0.0
2017-11-22 00:00:00-05:00,39.27047348022461,39.475521749495236,39.22490912951199,39.27047348022461,2550100,0.0,0.0
2017-11-24 00:00:00-05:00,39.43755675522503,39.48312401019615,39.278075708358756,39.36161422729492,1303100,0.0,0.0
2017-11-27 00:00:00-05:00,39.36160350256235,39.46792417150434,38.829997260831426,39.01226043701172,3746200,0.0,0.0
2017-11-28 00:00:00-05:00,39.14898102687208,40.11346646937359,39.11100975214829,39.9843635559082,4918700,0.0,0.0
2017-11-29 00:00:00-05:00,40.250153175591265,41.161477977839176,40.21218191237712,40.667842864990234,6341700,0.0,0.0
2017-11-30 00:00:00-05:00,41.00958677192616,41.23741723014368,40.54632986523838,40.76656723022461,5533100,0.0,0.0
2017-12-01 00:00:00-05:00,40.986810989849694,40.99440408426563,39.460341177296314,40.71341323852539,4819000,0.0,0.0
2017-12-04 00:00:00-05:00,41.229824837168564,41.35133461008309,40.70581158764472,40.72100067138672,4118600,0.0,0.0
2017-12-05 00:00:00-05:00,40.85010276001153,40.91085619249297,40.159015445535424,40.28052520751953,4131300,0.0,0.0
2017-12-06 00:00:00-05:00,40.28812385055035,40.477983060870585,40.01472612416574,40.250152587890625,3500400,0.0,0.0
2017-12-07 00:00:00-05:00,40.166612151400365,40.91845586301126,40.159019058040116,40.72100067138672,3808900,0.0,0.0
2017-12-08 00:00:00-05:00,40.964018951309086,40.964018951309086,40.5691114772853,40.82732009887695,3690500,0.0,0.0
2017-12-11 00:00:00-05:00,40.92604233703908,41.15387276227708,40.61467341324223,40.736183166503906,3558100,0.0,0.0
2017-12-12 00:00:00-05:00,40.78175724222429,41.055154957118596,40.52354861115984,40.75897216796875,4704500,0.0,0.0
2017-12-13 00:00:00-05:00,40.629871238085116,40.713409754621466,40.06788669767254,40.12864303588867,4944400,0.0,0.0
2017-12-14 00:00:00-05:00,40.250157940380404,40.455206262436306,39.76411876085028,39.86284637451172,4281800,0.0,0.0
2017-12-15 00:00:00-05:00,39.11859848580273,39.44515662665035,38.64774835828704,39.04265594482422,15455500,0.0,0.0
2017-12-18 00:00:00-05:00,39.285664695724236,39.34642102933473,38.47306756432333,38.67811584472656,7867500,0.0,0.0
2017-12-19 00:00:00-05:00,38.92873359927367,39.15656698326235,38.556611146532894,38.571800231933594,5710400,0.0,0.0
2017-12-20 00:00:00-05:00,38.73128324819875,38.93633156597891,38.571802188932615,38.73887634277344,4923200,0.0,0.0
2017-12-21 00:00:00-05:00,38.98190370606137,39.1717629614456,38.670531746089786,38.75407028198242,5034200,0.0,0.0
2017-12-22 00:00:00-05:00,38.93633718527208,38.93633718527208,38.35916341555124,38.54902267456055,4236800,0.0,0.0
2017-12-26 00:00:00-05:00,38.59458381038105,38.82241430560561,38.43510275342606,38.48066711425781,3074900,0.0,0.0
2017-12-27 00:00:00-05:00,38.503456341844796,38.655344320706604,38.397135625748206,38.54142761230469,2825400,0.0,0.0
2017-12-28 00:00:00-05:00,38.54142529226078,38.7388776249797,38.495858032238544,38.6325569152832,2931400,0.0,0.0
2017-12-29 00:00:00-05:00,38.79961425277428,38.837585501650544,38.38951781206122,38.39711380004883,3424400,0.0,0.0
2018-01-02 00:00:00-05:00,38.58699331075407,38.62496457967461,37.706046545495845,38.10854721069336,5424500,0.0,0.0
2018-01-03 00:00:00-05:00,38.03258905155783,38.61735272620019,38.00980398194642,38.3515510559082,4124300,0.0,0.0
2018-01-04 00:00:00-05:00,38.60977308791921,39.209728949371076,38.54142364931049,39.00468063354492,4373900,0.0,0.0
2018-01-05 00:00:00-05:00,39.13377522219143,39.39957982576874,38.89835168124794,39.36920166015625,3419000,0.0,0.0
2018-01-08 00:00:00-05:00,39.278065015869416,39.64259426533894,39.07301676985138,39.47551727294922,4216000,0.0,0.0
2018-01-09 00:00:00-05:00,39.65019388851507,40.2045823944671,39.612222628632054,39.76411056518555,4536300,0.0,0.0
2018-01-10 00:00:00-05:00,39.862836499761556,40.76656519426646,39.78689108613427,40.27293014526367,5025800,0.0,0.0
2018-01-11 00:00:00-05:00,40.46278477462115,40.85009909792607,40.46278477462115,40.62226867675781,3583100,0.0,0.0
2018-01-12 00:00:00-05:00,40.78935834189173,40.92605722617056,40.25775189158759,40.50077438354492,5480400,0.0,0.0
2018-01-16 00:00:00-05:00,40.50835882338929,40.66783985529905,39.202126606936446,39.37679672241211,9410800,0.0,0.0
2018-01-17 00:00:00-05:00,39.60462852095369,40.029911255983734,39.536279096106526,39.90840148925781,5947000,0.0,0.0
2018-01-18 00:00:00-05:00,40.02231808540639,40.690623249613765,39.908401411874884,40.21217727661133,5429000,0.0,0.0
2018-01-19 00:00:00-05:00,40.19699213374545,40.66024906921695,39.96156567064734,40.55392837524414,6660000,0.0,0.0
2018-01-22 00:00:00-05:00,40.63747078947029,40.94124673478005,40.394451192031326,40.89567947387695,4481700,0.0,0.0
2018-01-23 00:00:00-05:00,40.81973394247997,40.933650637872404,40.394448229639735,40.71341323852539,4139400,0.0,0.0
2018-01-24 00:00:00-05:00,41.10072604310464,41.19186056100986,40.7969530078199,41.08553695678711,3996700,0.0,0.0
2018-01-25 00:00:00-05:00,41.19945702729402,41.19945702729402,40.8653057920283,41.00959777832031,4389800,0.0,0.0
2018-01-26 00:00:00-05:00,41.19944902803228,41.594356536865234,41.02477890053299,41.594356536865234,3660700,0.0,0.0
2018-01-29 00:00:00-05:00,41.48803606471791,41.928507932732316,41.29058086072874,41.3133659362793,5624100,0.0,0.0
2018-01-30 00:00:00-05:00,38.16169207791003,38.59457074136047,37.21239625507645,37.76678466796875,29493000,0.0,0.0
2018-01-31 00:00:00-05:00,36.80990612622463,37.5921251776211,36.460562963241514,36.50613021850586,28761700,0.0,0.0
2018-02-01 00:00:00-05:00,36.460558718776944,36.961786880248475,36.24032425319173,36.7491455078125,15853300,0.0,0.0
2018-02-02 00:00:00-05:00,36.67257766552724,36.932938537546086,36.312666275074115,36.41987609863281,9583800,0.4,0.0
2018-02-05 00:00:00-05:00,35.99103076463193,36.34328270507784,34.88066859297887,35.141029357910156,12513000,0.0,0.0
2018-02-06 00:00:00-05:00,34.5054519418116,35.51626385137273,34.13788424025923,35.37842559814453,13696700,0.0,0.0
2018-02-07 00:00:00-05:00,35.18698019160016,35.9374312015653,35.095089006200055,35.42436599731445,9027900,0.0,0.0
2018-02-08 00:00:00-05:00,35.46266215021907,35.54689404584032,33.89283784714026,33.90815353393555,9043800,0.0,0.0
2018-02-09 00:00:00-05:00,34.45950289732282,34.47481858248404,33.21896161094631,34.16085433959961,9965800,0.0,0.0
2018-02-12 00:00:00-05:00,34.45185007471201,34.620316786554056,33.79329015058172,34.168514251708984,9935400,0.0,0.0
2018-02-13 00:00:00-05:00,34.03832310827348,34.6509357528191,33.831565793020424,34.612648010253906,8187400,0.0,0.0
2018-02-14 00:00:00-05:00,34.91896533448856,35.91446452348136,34.658604502488195,35.76131057739258,9649300,0.0,0.0
2018-02-15 00:00:00-05:00,36.0369948170847,36.205461564824844,35.30185630258802,35.7842903137207,7152500,0.0,0.0
2018-02-16 00:00:00-05:00,35.54688912387819,36.02932296704019,35.40139450122153,35.71535873413086,7674400,0.0,0.0
2018-02-20 00:00:00-05:00,35.60814699430488,36.098237152216,35.47030877224641,35.906795501708984,7002700,0.0,0.0
2018-02-21 00:00:00-05:00,35.90680791074431,36.50410513197249,35.883835839518234,35.952754974365234,6297600,0.0,0.0
2018-02-22 00:00:00-05:00,36.05996232819308,36.24374766385187,35.61581613769948,35.70771026611328,5607700,0.0,0.0
2018-02-23 00:00:00-05:00,35.761315094965724,36.35861234688055,35.761315094965724,36.350955963134766,4341900,0.0,0.0
2018-02-26 00:00:00-05:00,36.473478941821455,36.64960498154983,36.13653963002026,36.41221618652344,5254000,0.0,0.0
2018-02-27 00:00:00-05:00,36.389237197832756,36.90229953068215,36.159507751464844,36.159507751464844,5757100,0.0,0.0
2018-02-28 00:00:00-05:00,36.304994239564955,36.49643588877615,35.36310167598599,35.370758056640625,7244300,0.0,0.0
2018-03-01 00:00:00-05:00,35.40139609644423,35.768963781693614,34.7275205462362,35.01851272583008,7827900,0.0,0.0
2018-03-02 00:00:00-05:00,34.71222060522996,34.98023789520197,34.19915518006579,34.84239959716797,7111200,0.0,0.0
2018-03-05 00:00:00-05:00,34.52841086329062,35.723007629358676,34.52841086329062,35.52390670776367,7212600,0.0,0.0
2018-03-06 00:00:00-05:00,35.63878792882234,36.22842872124828,35.600500172673854,36.04464340209961,7415500,0.0,0.0
2018-03-07 00:00:00-05:00,35.63112830563106,36.10590582535748,35.523921420908486,36.029327392578125,5008400,0.0,0.0
2018-03-08 00:00:00-05:00,36.105903760938524,36.13653221113051,35.56220714338176,35.86851501464844,4164200,0.0,0.0
2018-03-09 00:00:00-05:00,36.26670969535802,36.76445627454449,36.159502829723024,36.63427734375,5037500,0.0,0.0
2018-03-12 00:00:00-04:00,36.626619684425634,36.63427606548898,35.99868835401875,36.00634765625,6013800,0.0,0.0
2018-03-13 00:00:00-04:00,36.22076945495482,36.343292027458396,35.81491398125581,36.0676155090332,5694600,0.0,0.0
2018-03-14 00:00:00-04:00,36.23609109622575,36.29735385312893,35.830235555833795,35.92212677001953,6493100,0.0,0.0
2018-03-15 00:00:00-04:00,36.1441964036309,36.190140545717725,35.81491641988781,35.960411071777344,3901200,0.0,0.0
2018-03-16 00:00:00-04:00,35.9297723198633,36.5117566502771,35.9297723198633,36.236080169677734,8507000,0.0,0.0
2018-03-19 00:00:00-04:00,36.31266478282818,36.419874601981164,35.65410770647316,36.05996322631836,6257700,0.0,0.0
2018-03-20 00:00:00-04:00,36.08292899883727,36.33563343239733,36.08292899883727,36.14419174194336,5745800,0.0,0.0
2018-03-21 00:00:00-04:00,36.28968669997825,36.595994575914396,36.1135606937239,36.159507751464844,4757300,0.0,0.0
2018-03-22 00:00:00-04:00,35.646444774629074,35.79194233951927,34.88833726106835,35.00320053100586,5656400,0.0,0.0
2018-03-23 00:00:00-04:00,35.09509689939916,35.11040966610306,33.724373507067156,33.7550048828125,5635100,0.0,0.0
2018-03-26 00:00:00-04:00,34.62032232482813,35.44735201427042,34.45951197004847,35.340145111083984,7331700,0.0,0.0
2018-03-27 00:00:00-04:00,35.30951824069749,35.585194839040824,34.63564243598817,34.83474349975586,6703400,0.0,0.0
2018-03-28 00:00:00-04:00,34.9649115841342,35.47797685346282,34.62031594371475,35.14869689941406,7056600,0.0,0.0
2018-03-29 00:00:00-04:00,35.171660723470964,35.53157196589098,35.141029357910156,35.141029357910156,6535200,0.0,0.0
2018-04-02 00:00:00-04:00,35.11040406219264,35.26355799530595,34.03067306943784,34.47481918334961,7454700,0.0,0.0
2018-04-03 00:00:00-04:00,34.65860826885101,35.09509808504653,34.42887878533733,34.94194412231445,6481500,0.0,0.0
2018-04-04 00:00:00-04:00,34.21445925635552,35.17932409388284,34.137883748406885,35.11040496826172,8082000,0.0,0.0
2018-04-05 00:00:00-04:00,35.340139359463834,35.508606070837786,35.08743491065009,35.24824523925781,5740800,0.0,0.0
2018-04-06 00:00:00-04:00,34.81940986231125,35.19463387797457,34.33697606386195,34.666255950927734,8637100,0.0,0.0
2018-04-09 00:00:00-04:00,34.911303823786184,35.54688866311962,34.850041085881784,34.880672454833984,4904000,0.0,0.0
2018-04-10 00:00:00-04:00,35.416700570069814,35.84553086102497,35.31715010729735,35.577510833740234,4729400,0.0,0.0
2018-04-11 00:00:00-04:00,35.2635612487793,35.600500516948806,35.11040730153575,35.2635612487793,4781700,0.0,0.0
2018-04-12 00:00:00-04:00,35.63112421195779,36.23608061615266,35.55454870914475,36.014007568359375,5150800,0.0,0.0
2018-04-13 00:00:00-04:00,36.28968655262542,36.366264981882715,35.76130853600784,35.92977523803711,4520800,0.0,0.0
2018-04-16 00:00:00-04:00,36.24374016212572,36.40455047181215,36.00635142794465,36.2896842956543,4049700,0.0,0.0
2018-04-17 00:00:00-04:00,36.55770337031844,36.55770337031844,35.814908740059636,35.914459228515625,4298800,0.0,0.0
2018-04-18 00:00:00-04:00,35.99104690551758,36.30501124039979,35.93744345233055,35.99104690551758,4121300,0.0,0.0
2018-04-19 00:00:00-04:00,36.014011953177935,36.404554660111536,36.014011953177935,36.32797622680664,3902000,0.0,0.0
2018-04-20 00:00:00-04:00,36.450496232212984,36.542390345708,35.975721663828736,36.36626434326172,4377800,0.0,0.0
2018-04-23 00:00:00-04:00,36.50410249087434,36.55770885513801,36.17482544950517,36.29734802246094,3726000,0.0,0.0
2018-04-24 00:00:00-04:00,36.53473591735268,36.97122279060755,36.05230490238806,36.458160400390625,5581100,0.0,0.0
2018-04-25 00:00:00-04:00,36.511758880047836,36.79509175967001,36.174822561609794,36.626625061035156,4907800,0.0,0.0
2018-04-26 00:00:00-04:00,36.56535755839092,36.971212948349056,36.42751932761874,36.88697814941406,4057400,0.0,0.0
2018-04-27 00:00:00-04:00,36.68023016540144,37.10140131286532,36.53473260672173,37.05545425415039,2795300,0.0,0.0
2018-04-30 00:00:00-04:00,37.10139311683734,37.239231341363976,36.504093170166016,36.504093170166016,3899400,0.0,0.0
2018-05-01 00:00:00-04:00,36.44284104130678,36.54239154026315,35.89914733061232,36.220767974853516,5752500,0.0,0.0
2018-05-02 00:00:00-04:00,36.01400511302453,36.02166441548455,34.4212119779936,34.49778747558594,8371700,0.0,0.0
2018-05-03 00:00:00-04:00,35.0108601564715,35.5468945967717,33.59418977822045,34.19914627075195,10062200,0.0,0.0
2018-05-04 00:00:00-04:00,34.07546422456693,35.93848283097378,33.99815877371724,35.737491607666016,7519300,0.42,0.0
2018-05-07 00:00:00-04:00,35.752941196544164,36.35590877469719,35.497837714156056,36.2940673828125,6312500,0.0,0.0
2018-05-08 00:00:00-04:00,36.14718880954361,36.549168180855446,35.783863625952534,35.9848518371582,5888100,0.0,0.0
2018-05-09 00:00:00-04:00,36.178122240196146,36.340459263107135,35.482390878191296,36.015785217285156,5776000,0.0,0.0
2018-05-10 00:00:00-04:00,36.0080526070997,36.34045569085604,35.83025156264476,36.2476921081543,3748900,0.0,0.0
2018-05-11 00:00:00-04:00,36.386836716979225,36.510522469268835,36.05443070478198,36.15492630004883,3097200,0.0,0.0
2018-05-14 00:00:00-04:00,36.24769125449047,36.456411522329695,36.15492767397338,36.30180358886719,3378800,0.0,0.0
2018-05-15 00:00:00-04:00,36.34046049939055,37.09803919655043,36.30954126699952,36.70378875732422,4813500,0.0,0.0
2018-05-16 00:00:00-04:00,36.65739707566307,37.183062241435366,36.54917241486892,37.02072525024414,3776600,0.0,0.0
2018-05-17 00:00:00-04:00,36.97433436047369,37.29127918308743,36.688308754312516,37.244895935058594,4076000,0.0,0.0
2018-05-18 00:00:00-04:00,37.10576467995823,37.18306717681432,36.91250548891678,36.93569564819336,2881300,0.0,0.0
2018-05-21 00:00:00-04:00,37.11349438744926,37.25264124330082,37.005269710431655,37.17533874511719,3036600,0.0,0.0
2018-05-22 00:00:00-04:00,37.19853210122266,37.64689488613868,37.15215177788758,37.46136474609375,3217100,0.0,0.0
2018-05-23 00:00:00-04:00,37.25263734753858,37.46135760948863,36.943424438239255,37.45362854003906,4083300,0.0,0.0
2018-05-24 00:00:00-04:00,37.1521419269302,37.507738073086024,36.82746500516562,37.10575866699219,4649200,0.0,0.0
2018-05-25 00:00:00-04:00,36.997529618609015,37.07483209376424,36.603279328176306,36.850650787353516,4415700,0.0,0.0
2018-05-29 00:00:00-04:00,36.34819214765693,36.363653238145176,34.693893801133484,34.910343170166016,8450800,0.0,0.0
2018-05-30 00:00:00-04:00,35.42827096981676,35.953933177119424,35.19635761644993,35.75294494628906,6501700,0.0,0.0
2018-05-31 00:00:00-04:00,35.63698772961632,35.74521533570129,35.16543785887087,35.55195617675781,5631500,0.0,0.0
2018-06-01 00:00:00-04:00,36.13946630537412,36.31726439536131,35.98485837311103,36.06989288330078,4324100,0.0,0.0
2018-06-04 00:00:00-04:00,35.74520398119198,36.108529079342524,35.74520398119198,35.81477737426758,5332900,0.0,0.0
2018-06-05 00:00:00-04:00,35.652448040512404,35.868900299072266,35.34323516227081,35.868900299072266,6374300,0.0,0.0
2018-06-06 00:00:00-04:00,36.11627486722005,36.47960010392116,35.706563418913206,36.44868087768555,5266100,0.0,0.0
2018-06-07 00:00:00-04:00,36.61101439793984,36.71150998314205,36.28633748763294,36.40229415893555,5516400,0.0,0.0
2018-06-08 00:00:00-04:00,36.34818580753668,36.71151399838244,36.286341456371034,36.6496696472168,3822500,0.0,0.0
2018-06-11 00:00:00-04:00,36.71152298511322,36.958894552528754,36.672868781721924,36.79655456542969,5273000,0.0,0.0
2018-06-12 00:00:00-04:00,36.78108311706338,36.80427327158768,36.580091948184,36.711509704589844,7390000,0.0,0.0
2018-06-13 00:00:00-04:00,36.76563100610145,36.9820803649017,36.31726824984226,36.33272933959961,7864500,0.0,0.0
2018-06-14 00:00:00-04:00,36.448681067574505,36.448681067574505,35.83024935722551,36.15492630004883,6144900,0.0,0.0
2018-06-15 00:00:00-04:00,35.814792753350474,35.89982431571167,35.04175603118605,35.79933166503906,13656000,0.0,0.0
2018-06-18 00:00:00-04:00,35.62925525804163,36.14718833907315,35.343232555813785,36.046695709228516,6471100,0.0,0.0
2018-06-19 00:00:00-04:00,35.64471448172324,35.74521005522029,35.28911838953406,35.35095977783203,8598400,0.0,0.0
2018-06-20 00:00:00-04:00,35.48239246568924,35.55196589989261,35.19636670901895,35.39735794067383,7346300,0.0,0.0
2018-06-21 00:00:00-04:00,35.24273216638411,35.53648684551773,35.11904645131207,35.296844482421875,5507900,0.0,0.0
2018-06-22 00:00:00-04:00,35.567409177270555,35.68336583544877,35.25819633696253,35.33549880981445,7494500,0.0,0.0
2018-06-25 00:00:00-04:00,35.11131586952014,35.366419326032464,34.60111190539568,34.94124984741211,7889300,0.0,0.0
2018-06-26 00:00:00-04:00,34.96444969902901,35.041755138617006,34.740268347575324,34.786651611328125,5514500,0.0,0.0
2018-06-27 00:00:00-04:00,34.65523412850756,35.02629136335811,33.92857779663706,33.936309814453125,9174400,0.0,0.0
2018-06-28 00:00:00-04:00,33.91312322567946,34.16822678240929,33.63482950884741,33.96723556518555,6912200,0.0,0.0
2018-06-29 00:00:00-04:00,34.191409188194996,34.43878066952147,33.68120513934655,33.70439529418945,5798600,0.0,0.0
2018-07-02 00:00:00-04:00,33.480225476611345,33.7971704524016,33.433842206165906,33.68894577026367,5637900,0.0,0.0
2018-07-03 00:00:00-04:00,33.727591326744815,33.88992832254334,33.49568091147536,33.5497932434082,2605500,0.0,0.0
2018-07-05 00:00:00-04:00,33.80489964563266,33.88220509665543,33.43384232742764,33.673484802246094,3743800,0.0,0.0
2018-07-06 00:00:00-04:00,33.503413442459085,33.98269541005681,33.31015425161631,33.80489730834961,3900200,0.0,0.0
2018-07-09 00:00:00-04:00,34.36148460261682,35.2582071270655,34.06772980786086,35.14998245239258,7770400,0.0,0.0
2018-07-10 00:00:00-04:00,35.19634950378258,35.26592290397598,34.60111106855015,34.71706771850586,4732800,0.0,0.0
2018-07-11 00:00:00-04:00,34.46970544059645,34.66296460925893,33.951769335152534,34.083187103271484,4259600,0.0,0.0
2018-07-12 00:00:00-04:00,34.33828620235141,34.36920837574975,33.72758949668842,34.16048812866211,3853400,0.0,0.0
2018-07-13 00:00:00-04:00,34.02907748626877,34.353751500046755,33.98269422048571,34.1682243347168,3767100,0.0,0.0
2018-07-16 00:00:00-04:00,34.152767670963335,34.46198358511019,34.09865532832286,34.353755950927734,4242600,0.0,0.0
2018-07-17 00:00:00-04:00,34.43878179144563,34.55473846723902,34.14502704196294,34.16048812866211,4141000,0.0,0.0
2018-07-18 00:00:00-04:00,34.183676659077804,34.79437328302409,34.12956433732181,34.75572204589844,4074200,0.0,0.0
2018-07-19 00:00:00-04:00,34.62430813503922,34.67842045817856,34.03679869966858,34.145023345947266,4209900,0.0,0.0
2018-07-20 00:00:00-04:00,34.01362080600128,34.060004077795824,33.80490050627809,33.82809066772461,4472500,0.0,0.0
2018-07-23 00:00:00-04:00,33.82809308283277,34.53928855661636,33.78944182802862,34.4697151184082,4736100,0.0,0.0
2018-07-24 00:00:00-04:00,34.500618450748654,35.13450811966628,34.38466180079295,34.71706771850586,4132300,0.0,0.0
2018-07-25 00:00:00-04:00,34.66296927623186,34.7402717745444,34.06000153247048,34.57020568847656,4339200,0.0,0.0
2018-07-26 00:00:00-04:00,34.809843391905964,35.36643078728871,34.7634630748915,34.956722259521484,6322400,0.0,0.0
2018-07-27 00:00:00-04:00,35.03402099158815,35.436000406319,34.964447574636644,35.21955108642578,3463600,0.0,0.0
2018-07-30 00:00:00-04:00,35.2813971812866,35.83025257201018,35.258207022183164,35.37416076660156,5040700,0.0,0.0
2018-07-31 00:00:00-04:00,35.606078988344215,35.67565242400342,35.0804136853417,35.358707427978516,4999700,0.0,0.0
2018-08-01 00:00:00-04:00,35.544231523539075,35.77614197254136,35.17317421535514,35.26593780517578,5233000,0.0,0.0
2018-08-02 00:00:00-04:00,35.559678541340325,36.255412561926626,35.428263753507466,35.7065544128418,7139800,0.0,0.0
2018-08-03 00:00:00-04:00,35.651959176653406,35.83138880802244,35.035655458498105,35.363311767578125,7024600,0.42,0.0
2018-08-06 00:00:00-04:00,35.347707432052516,35.94840816210416,35.207283730172335,35.8157844543457,5945000,0.0,0.0
2018-08-07 00:00:00-04:00,35.9640013375051,36.393075331946854,35.823577662226086,35.92499542236328,6373200,0.0,0.0
2018-08-08 00:00:00-04:00,35.92499920119825,36.28385841978717,35.84698736270879,36.17464065551758,4773100,0.0,0.0
2018-08-09 00:00:00-04:00,36.17464686346667,36.4242883606271,35.94841130263849,35.9796142578125,4782100,0.0,0.0
2018-08-10 00:00:00-04:00,35.573942335010855,35.75337493216452,34.52076756576188,34.832820892333984,7636100,0.0,0.0
2018-08-13 00:00:00-04:00,34.69239595969908,34.87182557451315,34.450554491404816,34.661190032958984,5255400,0.0,0.0
2018-08-14 00:00:00-04:00,34.73140576776034,35.25409170733872,34.62218798790583,35.18387985229492,5396100,0.0,0.0
2018-08-15 00:00:00-04:00,34.81722105847747,35.090265511803956,34.57537955984448,34.99665069580078,5796100,0.0,0.0
2018-08-16 00:00:00-04:00,35.254086765637844,35.74556968205139,35.2228838157399,35.550537109375,5360400,0.0,0.0
2018-08-17 00:00:00-04:00,35.449126215738914,35.94841219846324,35.30870249809168,35.83919143676758,5158900,0.0,0.0
2018-08-20 00:00:00-04:00,35.839190543664586,36.23705872573748,35.83139054886143,35.9796142578125,4117300,0.0,0.0
2018-08-21 00:00:00-04:00,35.94841133702528,36.80655361233994,35.89379946950539,36.517906188964844,8393300,0.0,0.0
2018-08-22 00:00:00-04:00,36.47888159005654,36.58810230213692,36.14342839024147,36.20583724975586,3683100,0.0,0.0
2018-08-23 00:00:00-04:00,36.15902662196975,36.1824325471192,35.761161605948764,35.862579345703125,4092800,0.0,0.0
2018-08-24 00:00:00-04:00,36.0498306838681,36.29167221687655,36.01862474877764,36.21365737915039,2998500,0.0,0.0
2018-08-27 00:00:00-04:00,36.39307928621659,36.93916810945822,36.32286744094825,36.71293258666992,3714900,0.0,0.0
2018-08-28 00:00:00-04:00,36.86116525108128,37.01719194257448,36.54911186809489,36.61932373046875,3508200,0.0,0.0
2018-08-29 00:00:00-04:00,36.61152858995885,36.79095826738279,36.29947516559253,36.64273452758789,4106800,0.0,0.0
2018-08-30 00:00:00-04:00,36.52570721011305,36.53351018110431,35.831391589964255,36.003021240234375,5504900,0.0,0.0
2018-08-31 00:00:00-04:00,35.87819716540975,35.91720308886938,35.60514974926996,35.8001823425293,4541400,0.0,0.0
2018-09-04 00:00:00-04:00,35.698761145919065,36.08102630156384,35.50372857131602,35.98741149902344,3657000,0.0,0.0
2018-09-05 00:00:00-04:00,36.018601328594535,36.408666335710144,35.90938360275574,36.14342498779297,3573700,0.0,0.0
2018-09-06 00:00:00-04:00,36.143445045357055,36.291668758971205,35.65976202542595,35.753379821777344,3229600,0.0,0.0
2018-09-07 00:00:00-04:00,35.84699020089338,35.91720205147726,35.42571909739005,35.66756057739258,4028200,0.0,0.0
2018-09-10 00:00:00-04:00,35.862581864847435,35.870381856471845,35.46471384491849,35.566131591796875,3585100,0.0,0.0
2018-09-11 00:00:00-04:00,35.37890923721439,35.46472404957622,35.051255927426695,35.269691467285156,4777300,0.0,0.0
2018-09-12 00:00:00-04:00,35.16826820278742,35.39450368206367,34.95763270749409,35.03564453125,4569900,0.0,0.0
2018-09-13 00:00:00-04:00,35.199474736369154,35.55833689974004,35.199474736369154,35.51152801513672,4508700,0.0,0.0
2018-09-14 00:00:00-04:00,35.60514214253398,36.44768419387373,35.60514214253398,36.29945755004883,4580000,0.0,0.0
2018-09-17 00:00:00-04:00,36.377465521303115,36.541292119628736,35.94059161647479,36.03420639038086,4799500,0.0,0.0
2018-09-18 00:00:00-04:00,36.12003800651137,36.69733582922295,35.99521725781176,36.517906188964844,4870500,0.0,0.0
2018-09-19 00:00:00-04:00,36.5257065856585,37.53987555199667,36.5257065856585,37.22782516479492,6133200,0.0,0.0
2018-09-20 00:00:00-04:00,37.58668090299709,38.01575200489299,37.56327794455439,37.77391052246094,5889100,0.0,0.0
2018-09-21 00:00:00-04:00,37.8987267769871,38.163968189692355,37.6256794197355,38.06255340576172,10282300,0.0,0.0
2018-09-24 00:00:00-04:00,37.93773377572215,38.06255449301506,37.55546865503478,37.695892333984375,4866600,0.0,0.0
2018-09-25 00:00:00-04:00,37.81292037160111,37.976747036740164,37.368246294245836,37.383846282958984,6197900,0.0,0.0
2018-09-26 00:00:00-04:00,37.46184810146017,37.50865697923359,36.697320953588765,36.81433868408203,4840400,0.0,0.0
2018-09-27 00:00:00-04:00,36.93916427669981,36.95476723802504,36.57250510141891,36.58810806274414,4904600,0.0,0.0
2018-09-28 00:00:00-04:00,36.33066831944503,36.650521627689905,35.91720020721557,36.447689056396484,6754100,0.0,0.0
2018-10-01 00:00:00-04:00,36.650524815848996,36.93917222255424,36.35407443882237,36.486698150634766,4781600,0.0,0.0
2018-10-02 00:00:00-04:00,36.43209553704866,36.7207429934686,35.94061248079502,36.16685104370117,4867900,0.0,0.0
2018-10-03 00:00:00-04:00,36.40868096278434,36.978178720811734,36.190245423350945,36.68172836303711,5752500,0.0,0.0
2018-10-04 00:00:00-04:00,36.55690439856804,37.4462524173258,36.54910142944306,37.266822814941406,6359400,0.0,0.0
2018-10-05 00:00:00-04:00,37.305834565840556,37.64909086199187,36.73633974506256,36.88456344604492,4435700,0.0,0.0
2018-10-08 00:00:00-04:00,36.73632460378069,37.50865467174832,36.66611277942,37.259010314941406,4544700,0.0,0.0
2018-10-09 00:00:00-04:00,37.02498711998854,37.071796014133845,36.51790415857323,37.00938415527344,6383400,0.0,0.0
2018-10-10 00:00:00-04:00,37.07179235496137,37.22781901075055,35.99521170357304,36.01081466674805,6466100,0.0,0.0
2018-10-11 00:00:00-04:00,35.83138849590477,35.83918849026102,33.99808329817918,34.13850402832031,9534400,0.0,0.0
2018-10-12 00:00:00-04:00,34.48175109467975,34.76259840748079,33.389567761777975,34.1931037902832,8874400,0.0,0.0
2018-10-15 00:00:00-04:00,34.16970040732291,34.6143743603747,34.06828265327027,34.146297454833984,5393400,0.0,0.0
2018-10-16 00:00:00-04:00,34.28672834950377,34.36474019155238,33.881060223736746,34.20871353149414,6826000,0.0,0.0
2018-10-17 00:00:00-04:00,34.26332416927634,35.113666385344246,34.1931152934168,34.84062194824219,5797400,0.0,0.0
2018-10-18 00:00:00-04:00,34.72359708182789,34.926432618995584,33.740634248968554,34.02928161621094,4697300,0.0,0.0
2018-10-19 00:00:00-04:00,33.78744060025855,34.34133233732165,33.5846050783173,34.20090866088867,6030700,0.0,0.0
2018-10-22 00:00:00-04:00,34.2165107894408,34.32572854046131,33.41297764182373,33.467586517333984,5576000,0.0,0.0
2018-10-23 00:00:00-04:00,32.74987440173103,33.3427751825315,32.28179734401391,33.18674850463867,6759100,0.0,0.0
2018-10-24 00:00:00-04:00,33.07753398004782,33.07753398004782,31.283231471537334,31.392452239990234,10609800,0.0,0.0
2018-10-25 00:00:00-04:00,31.88392385579384,32.15697124061606,31.54846759578653,31.805912017822266,8685500,0.0,0.0
2018-10-26 00:00:00-04:00,31.478258261477528,31.509464189539035,30.666924963606068,30.861957550048828,10903700,0.0,0.0
2018-10-29 00:00:00-04:00,31.400244005550594,31.813712104744777,30.74493444639632,31.17400550842285,8774900,0.0,0.0
2018-10-30 00:00:00-04:00,31.423644780040952,31.82931285763342,30.947764862558238,31.774703979492188,10079800,0.0,0.0
2018-10-31 00:00:00-04:00,32.14136696441614,32.765470570568155,32.071155122726495,32.13356399536133,8069800,0.0,0.0
2018-11-01 00:00:00-04:00,32.40661571967121,32.76547496939101,32.04775646995141,32.718666076660156,7810500,0.0,0.0
2018-11-02 00:00:00-04:00,34.216515046635436,34.66898906801128,33.77184101874846,34.01367950439453,9442000,0.0,0.0
2018-11-05 00:00:00-05:00,34.06883128849078,35.28191871913176,34.02156708817334,35.12437438964844,7828300,0.42,0.0
2018-11-06 00:00:00-05:00,34.76988526813548,35.29765809148851,34.714745227548775,35.140113830566406,8116200,0.0,0.0
2018-11-07 00:00:00-05:00,35.415812348863376,35.77816202831341,34.91167314181868,35.589111328125,6086800,0.0,0.0
2018-11-08 00:00:00-05:00,35.25040533258427,36.18778933116998,35.19526527413263,35.79393005371094,7667200,0.0,0.0
2018-11-09 00:00:00-05:00,35.6678834447421,35.9357077853038,35.289779023638566,35.596988677978516,6927600,0.0,0.0
2018-11-12 00:00:00-05:00,35.62848963843137,35.7702791381611,35.15585997593632,35.2346305847168,5472600,0.0,0.0
2018-11-13 00:00:00-05:00,35.573365998611806,36.36896033145685,35.50247121608839,35.8096809387207,6212400,0.0,0.0
2018-11-14 00:00:00-05:00,36.2271730062312,36.5107491254285,35.22677020948724,35.47883987426758,6885800,0.0,0.0
2018-11-15 00:00:00-05:00,35.09285008571949,35.384305018847904,34.67536034327282,35.28977966308594,8768500,0.0,0.0
2018-11-16 00:00:00-05:00,35.084979479144934,35.21101430733828,34.51782124982119,34.62810134887695,8171900,0.0,0.0
2018-11-19 00:00:00-05:00,34.612334837326856,34.79350965337422,34.15545986749138,34.39965057373047,7902200,0.0,0.0
2018-11-20 00:00:00-05:00,34.100334983579316,34.13184444512435,33.265352282081786,33.7458610534668,9635800,0.0,0.0
2018-11-21 00:00:00-05:00,34.084570011909165,34.61233981213273,33.67495614961741,33.864009857177734,6577800,0.0,0.0
2018-11-23 00:00:00-05:00,33.4228890830535,34.147588506482926,33.40713435581716,33.7143440246582,2702800,0.0,0.0
2018-11-26 00:00:00-05:00,34.23424548193968,34.83291322806507,34.194860157699026,34.49419403076172,6395900,0.0,0.0
2018-11-27 00:00:00-05:00,34.36028594135362,34.94319905212435,34.344531208099475,34.66749572753906,7301800,0.0,0.0
2018-11-28 00:00:00-05:00,34.635982761344415,35.518226623535156,34.43905314001297,35.518226623535156,6869700,0.0,0.0
2018-11-29 00:00:00-05:00,35.16375320200041,35.50247239587863,34.88017406248305,34.96682357788086,5673100,0.0,0.0
2018-11-30 00:00:00-05:00,34.95106388223311,35.29766189458684,34.85653851745808,35.1558723449707,6116100,0.0,0.0
2018-12-03 00:00:00-05:00,35.68364264600854,36.11688716171241,35.06134439359192,35.305538177490234,8031500,0.0,0.0
2018-12-04 00:00:00-05:00,35.0849815002106,35.14799741548363,33.162946503409266,33.415016174316406,9803500,0.0,0.0
2018-12-06 00:00:00-05:00,32.75333395906997,32.761209821258184,31.611141627707642,32.43036651611328,11420500,0.0,0.0
2018-12-07 00:00:00-05:00,32.3594672533079,33.02114770066177,31.68990493577505,32.0049934387207,8767900,0.0,0.0
2018-12-10 00:00:00-05:00,31.90259554463398,32.020754507873306,30.64224729298171,31.201526641845703,8352300,0.0,0.0
2018-12-11 00:00:00-05:00,31.689911484702638,32.068015963431186,30.752527652328148,30.902193069458008,7960400,0.0,0.0
2018-12-12 00:00:00-05:00,31.390573593964916,31.752926301938242,31.043978617758796,31.170013427734375,6148600,0.0,0.0
2018-12-13 00:00:00-05:00,31.240916327027136,31.366951169805002,30.82342647374564,31.13063621520996,7424200,0.0,0.0
2018-12-14 00:00:00-05:00,30.610734493681907,31.41420754323509,30.571349178537588,30.63436508178711,6918900,0.0,0.0
2018-12-17 00:00:00-05:00,30.53196698014052,31.359073788540616,30.42168687366252,30.626495361328125,10100100,0.0,0.0
2018-12-18 00:00:00-05:00,30.78403078914364,31.56387017736112,30.752521337826032,31.209396362304688,9614900,0.0,0.0
2018-12-19 00:00:00-05:00,31.28029022238736,32.25706215069132,30.657992098907684,30.910064697265625,11306800,0.0,0.0
2018-12-20 00:00:00-05:00,30.79190441472153,31.62688678459726,30.681624348020414,30.9967098236084,11172600,0.0,0.0
2018-12-21 00:00:00-05:00,30.776148901330256,31.56386707746854,30.35078036503805,30.429553985595703,12359600,0.0,0.0
2018-12-24 00:00:00-05:00,30.004191739594056,30.91006903403014,29.862402197770894,30.122350692749023,6613000,0.0,0.0
2018-12-26 00:00:00-05:00,30.193240509602287,31.697782174390166,29.744238364229158,31.65839385986328,8995100,0.0,0.0
2018-12-27 00:00:00-05:00,31.130631097248344,32.2570686340332,30.98096568508868,32.2570686340332,10421600,0.0,0.0
2018-12-28 00:00:00-05:00,32.367346576044724,32.47762666240049,31.784433684712425,31.99711799621582,6361600,0.0,0.0
2018-12-31 00:00:00-05:00,32.17830392048012,32.53277789490357,31.918358342508263,32.343727111816406,4665400,0.0,0.0
2019-01-02 00:00:00-05:00,31.98924674527454,32.91087588970677,31.705667622400796,32.82422637939453,5226900,0.0,0.0
2019-01-03 00:00:00-05:00,32.58002930895804,32.816344197542726,32.09164480522878,32.19404602050781,6627500,0.0,0.0
2019-01-04 00:00:00-05:00,32.84785063826213,33.51740992866614,32.80058646291695,33.304725646972656,5962400,0.0,0.0
2019-01-07 00:00:00-05:00,33.19445347823862,33.832506475211915,32.89511963960713,33.517417907714844,5590200,0.0,0.0
2019-01-08 00:00:00-05:00,33.8403926965651,34.108217159453055,33.28898903710068,33.69072723388672,4462100,0.0,0.0
2019-01-09 00:00:00-05:00,33.8955222701991,34.549329993808804,33.67496207664753,34.265750885009766,6868200,0.0,0.0
2019-01-10 00:00:00-05:00,34.16334915161133,34.47843774110474,33.81675410709457,34.16334915161133,6056600,0.0,0.0
2019-01-11 00:00:00-05:00,33.86401095540363,34.502060853685165,33.769482596104496,34.43904495239258,3563500,0.0,0.0
2019-01-14 00:00:00-05:00,34.10821332605525,34.793527637487564,33.990057344033325,34.635986328125,3969900,0.0,0.0
2019-01-15 00:00:00-05:00,34.51782110346998,34.91168031551771,34.36027681766943,34.70687484741211,4189700,0.0,0.0
2019-01-16 00:00:00-05:00,35.16375384454342,35.67577207857332,34.88805356770126,35.34492874145508,5861000,0.0,0.0
2019-01-17 00:00:00-05:00,35.211013170684346,35.67576714806464,34.86441515066074,35.48671340942383,4797700,0.0,0.0
2019-01-18 00:00:00-05:00,35.78604605464435,35.80967664434916,35.48671223045248,35.69152069091797,6458900,0.0,0.0
2019-01-22 00:00:00-05:00,35.431578258436225,35.596998424541525,35.14012325078771,35.34492874145508,5713200,0.0,0.0
2019-01-23 00:00:00-05:00,35.518228508902645,35.59699915965348,34.502070887715234,35.0377197265625,6537500,0.0,0.0
2019-01-24 00:00:00-05:00,35.06134708010369,35.6363841960837,34.96682170695808,35.46308517456055,4332900,0.0,0.0
2019-01-25 00:00:00-05:00,35.85694360943902,36.219293369247,35.67576872953503,35.81755828857422,4281800,0.0,0.0
2019-01-28 00:00:00-05:00,35.486713293941015,35.73878294137031,35.15587300853028,35.54973220825195,3752200,0.0,0.0
2019-01-29 00:00:00-05:00,35.36068580161118,35.612755501302466,35.25828154707789,35.33705520629883,3427400,0.0,0.0
2019-01-30 00:00:00-05:00,35.40794549880487,35.82543532245909,34.93531261824762,35.62850570678711,4604000,0.0,0.0
2019-01-31 00:00:00-05:00,35.2582740370171,36.05387129869204,35.2503981752265,35.97509765625,6478400,0.0,0.0
2019-02-01 00:00:00-05:00,36.172026745190955,36.172026745190955,35.707275783415504,35.87269592285156,5550600,0.0,0.0
2019-02-04 00:00:00-05:00,35.80908998918849,36.02375407650312,35.65007921715416,35.90449523925781,5666700,0.42,0.0
2019-02-05 00:00:00-05:00,35.92038936368768,35.99194404500489,35.66597339297707,35.9362907409668,4053300,0.0,0.0
2019-02-06 00:00:00-05:00,35.6421228434972,36.21455726115728,35.602367883860616,35.9362907409668,6372600,0.0,0.0
2019-02-07 00:00:00-05:00,34.87094542310405,34.94250015099483,33.932784783149124,34.60062789916992,7179900,0.0,0.0
2019-02-08 00:00:00-05:00,34.354152385182566,34.73577649460613,33.423944187127425,33.956626892089844,9363300,0.0,0.0
2019-02-11 00:00:00-05:00,34.195144961116526,34.5211157763554,34.04408635064748,34.40980911254883,8454000,0.0,0.0
2019-02-12 00:00:00-05:00,34.73577261974354,35.52287434273065,34.69602068144446,35.22870635986328,7482400,0.0,0.0
2019-02-13 00:00:00-05:00,35.39565724064865,35.618270464320894,34.998131893875254,35.157142639160156,5678200,0.0,0.0
2019-02-14 00:00:00-05:00,34.632420215245,35.18100427481254,34.56881468393816,34.8232307434082,6061800,0.0,0.0
2019-02-15 00:00:00-05:00,35.188952731000626,35.793193134558486,35.165102173687075,35.665985107421875,6035000,0.0,0.0
2019-02-19 00:00:00-05:00,35.34795941781803,35.84089311949171,35.30025830873095,35.57057571411133,6014400,0.0,0.0
2019-02-20 00:00:00-05:00,35.62623657661669,35.96015654247302,35.53082827247583,35.817047119140625,8517600,0.0,0.0
2019-02-21 00:00:00-05:00,35.777288914324,35.99990218593649,35.41951541860508,35.58647537231445,6258300,0.0,0.0
2019-02-22 00:00:00-05:00,35.58647406188819,35.84089311949171,35.51491936537932,35.57057571411133,4876500,0.0,0.0
2019-02-25 00:00:00-05:00,35.8885882949947,36.30201502503956,35.848836366368374,35.98399353027344,6204900,0.0,0.0
2019-02-26 00:00:00-05:00,35.73754577848496,36.18277243135265,35.48312968173796,35.49903106689453,7127400,0.0,0.0
2019-02-27 00:00:00-05:00,35.47517015434763,35.87269560261694,35.38771407046782,35.77729034423828,10978800,0.0,0.0
2019-02-28 00:00:00-05:00,35.77729376301621,36.11121371568922,35.62623517007538,35.92835235595703,8992700,0.0,0.0
2019-03-01 00:00:00-05:00,36.28611997425515,36.62004290527378,36.015802566431795,36.21456527709961,5917900,0.0,0.0
2019-03-04 00:00:00-05:00,36.270210642590705,36.667735976784,35.952192194962635,36.3020133972168,4948400,0.0,0.0
2019-03-05 00:00:00-05:00,36.3974266069686,36.437181575404786,35.68188266829144,36.21456527709961,6130100,0.0,0.0
2019-03-06 00:00:00-05:00,36.11916384349071,36.27022242773109,35.63418229293133,35.72958755493164,4215700,0.0,0.0
2019-03-07 00:00:00-05:00,35.403612319877446,35.61032723309957,34.86297751543558,35.23665237426758,5357700,0.0,0.0
2019-03-08 00:00:00-05:00,34.86298060941871,35.133298035629494,34.584714008706946,35.10944747924805,6448600,0.0,0.0
2019-03-11 00:00:00-04:00,35.33205590900216,35.65007743719243,35.18894652460434,35.4354133605957,4186600,0.0,0.0
2019-03-12 00:00:00-04:00,35.51491722620424,35.76138406219561,35.32410673559253,35.4354133605957,4231300,0.0,0.0
2019-03-13 00:00:00-04:00,35.48312688518013,35.74549213738788,35.3718202307357,35.538780212402344,3452500,0.0,0.0
2019-03-14 00:00:00-04:00,35.57057395336237,35.65802699331916,35.403610981187526,35.65007781982422,3414100,0.0,0.0
2019-03-15 00:00:00-04:00,35.58647373803261,36.13506075056762,35.451316553011544,36.02375411987305,11798900,0.0,0.0
2019-03-18 00:00:00-04:00,36.07941399325743,36.56439557190436,35.7454910075994,36.3497314453125,4307600,0.0,0.0
2019-03-19 00:00:00-04:00,36.50874775548855,36.74726552942674,35.7295979838277,35.809104919433594,4972600,0.0,0.0
2019-03-20 00:00:00-04:00,35.6898368237968,35.793194296976495,34.425705686188465,34.48931121826172,6150900,0.0,0.0
2019-03-21 00:00:00-04:00,34.26669421231879,34.632419948761694,33.93277427416324,34.36210250854492,6523800,0.0,0.0
2019-03-22 00:00:00-04:00,33.92482816171313,34.02023647508147,32.92306513437909,33.22518539428711,8601300,0.0,0.0
2019-03-25 00:00:00-04:00,33.296736235393844,33.630656194659736,32.93101047582985,33.28878402709961,5364700,0.0,0.0
2019-03-26 00:00:00-04:00,33.65451145584121,33.94072727817376,33.487548435048495,33.75786590576172,4456200,0.0,0.0
2019-03-27 00:00:00-04:00,33.678358574932005,34.004329341642475,33.439843897586556,33.78966522216797,5448300,0.0,0.0
2019-03-28 00:00:00-04:00,33.77376109451742,34.08383045315519,33.35238509768951,33.765811920166016,4130300,0.0,0.0
2019-03-29 00:00:00-04:00,34.13153281362154,34.187186129807245,33.72605518669339,33.845314025878906,5756400,0.0,0.0
2019-04-01 00:00:00-04:00,33.988430567195245,35.133302926043314,33.980481391587766,35.085601806640625,6164500,0.0,0.0
2019-04-02 00:00:00-04:00,35.06970704620999,35.33207235111478,34.85504286971727,34.926597595214844,5029600,0.0,0.0
2019-04-03 00:00:00-04:00,35.26050498484706,35.650081246867536,34.99018756686181,35.133296966552734,4013600,0.0,0.0
2019-04-04 00:00:00-04:00,35.26050334065405,35.713682074250826,35.07764201243765,35.57057571411133,4042900,0.0,0.0
2019-04-05 00:00:00-04:00,35.66597855591603,35.91244235722591,35.427463927957604,35.824989318847656,4505300,0.0,0.0
2019-04-08 00:00:00-04:00,35.69779473148837,35.8886052924168,35.62624001292041,35.785247802734375,3243000,0.0,0.0
2019-04-09 00:00:00-04:00,35.58648309472233,35.673939194085094,35.077650916116106,35.220760345458984,6128800,0.0,0.0
2019-04-10 00:00:00-04:00,35.18099331632391,35.68187610427055,34.94247871397522,35.64212417602539,3240400,0.0,0.0
2019-04-11 00:00:00-04:00,35.83295226152303,36.31793391003051,35.77729892804308,35.99991226196289,4251500,0.0,0.0
2019-04-12 00:00:00-04:00,36.54847747561263,36.993703875725146,36.278160147168286,36.461021423339844,5493400,0.0,0.0
2019-04-15 00:00:00-04:00,36.405387242291205,36.588248614495804,35.85680009279843,35.97605895996094,4355700,0.0,0.0
2019-04-16 00:00:00-04:00,36.16685939642326,36.84265131039155,36.08735250291778,36.723392486572266,5209200,0.0,0.0
2019-04-17 00:00:00-04:00,36.866498711908406,36.866498711908406,36.18275465057384,36.42127227783203,5176600,0.0,0.0
2019-04-18 00:00:00-04:00,36.309978219086716,36.476941236396186,35.98400742586944,36.03171157836914,6078000,0.0,0.0
2019-04-22 00:00:00-04:00,35.98399631646989,36.111204317650355,35.81703638358517,35.944244384765625,2460600,0.0,0.0
2019-04-23 00:00:00-04:00,35.8170433145871,36.27022209604256,35.7852405499183,36.119163513183594,4035900,0.0,0.0
2019-04-24 00:00:00-04:00,35.97606145882241,36.09532033426852,35.665992022117535,35.72164535522461,3491600,0.0,0.0
2019-04-25 00:00:00-04:00,35.578532809895314,35.87270083531852,35.30821534432621,35.546730041503906,4337100,0.0,0.0
2019-04-26 00:00:00-04:00,35.61828158866674,35.880649855261666,35.41951885320222,35.85679626464844,3087400,0.0,0.0
2019-04-29 00:00:00-04:00,36.015808459654465,36.492840863040406,35.92040319212879,36.3497314453125,4265500,0.0,0.0
2019-04-30 00:00:00-04:00,36.44513184744783,36.71544926341578,35.99990227030109,36.675697326660156,5010400,0.0,0.0
2019-05-01 00:00:00-04:00,36.5961861773122,36.96986101182364,36.22251437567878,36.34177017211914,5326300,0.0,0.0
2019-05-02 00:00:00-04:00,37.128885291600184,38.265808555634905,37.02552780408455,37.6933708190918,9433400,0.0,0.0
2019-05-03 00:00:00-04:00,37.987532891274896,38.39301056853826,37.63771156998458,38.162445068359375,6224900,0.0,0.0
2019-05-06 00:00:00-04:00,37.45632620005424,38.50747955137645,37.3921322270252,38.18651580810547,5457800,0.44,0.0
2019-05-07 00:00:00-04:00,37.73716960175537,38.298854658061025,37.70507567411811,37.945796966552734,6444100,0.0,0.0
2019-05-08 00:00:00-04:00,37.69704576277068,38.387115636766474,37.64890028518831,37.937767028808594,6257900,0.0,0.0
2019-05-09 00:00:00-04:00,37.44829737821841,38.13836722748883,37.231650389202684,38.09824752807617,5211200,0.0,0.0
2019-05-10 00:00:00-04:00,37.849500711942056,38.571667549271496,37.6007567375906,38.4513053894043,5940900,0.0,0.0
2019-05-13 00:00:00-04:00,37.713090926040834,37.86554700018762,37.17548024804689,37.49644088745117,6674300,0.0,0.0
2019-05-14 00:00:00-04:00,37.53656249385033,38.587715758038314,37.53656249385033,38.114295959472656,5858100,0.0,0.0
2019-05-15 00:00:00-04:00,37.897640402866706,37.993928279499656,37.448291877018946,37.84949493408203,5480300,0.0,0.0
2019-05-16 00:00:00-04:00,38.01801827943538,38.56365490774673,38.01801827943538,38.22664260864258,3852800,0.0,0.0
2019-05-17 00:00:00-04:00,37.76124374859089,38.37107122480136,37.745195254356766,37.9778938293457,4074500,0.0,0.0
2019-05-20 00:00:00-04:00,37.96183981730908,38.48340202989073,37.89764584970323,38.13034439086914,4224000,0.0,0.0
2019-05-21 00:00:00-04:00,38.42724076452372,40.44128247756758,38.330952856697635,38.61981964111328,6469700,0.0,0.0
2019-05-22 00:00:00-04:00,38.40316955280154,38.78030152811502,38.274784655387634,38.61981964111328,4790000,0.0,0.0
2019-05-23 00:00:00-04:00,38.10626747268782,38.154409880240486,37.488414401291976,37.91368865966797,5682600,0.0,0.0
2019-05-24 00:00:00-04:00,38.09824914051746,38.467355288234664,38.02603245414349,38.379093170166016,3469500,0.0,0.0
2019-05-28 00:00:00-04:00,38.28279917957279,38.47537801494936,37.833453665255384,37.85752487182617,5178700,0.0,0.0
2019-05-29 00:00:00-04:00,37.55261975202663,38.05813665245357,37.448306060619075,37.98591995239258,3861100,0.0,0.0
2019-05-30 00:00:00-04:00,38.14639377751914,38.427234740039886,37.83345583044261,37.993934631347656,3313300,0.0,0.0
2019-05-31 00:00:00-04:00,37.48842974190524,37.61681464947598,36.95081583705818,37.079200744628906,5355100,0.0,0.0
2019-06-03 00:00:00-04:00,36.92674234925437,37.849507859046376,36.66997254992638,37.76124572753906,5626500,0.0,0.0
2019-06-04 00:00:00-04:00,38.29885279663412,38.77227264181891,38.09022850291377,38.531551361083984,6107600,0.0,0.0
2019-06-05 00:00:00-04:00,38.571671064383615,38.70808172872694,38.03406030610686,38.531551361083984,4266400,0.0,0.0
2019-06-06 00:00:00-04:00,38.65191545314249,38.98892773836136,38.475388123682656,38.8204231262207,4397000,0.0,0.0
2019-06-07 00:00:00-04:00,38.25069772613596,39.037058406155566,38.25069772613596,38.78028869628906,4289300,0.0,0.0
2019-06-10 00:00:00-04:00,39.02102001232674,39.43827166404672,38.70808203877105,38.85251235961914,5134200,0.0,0.0
2019-06-11 00:00:00-04:00,39.213598867336444,39.35000954339362,38.89263815244075,38.95682907104492,4669000,0.0,0.0
2019-06-12 00:00:00-04:00,38.908683617813125,39.04509122231189,38.764250236027856,38.85251235961914,3323400,0.0,0.0
2019-06-13 00:00:00-04:00,38.86856019724587,39.09323604341828,38.71610410168437,38.92472839355469,3284900,0.0,0.0
2019-06-14 00:00:00-04:00,38.93275249741948,39.30185864613857,38.73215093038472,39.16545104980469,3258700,0.0,0.0
2019-06-17 00:00:00-04:00,39.213589114750484,39.27778307832676,38.64388146222597,38.78831481933594,3125000,0.0,0.0
2019-06-18 00:00:00-04:00,38.79634593078184,39.31791128444016,38.63586710898296,39.08521270751953,3607200,0.0,0.0
2019-06-19 00:00:00-04:00,39.35000430909403,39.71108774364096,38.93275268038836,39.117305755615234,4318300,0.0,0.0
2019-06-20 00:00:00-04:00,39.40617560738267,39.70306509431381,38.92472996974967,39.60677719116211,4062800,0.0,0.0
2019-06-21 00:00:00-04:00,39.6147878296891,39.75119845675674,39.22161055948069,39.24568176269531,5441100,0.0,0.0
2019-06-24 00:00:00-04:00,39.23766918003981,39.59072684907367,39.14940399754707,39.3901252746582,2930700,0.0,0.0
2019-06-25 00:00:00-04:00,39.32593010120626,39.341978593982084,38.88460726315065,39.10125732421875,4157400,0.0,0.0
2019-06-26 00:00:00-04:00,39.2296486541053,39.40617904272063,38.89263943322605,39.213600158691406,3559000,0.0,0.0
2019-06-27 00:00:00-04:00,39.293837191073294,39.61479787206524,39.20557200899595,39.438270568847656,3198700,0.0,0.0
2019-06-28 00:00:00-04:00,39.775286551709996,40.0320563648319,39.69504713296101,39.855525970458984,4575400,0.0,0.0
2019-07-01 00:00:00-04:00,40.15241672383474,40.5937396287149,40.09624852108295,40.51350021362305,5062900,0.0,0.0
2019-07-02 00:00:00-04:00,40.441275455331784,40.51349213889596,39.84749349481106,40.12031173706055,4091600,0.0,0.0
2019-07-03 00:00:00-04:00,40.21660013060184,40.72211692186666,40.136360730500016,40.49744415283203,2237100,0.0,0.0
2019-07-05 00:00:00-04:00,40.64989459718643,40.87456733504749,40.43324457384763,40.68199157714844,2282200,0.0,0.0
2019-07-08 00:00:00-04:00,40.45732841480407,40.69002700080501,40.312898081736606,40.553619384765625,2423500,0.0,0.0
2019-07-09 00:00:00-04:00,40.26474625517343,40.561635713452056,40.1764810770789,40.425228118896484,3395400,0.0,0.0
2019-07-10 00:00:00-04:00,40.56164739389776,40.74620051899668,40.248709353037064,40.37709426879883,3472800,0.0,0.0
2019-07-11 00:00:00-04:00,40.497447746237434,40.52954167256377,40.04007639101254,40.45732498168945,4058600,0.0,0.0
2019-07-12 00:00:00-04:00,40.53756744740282,40.866553914491014,40.45732497924889,40.85852813720703,3760000,0.0,0.0
2019-07-15 00:00:00-04:00,40.84248007301229,40.874573997268854,40.44127694090387,40.74618911743164,3285100,0.0,0.0
2019-07-16 00:00:00-04:00,40.48139138207027,40.65791865582416,40.17647618422397,40.52151107788086,3886100,0.0,0.0
2019-07-17 00:00:00-04:00,40.45733640802185,40.52153040067913,39.92774821235149,40.08823013305664,3922500,0.0,0.0
2019-07-18 00:00:00-04:00,40.15240872107505,40.29684208820341,39.99994957747462,40.12031173706055,4233100,0.0,0.0
2019-07-19 00:00:00-04:00,40.28079212348874,40.465345183419345,39.887611736028404,39.89563751220703,4382100,0.0,0.0
2019-07-22 00:00:00-04:00,39.84748735886183,39.999943418049305,39.54257217955047,39.92772674560547,3917400,0.0,0.0
2019-07-23 00:00:00-04:00,40.04008255487818,40.377091790213505,39.99995978415361,40.23265838623047,3336100,0.0,0.0
2019-07-24 00:00:00-04:00,40.08821555545814,40.473370188530815,40.00797615475268,40.41720199584961,2916800,0.0,0.0
2019-07-25 00:00:00-04:00,40.417211500000434,40.441285774622706,40.08822498224743,40.23265838623047,3578800,0.0,0.0
2019-07-26 00:00:00-04:00,40.248698736140945,40.74618977087121,39.94378349378631,40.673973083496094,3899800,0.0,0.0
2019-07-29 00:00:00-04:00,40.36103299529554,40.58570882246015,40.04007233796118,40.12031173706055,3815300,0.0,0.0
2019-07-30 00:00:00-04:00,39.98391134261894,40.12834167480469,39.662947566581366,40.12834167480469,2920500,0.0,0.0
2019-07-31 00:00:00-04:00,40.04007639598994,40.20858098773855,39.38210346169208,39.6549186706543,6597200,0.0,0.0
2019-08-01 00:00:00-04:00,39.99994328768677,41.05109639184654,38.44327653900403,38.78028869628906,10900200,0.0,0.0
2019-08-02 00:00:00-04:00,38.74017753768072,38.756226031968,37.73716960175537,37.945796966552734,9084500,0.0,0.0
2019-08-05 00:00:00-04:00,37.29784098079711,37.59751875610957,36.504097925571,36.9090690612793,8857500,0.44,0.0
2019-08-06 00:00:00-04:00,37.09535440784752,38.059187662116415,37.03865869755929,37.94579315185547,7893300,0.0,0.0
2019-08-07 00:00:00-04:00,37.14394249349769,37.6947033285359,36.55268517434743,37.52461624145508,6165200,0.0,0.0
2019-08-08 00:00:00-04:00,38.02678613408797,38.49655099389238,37.856699017073495,38.20497131347656,6431200,0.0,0.0
2019-08-09 00:00:00-04:00,38.08348271691072,38.26976905264827,37.71091004543563,37.994388580322266,5330600,0.0,0.0
2019-08-12 00:00:00-04:00,37.492225340162214,37.994388641202164,37.062953871337655,37.16824722290039,9874900,0.0,0.0
2019-08-13 00:00:00-04:00,37.241132640650854,38.26166128680186,36.87665812416835,38.01057815551758,6273100,0.0,0.0
2019-08-14 00:00:00-04:00,36.973870648249914,37.24115002531765,36.3097181480392,36.34211349487305,9638300,0.0,0.0
2019-08-15 00:00:00-04:00,36.44739491481149,36.682278868008865,36.03432579857123,36.22871017456055,7453700,0.0,0.0
2019-08-16 00:00:00-04:00,36.52028572792037,36.97385437044436,36.47978924494299,36.73086929321289,7151400,0.0,0.0
2019-08-19 00:00:00-04:00,37.44362905153002,37.56512162232362,36.9171684540214,37.0710563659668,6315700,0.0,0.0
2019-08-20 00:00:00-04:00,36.80377365056043,37.22494397899598,36.666084955138786,36.74707794189453,5538100,0.0,0.0
2019-08-21 00:00:00-04:00,37.12775080843643,37.216844945354275,36.91716719455414,37.06295394897461,4838200,0.0,0.0
2019-08-22 00:00:00-04:00,37.29783476627445,37.678508559111876,37.111548445649596,37.427425384521484,4840100,0.0,0.0
2019-08-23 00:00:00-04:00,37.05487057876032,37.427443399339175,35.880453297671245,36.11533737182617,8939300,0.0,0.0
2019-08-26 00:00:00-04:00,36.49599450615624,36.60128476141508,36.07482421606853,36.317806243896484,7061100,0.0,0.0
2019-08-27 00:00:00-04:00,36.54460063036081,36.64179594401778,35.459277678672045,35.52407455444336,7059400,0.0,0.0
2019-08-28 00:00:00-04:00,35.20819582259883,35.42688063332313,35.10290244935714,35.40258026123047,7347500,0.0,0.0
2019-08-29 00:00:00-04:00,35.88853809596123,35.96953107580339,35.710349832687534,35.74274826049805,4830300,0.0,0.0
2019-08-30 00:00:00-04:00,36.07482341536178,36.19631288173716,35.76704453911288,35.880435943603516,4224600,0.0,0.0
2019-09-03 00:00:00-04:00,35.524061440585385,35.63745284164118,35.12718844720617,35.58075714111328,5093100,0.0,0.0
2019-09-04 00:00:00-04:00,35.993832690903155,36.188220191515676,35.83184671169131,36.034332275390625,4998200,0.0,0.0
2019-09-05 00:00:00-04:00,36.68229223220929,37.50033270108948,36.64989379451293,37.216854095458984,6215500,0.0,0.0
2019-09-06 00:00:00-04:00,37.265445729581366,37.69471727106244,37.10345973321777,37.443634033203125,4137500,0.0,0.0
2019-09-09 00:00:00-04:00,37.77570612650132,37.77570612650132,37.00626036941759,37.581321716308594,9950200,0.0,0.0
2019-09-10 00:00:00-04:00,37.81620179888602,38.4074592590332,37.5732197465862,38.4074592590332,8077200,0.0,0.0
2019-09-11 00:00:00-04:00,38.47226189514346,38.86913500889156,37.83240669262618,38.852935791015625,6424400,0.0,0.0
2019-09-12 00:00:00-04:00,38.43985452947988,38.98251738836118,37.88099554617004,38.77193069458008,6016300,0.0,0.0
2019-09-13 00:00:00-04:00,39.201199320559546,39.58187001089269,38.925818879848364,39.17689895629883,7463900,0.0,0.0
2019-09-16 00:00:00-04:00,38.81242644945707,38.8610240908742,38.24546941467778,38.51274871826172,7593800,0.0,0.0
2019-09-17 00:00:00-04:00,38.1239857535378,38.46416314348174,38.0024931664825,38.415565490722656,6923600,0.0,0.0
2019-09-18 00:00:00-04:00,38.221167993209065,38.85292495544206,38.059182038995296,38.75572967529297,6448000,0.0,0.0
2019-09-19 00:00:00-04:00,38.690933367111874,39.21739386305304,38.56944081975724,38.76382827758789,4401000,0.0,0.0
2019-09-20 00:00:00-04:00,38.8934244178778,38.8934244178778,38.25356934488291,38.42365646362305,31827300,0.0,0.0
2019-09-23 00:00:00-04:00,38.00248455830044,38.81242671604445,37.99438649618402,38.658538818359375,6750300,0.0,0.0
2019-09-24 00:00:00-04:00,38.771938347008636,38.836735216248464,38.115887039221654,38.334571838378906,8363800,0.0,0.0
2019-09-25 00:00:00-04:00,38.33456709193726,38.642342913664464,38.23737180011187,38.36696243286133,4161200,0.0,0.0
2019-09-26 00:00:00-04:00,38.366964805045036,38.40746130096726,37.90529795422552,38.132083892822266,5277300,0.0,0.0
2019-09-27 00:00:00-04:00,38.53704827430482,38.60994010037319,38.164472543968024,38.35886001586914,4255000,0.0,0.0
2019-09-30 00:00:00-04:00,38.50465544711434,38.569449220714986,38.03488745735055,38.196876525878906,4077100,0.0,0.0
2019-10-01 00:00:00-04:00,38.528946907125686,38.601841822470185,37.273537222578454,37.28163528442383,3960000,0.0,0.0
2019-10-02 00:00:00-04:00,36.87667627415792,37.01436808801325,35.88854865274784,35.95334243774414,7988200,0.0,0.0
2019-10-03 00:00:00-04:00,35.82374389146166,36.12342164667613,35.370175137600675,36.091026306152344,6651900,0.0,0.0
2019-10-04 00:00:00-04:00,36.107233218305964,36.84428066939519,35.96954140541148,36.779483795166016,4209200,0.0,0.0
2019-10-07 00:00:00-04:00,36.77947883545092,36.77947883545092,36.398804974900976,36.40690612792969,3365700,0.0,0.0
2019-10-08 00:00:00-04:00,35.91283259754768,35.94523102285527,35.49166233760069,35.49976348876953,5439100,0.0,0.0
2019-10-09 00:00:00-04:00,35.79134774819201,36.131525107744956,35.694155541041695,35.937137603759766,4273500,0.0,0.0
2019-10-10 00:00:00-04:00,36.261105411202415,36.74706939811796,36.07481911322866,36.41499328613281,3858200,0.0,0.0
2019-10-11 00:00:00-04:00,37.19255180849655,37.75141401610322,37.03866387188518,37.12775802612305,5231900,0.0,0.0
2019-10-14 00:00:00-04:00,36.795666515945506,37.135840684072434,36.747068882062955,37.054847717285156,2102100,0.0,0.0
2019-10-15 00:00:00-04:00,37.23304300132635,37.735206287788166,37.11965159048183,37.41122817993164,3088800,0.0,0.0
2019-10-16 00:00:00-04:00,37.346441468880236,37.767611852801295,37.16825316692157,37.22494888305664,4326500,0.0,0.0
2019-10-17 00:00:00-04:00,37.51651619466862,37.62990758939215,37.03865025284536,37.17634201049805,4172200,0.0,0.0
2019-10-18 00:00:00-04:00,37.24115234804129,37.45983717365512,37.176358560647465,37.33834457397461,5058100,0.0,0.0
2019-10-21 00:00:00-04:00,37.702807840166486,37.872894956348006,37.581318367044354,37.69470977783203,4353700,0.0,0.0
2019-10-22 00:00:00-04:00,37.62181179213773,37.791898894458186,37.34643134994481,37.670406341552734,3450000,0.0,0.0
2019-10-23 00:00:00-04:00,37.61371805043379,37.75140984349661,37.44363091460728,37.70281219482422,3068000,0.0,0.0
2019-10-24 00:00:00-04:00,37.751405633343595,38.01058688465584,37.20064470188402,37.48412322998047,3025900,0.0,0.0
2019-10-25 00:00:00-04:00,37.27354320828091,37.67041318580169,37.27354320828091,37.51652526855469,2163200,0.0,0.0
2019-10-28 00:00:00-04:00,37.694717751870996,38.18068192653009,37.694717751870996,37.91340255737305,4108600,0.0,0.0
2019-10-29 00:00:00-04:00,37.759507820189036,38.10778324399785,37.61371796419072,37.80810546875,3743100,0.0,0.0
2019-10-30 00:00:00-04:00,37.76760227927721,37.83239604285669,37.119649195062344,37.49222183227539,5272800,0.0,0.0
2019-10-31 00:00:00-04:00,37.24924830611373,38.02679218448038,36.71468650352607,37.89720153808594,7023100,0.0,0.0
2019-11-01 00:00:00-04:00,38.0753884059945,38.42366386268101,37.88100397276962,38.27787399291992,5733600,0.0,0.0
2019-11-04 00:00:00-05:00,38.59671545205904,39.00549236585433,38.57218983522183,38.907386779785156,6564300,0.44,0.0
2019-11-05 00:00:00-05:00,39.038193413662746,39.70858727095474,38.90738493220871,39.553253173828125,6157800,0.0,0.0
2019-11-06 00:00:00-05:00,39.53690497096659,39.83122485809068,39.275287986571946,39.733116149902344,5150300,0.0,0.0
2019-11-07 00:00:00-05:00,40.11736008583483,40.55883983536855,40.00290306604162,40.09283447265625,5999900,0.0,0.0
2019-11-08 00:00:00-05:00,40.1418954135069,40.3381097225798,39.643190152107856,40.32175827026367,6446200,0.0,0.0
2019-11-11 00:00:00-05:00,39.91297132209564,40.45255663850317,39.904797157345165,40.239994049072266,4322700,0.0,0.0
2019-11-12 00:00:00-05:00,40.31357712661702,40.77140523735227,40.207294264316296,40.53431701660156,4672500,0.0,0.0
2019-11-13 00:00:00-05:00,40.158232811899474,40.39532410942903,40.0028987473385,40.27268981933594,3984800,0.0,0.0
2019-11-14 00:00:00-05:00,40.18276965226135,40.44438661313052,40.02743243762515,40.30540084838867,3034800,0.0,0.0
2019-11-15 00:00:00-05:00,40.55884841784838,40.65695401004228,40.199122715269866,40.280879974365234,3298100,0.0,0.0
2019-11-18 00:00:00-05:00,40.11736420623663,40.215469787747125,39.87209869310029,40.158241271972656,3679000,0.0,0.0
2019-11-19 00:00:00-05:00,40.280879180347924,40.501619097473366,40.150070687094384,40.18277359008789,4000600,0.0,0.0
2019-11-20 00:00:00-05:00,40.01108169555664,40.068310211839176,39.52055066492913,40.01108169555664,4234700,0.0,0.0
2019-11-21 00:00:00-05:00,40.16642633528991,40.16642633528991,39.733120622154196,40.03561782836914,3585600,0.0,0.0
2019-11-22 00:00:00-05:00,40.10920145141884,40.607906785229495,40.00291855529213,40.55067825317383,5399600,0.0,0.0
2019-11-25 00:00:00-05:00,40.67329968940957,40.91856519444591,40.55884266164062,40.83681106567383,5059500,0.0,0.0
2019-11-26 00:00:00-05:00,40.72235438853627,40.8204599676515,40.41985724829076,40.68965148925781,4096900,0.0,0.0
2019-11-27 00:00:00-05:00,40.9185646923802,40.9921446548603,40.599719227873145,40.804107666015625,3919400,0.0,0.0
2019-11-29 00:00:00-05:00,40.66512502506437,40.86951346320685,40.567016329277536,40.804107666015625,1681200,0.0,0.0
2019-12-02 00:00:00-05:00,41.01666913871846,41.07390076904308,40.321749715679275,40.346275329589844,3524600,0.0,0.0
2019-12-03 00:00:00-05:00,39.89662450124943,39.9456788516014,39.23440792445896,39.528724670410156,6139500,0.0,0.0
2019-12-04 00:00:00-05:00,39.7249370140866,40.256348201440225,39.63500560219106,39.78216552734375,6124200,0.0,0.0
2019-12-05 00:00:00-05:00,40.002906799316406,40.133715279676345,39.74128983859652,40.002906799316406,3626600,0.0,0.0
2019-12-06 00:00:00-05:00,40.50978728062932,40.69782426698848,40.26452178184432,40.468910217285156,4009500,0.0,0.0
2019-12-09 00:00:00-05:00,40.24817748868885,40.616077361637124,40.23182603669997,40.526145935058594,3546400,0.0,0.0
2019-12-10 00:00:00-05:00,40.32174393314726,40.460729669055176,40.182761315958885,40.297218322753906,3942800,0.0,0.0
2019-12-11 00:00:00-05:00,40.37080026173987,40.509782885775984,39.97837488251359,40.13370895385742,5717600,0.0,0.0
2019-12-12 00:00:00-05:00,40.17459527971849,41.48268329759179,40.10919259412104,41.31917190551758,12137300,0.0,0.0
2019-12-13 00:00:00-05:00,41.43362764262761,41.662541713107444,40.86133934770773,41.18836212158203,5355500,0.0,0.0
2019-12-16 00:00:00-05:00,41.63801087881005,41.760645183325245,41.21288257353593,41.270111083984375,8987600,0.0,0.0
2019-12-17 00:00:00-05:00,41.270117488497206,41.86693141773338,41.155660449838265,41.834228515625,6982600,0.0,0.0
2019-12-18 00:00:00-05:00,41.92415631018375,41.99773627420197,41.76882221668756,41.8015251159668,4309700,0.0,0.0
2019-12-19 00:00:00-05:00,41.809695216566574,41.81787249995143,41.39274420681393,41.5317268371582,6058400,0.0,0.0
2019-12-20 00:00:00-05:00,41.96504499760645,42.08767621667388,41.662547796054454,41.98957061767578,10779400,0.0,0.0
2019-12-23 00:00:00-05:00,42.095849684497246,42.18577798950206,41.43362993420047,41.68707275390625,4229300,0.0,0.0
2019-12-24 00:00:00-05:00,41.76882689253626,41.891461219201744,41.58896404508567,41.68707275390625,1913300,0.0,0.0
2019-12-26 00:00:00-05:00,41.744300477002845,42.02226890924186,41.703420289748536,41.89146041870117,2281300,0.0,0.0
2019-12-27 00:00:00-05:00,41.97321405398442,41.97321405398442,41.531734234167274,41.5562629699707,2578200,0.0,0.0
2019-12-30 00:00:00-05:00,41.80970042046717,41.80970042046717,41.40910080890324,41.44997787475586,3150000,0.0,0.0
2019-12-31 00:00:00-05:00,41.47450865469344,41.695248580247096,41.29464580008217,41.67072296142578,4721800,0.0,0.0
2020-01-02 00:00:00-05:00,41.92416471654126,42.259361704564625,41.74430497188142,42.20213317871094,4416800,0.0,0.0
2020-01-03 00:00:00-05:00,41.68707900950229,41.82606168977325,41.36823033606943,41.76883316040039,5162300,0.0,0.0
2020-01-06 00:00:00-05:00,41.39274858054873,41.719768219941216,41.139305787075415,41.65436553955078,3271700,0.0,0.0
2020-01-07 00:00:00-05:00,41.70342151041265,42.202129869796416,41.48268471012459,41.93233871459961,6578000,0.0,0.0
2020-01-08 00:00:00-05:00,42.07950134773866,42.97880941411715,42.05497260935767,42.37382125854492,9880500,0.0,0.0
2020-01-09 00:00:00-05:00,42.6599582565051,43.109612230381856,42.61908118955636,42.81529235839844,5793900,0.0,0.0
2020-01-10 00:00:00-05:00,42.83982043360461,43.003328698880765,42.635431983289166,42.89704895019531,5526900,0.0,0.0
2020-01-13 00:00:00-05:00,43.01968403770851,43.134141081235704,42.78259578413954,42.98698425292969,6924900,0.0,0.0
2020-01-14 00:00:00-05:00,42.83983677475408,42.97881947699747,42.529165338528095,42.668148040771484,6611200,0.0,0.0
2020-01-15 00:00:00-05:00,42.52913770820767,42.766228995470975,42.308397866830056,42.39015197753906,4542400,0.0,0.0
2020-01-16 00:00:00-05:00,42.700833293481914,42.847993222477726,42.43921633498272,42.676307678222656,5389500,0.0,0.0
2020-01-17 00:00:00-05:00,42.79076523076128,43.05238219245824,42.66813091552575,43.011505126953125,6101700,0.0,0.0
2020-01-21 00:00:00-05:00,42.668133942753535,42.79076826668975,42.25935702126002,42.316585540771484,4656500,0.0,0.0
2020-01-22 00:00:00-05:00,42.5127996687167,42.619082541130204,42.24300540460252,42.43104553222656,3530700,0.0,0.0
2020-01-23 00:00:00-05:00,42.243009871474854,42.48010125857541,41.70342440490988,42.34929275512695,4264500,0.0,0.0
2020-01-24 00:00:00-05:00,42.43104103038287,42.43104103038287,41.44997590298811,41.91598129272461,3943600,0.0,0.0
2020-01-27 00:00:00-05:00,40.95126724243164,41.21288419152974,40.81228148394326,40.95126724243164,6494000,0.0,0.0
2020-01-28 00:00:00-05:00,41.163835406795116,41.66254375800713,41.04120419961344,41.32734680175781,4091100,0.0,0.0
2020-01-29 00:00:00-05:00,41.51537800981208,41.711592280077106,41.25376106193873,41.278289794921875,3877500,0.0,0.0
2020-01-30 00:00:00-05:00,40.877692084294694,41.932337288562394,40.812286279974025,41.92416000366211,4584000,0.0,0.0
2020-01-31 00:00:00-05:00,41.39274940833189,41.417275024128756,40.46073858340844,40.64059829711914,9443000,0.0,0.0
2020-02-03 00:00:00-05:00,41.03653008402084,41.490199636539906,40.97879049442232,40.987037658691406,5276800,0.44,0.0
2020-02-04 00:00:00-05:00,41.679915312926475,41.87788186497703,41.39121736886482,41.40771484375,4774500,0.0,0.0
2020-02-05 00:00:00-05:00,42.19958054021748,42.677997937716825,42.042859227194604,42.50477600097656,7647200,0.0,0.0
2020-02-06 00:00:00-05:00,42.75222929654511,42.96669017762199,42.273811962999716,42.785221099853516,6538200,0.0,0.0
2020-02-07 00:00:00-05:00,42.49652045674021,42.644994575202084,42.13358547081751,42.54601287841797,6698300,0.0,0.0
2020-02-10 00:00:00-05:00,42.3975347642506,42.82645645874902,42.3975347642506,42.79346466064453,4513800,0.0,0.0
2020-02-11 00:00:00-05:00,43.04917405890111,43.75854974274791,42.92544771770533,43.21414566040039,5972700,0.0,0.0
2020-02-12 00:00:00-05:00,43.47810717974178,43.94827428758542,43.26364625986854,43.28014373779297,4999200,0.0,0.0
2020-02-13 00:00:00-05:00,43.156409671060494,43.321381286318235,42.842963916727975,43.205902099609375,3762300,0.0,0.0
2020-02-14 00:00:00-05:00,43.25538974383237,43.28013753045572,42.78522270342117,43.1234130859375,3469700,0.0,0.0
2020-02-18 00:00:00-05:00,42.91719240420336,43.296627987392775,42.397536167928045,42.75222396850586,4554800,0.0,0.0
2020-02-19 00:00:00-05:00,42.90069656735725,43.02442604542007,42.65324075780294,42.71923065185547,5528700,0.0,0.0
2020-02-20 00:00:00-05:00,42.76047806336955,43.18115267710577,42.62025109440965,43.1234130859375,3686900,0.0,0.0
2020-02-21 00:00:00-05:00,42.87595390025229,42.94194379733664,42.034601591855754,42.2573127746582,5308000,0.0,0.0
2020-02-24 00:00:00-05:00,40.65709381378016,40.96228920848948,40.25291357762077,40.73133087158203,8697000,0.0,0.0
2020-02-25 00:00:00-05:00,40.789075057759185,40.8385643374964,38.99913830506616,39.24659729003906,10896800,0.0,0.0
2020-02-26 00:00:00-05:00,39.56004025038092,39.84049104225484,38.54546910092957,38.70219039916992,9898400,0.0,0.0
2020-02-27 00:00:00-05:00,37.76185610838974,37.90208307683944,36.1286437929185,36.202880859375,13487100,0.0,0.0
2020-02-28 00:00:00-05:00,34.73464239071935,35.44401815000202,34.20673572704069,35.2378044128418,13640200,0.0,0.0
2020-03-02 00:00:00-05:00,35.41101709537715,36.772028784754,35.2295480310412,36.755531311035156,13068400,0.0,0.0
2020-03-03 00:00:00-05:00,36.61531045307242,37.1019749957938,34.82537673532022,35.11407470703125,11120000,0.0,0.0
2020-03-04 00:00:00-05:00,35.79870114579781,36.27711531452437,34.99034063742721,36.15338897705078,7751100,0.0,0.0
2020-03-05 00:00:00-05:00,34.7263886148994,34.85011810348123,33.00244181835545,33.5056037902832,11269300,0.0,0.0
2020-03-06 00:00:00-05:00,31.98787066855145,33.22515296646743,31.616688496433937,32.317813873291016,10764500,0.0,0.0
2020-03-09 00:00:00-04:00,29.216358288482816,30.222682247237277,26.312870311624792,26.939760208129883,14632700,0.0,0.0
2020-03-10 00:00:00-04:00,28.46574528965761,28.894670276651016,26.824285565746806,28.886423110961914,12698400,0.0,0.0
2020-03-11 00:00:00-04:00,27.73987602301743,28.218290312531238,26.9232681446048,27.46767234802246,11010000,0.0,0.0
2020-03-12 00:00:00-04:00,24.84463058370215,25.562253474427227,23.19492076355232,23.343393325805664,13658700,0.0,0.0
2020-03-13 00:00:00-04:00,25.554006920633224,26.420104020922853,23.96203655639719,26.33761978149414,13500800,0.0,0.0
2020-03-16 00:00:00-04:00,22.163850780901875,23.76406807656904,21.44622636044136,22.106109619140625,8989500,0.0,0.0
2020-03-17 00:00:00-04:00,22.856729805096165,23.458875111547716,21.14928031810788,23.450626373291016,9725900,0.0,0.0
2020-03-18 00:00:00-04:00,21.413236087163032,23.318652362679675,21.099791864151253,23.244415283203125,12074700,0.0,0.0
2020-03-19 00:00:00-04:00,22.683508650466823,23.56610309895926,21.437977623046894,22.106109619140625,9083800,0.0,0.0
2020-03-20 00:00:00-04:00,22.642268415282306,22.642268415282306,19.928494945502713,20.109962463378906,16243600,0.0,0.0
2020-03-23 00:00:00-04:00,19.813018971116488,20.22544650220574,18.847938485436185,19.40884017944336,11715300,0.0,0.0
2020-03-24 00:00:00-04:00,20.61312377670569,23.038197624931616,20.233691277616,22.77424430847168,12986000,0.0,0.0
2020-03-25 00:00:00-04:00,23.3763867583888,26.774787886029316,22.955710592791817,24.53118324279785,13540400,0.0,0.0
2020-03-26 00:00:00-04:00,24.86112988180357,27.005754828859807,24.399211509591666,26.83253288269043,11543000,0.0,0.0
2020-03-27 00:00:00-04:00,25.347793234690453,26.535583276727053,25.265307421783074,25.463274002075195,7336500,0.0,0.0
2020-03-30 00:00:00-04:00,25.339543527850918,26.642814287474476,24.951862267271302,26.420103073120117,6287300,0.0,0.0
2020-03-31 00:00:00-04:00,25.842702562134363,26.35411326483465,25.10033350677686,25.21581268310547,8939400,0.0,0.0
2020-04-01 00:00:00-04:00,23.47537085615978,23.937290755698278,22.79899005653991,23.013452529907227,5379300,0.0,0.0
2020-04-02 00:00:00-04:00,22.667011397926597,23.904293700083542,22.634018021311032,23.137178421020508,7140500,0.0,0.0
2020-04-03 00:00:00-04:00,22.922719958703688,23.326898697931245,22.12260964530838,22.864978790283203,4855300,0.0,0.0
2020-04-06 00:00:00-04:00,24.704406427305674,25.504515163896066,24.168249450189613,25.26530647277832,7687600,0.0,0.0
2020-04-07 00:00:00-04:00,27.096480317307634,27.74811639805526,25.958181326911298,26.04891586303711,7997900,0.0,0.0
2020-04-08 00:00:00-04:00,26.370609134937844,27.814106703760416,26.024170033077585,27.607892990112305,6563400,0.0,0.0
2020-04-09 00:00:00-04:00,28.383256410598477,29.991724062467288,28.383256410598477,29.249353408813477,10681800,0.0,0.0
2020-04-13 00:00:00-04:00,28.754445351620575,29.232859607885548,27.756371572481047,28.309022903442383,4460900,0.0,0.0
2020-04-14 00:00:00-04:00,28.985397829382958,29.158616586155027,27.78111054910369,28.399751663208008,6987200,0.0,0.0
2020-04-15 00:00:00-04:00,26.87377363371797,27.244955814297146,26.246882159736167,26.783039093017578,9863800,0.0,0.0
2020-04-16 00:00:00-04:00,26.576826770886996,26.783040502761484,25.37253775863131,25.529260635375977,7156200,0.0,0.0
2020-04-17 00:00:00-04:00,26.857277358260376,27.698629755198024,26.61806867601332,27.269704818725586,7119100,0.0,0.0
2020-04-20 00:00:00-04:00,26.23862957567521,27.24495182035049,26.040664621310512,26.849021911621094,5212400,0.0,0.0
2020-04-21 00:00:00-04:00,25.842701663140318,26.477838684138835,25.64473669348401,25.949932098388672,5502600,0.0,0.0
2020-04-22 00:00:00-04:00,26.700549979377804,26.939758635374268,25.99942463215668,26.197389602661133,6105900,0.0,0.0
2020-04-23 00:00:00-04:00,26.46134764528583,26.758292776747005,26.05716734539159,26.3128719329834,12189800,0.0,0.0
2020-04-24 00:00:00-04:00,26.60157518075422,27.6821364216377,26.519090934946686,27.46767234802246,8255900,0.0,0.0
2020-04-27 00:00:00-04:00,27.70687821491445,28.589472769836064,27.61614366591975,28.39150619506836,6213900,0.0,0.0
2020-04-28 00:00:00-04:00,29.686533898984482,30.02472433524835,28.878173201015017,29.018400192260742,7509900,0.0,0.0
2020-04-29 00:00:00-04:00,30.478389580249182,31.121775403704245,30.173194144324572,30.91556167602539,9826900,0.0,0.0
2020-04-30 00:00:00-04:00,30.024722229608766,30.684605577678543,29.645286551218142,29.76076889038086,6057500,0.0,0.0
2020-05-01 00:00:00-04:00,28.869923719255002,29.092634936963606,28.36676168812504,28.60597038269043,4534900,0.0,0.0
2020-05-04 00:00:00-04:00,28.045072132152363,28.300778334358622,27.45942579280537,28.193546295166016,5795200,0.0,0.0
2020-05-05 00:00:00-04:00,28.597718475620095,29.034893721506585,28.226536280051214,28.267778396606445,4012600,0.0,0.0
2020-05-06 00:00:00-04:00,28.68020719387504,28.861676291073806,27.03874444716279,27.19546890258789,6396100,0.0,0.0
2020-05-07 00:00:00-04:00,27.965069405539303,29.679947372107105,27.965069405539303,28.809959411621094,7470800,0.46,0.0
2020-05-08 00:00:00-04:00,29.47917902383148,29.55446649499899,28.29967743626955,29.462448120117188,8669300,0.0,0.0
2020-05-11 00:00:00-04:00,28.90197732210746,29.06091933003602,28.149105715366048,28.416793823242188,6866700,0.0,0.0
2020-05-12 00:00:00-04:00,28.7179416923571,29.027455446664252,27.028158637579747,27.07834815979004,7751900,0.0,0.0
2020-05-13 00:00:00-04:00,26.768838895183354,26.885952054774698,25.58933705900811,25.739912033081055,7859000,0.0,0.0
2020-05-14 00:00:00-04:00,25.145978920444467,26.651727145269668,24.409836513931218,26.626630783081055,5742600,0.0,0.0
2020-05-15 00:00:00-04:00,26.275288070516048,26.869220912443737,26.082887425571624,26.534610748291016,5460600,0.0,0.0
2020-05-18 00:00:00-04:00,27.856319038223653,28.19093076122508,27.396230312417103,27.956701278686523,7288300,0.0,0.0
2020-05-19 00:00:00-04:00,27.781034468679444,27.914878533674237,27.05325756471363,27.095083236694336,5149700,0.0,0.0
2020-05-20 00:00:00-04:00,27.60536605736196,28.19929892485467,27.53007856774356,27.73921012878418,5131200,0.0,0.0
2020-05-21 00:00:00-04:00,27.605361500354874,28.182563364750326,27.563535833270077,28.015260696411133,4056200,0.0,0.0
2020-05-22 00:00:00-04:00,28.057087820022684,28.10727734669239,27.371136632721914,27.889781951904297,3395300,0.0,0.0
2020-05-26 00:00:00-04:00,29.2784156388646,30.75906732696133,29.161302486884193,30.198593139648438,10389500,0.0,0.0
2020-05-27 00:00:00-04:00,31.787994663349096,32.164432080476004,30.64195469662418,30.892911911010742,7665500,0.0,0.0
2020-05-28 00:00:00-04:00,31.378096285023855,31.436656054694485,30.39099830712366,30.499744415283203,7253600,0.0,0.0
2020-05-29 00:00:00-04:00,29.9643693466269,30.424458135573108,29.57120099680838,30.123308181762695,9444900,0.0,0.0
2020-06-01 00:00:00-04:00,29.964372526967253,30.575036357632936,29.730146178518684,30.424461364746094,5134500,0.0,0.0
2020-06-02 00:00:00-04:00,30.775798650325164,30.90127566153631,30.17349878501052,30.441186904907227,6710100,0.0,0.0
2020-06-03 00:00:00-04:00,31.277713302042542,32.13097038700299,31.160600147633208,31.687612533569336,6419700,0.0,0.0
2020-06-04 00:00:00-04:00,31.39482949778533,32.92567408439081,31.076951816764332,32.90894317626953,5822400,0.0,0.0
2020-06-05 00:00:00-04:00,35.485439177684874,35.70293777244032,33.896041343452175,34.080078125,7917600,0.0,0.0
2020-06-08 00:00:00-04:00,34.858045446182885,35.987357738093465,34.80785591616079,35.97062683105469,7587700,0.0,0.0
2020-06-09 00:00:00-04:00,34.76603459161671,35.12574116019624,34.255753031952985,34.757667541503906,7867400,0.0,0.0
2020-06-10 00:00:00-04:00,34.50670254381397,34.55689525994424,33.02605092445723,33.042781829833984,7295000,0.0,0.0
2020-06-11 00:00:00-04:00,30.817625670253395,31.721072316693792,29.897448116700033,30.056386947631836,9548300,0.0,0.0
2020-06-12 00:00:00-04:00,31.41156464510302,31.620696238201035,30.39936850037139,31.327913284301758,7142100,0.0,0.0
2020-06-15 00:00:00-04:00,29.947628087023148,32.19788491342618,29.822151110372204,31.846542358398438,7492900,0.0,0.0
2020-06-16 00:00:00-04:00,33.66180640373055,33.66180640373055,31.7545250240654,32.36518859863281,7392000,0.0,0.0
2020-06-17 00:00:00-04:00,32.39865741602671,32.64125076546009,31.595593077654836,31.637418746948242,4985300,0.0,0.0
2020-06-18 00:00:00-04:00,31.319530829599874,32.23971130131335,31.043478921851136,31.8800048828125,4138300,0.0,0.0
2020-06-19 00:00:00-04:00,32.67471319843318,32.68307705601324,31.085312206319287,31.21915626525879,16568700,0.0,0.0
2020-06-22 00:00:00-04:00,30.918006675121166,31.11040731252067,30.491379729773417,30.892911911010742,6181700,0.0,0.0
2020-06-23 00:00:00-04:00,31.637429166120466,31.813098949662614,30.951477752302978,30.984939575195312,4041700,0.0,0.0
2020-06-24 00:00:00-04:00,30.491380823222542,30.558301260281535,29.428992159496868,29.72177505493164,5833200,0.0,0.0
2020-06-25 00:00:00-04:00,29.554470642702285,30.483011995955852,29.387164773173104,30.39936065673828,5867800,0.0,0.0
2020-06-26 00:00:00-04:00,29.939273067483654,30.00619350322868,29.1278416430764,29.336973190307617,6508500,0.0,0.0
2020-06-29 00:00:00-04:00,29.71341571563367,30.02292956517613,29.34534527809925,29.75524139404297,4404500,0.0,0.0
2020-06-30 00:00:00-04:00,29.57119716417438,30.74233501251737,29.479181971186414,30.54993438720703,4752100,0.0,0.0
2020-07-01 00:00:00-04:00,30.5415660659493,30.708871921752447,29.587926836293274,29.705039978027344,4772600,0.0,0.0
2020-07-02 00:00:00-04:00,30.5332067242677,31.11877571062319,29.77196799933384,29.822160720825195,5016800,0.0,0.0
2020-07-06 00:00:00-04:00,30.692144536643642,31.143869441784958,30.432823461950555,31.026756286621094,6120100,0.0,0.0
2020-07-07 00:00:00-04:00,30.608489611862165,30.851082942644684,30.048015474919573,30.131669998168945,5138600,0.0,0.0
2020-07-08 00:00:00-04:00,30.273884581468405,30.9598358680105,30.173502322511982,30.759071350097656,6549000,0.0,0.0
2020-07-09 00:00:00-04:00,30.73397621522224,30.742340073745783,29.403899333367416,29.604663848876953,6104900,0.0,0.0
2020-07-10 00:00:00-04:00,29.679948189908206,31.001661072960502,29.62975547081077,30.901275634765625,4603000,0.0,0.0
2020-07-13 00:00:00-04:00,31.369724875792905,31.746162212521106,31.035113200680406,31.294437408447266,6441200,0.0,0.0
2020-07-14 00:00:00-04:00,31.235893138320915,31.75453856689849,30.94311020067906,31.695981979370117,6834000,0.0,0.0
2020-07-15 00:00:00-04:00,32.39029169239854,32.49067393113787,31.86327935460284,32.323368072509766,6050300,0.0,0.0
2020-07-16 00:00:00-04:00,31.988762708926565,33.05951520425661,31.754533207252507,32.398658752441406,4496000,0.0,0.0
2020-07-17 00:00:00-04:00,32.39865919476477,32.50740849377335,31.913475660354667,32.1811637878418,3867500,0.0,0.0
2020-07-20 00:00:00-04:00,31.98039554994295,32.164432331104386,31.495212023827545,31.603958129882812,4298600,0.0,0.0
2020-07-21 00:00:00-04:00,31.8047259188455,32.61615733899186,31.796358869987454,32.05568313598633,4519000,0.0,0.0
2020-07-22 00:00:00-04:00,31.82145041443766,32.1978877598556,31.68760637952167,32.13932800292969,3703700,0.0,0.0
2020-07-23 00:00:00-04:00,31.963664575388083,32.499040820070825,31.913475046882912,32.25645065307617,4074500,0.0,0.0
2020-07-24 00:00:00-04:00,32.39866337267491,32.47395086768262,31.930207493616475,31.972036361694336,3324300,0.0,0.0
2020-07-27 00:00:00-04:00,31.80473576756947,31.854928502978087,31.3028179867687,31.620698928833008,4463700,0.0,0.0
2020-07-28 00:00:00-04:00,31.47010971444731,31.80472141733831,31.36972748001749,31.44501495361328,4732500,0.0,0.0
2020-07-29 00:00:00-04:00,31.461751612428884,32.398660084359236,31.30280958849195,32.356834411621094,6805300,0.0,0.0
2020-07-30 00:00:00-04:00,31.461745140817026,31.56212737295902,30.89290717352303,31.41155242919922,4636200,0.0,0.0
2020-07-31 00:00:00-04:00,31.39482372701443,31.695973635653374,31.093673818375485,31.662511825561523,5860600,0.0,0.0
2020-08-03 00:00:00-04:00,31.730258670496706,32.162134254606016,31.374593574448156,31.5862979888916,3982500,0.46,0.0
2020-08-04 00:00:00-04:00,31.501624280404005,31.594774759620186,31.179832596844577,31.24757957458496,4227400,0.0,0.0
2020-08-05 00:00:00-04:00,31.70486014073449,32.568614762611325,31.603242900029517,32.41618728637695,6089500,0.0,0.0
2020-08-06 00:00:00-04:00,31.74719597607609,32.568606922089494,31.272976916359344,31.315317153930664,7612100,0.0,0.0
2020-08-07 00:00:00-04:00,31.264502231419247,32.95813732253455,30.968117382615098,32.78877639770508,8486400,0.0,0.0
2020-08-10 00:00:00-04:00,32.93273798803531,33.847302603281605,32.93273798803531,33.686405181884766,7439800,0.0,0.0
2020-08-11 00:00:00-04:00,34.668717937507544,35.11753354702597,34.32999277166061,34.35539627075195,9162900,0.0,0.0
2020-08-12 00:00:00-04:00,35.12600216984336,35.12600216984336,33.47470680373655,33.906585693359375,5930600,0.0,0.0
2020-08-13 00:00:00-04:00,33.44930495420284,33.855777133092474,33.13598325533339,33.398494720458984,4629900,0.0,0.0
2020-08-14 00:00:00-04:00,33.11904109691392,33.69487739713299,33.00895389030795,33.542449951171875,6627700,0.0,0.0
2020-08-17 00:00:00-04:00,33.60172409338803,33.61866083376977,32.83958692797408,32.92427062988281,3684500,0.0,0.0
2020-08-18 00:00:00-04:00,32.93274197356216,33.18678665397967,32.331502142824924,32.44158935546875,4592700,0.0,0.0
2020-08-19 00:00:00-04:00,32.450059313760406,33.03436245941372,32.28069509998513,32.34844207763672,4789000,0.0,0.0
2020-08-20 00:00:00-04:00,32.01818007740548,32.263754768203086,31.764132169813013,31.857282638549805,3550900,0.0,0.0
2020-08-21 00:00:00-04:00,31.848819803037486,32.16214150252374,31.467751125092736,31.569368362426758,4503400,0.0,0.0
2020-08-24 00:00:00-04:00,31.72178937270122,32.72103448896779,31.560895177162838,32.704097747802734,8843400,0.0,0.0
2020-08-25 00:00:00-04:00,33.08516738843932,33.29687181412954,32.52626783383126,32.737972259521484,4100200,0.0,0.0
2020-08-26 00:00:00-04:00,32.65329183907826,32.729505561675516,32.339966962648866,32.45005416870117,4160000,0.0,0.0
2020-08-27 00:00:00-04:00,32.56860762275133,33.33921159239869,32.48392714578692,33.085166931152344,3444400,0.0,0.0
2020-08-28 00:00:00-04:00,33.46623736183445,33.48317410422087,32.93274128289876,33.381553649902344,2884900,0.0,0.0
2020-08-31 00:00:00-04:00,33.22913121211849,33.31381169824102,32.53473765842913,32.56861114501953,6713700,0.0,0.0
2020-09-01 00:00:00-04:00,32.45005059891756,33.068227067378096,32.1621324819295,32.60247802734375,3646500,0.0,0.0
2020-09-02 00:00:00-04:00,32.44159083828493,32.96661696585908,32.16213941580535,32.87346649169922,4544000,0.0,0.0
2020-09-03 00:00:00-04:00,33.19525991615939,33.91505378676218,32.13673761800605,32.34844207763672,5854100,0.0,0.0
2020-09-04 00:00:00-04:00,32.94121151868659,33.432364130198394,32.39077869319682,33.152915954589844,5426200,0.0,0.0
2020-09-08 00:00:00-04:00,32.94967476251565,33.025888480530995,31.941962917959856,32.07745361328125,6629200,0.0,0.0
2020-09-09 00:00:00-04:00,32.382317026377855,32.712575481434385,32.1113323339082,32.41618728637695,3936000,0.0,0.0
2020-09-10 00:00:00-04:00,32.5347396658845,33.085172550704144,31.857286044043647,31.916563034057617,4908400,0.0,0.0
2020-09-11 00:00:00-04:00,32.03511518973388,32.585544757349545,31.814940778405077,32.37384033203125,5327000,0.0,0.0
2020-09-14 00:00:00-04:00,32.61941474125594,33.09363376602157,32.44158381835113,32.89039611816406,3190800,0.0,0.0
2020-09-15 00:00:00-04:00,32.848074241211805,32.924287997957144,31.738741388664035,31.764144897460938,5111100,0.0,0.0
2020-09-16 00:00:00-04:00,31.967366573541288,32.390775402329915,31.798002395955237,31.86574935913086,8558700,0.0,0.0
2020-09-17 00:00:00-04:00,31.755674168193224,33.43237337663132,31.30686167366278,33.29688262939453,10020800,0.0,0.0
2020-09-18 00:00:00-04:00,33.203718751850516,33.95738593147837,33.152911761086436,33.59325408935547,9705500,0.0,0.0
2020-09-21 00:00:00-04:00,32.61095168579332,32.88193635063695,31.357661743688134,31.69639015197754,7868100,0.0,0.0
2020-09-22 00:00:00-04:00,31.560892646346737,32.00123819026829,30.908842700367874,31.2899112701416,6715500,0.0,0.0
2020-09-23 00:00:00-04:00,31.43387243592547,31.85728129018765,30.485437506877076,30.5616512298584,6048100,0.0,0.0
2020-09-24 00:00:00-04:00,30.705608749875946,30.891909679829208,29.79951405840852,30.273733139038086,6527900,0.0,0.0
2020-09-25 00:00:00-04:00,30.062028337542017,30.849569056643908,29.960411118083016,30.705608367919922,3957900,0.0,0.0
2020-09-28 00:00:00-04:00,31.222165152294195,31.967365572116517,31.222165152294195,31.543956756591797,3915300,0.0,0.0
2020-09-29 00:00:00-04:00,31.425409410485447,31.603240375099862,30.87497654246531,31.13749122619629,3805200,0.0,0.0
2020-09-30 00:00:00-04:00,31.30685249358145,31.789538340972094,31.112084803437266,31.476213455200195,6040300,0.0,0.0
2020-10-01 00:00:00-04:00,31.535486154630863,31.89961471963751,31.18829109746894,31.552419662475586,4128100,0.0,0.0
2020-10-02 00:00:00-04:00,31.035868442347514,32.13673075112734,30.96812147917189,31.86574935913086,4697500,0.0,0.0
2020-10-05 00:00:00-04:00,32.29763501259154,32.95815195771858,31.933503047879462,32.61942672729492,4122700,0.0,0.0
2020-10-06 00:00:00-04:00,33.03436017059712,33.661006749041725,32.39924683570954,32.49239730834961,5766100,0.0,0.0
2020-10-07 00:00:00-04:00,33.034357049643354,33.68640706616728,32.949676571800005,33.31380844116211,6762900,0.0,0.0
2020-10-08 00:00:00-04:00,33.44083012488084,33.93198267776494,33.381549917979,33.74568176269531,4693900,0.0,0.0
2020-10-09 00:00:00-04:00,33.94045802142389,34.118288979145035,33.38155518798009,33.43236541748047,3980300,0.0,0.0
2020-10-12 00:00:00-04:00,33.55938567818301,34.22836919261278,33.46623521620653,34.16062545776367,5811800,0.0,0.0
2020-10-13 00:00:00-04:00,33.76262864555443,33.76262864555443,32.83959700870149,33.02589797973633,6503800,0.0,0.0
2020-10-14 00:00:00-04:00,33.02589941494273,33.63560936093189,32.983559164327716,33.00049591064453,4611400,0.0,0.0
2020-10-15 00:00:00-04:00,32.49238793334449,33.203714792394095,32.32302378017029,33.13597106933594,3646300,0.0,0.0
2020-10-16 00:00:00-04:00,33.263004302978516,33.7541602093345,32.90734235453074,33.263004302978516,4689400,0.0,0.0
2020-10-19 00:00:00-04:00,33.46623553819843,33.694876702426086,32.992016468279616,33.085166931152344,3745200,0.0,0.0
2020-10-20 00:00:00-04:00,33.50010936884127,33.948921716046726,33.279934957883505,33.31380844116211,3866000,0.0,0.0
2020-10-21 00:00:00-04:00,33.12750108498333,33.51703960638975,33.05975736192517,33.13597106933594,5834700,0.0,0.0
2020-10-22 00:00:00-04:00,33.17832477127241,34.43161484506459,33.05977078502034,34.38927459716797,4916900,0.0,0.0
2020-10-23 00:00:00-04:00,34.719526656991704,34.92276433194904,34.37233151963592,34.66871643066406,4804100,0.0,0.0
2020-10-26 00:00:00-04:00,34.152164345338164,34.25378157957885,33.11057558054502,33.347686767578125,6717800,0.0,0.0
2020-10-27 00:00:00-04:00,33.296873182603356,33.31380992499704,31.8996226234808,31.98430633544922,5451900,0.0,0.0
2020-10-28 00:00:00-04:00,31.17982738603778,31.84034415685175,30.88344248384001,30.993526458740234,6959900,0.0,0.0
2020-10-29 00:00:00-04:00,30.781826678309823,31.882692436226485,30.40076124095029,31.59477424621582,5097700,0.0,0.0
2020-10-30 00:00:00-04:00,31.43387121394321,32.06051771524595,31.16288981617799,32.05204772949219,6522100,0.0,0.0
2020-11-02 00:00:00-05:00,32.65211158147006,33.40647999713831,32.06919097892118,33.175025939941406,5635900,0.46,0.0
2020-11-03 00:00:00-05:00,33.860811989353586,34.55517412130612,33.706509293364135,34.26371383666992,5860200,0.0,0.0
2020-11-04 00:00:00-05:00,33.3379087135948,34.34087657005055,32.81499421160716,33.43220520019531,7827900,0.0,0.0
2020-11-05 00:00:00-05:00,34.246567816107785,35.8410267854177,33.86938200481612,35.25810623168945,7936600,0.0,0.0
2020-11-06 00:00:00-05:00,35.80674375101684,35.9439013635067,34.358016264711736,34.70090866088867,6063800,0.0,0.0
2020-11-09 00:00:00-05:00,37.04115626959591,39.561431487658936,36.71540903645305,38.524173736572266,11758900,0.0,0.0
2020-11-10 00:00:00-05:00,39.26140470270109,39.8443253931858,38.481320141919426,39.45856857299805,9444000,0.0,0.0
2020-11-11 00:00:00-05:00,39.43284912968152,39.72430944970472,38.74706110318438,39.01280212402344,7381300,0.0,0.0
2020-11-12 00:00:00-05:00,38.327014773008216,38.498462600177945,36.97258380556753,37.52978515625,6805000,0.0,0.0
2020-11-13 00:00:00-05:00,37.94983926281097,38.627056508162916,37.88125881108605,38.35274124145508,4812900,0.0,0.0
2020-11-16 00:00:00-05:00,39.60430038066699,39.732883807332556,38.995663658868274,39.45856857299805,7336500,0.0,0.0
2020-11-17 00:00:00-05:00,39.115678011150514,39.74145987339019,38.81564346124666,39.44142532348633,4615400,0.0,0.0
2020-11-18 00:00:00-05:00,39.64715416150849,40.41866765863528,39.175675144417646,39.18424606323242,5627600,0.0,0.0
2020-11-19 00:00:00-05:00,38.73848691342458,39.13281788999379,38.224146711075534,39.01280212402344,5361700,0.0,0.0
2020-11-20 00:00:00-05:00,38.824215994629206,39.432852719167336,38.3613078083204,39.3214111328125,8213400,0.0,0.0
2020-11-23 00:00:00-05:00,39.835751418519166,40.5986908098974,39.75002587055261,40.435813903808594,4406800,0.0,0.0
2020-11-24 00:00:00-05:00,41.14732177987652,41.86740004182817,40.727274764531664,41.7216682434082,6510700,0.0,0.0
2020-11-25 00:00:00-05:00,41.21590019965334,41.30162247445639,40.52153800140606,40.94158172607422,4933300,0.0,0.0
2020-11-27 00:00:00-05:00,40.90729636018954,41.27590804226901,40.427243100480275,40.67584228515625,2378400,0.0,0.0
2020-11-30 00:00:00-05:00,40.27294506956102,40.54726031557003,39.47571536394241,39.578582763671875,6815300,0.0,0.0
2020-12-01 00:00:00-05:00,40.53869465394341,40.641562067018015,40.1272217315489,40.21294403076172,5187800,0.0,0.0
2020-12-02 00:00:00-05:00,39.981488918204526,41.010172834009836,39.8186152456563,40.89873123168945,6364800,0.0,0.0
2020-12-03 00:00:00-05:00,40.82157985625166,41.37878459775754,40.61584503514821,40.89873123168945,3924100,0.0,0.0
2020-12-04 00:00:00-05:00,41.2673348931038,41.91026180548933,41.15589331266361,41.55022430419922,5154400,0.0,0.0
2020-12-07 00:00:00-05:00,41.121606321969026,41.147322352008516,40.427244080044545,40.78728485107422,5406600,0.0,0.0
2020-12-08 00:00:00-05:00,40.85585614148724,41.0187297584565,40.37580293923245,40.735843658447266,7708300,0.0,0.0
2020-12-09 00:00:00-05:00,41.3616251179081,41.430205547852765,40.74441432878564,40.83871078491211,4688000,0.0,0.0
2020-12-10 00:00:00-05:00,40.34151485394692,40.89014520096329,40.06719968043873,40.761558532714844,10610400,0.0,0.0
2020-12-11 00:00:00-05:00,40.238651992889096,40.4786802686979,39.92147562532568,40.45296096801758,4238300,0.0,0.0
2020-12-14 00:00:00-05:00,41.07017840851164,41.23305207833344,39.287129151713025,39.29570007324219,7001600,0.0,0.0
2020-12-15 00:00:00-05:00,39.77574938755192,39.86147167451262,38.8156427690948,39.63859176635742,5522700,0.0,0.0
2020-12-16 00:00:00-05:00,39.62145009938597,39.91291047852397,39.27855438154271,39.70717239379883,7155500,0.0,0.0
2020-12-17 00:00:00-05:00,40.01577128459715,40.050061504743944,39.26997698192907,39.85289764404297,4253700,0.0,0.0
2020-12-18 00:00:00-05:00,39.912904667318735,40.10149434158808,38.82421468228685,39.13282012939453,9359400,0.0,0.0
2020-12-21 00:00:00-05:00,38.875643720696345,39.158533115247934,38.249861954982606,38.969940185546875,6421800,0.0,0.0
2020-12-22 00:00:00-05:00,39.03851988235707,39.38998643644543,38.7299144650902,38.75563049316406,4954100,0.0,0.0
2020-12-23 00:00:00-05:00,39.20997097666987,39.94719109385908,39.021378034779744,39.54429244995117,3946300,0.0,0.0
2020-12-24 00:00:00-05:00,39.4842803843999,39.70716024373146,39.26139725497343,39.69858932495117,1580600,0.0,0.0
2020-12-28 00:00:00-05:00,39.99004754216876,40.53010368989781,39.57857151995413,39.647151947021484,3270000,0.0,0.0
2020-12-29 00:00:00-05:00,39.921478641275094,40.11864252087699,39.38999325843104,39.44142532348633,3025400,0.0,0.0
2020-12-30 00:00:00-05:00,39.44999863140258,40.135786734254225,39.44999863140258,39.77574920654297,3146600,0.0,0.0
2020-12-31 00:00:00-05:00,39.84432856660029,40.40153327014975,39.68145490514691,40.247230529785156,2856400,0.0,0.0
2021-01-04 00:00:00-05:00,40.315805866317135,40.49582790191254,39.20139978024331,39.501434326171875,7752200,0.0,0.0
2021-01-05 00:00:00-05:00,39.552870500443284,40.44439676997818,39.43285797763974,39.99006271362305,6121900,0.0,0.0
2021-01-06 00:00:00-05:00,41.23303996647681,42.96465664526077,40.821567181928394,42.373165130615234,9356500,0.0,0.0
2021-01-07 00:00:00-05:00,42.5960556031242,42.981812456603244,42.39889171581176,42.50176239013672,5077000,0.0,0.0
2021-01-08 00:00:00-05:00,42.54462247194763,42.84465375598494,41.59309001386397,42.35602951049805,4415600,0.0,0.0
2021-01-11 00:00:00-05:00,41.798820357194664,42.51889863214677,41.48164399504177,42.34745407104492,4700000,0.0,0.0
2021-01-12 00:00:00-05:00,42.69034561638111,43.36756273762198,42.53604289837445,43.033241271972656,4347900,0.0,0.0
2021-01-13 00:00:00-05:00,42.88751045526407,43.43614090068931,42.80178817445215,43.144683837890625,4517500,0.0,0.0
2021-01-14 00:00:00-05:00,43.419001370617906,44.28480822522512,43.33327581514974,44.20765686035156,6249400,0.0,0.0
2021-01-15 00:00:00-05:00,43.73617146718933,44.259085835085344,43.118960636873354,43.83903884887695,4568900,0.0,0.0
2021-01-19 00:00:00-05:00,44.121936760875805,44.902021368757524,43.97620494440784,44.67913818359375,7029400,0.0,0.0
2021-01-20 00:00:00-05:00,44.64484920259122,44.73057148831824,44.08764453507882,44.27623748779297,4805100,0.0,0.0
2021-01-21 00:00:00-05:00,44.27623201289284,44.49054097080598,43.75331763236955,43.77903366088867,5222700,0.0,0.0
2021-01-22 00:00:00-05:00,43.17039259548531,43.75331316307272,43.041805925834176,43.5990104675293,5322900,0.0,0.0
2021-01-25 00:00:00-05:00,43.04182031364093,43.39328695539974,42.71607297646659,43.38471603393555,4081300,0.0,0.0
2021-01-26 00:00:00-05:00,43.61616489081683,43.78761273027301,42.870367279696794,42.956092834472656,4588000,0.0,0.0
2021-01-27 00:00:00-05:00,42.244577308956785,42.55318270652139,41.430205951055086,41.498783111572266,8023100,0.0,0.0
2021-01-28 00:00:00-05:00,42.05599049208014,42.97323255755946,41.98741005685788,42.49317932128906,5444300,0.0,0.0
2021-01-29 00:00:00-05:00,42.11600020386682,42.26172873556441,40.915868649471314,41.275909423828125,6851900,0.0,0.0
2021-02-01 00:00:00-05:00,41.541650114114,41.65309169455419,40.88157809165341,41.55022430419922,4566900,0.0,0.0
2021-02-02 00:00:00-05:00,42.0045481669261,42.46745621726186,41.76452322383108,41.944541931152344,5190100,0.0,0.0
2021-02-03 00:00:00-05:00,41.83311872298207,42.4674748409018,41.77311246089324,42.32174301147461,4456600,0.0,0.0
2021-02-04 00:00:00-05:00,42.50344267858827,44.917625222663,42.49479114977294,44.908973693847656,8095600,0.46,0.0
2021-02-05 00:00:00-05:00,44.883018857629,45.51468617775522,44.31192215033332,45.49738311767578,6965900,0.0,0.0
2021-02-08 00:00:00-05:00,45.653129895861426,46.95107714799095,45.653129895861426,46.88185501098633,7773300,0.0,0.0
2021-02-09 00:00:00-05:00,46.57035329571332,47.50487702513413,46.42325417211059,47.08953094482422,7183900,0.0,0.0
2021-02-10 00:00:00-05:00,47.227986027717535,47.79042798066501,46.78668201606589,47.55679702758789,7384400,0.0,0.0
2021-02-11 00:00:00-05:00,47.71253962636226,48.58649260933334,47.210668414084736,47.859642028808594,5332400,0.0,0.0
2021-02-12 00:00:00-05:00,48.05867142738054,48.81148007196832,47.68659287067424,48.17115783691406,5363700,0.0,0.0
2021-02-16 00:00:00-05:00,48.5951471560812,49.10567323006657,48.45669957504367,48.46535110473633,4294000,0.0,0.0
2021-02-17 00:00:00-05:00,48.136537457933365,48.63840867317442,47.634662941841796,47.946170806884766,5449600,0.0,0.0
2021-02-18 00:00:00-05:00,47.52217450364927,48.07596811205855,47.046261164394195,47.58274841308594,4136600,0.0,0.0
2021-02-19 00:00:00-05:00,48.024060759208446,48.6730345532518,47.89426468005921,48.51728057861328,4791900,0.0,0.0
2021-02-22 00:00:00-05:00,48.205759056127135,49.962316541992706,48.205759056127135,49.70272445678711,8350500,0.0,0.0
2021-02-23 00:00:00-05:00,50.01423595202267,50.144032004055504,49.24412107211637,49.69407653808594,7380600,0.0,0.0
2021-02-24 00:00:00-05:00,49.94501023915006,51.71021595526237,49.80656266728143,51.53715896606445,8871900,0.0,0.0
2021-02-25 00:00:00-05:00,51.67561524121078,52.09095802676924,50.36901296709359,50.41227722167969,8681700,0.0,0.0
2021-02-26 00:00:00-05:00,50.282482859001014,50.76704777631848,49.30469489236252,49.84117889404297,7396600,0.0,0.0
2021-03-01 00:00:00-05:00,50.82761304815564,51.96980630309393,50.78434550145237,51.433319091796875,5277700,0.0,0.0
2021-03-02 00:00:00-05:00,51.50255067654316,51.93519978844203,51.009330953046515,51.017982482910156,5833700,0.0,0.0
2021-03-03 00:00:00-05:00,51.23430092019327,52.08229268214138,50.92279306869185,51.433319091796875,8059200,0.0,0.0
2021-03-04 00:00:00-05:00,51.32949173577084,51.64099963275293,49.564282520106225,50.73243713378906,7073500,0.0,0.0
2021-03-05 00:00:00-05:00,51.29488312987465,51.883286248979516,49.94501986909971,51.666961669921875,5968200,0.0,0.0
2021-03-08 00:00:00-05:00,52.17748175712084,53.691753634902916,52.0044214537756,52.23805236816406,6357600,0.0,0.0
2021-03-09 00:00:00-05:00,51.70156450547391,52.350538118513334,50.905491791220456,51.61503601074219,7787700,0.0,0.0
2021-03-10 00:00:00-05:00,51.82271060523579,52.558216083214404,51.53716390501411,52.33323669433594,5693800,0.0,0.0
2021-03-11 00:00:00-05:00,52.021723699108975,52.644739421528996,51.70156430879889,51.92654037475586,4384400,0.0,0.0
2021-03-12 00:00:00-05:00,52.6966632510542,53.00816783950633,52.4284196128543,52.86106872558594,3834100,0.0,0.0
2021-03-15 00:00:00-04:00,52.739923019676894,52.9648990868018,51.56311700493,52.38515090942383,4872200,0.0,0.0
2021-03-16 00:00:00-04:00,51.90058329694544,51.9525023749079,50.9487566402541,51.32083511352539,5125000,0.0,0.0
2021-03-17 00:00:00-04:00,51.67561661901915,52.14287520219887,51.41602448287904,52.04769515991211,4933800,0.0,0.0
2021-03-18 00:00:00-04:00,52.445724030025815,54.21958466632284,52.359192230175566,53.44081497192383,13274400,0.0,0.0
2021-03-19 00:00:00-04:00,53.38890224396971,53.57061408276385,52.4543785572841,53.03413009643555,13047900,0.0,0.0
2021-03-22 00:00:00-04:00,52.42842722403787,52.83511850531839,51.7448407344795,52.013084411621094,7192400,0.0,0.0
2021-03-23 00:00:00-04:00,51.632342064540154,52.06499116500059,50.516109893998745,50.758392333984375,5141400,0.0,0.0
2021-03-24 00:00:00-04:00,51.32084013431863,51.84866929141453,50.65456008911133,50.65456008911133,3736800,0.0,0.0
2021-03-25 00:00:00-04:00,50.77569343025781,52.14286272953785,50.29978012925875,51.95249938964844,5690400,0.0,0.0
2021-03-26 00:00:00-04:00,52.57551469899888,52.765881350289185,51.92654107961886,52.62743377685547,3740900,0.0,0.0
2021-03-29 00:00:00-04:00,51.75349380110329,52.488996054093,51.5544755832455,52.05634689331055,4162900,0.0,0.0
2021-03-30 00:00:00-04:00,52.549560413271884,53.414858631769725,52.41111283034626,53.16392135620117,3758700,0.0,0.0
2021-03-31 00:00:00-04:00,52.774538877509535,53.34563555971701,52.480337356320796,52.601478576660156,4937500,0.0,0.0
2021-04-01 00:00:00-04:00,52.566869771433986,53.32833317137368,52.411115819154254,53.302371978759766,3470600,0.0,0.0
2021-04-05 00:00:00-04:00,53.86482447499286,54.22824821234318,53.12066733563585,53.28507614135742,3980700,0.0,0.0
2021-04-06 00:00:00-04:00,52.91298723578765,53.605225148509696,52.80914907324129,53.0081672668457,3956300,0.0,0.0
2021-04-07 00:00:00-04:00,52.96490253874657,53.46677708397751,52.80049706747301,53.45812225341797,4379800,0.0,0.0
2021-04-08 00:00:00-04:00,52.96490176315764,53.24179692169563,52.33323447643969,53.05143356323242,2989100,0.0,0.0
2021-04-09 00:00:00-04:00,53.49273328203078,53.60522296979196,52.930288144075455,53.579261779785156,3692000,0.0,0.0
2021-04-12 00:00:00-04:00,53.99460933766994,54.27150449933178,53.77828478631846,54.21958541870117,2671400,0.0,0.0
2021-04-13 00:00:00-04:00,53.88212387856111,54.05518419340437,53.32833351174346,53.69175720214844,3406700,0.0,0.0
2021-04-14 00:00:00-04:00,53.59657258473458,54.56570900438573,53.53600197111274,54.28015899658203,4341400,0.0,0.0
2021-04-15 00:00:00-04:00,54.36669137806025,54.45321988390746,53.56196373044776,53.9080810546875,4553600,0.0,0.0
2021-04-16 00:00:00-04:00,54.46187400486294,54.82530100858118,54.15036938848441,54.574363708496094,4072500,0.0,0.0
2021-04-19 00:00:00-04:00,54.71279713910775,55.03295650409992,54.52243050545554,54.60030746459961,4782200,0.0,0.0
2021-04-20 00:00:00-04:00,54.081138224333266,54.32342066730605,52.592824244127385,52.92163848876953,4353100,0.0,0.0
2021-04-21 00:00:00-04:00,52.852412052887125,54.271500476426,52.739922370284525,54.21092987060547,5174000,0.0,0.0
2021-04-22 00:00:00-04:00,53.74367779267661,54.11575632471688,53.319680174473376,53.56196594238281,3344900,0.0,0.0
2021-04-23 00:00:00-04:00,53.53600093286743,54.62627855861806,53.43216606879383,54.33207702636719,3250500,0.0,0.0
2021-04-26 00:00:00-04:00,54.52244039369365,55.301210126372666,54.21958733145782,54.33207702636719,3116700,0.0,0.0
2021-04-27 00:00:00-04:00,54.34072631419457,54.877210274098196,54.30611359398126,54.825294494628906,3295000,0.0,0.0
2021-04-28 00:00:00-04:00,55.24063773776648,55.51753620114428,54.91182349444654,55.14545440673828,3767700,0.0,0.0
2021-04-29 00:00:00-04:00,55.690592872524824,56.07997442318944,55.231985881212736,55.751163482666016,3116100,0.0,0.0
2021-04-30 00:00:00-04:00,55.5261918441805,55.872312493980765,54.96374991431901,55.05893325805664,4189700,0.0,0.0
2021-05-03 00:00:00-04:00,55.70789847903906,56.02806120539679,55.171414492893575,55.569454193115234,3810700,0.0,0.0
2021-05-04 00:00:00-04:00,55.30120631836957,55.75116176617263,54.76472237327195,55.64732360839844,3822600,0.0,0.0
2021-05-05 00:00:00-04:00,55.7944353995992,57.031812190770815,55.379089324913515,56.59916305541992,5222900,0.0,0.0
2021-05-06 00:00:00-04:00,56.80683686215286,58.01825584827456,56.010763980476625,57.93172073364258,4609200,0.0,0.0
2021-05-07 00:00:00-04:00,57.308709960438996,58.16535343862905,57.09238538299792,58.11343765258789,4204200,0.0,0.0
2021-05-10 00:00:00-04:00,58.392316785494074,58.98495549048,57.904263728173035,57.9304084777832,5323400,0.48,0.0
2021-05-11 00:00:00-04:00,57.494647499270464,57.494647499270464,55.92589596003374,56.41395568847656,5153700,0.0,0.0
2021-05-12 00:00:00-04:00,56.89329611223742,57.0414541444862,55.1676726078713,55.272254943847656,4580200,0.0,0.0
2021-05-13 00:00:00-04:00,55.04565454940696,56.718988402812535,54.7667661279414,56.257080078125,4941500,0.0,0.0
2021-05-14 00:00:00-04:00,56.649263775022014,57.677666060291386,56.50981624179426,57.43363952636719,3640700,0.0,0.0
2021-05-17 00:00:00-04:00,57.268051698019946,57.57308488915464,56.81486047822337,57.259334564208984,3560100,0.0,0.0
2021-05-18 00:00:00-04:00,57.04145576693483,57.538226032717944,56.94558723764114,56.989166259765625,5026300,0.0,0.0
2021-05-19 00:00:00-04:00,56.41396249540037,56.640554795678405,55.359411983535054,56.50111389160156,4700100,0.0,0.0
2021-05-20 00:00:00-04:00,56.48367546179491,56.701557260859666,55.769026751443924,56.17864227294922,3877300,0.0,0.0
2021-05-21 00:00:00-04:00,56.44010154027778,56.98044413160333,56.117634092803925,56.396522521972656,4852800,0.0,0.0
2021-05-24 00:00:00-04:00,56.57082760795325,57.17217678925799,56.35294583158472,56.97172927856445,3420000,0.0,0.0
2021-05-25 00:00:00-04:00,57.18089375210866,57.625374436361874,55.70801082048423,55.795162200927734,5372900,0.0,0.0
2021-05-26 00:00:00-04:00,56.15248615004511,56.161203282025426,55.263528190921626,56.013038635253906,5634000,0.0,0.0
2021-05-27 00:00:00-04:00,56.84100178684409,57.337771996374826,56.32679731074765,57.2244758605957,6816400,0.0,0.0
2021-05-28 00:00:00-04:00,57.3987724083744,57.52078566420906,56.20477794859375,56.963008880615234,3860700,0.0,0.0
2021-06-01 00:00:00-04:00,57.756103499401505,58.35745938350307,57.616662607699894,57.965274810791016,5115800,0.0,0.0
2021-06-02 00:00:00-04:00,58.279020828596934,58.29644844531448,57.41620419353282,57.59922409057617,3967400,0.0,0.0
2021-06-03 00:00:00-04:00,57.329053440714105,58.26158720210773,57.215757307745946,57.843257904052734,4214800,0.0,0.0
2021-06-04 00:00:00-04:00,57.84324923077687,58.01755197062667,57.34647910805932,58.00883483886719,3156000,0.0,0.0
2021-06-07 00:00:00-04:00,58.104721017902904,58.13086577191213,57.451075570770946,57.703819274902344,2835200,0.0,0.0
2021-06-08 00:00:00-04:00,57.28548892871247,57.75610779124867,56.61440922427991,57.555660247802734,3482400,0.0,0.0
2021-06-09 00:00:00-04:00,57.241899867242275,57.3029064979251,56.34422802324188,56.3703727722168,3505300,0.0,0.0
2021-06-10 00:00:00-04:00,57.15476036054239,57.302918401660335,55.66444619175552,55.68187713623047,4313100,0.0,0.0
2021-06-11 00:00:00-04:00,55.86488668787639,56.10020273226542,55.63829110102385,55.87360382080078,3424200,0.0,0.0
2021-06-14 00:00:00-04:00,55.73416465845913,56.16121444586768,54.98465074052518,55.176387786865234,4529200,0.0,0.0
2021-06-15 00:00:00-04:00,55.32454589703651,56.04791173953093,55.05437126993412,55.57728958129883,5691800,0.0,0.0
2021-06-16 00:00:00-04:00,55.27225402255677,55.995623202149496,54.58375005385838,55.52499771118164,6469700,0.0,0.0
2021-06-17 00:00:00-04:00,55.821315822845584,55.89975007360171,52.065032662937554,52.5095100402832,8559700,0.0,0.0
2021-06-18 00:00:00-04:00,51.31552308345387,51.84715521377948,50.426564929819435,50.810035705566406,11838900,0.0,0.0
2021-06-21 00:00:00-04:00,51.14993524189709,52.12604819638516,51.14993524189709,52.01274871826172,6101100,0.0,0.0
2021-06-22 00:00:00-04:00,51.9517339452939,52.04760246373529,51.210933873000094,51.65541458129883,8709300,0.0,0.0
2021-06-23 00:00:00-04:00,51.82972610114095,52.06503885523254,51.61184429082792,51.63798904418945,3749400,0.0,0.0
2021-06-24 00:00:00-04:00,51.882013712943234,52.51822817686691,51.58569432875567,52.30034637451172,3844700,0.0,0.0
2021-06-25 00:00:00-04:00,52.622810917396215,53.42461430978345,52.37878105155517,53.18058776855469,5297800,0.0,0.0
2021-06-28 00:00:00-04:00,53.032432005207816,53.09343864693731,51.977884827183644,52.073753356933594,4717600,0.0,0.0
2021-06-29 00:00:00-04:00,52.596659969865115,53.049854467838436,51.65541241608367,51.83843231201172,4718100,0.0,0.0
2021-06-30 00:00:00-04:00,51.5682575993915,52.256764815486875,51.5682575993915,52.16089630126953,5248500,0.0,0.0
2021-07-01 00:00:00-04:00,52.55307556289361,52.92783242551197,52.2654733919374,52.7360954284668,4194600,0.0,0.0
2021-07-02 00:00:00-04:00,52.518221051082804,52.7971127789003,52.34391829253839,52.65766525268555,3179300,0.0,0.0
2021-07-06 00:00:00-04:00,52.53564786015296,52.53564786015296,50.95818607694741,51.332942962646484,9096100,0.0,0.0
2021-07-07 00:00:00-04:00,50.84488379087717,51.64668701106056,50.81002191401401,51.28064727783203,7788000,0.0,0.0
2021-07-08 00:00:00-04:00,49.90364199371308,50.304547000160014,49.197707146267526,49.4068717956543,10451900,0.0,0.0
2021-07-09 00:00:00-04:00,50.28711672271089,51.54211460944175,50.208679147001945,51.29808807373047,6521700,0.0,0.0
2021-07-12 00:00:00-04:00,51.20222293536081,51.96916780128407,50.62701511707146,51.90816116333008,4042000,0.0,0.0
2021-07-13 00:00:00-04:00,51.86458599274526,51.925595959839434,50.92333827687874,51.14122009277344,3938300,0.0,0.0
2021-07-14 00:00:00-04:00,51.28936876173738,51.76871132882499,50.35683502604122,50.75774002075195,3340500,0.0,0.0
2021-07-15 00:00:00-04:00,50.295821946562356,51.43752350376312,50.10408826892046,51.10634231567383,3609200,0.0,0.0
2021-07-16 00:00:00-04:00,51.315510055821726,51.45495424111153,49.95592675578743,50.182525634765625,4785700,0.0,0.0
2021-07-19 00:00:00-04:00,48.76193976580111,49.11926572810458,48.11700827733023,48.683502197265625,5344400,0.0,0.0
2021-07-20 00:00:00-04:00,48.50047966114142,50.74901762856517,48.41332496497044,50.287109375,4917000,0.0,0.0
2021-07-21 00:00:00-04:00,50.99305243666216,52.00402380467597,50.88847010882964,51.4113883972168,5221400,0.0,0.0
2021-07-22 00:00:00-04:00,51.428810155071545,51.524678663250235,50.22610521049854,50.38298034667969,3809700,0.0,0.0
2021-07-23 00:00:00-04:00,50.72288644528956,50.99305776413395,50.06052387572164,50.22611618041992,4870400,0.0,0.0
2021-07-26 00:00:00-04:00,50.34812509769589,50.92333289791497,50.12152617131765,50.5921516418457,3204600,0.0,0.0
2021-07-27 00:00:00-04:00,49.74677550299478,50.66187842255966,49.56375225939179,50.321983337402344,3646500,0.0,0.0
2021-07-28 00:00:00-04:00,50.574724036355754,50.68802350702031,49.4766011906157,50.23482894897461,3801100,0.0,0.0
2021-07-29 00:00:00-04:00,50.96691287809944,51.20222563315426,50.45271167067135,50.74903106689453,3097700,0.0,0.0
2021-07-30 00:00:00-04:00,50.45269831080728,51.14120544980528,50.06051048956717,50.287109375,4045200,0.0,0.0
2021-08-02 00:00:00-04:00,50.61830678055682,51.55955452833397,50.147681244361856,50.40042495727539,3782400,0.0,0.0
2021-08-03 00:00:00-04:00,50.64445157286152,50.83618864136682,49.40688108691073,50.801326751708984,3169200,0.0,0.0
2021-08-04 00:00:00-04:00,50.060515511987454,50.61829564960696,49.642182902231866,49.79034423828125,4924700,0.0,0.0
2021-08-05 00:00:00-04:00,50.975614166808256,51.70769695787688,50.69672247651451,51.28064727783203,5779500,0.0,0.0
2021-08-06 00:00:00-04:00,52.23933553842978,53.171869311612625,52.134753212593886,52.9104118347168,8175700,0.0,0.0
2021-08-09 00:00:00-04:00,52.88406345032199,53.68347356760478,52.41847058563092,53.112464904785156,4281900,0.48,0.0
2021-08-10 00:00:00-04:00,53.03339922936846,54.69371219852357,53.03339922936846,54.22812271118164,7480600,0.0,0.0
2021-08-11 00:00:00-04:00,54.50923414536345,55.37013704894001,53.999721686601156,54.992393493652344,5571700,0.0,0.0
2021-08-12 00:00:00-04:00,55.12416584310108,55.308644318947614,54.66735960449944,55.05388641357422,3456800,0.0,0.0
2021-08-13 00:00:00-04:00,55.18564999126993,55.33499207997889,54.807906494726666,54.895755767822266,3286900,0.0,0.0
2021-08-16 00:00:00-04:00,54.55315443528752,54.58829414826554,53.780100856415935,54.44773864746094,3560300,0.0,0.0
2021-08-17 00:00:00-04:00,53.92065884480532,54.44774115936222,53.47263586143508,53.99972152709961,4158200,0.0,0.0
2021-08-18 00:00:00-04:00,53.73617005847308,54.5267967790092,53.49898539341943,53.56047821044922,3066000,0.0,0.0
2021-08-19 00:00:00-04:00,52.75228593644448,53.455063439167745,52.51509790094273,52.9543342590332,3677900,0.0,0.0
2021-08-20 00:00:00-04:00,52.93676533150523,53.296939017415404,52.65565432548301,53.1563835144043,2990900,0.0,0.0
2021-08-23 00:00:00-04:00,53.58683678084193,54.078782718343454,53.52534395754268,53.736175537109375,2856800,0.0,0.0
2021-08-24 00:00:00-04:00,53.85916449405812,54.35110708007984,53.6922525299943,54.1929817199707,2351600,0.0,0.0
2021-08-25 00:00:00-04:00,54.4916665408114,55.41406565880587,54.17541579762562,54.878196716308594,2940400,0.0,0.0
2021-08-26 00:00:00-04:00,54.974816912116204,55.053876229047106,54.140267271961825,54.28082275390625,2659200,0.0,0.0
2021-08-27 00:00:00-04:00,54.561943194294955,55.27350397911556,54.34232500616858,55.1417350769043,4220800,0.0,0.0
2021-08-30 00:00:00-04:00,55.308647872344885,55.326217730855404,54.140280765812136,54.351112365722656,2845200,0.0,0.0
2021-08-31 00:00:00-04:00,54.228121104342726,54.948468473307585,54.0436426357046,54.465309143066406,5289200,0.0,0.0
2021-09-01 00:00:00-04:00,54.482876177337396,54.64100152829501,53.67467956676435,53.859161376953125,4775900,0.0,0.0
2021-09-02 00:00:00-04:00,54.105136966666386,54.41260108963328,53.824025953923055,54.166629791259766,5661100,0.0,0.0
2021-09-03 00:00:00-04:00,54.20177213035454,54.4301735826035,53.48142470642843,53.78010559082031,3608900,0.0,0.0
2021-09-07 00:00:00-04:00,53.78888271242452,54.22811905992212,53.437495645090856,53.48141860961914,5388000,0.0,0.0
2021-09-08 00:00:00-04:00,53.358439491693105,53.65712037855022,53.042188746655235,53.569271087646484,3579400,0.0,0.0
2021-09-09 00:00:00-04:00,53.41992417426441,54.57072122521278,53.34086150006047,53.61318588256836,4552300,0.0,0.0
2021-09-10 00:00:00-04:00,54.140275601532984,54.23690813856942,53.31450908584526,53.384788513183594,4545100,0.0,0.0
2021-09-13 00:00:00-04:00,53.947002227623095,54.377455276075615,53.56925874156487,54.28082275390625,3768800,0.0,0.0
2021-09-14 00:00:00-04:00,54.62343307393343,54.684925895204906,53.16516851743893,53.39356994628906,4449900,0.0,0.0
2021-09-15 00:00:00-04:00,53.551693050390284,54.728846559848606,53.43749401631901,54.526798248291016,5889300,0.0,0.0
2021-09-16 00:00:00-04:00,54.73763582866886,55.18565543679044,54.21933679513589,54.658573150634766,4664700,0.0,0.0
2021-09-17 00:00:00-04:00,54.32475325168778,55.22957908281289,54.06121210536185,54.219337463378906,9183000,0.0,0.0
2021-09-20 00:00:00-04:00,52.62051381809162,52.734712851406144,51.258878510488685,52.10221481323242,9661800,0.0,0.0
2021-09-21 00:00:00-04:00,52.53267062253479,52.61173330534746,51.074405968184855,51.36430358886719,6235000,0.0,0.0
2021-09-22 00:00:00-04:00,52.233987720585965,52.67322408557799,52.119788678485456,52.22520446777344,5198600,0.0,0.0
2021-09-23 00:00:00-04:00,52.63808907005035,54.33354185832695,52.63808907005035,53.815242767333984,4594400,0.0,0.0
2021-09-24 00:00:00-04:00,53.93822732967185,54.67614456194013,53.788885221979164,53.9030876159668,4351400,0.0,0.0
2021-09-27 00:00:00-04:00,54.64979070133116,56.2837506041763,54.64100744804077,55.87965393066406,5220000,0.0,0.0
2021-09-28 00:00:00-04:00,55.93235919086459,56.4682281122724,55.05388642819149,55.159305572509766,4909100,0.0,0.0
2021-09-29 00:00:00-04:00,55.37013687301968,55.46676941259197,54.922117240857176,54.97482681274414,3780000,0.0,0.0
2021-09-30 00:00:00-04:00,55.44041605021061,55.44041605021061,54.04364423707721,54.22812271118164,6132900,0.0,0.0
2021-10-01 00:00:00-04:00,54.33353308210485,55.45798037396792,54.131484770944496,54.92211151123047,4391700,0.0,0.0
2021-10-04 00:00:00-04:00,54.83426338761127,55.89721788327267,54.67614138733452,54.790340423583984,4950300,0.0,0.0
2021-10-05 00:00:00-04:00,55.115379496345554,56.66148999696937,54.553154145011256,56.45943832397461,6076300,0.0,0.0
2021-10-06 00:00:00-04:00,55.7215183131033,56.51214500811832,55.3262049655958,56.20467758178711,4418300,0.0,0.0
2021-10-07 00:00:00-04:00,56.70541763305664,57.16222050554024,56.40673341848981,56.70541763305664,4596300,0.0,0.0
2021-10-08 00:00:00-04:00,57.22371408571813,57.29399351386524,56.75812460312007,57.091941833496094,3559300,0.0,0.0
2021-10-11 00:00:00-04:00,57.32034528163794,58.08461896485718,57.09194049661581,57.206146240234375,4637500,0.0,0.0
2021-10-12 00:00:00-04:00,57.03044872125891,57.52239801358778,56.670278382701376,56.90746307373047,3162000,0.0,0.0
2021-10-13 00:00:00-04:00,56.687847855290435,56.85475982947797,55.44920136004637,56.35403060913086,3868600,0.0,0.0
2021-10-14 00:00:00-04:00,57.2237122299128,57.68930169741146,56.71419644569297,57.55752944946289,3253600,0.0,0.0
2021-10-15 00:00:00-04:00,58.13732843130576,58.418439450799944,57.390627914107036,57.60145950317383,3036000,0.0,0.0
2021-10-18 00:00:00-04:00,57.373064595294736,57.73324171166049,57.10952673908674,57.276432037353516,1958600,0.0,0.0
2021-10-19 00:00:00-04:00,57.91771025122474,57.95284996644653,57.531180086000425,57.706878662109375,2122100,0.0,0.0
2021-10-20 00:00:00-04:00,57.522405133777056,58.73469525327966,57.38184626079452,58.506290435791016,3527900,0.0,0.0
2021-10-21 00:00:00-04:00,58.23395622290983,58.55020693182366,57.460902657906495,57.812286376953125,2199800,0.0,0.0
2021-10-22 00:00:00-04:00,58.03190694121978,58.339377761364176,57.36427248577763,57.8650016784668,3902700,0.0,0.0
2021-10-25 00:00:00-04:00,58.03191321922259,58.13733237200926,57.58389689986483,57.66295623779297,2437300,0.0,0.0
2021-10-26 00:00:00-04:00,57.97041123307147,58.18124950534478,57.39062273985678,57.50482177734375,3035500,0.0,0.0
2021-10-27 00:00:00-04:00,57.373055745412806,57.75958591755483,56.40673701727324,56.47701644897461,4439300,0.0,0.0
2021-10-28 00:00:00-04:00,56.65270583970558,57.35548672144545,56.556073300910974,57.337913513183594,2612200,0.0,0.0
2021-10-29 00:00:00-04:00,57.469684629577294,57.60145688007406,54.82548317565269,55.168087005615234,8402400,0.0,0.0
2021-11-01 00:00:00-04:00,55.6424664454813,56.38917032486589,55.37892527968404,56.35403060913086,3966100,0.0,0.0
2021-11-02 00:00:00-04:00,56.213465124446344,56.85474974285529,55.703949390004986,55.949920654296875,4376500,0.0,0.0
2021-11-03 00:00:00-04:00,55.73909169937164,58.10218198026086,55.45798071246687,57.34669494628906,7596500,0.0,0.0
2021-11-04 00:00:00-04:00,57.3994052177571,57.3994052177571,54.31597074726656,56.143192291259766,5993200,0.0,0.0
2021-11-05 00:00:00-04:00,56.74055324644588,57.645385833380864,56.01142258671946,56.21347427368164,4402600,0.0,0.0
2021-11-08 00:00:00-05:00,56.66487251933217,57.204791429590806,56.27542779519672,56.41704559326172,4461400,0.48,0.0
2021-11-09 00:00:00-05:00,55.99219173081086,56.417048523507134,55.487678087973194,55.735511779785156,4067100,0.0,0.0
2021-11-10 00:00:00-05:00,55.992189599454136,57.00122022315527,55.85057179942436,56.07184982299805,3826400,0.0,0.0
2021-11-11 00:00:00-05:00,56.08955584049971,56.9304130558941,55.89483346402951,56.31968688964844,3124000,0.0,0.0
2021-11-12 00:00:00-05:00,56.36393671900793,56.815345764160156,56.08955076261276,56.815345764160156,4084800,0.0,0.0
2021-11-15 00:00:00-05:00,57.01007259156099,57.18709230727458,56.62062111354795,56.77994155883789,5986800,0.0,0.0
2021-11-16 00:00:00-05:00,56.94811305437033,57.337564565150814,56.08955655633186,56.124961853027344,4817700,0.0,0.0
2021-11-17 00:00:00-05:00,55.93908617882728,56.673727476371376,55.859425953654096,55.87712860107422,4542300,0.0,0.0
2021-11-18 00:00:00-05:00,55.921383120402275,56.13380813501303,54.76188504616661,55.461124420166016,4294900,0.0,0.0
2021-11-19 00:00:00-05:00,54.45209378496639,54.59371157807492,53.36340636736306,54.124603271484375,7402400,0.0,0.0
2021-11-22 00:00:00-05:00,55.22214518645807,56.009894441015355,54.25737283081902,55.3283576965332,4575700,0.0,0.0
2021-11-23 00:00:00-05:00,55.885977991020496,56.54096243694834,55.567337091727744,56.08070373535156,4347300,0.0,0.0
2021-11-24 00:00:00-05:00,55.82402225225217,56.23117302523251,55.3195086038994,55.434574127197266,4469600,0.0,0.0
2021-11-26 00:00:00-05:00,53.00051003802797,53.49617062079511,51.91182263117722,53.19523239135742,4296900,0.0,0.0
2021-11-29 00:00:00-05:00,53.89447721439717,54.03609502055739,52.460596504970624,53.00936508178711,5064700,0.0,0.0
2021-11-30 00:00:00-05:00,52.336677119547744,52.469441902855316,51.54892792537866,51.92067337036133,12405500,0.0,0.0
2021-12-01 00:00:00-05:00,52.71727711958837,53.07131992854337,50.49564389031585,50.54875183105469,9280500,0.0,0.0
2021-12-02 00:00:00-05:00,51.115223657114726,52.96510807690579,51.0090111507614,52.513702392578125,6069600,0.0,0.0
2021-12-03 00:00:00-05:00,52.92085098004761,53.13327598405491,52.15965406674658,52.59335708618164,6035900,0.0,0.0
2021-12-06 00:00:00-05:00,53.34570935776254,53.805968078105565,52.77923812547415,52.814640045166016,4873400,0.0,0.0
2021-12-07 00:00:00-05:00,53.195241482987946,54.16886692177608,52.965113798291156,53.57583999633789,4464000,0.0,0.0
2021-12-08 00:00:00-05:00,53.7794021970055,54.24851384044288,53.6377844158479,53.655487060546875,3485100,0.0,0.0
2021-12-09 00:00:00-05:00,53.283751224417266,54.26622623490489,53.06247319057536,53.88562774658203,2761600,0.0,0.0
2021-12-10 00:00:00-05:00,54.257372100031404,54.398989903702414,53.56698572918958,53.66434860229492,3954000,0.0,0.0
2021-12-13 00:00:00-05:00,53.54928650122804,53.66435202919446,52.92085766833488,52.99166488647461,5531900,0.0,0.0
2021-12-14 00:00:00-05:00,52.96510870742888,54.24852194003432,52.96510870742888,53.814815521240234,4533600,0.0,0.0
2021-12-15 00:00:00-05:00,53.90333394212582,54.098056328746715,52.91200585423645,53.832523345947266,3486300,0.0,0.0
2021-12-16 00:00:00-05:00,54.58487029458863,55.18674688872468,54.027252013661176,54.337039947509766,4070900,0.0,0.0
2021-12-17 00:00:00-05:00,54.17771746884912,54.186570481737284,52.92970938999274,53.32801055908203,8229700,0.0,0.0
2021-12-20 00:00:00-05:00,52.540255604730106,52.540255604730106,50.95590411100544,51.85871887207031,5890800,0.0,0.0
2021-12-21 00:00:00-05:00,52.4782968662686,53.92102714852887,52.42518892510942,53.38996124267578,4137100,0.0,0.0
2021-12-22 00:00:00-05:00,53.34570880377821,54.13345806402581,53.266048576537735,53.88562774658203,2880600,0.0,0.0
2021-12-23 00:00:00-05:00,54.1954132956054,54.983162521727174,54.1954132956054,54.68222427368164,3307200,0.0,0.0
2021-12-27 00:00:00-05:00,54.84154956706888,55.3903215467463,54.54946430498831,55.31066131591797,2954100,0.0,0.0
2021-12-28 00:00:00-05:00,55.18673527739225,56.02759240490959,55.15133336128332,55.416866302490234,3663000,0.0,0.0
2021-12-29 00:00:00-05:00,55.41687085135623,55.832874631803065,55.230998114897574,55.47882843017578,2140400,0.0,0.0
2021-12-30 00:00:00-05:00,55.646995948588724,56.045297062913285,55.33720806879999,55.390316009521484,2233100,0.0,0.0
2021-12-31 00:00:00-05:00,55.16019049038222,55.664704160150016,55.14248784170537,55.31066131591797,2172700,0.0,0.0
2022-01-03 00:00:00-05:00,55.70895388984621,56.65602693519912,55.67355197223439,55.96563720703125,3895900,0.0,0.0
2022-01-04 00:00:00-05:00,56.80649986550079,57.91289008822177,56.5852218209566,57.47918701171875,4496900,0.0,0.0
2022-01-05 00:00:00-05:00,58.541309267385316,58.76258727542741,57.12513136648973,57.20478820800781,4759400,0.0,0.0
2022-01-06 00:00:00-05:00,58.19612094353283,58.859955022736635,57.73586561988076,58.815696716308594,9476200,0.0,0.0
2022-01-07 00:00:00-05:00,59.072372715632454,60.08139985073015,58.67407501862443,59.53263473510742,5002600,0.0,0.0
2022-01-10 00:00:00-05:00,60.187631338614004,60.320399523023255,59.2494145404306,59.74507522583008,4223400,0.0,0.0
2022-01-11 00:00:00-05:00,59.90439026860687,60.21417816891164,59.48838647982484,60.187625885009766,3037600,0.0,0.0
2022-01-12 00:00:00-05:00,60.03716058862876,60.683288696253406,59.41757801298581,59.851287841796875,3183600,0.0,0.0
2022-01-13 00:00:00-05:00,60.16991551248549,60.70098135115471,59.88667994833733,60.09025192260742,2743300,0.0,0.0
2022-01-14 00:00:00-05:00,59.41757376219943,60.60362750606058,59.01042300023799,60.51511764526367,3735100,0.0,0.0
2022-01-18 00:00:00-05:00,60.86030659889705,61.21435277034401,59.99289381649546,60.35579299926758,4306200,0.0,0.0
2022-01-19 00:00:00-05:00,60.5682196219431,60.754092347531625,59.036972759424415,59.090084075927734,3566000,0.0,0.0
2022-01-20 00:00:00-05:00,59.10778623667676,60.01945063894674,58.50590972553693,58.82455062866211,3453400,0.0,0.0
2022-01-21 00:00:00-05:00,58.65638276212995,59.072386578287,57.178247002786115,58.07221221923828,5224300,0.0,0.0
2022-01-24 00:00:00-05:00,57.08087156809648,58.1076047398863,55.523075917928814,57.895179748535156,6795700,0.0,0.0
2022-01-25 00:00:00-05:00,57.213640635226625,58.46165182922423,55.50537416046103,57.912879943847656,5714700,0.0,0.0
2022-01-26 00:00:00-05:00,59.12548873725321,59.75391749405913,57.629647184104265,58.47050094604492,4795100,0.0,0.0
2022-01-27 00:00:00-05:00,59.08123477275127,60.134520370067676,57.3906673603483,57.806671142578125,3871800,0.0,0.0
2022-01-28 00:00:00-05:00,57.682751747170656,58.48820696897983,57.05432299036473,58.47050094604492,3851300,0.0,0.0
2022-01-31 00:00:00-05:00,58.027941863943845,59.56804164064117,57.92173274339148,59.35560989379883,7566400,0.0,0.0
2022-02-01 00:00:00-05:00,59.036971544013994,60.488554778328165,58.8068472710911,60.267276763916016,6150700,0.0,0.0
2022-02-02 00:00:00-05:00,60.08140266232568,60.97536771082333,59.71851023851586,60.6567268371582,6377400,0.0,0.0
2022-02-03 00:00:00-05:00,61.95784807604207,62.07291022000741,59.745067787612,59.948646545410156,4340200,0.0,0.0
2022-02-04 00:00:00-05:00,60.046000670968404,61.718868726095394,59.877833966584845,61.063880920410156,4070900,0.0,0.0
2022-02-07 00:00:00-05:00,61.3580090676816,62.01758585697761,60.930182458594764,61.3847541809082,4269800,0.48,0.0
2022-02-08 00:00:00-05:00,62.12454906792598,62.89999427145162,61.72346070758863,62.68608093261719,5130600,0.0,0.0
2022-02-09 00:00:00-05:00,62.837599281263785,63.81804273270808,62.66824754685885,62.766292572021484,4174000,0.0,0.0
2022-02-10 00:00:00-05:00,62.489973818407734,64.04085700204001,62.463235508373124,62.83758544921875,4035900,0.0,0.0
2022-02-11 00:00:00-05:00,62.6682394149592,64.66478621357692,62.62367782760169,63.30998611450195,6416400,0.0,0.0
2022-02-14 00:00:00-05:00,63.630857749849184,63.70216444791741,62.008667769792666,62.5078010559082,7401500,0.0,0.0
2022-02-15 00:00:00-05:00,63.19411958399168,64.20130124866361,63.06933625563167,63.791297912597656,3297000,0.0,0.0
2022-02-16 00:00:00-05:00,63.25651242919407,64.42413079501179,63.078245670936184,63.755645751953125,3442300,0.0,0.0
2022-02-17 00:00:00-05:00,62.85541158973646,63.167376688185705,61.82149168687836,62.22257995605469,3768200,0.0,0.0
2022-02-18 00:00:00-05:00,61.97301846548851,63.0515068434802,61.96410342760287,61.990848541259766,5127000,0.0,0.0
2022-02-22 00:00:00-05:00,61.93738001264606,62.36521353170913,60.769761375481544,61.46498489379883,3820600,0.0,0.0
2022-02-23 00:00:00-05:00,61.90171831653814,62.16020004113619,60.40431140174458,60.65388488769531,4470300,0.0,0.0
2022-02-24 00:00:00-05:00,58.692992927249975,59.18321807493124,57.27580771879711,59.02278137207031,7408400,0.0,0.0
2022-02-25 00:00:00-05:00,59.307997849504815,61.3045380758266,59.307997849504815,61.10844802856445,4808000,0.0,0.0
2022-02-28 00:00:00-05:00,59.04950758218342,60.30626263028356,58.85341756331552,60.20821762084961,5564900,0.0,0.0
2022-03-01 00:00:00-05:00,59.44169642133545,59.646694707646695,56.830144329104286,57.436241149902344,7742500,0.0,0.0
2022-03-02 00:00:00-05:00,57.97993670128589,59.664518405149835,57.83732329981234,59.19212341308594,4586100,0.0,0.0
2022-03-03 00:00:00-05:00,59.34364718406971,59.93191048582959,58.577117124063264,59.3258171081543,4627300,0.0,0.0
2022-03-04 00:00:00-05:00,57.75711382441332,58.060157130935195,55.95665686151565,57.0262336730957,7097500,0.0,0.0
2022-03-07 00:00:00-05:00,56.22406167145033,56.42906338469908,55.09209302865739,55.234703063964844,6469800,0.0,0.0
2022-03-08 00:00:00-05:00,55.715998355460236,56.98166513373187,54.92272998461577,55.22577667236328,5846400,0.0,0.0
2022-03-09 00:00:00-05:00,57.65906951339491,58.17602614855936,57.0886294468685,57.436241149902344,5014000,0.0,0.0
2022-03-10 00:00:00-05:00,56.69644275063768,57.70362438830558,56.491441088101105,57.29362106323242,3677300,0.0,0.0
2022-03-11 00:00:00-05:00,57.80167565701757,58.39885403424802,57.09753721812029,57.222320556640625,4246800,0.0,0.0
2022-03-14 00:00:00-04:00,58.21167519503358,58.612770299748064,57.24906190411809,57.65906524658203,5042400,0.0,0.0
2022-03-15 00:00:00-04:00,58.1314701342603,58.55929682511832,57.52537665539256,58.22060012817383,3780600,0.0,0.0
2022-03-16 00:00:00-04:00,58.99602748334376,60.39538904442974,58.880152406194995,60.18146896362305,6605400,0.0,0.0
2022-03-17 00:00:00-04:00,59.486259022144324,60.78757587097481,59.12973227447713,60.76083755493164,4799500,0.0,0.0
2022-03-18 00:00:00-04:00,60.59149864884259,61.06389374642799,59.83387668459739,61.01041030883789,11434300,0.0,0.0
2022-03-21 00:00:00-04:00,61.52737101254835,61.78585274859296,60.66279581271907,61.29562759399414,5833300,0.0,0.0
2022-03-22 00:00:00-04:00,62.06214993032135,63.42586515186542,62.06214993032135,62.67715835571289,5024700,0.0,0.0
2022-03-23 00:00:00-04:00,62.32064535645525,63.060437277407296,61.839335195842466,61.8749885559082,3812400,0.0,0.0
2022-03-24 00:00:00-04:00,62.24932940141577,62.980212974059555,62.05324615041852,62.56129455566406,3022200,0.0,0.0
2022-03-25 00:00:00-04:00,62.35628433989921,63.81803776466271,62.35628433989921,63.54173278808594,3246500,0.0,0.0
2022-03-28 00:00:00-04:00,63.39911947100997,63.54173287859567,62.6593345197492,63.53281784057617,3681700,0.0,0.0
2022-03-29 00:00:00-04:00,64.21912585397273,64.37956251965244,63.13172254216367,63.737815856933594,3850000,0.0,0.0
2022-03-30 00:00:00-04:00,63.80913805194486,64.36175493800411,63.452618048224764,63.844791412353516,4486100,0.0,0.0
2022-03-31 00:00:00-04:00,63.72892518134468,64.11219031807899,62.63260641341707,62.64152145385742,4593900,0.0,0.0
2022-04-01 00:00:00-04:00,63.14062869651838,63.711075444705784,62.47214374493094,62.83758544921875,4070100,0.0,0.0
2022-04-04 00:00:00-04:00,62.6682500379889,62.75738682817608,61.64324495265967,62.07107162475586,2805900,0.0,0.0
2022-04-05 00:00:00-04:00,62.008687299446734,63.06043762656856,61.883903938617294,62.4008674621582,4360800,0.0,0.0
2022-04-06 00:00:00-04:00,62.44541922032673,63.07825096484489,62.19585253800205,62.4543342590332,4109400,0.0,0.0
2022-04-07 00:00:00-04:00,62.30280686544224,62.4632435464763,60.760831719938196,61.990848541259766,3482400,0.0,0.0
2022-04-08 00:00:00-04:00,62.49890435118949,63.416956157630054,62.18693918962192,62.935646057128906,2954900,0.0,0.0
2022-04-11 00:00:00-04:00,62.998042654600795,63.987401249615395,62.76629922509015,62.908912658691406,2650300,0.0,0.0
2022-04-12 00:00:00-04:00,63.096086238702966,63.76457139291982,62.13346598458687,62.53456115722656,2719400,0.0,0.0
2022-04-13 00:00:00-04:00,62.20476266573364,62.864332674117065,61.759105968142926,62.793025970458984,2146500,0.0,0.0
2022-04-14 00:00:00-04:00,62.77521586342689,63.39022441117476,62.52564914845179,62.9623908996582,2847700,0.0,0.0
2022-04-18 00:00:00-04:00,62.686082450924275,63.8537010038966,62.52564574286694,63.48826599121094,3041100,0.0,0.0
2022-04-19 00:00:00-04:00,63.746731886021806,64.25478025607995,63.48825698211328,64.03195190429688,2662300,0.0,0.0
2022-04-20 00:00:00-04:00,64.30825265421055,65.14608248908331,64.24586099842023,64.56673431396484,2843400,0.0,0.0
2022-04-21 00:00:00-04:00,65.0658762175002,65.22631289661909,63.65759945636557,63.80021286010742,2226200,0.0,0.0
2022-04-22 00:00:00-04:00,63.666514309830454,63.737821011494944,61.94627923321731,61.999755859375,3113900,0.0,0.0
2022-04-25 00:00:00-04:00,61.18868006998424,61.7145518304975,59.370399507883704,61.57194519042969,7028400,0.0,0.0
2022-04-26 00:00:00-04:00,60.53800678041569,61.34019023072317,59.45060330335244,59.46843338012695,3484700,0.0,0.0
2022-04-27 00:00:00-04:00,59.566472626032684,60.25278091130403,59.0584242901307,59.62886428833008,3282900,0.0,0.0
2022-04-28 00:00:00-04:00,60.261694094625895,60.546914084949606,58.969292501011154,60.404300689697266,3222500,0.0,0.0
2022-04-29 00:00:00-04:00,60.083448799933564,60.67171219832396,58.31864500439712,58.541473388671875,3872900,0.0,0.0
2022-05-02 00:00:00-04:00,58.96039209024134,59.27235046951807,57.828420085202396,58.95147705078125,3255000,0.0,0.0
2022-05-03 00:00:00-04:00,59.12973229793588,60.05669912216551,58.78212058887253,59.39712905883789,3623200,0.0,0.0
2022-05-04 00:00:00-04:00,59.32582528324034,61.206497340763356,59.1564803397973,60.885623931884766,3823300,0.0,0.0
2022-05-05 00:00:00-04:00,59.93192234001709,61.94629290545428,59.33474388218105,60.163665771484375,4689200,0.0,0.0
2022-05-06 00:00:00-04:00,60.20822152588595,60.36865820625807,59.17429474122532,60.19930648803711,4833600,0.0,0.0
2022-05-09 00:00:00-04:00,59.795237279257826,60.32503798746788,58.69973029197238,58.942176818847656,7275800,0.5,0.0
2022-05-10 00:00:00-04:00,59.3552242178757,60.208291328546096,57.711953847091955,58.19685363769531,5521400,0.0,0.0
2022-05-11 00:00:00-04:00,58.385433917749765,59.543804682067396,57.51441731285998,57.577274322509766,5219000,0.0,0.0
2022-05-12 00:00:00-04:00,57.51441265774812,57.55930660334991,55.152770520124214,56.4907341003418,6862500,0.0,0.0
2022-05-13 00:00:00-04:00,56.84093794700359,57.49644915050614,56.40991702245876,56.948692321777344,4477700,0.0,0.0
2022-05-16 00:00:00-04:00,56.83195527646856,57.47848832406034,56.38297475462972,57.12828063964844,4237300,0.0,0.0
2022-05-17 00:00:00-04:00,58.18788203978907,58.76257659590901,57.96339176471412,58.358489990234375,4562500,0.0,0.0
2022-05-18 00:00:00-04:00,57.99032331741953,58.00827952311487,56.544605552037964,56.858890533447266,5096500,0.0,0.0
2022-05-19 00:00:00-04:00,56.041755715751194,57.11032826026578,55.502980391304334,56.02379608154297,4455700,0.0,0.0
2022-05-20 00:00:00-04:00,56.21236086806691,56.80501502940744,54.63195091297537,55.718482971191406,5405400,0.0,0.0
2022-05-23 00:00:00-04:00,56.57154645081346,57.828693297678036,56.45481055456685,57.42461013793945,4983900,0.0,0.0
2022-05-24 00:00:00-04:00,57.29889455833149,57.595219917002254,56.00582848282419,57.361751556396484,3738800,0.0,0.0
2022-05-25 00:00:00-04:00,57.0654233025774,58.4303244919359,57.0654233025774,58.00828170776367,5900800,0.0,0.0
2022-05-26 00:00:00-04:00,58.94217361602414,60.199320687449415,58.888298135401755,60.08258819580078,6343000,0.0,0.0
2022-05-27 00:00:00-04:00,60.08257880107245,61.00747761193827,59.92094553357847,60.8099250793457,4197500,0.0,0.0
2022-05-31 00:00:00-04:00,59.938897269448844,61.53726676715701,59.88502180126954,60.51359176635742,10013500,0.0,0.0
2022-06-01 00:00:00-04:00,60.881768419760576,60.89972462827892,59.24747940859732,59.85809326171875,3694200,0.0,0.0
2022-06-02 00:00:00-04:00,59.965840233845235,60.20829356359683,58.969102880198434,60.190330505371094,3102800,0.0,0.0
2022-06-03 00:00:00-04:00,59.84012250890498,60.387879285439624,59.247471791396386,59.43604278564453,2452000,0.0,0.0
2022-06-06 00:00:00-04:00,59.9119557258848,60.827872881188796,59.480931455160444,60.055625915527344,3267100,0.0,0.0
2022-06-07 00:00:00-04:00,59.876043108198694,60.97155668571146,59.62461511025789,60.78298568725586,3692800,0.0,0.0
2022-06-08 00:00:00-04:00,60.55849111372329,60.8458383553288,60.01073436395989,60.3788948059082,3099500,0.0,0.0
2022-06-09 00:00:00-04:00,60.298085286697756,60.66624575112186,59.25644719047528,59.274410247802734,3906500,0.0,0.0
2022-06-10 00:00:00-04:00,57.873581590472874,58.2148111425532,56.81399080068553,56.99358367919922,5246300,0.0,0.0
2022-06-13 00:00:00-04:00,55.934001592671834,55.99685859996413,54.371547663884805,54.81155014038086,6042200,0.0,0.0
2022-06-14 00:00:00-04:00,55.14379126872692,56.06869010985571,54.80256509002465,55.547874450683594,4773700,0.0,0.0
2022-06-15 00:00:00-04:00,56.2123599873724,56.84991493198981,55.07195247582405,55.95195388793945,4716900,0.0,0.0
2022-06-16 00:00:00-04:00,55.04501554900162,55.116854082266904,54.06623779868575,55.03603744506836,6145400,0.0,0.0
2022-06-17 00:00:00-04:00,54.506234227666496,55.49398997275583,54.227865080201596,54.65888595581055,9326700,0.0,0.0
2022-06-21 00:00:00-04:00,55.96990853338943,56.616438098199225,55.17970192590053,56.149497985839844,5463500,0.0,0.0
2022-06-22 00:00:00-04:00,55.12583014287568,56.05971048800991,55.08991087757443,55.4490966796875,4455300,0.0,0.0
2022-06-23 00:00:00-04:00,55.853177973901985,56.12256560370988,54.533174134758866,55.07195281982422,4429600,0.0,0.0
2022-06-24 00:00:00-04:00,55.38624258227113,57.990331220510114,55.25154704305365,57.66706466674805,6159400,0.0,0.0
2022-06-27 00:00:00-04:00,57.96338470758163,58.15195569357784,56.849911571579035,57.09236145019531,3166200,0.0,0.0
2022-06-28 00:00:00-04:00,57.93644715912985,58.53808630282931,57.209100860398536,57.23604202270508,2994500,0.0,0.0
2022-06-29 00:00:00-04:00,57.334816283290856,57.42461445078233,56.31114115203697,56.50869369506836,2303500,0.0,0.0
2022-06-30 00:00:00-04:00,55.71848383151643,56.688283433474965,55.12582966102499,56.38297653198242,3842500,0.0,0.0
2022-07-01 00:00:00-04:00,56.23930476669458,57.24502024161746,55.69154794650675,57.18216323852539,3811000,0.0,0.0
2022-07-05 00:00:00-04:00,55.81725620959738,56.095625355684696,54.86541630643218,55.97888946533203,3384800,0.0,0.0
2022-07-06 00:00:00-04:00,55.359301214622995,56.12256675227407,54.60501378045444,55.6107292175293,3818100,0.0,0.0
2022-07-07 00:00:00-04:00,56.13154009775676,56.78705463625419,56.05970499963677,56.598480224609375,5555200,0.0,0.0
2022-07-08 00:00:00-04:00,56.867877032073345,57.36175494264616,56.19440621980597,56.23930358886719,4159700,0.0,0.0
2022-07-11 00:00:00-04:00,55.88909765181703,56.46379217978232,55.619706594564924,55.772361755371094,2461900,0.0,0.0
2022-07-12 00:00:00-04:00,55.233588235236205,56.4458378299678,54.97318210787896,55.48501968383789,3829200,0.0,0.0
2022-07-13 00:00:00-04:00,54.8025675561569,54.892365725882534,53.24909518712765,53.83277130126953,5967200,0.0,0.0
2022-07-14 00:00:00-04:00,52.405013994369384,52.63848238943385,51.55195020485885,52.00093078613281,7424900,0.0,0.0
2022-07-15 00:00:00-04:00,52.665418644302996,53.383786822287206,51.92010930464773,53.00664138793945,3918000,0.0,0.0
2022-07-18 00:00:00-04:00,53.53642861065257,54.37153253279138,52.871939454069484,53.069488525390625,3704900,0.0,0.0
2022-07-19 00:00:00-04:00,53.841740007482166,54.98215087306542,53.65316902214814,54.59602737426758,5173200,0.0,0.0
2022-07-20 00:00:00-04:00,53.98541163325987,55.35929422314999,53.98541163325987,55.02704620361328,5669700,0.0,0.0
2022-07-21 00:00:00-04:00,54.82052219560263,55.04501246128933,54.03031550125955,54.8744010925293,3741500,0.0,0.0
2022-07-22 00:00:00-04:00,55.10787419426122,55.565836293843255,54.173997212145714,54.640933990478516,3106400,0.0,0.0
2022-07-25 00:00:00-04:00,54.991134858501795,55.610726734621494,54.57807018230585,55.341339111328125,2843100,0.0,0.0
2022-07-26 00:00:00-04:00,55.11685033681641,55.5837904949606,54.77562417789382,55.00011444091797,2601400,0.0,0.0
2022-07-27 00:00:00-04:00,55.29644662089997,56.086649928845084,54.95522044106699,55.89807891845703,3364800,0.0,0.0
2022-07-28 00:00:00-04:00,55.7454248992277,55.95195553438271,54.55113503128175,55.53889083862305,4426000,0.0,0.0
2022-07-29 00:00:00-04:00,55.880122601322874,57.218086237533264,55.413182386855155,56.796043395996094,5638600,0.0,0.0
2022-08-01 00:00:00-04:00,56.33808239236784,56.64338931135838,55.72746855438675,56.472774505615234,3634300,0.0,0.0
2022-08-02 00:00:00-04:00,56.472770473072906,56.53562747318991,55.610728678225826,55.68256378173828,4002200,0.0,0.0
2022-08-03 00:00:00-04:00,55.808283998827875,57.262980028574184,55.78134283639477,57.11032485961914,5137500,0.0,0.0
2022-08-04 00:00:00-04:00,57.64910321237953,58.25971706971556,57.06543051890681,57.289920806884766,7369900,0.0,0.0
2022-08-05 00:00:00-04:00,57.15521550999103,57.72990996662426,56.64337804546149,56.84092712402344,4169000,0.0,0.0
2022-08-08 00:00:00-04:00,57.24823685403716,57.51976930272131,56.72327112755504,56.9676513671875,3466400,0.5,0.0
2022-08-09 00:00:00-04:00,57.32968485547682,58.343407394926494,57.25727437629814,57.8365478515625,3511400,0.0,0.0
2022-08-10 00:00:00-04:00,58.7054744931296,59.719200858423726,58.506349054817726,59.67394256591797,4220100,0.0,0.0
2022-08-11 00:00:00-04:00,60.22604084928201,61.16735640022941,60.2079347760356,60.36180877685547,4689300,0.0,0.0
2022-08-12 00:00:00-04:00,60.47041989853617,61.438887690809025,60.47041989853617,61.37553024291992,3965900,0.0,0.0
2022-08-15 00:00:00-04:00,60.58810320643568,61.185472586291425,60.398030817143145,60.95014190673828,3979200,0.0,0.0
2022-08-16 00:00:00-04:00,60.778168346421324,61.53845781290806,60.73291006155889,61.239776611328125,2595700,0.0,0.0
2022-08-17 00:00:00-04:00,60.54282915342064,61.411734237723316,60.461372538694036,61.06779479980469,3101700,0.0,0.0
2022-08-18 00:00:00-04:00,60.98634410101038,61.66517698822065,60.89583443047139,61.55656814575195,2562200,0.0,0.0
2022-08-19 00:00:00-04:00,61.23072249303555,61.30313298536008,60.83247169069524,60.995391845703125,3154700,0.0,0.0
2022-08-22 00:00:00-04:00,60.162686155587814,60.162686155587814,59.46574731804044,59.655826568603516,3676600,0.0,0.0
2022-08-23 00:00:00-04:00,59.873058508142606,60.026925629544834,59.42955631480009,59.438602447509766,3011400,0.0,0.0
2022-08-24 00:00:00-04:00,59.27568121266492,59.96356708558635,59.0494036010212,59.773494720458984,2594500,0.0,0.0
2022-08-25 00:00:00-04:00,60.0269238187315,60.89582900834038,59.836851455889985,60.886775970458984,2855700,0.0,0.0
2022-08-26 00:00:00-04:00,61.17641209546242,61.39364357571844,59.40239643937324,59.447654724121094,3356700,0.0,0.0
2022-08-29 00:00:00-04:00,58.967940902949756,59.66487283664701,58.66925282903208,59.221370697021484,2942400,0.0,0.0
2022-08-30 00:00:00-04:00,59.29378671181475,59.492912112995214,58.370570198240706,58.81407928466797,3883900,0.0,0.0
2022-08-31 00:00:00-04:00,59.01319541397837,59.08560590340299,58.180495501928206,58.22575378417969,4574900,0.0,0.0
2022-09-01 00:00:00-04:00,57.918012270361245,58.75071557993622,57.17581861384527,58.68735122680664,4042300,0.0,0.0
2022-09-02 00:00:00-04:00,59.420504831437654,60.37991973757293,58.56969876421883,58.8864860534668,4609600,0.0,0.0
2022-09-06 00:00:00-04:00,59.17612262625224,59.52006903935355,58.33436957618375,58.87744140625,4276600,0.0,0.0
2022-09-07 00:00:00-04:00,58.60590382788769,60.14458888821794,58.551599408600374,59.89115905761719,3491700,0.0,0.0
2022-09-08 00:00:00-04:00,59.80064412560264,60.72385369943441,59.547214317313305,60.47947692871094,6856900,0.0,0.0
2022-09-09 00:00:00-04:00,60.85963027867263,61.51131096701774,60.751021434245345,61.221675872802734,3786300,0.0,0.0
2022-09-12 00:00:00-04:00,61.764724367500875,62.38019964202895,61.55655286747369,62.01815414428711,3306800,0.0,0.0
2022-09-13 00:00:00-04:00,60.89582642100137,61.51130176733794,59.98166298627108,60.162689208984375,5815200,0.0,0.0
2022-09-14 00:00:00-04:00,60.524733121590316,61.08589713330229,59.61056971143987,60.10838317871094,3658300,0.0,0.0
2022-09-15 00:00:00-04:00,59.99071884560574,60.48853234967802,59.28473380742661,59.45670700073242,5801300,0.0,0.0
2022-09-16 00:00:00-04:00,59.158024262642435,59.158024262642435,58.153351030917804,58.90459442138672,10163100,0.0,0.0
2022-09-19 00:00:00-04:00,58.234798675659654,60.07217855208379,58.198600337162844,59.99071502685547,5107500,0.0,0.0
2022-09-20 00:00:00-04:00,59.69202667256096,59.69202667256096,58.633049187507524,59.27567672729492,4218300,0.0,0.0
2022-09-21 00:00:00-04:00,59.64678101254379,59.936416085067506,58.379624980710716,58.39772415161133,3637200,0.0,0.0
2022-09-22 00:00:00-04:00,58.46107250632522,58.723555328910535,57.31158543336281,57.44735336303711,4480100,0.0,0.0
2022-09-23 00:00:00-04:00,56.67801378118038,56.93144704773839,55.20268627609687,55.99013137817383,5009500,0.0,0.0
2022-09-26 00:00:00-04:00,55.438010652946296,56.1802008866945,54.686767381893645,55.085018157958984,4195700,0.0,0.0
2022-09-27 00:00:00-04:00,55.4651646621251,55.791004961233604,54.360932312917846,54.9945068359375,3838900,0.0,0.0
2022-09-28 00:00:00-04:00,54.79538589477353,56.49699100584532,54.75918064916206,55.99013137817383,4762700,0.0,0.0
2022-09-29 00:00:00-04:00,55.401811808432406,55.62808942907073,54.35188378677951,55.27509689331055,4845000,0.0,0.0
2022-09-30 00:00:00-04:00,55.5918776629417,56.2435582388414,54.931147502475426,55.01260757446289,5510300,0.0,0.0
2022-10-03 00:00:00-04:00,55.80910392765061,57.012902347971426,54.92209620080883,56.678009033203125,4854900,0.0,0.0
2022-10-04 00:00:00-04:00,57.59217724633794,59.32093801808273,57.574074623531125,59.24852752685547,4337000,0.0,0.0
2022-10-05 00:00:00-04:00,58.44297651562311,59.39334516956835,58.33436078488978,59.0675048828125,3087500,0.0,0.0
2022-10-06 00:00:00-04:00,58.759771257410165,59.275683959648745,58.18050109719297,58.42488479614258,4747700,0.0,0.0
2022-10-07 00:00:00-04:00,57.9542226763074,58.21670554301392,56.75947712414545,57.24823760986328,3725000,0.0,0.0
2022-10-10 00:00:00-04:00,57.63743326596558,58.108087657762596,56.96765001918589,57.37495040893555,2796400,0.0,0.0
2022-10-11 00:00:00-04:00,57.10341331681564,58.243850862527914,56.958595795888336,57.311588287353516,3918200,0.0,0.0
2022-10-12 00:00:00-04:00,57.329689905333105,57.8003477032871,56.62370493476311,56.641807556152344,4230300,0.0,0.0
2022-10-13 00:00:00-04:00,55.90866960182769,59.293784003674844,55.25698901152677,59.049400329589844,6515100,0.0,0.0
2022-10-14 00:00:00-04:00,59.33902828545755,60.29844988666417,58.46107020102065,58.9407844543457,4847900,0.0,0.0
2022-10-17 00:00:00-04:00,60.24414559306232,60.70575382735941,59.61962411713079,59.98166275024414,4497800,0.0,0.0
2022-10-18 00:00:00-04:00,61.312187553332194,61.529419060193156,60.37992477908535,60.98634719848633,3757700,0.0,0.0
2022-10-19 00:00:00-04:00,60.85963223166263,61.47510768980085,60.24415677352441,60.95014190673828,3105600,0.0,0.0
2022-10-20 00:00:00-04:00,60.66050063687632,61.11305587169631,59.447655922172274,59.75539016723633,4430000,0.0,0.0
2022-10-21 00:00:00-04:00,60.0088248692629,61.71043000866211,59.75538814576356,61.60181427001953,5274400,0.0,0.0
2022-10-24 00:00:00-04:00,61.7104361370127,63.13145939117693,61.63802563739336,62.796566009521484,6390000,0.0,0.0
2022-10-25 00:00:00-04:00,62.25349689129681,64.30810152094118,62.13583501640348,64.1994857788086,5481800,0.0,0.0
2022-10-26 00:00:00-04:00,64.49817380133499,64.92357682562618,63.98226111144764,64.1270751953125,3348500,0.0,0.0
2022-10-27 00:00:00-04:00,64.57963231254689,65.24941214402986,64.29905026938073,64.39861297607422,3204700,0.0,0.0
2022-10-28 00:00:00-04:00,64.82401836394673,66.26314078580323,64.7154026148566,66.19978332519531,3968300,0.0,0.0
2022-10-31 00:00:00-04:00,65.91919072904552,66.58897047770002,65.8739324478017,66.26313018798828,4705700,0.0,0.0
2022-11-01 00:00:00-04:00,66.67948259295727,67.27685878126647,66.54371464966478,66.92386627197266,3891500,0.0,0.0
2022-11-02 00:00:00-04:00,66.89671513577798,68.35393657375904,66.48035826156104,66.58897399902344,6051700,0.0,0.0
2022-11-03 00:00:00-04:00,65.76532575801481,66.76999196091258,64.67013608424443,66.17262268066406,4554200,0.0,0.0
2022-11-04 00:00:00-04:00,67.09584270290908,67.40358388127906,66.154526900609,67.07774353027344,3364600,0.0,0.0
2022-11-07 00:00:00-05:00,67.52425890758698,67.75207355096774,66.75880504295618,67.36934661865234,5016500,0.5,0.0
2022-11-08 00:00:00-05:00,67.16886594346337,67.39668057776586,66.25760740625343,66.89549255371094,4074100,0.0,0.0
2022-11-09 00:00:00-05:00,66.54919259363022,67.17796304592054,66.05711227692682,66.31226348876953,3528200,0.0,0.0
2022-11-10 00:00:00-05:00,67.97076534886386,68.86380170072911,67.72472862313842,68.0892333984375,5099000,0.0,0.0
2022-11-11 00:00:00-05:00,68.45372823977779,68.91846498230028,67.61536529254745,67.87963104248047,5303100,0.0,0.0
2022-11-14 00:00:00-05:00,67.62448712520187,68.18035532261457,67.20530908249475,67.24176025390625,4540900,0.0,0.0
2022-11-15 00:00:00-05:00,68.0163318044009,68.2350318910566,67.12330239501915,67.68827819824219,4088500,0.0,0.0
2022-11-16 00:00:00-05:00,67.79763586778175,68.18036278094431,67.56982123580154,67.76118469238281,4696400,0.0,0.0
2022-11-17 00:00:00-05:00,67.20530661119794,68.34437960460808,67.02305771319224,68.244140625,3714200,0.0,0.0
2022-11-18 00:00:00-05:00,69.21006651417296,69.41054445663345,68.57218847211624,68.80000305175781,4626200,0.0,0.0
2022-11-21 00:00:00-05:00,68.6724448477341,69.31032305145509,68.42640114604815,69.15541076660156,3945200,0.0,0.0
2022-11-22 00:00:00-05:00,69.58369166369798,70.24890639935644,69.27386019388527,70.093994140625,3126400,0.0,0.0
2022-11-23 00:00:00-05:00,69.91175079345703,70.25802650853075,69.79328274308547,69.91175079345703,2554700,0.0,0.0
2022-11-25 00:00:00-05:00,70.0666646060816,70.49495720793962,69.99376225845671,70.121337890625,1196500,0.0,0.0
2022-11-28 00:00:00-05:00,69.52901475877636,70.13044165345467,68.83645646738515,69.00959777832031,3616800,0.0,0.0
2022-11-29 00:00:00-05:00,68.96403726385832,69.67481771661043,68.61776156830855,69.31942749023438,2978500,0.0,0.0
2022-11-30 00:00:00-05:00,68.80001675084864,70.13956785824125,68.24414850965373,69.89352416992188,6392700,0.0,0.0
2022-12-01 00:00:00-05:00,70.18512260201834,70.46761744848077,69.69304915819393,69.84796142578125,4056500,0.0,0.0
2022-12-02 00:00:00-05:00,69.31031701147916,70.18512430849847,69.31031701147916,70.08489227294922,2438500,0.0,0.0
2022-12-05 00:00:00-05:00,69.6110367975899,69.83885142435315,68.28971474330334,68.70889282226562,3237400,0.0,0.0
2022-12-06 00:00:00-05:00,68.69065753303079,69.12806463580613,68.13478933792152,68.59953308105469,2453100,0.0,0.0
2022-12-07 00:00:00-05:00,68.18036431472191,69.06428621906588,67.80675192509204,67.97077178955078,3514500,0.0,0.0
2022-12-08 00:00:00-05:00,68.52662572320759,68.52662572320759,66.92281601922771,67.07772827148438,3705100,0.0,0.0
2022-12-09 00:00:00-05:00,66.60387951832607,67.10507446742197,65.69262103077025,65.78375244140625,4479700,0.0,0.0
2022-12-12 00:00:00-05:00,65.84752660222728,66.76789247810424,65.21875615145366,66.68588256835938,4687000,0.0,0.0
2022-12-13 00:00:00-05:00,67.71562217338969,68.07101245982406,66.33962673713401,66.7314682006836,4743600,0.0,0.0
2022-12-14 00:00:00-05:00,67.01394555615265,67.4240090673644,66.02978478642436,66.37606048583984,3117000,0.0,0.0
2022-12-15 00:00:00-05:00,65.5012536637161,65.7199606933366,64.79958772931313,65.33722686767578,4744800,0.0,0.0
2022-12-16 00:00:00-05:00,64.51709830347717,65.37367648253436,64.36217908976421,65.12763977050781,8784100,0.0,0.0
2022-12-19 00:00:00-05:00,65.3463494666265,65.83842991550199,64.51710780540462,64.84516143798828,3670200,0.0,0.0
2022-12-20 00:00:00-05:00,65.0729823398748,65.99334855379755,65.04563874090093,65.41925811767578,3112400,0.0,0.0
2022-12-21 00:00:00-05:00,66.0206702554963,66.73145766853344,65.7655190083112,66.37606048583984,2962800,0.0,0.0
2022-12-22 00:00:00-05:00,66.0388860817254,66.28492274867133,64.49885742399188,65.4283447265625,3136700,0.0,0.0
2022-12-23 00:00:00-05:00,65.4192435236759,66.11180187713069,65.12764110417127,65.85664367675781,1940500,0.0,0.0
2022-12-27 00:00:00-05:00,66.02067515174281,66.31227759191599,65.62883372097724,65.90221405029297,2409100,0.0,0.0
2022-12-28 00:00:00-05:00,66.07535459235078,66.18470116087823,65.32812291389442,65.43746948242188,1987100,0.0,0.0
2022-12-29 00:00:00-05:00,65.71084882280564,66.52186830485489,65.60149530356796,66.21204376220703,1786500,0.0,0.0
2022-12-30 00:00:00-05:00,65.89309655961564,66.33050367640797,65.47391850521271,65.9477767944336,2444600,0.0,0.0
2023-01-03 00:00:00-05:00,66.01155732161554,66.44895743777656,65.3098844964309,65.7472915649414,3107200,0.0,0.0
2023-01-04 00:00:00-05:00,66.20291936014827,67.0412753589224,66.06622921956894,66.69499969482422,3659400,0.0,0.0
2023-01-05 00:00:00-05:00,66.62209997749943,66.7587901234501,65.56503693132058,66.15735626220703,2965800,0.0,0.0
2023-01-06 00:00:00-05:00,66.97750505532919,67.36023198708106,66.6859025903252,67.05040740966797,3890900,0.0,0.0
2023-01-09 00:00:00-05:00,65.88399244115305,66.38518044558108,64.79047806791343,65.0091781616211,4854200,0.0,0.0
2023-01-10 00:00:00-05:00,64.98182091805803,65.24608663400322,64.31660631615158,65.21875,3230800,0.0,0.0
2023-01-11 00:00:00-05:00,65.08205987763547,65.40099886158708,64.85424532447739,65.21875,2950300,0.0,0.0
2023-01-12 00:00:00-05:00,65.33722114109696,65.91131835309552,65.00916757776906,65.05473327636719,3979800,0.0,0.0
2023-01-13 00:00:00-05:00,64.50797743754214,65.61059917269016,64.33483613164022,65.5376968383789,2418900,0.0,0.0
2023-01-17 00:00:00-05:00,65.53768898395161,65.71994479788714,65.0365011384129,65.21875,3081600,0.0,0.0
2023-01-18 00:00:00-05:00,64.90894523092352,65.50125768689692,63.86099657809665,63.93389892578125,3739800,0.0,0.0
2023-01-19 00:00:00-05:00,63.651388301045785,63.778963901719905,62.98617366215201,63.26866149902344,3516500,0.0,0.0
2023-01-20 00:00:00-05:00,63.65139975121085,64.08880685531298,63.07730944490499,63.96123123168945,4296800,0.0,0.0
2023-01-23 00:00:00-05:00,64.02501349058218,64.76313052786534,63.706074459185096,64.41685485839844,7660300,0.0,0.0
2023-01-24 00:00:00-05:00,63.33246131551959,64.94538568854983,62.61256631664389,64.67201232910156,3171300,0.0,0.0
2023-01-25 00:00:00-05:00,64.18904318551833,65.22787719343134,64.09791178468228,65.20964813232422,2561700,0.0,0.0
2023-01-26 00:00:00-05:00,65.39190291454092,65.84753210188681,64.83603474979095,65.81108093261719,3957100,0.0,0.0
2023-01-27 00:00:00-05:00,65.71083675328005,66.2484758146587,65.63793442051202,65.64704895019531,2491400,0.0,0.0
2023-01-30 00:00:00-05:00,65.30077949687828,66.19380882483725,65.30077949687828,65.75640869140625,2984300,0.0,0.0
2023-01-31 00:00:00-05:00,65.77462358377431,66.6220940707112,65.09117986696549,66.54007720947266,4274300,0.0,0.0
2023-02-01 00:00:00-05:00,65.99334122075719,66.7770241144876,65.58327766228584,66.23027038574219,4965200,0.0,0.0
2023-02-02 00:00:00-05:00,66.48542858046521,66.68590659074778,62.58524276993687,63.52383804321289,8329400,0.0,0.0
2023-02-03 00:00:00-05:00,63.39625130334641,63.933897414372105,63.13198551349993,63.59672927856445,4653600,0.0,0.0
2023-02-06 00:00:00-05:00,63.62426442213187,64.41360236900275,63.31220416535543,64.33099365234375,4945000,0.5,0.0
2023-02-07 00:00:00-05:00,63.92714795457312,65.66185388377853,63.771117834543105,65.40486145019531,4129200,0.0,0.0
2023-02-08 00:00:00-05:00,65.03773824760181,65.63433193567015,64.62471561875753,65.38651275634766,4077200,0.0,0.0
2023-02-09 00:00:00-05:00,65.83623883446131,66.22172745103263,64.91840479356695,64.97347259521484,3870200,0.0,0.0
2023-02-10 00:00:00-05:00,64.71647639512798,65.56088198270798,64.61551409633933,65.5333480834961,3015400,0.0,0.0
2023-02-13 00:00:00-05:00,65.55170878771753,66.54297128190059,65.38649837202036,66.44200897216797,2935500,0.0,0.0
2023-02-14 00:00:00-05:00,66.36858330762836,66.71736475658098,65.75363612476372,66.12995147705078,2783000,0.0,0.0
2023-02-15 00:00:00-05:00,65.96474222943947,66.50626101137827,65.72610339209278,66.48790740966797,2924200,0.0,0.0
2023-02-16 00:00:00-05:00,65.99227670973269,67.11203549185002,65.95556250347259,66.51544189453125,3215300,0.0,0.0
2023-02-17 00:00:00-05:00,66.4695464087181,67.09367390092517,66.24008787485549,66.5796890258789,7285400,0.0,0.0
2023-02-21 00:00:00-05:00,66.08405970964705,66.24008983669029,64.68895486355173,65.21212005615234,4008200,0.0,0.0
2023-02-22 00:00:00-05:00,65.11114812934163,65.3681405365507,64.62469721533621,65.0377197265625,2484600,0.0,0.0
2023-02-23 00:00:00-05:00,65.36815215214408,65.8913173605029,64.32182173542641,64.7807388305664,3646000,0.0,0.0
2023-02-24 00:00:00-05:00,64.18413542913942,66.29515654621686,64.1749551279297,65.93719482421875,5222400,0.0,0.0
2023-02-27 00:00:00-05:00,66.04734390927545,66.44201286978641,65.64349464665436,65.88213348388672,3049500,0.0,0.0
2023-02-28 00:00:00-05:00,66.15749087495527,66.35941551953644,65.80870939703534,65.83625030517578,3567000,0.0,0.0
2023-03-01 00:00:00-05:00,65.63431720404772,66.74489560363428,65.31307667565795,65.41403198242188,4878200,0.0,0.0
2023-03-02 00:00:00-05:00,65.12951412635111,65.14787473179985,63.04603356915204,63.688514709472656,6886300,0.0,0.0
2023-03-03 00:00:00-05:00,64.0097438078721,64.79908164024125,63.5691873913281,64.55126953125,4587400,0.0,0.0
2023-03-06 00:00:00-05:00,64.50538600047001,64.85416747562144,63.69769443107571,63.9638671875,3934100,0.0,0.0
2023-03-07 00:00:00-05:00,63.95467135050261,64.3493402379551,63.036837379917046,63.541648864746094,4891200,0.0,0.0
2023-03-08 00:00:00-05:00,63.54166406076789,63.82619041888845,61.10022175392972,61.95380783081055,5887800,0.0,0.0
2023-03-09 00:00:00-05:00,61.999697619318844,62.22915614936441,59.02591002811493,59.35633087158203,7451200,0.0,0.0
2023-03-10 00:00:00-05:00,58.4384970739929,58.796451822638474,57.01585488010897,57.254493713378906,9989700,0.0,0.0
2023-03-13 00:00:00-04:00,55.070045891533454,55.66663945586209,53.638223437900265,54.11549758911133,10247300,0.0,0.0
2023-03-14 00:00:00-04:00,55.93281394093765,56.23570090241619,53.64740878232131,54.21646499633789,10939900,0.0,0.0
2023-03-15 00:00:00-04:00,51.91270348836543,52.82135738348807,50.83883565627732,51.67406463623047,9897600,0.0,0.0
2023-03-16 00:00:00-04:00,51.26102959138318,53.115054767194266,50.04031214222211,52.94984436035156,7764300,0.0,0.0
2023-03-17 00:00:00-04:00,52.380796731629275,52.64696948595648,50.242244898222026,50.3615608215332,13077500,0.0,0.0
2023-03-20 00:00:00-04:00,50.673624154467404,52.83971337591972,50.673624154467404,52.29819107055664,9909800,0.0,0.0
2023-03-21 00:00:00-04:00,53.748366413998,54.198103164447815,53.48219368342037,53.720829010009766,8011300,0.0,0.0
2023-03-22 00:00:00-04:00,53.647403871121185,54.03289251270264,51.407886425235354,51.499671936035156,5599500,0.0,0.0
2023-03-23 00:00:00-04:00,51.508848112820814,51.894340250994,49.654822832224056,49.8383903503418,5849700,0.0,0.0
2023-03-24 00:00:00-04:00,48.72781547725348,49.90264207641384,48.489180137271326,49.88428497314453,6625300,0.0,0.0
2023-03-27 00:00:00-04:00,51.02240058054718,51.55474256733045,50.0953896288383,51.26103591918945,5466400,0.0,0.0
2023-03-28 00:00:00-04:00,51.15089503718656,51.40788747013105,50.434985544693006,50.875545501708984,5199300,0.0,0.0
2023-03-29 00:00:00-04:00,51.74749120337637,51.87598742627566,51.16007789797421,51.848453521728516,4827800,0.0,0.0
2023-03-30 00:00:00-04:00,52.41750951203569,53.096704830692275,52.1238028605205,52.3624382019043,4868500,0.0,0.0
2023-03-31 00:00:00-04:00,52.80299419260206,53.22520053588101,52.68367828154813,53.17930603027344,6143500,0.0,0.0
2023-04-03 00:00:00-04:00,53.48219002738138,53.99617835116136,53.07834430950647,53.20684051513672,4840000,0.0,0.0
2023-04-04 00:00:00-04:00,53.87686326575139,53.94111137371853,52.068728938295024,52.72039031982422,5373800,0.0,0.0
2023-04-05 00:00:00-04:00,52.2247624275378,53.931930936572854,52.178867920882716,53.84014892578125,5258100,0.0,0.0
2023-04-06 00:00:00-04:00,54.152216883525995,54.51935195781643,53.9502922425403,54.21646499633789,4250700,0.0,0.0
2023-04-10 00:00:00-04:00,54.07878884486226,54.84059290388059,54.069612043507874,54.592777252197266,2913300,0.0,0.0
2023-04-11 00:00:00-04:00,54.70290927320603,55.55649523999384,54.33577774527889,55.18018341064453,4326100,0.0,0.0
2023-04-12 00:00:00-04:00,55.38211057099421,55.98788094609834,54.803874098903215,55.0792236328125,4242800,0.0,0.0
2023-04-13 00:00:00-04:00,54.9323663894121,54.9966144926914,54.35413345989844,54.86811828613281,4443300,0.0,0.0
2023-04-14 00:00:00-04:00,55.455531610873464,55.89609503590577,55.115933992784306,55.63909912109375,4332100,0.0,0.0
2023-04-17 00:00:00-04:00,55.253615011180806,56.49268967911153,54.95990837135635,56.48351287841797,3841800,0.0,0.0
2023-04-18 00:00:00-04:00,56.69461035943139,56.73132456216794,56.22651302768805,56.27240753173828,4018400,0.0,0.0
2023-04-19 00:00:00-04:00,56.37337260697869,56.90571810208663,56.15309436857915,56.73133087158203,5445500,0.0,0.0
2023-04-20 00:00:00-04:00,56.41925446353225,56.61199875422182,55.67580769782558,55.81348419189453,4059200,0.0,0.0
2023-04-21 00:00:00-04:00,55.62991576449342,55.71252095929358,54.81304411661329,55.22606658935547,3897900,0.0,0.0
2023-04-24 00:00:00-04:00,55.11594068349245,55.492252549559225,55.060872874622824,55.44636154174805,4816500,0.0,0.0
2023-04-25 00:00:00-04:00,54.87729704327059,54.87729704327059,54.023711122280744,54.34495162963867,3867700,0.0,0.0
2023-04-26 00:00:00-04:00,54.198104359181535,54.9231941579419,53.69329629088661,54.07878494262695,4378500,0.0,0.0
2023-04-27 00:00:00-04:00,54.16138150886991,55.4555272779822,54.16138150886991,55.35456848144531,6748300,0.0,0.0
2023-04-28 00:00:00-04:00,55.13429099357895,56.419260061523076,54.94154668376504,56.29076385498047,4721700,0.0,0.0
2023-05-01 00:00:00-04:00,55.94199038686943,56.72214798937842,55.88691907914459,56.22651672363281,4704700,0.0,0.0
2023-05-02 00:00:00-04:00,55.68499498996011,55.83185181197822,53.546443287581916,54.54688262939453,4774300,0.0,0.0
2023-05-03 00:00:00-04:00,54.77633994059463,55.62074564081549,53.84014872865894,53.88603973388672,6285400,0.0,0.0
2023-05-04 00:00:00-04:00,53.2894507892808,53.362875698944684,48.81959606022062,49.664005279541016,12380300,0.0,0.0
2023-05-05 00:00:00-04:00,50.4992326345089,51.187608209949985,50.040315584214845,50.1688117980957,6801200,0.0,0.0
2023-05-08 00:00:00-04:00,50.34488223007359,50.817472043616505,49.61282808478658,49.75182342529297,5420000,0.52,0.0
2023-05-09 00:00:00-04:00,49.11243464106366,49.23290009315947,48.60277800742647,48.91783905029297,7741400,0.0,0.0
2023-05-10 00:00:00-04:00,49.05682849462317,49.177293932252205,47.583455490934114,48.01898193359375,9041900,0.0,0.0
2023-05-11 00:00:00-04:00,47.54639700834913,47.70392575937297,47.06453874392459,47.47226333618164,6096600,0.0,0.0
2023-05-12 00:00:00-04:00,47.50006327627081,47.574196950904955,45.591167107987836,46.53635025024414,12674800,0.0,0.0
2023-05-15 00:00:00-04:00,46.34175238700053,47.018209814397196,46.11935842680262,46.777278900146484,10654300,0.0,0.0
2023-05-16 00:00:00-04:00,46.832873120548,46.832873120548,45.359500068334164,45.51702880859375,10426800,0.0,0.0
2023-05-17 00:00:00-04:00,45.93401893310057,47.99118211105255,45.80428855879505,47.90778350830078,6853400,0.0,0.0
2023-05-18 00:00:00-04:00,47.898523065362724,48.130185496867476,47.3888664230299,48.074588775634766,5315900,0.0,0.0
2023-05-19 00:00:00-04:00,48.41745017227522,48.556449050839944,47.601997390131324,47.79659652709961,5965100,0.0,0.0
2023-05-22 00:00:00-04:00,47.83365351578085,48.60277441515403,47.527860972155175,48.52864074707031,4044300,0.0,0.0
2023-05-23 00:00:00-04:00,48.58424097738382,49.001234022956986,48.01898413059441,48.03751754760742,4350100,0.0,0.0
2023-05-24 00:00:00-04:00,47.75025844740779,47.85219048113743,46.43441755534034,46.56414794921875,5656200,0.0,0.0
2023-05-25 00:00:00-04:00,49.177297629882105,49.177297629882105,47.79659160320337,48.8993034362793,9299300,0.0,0.0
2023-05-26 00:00:00-04:00,48.834433594924164,49.15875953411487,48.00044755859432,48.00971603393555,5274300,0.0,0.0
2023-05-30 00:00:00-04:00,48.44524458333931,48.44524458333931,47.38886450403743,47.86145782470703,4277400,0.0,0.0
2023-05-31 00:00:00-04:00,47.212800113563105,47.351795439362235,45.75796045389409,45.915489196777344,8296800,0.0,0.0
2023-06-01 00:00:00-04:00,46.119351630363035,47.02746782627,45.9154875844841,46.684608459472656,4951400,0.0,0.0
2023-06-02 00:00:00-04:00,47.47226093434976,49.46455908695127,47.10160319692967,49.084632873535156,6943200,0.0,0.0
2023-06-05 00:00:00-04:00,49.30703040287215,49.30703040287215,48.38038068944901,48.788108825683594,5527200,0.0,0.0
2023-06-06 00:00:00-04:00,48.86224368499944,49.88156058916986,48.73251327816958,49.48310089111328,4235100,0.0,0.0
2023-06-07 00:00:00-04:00,49.52942894469595,51.03060052265604,49.371896651915876,50.82673645019531,6209700,0.0,0.0
2023-06-08 00:00:00-04:00,50.808203122276495,50.98426528708416,49.52015711117803,49.81668472290039,5200400,0.0,0.0
2023-06-09 00:00:00-04:00,49.9093523070902,50.335610311318156,49.68695482864327,49.918617248535156,3701400,0.0,0.0
2023-06-12 00:00:00-04:00,49.83520707637541,50.5023958220694,49.54794800466942,50.048336029052734,3976700,0.0,0.0
2023-06-13 00:00:00-04:00,50.15027905341068,51.308591138665186,50.08541385942746,51.123260498046875,7442100,0.0,0.0
2023-06-14 00:00:00-04:00,51.252994964872016,51.90164691158861,49.87228538924386,49.983482360839844,4402400,0.0,0.0
2023-06-15 00:00:00-04:00,49.7888815991079,51.206654327903664,49.742549827001774,51.113990783691406,5212900,0.0,0.0
2023-06-16 00:00:00-04:00,51.243727428964725,51.73485417106202,50.76186916335519,51.42905807495117,10278200,0.0,0.0
2023-06-20 00:00:00-04:00,50.9193946571,51.123255159091215,49.798149524041754,50.52093505859375,5981400,0.0,0.0
2023-06-21 00:00:00-04:00,50.483879000608795,51.09546770687047,50.14101957578182,50.548744201660156,4225000,0.0,0.0
2023-06-22 00:00:00-04:00,50.51167536883318,50.51167536883318,49.547962333441205,49.90935516357422,4227900,0.0,0.0
2023-06-23 00:00:00-04:00,49.12169700560793,49.85375108663821,49.0846337056591,49.41822814941406,7023000,0.0,0.0
2023-06-26 00:00:00-04:00,49.64989316416631,50.45607742218888,49.14950147233652,50.09468460083008,5637900,0.0,0.0
2023-06-27 00:00:00-04:00,50.6228785801012,51.206665397637785,50.0761550673292,50.94720458984375,4812400,0.0,0.0
2023-06-28 00:00:00-04:00,50.678474822246855,50.89160384588994,49.96495407271739,50.845272064208984,5112000,0.0,0.0
2023-06-29 00:00:00-04:00,51.20665788616082,52.161109425330764,51.13252775261737,52.05917739868164,5015100,0.0,0.0
2023-06-30 00:00:00-04:00,52.3557084148728,52.71710123480929,52.00358053665012,52.383506774902344,5850600,0.0,0.0
2023-07-03 00:00:00-04:00,52.55030874282016,53.5696256327589,52.46691012032416,53.07849884033203,2429100,0.0,0.0
2023-07-05 00:00:00-04:00,52.19817998258604,52.91169715024588,52.01284933317689,52.615169525146484,3786900,0.0,0.0
2023-07-06 00:00:00-04:00,52.07771083383863,52.71709781728494,52.04990894072331,52.55030059814453,4467000,0.0,0.0
2023-07-07 00:00:00-04:00,52.49470218966097,53.764211174521115,52.47616877314409,53.38428497314453,4615900,0.0,0.0
2023-07-10 00:00:00-04:00,53.21748895282117,53.89394276386225,53.01362490145148,53.19895553588867,4030200,0.0,0.0
2023-07-11 00:00:00-04:00,53.48621793359144,54.97812440790371,53.48621793359144,54.89472579956055,5992800,0.0,0.0
2023-07-12 00:00:00-04:00,55.589711732592356,55.79357224333766,54.227535672931104,54.39433288574219,5803100,0.0,0.0
2023-07-13 00:00:00-04:00,54.412867367256275,55.03372092218216,54.283136984727754,54.829856872558594,4034100,0.0,0.0
2023-07-14 00:00:00-04:00,54.913260879883474,54.97812961241369,53.4676895782739,53.89394760131836,3357900,0.0,0.0
2023-07-17 00:00:00-04:00,53.764208971487726,55.00591954813631,53.69934378378044,54.672325134277344,2873300,0.0,0.0
2023-07-18 00:00:00-04:00,54.44067209158563,55.56191742586469,54.39434031167682,55.015193939208984,3308700,0.0,0.0
2023-07-19 00:00:00-04:00,54.931792330510376,55.867710494195634,54.84839371726008,55.839908599853516,4294800,0.0,0.0
2023-07-20 00:00:00-04:00,56.25689893006273,56.6646270349624,55.89550613518375,56.470027923583984,3216800,0.0,0.0
2023-07-21 00:00:00-04:00,56.64609900454915,56.84069459954428,56.09010704542111,56.71096420288086,3341100,0.0,0.0
2023-07-24 00:00:00-04:00,56.822153920715515,57.971200994858485,56.78508708786528,57.43374252319336,2891600,0.0,0.0
2023-07-25 00:00:00-04:00,57.359618734064966,57.54494584903042,56.914823760461104,57.19282150268555,3158600,0.0,0.0
2023-07-26 00:00:00-04:00,57.461543350344066,58.36966311977111,57.35034638190136,58.23992919921875,3073700,0.0,0.0
2023-07-27 00:00:00-04:00,58.4623305174407,58.69399294562284,57.748809814453125,57.748809814453125,3852900,0.0,0.0
2023-07-28 00:00:00-04:00,58.332595644979286,58.369662479015915,57.582008162732905,57.9712028503418,3802500,0.0,0.0
2023-07-31 00:00:00-04:00,58.138006237911306,58.52719743193122,58.11020434198972,58.35113525390625,3069000,0.0,0.0
2023-08-01 00:00:00-04:00,58.07313644253883,58.397465966515455,57.82294412803527,58.212135314941406,4311200,0.0,0.0
2023-08-02 00:00:00-04:00,58.03606941808174,58.74959008320396,57.79513852602076,58.14726638793945,6407800,0.0,0.0
2023-08-03 00:00:00-04:00,58.87005316165537,60.07470057607082,58.11020070526631,59.69477081298828,5455200,0.0,0.0
2023-08-04 00:00:00-04:00,59.80597435817332,60.361962781619354,58.740325755865555,58.87005615234375,4204600,0.0,0.0
2023-08-07 00:00:00-04:00,59.22508130368567,60.420980223111364,59.22508130368567,59.96317672729492,3821300,0.52,0.0
2023-08-08 00:00:00-04:00,58.95413396453006,59.50536928744413,58.21604210969384,59.32785415649414,4362300,0.0,0.0
2023-08-09 00:00:00-04:00,59.169030892542956,59.64552079573992,58.46830814050844,58.51502227783203,2921300,0.0,0.0
2023-08-10 00:00:00-04:00,58.486989756556476,59.253112998099205,58.07590036677213,58.54304885864258,3915000,0.0,0.0
2023-08-11 00:00:00-04:00,58.56173689350004,59.58012077733764,58.356190410725034,59.4680061340332,2854200,0.0,0.0
2023-08-14 00:00:00-04:00,59.33720566294803,59.76698502611869,59.21574960932592,59.39326477050781,2764600,0.0,0.0
2023-08-15 00:00:00-04:00,58.72056823459521,58.98217383245799,57.73021564145175,57.795616149902344,3677300,0.0,0.0
2023-08-16 00:00:00-04:00,57.711522623675904,58.31881349847275,57.46860342250917,57.60874938964844,2573300,0.0,0.0
2023-08-17 00:00:00-04:00,58.029188571472275,58.73925273957506,57.674154705390734,57.77692794799805,3764300,0.0,0.0
2023-08-18 00:00:00-04:00,57.291088928613135,58.468305086412876,57.22568842696426,58.16932678222656,3225400,0.0,0.0
2023-08-21 00:00:00-04:00,58.16932566146719,58.449617593487666,57.41254742437981,57.879695892333984,2137800,0.0,0.0
2023-08-22 00:00:00-04:00,57.76758538618361,58.24407528936169,57.0855454378574,57.29109191894531,2524300,0.0,0.0
2023-08-23 00:00:00-04:00,57.32846728007912,57.73955669702268,57.03883391292274,57.674156188964844,2251400,0.0,0.0
2023-08-24 00:00:00-04:00,57.618096247637574,58.77662613540251,57.42189472630926,58.17867660522461,2418100,0.0,0.0
2023-08-25 00:00:00-04:00,58.37487163020232,58.61779082734111,57.64612116690582,58.309471130371094,2109500,0.0,0.0
2023-08-28 00:00:00-04:00,58.393561128862466,58.85136821629921,58.234732353340824,58.42158889770508,2134600,0.0,0.0
2023-08-29 00:00:00-04:00,58.64582007838596,58.991508952533884,58.234730702752216,58.72056198120117,2834700,0.0,0.0
2023-08-30 00:00:00-04:00,58.90742258883097,59.24377006453008,58.64582058064723,58.804649353027344,2343500,0.0,0.0
2023-08-31 00:00:00-04:00,58.98217371916571,59.31852122715721,58.69254035082627,59.178375244140625,4953500,0.0,0.0
2023-09-01 00:00:00-04:00,59.60814625803372,60.31821039044042,59.60814625803372,60.07529830932617,3087100,0.0,0.0
2023-09-05 00:00:00-04:00,60.07529607357125,60.5985000788015,59.56142990549158,59.580116271972656,3978900,0.0,0.0
2023-09-06 00:00:00-04:00,59.19706047204172,59.6735503898071,58.785967497280666,59.04757308959961,3028200,0.0,0.0
2023-09-07 00:00:00-04:00,58.81399435563152,59.32785697091404,58.39356001074217,58.64582061767578,3155400,0.0,0.0
2023-09-08 00:00:00-04:00,58.59910947145206,59.486688777640175,58.44027712681003,59.15034484863281,2821300,0.0,0.0
2023-09-11 00:00:00-04:00,59.486685447380005,60.00989658959436,59.084941035440494,59.23442840576172,2188200,0.0,0.0
2023-09-12 00:00:00-04:00,59.35588429756949,60.35558175239012,59.2624560278715,59.78566360473633,3328300,0.0,0.0
2023-09-13 00:00:00-04:00,59.99120365007069,60.20609507543655,59.346540066152684,59.59880065917969,4550200,0.0,0.0
2023-09-14 00:00:00-04:00,60.822737294403424,61.63557830425082,60.477051943552716,61.59820556640625,4939900,0.0,0.0
2023-09-15 00:00:00-04:00,61.07499923022449,61.83177754120879,61.03762649376444,61.33660125732422,7686200,0.0,0.0
2023-09-18 00:00:00-04:00,61.33659896207773,62.01863177461991,60.878795431784454,61.94389343261719,3644800,0.0,0.0
2023-09-19 00:00:00-04:00,62.13075524336917,62.42973002106957,61.57017842619605,61.99995422363281,3331100,0.0,0.0
2023-09-20 00:00:00-04:00,62.28024060459908,62.579215355456746,61.7290016753838,61.747684478759766,4142500,0.0,0.0
2023-09-21 00:00:00-04:00,61.53279625792585,61.542141223080876,60.23412409805291,60.43967056274414,4891400,0.0,0.0
2023-09-22 00:00:00-04:00,60.43967644887701,61.04696380881866,60.10332895173857,60.18741226196289,2492900,0.0,0.0
2023-09-25 00:00:00-04:00,59.9071273529871,60.79470666873077,59.81369194870203,60.776023864746094,2335700,0.0,0.0
2023-09-26 00:00:00-04:00,60.30887505290377,60.776023559500636,58.89808456710748,58.916770935058594,5531000,0.0,0.0
2023-09-27 00:00:00-04:00,59.028884871882845,59.20640001920237,57.973128261678866,58.673851013183594,7114600,0.0,0.0
2023-09-28 00:00:00-04:00,58.552389140091165,59.169028559060585,58.524361371614404,58.76728057861328,3483700,0.0,0.0
2023-09-29 00:00:00-04:00,58.944796513464006,59.43997277154739,58.58976266371321,58.7766227722168,3330500,0.0,0.0
2023-10-02 00:00:00-04:00,58.37487912304294,58.63648115594637,57.16963507592001,57.636783599853516,3259500,0.0,0.0
2023-10-03 00:00:00-04:00,57.07620369192751,57.27240520593212,55.786872838071126,56.30073547363281,3797500,0.0,0.0
2023-10-04 00:00:00-04:00,56.207310567073,56.300738846750754,55.11418472578953,56.057823181152344,3456700,0.0,0.0
2023-10-05 00:00:00-04:00,55.58132899676418,56.47825324361591,55.53461129644179,56.328765869140625,3632300,0.0,0.0
2023-10-06 00:00:00-04:00,55.88964641493185,57.57138030693596,55.656072164262945,57.29109191894531,3938400,0.0,0.0
2023-10-09 00:00:00-04:00,57.02014397945541,57.907726829969505,56.94540207380231,57.832984924316406,3180900,0.0,0.0
2023-10-10 00:00:00-04:00,57.92641548396533,58.73925289685183,57.92641548396533,58.09458923339844,3089900,0.0,0.0
2023-10-11 00:00:00-04:00,58.42158724182026,59.0008539179233,58.001156464857125,58.72056198120117,3143000,0.0,0.0
2023-10-12 00:00:00-04:00,58.95413338448405,59.01019248194507,57.758234484461205,58.37487030029297,2617200,0.0,0.0
2023-10-13 00:00:00-04:00,58.98216894271555,59.43997246391684,57.85166689594683,57.98247146606445,3012900,0.0,0.0
2023-10-16 00:00:00-04:00,58.61779544590735,59.776321731965,58.34684846008121,59.187713623046875,2619900,0.0,0.0
2023-10-17 00:00:00-04:00,58.83268315671895,60.45835793880652,58.83268315671895,59.738948822021484,4090700,0.0,0.0
2023-10-18 00:00:00-04:00,59.271799241900666,59.48668712002589,58.524362369278116,58.935455322265625,2979600,0.0,0.0
2023-10-19 00:00:00-04:00,58.795311290157116,59.12231381895477,57.627440024365114,57.85166931152344,3990600,0.0,0.0
2023-10-20 00:00:00-04:00,57.77692526174155,57.86101213232347,55.80555806792356,56.1699333190918,4589900,0.0,0.0
2023-10-23 00:00:00-04:00,55.99242010294939,56.04847920661961,54.60031598965094,54.64703369140625,8494700,0.0,0.0
2023-10-24 00:00:00-04:00,54.917973250711576,55.41315305479877,54.777830847489156,55.31972122192383,5061800,0.0,0.0
2023-10-25 00:00:00-04:00,55.3944746846487,55.842936855005824,54.85258066792935,55.08615493774414,3735500,0.0,0.0
2023-10-26 00:00:00-04:00,55.09549277242291,56.067158900386424,55.06746144011258,55.68409729003906,3139400,0.0,0.0
2023-10-27 00:00:00-04:00,55.628041947824116,55.81490205295205,54.10513690251254,54.46017074584961,4686900,0.0,0.0
2023-10-30 00:00:00-04:00,55.067464226090635,55.721472842811856,54.63768845889621,55.515926361083984,3133600,0.0,0.0
2023-10-31 00:00:00-04:00,55.68409993153984,56.123220663278495,55.34775600440111,56.067161560058594,2713000,0.0,0.0
2023-11-01 00:00:00-04:00,56.057817531415125,56.37547863998888,55.29169431027726,56.03913116455078,4322600,0.0,0.0
2023-11-02 00:00:00-04:00,56.04847875637885,58.169329815991794,55.310383268921186,56.067161560058594,4566800,0.0,0.0
2023-11-03 00:00:00-04:00,57.094891841183156,58.3001358603525,57.094891841183156,57.70218276977539,4119200,0.0,0.0
2023-11-06 00:00:00-05:00,57.6928397791806,57.702181180998835,55.82424577823548,56.45956802368164,4459500,0.0,0.0
2023-11-07 00:00:00-05:00,56.197965987626,56.562341247454185,55.796217992415386,56.10453414916992,4113300,0.0,0.0
2023-11-08 00:00:00-05:00,56.05740749232359,56.41554257784469,55.50135706816938,55.93488693237305,3597700,0.52,0.0
2023-11-09 00:00:00-05:00,56.30244735655273,56.55690787472462,55.83121831592109,55.89719009399414,2781300,0.0,0.0
2023-11-10 00:00:00-05:00,56.28359566095524,57.065833969682224,56.02913155709693,57.0092887878418,3183800,0.0,0.0
2023-11-13 00:00:00-05:00,56.82080190890359,57.72556085704122,56.79252572007946,56.98101806640625,3473200,0.0,0.0
2023-11-14 00:00:00-05:00,57.69728567156178,59.17694459169104,57.640736891646256,58.818809509277344,3880600,0.0,0.0
2023-11-15 00:00:00-05:00,58.96960760691975,59.28062052975455,58.187369192698256,58.26276397705078,3187600,0.0,0.0
2023-11-16 00:00:00-05:00,58.14966877948722,58.649170450290406,58.06484740187984,58.46067810058594,3748600,0.0,0.0
2023-11-17 00:00:00-05:00,58.90363007328061,59.1957933727133,58.668015552987484,58.95075225830078,4120800,0.0,0.0
2023-11-20 00:00:00-05:00,58.620895704038745,59.35601188618651,58.29103320536783,58.913055419921875,3471500,0.0,0.0
2023-11-21 00:00:00-05:00,58.74341671683369,59.12039781010258,58.564347371977966,58.66801834106445,4447100,0.0,0.0
2023-11-22 00:00:00-05:00,58.77168811439549,59.46910510010928,58.57377277481663,59.346588134765625,2614400,0.0,0.0
2023-11-24 00:00:00-05:00,59.553929667572845,60.27962288014199,59.49738447905613,59.89321517944336,1614400,0.0,0.0
2023-11-27 00:00:00-05:00,59.638748097098166,59.71414647164962,59.19579522978168,59.58220291137695,2903600,0.0,0.0
2023-11-28 00:00:00-05:00,59.544505375760025,59.96861225639499,59.271191653218324,59.55392837524414,2833400,0.0,0.0
2023-11-29 00:00:00-05:00,59.817817146279644,60.36444457352506,59.506804245565725,59.52565383911133,4413000,0.0,0.0
2023-11-30 00:00:00-05:00,59.68587974363028,60.10056005883338,59.39371640632346,59.9686164855957,6240800,0.0,0.0
2023-12-01 00:00:00-05:00,59.742417005977096,60.48695975065245,59.62932304323915,60.09112548828125,4229100,0.0,0.0
2023-12-04 00:00:00-05:00,59.685874233492534,60.85452028444615,59.44083310993644,60.83567428588867,4201800,0.0,0.0
2023-12-05 00:00:00-05:00,60.43983680179687,60.732003709206545,60.18537627251474,60.28904724121094,3112400,0.0,0.0
2023-12-06 00:00:00-05:00,60.5529373138504,61.17496315631921,59.75184930886483,59.883792877197266,3185400,0.0,0.0
2023-12-07 00:00:00-05:00,60.02515267920153,60.2136450106547,59.553923648164705,59.808387756347656,4924100,0.0,0.0
2023-12-08 00:00:00-05:00,59.82724509867281,60.72258109265764,59.723574123185045,60.40214157104492,3317400,0.0,0.0
2023-12-11 00:00:00-05:00,60.57178319004738,61.59906633041161,60.47753881148552,61.2032356262207,3424300,0.0,0.0
2023-12-12 00:00:00-05:00,61.29748693510511,61.63677248859573,61.090144964595744,61.44827651977539,2902100,0.0,0.0
2023-12-13 00:00:00-05:00,61.448268414642016,62.47555153565094,61.222080472278186,62.41900634765625,3961400,0.0,0.0
2023-12-14 00:00:00-05:00,63.14470520601817,63.82327632287298,62.899664038179246,63.05046081542969,4340500,0.0,0.0
2023-12-15 00:00:00-05:00,62.54151916503906,63.2200901374515,62.2210796767845,62.54151916503906,8619500,0.0,0.0
2023-12-18 00:00:00-05:00,62.8619473442121,62.8619473442121,61.231498988799714,61.46711349487305,5875400,0.0,0.0
2023-12-19 00:00:00-05:00,61.655607708375506,62.88080612510244,61.523664148467645,62.579219818115234,4354900,0.0,0.0
2023-12-20 00:00:00-05:00,62.16453041954257,62.720584392875374,61.419987717504746,61.46711349487305,3491700,0.0,0.0
2023-12-21 00:00:00-05:00,61.55193548688041,61.98546534494055,61.37287333944586,61.81582260131836,3018900,0.0,0.0
2023-12-22 00:00:00-05:00,61.881804675424156,62.541522494622406,61.778133705209434,62.07029342651367,2553600,0.0,0.0
2023-12-26 00:00:00-05:00,62.023171339563795,62.484981030907164,61.88180836301519,62.428428649902344,1641700,0.0,0.0
2023-12-27 00:00:00-05:00,62.136270621160506,62.4190109628094,61.84411087440606,62.22108840942383,1702300,0.0,0.0
2023-12-28 00:00:00-05:00,62.03259891206352,62.59807239832261,62.03259891206352,62.475555419921875,1546200,0.0,0.0
2023-12-29 00:00:00-05:00,62.48497615250542,62.65461890150457,62.08913827791752,62.32475280761719,1789000,0.0,0.0
2024-01-02 00:00:00-05:00,62.38130823693217,63.78556888935409,62.3247558575751,63.47455596923828,3913800,0.0,0.0
2024-01-03 00:00:00-05:00,63.050459088062354,63.7196035904102,62.720600134846634,63.2578010559082,3471000,0.0,0.0
2024-01-04 00:00:00-05:00,63.2766360079489,64.41700944158245,63.2766360079489,63.60649490356445,3234400,0.0,0.0
2024-01-05 00:00:00-05:00,63.5970885844305,64.97307682523213,63.474564404861304,64.9542236328125,4089900,0.0,0.0
2024-01-08 00:00:00-05:00,65.0296087904852,65.73645236429482,64.8599660451555,65.51968383789062,4609800,0.0,0.0
2024-01-09 00:00:00-05:00,65.0390459946395,65.27466055767866,64.36047490262496,65.2369613647461,4806100,0.0,0.0
2024-01-10 00:00:00-05:00,65.40659178144367,65.67990548578226,64.93536274438772,65.31234741210938,3268100,0.0,0.0
2024-01-11 00:00:00-05:00,65.1238514830563,65.51968214849103,64.77514659748097,65.31234741210938,3505200,0.0,0.0
2024-01-12 00:00:00-05:00,65.67048806118679,65.96264780403219,64.82227423797458,64.86940002441406,3566100,0.0,0.0
2024-01-16 00:00:00-05:00,64.22853046914182,64.41701924091434,63.59708517427954,64.29450225830078,4068100,0.0,0.0
2024-01-17 00:00:00-05:00,63.87037951299039,64.61492224266019,63.40857707725549,63.53110122680664,3556100,0.0,0.0
2024-01-18 00:00:00-05:00,63.531105359229024,63.97405463597521,63.34260942088347,63.823265075683594,3354500,0.0,0.0
2024-01-19 00:00:00-05:00,64.27564304197035,65.06731162805599,63.84211315522218,64.92594146728516,4441900,0.0,0.0
2024-01-22 00:00:00-05:00,64.9353658003957,66.01919407470875,64.73745045836398,65.50083923339844,4297000,0.0,0.0
2024-01-23 00:00:00-05:00,65.62335855521593,66.0474690379762,65.20868185767144,65.46314239501953,3031100,0.0,0.0
2024-01-24 00:00:00-05:00,65.90610099584177,66.15114213662197,65.60451466502973,65.67048645019531,4346200,0.0,0.0
2024-01-25 00:00:00-05:00,66.21710553787332,66.36789508899486,65.63277895011447,66.3396224975586,3345100,0.0,0.0
2024-01-26 00:00:00-05:00,66.6035144038364,66.80142974853516,66.46214424608446,66.80142974853516,3397300,0.0,0.0
2024-01-29 00:00:00-05:00,66.55639672158198,66.81085725670695,65.877825707402,66.31135559082031,3762100,0.0,0.0
2024-01-30 00:00:00-05:00,66.20768411827426,66.8297099400229,66.03804136601417,66.73545837402344,3672200,0.0,0.0
2024-01-31 00:00:00-05:00,66.75431348705573,66.91452964925587,65.2746544570749,65.3311996459961,6252800,0.0,0.0
2024-02-01 00:00:00-05:00,62.34360714138518,63.41800884131344,61.12783528296427,61.589637756347656,9465700,0.0,0.0
2024-02-02 00:00:00-05:00,61.82524671102847,62.52266365550041,61.03358539952805,62.15510559082031,4792900,0.0,0.0
2024-02-05 00:00:00-05:00,61.58514143291892,62.877071520405615,61.37615167648293,62.51608657836914,5283500,0.52,0.0
2024-02-06 00:00:00-05:00,62.48759362284239,63.09555991231282,62.37360447327284,62.65858459472656,3739300,0.0,0.0
2024-02-07 00:00:00-05:00,62.95306854140154,64.05501201127025,62.71558147436399,63.64653396606445,4684400,0.0,0.0
2024-02-08 00:00:00-05:00,63.45654266741657,63.58953483563182,62.8675721742279,63.40904235839844,3321900,0.0,0.0
2024-02-09 00:00:00-05:00,63.18104398080528,64.28297990031403,63.07654912022322,64.12149047851562,5121300,0.0,0.0
2024-02-12 00:00:00-05:00,64.35898845585291,65.76491493501915,64.2069932699844,65.11894989013672,5088400,0.0,0.0
2024-02-13 00:00:00-05:00,64.51098422606299,65.27093841970111,63.68452670235797,64.4444808959961,5071000,0.0,0.0
2024-02-14 00:00:00-05:00,64.824467818174,65.45143715424723,64.67247986391784,64.92896270751953,3704900,0.0,0.0
2024-02-15 00:00:00-05:00,65.28995423966683,66.45838666864486,65.28995423966683,66.05941009521484,4044400,0.0,0.0
2024-02-16 00:00:00-05:00,65.74591379068299,66.37288307900238,65.29943697885486,65.32793426513672,3575800,0.0,0.0
2024-02-20 00:00:00-05:00,64.75796665697807,65.86940430474672,64.75796665697807,65.1854476928711,3271800,0.0,0.0
2024-02-21 00:00:00-05:00,65.38493840348274,65.56542363884361,64.83396669073308,65.48943328857422,4181200,0.0,0.0
2024-02-22 00:00:00-05:00,65.5559305762511,66.04039896415821,65.29944049086032,65.41343688964844,3137100,0.0,0.0
2024-02-23 00:00:00-05:00,65.50841803323522,66.3823685181715,65.39442165573234,65.85990142822266,4144500,0.0,0.0
2024-02-26 00:00:00-05:00,65.62242268860969,66.02139918890535,64.90046003507743,65.13794708251953,2814300,0.0,0.0
2024-02-27 00:00:00-05:00,65.0904366198452,65.82190067047429,64.67246440987127,65.69841003417969,2604100,0.0,0.0
2024-02-28 00:00:00-05:00,65.64142210492503,66.30639022316949,65.47043113137987,65.8694076538086,2447000,0.0,0.0
2024-02-29 00:00:00-05:00,66.2588987908383,66.61038229676103,65.88841950643393,66.24939727783203,6165600,0.0,0.0
2024-03-01 00:00:00-05:00,66.25889445888032,66.58187340466814,65.77441879266816,66.23989868164062,2817300,0.0,0.0
2024-03-04 00:00:00-05:00,65.87891269923864,66.5533751178639,65.80291509635768,66.410888671875,3228400,0.0,0.0
2024-03-05 00:00:00-05:00,66.02141237661644,67.60782443100685,65.86941715707843,66.94286346435547,3615800,0.0,0.0
2024-03-06 00:00:00-05:00,67.42732702094395,67.84529930431852,66.7908562131953,67.48432159423828,3040100,0.0,0.0
2024-03-07 00:00:00-05:00,67.83579695024594,68.51975349079717,67.7313020799821,67.79779815673828,2576700,0.0,0.0
2024-03-08 00:00:00-05:00,68.71925563939871,68.86174933203073,67.30383472032264,67.37033081054688,3457800,0.0,0.0
2024-03-11 00:00:00-04:00,67.11383822535836,68.14927822971035,66.8288508814386,68.12078094482422,2079200,0.0,0.0
2024-03-12 00:00:00-04:00,68.20627862653382,68.50076022759654,67.80729490384961,68.1017837524414,2357800,0.0,0.0
2024-03-13 00:00:00-04:00,68.25378045521171,69.25122901880205,68.07329521565603,69.0327377319336,3203100,0.0,0.0
2024-03-14 00:00:00-04:00,68.50077306500178,69.02324753337825,67.78831183405046,68.30128479003906,4015000,0.0,0.0
2024-03-15 00:00:00-04:00,67.94980560350189,68.956748554373,67.94980560350189,68.76676177978516,5858600,0.0,0.0
2024-03-18 00:00:00-04:00,68.89974392503576,69.03273609736145,68.5387662069417,68.91874694824219,3341000,0.0,0.0
2024-03-19 00:00:00-04:00,69.06123286476476,69.34622023047726,68.5672629780635,68.77625274658203,3286600,0.0,0.0
2024-03-20 00:00:00-04:00,68.510268142406,69.87818864902678,68.11128438242561,69.68820190429688,2755400,0.0,0.0
2024-03-21 00:00:00-04:00,69.93518693756087,70.30566614433955,69.52670893424984,69.60269927978516,3002600,0.0,0.0
2024-03-22 00:00:00-04:00,69.79269598097575,70.20117400019761,68.96623843114651,68.99473571777344,2724700,0.0,0.0
2024-03-25 00:00:00-04:00,68.88074195952478,69.79269130817748,68.88074195952478,69.44120788574219,2591100,0.0,0.0
2024-03-26 00:00:00-04:00,69.15623978827422,69.70720429932378,69.11824098621382,69.4032211303711,2713200,0.0,0.0
2024-03-27 00:00:00-04:00,69.82120014961541,70.26767701085726,69.61221036371238,70.22017669677734,2526400,0.0,0.0
2024-03-28 00:00:00-04:00,70.40067291259766,70.67615880424859,70.19168311565343,70.40067291259766,2591700,0.0,0.0
2024-04-01 00:00:00-04:00,70.35315462868516,70.45764950047058,69.60269475292125,70.00167846679688,2219400,0.0,0.0
2024-04-02 00:00:00-04:00,69.82121067431738,70.30568641034596,69.51722746196312,69.56472778320312,2354400,0.0,0.0
2024-04-03 00:00:00-04:00,69.44122603784285,70.3246783327131,69.44122603784285,69.88770294189453,2003000,0.0,0.0
2024-04-04 00:00:00-04:00,70.47666909368048,70.9421417472064,69.15624149156469,69.46971893310547,2894500,0.0,0.0
2024-04-05 00:00:00-04:00,69.58371824977125,70.12518853191601,69.19423593843209,69.91619873046875,1830600,0.0,0.0
2024-04-08 00:00:00-04:00,69.97319193913266,70.3056723788625,69.68820456363281,70.0871810913086,2055100,0.0,0.0
2024-04-09 00:00:00-04:00,70.35317045067615,70.45766534596181,68.63376630602562,69.23223114013672,2373300,0.0,0.0
2024-04-10 00:00:00-04:00,68.58625434578286,68.71924650856046,67.7503025729624,68.31077575683594,2585300,0.0,0.0
2024-04-11 00:00:00-04:00,67.99729751794882,68.03529631767675,66.7338646052326,67.42733001708984,4251800,0.0,0.0
2024-04-12 00:00:00-04:00,67.03783434019722,67.75029538557874,66.25887722048124,66.62935638427734,2744600,0.0,0.0
2024-04-15 00:00:00-04:00,67.65531560183719,68.08278941581318,65.78391638759608,65.96440887451172,2722400,0.0,0.0
2024-04-16 00:00:00-04:00,66.08789330655422,66.15438938795896,65.27093730785074,65.47992706298828,3330300,0.0,0.0
2024-04-17 00:00:00-04:00,65.84091535904544,66.1923988445228,65.14745714807476,65.4704360961914,2650900,0.0,0.0
2024-04-18 00:00:00-04:00,65.93590219317089,66.63886176951937,65.85990460450377,66.44886779785156,2823600,0.0,0.0
2024-04-19 00:00:00-04:00,66.70537358370525,67.74081379532444,66.5248810799244,67.55082702636719,3346100,0.0,0.0
2024-04-22 00:00:00-04:00,68.0162792290948,68.80473785346308,67.41781456407772,68.35826110839844,2846000,0.0,0.0
2024-04-23 00:00:00-04:00,68.6147718984662,68.96624814641697,68.42477788163946,68.60527038574219,2106200,0.0,0.0
2024-04-24 00:00:00-04:00,68.28227803845607,69.11823714223226,68.07329551004206,69.08023834228516,2073800,0.0,0.0
2024-04-25 00:00:00-04:00,68.79525472125192,69.11824091466568,67.43682835100353,68.30128479003906,2918500,0.0,0.0
2024-04-26 00:00:00-04:00,67.9688091565895,68.07330405768245,66.61987695544349,66.8953628540039,5650600,0.0,0.0
2024-04-29 00:00:00-04:00,67.08535132565943,68.15879029187703,67.00935372251207,68.11128997802734,3559300,0.0,0.0
2024-04-30 00:00:00-04:00,67.73130573079642,68.19677829317934,67.51281446823265,67.5223159790039,2534500,0.0,0.0
2024-05-01 00:00:00-04:00,67.55081543164849,69.07073106501356,67.49382086025024,68.28227233886719,4192600,0.0,0.0
2024-05-02 00:00:00-04:00,68.77624913632965,69.0042346684142,64.65347029909482,66.72435760498047,6294000,0.0,0.0
2024-05-03 00:00:00-04:00,66.77186477242039,67.21834161895474,65.7269231248573,66.99034881591797,3361200,0.0,0.0
2024-05-06 00:00:00-04:00,67.32063189623284,68.18224554373974,67.16746019444106,68.15352630615234,3153900,0.545,0.0
2024-05-07 00:00:00-04:00,68.49816672787678,68.79494189975803,68.19181604284489,68.22053527832031,3146700,0.0,0.0
2024-05-08 00:00:00-04:00,68.25883962530092,68.90026032103476,68.09608509476007,68.60348510742188,2549500,0.0,0.0
2024-05-09 00:00:00-04:00,68.42158483803011,69.75229645883937,68.42158483803011,69.4459457397461,2774000,0.0,0.0
2024-05-10 00:00:00-04:00,69.64698948910123,69.80016850453971,69.350214276661,69.62784576416016,2294300,0.0,0.0
2024-05-13 00:00:00-04:00,69.72357134217458,70.10651153475199,69.25446613687835,69.32148742675781,1936700,0.0,0.0
2024-05-14 00:00:00-04:00,69.40764919936625,70.23096810522173,69.388505475406,70.18309783935547,2409400,0.0,0.0
2024-05-15 00:00:00-04:00,70.2883965091754,70.65219294808414,69.80972313501216,70.0107650756836,2331900,0.0,0.0
2024-05-16 00:00:00-04:00,70.3650000623062,70.85324904662774,70.23097207507715,70.3362808227539,2846400,0.0,0.0
2024-05-17 00:00:00-04:00,70.61389689310307,71.09257025839584,70.28839520663651,71.05427551269531,2496400,0.0,0.0
2024-05-20 00:00:00-04:00,71.15958755292286,71.27446449140102,69.68527264265113,69.781005859375,3033100,0.0,0.0
2024-05-21 00:00:00-04:00,69.82887450901498,70.26925313896781,69.40763960037484,69.4937973022461,2161800,0.0,0.0
2024-05-22 00:00:00-04:00,69.27362237303892,70.56603922919723,69.26404685891083,69.76187133789062,3185600,0.0,0.0
2024-05-23 00:00:00-04:00,69.46508441474465,69.55124942846417,68.35456587774723,68.59390258789062,3410900,0.0,0.0
2024-05-24 00:00:00-04:00,68.94812125623373,69.60869296151937,68.88110726468138,69.4459457397461,3029300,0.0,0.0
2024-05-28 00:00:00-04:00,69.44595070971735,69.45552622461791,67.36850951894263,67.9524917602539,3464300,0.0,0.0
2024-05-29 00:00:00-04:00,67.35891923357305,67.78015414909547,66.94725983085146,67.43550872802734,1872300,0.0,0.0
2024-05-30 00:00:00-04:00,67.34934161840738,68.19181142315384,67.08128570016115,68.0769271850586,1936800,0.0,0.0
2024-05-31 00:00:00-04:00,68.11523114752005,70.08736335915329,68.01949792147535,69.28319549560547,5145500,0.0,0.0
2024-06-03 00:00:00-04:00,69.31192149807296,69.40765473346151,67.72272203550787,68.37371826171875,3178100,0.0,0.0
2024-06-04 00:00:00-04:00,67.7322853395824,68.39285696143875,66.66005430618861,67.31105041503906,3093100,0.0,0.0
2024-06-05 00:00:00-04:00,67.30148096080252,67.61739984438856,66.47816215296064,67.3302001953125,2317800,0.0,0.0
2024-06-06 00:00:00-04:00,67.33021328129206,67.64613953025624,66.83238877311014,67.05258178710938,1649700,0.0,0.0
2024-06-07 00:00:00-04:00,66.99514268299698,67.69400186531242,66.89940214494604,67.0621566772461,2387100,0.0,0.0
2024-06-10 00:00:00-04:00,66.69835184707878,67.37806721943213,66.267548695467,67.27275848388672,2694200,0.0,0.0
2024-06-11 00:00:00-04:00,66.88024495032046,66.94725893107324,65.74099997354706,66.11436462402344,3044900,0.0,0.0
2024-06-12 00:00:00-04:00,66.58348800641161,66.77495448837125,65.62614098865718,66.07608795166016,3065200,0.0,0.0
2024-06-13 00:00:00-04:00,65.90375310286214,65.90375310286214,65.13788001158439,65.73143768310547,3234400,0.0,0.0
2024-06-14 00:00:00-04:00,65.17617496457657,65.6739921102575,64.73579629232661,65.62612915039062,2302400,0.0,0.0
2024-06-17 00:00:00-04:00,65.84631630238094,66.46859322633658,65.26233412955857,66.42072296142578,2533600,0.0,0.0
2024-06-18 00:00:00-04:00,66.31541060499923,67.09086649119493,65.98034068082902,66.8802490234375,2960400,0.0,0.0
2024-06-20 00:00:00-04:00,66.8706789261468,67.95248558834062,66.61219847913118,67.8280258178711,2875800,0.0,0.0
2024-06-21 00:00:00-04:00,67.83760932407003,68.3545775829841,67.53125857478516,68.23011779785156,8291200,0.0,0.0
2024-06-24 00:00:00-04:00,68.65133806634394,69.40764291388274,68.15352094471125,69.04385375976562,2783000,0.0,0.0
2024-06-25 00:00:00-04:00,68.89067207860805,69.02470004089518,68.18223752023661,68.3641357421875,2431200,0.0,0.0
2024-06-26 00:00:00-04:00,68.01949895067214,68.28755490924401,66.95684332635003,68.14395141601562,2959200,0.0,0.0
2024-06-27 00:00:00-04:00,67.97162104283034,68.2683962058858,67.44507739485172,67.83759307861328,2540900,0.0,0.0
2024-06-28 00:00:00-04:00,67.83759522837248,68.2301036205963,66.95683792018473,67.19617462158203,6497600,0.0,0.0
2024-07-01 00:00:00-04:00,67.72271772278158,68.00034920051259,66.44945189564056,66.89939880371094,3602600,0.0,0.0
2024-07-02 00:00:00-04:00,66.52603803883575,67.25362377172904,66.52603803883575,67.05258178710938,3417400,0.0,0.0
2024-07-03 00:00:00-04:00,67.29191003992763,67.97162541762668,67.04299781722847,67.1674575805664,2244200,0.0,0.0
2024-07-05 00:00:00-04:00,67.04299904849957,67.18660253746245,66.40157840897248,66.53560638427734,2038400,0.0,0.0
2024-07-08 00:00:00-04:00,66.68879199857135,67.23447946754945,66.41116050677863,66.44945526123047,2126000,0.0,0.0
2024-07-09 00:00:00-04:00,66.4685928183202,67.56954316871784,66.30584560498562,66.93769073486328,3458100,0.0,0.0
2024-07-10 00:00:00-04:00,67.22489846635857,68.59390478437555,66.94726699722483,68.565185546875,3937900,0.0,0.0
2024-07-11 00:00:00-04:00,68.8332363197547,69.38849921621664,68.57474859375712,69.35020446777344,3317100,0.0,0.0
2024-07-12 00:00:00-04:00,69.62783660602653,70.63304637271104,69.3502051550442,70.25968170166016,3916700,0.0,0.0
2024-07-15 00:00:00-04:00,70.40328721740094,71.72442322205248,70.27883475811458,71.25532531738281,2359800,0.0,0.0
2024-07-16 00:00:00-04:00,71.37021332890731,72.46158819548573,71.17873956917077,72.43286895751953,2745200,0.0,0.0
2024-07-17 00:00:00-04:00,72.4902930876171,73.61038697049506,72.4902930876171,72.93067169189453,2814300,0.0,0.0
2024-07-18 00:00:00-04:00,72.78707883263478,73.61997321007516,71.9733354821572,72.17437744140625,2121900,0.0,0.0
2024-07-19 00:00:00-04:00,72.50945285208441,72.50945285208441,71.33192024408677,71.59040069580078,2138800,0.0,0.0
2024-07-22 00:00:00-04:00,71.86802214925335,72.11693435601273,71.1691557893438,72.03076934814453,3365600,0.0,0.0
2024-07-23 00:00:00-04:00,71.84889741535828,72.21268665678066,71.74358865789793,71.98292541503906,2071200,0.0,0.0
2024-07-24 00:00:00-04:00,72.06906972115776,72.54774314630251,71.29362110969583,71.34148406982422,2685000,0.0,0.0
2024-07-25 00:00:00-04:00,71.80101015534002,73.4093530749787,71.76271540678,72.10736083984375,4515600,0.0,0.0
2024-07-26 00:00:00-04:00,72.30839245632218,73.14128668450499,71.88715758634805,72.75834655761719,2397100,0.0,0.0
2024-07-29 00:00:00-04:00,72.75835939116826,72.98812058623741,72.03077375214309,72.2796859741211,1946700,0.0,0.0
2024-07-30 00:00:00-04:00,72.74878610384722,73.83059273402249,72.69134762931648,73.47637176513672,2438800,0.0,0.0
2024-07-31 00:00:00-04:00,73.71570889883263,74.19438233324064,73.20831622699647,73.57210540771484,3811000,0.0,0.0
2024-08-01 00:00:00-04:00,75.25703023586276,75.95588928831039,72.09778297067608,72.54773712158203,5391100,0.0,0.0
2024-08-02 00:00:00-04:00,71.35105229767814,71.58081347317285,66.717497521325,67.55038452148438,6766300,0.0,0.0
2024-08-05 00:00:00-04:00,65.97077849456208,66.15266943915991,64.429449398682,65.06129455566406,5620500,0.0,0.0
2024-08-06 00:00:00-04:00,65.4135625221901,66.84189379786723,65.1047351332634,66.2049331665039,4156100,0.545,0.0
2024-08-07 00:00:00-04:00,66.86117633726015,67.74905394822498,66.22422322088067,66.33038330078125,3642300,0.0,0.0
2024-08-08 00:00:00-04:00,66.75502463561732,67.4981452881886,66.62956605409063,67.21826934814453,2496200,0.0,0.0
2024-08-09 00:00:00-04:00,67.21825839250285,67.72975292393156,66.99628531656887,67.6814956665039,2018000,0.0,0.0
2024-08-12 00:00:00-04:00,68.07719739066556,68.50183777438002,67.25687540096497,67.41128540039062,3136000,0.0,0.0
2024-08-13 00:00:00-04:00,67.8745201509208,68.25090321280565,67.42092841915597,67.95172882080078,3790500,0.0,0.0
2024-08-14 00:00:00-04:00,67.94207338163082,68.98436829736089,67.42092592376578,68.69483947753906,3614700,0.0,0.0
2024-08-15 00:00:00-04:00,69.48621704685117,69.93015588330977,69.06157669761923,69.22564697265625,3970600,0.0,0.0
2024-08-16 00:00:00-04:00,69.36076286734081,70.52851653869848,69.2642483360183,70.49956512451172,5904100,0.0,0.0
2024-08-19 00:00:00-04:00,70.3451494720348,70.962804199759,70.28724664225602,70.69258117675781,3879700,0.0,0.0
2024-08-20 00:00:00-04:00,70.47058985755629,70.6250071811195,69.87224113630698,70.18106842041016,2554100,0.0,0.0
2024-08-21 00:00:00-04:00,70.39340264780549,70.50920830063276,69.88190804641908,70.26793670654297,2012900,0.0,0.0
2024-08-22 00:00:00-04:00,70.24863258339306,71.31022603962205,70.24863258339306,71.27162170410156,2772500,0.0,0.0
2024-08-23 00:00:00-04:00,71.71557067973998,72.44903843250923,71.40674331484111,71.74452209472656,2629900,0.0,0.0
2024-08-26 00:00:00-04:00,72.11124808393757,72.69029837984873,71.87962943817791,72.13054656982422,1633900,0.0,0.0
2024-08-27 00:00:00-04:00,72.35252982111243,72.75786434890534,72.02439661073838,72.4007797241211,1781100,0.0,0.0
2024-08-28 00:00:00-04:00,72.39112385961752,73.44306436962395,72.38147093517945,73.10528564453125,2554600,0.0,0.0
2024-08-29 00:00:00-04:00,73.45272260933497,74.18619029620089,72.67100502283513,74.05107879638672,2319600,0.0,0.0
2024-08-30 00:00:00-04:00,74.26339275655016,74.9872075294718,73.83875976329288,74.77489471435547,4644800,0.0,0.0
2024-09-03 00:00:00-04:00,74.2537421398583,75.1030154315877,73.96421330518794,75.04511260986328,3048100,0.0,0.0
2024-09-04 00:00:00-04:00,75.32499377999576,75.78823111218816,74.35990741439953,74.81349182128906,3128800,0.0,0.0
2024-09-05 00:00:00-04:00,75.27672405084377,75.38288412252145,73.54921885893468,73.90630340576172,2946200,0.0,0.0
2024-09-06 00:00:00-04:00,73.66504323650935,74.26339206421054,71.24267442406786,71.49359893798828,4991200,0.0,0.0
2024-09-09 00:00:00-04:00,72.1015983407618,73.02808032770285,71.56115235580226,72.84471893310547,3924000,0.0,0.0
2024-09-10 00:00:00-04:00,72.84472817311064,73.07634685846955,71.24268113873384,72.02439880371094,3087100,0.0,0.0
2024-09-11 00:00:00-04:00,71.99543507954574,72.21740816387408,70.5188542479139,72.13054656982422,2244200,0.0,0.0
2024-09-12 00:00:00-04:00,72.26565540606113,72.92191434746495,71.47428497934096,72.8350601196289,2664900,0.0,0.0
2024-09-13 00:00:00-04:00,73.10528977178508,73.70364594931883,73.06668543487731,73.5299301147461,2235800,0.0,0.0
2024-09-16 00:00:00-04:00,74.18617895340167,74.74592335432416,73.59747578149711,74.6783676147461,2572600,0.0,0.0
2024-09-17 00:00:00-04:00,74.8134912296403,75.79788343805737,74.64942831591232,75.54695892333984,3040500,0.0,0.0
2024-09-18 00:00:00-04:00,75.81718888680805,76.8498310901229,75.46011161391127,76.48310089111328,4774900,0.0,0.0
2024-09-19 00:00:00-04:00,77.44817353189895,78.54837129583353,76.76296316053785,78.25884246826172,4445300,0.0,0.0
2024-09-20 00:00:00-04:00,78.17200137659381,78.21060571762675,77.73771542526725,78.02723693847656,8989800,0.0,0.0
2024-09-23 00:00:00-04:00,78.2685045905909,78.99231938155756,78.25885166506438,78.61593627929688,3272200,0.0,0.0
2024-09-24 00:00:00-04:00,78.6545408602695,78.89581245800039,77.16830693468425,77.64119720458984,4957400,0.0,0.0
2024-09-25 00:00:00-04:00,77.93071157854672,78.48081042458023,77.72804435769473,77.92105865478516,2560300,0.0,0.0
2024-09-26 00:00:00-04:00,78.3264079776768,79.1081255278567,78.3167550529887,78.6931381225586,2150600,0.0,0.0
2024-09-27 00:00:00-04:00,79.18533910706772,80.09251528232122,78.91510874022184,79.60032653808594,3296700,0.0,0.0
2024-09-30 00:00:00-04:00,79.59067361279958,79.83194520378635,78.80895601417032,79.60032653808594,2587700,0.0,0.0
2024-10-01 00:00:00-04:00,79.28184350402029,79.47485782486389,77.88246390731885,78.92475891113281,2380500,0.0,0.0
2024-10-02 00:00:00-04:00,79.07917451416701,79.99600356249039,78.82825001218487,78.93441009521484,1879100,0.0,0.0
2024-10-03 00:00:00-04:00,78.71243406171246,78.95370562993794,77.65084063412515,78.42291259765625,2082800,0.0,0.0
2024-10-04 00:00:00-04:00,79.9960145974837,81.31818567386394,79.78369440213538,81.10586547851562,4905700,0.0,0.0
2024-10-07 00:00:00-04:00,81.01899428853726,81.0575986252193,79.86089364017349,80.10216522216797,3624300,0.0,0.0
2024-10-08 00:00:00-04:00,80.57505799876532,80.83563543881931,79.8512432299869,80.37239074707031,2572500,0.0,0.0
2024-10-09 00:00:00-04:00,80.39169676914555,82.09989638737831,80.04426509034828,81.5884017944336,4216400,0.0,0.0
2024-10-10 00:00:00-04:00,81.74281276718473,81.98408436019652,80.9128378981822,81.09620666503906,3128700,0.0,0.0
2024-10-11 00:00:00-04:00,81.54979685432693,82.96847497177015,81.54979685432693,82.5245361328125,2587100,0.0,0.0
2024-10-14 00:00:00-04:00,82.58244026695911,82.96847628700581,82.21571009757832,82.8816146850586,1459900,0.0,0.0
2024-10-15 00:00:00-04:00,83.0939292311912,83.91425111628935,82.54383033289957,82.66929626464844,2446300,0.0,0.0
2024-10-16 00:00:00-04:00,82.85265307838998,83.3158977180561,81.93582408622679,82.20604705810547,2828600,0.0,0.0
2024-10-17 00:00:00-04:00,82.85265980062877,83.02637563422,82.32186673795091,82.69824981689453,1969400,0.0,0.0
2024-10-18 00:00:00-04:00,82.8816096124274,82.95881828431624,81.96478056357606,82.3411636352539,2359300,0.0,0.0
2024-10-21 00:00:00-04:00,82.35081966900992,82.54383399299473,81.69456065922724,81.87792205810547,2592300,0.0,0.0
2024-10-22 00:00:00-04:00,81.7621176180383,82.08059788404505,81.04795577310391,81.79106903076172,1904900,0.0,0.0
2024-10-23 00:00:00-04:00,81.46293358096273,81.655947885005,80.77771586665804,81.19270324707031,1687600,0.0,0.0
2024-10-24 00:00:00-04:00,81.31818094435847,81.54014668984009,80.89354057835915,81.41468811035156,1679900,0.0,0.0
2024-10-25 00:00:00-04:00,81.58839523260671,81.59804815708158,79.1660266010984,79.51345825195312,3114400,0.0,0.0
2024-10-28 00:00:00-04:00,80.3048236174,80.74876239578218,80.07320498585791,80.18901062011719,2698400,0.0,0.0
2024-10-29 00:00:00-04:00,79.84158794129795,80.71981259165565,79.74507342679878,79.93809509277344,3121000,0.0,0.0
2024-10-30 00:00:00-04:00,80.15042033766093,81.01899211916462,79.91879432377073,80.27587890625,2737700,0.0,0.0
2024-10-31 00:00:00-04:00,73.89666709111056,76.40589031750831,73.42377680563783,75.68207550048828,7360300,0.0,0.0
2024-11-01 00:00:00-04:00,75.71100991016958,76.93667351499656,75.50834269048664,75.69171142578125,2661000,0.0,0.0
2024-11-04 00:00:00-05:00,75.93298982469165,76.13565706265057,75.3249881108149,75.81717681884766,2427400,0.0,0.0
2024-11-05 00:00:00-05:00,75.95810750555958,76.65781769043058,75.25838990622667,75.9483871459961,3020600,0.545,0.0
2024-11-06 00:00:00-05:00,79.6899159291127,81.54611143225652,79.13597412715951,80.90470123291016,9211500,0.0,0.0
2024-11-07 00:00:00-05:00,80.05920526928209,80.93385214115992,78.6792109905753,78.73751831054688,4769500,0.0,0.0
2024-11-08 00:00:00-05:00,79.17484545371622,79.26230643367357,78.0183675112077,78.73751831054688,3642800,0.0,0.0
2024-11-11 00:00:00-05:00,79.27202983341984,80.80752024358068,79.27202983341984,79.46639251708984,3988500,0.0,0.0
2024-11-12 00:00:00-05:00,79.49555198427481,80.24385645717162,79.40808358827022,79.88427734375,2449800,0.0,0.0
2024-11-13 00:00:00-05:00,79.79681898481684,80.52569017947943,79.64132290434743,79.7093505859375,2366600,0.0,0.0
2024-11-14 00:00:00-05:00,80.22443091589656,81.12823155158591,79.97175347622489,80.27301788330078,2737400,0.0,0.0
2024-11-15 00:00:00-05:00,80.1078054572462,81.44892581511425,80.1078054572462,80.98245239257812,4393100,0.0,0.0
2024-11-18 00:00:00-05:00,80.99216308196455,81.42949024468501,80.70061905461206,81.02132415771484,1883400,0.0,0.0
2024-11-19 00:00:00-05:00,79.9911926400765,80.67147696372521,79.29147501093486,80.30217742919922,2402800,0.0,0.0
2024-11-20 00:00:00-05:00,80.77837276264412,80.90470777524911,79.89400543102411,80.27301788330078,2513400,0.0,0.0
2024-11-21 00:00:00-05:00,80.81724408072436,83.02329103462452,80.66174799552644,82.79005432128906,3678100,0.0,0.0
2024-11-22 00:00:00-05:00,82.69286187929202,84.34497434589085,82.40131785421772,84.15060424804688,3270100,0.0,0.0
2024-11-25 00:00:00-05:00,84.45187905303047,85.17102990450606,84.1894812652136,84.87947845458984,4118700,0.0,0.0
2024-11-26 00:00:00-05:00,84.57821316245924,85.40426570917121,83.92709000094777,85.28765106201172,3073400,0.0,0.0
2024-11-27 00:00:00-05:00,85.39455526681398,86.5413129557354,85.27793320177635,85.76384735107422,2997900,0.0,0.0
2024-11-29 00:00:00-05:00,85.73468729549823,86.1817273897827,85.49173023896574,85.7444076538086,1649500,0.0,0.0
2024-12-02 00:00:00-05:00,86.06510580750101,86.09425946813174,84.30609908114442,84.43243408203125,3358500,0.0,0.0
2024-12-03 00:00:00-05:00,84.70455748857805,84.89892018119097,82.95526359721583,83.30512237548828,3680500,0.0,0.0
2024-12-04 00:00:00-05:00,83.11074866015433,83.43145376205754,82.25554246954025,82.97469329833984,2319400,0.0,0.0
2024-12-05 00:00:00-05:00,83.1690577999985,83.92708259751294,82.80947870256651,83.46060180664062,3165000,0.0,0.0
2024-12-06 00:00:00-05:00,83.55780549542487,84.06315297929552,82.63456410651267,82.8192138671875,1844100,0.0,0.0
2024-12-09 00:00:00-05:00,83.03300938150804,83.17877768977203,79.57329571430436,79.96202850341797,4885100,0.0,0.0
2024-12-10 00:00:00-05:00,79.9620287553737,80.15639885777357,78.23217562355181,79.43724060058594,3914300,0.0,0.0
2024-12-11 00:00:00-05:00,79.73851672405301,79.73851672405301,77.71711203638966,78.06697082519531,4444500,0.0,0.0
2024-12-12 00:00:00-05:00,80.17583178001235,82.29441769211113,79.72879166830762,80.87554931640625,6721800,0.0,0.0
2024-12-13 00:00:00-05:00,80.93385439390497,81.06019680997449,80.08836857294017,80.65202331542969,4426900,0.0,0.0
2024-12-16 00:00:00-05:00,80.23413586953377,80.62286864235891,79.61216639879792,80.40906524658203,3327400,0.0,0.0
2024-12-17 00:00:00-05:00,79.68991548978366,79.93287254920372,78.62090591122755,78.96104431152344,3041800,0.0,0.0
2024-12-18 00:00:00-05:00,78.80555122991974,79.49555582962526,76.50232296432777,76.57035064697266,4356200,0.0,0.0
2024-12-19 00:00:00-05:00,77.27977455473716,78.34879149735715,76.80358081677234,77.85315704345703,5072500,0.0,0.0
2024-12-20 00:00:00-05:00,77.61019751705551,80.0008939029625,77.2409054851458,79.06793975830078,8296400,0.0,0.0
2024-12-23 00:00:00-05:00,78.9221821218035,79.49556472349803,78.58204367052478,79.40809631347656,2276900,0.0,0.0
2024-12-24 00:00:00-05:00,79.40808842232235,80.1175263340282,79.1554109917127,79.93287658691406,1075900,0.0,0.0
2024-12-26 00:00:00-05:00,79.34978306554315,80.52569443196217,79.21372769517808,80.41879272460938,1503400,0.0,0.0
2024-12-27 00:00:00-05:00,79.66076585293202,80.78808281006643,79.66076585293202,79.93287658691406,1618000,0.0,0.0
2024-12-30 00:00:00-05:00,78.98048571900736,79.7871050185291,78.58203995618909,79.21372985839844,1884300,0.0,0.0
2024-12-31 00:00:00-05:00,79.45668856504156,79.94260274366799,79.31091282856124,79.57330322265625,1795200,0.0,0.0
2025-01-02 00:00:00-05:00,79.93288049856574,80.48682235255482,79.10682789727838,79.47611999511719,2129600,0.0,0.0
2025-01-03 00:00:00-05:00,79.8551307994734,80.35076531577167,79.16513358611702,79.89400482177734,2513200,0.0,0.0
2025-01-06 00:00:00-05:00,80.24386085178736,81.64329594881426,79.57329696538507,79.6801986694336,3323600,0.0,0.0
2025-01-07 00:00:00-05:00,80.17583228112582,80.84639616010467,79.42752777553162,79.82597351074219,2745000,0.0,0.0
2025-01-08 00:00:00-05:00,79.66076386599079,80.67146614875851,78.58203390142432,80.48681640625,4071300,0.0,0.0
2025-01-10 00:00:00-05:00,79.96202989255957,80.05921123791094,77.80456991923677,77.98921966552734,3814600,0.0,0.0
2025-01-13 00:00:00-05:00,77.78513365106745,79.73851050035842,77.49358221166483,79.60245513916016,3616500,0.0,0.0
2025-01-14 00:00:00-05:00,79.68992095390455,81.56554987781271,79.58301924727287,81.46836853027344,3971500,0.0,0.0
2025-01-15 00:00:00-05:00,82.74145945358245,83.25652725745857,82.43047469948019,82.5373764038086,4415600,0.0,0.0
2025-01-16 00:00:00-05:00,82.44019369396463,83.54807732552214,82.11948858628713,83.47032928466797,3680500,0.0,0.0
2025-01-17 00:00:00-05:00,83.84934433506095,84.92807433861107,83.4508985885438,84.33525848388672,5173300,0.0,0.0
2025-01-21 00:00:00-05:00,84.61708381864052,85.60834535239027,84.32553238341124,84.43243408203125,3107800,0.0,0.0
2025-01-22 00:00:00-05:00,84.3449760679599,84.3449760679599,83.20793877658693,83.343994140625,3624900,0.0,0.0
2025-01-23 00:00:00-05:00,83.21764814829388,84.74341816332905,83.1593408274839,84.3158187866211,3399800,0.0,0.0
2025-01-24 00:00:00-05:00,84.46159789401611,85.17102837388887,83.44117525210886,83.60638427734375,3620900,0.0,0.0
2025-01-27 00:00:00-05:00,83.81046770287124,84.57821292383743,83.45089598919554,84.51018524169922,4120900,0.0,0.0
2025-01-28 00:00:00-05:00,84.50046156977488,85.46257685517016,83.22736896205066,83.26624298095703,3587800,0.0,0.0
2025-01-29 00:00:00-05:00,83.27596957010556,85.17103179320041,83.02329213553907,84.19920349121094,3980000,0.0,0.0
2025-01-30 00:00:00-05:00,84.77258841429861,85.09328612792788,84.14089851745742,84.54906463623047,2224000,0.0,0.0
2025-01-31 00:00:00-05:00,84.1603293352661,85.0446966476086,83.80075760935844,84.07286834716797,2992800,0.0,0.0
2025-02-03 00:00:00-05:00,82.31385871361911,83.3440018118897,81.0990732697082,83.08160400390625,3240500,0.0,0.0
2025-02-04 00:00:00-05:00,82.98868131507749,84.04499162019121,82.72460746981498,82.77350616455078,3079900,0.545,0.0
2025-02-05 00:00:00-05:00,82.79307052855353,83.15494922058356,81.96171810860636,83.13539123535156,5320100,0.0,0.0
2025-02-06 00:00:00-05:00,81.43356208876341,82.6072352029091,79.4089711165415,81.83456420898438,8419200,0.0,0.0
2025-02-07 00:00:00-05:00,82.0008318114887,82.85174965516906,81.08145729037354,82.0790786743164,4184800,0.0,0.0
2025-02-10 00:00:00-05:00,81.92259841230945,82.30404256899955,80.5924314949171,81.25751495361328,3656600,0.0,0.0
2025-02-11 00:00:00-05:00,80.95430840623756,81.76610285995369,80.65111112483861,81.34553527832031,2206800,0.0,0.0
2025-02-12 00:00:00-05:00,80.78804624493354,81.27707801089807,79.95669373520035,80.91519927978516,2590400,0.0,0.0
2025-02-13 00:00:00-05:00,81.0032109002918,81.20860331988958,79.60457993271798,80.53373718261719,2884500,0.0,0.0
2025-02-14 00:00:00-05:00,80.7391434377692,81.68785874736498,79.80997865249043,79.90778350830078,4290200,0.0,0.0
2025-02-18 00:00:00-05:00,80.27945204132122,80.63155549025939,79.4969982743404,80.62177276611328,4089700,0.0,0.0
2025-02-19 00:00:00-05:00,80.23053960772253,81.50202501411437,80.20119889961114,81.24772644042969,2818600,0.0,0.0
2025-02-20 00:00:00-05:00,81.03255247744696,81.24772762277054,80.02514835346075,80.92496490478516,2774400,0.0,0.0
2025-02-21 00:00:00-05:00,80.94452872834891,81.22816800858371,78.87103164285568,79.23291778564453,3282800,0.0,0.0
2025-02-24 00:00:00-05:00,79.83931266921337,80.54351951125788,79.3698464158714,79.42852783203125,3079100,0.0,0.0
2025-02-25 00:00:00-05:00,79.99581030555053,80.76848132489685,79.50677858156162,80.39681243896484,3255700,0.0,0.0
2025-02-26 00:00:00-05:00,80.7097894114361,81.6487368528051,80.46527355862851,80.72935485839844,2405100,0.0,0.0
2025-02-27 00:00:00-05:00,81.17926816272386,83.15495309254663,81.17926816272386,82.20623779296875,3057800,0.0,0.0
2025-02-28 00:00:00-05:00,82.92999746141952,84.3188457132691,82.4800891880893,84.28950500488281,4838800,0.0,0.0
2025-03-03 00:00:00-05:00,84.83721704162797,85.47295974264792,83.01801852463254,83.82003021240234,3117100,0.0,0.0
2025-03-04 00:00:00-05:00,82.62680202816688,82.83219445346671,79.36984900834427,79.7708511352539,4372600,0.0,0.0
2025-03-05 00:00:00-05:00,79.69261850313768,81.64874553357075,79.63392961804263,81.23795318603516,3145000,0.0,0.0
2025-03-06 00:00:00-05:00,80.23053977208137,81.2183858987008,79.35028121677848,80.41637420654297,3043100,0.0,0.0
2025-03-07 00:00:00-05:00,79.99580857700577,80.8173782737794,78.94928100876407,80.44571685791016,3131900,0.0,0.0
2025-03-10 00:00:00-04:00,78.01034040262132,78.72432251987999,76.40631699213986,77.44306182861328,4364800,0.0,0.0
2025-03-11 00:00:00-04:00,76.95403044144709,77.80494830602431,76.2889470151415,76.72907257080078,3802800,0.0,0.0
2025-03-12 00:00:00-04:00,77.38438041131303,78.04946383483205,76.48455639452962,77.44306182861328,3223700,0.0,0.0
2025-03-13 00:00:00-04:00,77.69736499737432,78.15705602546961,75.94663047817609,75.99552917480469,4207600,0.0,0.0
2025-03-14 00:00:00-04:00,76.69972851700183,78.86124769271893,76.15201541170704,78.64608001708984,2818600,0.0,0.0
2025-03-17 00:00:00-04:00,78.39179435453995,80.74892360962599,78.18640190624029,80.35770416259766,2744800,0.0,0.0
2025-03-18 00:00:00-04:00,80.50439122386844,81.12057590450557,79.73172028890026,79.84909057617188,2963400,0.0,0.0
2025-03-19 00:00:00-04:00,80.12295374955374,81.6682957473981,79.7806330442165,81.19882202148438,2677600,0.0,0.0
2025-03-20 00:00:00-04:00,80.44571974555896,81.85413351862022,80.3772556017036,80.90541076660156,2328200,0.0,0.0
2025-03-21 00:00:00-04:00,80.26966728279872,81.00321487248996,79.59480111243256,80.55330657958984,5702000,0.0,0.0
2025-03-24 00:00:00-04:00,81.59983406414395,82.62680367312005,81.37487618698555,82.33338165283203,2971900,0.0,0.0
2025-03-25 00:00:00-04:00,82.62681041075615,83.13540016375775,81.47269514529562,81.90303802490234,3217500,0.0,0.0
2025-03-26 00:00:00-04:00,82.41162226351315,83.12560435022924,81.69763271476567,82.08885955810547,2998400,0.0,0.0
2025-03-27 00:00:00-04:00,82.06930746408514,82.23557645927771,81.0129971498642,81.2281723022461,3022400,0.0,0.0
2025-03-28 00:00:00-04:00,80.70978825792946,81.15970398725305,76.738853252937,77.4919662475586,6414600,0.0,0.0
2025-03-31 00:00:00-04:00,76.66061222822711,78.93950190825646,76.30850878144008,78.52871704101562,5392300,0.0,0.0
2025-04-01 00:00:00-04:00,78.48958220136412,79.72194408604393,77.7071285528621,79.37962341308594,3249800,0.0,0.0
2025-04-02 00:00:00-04:00,78.04946488080009,80.91519103586336,78.04946488080009,80.68045043945312,3205700,0.0,0.0
2025-04-03 00:00:00-04:00,76.66060709834905,77.51152494814906,74.0883030261488,74.24479675292969,6198900,0.0,0.0
2025-04-04 00:00:00-04:00,71.25192666668697,71.79964731765828,66.41051517809555,67.55484771728516,8886800,0.0,0.0
2025-04-07 00:00:00-04:00,65.71608586425764,69.7652679669874,63.77951694198029,67.81891632080078,9179800,0.0,0.0
2025-04-08 00:00:00-04:00,70.89982383398053,71.73117634950404,65.84323712957635,66.91910552978516,6038700,0.0,0.0
2025-04-09 00:00:00-04:00,66.40072784393858,74.28391696048755,65.3639829619795,73.58949279785156,7865800,0.0,0.0
2025-04-10 00:00:00-04:00,71.56490298384075,72.08327543390367,67.7798020949493,69.55009460449219,5153300,0.0,0.0
2025-04-11 00:00:00-04:00,69.18820713897122,70.068465746242,67.45703809636537,69.83373260498047,3904700,0.0,0.0
2025-04-14 00:00:00-04:00,71.43775340435906,72.23976511378183,70.6357416949363,71.34972381591797,2891700,0.0,0.0
2025-04-15 00:00:00-04:00,71.41819516805715,72.32779454295255,70.96828684290914,71.11499786376953,2353000,0.0,0.0
2025-04-16 00:00:00-04:00,70.79223498219334,71.68227636831209,69.59900375436804,70.12715148925781,4293700,0.0,0.0
2025-04-17 00:00:00-04:00,70.71398786946317,71.84853755028823,70.33254373468277,70.95850372314453,2739200,0.0,0.0
2025-04-21 00:00:00-04:00,70.21518246798564,70.69443151346182,68.09278637598706,68.85567474365234,3396200,0.0,0.0
2025-04-22 00:00:00-04:00,70.54771614337832,71.67249063806074,69.56965266313834,71.48665618896484,3847100,0.0,0.0
2025-04-23 00:00:00-04:00,73.11024943003056,75.25221096506183,72.38648450163083,72.61143493652344,3673900,0.0,0.0
2025-04-24 00:00:00-04:00,72.61143435886113,74.52843798171641,72.14196804332201,74.1958999633789,2091600,0.0,0.0
2025-04-25 00:00:00-04:00,73.64818358888152,73.90247472295216,72.75814223353763,73.54059600830078,3030300,0.0,0.0
2025-04-28 00:00:00-04:00,74.00029043856163,75.04681811968331,73.85357941630424,74.2741470336914,4129500,0.0,0.0
2025-04-29 00:00:00-04:00,73.92203685655217,74.92944100951294,73.60905685308832,74.74360656738281,2510800,0.0,0.0
2025-04-30 00:00:00-04:00,72.93419054893823,73.86334783373857,71.63336438059224,73.71664428710938,3667000,0.0,0.0
2025-05-01 00:00:00-04:00,74.68492569608074,75.55540157028392,73.1298009291348,74.10786437988281,3267100,0.0,0.0
2025-05-02 00:00:00-04:00,75.37934643569457,76.4356567055352,74.60667544916477,76.10311126708984,3359000,0.0,0.0
2025-05-05 00:00:00-04:00,75.26198302898287,76.44544642567776,75.26198302898287,75.71189880371094,2836800,0.0,0.0
2025-05-06 00:00:00-04:00,75.16801140510964,76.22227472007626,74.83300784259859,75.29609680175781,2905000,0.568,0.0
2025-05-07 00:00:00-04:00,75.82815484138318,76.49815443918021,74.80344913197656,75.61138916015625,3665300,0.0,0.0
2025-05-08 00:00:00-04:00,76.45874572219188,77.76918739500418,75.91683900861291,76.44889068603516,4083100,0.0,0.0
2025-05-09 00:00:00-04:00,76.91198115577514,77.38492517701307,76.54742749998628,76.70507049560547,2371400,0.0,0.0
2025-05-12 00:00:00-04:00,79.05991416485195,79.85800666660106,78.92197373584635,79.45403289794922,3536100,0.0,0.0
2025-05-13 00:00:00-04:00,79.39491313356896,80.65608699288977,79.39491313356896,79.96638488769531,2518200,0.0,0.0
2025-05-14 00:00:00-04:00,79.95654148366174,80.13389455325188,78.56727451900727,78.77418518066406,2561300,0.0,0.0
2025-05-15 00:00:00-04:00,78.33079954178118,79.37520779683759,77.94653584351741,79.27667999267578,2512000,0.0,0.0
2025-05-16 00:00:00-04:00,79.30623941842286,79.88756625565959,78.7840352788038,79.64124298095703,2976500,0.0,0.0
2025-05-19 00:00:00-04:00,79.11903966164836,79.90726963855509,78.82344872206467,79.68065643310547,1999500,0.0,0.0
2025-05-20 00:00:00-04:00,79.50330383999406,79.8974150721685,78.93183202927527,79.14859771728516,2251200,0.0,0.0
2025-05-21 00:00:00-04:00,78.6855148788711,79.04022102920575,76.70507345903438,76.75434112548828,2987800,0.0,0.0
2025-05-22 00:00:00-04:00,76.99080453450583,77.19771518962929,75.90698359553956,76.51786804199219,2410200,0.0,0.0
2025-05-23 00:00:00-04:00,74.83300675817613,76.37991660009726,74.82315923970805,76.07447814941406,2958700,0.0,0.0
2025-05-27 00:00:00-04:00,77.09917894468568,77.92682147462702,76.46859201220013,77.86770629882812,3300600,0.0,0.0
2025-05-28 00:00:00-04:00,77.85786068103775,78.21256681311274,76.65580936366152,76.84300994873047,2661700,0.0,0.0
2025-05-29 00:00:00-04:00,77.46374234395932,77.86770858576475,76.71491752069416,77.70021057128906,2391400,0.0,0.0
2025-05-30 00:00:00-04:00,77.47359180849274,77.87756557763679,76.9021275378545,77.42433166503906,4359400,0.0,0.0
2025-06-02 00:00:00-04:00,76.9809434803024,77.52285766601562,76.20256106681862,77.52285766601562,1989500,0.0,0.0
2025-06-03 00:00:00-04:00,77.4637478347786,78.44904095521348,76.6163951498294,78.15345001220703,3195800,0.0,0.0
2025-06-04 00:00:00-04:00,78.41947499362476,78.90227402975971,77.64110005208038,77.65094757080078,2235500,0.0,0.0
2025-06-05 00:00:00-04:00,77.74948354399177,77.91698156991404,76.87256575322066,77.40462493896484,1906100,0.0,0.0
2025-06-06 00:00:00-04:00,78.52785773209577,78.95153406939262,78.05492124969315,78.75447845458984,1943000,0.0,0.0
2025-06-09 00:00:00-04:00,78.97124744044062,78.97124744044062,78.00565684631098,78.44904327392578,1937900,0.0,0.0
2025-06-10 00:00:00-04:00,78.34065080793599,78.5180038537696,77.76917904722886,78.26182556152344,2199500,0.0,0.0
2025-06-11 00:00:00-04:00,78.28153285369388,78.57712378704137,77.42433267792755,77.74948120117188,2418800,0.0,0.0
2025-06-12 00:00:00-04:00,76.93168765696372,77.83815551196484,76.56712650090921,77.82830047607422,2264300,0.0,0.0
2025-06-13 00:00:00-04:00,76.82330201326131,77.39477379904767,75.92668170964589,76.21241760253906,3450700,0.0,0.0
2025-06-16 00:00:00-04:00,76.80359995029269,77.47359960968299,76.5375741007245,77.24698638916016,3220100,0.0,0.0
2025-06-17 00:00:00-04:00,77.00066144852796,77.5819808008346,76.26169158341193,76.70507049560547,2350800,0.0,0.0
2025-06-18 00:00:00-04:00,76.78389853651525,78.09434028230208,76.76419598029469,77.39478302001953,2298500,0.0,0.0
2025-06-20 00:00:00-04:00,77.9760966160485,78.4785982101324,77.47359502196458,78.0450668334961,6575400,0.0,0.0
2025-06-23 00:00:00-04:00,77.64110520004691,78.54757311695823,76.59668932281481,78.45889282226562,2383900,0.0,0.0
2025-06-24 00:00:00-04:00,78.80374257651305,79.36535932237837,78.4391814365975,78.48844909667969,3174400,0.0,0.0
2025-06-25 00:00:00-04:00,78.52785249002052,78.68550298509078,77.47358923510359,77.946533203125,3232300,0.0,0.0
2025-06-26 00:00:00-04:00,78.15344775154114,78.90227260622433,77.91697951429002,78.7840347290039,3337300,0.0,0.0
2025-06-27 00:00:00-04:00,79.06977328823476,79.67080269591305,78.5869817617553,79.1880111694336,3643600,0.0,0.0
2025-06-30 00:00:00-04:00,79.12888370192373,79.35550441460116,78.8135902215831,79.23726654052734,2901600,0.0,0.0
2025-07-01 00:00:00-04:00,79.17815539614269,80.49844456321493,79.05991751604476,79.89741516113281,2681600,0.0,0.0
2025-07-02 00:00:00-04:00,79.88756771128912,80.04521070103249,77.99580673122928,78.97124481201172,3096800,0.0,0.0
2025-07-03 00:00:00-04:00,79.28653701686824,80.0747669871222,78.84315061123495,79.4638900756836,1617800,0.0,0.0
2025-07-07 00:00:00-04:00,79.2175616369513,79.7594682967053,77.80859229408806,78.0155029296875,2495600,0.0,0.0
2025-07-08 00:00:00-04:00,78.32094356271392,79.25697648394913,77.89726724445134,78.48844909667969,2866000,0.0,0.0
2025-07-09 00:00:00-04:00,78.76433541609957,78.87271826204777,76.99080477075623,77.0893325805664,2648300,0.0,0.0
2025-07-10 00:00:00-04:00,77.12874219795016,77.5327159747537,76.71492090258293,77.21742248535156,2789000,0.0,0.0
2025-07-11 00:00:00-04:00,76.54742634573664,76.961247659836,76.07448233163016,76.5572738647461,2331800,0.0,0.0
2025-07-14 00:00:00-04:00,76.30110715943633,76.9316942006556,76.13360160380739,76.75434112548828,2125200,0.0,0.0
2025-07-15 00:00:00-04:00,76.36021664637602,76.85286320538489,75.04977499528681,75.08918762207031,2659400,0.0,0.0
2025-07-16 00:00:00-04:00,75.4241950470833,75.67051833918065,74.1827235500994,75.4636001586914,2776000,0.0,0.0
2025-07-17 00:00:00-04:00,75.09904254512915,76.37007156752347,75.09904254512915,76.19271850585938,2759800,0.0,0.0
2025-07-18 00:00:00-04:00,76.23212363826968,76.39962164748864,75.69020947057399,76.0153579711914,2065500,0.0,0.0
2025-07-21 00:00:00-04:00,76.36021141408571,76.49815183978116,75.13845013627336,75.2074203491211,1885000,0.0,0.0
2025-07-22 00:00:00-04:00,75.29609800736903,76.46859921914667,75.04977472873944,76.37007141113281,2963100,0.0,0.0
2025-07-23 00:00:00-04:00,77.00065631439159,77.34550739168088,76.40948196515426,77.28639221191406,2682400,0.0,0.0
2025-07-24 00:00:00-04:00,77.17800948765837,77.37506509863907,76.56712506611466,76.64595031738281,2233800,0.0,0.0
2025-07-25 00:00:00-04:00,76.85286319842565,77.51300778331218,76.25183379511405,77.40462493896484,2227600,0.0,0.0
2025-07-28 00:00:00-04:00,77.256837889086,77.39477832583498,76.17300943292973,76.51786804199219,2275700,0.0,0.0
2025-07-29 00:00:00-04:00,77.17800914731951,77.81845115596715,76.36021408269545,76.53756713867188,3824900,0.0,0.0
2025-07-30 00:00:00-04:00,75.71978030547001,76.31095471726086,73.1777220658598,73.69007873535156,4965300,0.0,0.0
2025-07-31 00:00:00-04:00,73.65065910136076,75.4143346494628,73.5619863307607,74.8330078125,5251200,0.0,0.0
2025-08-01 00:00:00-04:00,73.36492583936113,73.86742744240328,71.93625380225293,72.92154693603516,4383200,0.0,0.0
2025-08-04 00:00:00-04:00,73.32551077841067,73.81815732895176,72.8525742995175,73.72948455810547,3797100,0.0,0.0
2025-08-05 00:00:00-04:00,74.28348382320594,74.88911026875552,73.61829004684364,74.35298156738281,4334800,0.568,0.0
2025-08-06 00:00:00-04:00,74.54161608737404,75.66351032538442,74.31326204484311,75.4053726196289,4475300,0.0,0.0
2025-08-07 00:00:00-04:00,71.5829820206806,74.40262081723071,71.5829820206806,73.2906494140625,5631300,0.0,0.0
2025-08-08 00:00:00-04:00,73.65800441472446,76.0904330451482,73.65800441472446,75.72308349609375,4351700,0.0,0.0
2025-08-11 00:00:00-04:00,75.81243679009431,76.50741418621386,74.45225808661974,74.76004028320312,4414700,0.0,0.0
2025-08-12 00:00:00-04:00,75.23659601818935,76.33863704281629,75.07774728406706,76.01100158691406,4008300,0.0,0.0
2025-08-13 00:00:00-04:00,76.18971050457213,77.19247011508196,76.16985725348138,76.80526733398438,3158900,0.0,0.0
2025-08-14 00:00:00-04:00,76.3584997619144,77.41089632245945,75.93158288976551,77.36125183105469,2314300,0.0,0.0
2025-08-15 00:00:00-04:00,77.76831135605858,77.76831135605858,76.62655628604865,76.77548217773438,2660700,0.0,0.0
2025-08-18 00:00:00-04:00,76.34856799052874,77.29175271295368,76.03086294537326,77.18254089355469,2721800,0.0,0.0
2025-08-19 00:00:00-04:00,77.19247202070791,78.50300629093378,77.0336157093177,78.155517578125,2511700,0.0,0.0
2025-08-20 00:00:00-04:00,78.31436146448239,78.83063686983957,78.00658684858297,78.46328735351562,2666700,0.0,0.0
2025-08-21 00:00:00-04:00,78.37393923298498,78.91006790831293,77.89737788557602,78.67178344726562,1960100,0.0,0.0
2025-08-22 00:00:00-04:00,79.35683619010983,81.32264128772186,79.17812663578145,80.90564727783203,3502700,0.0,0.0
2025-08-25 00:00:00-04:00,80.70708963948886,81.09429243620687,80.07167953335232,80.2503890991211,2585300,0.0,0.0
2025-08-26 00:00:00-04:00,79.95253107735931,80.52837380833233,79.74403786263156,80.42909240722656,2905900,0.0,0.0
2025-08-27 00:00:00-04:00,80.07167321393766,80.99500463509085,80.05181238892749,80.52837371826172,2556700,0.0,0.0
2025-08-28 00:00:00-04:00,80.69715772627276,80.69715772627276,79.94260539875333,80.2206039428711,2225100,0.0,0.0
2025-08-29 00:00:00-04:00,80.48865944608653,81.09428583776428,80.22059890658777,80.77658081054688,2759900,0.0,0.0
2025-09-02 00:00:00-04:00,80.10145729009623,80.37944824419009,78.8008535085777,79.98231506347656,3836400,0.0,0.0
2025-09-03 00:00:00-04:00,79.73411082161775,80.35959806693465,79.33698520040245,79.99224853515625,2364000,0.0,0.0
2025-09-04 00:00:00-04:00,80.39931268367164,81.27299966076987,80.04189356243016,81.16378784179688,2434500,0.0,0.0
2025-09-05 00:00:00-04:00,81.0347200194929,81.71976699970283,77.72859704763088,78.93984985351562,4830100,0.0,0.0
2025-09-08 00:00:00-04:00,78.64200252790747,79.12848673049076,77.30168458015339,79.02920532226562,3048300,0.0,0.0
2025-09-09 00:00:00-04:00,79.30719350770055,79.75397119103928,78.70156709172197,78.72142791748047,2536400,0.0,0.0
2025-09-10 00:00:00-04:00,78.55264579150932,79.3766882367661,78.39378949021116,78.66185760498047,2113500,0.0,0.0
2025-09-11 00:00:00-04:00,78.85049209470341,79.92274943297092,78.66185970024407,79.7638931274414,2632900,0.0,0.0
2025-09-12 00:00:00-04:00,79.68447369943486,80.528377004355,79.59511513261343,80.2404556274414,2314200,0.0,0.0
2025-09-15 00:00:00-04:00,80.31988100918957,80.71701419035287,79.62489604848246,79.8830337524414,3083800,0.0,0.0
2025-09-16 00:00:00-04:00,80.40923187744399,80.40923187744399,78.01651753086198,78.16544342041016,5022700,0.0,0.0
2025-09-17 00:00:00-04:00,78.30443891531183,79.13841177747574,77.74844943251718,78.11579895019531,5561500,0.0,0.0
2025-09-18 00:00:00-04:00,78.15551727000646,79.16819973972623,78.0463054500277,78.50300598144531,4484200,0.0,0.0
2025-09-19 00:00:00-04:00,78.35407699344748,78.87035240838227,77.33146415096591,78.59236145019531,8849000,0.0,0.0
2025-09-22 00:00:00-04:00,77.99666237200478,80.77658726324032,77.64917365427183,80.3993148803711,6658800,0.0,0.0
2025-09-23 00:00:00-04:00,80.39931235402236,81.06450610344994,79.3568386588947,79.7440414428711,4797600,0.0,0.0
2025-09-24 00:00:00-04:00,79.79368414346403,80.30995198562567,79.52561602230114,80.0617446899414,2927800,0.0,0.0
2025-09-25 00:00:00-04:00,80.16103098731546,80.64752277033179,79.26748315336161,79.70433044433594,2600700,0.0,0.0
2025-09-26 00:00:00-04:00,80.2900994805431,81.29285151064721,80.1312431739807,81.03472137451172,2351600,0.0,0.0
2025-09-29 00:00:00-04:00,81.08435789905812,81.5410584161986,80.59787371825192,81.48149108886719,2955700,0.0,0.0
2025-09-30 00:00:00-04:00,81.4119931262279,81.8786240548767,80.63758757429395,81.77934265136719,2789000,0.0,0.0
2025-10-01 00:00:00-04:00,81.17371962882197,82.48425390399551,81.10422188599783,81.34249877929688,3854400,0.0,0.0
2025-10-02 00:00:00-04:00,81.1439364915624,82.03747674091474,80.24045825428874,80.7468032836914,3564800,0.0,0.0
2025-10-03 00:00:00-04:00,80.89572528316711,81.99775870921388,80.53830617078444,81.77934265136719,2993200,0.0,0.0
2025-10-06 00:00:00-04:00,82.0275514639881,82.62324747074378,81.2035014077218,81.75948333740234,2547300,0.0,0.0
2025-10-07 00:00:00-04:00,82.18639987495551,82.74238180245338,81.87862524718857,82.1566162109375,2477800,0.0,0.0
2025-10-08 00:00:00-04:00,82.78209802874218,83.04023574807667,81.0942913766236,81.44178009033203,2736800,0.0,0.0
2025-10-09 00:00:00-04:00,81.65027339440012,82.66296344636062,80.93543514000115,81.39214324951172,2266100,0.0,0.0
2025-10-10 00:00:00-04:00,81.83891212384384,82.22611490996087,79.18805994975476,79.19798278808594,2407000,0.0,0.0
2025-10-13 00:00:00-04:00,80.15110463530564,80.47873251448912,79.39655232252127,80.2404556274414,2111200,0.0,0.0
2025-10-14 00:00:00-04:00,79.62489565445337,82.60338313641076,79.5256142533252,82.29560852050781,2652000,0.0,0.0
2025-10-15 00:00:00-04:00,82.15661563453762,82.90123752850624,80.56809044234168,81.03472137451172,2784600,0.0,0.0
2025-10-16 00:00:00-04:00,80.47873347828435,80.56809204617592,77.2321852888152,77.28182220458984,4169100,0.0,0.0
2025-10-17 00:00:00-04:00,77.53002748850257,78.3540775306967,77.16268553753055,77.89737701416016,3487700,0.0,0.0
2025-10-20 00:00:00-04:00,78.02644336742364,78.65193061262751,77.6690318233316,78.17536926269531,2582900,0.0,0.0
2025-10-21 00:00:00-04:00,78.2150846197079,78.99942061126741,77.92716323738712,78.45336151123047,2888200,0.0,0.0
2025-10-22 00:00:00-04:00,78.69164329928829,78.92992018270147,77.68888370184138,77.99665832519531,2376300,0.0,0.0
2025-10-23 00:00:00-04:00,78.34415800572485,78.65193264245978,77.48039385060588,77.60945892333984,2181900,0.0,0.0
2025-10-24 00:00:00-04:00,78.0264403865718,78.3739366538255,77.60945395548985,78.11579895019531,2445000,0.0,0.0
2025-10-27 00:00:00-04:00,78.74128306567366,78.9696371192844,78.10587297043396,78.304443359375,2584100,0.0,0.0
2025-10-28 00:00:00-04:00,78.23494722630296,78.67178694158792,77.59953711799213,78.185302734375,2948800,0.0,0.0
2025-10-29 00:00:00-04:00,77.73853145292466,78.75121393093787,77.48039373316213,77.75838470458984,3214000,0.0,0.0
2025-10-30 00:00:00-04:00,78.00658829571377,79.44618757547578,77.70873651212173,78.59236145019531,2774900,0.0,0.0
2025-10-31 00:00:00-04:00,78.09594931325996,79.42633681913125,78.00659074550185,79.24762725830078,4380500,0.0,0.0
2025-11-03 00:00:00-05:00,78.91998924894341,79.21784103225775,78.10586962586112,78.64199829101562,2890900,0.0,0.0
2025-11-04 00:00:00-05:00,78.27999877929688,79.75,78.05999755859375,79.45999908447266,3731500,0.568,0.0
2025-11-05 00:00:00-05:00,79.61000061035156,80.25,78.68000030517578,78.68000030517578,3779500,0.0,0.0
2025-11-06 00:00:00-05:00,79.5,80.75,74.6500015258789,75.97000122070312,8562600,0.0,0.0
2025-11-07 00:00:00-05:00,75.38999938964844,76.16999816894531,74.41000366210938,76.1500015258789,6228700,0.0,0.0
2025-11-10 00:00:00-05:00,76.4800033569336,77.83000183105469,76.02999877929688,77.18000030517578,4511200,0.0,0.0
2025-11-11 00:00:00-05:00,77.41000366210938,77.8499984741211,77.25,77.79000091552734,3929700,0.0,0.0
2025-11-12 00:00:00-05:00,77.83000183105469,80.47000122070312,77.83000183105469,80.20999908447266,4218900,0.0,0.0
2025-11-13 00:00:00-05:00,79.94999694824219,80.6500015258789,79.05999755859375,79.47000122070312,4523800,0.0,0.0
2025-11-14 00:00:00-05:00,78.88999938964844,79.33000183105469,78.04000091552734,78.63999938964844,3275600,0.0,0.0
2025-11-17 00:00:00-05:00,78.62999725341797,78.62999725341797,74.79000091552734,75.52999877929688,5028900,0.0,0.0
2025-11-18 00:00:00-05:00,74.9000015258789,75.94000244140625,74.5999984741211,75.37000274658203,3583500,0.0,0.0
2025-11-19 00:00:00-05:00,75.2699966430664,75.5,74.05000305175781,74.76000213623047,3001500,0.0,0.0
2025-11-20 00:00:00-05:00,75.5,76.37000274658203,73.80999755859375,73.91999816894531,3430400,0.0,0.0
2025-11-21 00:00:00-05:00,74.25,75.76000213623047,73.55999755859375,75.06999969482422,4018900,0.0,0.0
2025-11-24 00:00:00-05:00,74.8499984741211,75.2699966430664,73.97000122070312,75.19000244140625,4590600,0.0,0.0
2025-11-25 00:00:00-05:00,75.69000244140625,76.29000091552734,75.12000274658203,75.73999786376953,3305700,0.0,0.0
2025-11-26 00:00:00-05:00,76.05000305175781,76.68000030517578,75.91000366210938,76.33000183105469,2552700,0.0,0.0
2025-11-28 00:00:00-05:00,76.30999755859375,76.91999816894531,76.1500015258789,76.55999755859375,1121100,0.0,0.0
2025-12-01 00:00:00-05:00,76.30000305175781,77.19999694824219,76.19000244140625,76.30999755859375,2442300,0.0,0.0
2025-12-02 00:00:00-05:00,76.56999969482422,76.68000030517578,75.69000244140625,76.2699966430664,3202700,0.0,0.0
2025-12-03 00:00:00-05:00,76.4800033569336,77.56999969482422,76.13999938964844,77.51000213623047,3419100,0.0,0.0
2025-12-04 00:00:00-05:00,77.72000122070312,78.2300033569336,77.41000366210938,78.02999877929688,4200700,0.0,0.0
2025-12-05 00:00:00-05:00,78.02999877929688,78.72000122070312,77.7699966430664,78.66000366210938,3557700,0.0,0.0
2025-12-08 00:00:00-05:00,78.4000015258789,78.66000366210938,77.94999694824219,78.08000183105469,3222200,0.0,0.0
2025-12-09 00:00:00-05:00,78.69000244140625,78.87000274658203,77.69000244140625,77.81999969482422,2897000,0.0,0.0
2025-12-10 00:00:00-05:00,77.75,79.87000274658203,77.5999984741211,79.81999969482422,3076300,0.0,0.0
2025-12-11 00:00:00-05:00,79.80999755859375,82.62999725341797,79.62000274658203,82.25,3896400,0.0,0.0
2025-12-12 00:00:00-05:00,82.66999816894531,83.0,81.80000305175781,82.16000366210938,3379400,0.0,0.0
2025-12-15 00:00:00-05:00,82.94000244140625,83.43000030517578,82.19000244140625,82.61000061035156,4541700,0.0,0.0
2025-12-16 00:00:00-05:00,83.2699966430664,83.8499984741211,81.94000244140625,82.27999877929688,4657400,0.0,0.0
2025-12-17 00:00:00-05:00,82.66000366210938,82.87999725341797,81.87999725341797,82.52999877929688,5432700,0.0,0.0
2025-12-18 00:00:00-05:00,82.47000122070312,82.5199966430664,80.9000015258789,81.70999908447266,5528000,0.0,0.0
2025-12-19 00:00:00-05:00,81.62999725341797,82.33000183105469,81.06999969482422,81.56999969482422,6552800,0.0,0.0
2025-12-22 00:00:00-05:00,81.41999816894531,82.1050033569336,81.0999984741211,81.3499984741211,2321073,0.0,0.0
