Date,Open,High,Low,Close,Volume,Dividends,Stock Splits
2008-03-17 00:00:00-04:00,21.977091811940287,23.14187834866074,21.643040754155173,21.70897102355957,1988000,0.0,0.0
2008-03-18 00:00:00-04:00,21.911172218396143,22.856188369756772,20.98813451261319,21.801286697387695,8067600,0.0,0.0
2008-03-19 00:00:00-04:00,21.801287981295374,22.416647605870036,20.61452562589009,22.021059036254883,3007700,0.0,0.0
2008-03-20 00:00:00-04:00,22.065009612470092,22.065009612470092,21.48041792440602,21.603490829467773,3007700,0.0,0.0
2008-03-24 00:00:00-04:00,21.893592465344067,22.41664695739746,21.893592465344067,22.41664695739746,1437000,0.0,0.0
2008-03-25 00:00:00-04:00,22.592470178172803,22.746309280395508,22.24083507014298,22.746309280395508,1100800,0.0,0.0
2008-03-26 00:00:00-04:00,22.72432838551117,23.06277602576263,22.10896873474121,22.10896873474121,2023200,0.0,0.0
2008-03-27 00:00:00-04:00,22.39467183067374,22.869376458582124,21.97710647235496,22.2759952545166,8653300,0.0,0.0
2008-03-28 00:00:00-04:00,22.39467377492859,23.075963799375618,22.22325259783705,22.443023681640625,9961200,0.0,0.0
2008-03-31 00:00:00-04:00,23.03201085166075,24.04295752807693,21.97710895130974,22.232044219970703,19408900,0.0,0.0
2008-04-01 00:00:00-04:00,22.460604677550418,22.939705719757786,21.541961456316855,22.232044219970703,23322500,0.0,0.0
2008-04-02 00:00:00-04:00,22.486976322330968,22.886959611680332,22.043039488678687,22.508953094482422,12944700,0.0,0.0
2008-04-03 00:00:00-04:00,22.416642848159878,22.63641385647517,22.152918308869417,22.43861961364746,12439100,0.0,0.0
2008-04-04 00:00:00-04:00,22.627619291756005,22.627619291756005,22.328730632847382,22.579269409179688,6651000,0.0,0.0
2008-04-07 00:00:00-04:00,22.68036147486614,22.68036147486614,22.196866053303676,22.271587371826172,7099300,0.0,0.0
2008-04-08 00:00:00-04:00,22.157324673595834,22.42104935193355,22.06941588857639,22.24083709716797,8283300,0.0,0.0
2008-04-09 00:00:00-04:00,22.196878487680372,22.236437348093563,21.603497258202754,21.704591751098633,8916200,0.0,0.0
2008-04-10 00:00:00-04:00,21.752937555676777,21.93754441833003,21.31779017314853,21.38811683654785,14321900,0.0,0.0
2008-04-11 00:00:00-04:00,21.31339918535749,21.489215035977054,21.13318697435832,21.243072509765625,11400700,0.0,0.0
2008-04-14 00:00:00-04:00,21.229875169626666,21.251851931078818,20.847474154857082,21.098012924194336,11532500,0.0,0.0
2008-04-15 00:00:00-04:00,21.00130845701011,21.251847170221463,21.00130845701011,21.185916900634766,9603400,0.0,0.0
2008-04-16 00:00:00-04:00,21.27822734658339,21.805678061939346,21.251854223963733,21.73974609375,14837600,0.0,0.0
2008-04-17 00:00:00-04:00,21.854039308568474,21.977110591329367,21.722175303644118,21.911178588867188,6660700,0.0,0.0
2008-04-18 00:00:00-04:00,22.19247876583309,22.390271346276073,21.704586823738055,21.95952033996582,9630700,0.0,0.0
2008-04-21 00:00:00-04:00,22.065021204668632,22.368304752440324,21.594711133025857,22.254024505615234,6528300,0.0,0.0
2008-04-22 00:00:00-04:00,22.240822609098565,22.372686539089514,21.941933940766244,22.00786590576172,5504900,0.0,0.0
2008-04-23 00:00:00-04:00,22.41665322964008,23.005639871762188,22.37269967830938,22.8561954498291,13532300,0.0,0.0
2008-04-24 00:00:00-04:00,22.8561954498291,23.045198738648022,22.63642433973459,22.8561954498291,5847500,0.0,0.0
2008-04-25 00:00:00-04:00,22.91771533927271,22.93529741840768,22.306752341447087,22.548500061035156,11399700,0.0,0.0
2008-04-28 00:00:00-04:00,22.39027155452847,22.54850696173049,22.30675916815846,22.447412490844727,8382500,0.0,0.0
2008-04-29 00:00:00-04:00,22.610035959826423,22.94408876092416,22.091376355532077,22.86057472229004,12325300,0.0,0.0
2008-04-30 00:00:00-04:00,22.72432653255945,22.86058350822337,22.377087876842964,22.429832458496094,8733100,0.0,0.0
2008-05-01 00:00:00-04:00,22.341923049193454,22.49136573549135,22.24961794503555,22.306758880615234,7120800,0.0,0.0
2008-05-02 00:00:00-04:00,22.372695248098196,22.460602333352355,22.152924181522458,22.425439834594727,9291100,0.0,0.0
2008-05-05 00:00:00-04:00,22.359501330017977,22.69355419285793,22.254012187756704,22.3331298828125,8398500,0.0,0.0
2008-05-06 00:00:00-04:00,22.372690993967353,22.834209810675315,22.350712550112807,22.803442001342773,7588300,0.0,0.0
2008-05-07 00:00:00-04:00,22.843005495214243,22.944099985954953,22.552907750608657,22.719932556152344,6391400,0.0,0.0
2008-05-08 00:00:00-04:00,22.702357252871533,22.948499832936342,22.636425246513845,22.94410514831543,6669700,0.0,0.0
2008-05-09 00:00:00-04:00,22.812240979826576,23.0583835401189,22.64960915766722,22.78147315979004,5491700,0.0,0.0
2008-05-12 00:00:00-04:00,22.847405848334716,23.09355011081799,22.548516985576676,23.062782287597656,5851300,0.0,0.0
2008-05-13 00:00:00-04:00,23.040798039043242,23.225406608656645,22.873773234059914,23.058380126953125,5986600,0.0,0.0
2008-05-14 00:00:00-04:00,23.080365285608757,23.229809733708716,23.032017041367688,23.150691986083984,5381500,0.0,0.0
2008-05-15 00:00:00-04:00,23.08035298855415,23.43198798030236,22.90014080980715,23.405614852905273,8376500,0.0,0.0
2008-05-16 00:00:00-04:00,23.39683844067553,23.51551507309204,23.010040713916634,23.462770462036133,7172600,0.0,0.0
2008-05-19 00:00:00-04:00,23.51110384959789,23.71329278035858,23.26495970994155,23.57263946533203,6580200,0.0,0.0
2008-05-20 00:00:00-04:00,23.427587564733358,23.708894168053895,23.216607612242957,23.256166458129883,6887400,0.0,0.0
2008-05-21 00:00:00-04:00,23.31331789230097,23.37485352991908,22.781472250921162,22.847402572631836,6784200,0.0,0.0
2008-05-22 00:00:00-04:00,22.777066754697998,23.1946319982703,22.75948467193881,22.97925567626953,5135200,0.0,0.0
2008-05-23 00:00:00-04:00,22.900148076732393,23.286945684366327,22.746308976564578,22.768285751342773,5197400,0.0,0.0
2008-05-27 00:00:00-04:00,22.821023666349742,22.829814709031936,22.469390342661754,22.693557739257812,6505400,0.0,0.0
2008-05-28 00:00:00-04:00,22.724324007635822,22.812232751770086,22.34192289887958,22.486970901489258,13524100,0.0,0.0
2008-05-29 00:00:00-04:00,22.399061721786953,22.926512499615995,22.385875997275164,22.86497688293457,7386900,0.0,0.0
2008-05-30 00:00:00-04:00,22.88695800082748,23.291337622177828,22.772677787651148,23.14628791809082,7047800,0.0,0.0
2008-06-02 00:00:00-04:00,22.922119285883326,23.163867085503053,22.82102313574862,22.904537200927734,8668100,0.0,0.0
2008-06-03 00:00:00-04:00,22.90014676400723,23.128708897383373,22.711143493652344,22.711143493652344,6552400,0.0,0.0
2008-06-04 00:00:00-04:00,22.719927572130977,22.974862761594434,22.636415187679066,22.834209442138672,6407400,0.0,0.0
2008-06-05 00:00:00-04:00,22.869372672848385,22.96167777905966,22.65399800403513,22.772674560546875,6407400,0.0,0.0
2008-06-06 00:00:00-04:00,22.63641863530225,22.640813318639648,22.152922985624603,22.196876525878906,10198500,0.0,0.0
2008-06-09 00:00:00-04:00,22.328738301017,22.39467028657616,21.61668056989025,21.752939224243164,9937000,0.0,0.0
2008-06-10 00:00:00-04:00,21.541957541141862,21.82326589303692,21.330977534760606,21.752939224243164,8847000,0.0,0.0
2008-06-11 00:00:00-04:00,21.75293541202317,22.240825648121636,21.59030365660393,21.915565490722656,12367200,0.0,0.0
2008-06-12 00:00:00-04:00,21.919964402802258,22.583673923220253,21.919964402802258,22.54411506652832,11782900,0.0,0.0
2008-06-13 00:00:00-04:00,22.53970760400336,22.803433744284757,22.28477417945585,22.684757232666016,7365600,0.0,0.0
2008-06-16 00:00:00-04:00,22.491363884522602,22.491363884522602,22.08259135712049,22.29796600341797,8251100,0.0,0.0
2008-06-17 00:00:00-04:00,22.21886032091791,22.403468937137653,22.029857019971303,22.254024505615234,5633800,0.0,0.0
2008-06-18 00:00:00-04:00,22.07379498369659,22.223239298316734,21.89797755118373,21.933141708374023,9967500,0.0,0.0
2008-06-19 00:00:00-04:00,21.88920107445899,22.232045128276393,21.84524752544876,22.15292739868164,9591400,0.0,0.0
2008-06-20 00:00:00-04:00,22.00786145957944,22.236423434876674,21.87599923294774,22.073793411254883,11448200,0.0,0.0
2008-06-23 00:00:00-04:00,22.122154431213676,22.284784536772076,21.9331511963539,22.258411407470703,6625800,0.0,0.0
2008-06-24 00:00:00-04:00,22.086985686796123,22.65399527400421,21.99907695070872,22.491363525390625,8976600,0.0,0.0
2008-06-25 00:00:00-04:00,22.61444308706929,23.185847524849507,22.526534325090754,22.755096435546875,10334100,0.0,0.0
2008-06-26 00:00:00-04:00,22.661961125820074,22.85709456065695,22.24065399169922,22.24065399169922,12055000,0.46,0.0
2008-06-27 00:00:00-04:00,22.222918051593794,22.28500535803034,21.82821872488814,22.098743438720703,15397700,0.0,0.0
2008-06-30 00:00:00-04:00,22.085434222019455,22.249522318355755,21.659691311213514,21.903606414794922,9972600,0.0,0.0
2008-07-01 00:00:00-04:00,21.743956823283753,22.43579046288454,21.610912348063064,22.34709358215332,11092000,0.0,0.0
2008-07-02 00:00:00-04:00,22.382570259101705,22.64865917682617,22.116479649625163,22.440221786499023,7956400,0.0,0.0
2008-07-03 00:00:00-04:00,22.42691291676446,22.843785914001955,22.302738341364293,22.826047897338867,5151300,0.0,0.0
2008-07-07 00:00:00-04:00,22.826055199242326,23.20745059340779,22.66196538154177,22.994577407836914,8395000,0.0,0.0
2008-07-08 00:00:00-04:00,22.941364056731626,23.94807017255102,22.865972796007412,23.8460693359375,13977700,0.0,0.0
2008-07-09 00:00:00-04:00,23.823880707308287,24.138752879802876,23.615443388621014,23.948055267333984,10411300,0.0,0.0
2008-07-10 00:00:00-04:00,23.899280288746745,23.94362956982032,23.375970614343228,23.6997127532959,11581100,0.0,0.0
2008-07-11 00:00:00-04:00,23.47353888003528,23.877108059628988,23.171970515970514,23.668670654296875,6588500,0.0,0.0
2008-07-14 00:00:00-04:00,23.619887341701588,23.899281910289425,23.39371191401291,23.752933502197266,8298900,0.0,0.0
2008-07-15 00:00:00-04:00,23.455793137694517,23.890405858492347,23.20300820510549,23.63762092590332,8306600,0.0,0.0
2008-07-16 00:00:00-04:00,23.402585275736072,23.66867425307404,22.941362802714632,23.469106674194336,6910000,0.0,0.0
2008-07-17 00:00:00-04:00,23.593280317821755,23.593280317821755,22.573270431495818,22.599878311157227,10317300,0.0,0.0
2008-07-18 00:00:00-04:00,22.661960895941238,22.826050681162645,22.22734813728436,22.493438720703125,9559600,0.0,0.0
2008-07-21 00:00:00-04:00,22.537789026914368,22.61318196010015,22.285004041780606,22.387004852294922,4370800,0.0,0.0
2008-07-22 00:00:00-04:00,22.285002614588414,23.10544482021574,22.200741522190842,23.083271026611328,8926900,0.0,0.0
2008-07-23 00:00:00-04:00,23.322747890691243,23.322747890691243,22.568827200579427,22.826047897338867,7943800,0.0,0.0
2008-07-24 00:00:00-04:00,22.7950024560686,23.544487314102856,22.7950024560686,23.265092849731445,8717600,0.0,0.0
2008-07-25 00:00:00-04:00,23.180838451646395,23.748495705546002,23.180838451646395,23.52675437927246,8066100,0.0,0.0
2008-07-28 00:00:00-04:00,23.407016735767467,23.61545414943305,23.211884953704377,23.3360595703125,5131000,0.0,0.0
2008-07-29 00:00:00-04:00,23.389277958649327,23.68641055073353,23.340494591769303,23.655366897583008,7257600,0.0,0.0
2008-07-30 00:00:00-04:00,23.75293344798545,23.95693507904332,23.358232433435823,23.668670654296875,7355800,0.0,0.0
2008-07-31 00:00:00-04:00,23.668655200075314,23.854918687673866,22.76838646997709,22.905866622924805,10498800,0.0,0.0
2008-08-01 00:00:00-04:00,22.950228502775325,23.327188100999273,22.950228502775325,23.09657859802246,6718500,0.0,0.0
2008-08-04 00:00:00-04:00,23.105445659201578,23.983542805238734,22.74179001727802,23.823888778686523,8962600,0.0,0.0
2008-08-05 00:00:00-04:00,23.815023389971415,24.63103169628178,23.770674101080836,24.480247497558594,12884400,0.0,0.0
2008-08-06 00:00:00-04:00,24.329452515725485,24.90154540071249,24.26292945774964,24.626585006713867,12660800,0.0,0.0
2008-08-07 00:00:00-04:00,24.449189251847866,24.52901623246402,24.081097986589885,24.231882095336914,9282200,0.0,0.0
2008-08-08 00:00:00-04:00,24.169807855609456,24.61329056855642,24.169807855609456,24.48468017578125,9266200,0.0,0.0
2008-08-11 00:00:00-04:00,24.25850276826127,24.724159240722656,24.231893198612674,24.724159240722656,9724400,0.0,0.0
2008-08-12 00:00:00-04:00,24.66206680568138,24.950329470683357,24.622153305388576,24.812850952148438,6690400,0.0,0.0
2008-08-13 00:00:00-04:00,24.77293961850583,24.83059283324932,24.555632388627732,24.631025314331055,7810200,0.0,0.0
2008-08-14 00:00:00-04:00,24.497982408516908,24.73302767240602,24.36493625969086,24.59998321533203,5723200,0.0,0.0
2008-08-15 00:00:00-04:00,24.617719504800203,24.70198228536584,24.502414767910302,24.644329071044922,6561300,0.0,0.0
2008-08-18 00:00:00-04:00,24.684241386239318,24.701981096215142,24.35162943707597,24.395977020263672,5742800,0.0,0.0
2008-08-19 00:00:00-04:00,24.28510120168486,24.47579881395712,24.147622708012882,24.174230575561523,5712500,0.0,0.0
2008-08-20 00:00:00-04:00,24.19198211774454,24.258505202665713,23.979110614450043,24.218591690063477,4411500,0.0,0.0
2008-08-21 00:00:00-04:00,24.03675922624019,24.41371879040113,23.748494835939237,24.311717987060547,4693100,0.0,0.0
2008-08-22 00:00:00-04:00,24.391539800902063,24.626585006713867,24.129885033549595,24.626585006713867,4342600,0.0,0.0
2008-08-25 00:00:00-04:00,24.524596266269928,24.684250330398125,24.19641997156417,24.333898544311523,4400200,0.0,0.0
2008-08-26 00:00:00-04:00,24.298405143100837,24.43588362724425,24.041184496281808,24.231882095336914,6995000,0.0,0.0
2008-08-27 00:00:00-04:00,24.280675058648328,24.342762358894227,23.819452697175887,23.99241065979004,5459100,0.0,0.0
2008-08-28 00:00:00-04:00,23.952495901497024,24.06336655806927,23.748494299424564,23.912582397460938,5426100,0.0,0.0
2008-08-29 00:00:00-04:00,23.8416274848999,24.152065690818954,23.79727989480523,23.815019607543945,6060100,0.0,0.0
2008-09-02 00:00:00-04:00,23.837181855404395,24.53344917146866,23.815008071098465,24.307273864746094,8835700,0.0,0.0
2008-09-03 00:00:00-04:00,24.280679105011483,24.604421290068025,23.94806706247708,23.979110717773438,8236900,0.0,0.0
2008-09-04 00:00:00-04:00,23.94806522224704,24.036762098457654,23.59771349167882,23.668670654296875,7565900,0.0,0.0
2008-09-05 00:00:00-04:00,23.659790962415478,24.041186187353258,23.611009307942165,23.948055267333984,7810500,0.0,0.0
2008-09-08 00:00:00-04:00,23.948060516446738,24.568936836166476,23.810580300747574,24.382673263549805,16614500,0.0,0.0
2008-09-09 00:00:00-04:00,24.40484647799451,24.71528463051076,24.293975830078125,24.293975830078125,11236800,0.0,0.0
2008-09-10 00:00:00-04:00,24.34719300498255,24.471367579321807,24.089972310420727,24.2230167388916,9203000,0.0,0.0
2008-09-11 00:00:00-04:00,24.31259394354735,24.54998779296875,24.075201802769786,24.54998779296875,8566700,0.54,0.0
2008-09-12 00:00:00-04:00,24.361868109968434,24.478325874672183,23.851250071951956,24.043851852416992,8564300,0.0,0.0
2008-09-15 00:00:00-04:00,23.801984608513656,24.24093707913042,23.658653259277344,23.658653259277344,10481900,0.0,0.0
2008-09-16 00:00:00-04:00,23.2779393240329,24.299176037458242,22.15368155882257,24.084178924560547,15648800,0.0,0.0
2008-09-17 00:00:00-04:00,23.958751890546704,23.958751890546704,21.52659586147573,21.93867301940918,22145900,0.0,0.0
2008-09-18 00:00:00-04:00,22.270135242200922,23.627305011749264,22.270135242200922,22.395549774169922,22618300,0.0,0.0
2008-09-19 00:00:00-04:00,23.367503504213243,23.488439614321972,22.395537976195456,23.031570434570312,16822000,0.0,0.0
2008-09-22 00:00:00-04:00,22.758343294567975,23.282397993705818,22.2118916935029,22.408971786499023,10379600,0.0,0.0
2008-09-23 00:00:00-04:00,22.346280779027104,22.75387974370783,22.05961799621582,22.05961799621582,8218900,0.0,0.0
2008-09-24 00:00:00-04:00,22.18950543415115,22.480646481343385,21.92523794626147,22.301483154296875,9164800,0.0,0.0
2008-09-25 00:00:00-04:00,22.391066865806042,23.291367031968953,22.24325544718457,23.116682052612305,12454800,0.0,0.0
2008-09-26 00:00:00-04:00,22.735949429301098,23.013655330767545,22.400016359249317,22.79865837097168,9314100,0.0,0.0
2008-09-29 00:00:00-04:00,22.704603885138564,22.794186410731157,20.962230682373047,20.962230682373047,14648300,0.0,0.0
2008-09-30 00:00:00-04:00,21.54452133178711,22.28357526524836,21.36087786528363,21.54452133178711,14356400,0.0,0.0
2008-10-01 00:00:00-04:00,21.48181000712904,22.76283567236381,21.20858403828103,22.744918823242188,11718100,0.0,0.0
2008-10-02 00:00:00-04:00,22.570233185614445,23.268974904041418,21.835659478589662,21.983470916748047,11218400,0.0,0.0
2008-10-03 00:00:00-04:00,22.35075508268636,23.19282636289416,22.149194831545575,22.24773406982422,12181100,0.0,0.0
2008-10-06 00:00:00-04:00,21.69680113005419,22.171587249911724,19.70807755547709,20.65764808654785,25421600,0.0,0.0
2008-10-07 00:00:00-04:00,21.34295069991692,21.410136295978475,19.582661086526862,19.86932373046875,14791700,0.0,0.0
2008-10-08 00:00:00-04:00,18.789866567249447,20.276930932792137,18.53007737020357,19.282567977905273,18701800,0.0,0.0
2008-10-09 00:00:00-04:00,19.61849903266072,20.15599250793457,17.22217616239747,17.46852684020996,17782900,0.0,0.0
2008-10-10 00:00:00-04:00,16.577181886083462,20.15599077830092,14.915432834213778,17.79998016357422,29162700,0.0,0.0
2008-10-13 00:00:00-04:00,18.812254241804993,20.60389750292928,18.570381991478616,20.151508331298828,19808100,0.0,0.0
2008-10-14 00:00:00-04:00,20.993578888589376,21.033890929263514,18.897356190822414,19.72599220275879,18448000,0.0,0.0
2008-10-15 00:00:00-04:00,19.64985591112262,19.932040331312347,17.782067783371687,18.283727645874023,14561500,0.0,0.0
2008-10-16 00:00:00-04:00,18.431537363933234,19.654334124575023,17.647693155164536,19.264650344848633,17459500,0.0,0.0
2008-10-17 00:00:00-04:00,19.166106989458466,20.370986643066797,18.995900376423265,19.394540786743164,14269900,0.0,0.0
2008-10-20 00:00:00-04:00,19.605063059187042,20.19630539376523,19.260171412575648,19.434856414794922,11162500,0.0,0.0
2008-10-21 00:00:00-04:00,19.30047788134797,19.65880620637247,18.664443609365776,18.883920669555664,9769500,0.0,0.0
2008-10-22 00:00:00-04:00,19.036214630199545,19.42589666303255,18.050810237025,18.288204193115234,14755100,0.0,0.0
2008-10-23 00:00:00-04:00,18.440495063866614,19.582669481650644,17.91644001361783,19.24225616455078,11903100,0.0,0.0
2008-10-24 00:00:00-04:00,17.862689888971623,18.588305178983713,17.468527758563006,18.14039421081543,13534300,0.0,0.0
2008-10-27 00:00:00-04:00,17.925401323956645,18.028420665579684,17.41030290719631,17.495407104492188,11106600,0.0,0.0
2008-10-28 00:00:00-04:00,18.032898669738277,19.251217309564687,17.141556609965807,19.072053909301758,15876000,0.0,0.0
2008-10-29 00:00:00-04:00,19.018293677475025,19.631932752728154,17.11467262537691,18.610694885253906,12468400,0.0,0.0
2008-10-30 00:00:00-04:00,19.16163102245666,19.45277384055681,18.25237228718646,19.170589447021484,8336900,0.0,0.0
2008-10-31 00:00:00-04:00,19.00933474125996,19.85140756817183,18.754025708462052,19.470684051513672,11919800,0.0,0.0
2008-11-03 00:00:00-05:00,19.363191698314793,19.416940538154766,19.018300034439083,19.085487365722656,6143200,0.0,0.0
2008-11-04 00:00:00-05:00,19.596103050189313,20.12911643804241,19.439334909245634,20.04401397705078,9852900,0.0,0.0
2008-11-05 00:00:00-05:00,19.676732767058798,20.814427255921064,19.488609235614252,19.717044830322266,10004000,0.0,0.0
2008-11-06 00:00:00-05:00,19.48860079962487,19.708077873198086,18.077682613434792,18.310596466064453,11733200,0.0,0.0
2008-11-07 00:00:00-05:00,18.431539689143616,19.20642557110102,18.368830709269524,18.901845932006836,6935200,0.0,0.0
2008-11-10 00:00:00-05:00,19.206418054689895,19.381103015792462,18.49871807944487,18.861526489257812,6064100,0.0,0.0
2008-11-11 00:00:00-05:00,18.7226740915827,18.933192748005755,18.059766206636745,18.50767707824707,6880000,0.0,0.0
2008-11-12 00:00:00-05:00,18.364344579373512,18.364344579373512,17.356545181724965,17.51331329345703,13244600,0.0,0.0
2008-11-13 00:00:00-05:00,17.280403445932635,17.86716563492416,16.57718175675627,17.844770431518555,16381800,0.0,0.0
2008-11-14 00:00:00-05:00,17.647686604265097,17.764142663106597,17.020610786565552,17.204254150390625,15140300,0.0,0.0
2008-11-17 00:00:00-05:00,16.64885023924221,17.907480703073478,16.644371881263996,17.177385330200195,10496100,0.0,0.0
2008-11-18 00:00:00-05:00,17.168426624187163,17.468526124640558,16.38906086066881,17.266965866088867,16243100,0.0,0.0
2008-11-19 00:00:00-05:00,17.1594632597091,17.361021751579226,16.227807981174077,16.41145133972168,13955700,0.0,0.0
2008-11-20 00:00:00-05:00,16.223331413685518,17.661124821468736,16.147185681254097,16.40697479248047,19557600,0.0,0.0
2008-11-21 00:00:00-05:00,16.787705364131707,17.186345911361116,16.12479723826275,17.137075424194336,19190300,0.0,0.0
2008-11-24 00:00:00-05:00,17.464043872015928,19.36766488409346,17.12811075223754,18.73611068725586,19287100,0.0,0.0
2008-11-25 00:00:00-05:00,18.937668882500535,19.399018187996,18.10455448569183,18.45392608642578,18246400,0.0,0.0
2008-11-26 00:00:00-05:00,18.109041139750524,19.063092009873156,17.8358151673353,19.036216735839844,8658000,0.0,0.0
2008-11-28 00:00:00-05:00,18.96006639973575,19.237770638049213,18.655486896303866,18.883920669555664,4651400,0.0,0.0
2008-12-01 00:00:00-05:00,18.324035853450617,18.651010623307215,17.63873268571313,17.77310562133789,11708900,0.0,0.0
2008-12-02 00:00:00-05:00,18.073201939392124,18.180701294156798,17.513313382302602,17.92987060546875,12697300,0.0,0.0
2008-12-03 00:00:00-05:00,17.46852191805286,18.789859174095948,17.46852191805286,18.637569427490234,9148700,0.0,0.0
2008-12-04 00:00:00-05:00,18.45393125369737,18.78986446204631,18.100081197495104,18.3016414642334,10659500,0.0,0.0
2008-12-05 00:00:00-05:00,18.04185320336201,18.99142568359298,17.903001897129506,18.973508834838867,11548000,0.0,0.0
2008-12-08 00:00:00-05:00,19.37214521415108,19.48412293215195,18.70027890614584,19.107877731323242,10048200,0.0,0.0
2008-12-09 00:00:00-05:00,18.722670956987873,18.99141846014634,18.713712536018182,18.798816680908203,12248300,0.0,0.0
2008-12-10 00:00:00-05:00,18.78986991470207,19.12132315295018,18.552475883367453,18.946638107299805,10514500,0.0,0.0
2008-12-11 00:00:00-05:00,18.771948644937293,19.143715569406147,18.592783573855602,18.789865493774414,10582000,0.0,0.0
2008-12-12 00:00:00-05:00,18.25236503617875,18.682358992600648,18.00601443876896,18.525590896606445,8789500,0.0,0.0
2008-12-15 00:00:00-05:00,18.386748794729694,18.76747422347315,17.970191369441093,18.606225967407227,10763100,0.0,0.0
2008-12-16 00:00:00-05:00,18.42705510677674,18.63309372137082,17.916436927719857,18.373306274414062,16539600,0.0,0.0
2008-12-17 00:00:00-05:00,18.14039189094994,19.175066710212445,18.14039189094994,18.825695037841797,12391700,0.0,0.0
2008-12-18 00:00:00-05:00,18.915276276426205,19.25120943676477,18.6286135863204,18.794340133666992,13240600,0.0,0.0
2008-12-19 00:00:00-05:00,19.000382433429184,19.255693257021665,18.69132448076738,18.745073318481445,23861000,0.0,0.0
2008-12-22 00:00:00-05:00,18.77194116306064,18.937667677138997,18.56142254474214,18.888397216796875,9734300,0.0,0.0
2008-12-23 00:00:00-05:00,18.765906243772342,19.42380222948734,18.761368063212174,18.93378257751465,7614700,0.54,0.0
2008-12-24 00:00:00-05:00,19.047204840293404,19.319438442589423,18.784047595296084,19.246841430664062,2736400,0.0,0.0
2008-12-26 00:00:00-05:00,19.319443347719265,19.478245024605034,19.16971456881971,19.264995574951172,2911500,0.0,0.0
2008-12-29 00:00:00-05:00,19.283138193949426,19.58713036527803,19.065352370279413,19.58259391784668,10159000,0.0,0.0
2008-12-30 00:00:00-05:00,19.686960228139636,20.03178926800452,19.514545708207194,19.922895431518555,8737700,0.0,0.0
2008-12-31 00:00:00-05:00,19.93195963174376,20.190580410901916,19.65065315334168,19.741395950317383,7886100,0.0,0.0
2009-01-02 00:00:00-05:00,19.723251800876447,20.417444355090915,19.637043705882146,20.018169403076172,7250900,0.0,0.0
2009-01-05 00:00:00-05:00,19.86844480385183,20.294941959366653,19.74140173540249,20.17697525024414,6636900,0.0,0.0
2009-01-06 00:00:00-05:00,20.17697309765553,20.42651929745944,19.478242353557995,19.618896484375,14051200,0.0,0.0
2009-01-07 00:00:00-05:00,19.541754690142483,19.804913584561195,19.224149784426192,19.373878479003906,9346100,0.0,0.0
2009-01-08 00:00:00-05:00,19.31489429046049,19.460084807792366,19.056273573287612,19.373878479003906,8728300,0.0,0.0
2009-01-09 00:00:00-05:00,19.446481068143672,19.659730478088857,19.106190340345943,19.20147132873535,8594600,0.0,0.0
2009-01-12 00:00:00-05:00,19.196934721029514,19.523612640050576,18.897478952288793,18.979148864746094,8829000,0.0,0.0
2009-01-13 00:00:00-05:00,19.00636494983009,19.419250828469618,18.88839829770776,19.142480850219727,9938300,0.0,0.0
2009-01-14 00:00:00-05:00,18.80220352286781,18.938321250270345,18.44830158556234,18.856651306152344,10078000,0.0,0.0
2009-01-15 00:00:00-05:00,18.752291621356473,19.029060004937996,18.46644687836916,18.820348739624023,9398100,0.0,0.0
2009-01-16 00:00:00-05:00,19.024515250308518,19.260450298409893,18.57533085029081,19.110721588134766,9670400,0.0,0.0
2009-01-20 00:00:00-05:00,19.047209262132714,19.44648426637437,18.752291621356473,18.820348739624023,9878900,0.0,0.0
2009-01-21 00:00:00-05:00,19.069894120976844,19.069894120976844,18.33033009663823,18.78858757019043,10609200,0.0,0.0
2009-01-22 00:00:00-05:00,18.647930369874405,18.70237813010643,18.330327089227957,18.584409713745117,9756100,0.0,0.0
2009-01-23 00:00:00-05:00,18.38931252024307,18.802198582208185,18.0354106759325,18.702381134033203,9972300,0.0,0.0
2009-01-26 00:00:00-05:00,18.747749248637895,19.228694071881954,18.548112656570876,18.661542892456055,9750300,0.0,0.0
2009-01-27 00:00:00-05:00,18.72959750152957,18.97460719381079,18.15790995034787,18.216894149780273,11807500,0.0,0.0
2009-01-28 00:00:00-05:00,18.516349532515736,18.529960604907743,17.967345958331812,18.144298553466797,9369300,0.0,0.0
2009-01-29 00:00:00-05:00,18.017257696867457,18.239581713900385,17.540851067006024,17.58168601989746,9528900,0.0,0.0
2009-01-30 00:00:00-05:00,17.681497853278678,17.6996453675284,16.783130992644725,16.85572624206543,19184600,0.0,0.0
2009-02-02 00:00:00-05:00,16.642487245634207,17.118893973151057,16.628876168816348,16.973703384399414,11974800,0.0,0.0
2009-02-03 00:00:00-05:00,17.232320056050742,17.53631396756931,17.000923152137265,17.386585235595703,11844600,0.0,0.0
2009-02-04 00:00:00-05:00,17.47279374231388,17.56353828221152,15.948292741427682,16.687856674194336,20294800,0.0,0.0
2009-02-05 00:00:00-05:00,16.383859813442463,16.923786990087258,16.252280354415593,16.905637741088867,14638200,0.0,0.0
2009-02-06 00:00:00-05:00,16.882957313039377,16.996387558460185,16.56989045876889,16.71054458618164,12779500,0.0,0.0
2009-02-09 00:00:00-05:00,16.674242252279466,16.80128354415263,16.574423105346103,16.66063117980957,8706900,0.0,0.0
2009-02-10 00:00:00-05:00,16.628872316226214,16.74230254558435,16.2885816281518,16.352102279663086,12692000,0.0,0.0
2009-02-11 00:00:00-05:00,16.474607000232794,16.58803722866258,16.311267194364635,16.501829147338867,10399900,0.0,0.0
2009-02-12 00:00:00-05:00,16.338493288888657,16.54720627503903,16.24321228938143,16.402015686035156,11930000,0.0,0.0
2009-02-13 00:00:00-05:00,16.374787673597247,16.45191939733264,16.18876217015598,16.329416275024414,11326400,0.0,0.0
2009-02-17 00:00:00-05:00,16.02542594938585,16.061724461007014,15.653374859310382,15.757730484008789,12750800,0.0,0.0
2009-02-18 00:00:00-05:00,15.862079715228301,16.166073569696675,15.784948005335005,16.061717987060547,13314100,0.0,0.0
2009-02-19 00:00:00-05:00,16.252284475345324,16.35210363933898,16.06625895296229,16.293119430541992,9859700,0.0,0.0
2009-02-20 00:00:00-05:00,16.01181714751441,16.297660178499612,15.993667889125609,16.16608238220215,13236100,0.0,0.0
2009-02-23 00:00:00-05:00,16.36571604703154,16.36571604703154,15.893845799840612,15.930144309997559,10778400,0.0,0.0
2009-02-24 00:00:00-05:00,16.03449931481859,16.03449931481859,15.698745031991526,15.83486270904541,12551600,0.0,0.0
2009-02-25 00:00:00-05:00,15.780417978182163,15.970981724190423,15.657913083778674,15.7894926071167,26323300,0.0,0.0
2009-02-26 00:00:00-05:00,15.916524994737658,16.084401190290098,15.517250243741135,15.5217866897583,10910900,0.0,0.0
2009-02-27 00:00:00-05:00,15.272241481903107,15.4764161803525,15.163347732460954,15.18603515625,13862200,0.0,0.0
2009-03-02 00:00:00-05:00,14.877511857447386,15.19965334884993,14.759543429367877,14.859362602233887,16290300,0.0,0.0
2009-03-03 00:00:00-05:00,14.795840896896632,14.995477497748844,14.632501073104768,14.673336029052734,14967700,0.0,0.0
2009-03-04 00:00:00-05:00,14.9092704117012,15.299470698244116,14.79130199768179,15.195115089416504,14920300,0.0,0.0
2009-03-05 00:00:00-05:00,14.877514180430694,15.018166603276265,14.537223380681457,14.950109481811523,16889400,0.0,0.0
2009-03-06 00:00:00-05:00,15.058996339510816,15.176964745047561,14.75046598307182,15.127055168151855,15374600,0.0,0.0
2009-03-09 00:00:00-04:00,14.972785180253686,15.55354720308396,14.9546359343384,15.458266258239746,12549200,0.0,0.0
2009-03-10 00:00:00-04:00,15.694207493876924,15.694207493876924,15.136130941460769,15.449197769165039,11017200,0.0,0.0
2009-03-11 00:00:00-04:00,15.576240097771953,15.626147945360444,15.181501649077077,15.267709732055664,9251500,0.0,0.0
2009-03-12 00:00:00-04:00,15.313085550259078,15.748657346072417,15.099836101330096,15.716897010803223,7669500,0.0,0.0
2009-03-13 00:00:00-04:00,15.812177027449472,16.402015744541053,15.766805617277052,16.33849334716797,11342200,0.0,0.0
2009-03-16 00:00:00-04:00,16.43377621721924,16.99185287495386,16.411088781132236,16.860273361206055,9206700,0.0,0.0
2009-03-17 00:00:00-04:00,16.72415269958825,17.59529599933506,16.54720182500267,17.513626098632812,13755200,0.0,0.0
2009-03-18 00:00:00-04:00,17.341210856291795,17.813079208971423,17.21870602322447,17.368432998657227,12208500,0.0,0.0
2009-03-19 00:00:00-04:00,17.359366108376964,17.42288850741521,16.85573721135102,16.882959365844727,12822800,0.0,0.0
2009-03-20 00:00:00-04:00,16.969160158201806,17.554458728108408,16.969160158201806,17.40473175048828,18304800,0.0,0.0
2009-03-23 00:00:00-04:00,17.786700047315186,17.786700047315186,17.28968406125737,17.54279327392578,13056400,0.54,0.0
2009-03-24 00:00:00-04:00,17.35871579333205,17.989188256909365,17.35871579333205,17.855730056762695,13010100,0.0,0.0
2009-03-25 00:00:00-04:00,17.993793923715874,18.07662994734597,17.575012584484263,17.754491806030273,7969300,0.0,0.0
2009-03-26 00:00:00-04:00,17.860332005681865,17.87413742024122,17.473764598333926,17.625629425048828,12736300,0.0,0.0
2009-03-27 00:00:00-04:00,17.65324738189633,17.667052800656922,17.151630019180587,17.294292449951172,8728900,0.0,0.0
2009-03-30 00:00:00-04:00,17.252868597581124,17.4323460027957,16.774261013328513,16.90311622619629,8717500,0.0,0.0
2009-03-31 00:00:00-04:00,16.843289644485328,16.999757439238277,16.332470018444212,16.37388801574707,14856400,0.0,0.0
2009-04-01 00:00:00-04:00,16.208223302585658,16.737451555120124,16.176009485280144,16.66842269897461,10944400,0.0,0.0
2009-04-02 00:00:00-04:00,16.769665893288167,16.85710490485159,16.424516335276177,16.608596801757812,13244100,0.0,0.0
2009-04-03 00:00:00-04:00,16.585586004214534,16.746655084303768,16.47513738106669,16.659217834472656,10122200,0.0,0.0
2009-04-06 00:00:00-04:00,16.700637182456234,17.234468433340698,16.55337351017924,17.179244995117188,8652200,0.0,0.0
2009-04-07 00:00:00-04:00,16.958346805575847,17.257477111042455,16.843296958168896,17.018173217773438,11754800,0.0,0.0
2009-04-08 00:00:00-04:00,17.110209881971755,17.648642213006195,16.866304818052324,17.602622985839844,8867500,0.0,0.0
2009-04-09 00:00:00-04:00,17.92935772423247,17.92935772423247,17.229854834379903,17.354108810424805,7901000,0.0,0.0
2009-04-13 00:00:00-04:00,17.262066265625524,17.40472860867107,17.01356010313862,17.06418228149414,6492600,0.0,0.0
2009-04-14 00:00:00-04:00,16.90772021357804,16.93533104340539,16.525754016106276,16.7696590423584,8350900,0.0,0.0
2009-04-15 00:00:00-04:00,16.66842230642976,17.427750239276367,16.66842230642976,17.395536422729492,8083600,0.0,0.0
2009-04-16 00:00:00-04:00,17.524392322142376,17.524392322142376,17.036580372710887,17.48757553100586,7073300,0.0,0.0
2009-04-17 00:00:00-04:00,17.52899633412759,17.565811375604333,17.11021492364078,17.17464256286621,8923900,0.0,0.0
2009-04-20 00:00:00-04:00,16.972146963105818,17.3172963626088,16.884707991698527,16.985952377319336,8869300,0.0,0.0
2009-04-21 00:00:00-04:00,16.939940104043504,17.09180498921039,16.778869264932826,16.976755142211914,7414300,0.0,0.0
2009-04-22 00:00:00-04:00,16.870907841408666,17.128620105434273,16.682226181030273,16.682226181030273,9480500,0.0,0.0
2009-04-23 00:00:00-04:00,16.760455950851572,17.18844139656387,16.580978523073025,17.027372360229492,8630200,0.0,0.0
2009-04-24 00:00:00-04:00,17.147021190361585,17.46916097715957,17.050379780978368,17.225255966186523,9252600,0.0,0.0
2009-04-27 00:00:00-04:00,17.013570189738896,17.32650588189877,17.013570189738896,17.11481285095215,7162400,0.0,0.0
2009-04-28 00:00:00-04:00,16.935331470574763,17.19764489367541,16.866302638744507,16.949138641357422,7996400,0.0,0.0
2009-04-29 00:00:00-04:00,16.958346109583708,17.31730281251587,16.834093824342464,16.953744888305664,9783500,0.0,0.0
2009-04-30 00:00:00-04:00,17.054989580430565,17.18384484450195,16.654614857600787,16.659217834472656,18185200,0.0,0.0
2009-05-01 00:00:00-04:00,16.69603220030588,17.11941652390203,16.650012966565995,17.110212326049805,8875400,0.0,0.0
2009-05-04 00:00:00-04:00,17.15622533913672,17.579609509218567,17.11941031659777,17.547395706176758,8676300,0.0,0.0
2009-05-05 00:00:00-04:00,17.45995798739701,17.616425794322918,17.110207348367716,17.160829544067383,6827400,0.0,0.0
2009-05-06 00:00:00-04:00,17.349513236896872,18.2238908170858,17.14242320943707,18.08123016357422,11361000,0.0,0.0
2009-05-07 00:00:00-04:00,18.16867086059351,18.82675609809439,17.956979572375108,18.808347702026367,14231000,0.0,0.0
2009-05-08 00:00:00-04:00,18.951008989611527,19.17190446247501,18.642674518485453,18.91419219970703,8746800,0.0,0.0
2009-05-11 00:00:00-04:00,18.64267101524525,18.826751419133902,18.43097977963788,18.66107940673828,7628300,0.0,0.0
2009-05-12 00:00:00-04:00,18.757716216968916,19.406596935635516,18.55983220139408,19.254732131958008,10475100,0.0,0.0
2009-05-13 00:00:00-04:00,19.043049089436927,19.346780582159724,18.808346444070445,19.22252655029297,8644100,0.0,0.0
2009-05-14 00:00:00-04:00,19.19951976420912,19.650514971053585,19.15810174748252,19.521657943725586,9419200,0.0,0.0
2009-05-15 00:00:00-04:00,19.53545054769746,19.94042621410769,19.259330056977717,19.866792678833008,11214600,0.0,0.0
2009-05-18 00:00:00-04:00,19.995660822305577,20.11071065240455,19.549266919754814,19.64590835571289,9992400,0.0,0.0
2009-05-19 00:00:00-04:00,19.6044817928315,19.659706951158356,19.31915883022403,19.429607391357422,9561600,0.0,0.0
2009-05-20 00:00:00-04:00,19.57227373493659,20.004862157762215,19.355981279044617,19.876005172729492,7575100,0.0,0.0
2009-05-21 00:00:00-04:00,19.848403136349273,19.848403136349273,19.466436743149703,19.701139450073242,7137700,0.0,0.0
2009-05-22 00:00:00-04:00,19.392795975336433,19.87140361323638,19.392795975336433,19.655109405517578,5314000,0.0,0.0
2009-05-26 00:00:00-04:00,19.540057956308694,19.590680150087422,19.259336158459853,19.388193130493164,10845800,0.0,0.0
2009-05-27 00:00:00-04:00,19.351389469451913,19.37439909435296,19.015444030435436,19.16731071472168,8896000,0.0,0.0
2009-05-28 00:00:00-04:00,19.07525845518351,19.733343495235143,19.07525845518351,19.576875686645508,7339600,0.0,0.0
2009-05-29 00:00:00-04:00,19.65972062167124,19.65972062167124,19.305366842513187,19.62290382385254,8213000,0.0,0.0
2009-06-01 00:00:00-04:00,19.6413053596696,20.193544845335023,19.6413053596696,20.078495025634766,9056300,0.0,0.0
2009-06-02 00:00:00-04:00,20.01406736130798,20.658345296830333,19.94043554709054,20.524887084960938,7371900,0.0,0.0
2009-06-03 00:00:00-04:00,20.313198727450676,20.492676190410748,20.211954310182463,20.33620834350586,10864300,0.0,0.0
2009-06-04 00:00:00-04:00,20.31780002972958,20.5525009029863,19.991057188794297,20.4466552734375,7750800,0.0,0.0
2009-06-05 00:00:00-04:00,20.570908992994077,20.911455490774763,20.276381722852616,20.294788360595703,8512800,0.0,0.0
2009-06-08 00:00:00-04:00,20.147522530302126,20.69516075935308,19.991054715647685,20.492671966552734,6577900,0.0,0.0
2009-06-09 00:00:00-04:00,20.51107918534255,20.51107918534255,20.041675768211586,20.17973518371582,11056800,0.0,0.0
2009-06-10 00:00:00-04:00,20.18433990481485,20.382225727844084,19.691926835096766,20.02787208557129,8962500,0.0,0.0
2009-06-11 00:00:00-04:00,19.98185705222979,20.704371723388732,19.97265460911308,20.19355010986328,10803200,0.0,0.0
2009-06-12 00:00:00-04:00,20.096900921533503,20.4788671515037,19.880608462226867,20.02787208557129,7668100,0.0,0.0
2009-06-15 00:00:00-04:00,19.829985757768217,20.055484162754777,19.710334725166923,19.737945556640625,10373700,0.0,0.0
2009-06-16 00:00:00-04:00,19.834588403156616,19.917424414571972,19.429614297927028,19.448020935058594,9264500,0.0,0.0
2009-06-17 00:00:00-04:00,19.429619935111365,19.494047572566828,19.24553946622022,19.28235626220703,8242700,0.0,0.0
2009-06-18 00:00:00-04:00,19.346774722911533,19.84378894433466,19.300753749757135,19.5722713470459,10791600,0.0,0.0
2009-06-19 00:00:00-04:00,19.655114234985625,19.742553236877892,19.328373110865144,19.397403717041016,17642100,0.0,0.0
2009-06-22 00:00:00-04:00,19.36477364864686,19.46733021765744,19.18296696262848,19.383420944213867,14083200,0.54,0.0
2009-06-23 00:00:00-04:00,19.257551819792035,19.453343062440396,19.243565460814477,19.327476501464844,10973300,0.0,0.0
2009-06-24 00:00:00-04:00,19.37409115471518,19.57454507275535,19.271532839912282,19.406723022460938,9114600,0.0,0.0
2009-06-25 00:00:00-04:00,19.30882813285947,20.073351102679204,19.29018261910086,20.036056518554688,8934400,0.0,0.0
2009-06-26 00:00:00-04:00,19.532589774340064,20.040716864056698,19.462663326516235,19.863571166992188,8200400,0.0,0.0
2009-06-29 00:00:00-04:00,19.938154657734145,20.250488699582522,19.812288143192784,20.22718048095703,7483800,0.0,0.0
2009-06-30 00:00:00-04:00,20.26446981714781,20.381012658464183,19.816943954982936,20.334394454956055,14363200,0.0,0.0
2009-07-01 00:00:00-04:00,20.464936782480972,20.79591823747675,20.418318549049598,20.553508758544922,9547600,0.0,0.0
2009-07-02 00:00:00-04:00,20.32507962696963,20.502225320503538,19.966129084984786,20.017406463623047,8503900,0.0,0.0
2009-07-06 00:00:00-04:00,19.85891435252426,20.660730271577183,19.71906319365093,20.58148193359375,7843300,0.0,0.0
2009-07-07 00:00:00-04:00,20.539518085780685,20.903131307181237,20.343725120047374,20.395004272460938,9543000,0.0,0.0
2009-07-08 00:00:00-04:00,20.506883723617264,20.6234265909801,20.15725512152877,20.2737979888916,8664800,0.0,0.0
2009-07-09 00:00:00-04:00,20.35304568802642,20.35304568802642,19.63980392974685,19.737699508666992,7482700,0.0,0.0
2009-07-10 00:00:00-04:00,20.073351921666447,20.311098681097466,19.588532978089155,19.742368698120117,6827000,0.0,0.0
2009-07-13 00:00:00-04:00,19.830938180716917,20.101316755229927,19.714395293117455,19.998760223388672,6203100,0.0,0.0
2009-07-14 00:00:00-04:00,19.984770736038502,20.036049883075414,19.821611430287483,19.88687515258789,6033000,0.0,0.0
2009-07-15 00:00:00-04:00,19.989444867282803,20.548851315369674,19.928842042678173,20.525541305541992,6779000,0.0,0.0
2009-07-16 00:00:00-04:00,20.27845918383978,20.450942131846436,20.050034378396056,20.185224533081055,7422300,0.0,0.0
2009-07-17 00:00:00-04:00,20.27845566922968,20.544173221941573,20.05935454466618,20.51154136657715,6574300,0.0,0.0
2009-07-20 00:00:00-04:00,20.61411157318706,20.61411157318706,20.152600842879746,20.488245010375977,9231100,0.0,0.0
2009-07-21 00:00:00-04:00,20.544175967443323,20.73996890409818,20.208531949350984,20.464927673339844,5925600,0.0,0.0
2009-07-22 00:00:00-04:00,20.418323309223407,20.628100962811136,20.37636777850586,20.455617904663086,5176300,0.0,0.0
2009-07-23 00:00:00-04:00,20.716666436793556,21.910066440553432,20.674710919285882,21.453218460083008,11303200,0.0,0.0
2009-07-24 00:00:00-04:00,21.39727061793208,22.091865093996358,21.252756825868293,22.049909591674805,9537600,0.0,0.0
2009-07-27 00:00:00-04:00,21.989307743982355,22.66991945276317,21.60238634230645,21.77020835876465,8754300,0.0,0.0
2009-07-28 00:00:00-04:00,21.322688076663578,21.71427226076328,21.322688076663578,21.667654037475586,7305300,0.0,0.0
2009-07-29 00:00:00-04:00,21.560429496050947,21.891410797738157,21.457871208310088,21.826147079467773,5761000,0.0,0.0
2009-07-30 00:00:00-04:00,21.868102580970586,22.138482874722694,21.746898786797434,21.826147079467773,6425200,0.0,0.0
2009-07-31 00:00:00-04:00,21.76088924508183,22.255031754358182,21.644346351429206,21.723594665527344,6473700,0.0,0.0
2009-08-03 00:00:00-04:00,21.92404265687335,22.32495038716623,21.746898786797434,21.826147079467773,9388900,0.0,0.0
2009-08-04 00:00:00-04:00,21.807505002162987,22.073222649030726,21.700285756786826,21.900739669799805,5132200,0.0,0.0
2009-08-05 00:00:00-04:00,21.86810299869185,21.938029428633243,21.676972772262086,21.802839279174805,6272700,0.0,0.0
2009-08-06 00:00:00-04:00,21.835465281930446,21.91937626403119,21.602379615717826,21.905391693115234,4758300,0.0,0.0
2009-08-07 00:00:00-04:00,22.054569276650373,22.129156628512003,21.770204441958303,21.938026428222656,5111600,0.0,0.0
2009-08-10 00:00:00-04:00,21.737582045361755,22.021947003789876,21.718934754706645,22.003299713134766,5780900,0.0,0.0
2009-08-11 00:00:00-04:00,21.99864337641031,22.283008417245924,21.784204806643924,21.812175750732422,6113300,0.0,0.0
2009-08-12 00:00:00-04:00,21.723598280890265,21.97999411223961,21.667658180552102,21.695629119873047,5808900,0.0,0.0
2009-08-13 00:00:00-04:00,21.695629218382585,21.807509419566905,21.46720432531702,21.644350051879883,5642900,0.0,0.0
2009-08-14 00:00:00-04:00,21.588411423116334,21.886761017686688,21.457882141763914,21.73292350769043,4689400,0.0,0.0
2009-08-17 00:00:00-04:00,21.481185380045368,21.788858524787006,21.159525879881404,21.192157745361328,7421600,0.0,0.0
2009-08-18 00:00:00-04:00,21.187494654615286,21.770209019273008,20.991701703372673,21.593063354492188,6601600,0.0,0.0
2009-08-19 00:00:00-04:00,21.443892460695455,21.490508906897333,21.164190226877324,21.345996856689453,7579800,0.0,0.0
2009-08-20 00:00:00-04:00,21.34133358767527,21.74224141643251,21.266746208718345,21.667654037475586,5494100,0.0,0.0
2009-08-21 00:00:00-04:00,21.77021609075422,21.993978266069657,21.625702241188467,21.849464416503906,7337000,0.0,0.0
2009-08-24 00:00:00-04:00,21.756226116074536,22.171120303292664,21.756226116074536,22.110517501831055,6390600,0.0,0.0
2009-08-25 00:00:00-04:00,22.068564691819592,22.152475726177748,21.80750794289381,21.816831588745117,9507000,0.0,0.0
2009-08-26 00:00:00-04:00,21.7375789251746,22.0266047756283,21.7002843492176,21.760887145996094,7146900,0.0,0.0
2009-08-27 00:00:00-04:00,21.756226935201635,21.863447964248838,21.44389282803119,21.569759368896484,6784100,0.0,0.0
2009-08-28 00:00:00-04:00,21.49051004013694,21.56509742497515,21.112912182401278,21.145544052124023,7727300,0.0,0.0
2009-08-31 00:00:00-04:00,21.089595484839247,21.39726854597006,21.089595484839247,21.30869483947754,8126700,0.0,0.0
2009-09-01 00:00:00-04:00,21.29005962364158,21.41126525544703,21.01502004153004,21.05231285095215,7414300,0.0,0.0
2009-09-02 00:00:00-04:00,21.001026467829867,21.439228831561703,20.977718247659777,21.27606773376465,6145200,0.0,0.0
2009-09-03 00:00:00-04:00,21.420582427099564,21.420582427099564,21.038321909982326,21.3599796295166,7037900,0.0,0.0
2009-09-04 00:00:00-04:00,21.332007255167724,21.509152924733694,21.28072988346733,21.46719741821289,4768900,0.0,0.0
2009-09-08 00:00:00-04:00,21.625694404392,22.133821382420507,21.4065932424531,22.119836807250977,10048800,0.0,0.0
2009-09-09 00:00:00-04:00,22.026607411757865,22.203753112147766,21.798182552441663,22.012622833251953,6826100,0.0,0.0
2009-09-10 00:00:00-04:00,22.02194001258188,22.13382016438741,21.658325073456528,21.826147079467773,6629700,0.0,0.0
2009-09-11 00:00:00-04:00,21.793523710492302,22.30165085851079,21.732920900645055,22.105857849121094,7410600,0.0,0.0
2009-09-14 00:00:00-04:00,21.91471931873622,22.371568909577018,21.821486450371623,22.217731475830078,7043700,0.0,0.0
2009-09-15 00:00:00-04:00,22.259696193534143,22.329622652060447,21.77487725278784,21.86345100402832,7110100,0.0,0.0
2009-09-16 00:00:00-04:00,21.96600084484855,22.16645473451078,21.87276618807258,22.143146514892578,7671100,0.0,0.0
2009-09-17 00:00:00-04:00,22.14780945806268,22.38555794333926,22.129163947657393,22.157133102416992,7710400,0.0,0.0
2009-09-18 00:00:00-04:00,22.21308313752288,22.609328387634047,22.21308313752288,22.460153579711914,17568500,0.0,0.0
2009-09-21 00:00:00-04:00,22.42285129827502,22.62796792254765,22.376234853651262,22.576688766479492,5370500,0.0,0.0
2009-09-22 00:00:00-04:00,22.67925072492589,22.809778213500977,22.478796779869207,22.809778213500977,7484100,0.0,0.0
2009-09-23 00:00:00-04:00,22.861053307916183,23.28526934856672,22.795789575247383,23.02887535095215,8995600,0.0,0.0
2009-09-24 00:00:00-04:00,23.160953464837732,23.160953464837732,22.712830536247985,22.77886962890625,10624100,0.58,0.0
2009-09-25 00:00:00-04:00,22.6892360164679,22.73640806647134,22.406210914166106,22.47224998474121,6395200,0.0,0.0
2009-09-28 00:00:00-04:00,22.50055563188573,22.778864458799614,22.481686809857354,22.65150260925293,4432700,0.0,0.0
2009-09-29 00:00:00-04:00,22.70811024763958,23.094912152691187,22.651505573576703,22.98170280456543,5636300,0.0,0.0
2009-09-30 00:00:00-04:00,22.97698593939944,23.043025029277025,22.5996184262202,22.991138458251953,8976900,0.0,0.0
2009-10-01 00:00:00-04:00,22.962839928720893,22.991143172799518,22.698681715612206,22.79302406311035,7630200,0.0,0.0
2009-10-02 00:00:00-04:00,22.698668998239178,22.873202873125447,22.6420643412264,22.811880111694336,6963100,0.0,0.0
2009-10-05 00:00:00-04:00,22.877925310948385,23.241142073053815,22.533577372715204,23.137365341186523,9709500,0.0,0.0
2009-10-06 00:00:00-04:00,23.193975108648573,23.599645913869686,23.17510808006168,23.543041229248047,8904300,0.0,0.0
2009-10-07 00:00:00-04:00,23.49115038865693,23.519453627715137,23.302467526559738,23.392091751098633,9683800,0.0,0.0
2009-10-08 00:00:00-04:00,23.51944878267542,23.868512995334157,23.46284411564993,23.750585556030273,7524100,0.0,0.0
2009-10-09 00:00:00-04:00,23.901538012098314,24.04305241123894,23.51945417282356,23.67511749267578,5219400,0.0,0.0
2009-10-12 00:00:00-04:00,23.764736657982848,23.844926448210572,23.60907158363988,23.79775619506836,3310400,0.0,0.0
2009-10-13 00:00:00-04:00,23.717565801863607,23.7741722678056,23.4156718478926,23.52888298034668,5416900,0.0,0.0
2009-10-14 00:00:00-04:00,23.642108492356563,23.85909649476562,23.35436505824486,23.741168975830078,5591900,0.0,0.0
2009-10-15 00:00:00-04:00,23.627949406847133,23.915692739161496,23.62323309950794,23.764745712280273,7219200,0.0,0.0
2009-10-16 00:00:00-04:00,23.675118407819298,24.175131532182306,23.623231832149813,24.033618927001953,8630700,0.0,0.0
2009-10-19 00:00:00-04:00,24.085505568754296,24.42513543685912,23.943991174327824,24.269472122192383,6689900,0.0,0.0
2009-10-20 00:00:00-04:00,24.321370406073594,24.694019971575074,24.26948201356008,24.316652297973633,8639700,0.0,0.0
2009-10-21 00:00:00-04:00,24.198708584265578,24.387393194440243,23.788321626479963,23.972288131713867,7966000,0.0,0.0
2009-10-22 00:00:00-04:00,23.91097343547837,23.958145503661516,22.87792943457794,23.33077049255371,13783700,0.0,0.0
2009-10-23 00:00:00-04:00,23.28831166363685,23.321331204748752,22.96283255863524,23.146799087524414,7676500,0.0,0.0
2009-10-26 00:00:00-04:00,23.236426564677206,23.359072134125746,22.92509813370595,22.9958553314209,7051800,0.0,0.0
2009-10-27 00:00:00-04:00,23.010004429071415,23.231708620147327,22.826037887297858,23.071327209472656,7695000,0.0,0.0
2009-10-28 00:00:00-04:00,22.948680792419527,23.335482655856108,22.915661252816157,23.09490966796875,8683600,0.0,0.0
2009-10-29 00:00:00-04:00,23.10906714203197,23.26944856855289,22.854343382363982,23.118499755859375,7444900,0.0,0.0
2009-10-30 00:00:00-04:00,23.113783332286225,23.113783332286225,22.203383150958075,22.340179443359375,15503500,0.0,0.0
2009-11-02 00:00:00-05:00,22.349621155482374,22.97699454368466,22.208108509976146,22.91095542907715,9781700,0.0,0.0
2009-11-03 00:00:00-05:00,22.764718656988965,22.82132513977011,22.476977133621798,22.571317672729492,8170400,0.0,0.0
2009-11-04 00:00:00-05:00,22.656215778380282,22.74584177089175,22.307151616331424,22.349605560302734,8214700,0.0,0.0
2009-11-05 00:00:00-05:00,22.453381006228902,23.01471670101393,22.453381006228902,22.953393936157227,8068900,0.0,0.0
2009-11-06 00:00:00-05:00,22.868492701371864,23.076044382034357,22.731696416661705,23.033592224121094,6527600,0.0,0.0
2009-11-09 00:00:00-05:00,23.16566934620026,23.58549079443233,23.090195847635282,23.524168014526367,6462200,0.0,0.0
2009-11-10 00:00:00-05:00,23.40623819560741,23.760020521778024,23.316613987438977,23.505298614501953,5521100,0.0,0.0
2009-11-11 00:00:00-05:00,23.618510815783253,23.703418728316713,23.250577727758383,23.278879165649414,4880900,0.0,0.0
2009-11-12 00:00:00-05:00,23.2364207907944,23.703414220925954,23.231704485186132,23.566617965698242,6943900,0.0,0.0
2009-11-13 00:00:00-05:00,23.61851044348461,23.722287179263045,23.46284713924711,23.656248092651367,5836000,0.0,0.0
2009-11-16 00:00:00-05:00,23.632653138179823,23.986435381562334,23.585482892167306,23.88737678527832,8650100,0.0,0.0
2009-11-17 00:00:00-05:00,23.826059830882357,24.047763999902028,23.778889573377313,23.873231887817383,6530400,0.0,0.0
2009-11-18 00:00:00-05:00,23.816621685824334,23.873226341565935,23.67982545163837,23.830772399902344,6059900,0.0,0.0
2009-11-19 00:00:00-05:00,23.684558404555016,23.764750039366618,23.543045766016057,23.651538848876953,6392100,0.0,0.0
2009-11-20 00:00:00-05:00,23.590202306555256,23.71756414689279,23.410953908536303,23.4581241607666,7772400,0.0,0.0
2009-11-23 00:00:00-05:00,23.528883179233027,23.764738057695265,23.42982276271215,23.618507385253906,7239600,0.0,0.0
2009-11-24 00:00:00-05:00,23.627936211958378,23.925113792424472,23.609067394277783,23.73642921447754,8046800,0.0,0.0
2009-11-25 00:00:00-05:00,23.750588903432753,23.854365640464017,23.65624837823725,23.731721878051758,5797300,0.0,0.0
2009-11-27 00:00:00-05:00,23.344923177657396,23.703421901230097,23.170389223292265,23.580778121948242,3605100,0.0,0.0
2009-11-30 00:00:00-05:00,23.56661938385893,23.58077190039507,22.646784983927745,22.68452262878418,17340200,0.0,0.0
2009-12-01 00:00:00-05:00,22.892073863537505,23.335482185438337,22.877923146687024,23.193967819213867,9529700,0.0,0.0
2009-12-02 00:00:00-05:00,23.193967819213867,23.505297985363768,23.1420812576188,23.193967819213867,5426800,0.0,0.0
2009-12-03 00:00:00-05:00,23.208126050615732,23.505303773666796,23.175106503546765,23.3402042388916,8830500,0.0,0.0
2009-12-04 00:00:00-05:00,23.481714823568584,23.821346477882795,23.31189899641148,23.50058364868164,8208200,0.0,0.0
2009-12-07 00:00:00-05:00,23.401522454292515,23.656246167144374,23.368502913674313,23.5100154876709,8917400,0.0,0.0
2009-12-08 00:00:00-05:00,23.396818301938204,23.543049068619084,22.85435281153703,23.132661819458008,8198300,0.0,0.0
2009-12-09 00:00:00-05:00,23.344927181934878,23.429833320967262,22.953407043529328,23.142091751098633,7889500,0.0,0.0
2009-12-10 00:00:00-05:00,23.24114245239024,23.392089446971788,22.972268005827466,23.052457809448242,6891500,0.0,0.0
2009-12-11 00:00:00-05:00,23.0524644385955,23.264734273089694,22.830761988728792,22.868497848510742,9229600,0.0,0.0
2009-12-14 00:00:00-05:00,23.37793451630394,23.79303777689464,23.26944149596116,23.7081298828125,12467800,0.0,0.0
2009-12-15 00:00:00-05:00,23.49586364020271,23.769454363515344,23.46756040699247,23.618507385253906,7803800,0.0,0.0
2009-12-16 00:00:00-05:00,23.585488520412436,23.840212228296085,23.552468980438256,23.623226165771484,9946200,0.0,0.0
2009-12-17 00:00:00-05:00,23.566626515207197,23.576060929276196,23.21284408505702,23.250581741333008,8658000,0.0,0.0
2009-12-18 00:00:00-05:00,23.476991991205914,23.476991991205914,22.793012566137175,22.953393936157227,20178700,0.0,0.0
2009-12-21 00:00:00-05:00,23.18454778198298,23.3307767338932,23.109074252130032,23.231718063354492,9102000,0.0,0.0
2009-12-22 00:00:00-05:00,23.311896903614265,23.505299644515297,23.278877362345806,23.396804809570312,7071100,0.0,0.0
2009-12-23 00:00:00-05:00,23.35385170757689,23.539994929630616,23.253621021966563,23.29180335998535,7117600,0.58,0.0
2009-12-24 00:00:00-05:00,23.272714380175984,23.425449214755716,23.272714380175984,23.339536666870117,2514400,0.0,0.0
2009-12-28 00:00:00-05:00,23.339532206921252,23.42544473838983,23.258391784658347,23.31566619873047,4449200,0.0,0.0
2009-12-29 00:00:00-05:00,23.282255972128333,23.38248847265554,23.19634344065975,23.31566619873047,4916000,0.0,0.0
2009-12-30 00:00:00-05:00,23.19156727253136,23.36339230539619,23.129518939392284,23.224977493286133,4561400,0.0,0.0
2009-12-31 00:00:00-05:00,23.19156943885367,23.329984263893042,22.9672420893568,23.000652313232422,4383100,0.0,0.0
2010-01-04 00:00:00-05:00,23.06748397255654,23.668870067864724,23.029299803599127,23.554319381713867,7844500,0.0,0.0
2010-01-05 00:00:00-05:00,23.563860485650114,23.659319067316908,23.272712630890844,23.349079132080078,7168600,0.0,0.0
2010-01-06 00:00:00-05:00,23.22498425041795,23.387263293035197,23.048387057803037,23.349079132080078,11777200,0.0,0.0
2010-01-07 00:00:00-05:00,23.277493460549582,23.673644233907908,23.17726273941668,23.640233993530273,8905400,0.0,0.0
2010-01-08 00:00:00-05:00,23.539996381929992,23.635454963947623,23.28225875669869,23.5113582611084,6580800,0.0,0.0
2010-01-11 00:00:00-05:00,23.759551930374418,23.76909797148571,23.50658821344929,23.597272872924805,6090900,0.0,0.0
2010-01-12 00:00:00-05:00,23.563855702794093,23.563855702794093,23.315664169125323,23.46839714050293,6752900,0.0,0.0
2010-01-13 00:00:00-05:00,23.468395309989702,23.812045379145246,23.468395309989702,23.707040786743164,5926400,0.0,0.0
2010-01-14 00:00:00-05:00,23.61635726080457,23.855002748671293,23.61635726080457,23.67363166809082,4602200,0.0,0.0
2010-01-15 00:00:00-05:00,23.7022738419678,23.850234725248242,23.606815266326254,23.683181762695312,8269200,0.0,0.0
2010-01-19 00:00:00-05:00,23.67363354498066,23.960009245557476,23.630677280930172,23.907506942749023,8804100,0.0,0.0
2010-01-20 00:00:00-05:00,23.81683173139511,23.821603842302345,23.24408192429034,23.501819610595703,6461400,0.0,0.0
2010-01-21 00:00:00-05:00,23.492265680835747,23.53522194746463,22.714280772210785,22.78110122680664,10276000,0.0,0.0
2010-01-22 00:00:00-05:00,22.719057673086922,22.800198114152582,22.294268847233745,22.341999053955078,8717000,0.0,0.0
2010-01-25 00:00:00-05:00,22.47563313826852,22.7333707138131,22.442222914111333,22.456541061401367,5880900,0.0,0.0
2010-01-26 00:00:00-05:00,22.28472113866883,22.623599208513042,22.28472113866883,22.432682037353516,5858200,0.0,0.0
2010-01-27 00:00:00-05:00,22.36108349064261,22.480406245279383,22.060391459876882,22.260852813720703,5177700,0.0,0.0
2010-01-28 00:00:00-05:00,22.27038420860392,22.480391463214115,21.964918448909255,22.05560302734375,5594200,0.0,0.0
2010-01-29 00:00:00-05:00,22.208352762287266,22.475636415235606,21.683333316936917,21.721515655517578,7064100,0.0,0.0
2010-02-01 00:00:00-05:00,21.831282169576312,22.065153643863514,21.778779889836756,22.00787925720215,8066200,0.0,0.0
2010-02-02 00:00:00-05:00,22.055611593156197,22.776321856765055,21.988791159861655,22.719045639038086,8715600,0.0,0.0
2010-02-03 00:00:00-05:00,22.59017904881009,22.642679518121195,22.341987563665523,22.418354034423828,5001800,0.0,0.0
2010-02-04 00:00:00-05:00,22.241760268548443,22.341992764084498,21.90765801916394,21.926748275756836,6728400,0.0,0.0
2010-02-05 00:00:00-05:00,22.060399337131347,22.060399337131347,21.482875614721348,21.793115615844727,8451200,0.0,0.0
2010-02-08 00:00:00-05:00,21.626061035759708,22.08903217835554,21.626061035759708,21.731063842773438,5242500,0.0,0.0
2010-02-09 00:00:00-05:00,21.92198272124367,22.432684107392568,21.81220597494936,22.3610897064209,8742400,0.0,0.0
2010-02-10 00:00:00-05:00,22.341999053955078,22.47563999133238,22.14153582716791,22.341999053955078,6480000,0.0,0.0
2010-02-11 00:00:00-05:00,22.265621733907267,23.353844428721814,21.979246094779004,23.229747772216797,16677800,0.0,0.0
2010-02-12 00:00:00-05:00,23.07702009574821,23.831140781524113,23.00542753515883,23.52567481994629,13040700,0.0,0.0
2010-02-16 00:00:00-05:00,23.673646798611017,23.826379862804245,23.41591089073604,23.58773422241211,11304100,0.0,0.0
2010-02-17 00:00:00-05:00,23.630674338265262,23.812045410639517,23.554307858431972,23.783409118652344,7402400,0.0,0.0
2010-02-18 00:00:00-05:00,23.668861686108954,24.031602059141715,23.668861686108954,23.998191833496094,7533300,0.0,0.0
2010-02-19 00:00:00-05:00,23.96000987264735,24.060240551148183,23.76909273393272,23.855005264282227,8931900,0.0,0.0
2010-02-22 00:00:00-05:00,23.86455248348677,23.897962711305983,23.711819493250125,23.745229721069336,8233500,0.0,0.0
2010-02-23 00:00:00-05:00,23.745232179656924,23.864554954429067,23.473176398834116,23.53045082092285,10514700,0.0,0.0
2010-02-24 00:00:00-05:00,23.539989712438384,23.850229560916414,23.372938606778213,23.783409118652344,8305900,0.0,0.0
2010-02-25 00:00:00-05:00,23.592502741974005,23.80728413319378,23.38726739266637,23.678415298461914,9596000,0.0,0.0
2010-02-26 00:00:00-05:00,23.68317625686925,23.687950185937982,23.363392196641968,23.377710342407227,8502800,0.0,0.0
2010-03-01 00:00:00-05:00,23.41112382276713,23.506582389508264,23.287028960508167,23.353849411010742,8198300,0.0,0.0
2010-03-02 00:00:00-05:00,23.573401584541543,23.907505639981473,23.43976069065382,23.77386474609375,7126700,0.0,0.0
2010-03-03 00:00:00-05:00,23.77863877294053,23.94568990377525,23.730910398622257,23.855005264282227,7166800,0.0,0.0
2010-03-04 00:00:00-05:00,23.94091989571083,24.24638588788562,23.893191517203867,24.1795654296875,7350200,0.0,0.0
2010-03-05 00:00:00-05:00,24.222526522380548,24.523220464874132,24.112749773376514,24.461172103881836,7140400,0.0,0.0
2010-03-08 00:00:00-05:00,24.40388858114825,24.47548113649022,24.19387938241566,24.241609573364258,6970700,0.0,0.0
2010-03-09 00:00:00-05:00,24.15570953461143,24.236848170077455,23.960020202386914,24.04593276977539,6203800,0.0,0.0
2010-03-10 00:00:00-05:00,23.98387011547157,24.060236594254203,23.79295300815475,24.007734298706055,5967300,0.0,0.0
2010-03-11 00:00:00-05:00,24.002965367423464,24.107968151697648,23.711817559552674,23.979101181030273,8066600,0.0,0.0
2010-03-12 00:00:00-05:00,23.98388355054436,24.10320635427841,23.840696550207795,23.931381225585938,6118200,0.0,0.0
2010-03-15 00:00:00-04:00,23.88841298506431,24.399114183735396,23.773864170425878,24.30365562438965,9131000,0.0,0.0
2010-03-16 00:00:00-04:00,24.332297502991324,24.547078839569096,24.255931007843763,24.45639419555664,5970200,0.0,0.0
2010-03-17 00:00:00-04:00,24.556625938483165,24.78095150350156,24.470713400145584,24.73799705505371,6784300,0.0,0.0
2010-03-18 00:00:00-04:00,24.790497379698987,24.814363389640345,24.652084353932146,24.73322296142578,6092500,0.0,0.0
2010-03-19 00:00:00-04:00,25.143692016601562,25.224830619080407,24.737995362765698,25.143692016601562,15243800,0.0,0.0
2010-03-22 00:00:00-04:00,25.0052795530473,25.32983763522276,24.928913052577837,25.243925094604492,6994400,0.0,0.0
2010-03-23 00:00:00-04:00,25.190835077650316,25.30665397644043,24.94471669613197,25.30665397644043,7052200,0.58,0.0
2010-03-24 00:00:00-04:00,25.301839903226192,25.432137601421317,25.01711571255736,25.041244506835938,8034100,0.0,0.0
2010-03-25 00:00:00-04:00,25.152235895756316,25.350094934334017,24.930248065334276,24.959203720092773,6076200,0.0,0.0
2010-03-26 00:00:00-04:00,24.98815856986061,25.311490284887146,24.939900984171345,25.152236938476562,5112400,0.0,0.0
2010-03-29 00:00:00-04:00,25.224619229009274,25.45143387843683,25.214967345958264,25.35009002685547,7271600,0.0,0.0
2010-03-30 00:00:00-04:00,25.3935240481356,25.538298620453258,25.17153624785462,25.33078956604004,4820600,0.0,0.0
2010-03-31 00:00:00-04:00,25.335615746333165,25.335615746333165,25.070195378124737,25.171537399291992,6486100,0.0,0.0
2010-04-01 00:00:00-04:00,25.210144478751175,25.422480401289206,25.17153694324865,25.321138381958008,5846800,0.0,0.0
2010-04-05 00:00:00-04:00,25.383868925857303,25.57207787085654,25.26805001914367,25.504514694213867,4390900,0.0,0.0
2010-04-06 00:00:00-04:00,25.403175991123497,25.55277742604962,25.35974343523582,25.408002853393555,4451200,0.0,0.0
2010-04-07 00:00:00-04:00,25.36939703977305,25.48039094770214,25.234274341582633,25.34526824951172,5572600,0.0,0.0
2010-04-08 00:00:00-04:00,25.234274857174025,25.44178577129704,25.1956673192401,25.27288055419922,4755700,0.0,0.0
2010-04-09 00:00:00-04:00,25.461078071720696,25.485208694259217,25.108792705373105,25.456253051757812,4844300,0.0,0.0
2010-04-12 00:00:00-04:00,25.509341878527213,25.673420199203914,25.451432424437893,25.55277442932129,5055600,0.0,0.0
2010-04-13 00:00:00-04:00,25.470741176842076,25.490044947016344,25.13293440333662,25.316314697265625,4531800,0.0,0.0
2010-04-14 00:00:00-04:00,25.13776438438414,25.13776438438414,24.5152314802725,24.75652313232422,12739900,0.0,0.0
2010-04-15 00:00:00-04:00,24.44283404858608,24.910938390309468,24.44283404858608,24.896461486816406,6596800,0.0,0.0
2010-04-16 00:00:00-04:00,24.828898711991123,24.939892594465533,24.399400084748486,24.486265182495117,8822900,0.0,0.0
2010-04-19 00:00:00-04:00,24.394582952832078,24.824081751376692,24.394582952832078,24.780649185180664,5769800,0.0,0.0
2010-04-20 00:00:00-04:00,24.84338342597104,26.01606077335872,24.688956946068117,25.05571937561035,6890900,0.0,0.0
2010-04-21 00:00:00-04:00,25.079850449317668,25.514174241331972,24.997810344917117,25.089502334594727,6611300,0.0,0.0
2010-04-22 00:00:00-04:00,24.312542013500327,24.766169556572343,24.167767422384472,24.727563858032227,10098900,0.0,0.0
2010-04-23 00:00:00-04:00,24.698619345449355,24.72274814803548,24.41872008090334,24.6793155670166,6457700,0.0,0.0
2010-04-26 00:00:00-04:00,24.631047078907248,24.67930466275745,24.158115761721724,24.191896438598633,7802200,0.0,0.0
2010-04-27 00:00:00-04:00,24.133973079720015,24.16292872011899,23.270150978258176,23.376317977905273,12135800,0.0,0.0
2010-04-28 00:00:00-04:00,23.487324163460762,23.810655874412333,23.419762807983712,23.69001007080078,9074100,0.0,0.0
2010-04-29 00:00:00-04:00,23.86373729218785,24.27393223601459,23.805827829262476,23.92647361755371,7819100,0.0,0.0
2010-04-30 00:00:00-04:00,23.87339163331986,24.037469995919984,23.65622882386251,23.685184478759766,6884400,0.0,0.0
2010-05-03 00:00:00-04:00,23.801002747636478,23.974732990319904,23.718964489096397,23.849260330200195,6482700,0.0,0.0
2010-05-04 00:00:00-04:00,23.65139713408087,24.008509441297882,23.579010772973785,23.64657211303711,9986300,0.0,0.0
2010-05-05 00:00:00-04:00,23.593485505163564,23.911990251077405,23.405278406338333,23.506620407104492,7506100,0.0,0.0
2010-05-06 00:00:00-04:00,23.40528461780954,23.603143651251578,21.233660271827212,22.68140983581543,16460800,0.0,0.0
2010-05-07 00:00:00-04:00,22.266391329588686,22.681413227878288,22.160222423260915,22.401514053344727,14566200,0.0,0.0
2010-05-10 00:00:00-04:00,23.120553679197474,23.66587303707929,23.01921168127228,23.332889556884766,9709700,0.0,0.0
2010-05-11 00:00:00-04:00,23.038515444946096,23.46801406169325,23.038515444946096,23.332889556884766,8924200,0.0,0.0
2010-05-12 00:00:00-04:00,23.130210684135474,23.313592797837497,22.932351664925715,23.15916633605957,8489700,0.0,0.0
2010-05-13 00:00:00-04:00,23.09643806890808,23.25568960778109,22.831017610180208,22.855146408081055,6602600,0.0,0.0
2010-05-14 00:00:00-04:00,22.811709812750408,22.908226828242718,22.338778461837936,22.46907615661621,10548700,0.0,0.0
2010-05-17 00:00:00-04:00,22.488374730472994,22.59937047831324,22.14574112547876,22.31947135925293,9076800,0.0,0.0
2010-05-18 00:00:00-04:00,22.411169897523198,22.565596420777585,21.89480586522084,21.98649787902832,10435700,0.0,0.0
2010-05-19 00:00:00-04:00,21.894792606479697,22.44976385397864,21.76449496121712,22.324291229248047,11069300,0.0,0.0
2010-05-20 00:00:00-04:00,21.94305230799498,22.160213212077394,21.470121130519843,21.499074935913086,13066700,0.0,0.0
2010-05-21 00:00:00-04:00,21.185404351776217,21.576295586544042,20.93446085341807,21.359132766723633,16035700,0.0,0.0
2010-05-24 00:00:00-04:00,21.252968106704177,21.581124884588224,21.0261533758672,21.37843894958496,12667000,0.0,0.0
2010-05-25 00:00:00-04:00,21.040633745846062,21.195060273672095,20.736607554700107,21.09854507446289,15891000,0.0,0.0
2010-05-26 00:00:00-04:00,21.1612668949358,21.50390227391717,21.01649234203674,21.08888053894043,14571200,0.0,0.0
2010-05-27 00:00:00-04:00,21.344644234804164,21.619716376470183,21.277082914522396,21.57145881652832,11520600,0.0,0.0
2010-05-28 00:00:00-04:00,21.600425557651608,21.61972932955704,21.243314981946217,21.29157257080078,14109100,0.0,0.0
2010-06-01 00:00:00-04:00,21.122664065492177,21.51838208939971,20.997191419331113,21.219181060791016,9173500,0.0,0.0
2010-06-02 00:00:00-04:00,21.252961641900665,21.745196658996893,21.252961641900665,21.74036979675293,9575200,0.0,0.0
2010-06-03 00:00:00-04:00,21.745200605989723,21.88997520414125,21.566643488724242,21.72589683532715,6411200,0.0,0.0
2010-06-04 00:00:00-04:00,21.508737532908256,21.595602674177684,20.99719857220042,21.10819435119629,11855100,0.0,0.0
2010-06-07 00:00:00-04:00,21.098531046051964,21.354299467532922,20.784851334459386,20.83310890197754,10536000,0.0,0.0
2010-06-08 00:00:00-04:00,20.813819498079283,21.122672534136154,20.722127487374753,21.103368759155273,11988100,0.0,0.0
2010-06-09 00:00:00-04:00,21.22401684439554,21.783813491899526,21.127499800154954,21.30605697631836,11085700,0.0,0.0
2010-06-10 00:00:00-04:00,21.518385578937018,21.996143770642405,21.518385578937018,21.769329071044922,9979300,0.0,0.0
2010-06-11 00:00:00-04:00,21.639039303175885,21.687296905860997,20.794518369819638,21.402572631835938,15482400,0.0,0.0
2010-06-14 00:00:00-04:00,21.52803642065794,22.174697969501437,21.52803642065794,21.991315841674805,11379200,0.0,0.0
2010-06-15 00:00:00-04:00,22.305002813354164,22.305002813354164,21.943065304306188,21.98649787902832,9119600,0.0,0.0
2010-06-16 00:00:00-04:00,21.90445141829556,22.092658574025716,21.778980594778407,21.981664657592773,6227700,0.0,0.0
2010-06-17 00:00:00-04:00,22.092650079326365,22.17951517024941,21.880314213130106,22.00578498840332,7420800,0.0,0.0
2010-06-18 00:00:00-04:00,22.03956713575676,22.33394309248359,22.00578646933646,22.15538787841797,13155400,0.0,0.0
2010-06-21 00:00:00-04:00,22.333948772101945,22.507679009819974,22.165045397047596,22.338775634765625,10605200,0.0,0.0
2010-06-22 00:00:00-04:00,22.387645228782723,22.48538503646358,21.96735734439264,21.986906051635742,8248600,0.58,0.0
2010-06-23 00:00:00-04:00,22.46095116565771,23.0083038092064,22.431629967649066,22.719966888427734,15496300,0.0,0.0
2010-06-24 00:00:00-04:00,22.617334687469633,22.832366725997705,22.500046179424523,22.690641403198242,13230100,0.0,0.0
2010-06-25 00:00:00-04:00,22.75417152801352,22.969201681126226,22.431625366210938,22.431625366210938,17658200,0.0,0.0
2010-06-28 00:00:00-04:00,22.480501367736643,22.81282197187937,22.43163145829641,22.62222671508789,9271200,0.0,0.0
2010-06-29 00:00:00-04:00,22.431631497873187,22.871466276413955,22.25569684074986,22.343664169311523,11364000,0.0,0.0
2010-06-30 00:00:00-04:00,22.553803365997773,22.65643127285884,22.358320040700093,22.40230369567871,10800400,0.0,0.0
2010-07-01 00:00:00-04:00,22.368098062790544,22.812820929744017,22.260582029812518,22.74928855895996,12567400,0.0,0.0
2010-07-02 00:00:00-04:00,22.78838196650278,22.910558577292548,22.592898643532294,22.700414657592773,6941700,0.0,0.0
2010-07-06 00:00:00-04:00,22.847029540046368,23.062059735169363,22.64665994378457,22.85680389404297,9049400,0.0,0.0
2010-07-07 00:00:00-04:00,22.768846297579177,23.242892415422492,22.67110458013224,23.233118057250977,11016500,0.0,0.0
2010-07-08 00:00:00-04:00,23.43347253318699,23.790227985742803,23.296633471848452,23.72180938720703,8888200,0.0,0.0
2010-07-09 00:00:00-04:00,23.84887615994395,23.897747927137107,23.56542736729281,23.746248245239258,5783600,0.0,0.0
2010-07-12 00:00:00-04:00,23.73648766909461,23.941745481908427,23.58498789926223,23.868438720703125,5136000,0.0,0.0
2010-07-13 00:00:00-04:00,24.005260077157192,24.166534098994838,23.946615825701297,24.09322738647461,5681200,0.0,0.0
2010-07-14 00:00:00-04:00,24.034584354461447,24.303372540227887,23.927068334447977,24.20074462890625,5539000,0.0,0.0
2010-07-15 00:00:00-04:00,24.2496224724526,24.5819431301838,24.107898966515233,24.484201431274414,8227500,0.0,0.0
2010-07-16 00:00:00-04:00,24.43043754629799,24.870272255971653,24.195856797351333,24.274049758911133,8352500,0.0,0.0
2010-07-19 00:00:00-04:00,24.195858900336226,24.48419582069893,24.15676334829196,24.4157772064209,5500900,0.0,0.0
2010-07-20 00:00:00-04:00,24.26916021059658,24.80185027128954,24.25449961488343,24.743206024169922,6860200,0.0,0.0
2010-07-21 00:00:00-04:00,24.816515488320906,24.855612903192686,24.04436018727674,24.381567001342773,8481500,0.0,0.0
2010-07-22 00:00:00-04:00,24.62103022388489,24.968011338357222,24.386451363497944,24.845834732055664,8090500,0.0,0.0
2010-07-23 00:00:00-04:00,24.836062681166716,24.90936939744713,24.567274495250594,24.757869720458984,7968500,0.0,0.0
2010-07-26 00:00:00-04:00,24.71388635679331,25.03643255657336,24.71388635679331,25.016883850097656,5317700,0.0,0.0
2010-07-27 00:00:00-04:00,25.05110109150664,25.109747229515236,24.8996032289874,25.090198516845703,7215100,0.0,0.0
2010-07-28 00:00:00-04:00,25.099960803012593,25.14394445323408,24.875156308221403,24.943574905395508,5187200,0.0,0.0
2010-07-29 00:00:00-04:00,25.002224776415368,25.192820015503276,24.816515782110596,25.011999130249023,7213200,0.0,0.0
2010-07-30 00:00:00-04:00,24.826284550049216,25.07063774810928,24.7285428979718,24.943574905395508,7115800,0.0,0.0
2010-08-02 00:00:00-04:00,25.153729011332803,25.412742909809424,25.046212963994865,25.3931941986084,6944000,0.0,0.0
2010-08-03 00:00:00-04:00,25.31988744046455,25.657094294339544,25.31988744046455,25.486047744750977,6826800,0.0,0.0
2010-08-04 00:00:00-04:00,25.47626557166505,25.657086420634766,25.393184512884154,25.5300235748291,4903000,0.0,0.0
2010-08-05 00:00:00-04:00,25.45183662111535,25.4567228660693,25.266127620318983,25.324771881103516,6634300,0.0,0.0
2010-08-06 00:00:00-04:00,25.183046120868706,25.515366700203295,25.03643453922519,25.505592346191406,6231900,0.0,0.0
2010-08-09 00:00:00-04:00,25.59844849421541,25.715737017108662,25.495818706349496,25.6766414642334,6837600,0.0,0.0
2010-08-10 00:00:00-04:00,25.456706357579268,26.01871924046103,25.437157661905797,25.886768341064453,8210600,0.0,0.0
2010-08-11 00:00:00-04:00,25.520260104339275,25.642436758436236,25.23192312609973,25.29056739807129,7369600,0.0,0.0
2010-08-12 00:00:00-04:00,25.03155177244152,25.49093528922635,25.012003061701485,25.339435577392578,7476900,0.0,0.0
2010-08-13 00:00:00-04:00,25.212374501953413,25.549581397300706,25.212374501953413,25.40785789489746,6276000,0.0,0.0
2010-08-16 00:00:00-04:00,25.246583816078452,25.4420672090225,24.90448881056027,25.40785789489746,5486600,0.0,0.0
2010-08-17 00:00:00-04:00,25.578899071081086,25.92099400445343,25.407852536528615,25.691301345825195,6503900,0.0,0.0
2010-08-18 00:00:00-04:00,25.681530770831927,25.896562862216747,25.520258566560994,25.78415870666504,9184200,0.0,0.0
2010-08-19 00:00:00-04:00,25.764611955208238,25.764611955208238,25.227033589027997,25.412742614746094,9741700,0.0,0.0
2010-08-20 00:00:00-04:00,25.290570861598333,25.622891555394595,25.290570861598333,25.402973175048828,7730100,0.0,0.0
2010-08-23 00:00:00-04:00,25.46160739366101,25.65220449082316,25.27101216076617,25.280786514282227,5506500,0.0,0.0
2010-08-24 00:00:00-04:00,25.075527570010824,25.266122779242437,24.95335096262983,25.173267364501953,7319800,0.0,0.0
2010-08-25 00:00:00-04:00,25.0071075272584,25.29055815602926,24.889819026176543,25.17815589904785,10833600,0.0,0.0
2010-08-26 00:00:00-04:00,25.187936622296036,25.334548217864356,24.699230060889906,24.953357696533203,6954300,0.0,0.0
2010-08-27 00:00:00-04:00,24.992447504918026,25.23191448521842,24.75298238888479,25.13905906677246,6943100,0.0,0.0
2010-08-30 00:00:00-04:00,24.963124036360735,25.368749382671258,24.963124036360735,25.134170532226562,3937900,0.0,0.0
2010-08-31 00:00:00-04:00,25.10485229389936,25.30033563891246,24.933805765213403,25.099966049194336,6513000,0.0,0.0
2010-09-01 00:00:00-04:00,25.354078501692896,25.945412563818635,25.354078501692896,25.886768341064453,8452400,0.0,0.0
2010-09-02 00:00:00-04:00,25.886783095616693,26.077378326399998,25.837911328577835,26.043169021606445,6497500,0.0,0.0
2010-09-03 00:00:00-04:00,25.955212560346094,26.439031138638832,25.955212560346094,26.409709930419922,6718500,0.0,0.0
2010-09-07 00:00:00-04:00,26.351049620448855,26.512323636032363,26.18000311689096,26.21421241760254,5649600,0.0,0.0
2010-09-08 00:00:00-04:00,26.19956436097396,26.321741026067652,26.09693640971957,26.204450607299805,7384600,0.0,0.0
2010-09-09 00:00:00-04:00,26.233763642169176,26.375488966884262,26.00895911182147,26.267972946166992,7495000,0.0,0.0
2010-09-10 00:00:00-04:00,26.326620762116075,26.815327301639204,26.29729956287589,26.68337631225586,6993300,0.0,0.0
2010-09-13 00:00:00-04:00,26.859312086603865,26.873974551103867,26.546540186528272,26.76645851135254,6024400,0.0,0.0
2010-09-14 00:00:00-04:00,26.658944163840843,26.87886250262495,26.51721880503912,26.810443878173828,7006900,0.0,0.0
2010-09-15 00:00:00-04:00,26.810438755623075,27.17208051984393,26.69803648489133,27.142759323120117,6853500,0.0,0.0
2010-09-16 00:00:00-04:00,26.97659702887781,27.025466929286917,26.786001807308217,26.932613372802734,7305200,0.0,0.0
2010-09-17 00:00:00-04:00,27.02546731340043,27.318692312824282,26.91306504944815,26.9375,9668900,0.0,0.0
2010-09-20 00:00:00-04:00,27.020591423112037,27.479975008028145,26.87886604562896,27.343137741088867,7959000,0.0,0.0
2010-09-21 00:00:00-04:00,27.382219740998497,27.489735748491377,27.103657234555147,27.387107849121094,9415100,0.0,0.0
2010-09-22 00:00:00-04:00,27.25364618708424,27.38712155083673,27.13994537036277,27.283306121826172,8079000,0.64,0.0
2010-09-23 00:00:00-04:00,27.09544054407429,27.505751825600203,27.021286971293083,27.243745803833008,5943700,0.0,0.0
2010-09-24 00:00:00-04:00,27.476100402285184,27.930903590969788,27.466213130469743,27.73316192626953,6991400,0.0,0.0
2010-09-27 00:00:00-04:00,27.67383429012496,27.79247964084939,27.411828243105184,27.416770935058594,5742800,0.0,0.0
2010-09-28 00:00:00-04:00,27.387118328892686,27.777655214885527,27.273415639743114,27.723278045654297,7329000,0.0,0.0
2010-09-29 00:00:00-04:00,27.6689020962829,28.005061850776375,27.560143974004248,27.8419246673584,6343600,0.0,0.0
2010-09-30 00:00:00-04:00,27.921018478998498,28.232460964961692,27.58980333367917,27.69361686706543,7636400,0.0,0.0
2010-10-01 00:00:00-04:00,27.70350475509781,27.93584906558049,27.411836807815565,27.461271286010742,7624400,0.0,0.0
2010-10-04 00:00:00-04:00,27.382167619186188,27.540360169796735,27.238805030881643,27.332733154296875,5167600,0.0,0.0
2010-10-05 00:00:00-04:00,27.51564419835215,27.668894063818556,27.263525398576103,27.362394332885742,10135400,0.0,0.0
2010-10-06 00:00:00-04:00,27.387122144272585,28.143480669454533,27.372290290775634,27.83698272705078,10977500,0.0,0.0
2010-10-07 00:00:00-04:00,27.960572312858226,28.00506410411533,27.65901704831616,27.827096939086914,6645900,0.0,0.0
2010-10-08 00:00:00-04:00,28.054488517006995,28.276947393421608,27.98033492960077,27.995166778564453,6366700,0.0,0.0
2010-10-11 00:00:00-04:00,28.15830428020103,28.257175109373087,27.846863714144735,27.891353607177734,3329800,0.0,0.0
2010-10-12 00:00:00-04:00,27.921008636370047,28.326377240239925,27.88146144579442,28.26705551147461,5307600,0.0,0.0
2010-10-13 00:00:00-04:00,28.370878549712252,28.548845681664314,28.183024145340138,28.356048583984375,6376000,0.0,0.0
2010-10-14 00:00:00-04:00,28.375822740664667,28.622998890371488,28.370878161620087,28.548845291137695,5885000,0.0,0.0
2010-10-15 00:00:00-04:00,28.68232103490286,29.05802795789868,28.68232103490286,28.93938446044922,13173400,0.0,0.0
2010-10-18 00:00:00-04:00,28.84051407484161,28.949272187381474,28.70209603037591,28.860288619995117,6675100,0.0,0.0
2010-10-19 00:00:00-04:00,28.578515810811997,28.692216648005147,28.010009739041298,28.21269416809082,8711400,0.0,0.0
2010-10-20 00:00:00-04:00,28.28683447239457,28.519178732138002,28.183019073568726,28.41536521911621,5809400,0.0,0.0
2010-10-21 00:00:00-04:00,28.118756321729045,28.598276718705222,27.92595924723506,28.45491600036621,6863900,0.0,0.0
2010-10-22 00:00:00-04:00,28.632888441492575,28.81580017665919,28.464810445617257,28.736703872680664,4375200,0.0,0.0
2010-10-25 00:00:00-04:00,28.934430021716956,29.586974692742796,28.90477010036362,29.39912223815918,9071800,0.0,0.0
2010-10-26 00:00:00-04:00,29.240944550816312,29.428797100774336,29.13218642182662,29.41396713256836,5663400,0.0,0.0
2010-10-27 00:00:00-04:00,29.151951991226476,29.235990966249428,28.86028409624566,29.15689468383789,6200700,0.0,0.0
2010-10-28 00:00:00-04:00,29.300253644573655,29.512825230731693,29.132173829606927,29.29530906677246,5686200,0.0,0.0
2010-10-29 00:00:00-04:00,29.196434720515832,29.29530362853953,28.91959687496027,28.92453956604004,6335200,0.0,0.0
2010-11-01 00:00:00-04:00,28.973992318547175,29.320039350063546,28.73175883074433,28.815799713134766,7299800,0.0,0.0
2010-11-02 00:00:00-04:00,28.860280763416583,29.166778586640937,28.741635410598562,28.89982795715332,7546100,0.0,0.0
2010-11-03 00:00:00-04:00,28.969037547619628,29.42878523467516,28.870168618372197,29.31508445739746,6331200,0.0,0.0
2010-11-04 00:00:00-04:00,29.6018055798082,30.07144047265354,29.512822047024716,30.066495895385742,8143400,0.0,0.0
2010-11-05 00:00:00-04:00,30.09122421420026,30.09122421420026,29.75012180335539,29.878652572631836,7494700,0.0,0.0
2010-11-08 00:00:00-05:00,29.675957904774496,29.85392497416865,29.586974370077417,29.769886016845703,6237200,0.0,0.0
2010-11-09 00:00:00-05:00,29.66607576380618,29.760003892113485,29.36946518741399,29.443618774414062,5744300,0.0,0.0
2010-11-10 00:00:00-05:00,29.404054563276457,29.55730435085366,29.245862085817517,29.468320846557617,5302300,0.0,0.0
2010-11-11 00:00:00-05:00,29.191512908214193,29.591939086869516,29.176682937606408,29.57216453552246,5694300,0.0,0.0
2010-11-12 00:00:00-05:00,29.493062551484535,29.60182067720018,29.310152701166572,29.48317527770996,5838700,0.0,0.0
2010-11-15 00:00:00-05:00,29.468328895832663,29.641351376001015,29.339796294161662,29.389232635498047,4685000,0.0,0.0
2010-11-16 00:00:00-05:00,29.27554417956335,29.41890491516442,28.80096453235232,28.93938446044922,9158000,0.0,0.0
2010-11-17 00:00:00-05:00,29.00859587626478,29.137126656746027,28.568622589111328,28.568622589111328,7483900,0.0,0.0
2010-11-18 00:00:00-05:00,28.92454045595402,29.58697234343279,28.84050150438756,29.389232635498047,9374300,0.0,0.0
2010-11-19 00:00:00-05:00,29.39418102953649,29.591922661638964,29.15194951030512,29.56720542907715,7446400,0.0,0.0
2010-11-22 00:00:00-05:00,29.28543972100355,29.428800497083877,29.097585263560973,29.404083251953125,7451000,0.0,0.0
2010-11-23 00:00:00-05:00,29.0580242051214,29.14700775961867,28.875114403456628,29.053081512451172,8530600,0.0,0.0
2010-11-24 00:00:00-05:00,29.255771306005737,29.3101503645284,29.097578709833172,29.270601272583008,6333700,0.0,0.0
2010-11-26 00:00:00-05:00,29.127232463174913,29.211273322825996,28.919605431926538,29.05802345275879,2064500,0.0,0.0
2010-11-29 00:00:00-05:00,28.840506046007395,28.850393315831656,28.34121117760751,28.58344268798828,11539600,0.0,0.0
2010-11-30 00:00:00-05:00,28.415353601127748,28.4647899341188,28.054476856407792,28.123685836791992,11511900,0.0,0.0
2010-12-01 00:00:00-05:00,28.360992693185068,28.657605223181378,28.03472023025227,28.52412986755371,8113900,0.0,0.0
2010-12-02 00:00:00-05:00,28.430184732582152,28.677360750338504,28.32637125771729,28.637813568115234,6584600,0.0,0.0
2010-12-03 00:00:00-05:00,28.474692778525743,28.93938516462247,28.405483755695446,28.73175621032715,7030100,0.0,0.0
2010-12-06 00:00:00-05:00,28.711974114578762,28.99375469252565,28.578498806213844,28.934431076049805,9234000,0.0,0.0
2010-12-07 00:00:00-05:00,29.14700106827678,29.364517211914062,29.112396570116978,29.364517211914062,10943400,0.0,0.0
2010-12-08 00:00:00-05:00,29.389253423423398,29.413970668673063,29.206343545609972,29.33981704711914,6173000,0.0,0.0
2010-12-09 00:00:00-05:00,29.517771651455046,29.56226342826662,29.255765569011423,29.35957908630371,4848900,0.0,0.0
2010-12-10 00:00:00-05:00,29.423843848019203,29.621583601091377,29.1124014268206,29.166780471801758,6760500,0.0,0.0
2010-12-13 00:00:00-05:00,29.19149325746131,29.28047679281726,28.840503693448255,29.018470764160156,7765600,0.0,0.0
2010-12-14 00:00:00-05:00,29.077798461765138,29.37935362839866,29.04319395600104,29.35957908630371,5581900,0.0,0.0
2010-12-15 00:00:00-05:00,29.107462585720807,29.463394942666373,29.10251800690246,29.369468688964844,6643400,0.0,0.0
2010-12-16 00:00:00-05:00,29.34969662551163,29.53260834116195,29.14701225032986,29.517776489257812,5942700,0.0,0.0
2010-12-17 00:00:00-05:00,29.497991987871316,29.596862795375824,29.250815912011948,29.50787925720215,11569500,0.0,0.0
2010-12-20 00:00:00-05:00,29.55731880332969,29.730341320838793,29.37935170771804,29.44856071472168,7457100,0.0,0.0
2010-12-21 00:00:00-05:00,29.688432751449728,29.75839340580921,29.133741982906894,29.223691940307617,6149600,0.64,0.0
2010-12-22 00:00:00-05:00,29.29863951299398,29.45355178578406,29.10874502030369,29.41857147216797,4701000,0.0,0.0
2010-12-23 00:00:00-05:00,29.323632311383516,29.443564299728692,29.173716372809753,29.318634033203125,2824500,0.0,0.0
2010-12-27 00:00:00-05:00,29.23867828777065,29.36860683047201,29.198701594367233,29.283653259277344,2641900,0.0,0.0
2010-12-28 00:00:00-05:00,29.273650518021835,29.398580739953406,29.093750693434952,29.2486629486084,3018800,0.0,0.0
2010-12-29 00:00:00-05:00,29.343613413368608,29.448554350422853,29.238670570030312,29.358604431152344,2783100,0.0,0.0
2010-12-30 00:00:00-05:00,29.30365386703322,29.358623509673997,29.14874149917497,29.228696823120117,2303700,0.0,0.0
2010-12-31 00:00:00-05:00,29.223677285478868,29.4085734801781,29.138725649581673,29.2486629486084,2738300,0.0,0.0
2011-01-03 00:00:00-05:00,29.423576905860884,29.478546528137667,29.19870204485795,29.318634033203125,5053700,0.0,0.0
2011-01-04 00:00:00-05:00,29.223687716906145,29.458557227985278,29.058780756360385,29.318634033203125,5779500,0.0,0.0
2011-01-05 00:00:00-05:00,29.3836100751607,29.443576093352675,28.878892434997987,29.233694076538086,5635800,0.0,0.0
2011-01-06 00:00:00-05:00,29.108758011392805,29.18371694904343,28.664006477254375,28.84390640258789,7922300,0.0,0.0
2011-01-07 00:00:00-05:00,28.599036299508825,28.72896484382966,27.944401018592792,28.19426155090332,12085800,0.0,0.0
2011-01-10 00:00:00-05:00,28.199258232677828,28.35417244020294,27.90941911658913,28.239234924316406,8867000,0.0,0.0
2011-01-11 00:00:00-05:00,28.3591713898116,28.459115987420287,27.944401976935172,27.994375228881836,7971000,0.0,0.0
2011-01-12 00:00:00-05:00,28.144286147570547,28.279211044311523,27.98437558245924,28.279211044311523,7355300,0.0,0.0
2011-01-13 00:00:00-05:00,28.169275307404707,28.274218177622227,28.039348672004518,28.23423957824707,6032900,0.0,0.0
2011-01-14 00:00:00-05:00,28.129294563474282,28.369160406329048,28.074324950391766,28.31918716430664,5394100,0.0,0.0
2011-01-18 00:00:00-05:00,28.25422897537562,28.48410020372193,27.974384497638024,28.094318389892578,8001300,0.0,0.0
2011-01-19 00:00:00-05:00,28.129295127805207,28.294202064076863,28.064330865014895,28.279211044311523,7535000,0.0,0.0
2011-01-20 00:00:00-05:00,28.294214246047595,28.419144547971857,28.114314306271034,28.229251861572266,6740200,0.0,0.0
2011-01-21 00:00:00-05:00,28.39415637454842,28.48410633653501,28.114311836558475,28.334190368652344,10525700,0.0,0.0
2011-01-24 00:00:00-05:00,28.27421959217578,28.57405147735184,28.1093107209297,28.534072875976562,6127900,0.0,0.0
2011-01-25 00:00:00-05:00,28.419129490129883,28.793920197320265,28.344172492462274,28.748945236206055,5851600,0.0,0.0
2011-01-26 00:00:00-05:00,28.81892705435209,28.8589056741992,28.654020013196565,28.674009323120117,5347600,0.0,0.0
2011-01-27 00:00:00-05:00,28.7589514307978,28.773944361378412,28.45412122821875,28.479108810424805,6060600,0.0,0.0
2011-01-28 00:00:00-05:00,28.634015315616196,28.639013593553813,28.25922453424351,28.284210205078125,7435200,0.0,0.0
2011-01-31 00:00:00-05:00,28.404150918600376,28.619031170719815,28.214256343318905,28.604040145874023,6955400,0.0,0.0
2011-02-01 00:00:00-05:00,28.743961787815387,29.088768707181313,28.733967135709637,28.84390640258789,6181300,0.0,0.0
2011-02-02 00:00:00-05:00,28.723972773136087,28.86389409145699,28.649015741014882,28.823917388916016,4924700,0.0,0.0
2011-02-03 00:00:00-05:00,28.728965837256396,29.028797723883166,28.728965837256396,28.988819122314453,4650800,0.0,0.0
2011-02-04 00:00:00-05:00,29.018802156055603,29.363609005403713,28.938846861730624,29.318634033203125,5990400,0.0,0.0
2011-02-07 00:00:00-05:00,29.43856842303895,29.483543395996094,29.213693558253244,29.483543395996094,4570200,0.0,0.0
2011-02-08 00:00:00-05:00,29.483546777029787,29.538516406534907,29.3086451434088,29.513530731201172,4411400,0.0,0.0
2011-02-09 00:00:00-05:00,29.28865242236751,29.818355540246802,29.23368279927786,29.753393173217773,5387000,0.0,0.0
2011-02-10 00:00:00-05:00,29.628462697677577,29.93329285538177,29.42857350716462,29.56849479675293,7236200,0.0,0.0
2011-02-11 00:00:00-05:00,29.43856591075037,29.913301272276343,29.418576611967612,29.793367385864258,5341300,0.0,0.0
2011-02-14 00:00:00-05:00,29.74838776313184,29.868321630782376,29.528511229770707,29.853330612182617,4933700,0.0,0.0
2011-02-15 00:00:00-05:00,29.713424387158394,30.07322428893153,29.703429733633,29.92830467224121,5315500,0.0,0.0
2011-02-16 00:00:00-05:00,30.043235384021493,30.363056619058817,29.95328542338163,30.33307456970215,5718100,0.0,0.0
2011-02-17 00:00:00-05:00,30.178164995846007,30.423029239105915,30.133190008565013,30.403039932250977,5427200,0.0,0.0
2011-02-18 00:00:00-05:00,30.413023683889605,30.802805496414365,30.383039734355183,30.697864532470703,5768600,0.0,0.0
2011-02-22 00:00:00-05:00,30.39303831891073,30.977713019674933,30.23312771326073,30.752838134765625,7172900,0.0,0.0
2011-02-23 00:00:00-05:00,30.75783703373475,31.172606511780653,30.732851356977932,30.97271728515625,9054600,0.0,0.0
2011-02-24 00:00:00-05:00,30.88775674498018,31.482424068908287,30.877762095886716,31.127622604370117,7587600,0.0,0.0
2011-02-25 00:00:00-05:00,31.197595004260915,31.327521678893785,30.9827147334455,31.10764503479004,5441100,0.0,0.0
2011-02-28 00:00:00-05:00,31.322516677591786,31.542393261128936,31.18259538863947,31.372488021850586,7559500,0.0,0.0
2011-03-01 00:00:00-05:00,31.51240816025098,31.797248988721485,31.087644150116713,31.11762809753418,7321700,0.0,0.0
2011-03-02 00:00:00-05:00,31.13762319976734,31.647338963167236,31.047673247032964,31.44245147705078,6570300,0.0,0.0
2011-03-03 00:00:00-05:00,31.657323477416682,31.957157210673557,31.532393231797382,31.81723403930664,9531500,0.0,0.0
2011-03-04 00:00:00-05:00,31.827242331099228,31.922190578493307,31.49742641753341,31.732295989990234,12608500,0.0,0.0
2011-03-07 00:00:00-05:00,31.812246466963902,32.192033679924066,31.742285815072673,31.8022518157959,10173200,0.0,0.0
2011-03-08 00:00:00-05:00,31.9071741991555,32.28196482125811,31.872193893595284,32.10706329345703,5591300,0.0,0.0
2011-03-09 00:00:00-05:00,32.06710874659489,32.20703007370772,31.92718741948206,32.15705871582031,4946700,0.0,0.0
2011-03-10 00:00:00-05:00,31.89221426615577,32.0771125257842,31.77727859211637,31.86223030090332,6675000,0.0,0.0
2011-03-11 00:00:00-05:00,31.69730034771141,31.972146491874167,31.66731640413061,31.872201919555664,5529200,0.0,0.0
2011-03-14 00:00:00-04:00,31.757275366088912,31.902194941877813,31.59736476738554,31.772268295288086,5935100,0.0,0.0
2011-03-15 00:00:00-04:00,31.22756713129741,31.437449043018997,30.922737006505628,31.332508087158203,11350200,0.0,0.0
2011-03-16 00:00:00-04:00,31.20258070530243,31.302525293450948,30.707857948708195,30.917739868164062,11373200,0.0,0.0
2011-03-17 00:00:00-04:00,31.207583416207576,31.37249038973589,30.817799657687974,30.87776756286621,7963900,0.0,0.0
2011-03-18 00:00:00-04:00,30.832797858414565,31.247565455574872,30.657894297836314,30.842792510986328,11876800,0.0,0.0
2011-03-21 00:00:00-04:00,31.087652558965715,31.747284330297447,30.937736593896673,31.457447052001953,6364200,0.0,0.0
2011-03-22 00:00:00-04:00,31.41705747405169,32.25511485789703,31.40696016510599,31.977445602416992,2472600,0.64,0.0
2011-03-23 00:00:00-04:00,31.937042345162954,32.36616912056214,31.84617045627711,32.2298583984375,5225800,0.0,0.0
2011-03-24 00:00:00-04:00,32.33588405309416,32.68423051953254,32.20966869041339,32.57316207885742,6869100,0.0,0.0
2011-03-25 00:00:00-04:00,32.6387976663117,33.05277761208312,32.57821382605418,32.87607955932617,7119500,0.0,0.0
2011-03-28 00:00:00-04:00,33.007347901515075,33.128515615555116,32.901329040527344,32.901329040527344,4712700,0.0,0.0
2011-03-29 00:00:00-04:00,32.70948395537119,32.961910900062996,32.618610101212965,32.9467658996582,6213400,0.0,0.0
2011-03-30 00:00:00-04:00,33.24460927409547,33.27994887254134,32.93664826546967,33.168880462646484,7714000,0.0,0.0
2011-03-31 00:00:00-04:00,33.194151678833045,33.269880551868496,32.987159682651516,33.133567810058594,7642000,0.0,0.0
2011-04-01 00:00:00-04:00,33.25473056426851,33.330455574225816,32.770071241892225,32.78016662597656,6334500,0.0,0.0
2011-04-04 00:00:00-04:00,32.78016558454357,32.84074944231456,32.55802862444639,32.775115966796875,7125200,0.0,0.0
2011-04-05 00:00:00-04:00,32.69433517727868,33.30520785064163,32.63880094772486,33.093170166015625,4984900,0.0,0.0
2011-04-06 00:00:00-04:00,33.194147708723825,33.345605436679975,33.05783883494731,33.22443771362305,4979000,0.0,0.0
2011-04-07 00:00:00-04:00,33.12851203310106,33.163851649608745,32.850840866448294,33.1588020324707,6408000,0.0,0.0
2011-04-08 00:00:00-04:00,33.14871097339122,33.340554080635876,33.07802787942758,33.234535217285156,5467400,0.0,0.0
2011-04-11 00:00:00-04:00,33.45666670525348,33.966570229550584,33.44657132187962,33.73938751220703,6952500,0.0,0.0
2011-04-12 00:00:00-04:00,33.61822447465977,33.73434258411398,33.229488607188166,33.34055709838867,5358400,0.0,0.0
2011-04-13 00:00:00-04:00,33.26986997660494,33.4263734398625,33.17899612819394,33.37588882446289,5847900,0.0,0.0
2011-04-14 00:00:00-04:00,33.31025998877349,33.54753807187473,33.23453113803808,33.41627883911133,6947900,0.0,0.0
2011-04-15 00:00:00-04:00,33.51724888467717,33.693946972856445,33.300161561562795,33.60307312011719,5609400,0.0,0.0
2011-04-18 00:00:00-04:00,33.360733633992496,33.567721649419056,33.057822182398844,33.199180603027344,5865500,0.0,0.0
2011-04-19 00:00:00-04:00,33.12346400032937,33.416280180672985,32.97200629277799,33.385986328125,4527100,0.0,0.0
2011-04-20 00:00:00-04:00,33.749480386668736,34.00190732127618,33.532393068837166,33.562686920166016,5661300,0.0,0.0
2011-04-21 00:00:00-04:00,33.830255743518606,34.43607879017279,33.74442766633058,34.1331672668457,6478100,0.0,0.0
2011-04-25 00:00:00-04:00,34.20384927227877,34.28462773931643,34.006956573536094,34.12812042236328,4779900,0.0,0.0
2011-04-26 00:00:00-04:00,34.22910394051448,34.375508216123634,33.99686770285126,34.12308120727539,8000000,0.0,0.0
2011-04-27 00:00:00-04:00,34.092772394196594,34.12306238599756,33.794910536878135,34.08772277832031,6112300,0.0,0.0
2011-04-28 00:00:00-04:00,34.06248503310258,34.94597914499595,34.037240803499884,34.85005569458008,6409200,0.0,0.0
2011-04-29 00:00:00-04:00,34.91567515385975,35.23373152001661,34.64809952321427,35.05703353881836,5600000,0.0,0.0
2011-05-02 00:00:00-04:00,35.24383615599465,35.299370372065006,34.915684326869254,34.99140930175781,6088800,0.0,0.0
2011-05-03 00:00:00-04:00,34.85004188400174,35.152953260551385,34.75916808586413,35.11256790161133,7870000,0.0,0.0
2011-05-04 00:00:00-04:00,35.112592665753176,35.253951151058246,34.875310700392596,35.011619567871094,5015800,0.0,0.0
2011-05-05 00:00:00-04:00,34.92579351516835,35.0621023755894,34.45627922658309,34.52695846557617,6422100,0.0,0.0
2011-05-06 00:00:00-04:00,34.73394579650815,35.03180771382543,34.61782771833399,34.632972717285156,6071600,0.0,0.0
2011-05-09 00:00:00-04:00,34.75415364401469,34.83493214709973,34.41590232874091,34.47648620605469,5464700,0.0,0.0
2011-05-10 00:00:00-04:00,34.54209951900165,34.57743913445951,34.41588605640513,34.47142028808594,7360200,0.0,0.0
2011-05-11 00:00:00-04:00,34.48151939069981,34.62287785199272,34.319966313260885,34.41588592529297,6203500,0.0,0.0
2011-05-12 00:00:00-04:00,34.395691699866354,34.4562755489926,34.3048178520416,34.43608093261719,6820300,0.0,0.0
2011-05-13 00:00:00-04:00,34.46131663141456,34.875296535262265,34.46131663141456,34.48655700683594,7165000,0.0,0.0
2011-05-16 00:00:00-04:00,34.34015497201889,34.68345572199234,34.24928113079859,34.55219650268555,6765700,0.0,0.0
2011-05-17 00:00:00-04:00,34.45626981039858,34.69860131481471,34.45122019421341,34.6279182434082,4512600,0.0,0.0
2011-05-18 00:00:00-04:00,34.703662408607,35.03686789289696,34.56230390681016,34.97628402709961,8409000,0.0,0.0
2011-05-19 00:00:00-04:00,35.11259516619693,35.72851377435422,35.107545548010776,35.68307876586914,7536400,0.0,0.0
2011-05-20 00:00:00-04:00,35.64773719436292,35.68307681627497,35.33472636333484,35.435699462890625,4671400,0.0,0.0
2011-05-23 00:00:00-04:00,35.041925330197735,35.23881812330882,34.78949827731366,34.88541793823242,5524500,0.0,0.0
2011-05-24 00:00:00-04:00,34.834929215688206,35.38521827765602,34.78949420032457,35.26910400390625,6350000,0.0,0.0
2011-05-25 00:00:00-04:00,35.046958658017935,35.19336675893058,34.89550479108505,35.082298278808594,5681400,0.0,0.0
2011-05-26 00:00:00-04:00,35.06209358591632,35.678015815648074,34.87025053556081,35.4912223815918,6382100,0.0,0.0
2011-05-27 00:00:00-04:00,35.46093644778505,35.708317629172,35.44074182981084,35.602294921875,3858500,0.0,0.0
2011-05-31 00:00:00-04:00,35.75375986037506,36.22327423095703,35.723469853153745,36.22327423095703,8216000,0.0,0.0
2011-06-01 00:00:00-04:00,36.19802330813998,36.22326754398442,35.85977211751021,35.879966735839844,6768900,0.0,0.0
2011-06-02 00:00:00-04:00,35.804218546331775,35.839558146393415,35.15295690085794,35.29431915283203,6427200,0.0,0.0
2011-06-03 00:00:00-04:00,34.96113140474088,35.163073728327156,34.713754080505666,34.82986831665039,5985700,0.0,0.0
2011-06-06 00:00:00-04:00,34.728885701238454,34.82985489826795,34.45626424718524,34.49160385131836,7685600,0.0,0.0
2011-06-07 00:00:00-04:00,34.63298121253605,34.6430804488002,34.224050733629994,34.23414611816406,8337900,0.0,0.0
2011-06-08 00:00:00-04:00,34.10288434224951,34.49162017165123,33.88579699936211,34.35026168823242,6347100,0.0,0.0
2011-06-09 00:00:00-04:00,34.48655985608031,34.638017528034965,34.092774531072536,34.39064025878906,5635300,0.0,0.0
2011-06-10 00:00:00-04:00,34.23918928363141,34.37045236821711,34.00190734863281,34.00190734863281,5328300,0.0,0.0
2011-06-13 00:00:00-04:00,33.976670636005906,34.24424259952879,33.724243673930765,34.0927848815918,8626400,0.0,0.0
2011-06-14 00:00:00-04:00,34.41082768985055,35.092379367940715,34.24422505581826,34.79451370239258,8348300,0.0,0.0
2011-06-15 00:00:00-04:00,34.627922779060476,34.70365162484271,33.58287549210714,34.08268356323242,7271300,0.0,0.0
2011-06-16 00:00:00-04:00,34.047337406495146,34.345199263813605,33.86054013635635,34.08772277832031,5429900,0.0,0.0
2011-06-17 00:00:00-04:00,34.30481574824196,34.834913803332086,34.30481574824196,34.572391510009766,8793900,0.0,0.0
2011-06-20 00:00:00-04:00,34.562301960445375,35.041915537938586,34.5471569577815,34.87531280517578,4984300,0.0,0.0
2011-06-21 00:00:00-04:00,35.02815948971791,35.09949962794118,34.61540527746242,34.67655563354492,5184600,0.64,0.0
2011-06-22 00:00:00-04:00,34.45745739091894,34.5644676572815,33.95807226014558,33.96316909790039,8345900,0.0,0.0
2011-06-23 00:00:00-04:00,33.7746166180174,33.81538353446845,33.382245738480634,33.718563079833984,7146100,0.0,0.0
2011-06-24 00:00:00-04:00,33.71346885879047,33.71346885879047,32.959296483895905,33.173316955566406,10964100,0.0,0.0
2011-06-27 00:00:00-04:00,33.32620163756946,33.71347967802911,33.22428431758101,33.59117889404297,7110000,0.0,0.0
2011-06-28 00:00:00-04:00,33.71347698646521,33.71856993624685,33.38734547628758,33.575889587402344,4977400,0.0,0.0
2011-06-29 00:00:00-04:00,33.810286697975286,33.94277723256764,33.64212608342505,33.718563079833984,5401600,0.0,0.0
2011-06-30 00:00:00-04:00,33.86123967615334,34.044686892263385,33.662505839991915,34.0243034362793,5406400,0.0,0.0
2011-07-01 00:00:00-04:00,33.96826975696375,34.21286356823749,33.87654610579896,34.014129638671875,5212800,0.0,0.0
2011-07-05 00:00:00-04:00,34.090557486011484,34.73262287133208,34.03450394273562,34.23833465576172,7157800,0.0,0.0
2011-07-06 00:00:00-04:00,34.30458748990164,34.951746003737796,34.23324730373855,34.77339553833008,6418300,0.0,0.0
2011-07-07 00:00:00-04:00,34.98231547617301,35.354302952785126,34.98231547617301,35.23200607299805,6035400,0.0,0.0
2011-07-08 00:00:00-04:00,34.97721596367269,35.395067168087735,34.89058917577202,35.369590759277344,5314400,0.0,0.0
2011-07-11 00:00:00-04:00,35.476594420603526,35.491881040601264,34.870199242381986,34.99759292602539,5363900,0.0,0.0
2011-07-12 00:00:00-04:00,34.97211942375791,35.05875010014157,34.141513844736245,34.19247055053711,7765900,0.0,0.0
2011-07-13 00:00:00-04:00,34.37083097922485,34.411597910842644,33.94278986048379,34.05998992919922,4570300,0.0,0.0
2011-07-14 00:00:00-04:00,33.92750401893276,34.09056786143241,33.749153548659486,33.845970153808594,4561600,0.0,0.0
2011-07-15 00:00:00-04:00,33.947871844422586,34.17717893087555,33.718560870222746,34.105838775634766,5462700,0.0,0.0
2011-07-18 00:00:00-04:00,34.03961068078205,34.36573836138546,33.87654684048034,34.05489730834961,4252400,0.0,0.0
2011-07-19 00:00:00-04:00,34.22304735416891,35.01798284268888,34.17208676111207,34.910972595214844,6245100,0.0,0.0
2011-07-20 00:00:00-04:00,34.900779665083725,34.90587650204748,34.233237869488725,34.74790954589844,5556300,0.0,0.0
2011-07-21 00:00:00-04:00,35.542852701028785,36.56709943732689,35.53775586296807,36.42951202392578,11095700,0.0,0.0
2011-07-22 00:00:00-04:00,36.373461427135524,36.821889906994265,36.332698382579075,36.745452880859375,7298100,0.0,0.0
2011-07-25 00:00:00-04:00,36.55181505529142,36.85246242761296,36.13396372686662,36.75564193725586,5292500,0.0,0.0
2011-07-26 00:00:00-04:00,36.69450345885899,36.94419416533764,36.485575805045634,36.64863967895508,4713400,0.0,0.0
2011-07-27 00:00:00-04:00,36.424412230095584,36.974750117056054,36.424412230095584,36.57218551635742,5796400,0.0,0.0
2011-07-28 00:00:00-04:00,36.63333286976081,37.066470681774064,36.4906525446503,36.86773681640625,6880200,0.0,0.0
2011-07-29 00:00:00-04:00,36.53651155208764,36.68428871040369,36.26643753051758,36.26643753051758,9143900,0.0,0.0
2011-08-01 00:00:00-04:00,36.4957619731836,36.51614543919603,35.59890890737962,36.03714370727539,6034800,0.0,0.0
2011-08-02 00:00:00-04:00,35.884264756038306,36.12376558929465,35.542850494384766,35.542850494384766,7059000,0.0,0.0
2011-08-03 00:00:00-04:00,35.62438015715409,35.670240028214366,35.252388800536615,35.64985656738281,7725000,0.0,0.0
2011-08-04 00:00:00-04:00,35.277867421495806,35.3492075871411,34.253620917949156,34.34534454345703,11139300,0.0,0.0
2011-08-05 00:00:00-04:00,34.67657885328135,35.54795160026939,34.20267396761257,35.333927154541016,14179900,0.0,0.0
2011-08-08 00:00:00-04:00,34.56446693528077,35.24729544573516,33.6778037963725,33.769527435302734,16489300,0.0,0.0
2011-08-09 00:00:00-04:00,33.92749333564283,34.426874495159886,32.72999325488545,34.34534454345703,19274200,0.0,0.0
2011-08-10 00:00:00-04:00,34.187377498050346,34.22814442230277,32.944017410334595,33.0714111328125,14335000,0.0,0.0
2011-08-11 00:00:00-04:00,33.2599456419158,33.74914087343553,33.005158240716746,33.40262985229492,13389700,0.0,0.0
2011-08-12 00:00:00-04:00,33.84596215523438,34.04469604482333,33.49435813628733,33.952972412109375,10255600,0.0,0.0
2011-08-15 00:00:00-04:00,34.1007495769253,34.81925201416016,33.97845269594303,34.819252014160156,11101600,0.0,0.0
2011-08-16 00:00:00-04:00,34.58485304673856,34.89569407537683,34.31477505916481,34.49822235107422,7347100,0.0,0.0
2011-08-17 00:00:00-04:00,34.69694640855104,35.52755582412461,34.66127632791426,35.19123458862305,8695500,0.0,0.0
2011-08-18 00:00:00-04:00,34.5797447975849,35.099509361310076,34.46254088786171,34.9058723449707,11290600,0.0,0.0
2011-08-19 00:00:00-04:00,34.467629120995575,36.06769321589735,34.467629120995575,35.07402420043945,11874700,0.0,0.0
2011-08-22 00:00:00-04:00,35.78744545326218,35.94541242163088,34.905879202217584,35.01798629760742,8068300,0.0,0.0
2011-08-23 00:00:00-04:00,35.00779081809009,35.823113692438135,34.84982385786527,35.807823181152344,8924700,0.0,0.0
2011-08-24 00:00:00-04:00,35.67023698548631,35.965791310711126,35.53265349629396,35.7415771484375,7765100,0.0,0.0
2011-08-25 00:00:00-04:00,35.72629699674762,35.79763717261984,34.94664801203843,35.094425201416016,8085500,0.0,0.0
2011-08-26 00:00:00-04:00,35.058754025556745,35.43583835600098,34.52879567284567,35.26258087158203,7422300,0.0,0.0
2011-08-29 00:00:00-04:00,35.61418497894481,36.016749565936266,35.56832510982112,35.925025939941406,6213400,0.0,0.0
2011-08-30 00:00:00-04:00,35.82820849005721,35.93012579848212,35.56832810100621,35.73139190673828,6688100,0.0,0.0
2011-08-31 00:00:00-04:00,35.868971560375385,35.996365266411026,35.2065227338911,35.323726654052734,9735100,0.0,0.0
2011-09-01 00:00:00-04:00,35.37468026835562,35.70590465265985,35.196329873037044,35.313533782958984,8491200,0.0,0.0
2011-09-02 00:00:00-04:00,35.04346965562584,35.328834288026755,34.712249028903756,34.77339553833008,6369800,0.0,0.0
2011-09-06 00:00:00-04:00,34.090564337912895,34.61032906723745,33.99884069300289,34.55427551269531,9626100,0.0,0.0
2011-09-07 00:00:00-04:00,34.79375928768236,35.1402702331543,34.620505758819576,35.1402702331543,9280000,0.0,0.0
2011-09-08 00:00:00-04:00,34.890591415392,35.15047568352334,34.86511111719862,34.931358337402344,6845900,0.0,0.0
2011-09-09 00:00:00-04:00,34.67656493551093,34.77338149893009,33.3771477063482,33.58097839355469,17242000,0.0,0.0
2011-09-12 00:00:00-04:00,33.11218486161886,33.66252290112946,32.82682022095737,33.64213943481445,28147800,0.0,0.0
2011-09-13 00:00:00-04:00,33.626843228763526,33.86634403005979,33.21918568182628,33.61665344238281,6781000,0.0,0.0
2011-09-14 00:00:00-04:00,34.06509613179448,34.81417218325456,33.89693540845658,34.44218063354492,11287700,0.0,0.0
2011-09-15 00:00:00-04:00,34.809063689787,34.90078733655877,34.477843081540165,34.79887390136719,7060200,0.0,0.0
2011-09-16 00:00:00-04:00,35.0230846513364,35.29825167661888,34.65109326305043,35.20143508911133,15149600,0.0,0.0
2011-09-19 00:00:00-04:00,34.732614473548885,34.941538085269364,34.4727302800827,34.605220794677734,11023400,0.0,0.0
2011-09-20 00:00:00-04:00,34.98231009352301,35.24728727358153,34.77847940007571,34.793766021728516,7621700,0.0,0.0
2011-09-21 00:00:00-04:00,34.9975996580003,35.07403666043874,33.99373661575241,34.03960037231445,8637700,0.0,0.0
2011-09-22 00:00:00-04:00,33.514740367463666,33.514740367463666,32.439538932281756,33.101985931396484,16868000,0.0,0.0
2011-09-23 00:00:00-04:00,32.96274891378025,33.050414857448395,32.74616107611167,32.90602493286133,10699100,0.77,0.0
2011-09-26 00:00:00-04:00,33.14324237404735,33.35983416959686,32.75647861727997,33.30310821533203,8132000,0.0,0.0
2011-09-27 00:00:00-04:00,33.70532620285115,33.79815008513247,33.18963884226209,33.3701286315918,8374400,0.0,0.0
2011-09-28 00:00:00-04:00,33.514531861286656,33.524847815260976,32.622392660115615,32.68427658081055,6536200,0.0,0.0
2011-09-29 00:00:00-04:00,33.11229884447042,33.406240605962225,32.55019930689643,33.00916290283203,5979400,0.0,0.0
2011-09-30 00:00:00-04:00,32.7358538387435,33.08136560884991,32.1376562059193,32.16859817504883,9173800,0.0,0.0
2011-10-03 00:00:00-04:00,32.0963876788423,32.637859106643425,31.84369996336631,31.84885597229004,10959400,0.0,0.0
2011-10-04 00:00:00-04:00,31.549764335581727,32.4831595054013,31.17331266170538,32.38517761230469,10000000,0.0,0.0
2011-10-05 00:00:00-04:00,32.73068706886455,32.85960894707222,32.39033338908397,32.63786315917969,7835900,0.0,0.0
2011-10-06 00:00:00-04:00,32.704908673770035,33.31342023684182,32.55020277762464,33.30310821533203,6452300,0.0,0.0
2011-10-07 00:00:00-04:00,33.49906881667205,33.813638593648285,33.31342095044396,33.586734771728516,7334000,0.0,0.0
2011-10-10 00:00:00-04:00,33.99412295526119,34.23649673756557,33.793005121941356,34.06116485595703,4575700,0.0,0.0
2011-10-11 00:00:00-04:00,34.262287733524225,34.267441777118215,33.56610627866263,33.67440414428711,6601800,0.0,0.0
2011-10-12 00:00:00-04:00,33.994114607425495,34.370568164293104,33.679544958838044,34.19523239135742,8097100,0.0,0.0
2011-10-13 00:00:00-04:00,34.17462447559509,34.4221563195845,33.94256656854297,34.26744842529297,5656500,0.0,0.0
2011-10-14 00:00:00-04:00,34.64905317657883,34.757347106933594,34.499503291502904,34.757347106933594,7242200,0.0,0.0
2011-10-17 00:00:00-04:00,34.803755081749664,35.097696856875785,34.47887330957369,34.57169723510742,6575000,0.0,0.0
2011-10-18 00:00:00-04:00,34.38603815776742,34.58199796574695,33.70533090421716,34.19523239135742,7378300,0.0,0.0
2011-10-19 00:00:00-04:00,34.2983855238665,34.597481360450615,34.025071708265216,34.05085372924805,5661600,0.0,0.0
2011-10-20 00:00:00-04:00,34.953300111173064,35.639165469486755,34.73671229308988,35.16473388671875,12115700,0.0,0.0
2011-10-21 00:00:00-04:00,35.572125932222114,36.28893125156132,35.530869987446934,36.09812545776367,13618000,0.0,0.0
2011-10-24 00:00:00-04:00,36.15485304097985,36.24251897682276,35.74745942017715,35.82997131347656,7631000,0.0,0.0
2011-10-25 00:00:00-04:00,35.324588058112845,35.78870752020548,35.314276040903124,35.49991989135742,10066800,0.0,0.0
2011-10-26 00:00:00-04:00,35.97436937162367,36.52615496609601,35.65464163174479,36.510684967041016,10327100,0.0,0.0
2011-10-27 00:00:00-04:00,37.02636541279692,37.37187510604013,36.60865584730992,37.12950134277344,10180400,0.0,0.0
2011-10-28 00:00:00-04:00,37.15528920572472,37.38218905023368,36.778835566596726,37.19138717651367,6246000,0.0,0.0
2011-10-31 00:00:00-04:00,36.92838890905204,37.13466473346161,35.96405169220813,36.03109359741211,10206300,0.0,0.0
2011-11-01 00:00:00-04:00,35.15958702278949,35.74231269878286,34.93784115769734,35.45868682861328,9908100,0.0,0.0
2011-11-02 00:00:00-04:00,35.62369992615883,36.18579751493121,35.54634600020722,36.03109359741211,7788500,0.0,0.0
2011-11-03 00:00:00-04:00,36.19611192542222,36.593189624598786,36.10844204808012,36.505523681640625,5399200,0.0,0.0
2011-11-04 00:00:00-04:00,36.43848648600513,36.54162242880262,36.03109282350224,36.206424713134766,5754100,0.0,0.0
2011-11-07 00:00:00-05:00,36.165158890728534,36.397220600256034,35.82996520093817,36.35596466064453,3976600,0.0,0.0
2011-11-08 00:00:00-05:00,36.40753395848054,36.77882955988916,36.139378209898254,36.71694564819336,4631200,0.0,0.0
2011-11-09 00:00:00-05:00,36.10843247104477,36.263140275312814,35.64431692700645,35.90216064453125,6214900,0.0,0.0
2011-11-10 00:00:00-05:00,36.108439787735335,36.72210921879536,36.108439787735335,36.61381530761719,5708800,0.0,0.0
2011-11-11 00:00:00-05:00,36.87165934433639,37.19138703754654,36.794305425968034,36.94385528564453,4136400,0.0,0.0
2011-11-14 00:00:00-05:00,36.94384120597709,36.95931119687825,36.54160570501806,36.72209548950195,5024100,0.0,0.0
2011-11-15 00:00:00-05:00,36.80461566523295,37.00057548487247,36.56224192802587,36.88196563720703,4392700,0.0,0.0
2011-11-16 00:00:00-05:00,36.871652619256686,37.73284971520279,36.64474888259716,36.933536529541016,7934600,0.0,0.0
2011-11-17 00:00:00-05:00,36.85619515735863,37.88241242862083,36.85619515735863,37.1707649230957,7073200,0.0,0.0
2011-11-18 00:00:00-05:00,37.31514354153062,37.79473301898478,37.294515571766865,37.691593170166016,8647300,0.0,0.0
2011-11-21 00:00:00-05:00,37.03667743204116,37.402815098156374,36.89228555632063,37.12950134277344,6422600,0.0,0.0
2011-11-22 00:00:00-05:00,37.186222957767356,37.43375073466327,37.05214311689194,37.1346549987793,5401500,0.0,0.0
2011-11-23 00:00:00-05:00,36.85102252853377,36.93353440416464,36.52098289477582,36.62411880493164,5685900,0.0,0.0
2011-11-25 00:00:00-05:00,36.618981519300405,37.25327513232074,36.603511519136674,36.773685455322266,3575400,0.0,0.0
2011-11-28 00:00:00-05:00,37.18106370525769,37.722537092003115,37.12949574803978,37.691593170166016,6827800,0.0,0.0
2011-11-29 00:00:00-05:00,37.84115444305519,38.90862761123212,37.84115444305519,38.39809799194336,8016600,0.0,0.0
2011-11-30 00:00:00-05:00,39.156159070843074,39.39853286891203,38.722979447098034,39.31602096557617,9494900,0.0,0.0
2011-12-01 00:00:00-05:00,39.24382043693093,39.70794000306426,38.975664651155924,39.03239059448242,5938000,0.0,0.0
2011-12-02 00:00:00-05:00,39.17678912251059,39.41916293342204,38.84159138261996,38.9189453125,5414500,0.0,0.0
2011-12-05 00:00:00-05:00,39.558389252054326,39.72340910135005,38.86221188578747,39.125213623046875,5335900,0.0,0.0
2011-12-06 00:00:00-05:00,39.083963785015456,39.10974580445679,38.83127796193902,38.975669860839844,5314700,0.0,0.0
2011-12-07 00:00:00-05:00,38.79517998721382,39.13037378064036,38.54764820739516,38.975669860839844,5676400,0.0,0.0
2011-12-08 00:00:00-05:00,38.84675056728485,38.97567247629531,38.36200293040249,38.449668884277344,6465200,0.0,0.0
2011-12-09 00:00:00-05:00,38.77970605428802,39.13553175828229,38.661100109212704,38.975669860839844,5647700,0.0,0.0
2011-12-12 00:00:00-05:00,38.841583627740306,39.12005535907985,38.55795391960275,38.7539176940918,7101500,0.0,0.0
2011-12-13 00:00:00-05:00,39.114899442449655,39.47072510696643,38.85705567033808,38.93956756591797,6092300,0.0,0.0
2011-12-14 00:00:00-05:00,38.83126622283264,39.43461958986124,38.47544062640824,38.60436248779297,7792600,0.0,0.0
2011-12-15 00:00:00-05:00,39.02206767236558,39.34179530180413,38.826107861383655,39.1509895324707,6055100,0.0,0.0
2011-12-16 00:00:00-05:00,39.414006487754605,39.517142442014375,38.82612289282811,38.985984802246094,8857800,0.0,0.0
2011-12-19 00:00:00-05:00,39.21287550444077,39.60995312332379,39.08395363755388,39.29538345336914,6178100,0.0,0.0
2011-12-20 00:00:00-05:00,39.71736338579211,40.01430574732755,39.55586960262889,39.957000732421875,6665400,0.77,0.0
2011-12-21 00:00:00-05:00,40.0455552430989,40.78530564101504,39.910106699613536,40.72800064086914,6912800,0.0,0.0
2011-12-22 00:00:00-05:00,40.86344336465082,40.920748356635436,40.347698436789265,40.55607986450195,4308300,0.0,0.0
2011-12-23 00:00:00-05:00,40.660291066001506,41.10309931727732,40.608192704459796,41.02495574951172,3037300,0.0,0.0
2011-12-27 00:00:00-05:00,41.1499700709928,41.37397944138192,40.853027786946356,41.066619873046875,2510600,0.0,0.0
2011-12-28 00:00:00-05:00,40.98848225740638,41.233330206326414,40.821777862861346,40.89992141723633,2656300,0.0,0.0
2011-12-29 00:00:00-05:00,41.09267680209502,41.254174563765176,40.983277400377915,41.2072868347168,3511000,0.0,0.0
2011-12-30 00:00:00-05:00,41.238543777728594,41.285427528969684,40.72800929733959,40.88429641723633,3678000,0.0,0.0
2012-01-03 00:00:00-05:00,41.23853946180145,41.65529844699816,40.90512670927948,40.941593170166016,6708400,0.0,0.0
2012-01-04 00:00:00-05:00,40.71237684520313,40.89470914840783,40.530044541998436,40.86865997314453,5589500,0.0,0.0
2012-01-05 00:00:00-05:00,40.72279853740448,40.983274420040374,40.530048927963705,40.74363708496094,5407000,0.0,0.0
2012-01-06 00:00:00-05:00,40.46232024776819,40.53525317260392,39.93095122760124,40.15496063232422,6745900,0.0,0.0
2012-01-09 00:00:00-05:00,40.144536803350086,40.24872952826772,39.90489949785863,40.040348052978516,4766400,0.0,0.0
2012-01-10 00:00:00-05:00,40.45189852786793,40.58213644716271,40.07160205472699,40.27998352050781,4937000,0.0,0.0
2012-01-11 00:00:00-05:00,40.201864966966866,40.556112486661306,39.868456004260146,39.90492248535156,5095800,0.0,0.0
2012-01-12 00:00:00-05:00,39.894474145424894,40.17578848399775,39.80591332806268,39.82674789428711,4698700,0.0,0.0
2012-01-13 00:00:00-05:00,39.706937470519954,40.321660608573154,39.628793924033914,40.27998352050781,4916800,0.0,0.0
2012-01-17 00:00:00-05:00,40.165374043066706,40.358127596990805,39.46730069426136,39.54023361206055,6676900,0.0,0.0
2012-01-18 00:00:00-05:00,39.49334519283334,39.49334519283334,37.951328712445026,38.164920806884766,13761200,0.0,0.0
2012-01-19 00:00:00-05:00,38.388937780979795,38.82132473593262,38.09720208269695,38.435821533203125,8226400,0.0,0.0
2012-01-20 00:00:00-05:00,38.52958789508677,38.873417930580395,38.368094137258865,38.821319580078125,6017200,0.0,0.0
2012-01-23 00:00:00-05:00,38.753599465465854,39.1234747224393,38.597312354273086,38.99844741821289,5924200,0.0,0.0
2012-01-24 00:00:00-05:00,38.88905025519783,39.17557134271582,38.48270851230378,38.62857437133789,4608700,0.0,0.0
2012-01-25 00:00:00-05:00,38.46186369630136,40.07681311812619,38.394137433825705,40.01429748535156,8417000,0.0,0.0
2012-01-26 00:00:00-05:00,40.19143358786222,40.19143358786222,39.51940526512386,39.79029846191406,5419800,0.0,0.0
2012-01-27 00:00:00-05:00,39.74341467502053,39.97263474681202,39.185996388702364,39.3110237121582,5934500,0.0,0.0
2012-01-30 00:00:00-05:00,39.13390095690785,39.19120597332564,38.81612003842622,39.019290924072266,4698900,0.0,0.0
2012-01-31 00:00:00-05:00,39.08701337126191,39.180784855331005,38.810909549988146,38.95156478881836,5688800,0.0,0.0
2012-02-01 00:00:00-05:00,39.170369230754815,39.63401603984812,39.149530680683014,39.462100982666016,4321500,0.0,0.0
2012-02-02 00:00:00-05:00,39.60275127368331,39.60275127368331,39.243297259912,39.50897979736328,2967200,0.0,0.0
2012-02-03 00:00:00-05:00,39.826760345199716,40.00909664030136,39.49335153774275,39.91532516479492,3496200,0.0,0.0
2012-02-06 00:00:00-05:00,39.83196633235823,40.20705219065937,39.72777758262838,40.03513717651367,3733700,0.0,0.0
2012-02-07 00:00:00-05:00,39.858022008565975,40.623821765087726,39.84760074716549,40.42585754394531,5607100,0.0,0.0
2012-02-08 00:00:00-05:00,40.42065124257064,40.587359646460555,40.14975803534374,40.57172775268555,5024600,0.0,0.0
2012-02-09 00:00:00-05:00,40.582132568450824,42.19187118929856,40.55087276811659,41.7073860168457,10988900,0.0,0.0
2012-02-10 00:00:00-05:00,41.71781822249972,41.92619972304644,41.52506463894837,41.90536117553711,7602800,0.0,0.0
2012-02-13 00:00:00-05:00,42.035591295343956,42.660731706122824,41.89493211946394,42.51486587524414,7551400,0.0,0.0
2012-02-14 00:00:00-05:00,42.31169997910803,42.535709381103516,42.19708996303411,42.535709381103516,5689100,0.0,0.0
2012-02-15 00:00:00-05:00,42.6607298973939,42.744084068388126,42.285644077011135,42.48360824584961,4965800,0.0,0.0
2012-02-16 00:00:00-05:00,42.53050334124052,42.879540082739645,42.33774975026277,42.686790466308594,4548900,0.0,0.0
2012-02-17 00:00:00-05:00,42.89514303065105,43.06185132010603,42.462756322146426,42.58257293701172,5418400,0.0,0.0
2012-02-21 00:00:00-05:00,42.858707427978516,43.07229959663975,42.66595778504224,42.858707427978516,5134700,0.0,0.0
2012-02-22 00:00:00-05:00,42.770150861208656,43.11918768575327,42.478419064520345,42.86913299560547,5085700,0.0,0.0
2012-02-23 00:00:00-05:00,42.70242513862418,42.90559604862247,42.35859499890564,42.80661392211914,4272600,0.0,0.0
2012-02-24 00:00:00-05:00,42.97851937541889,43.280672344312975,42.869119984863396,43.249412536621094,4023000,0.0,0.0
2012-02-27 00:00:00-05:00,43.030616030173626,43.42654049397965,42.97331101668012,43.29109191894531,4340200,0.0,0.0
2012-02-28 00:00:00-05:00,43.332775740152336,43.733906922314524,43.23900424665962,43.6870231628418,4728900,0.0,0.0
2012-02-29 00:00:00-05:00,43.75994244337764,43.9162295419224,43.509883880615234,43.509883880615234,5817000,0.0,0.0
2012-03-01 00:00:00-05:00,43.49947183903908,43.93186275252787,43.19211220927609,43.87976837158203,4944700,0.0,0.0
2012-03-02 00:00:00-05:00,43.911025881520054,44.14024593588789,43.650549992300846,44.04647445678711,4183300,0.0,0.0
2012-03-05 00:00:00-05:00,43.96832958948817,44.50490926941873,43.832881018243214,44.499698638916016,4097400,0.0,0.0
2012-03-06 00:00:00-05:00,44.187130834621996,44.49970111488551,43.74432260636979,43.79120635986328,6932900,0.0,0.0
2012-03-07 00:00:00-05:00,43.78078550507323,43.963117822489565,43.37444377638929,43.79641342163086,4852700,0.0,0.0
2012-03-08 00:00:00-05:00,44.18191345591461,44.36424973488792,44.0412582423697,44.08293533325195,3738200,0.0,0.0
2012-03-09 00:00:00-05:00,44.24965479310794,44.40593797532524,44.07773971557617,44.07773971557617,3601500,0.0,0.0
2012-03-12 00:00:00-04:00,44.24443828711076,44.57263650328576,43.70785854776484,44.04126739501953,8037600,0.0,0.0
2012-03-13 00:00:00-04:00,44.166294375698165,44.67682890477003,44.067312258688524,44.650779724121094,5132900,0.0,0.0
2012-03-14 00:00:00-04:00,44.45801863078074,44.676821377545544,44.25484777449978,44.515323638916016,5170700,0.0,0.0
2012-03-15 00:00:00-04:00,44.5205472043268,44.74976730346679,44.40593715475681,44.7497673034668,4849500,0.0,0.0
2012-03-16 00:00:00-04:00,44.78622742677699,44.89041619822578,44.562217991069915,44.70287322998047,7930600,0.0,0.0
2012-03-19 00:00:00-04:00,44.70808401195899,45.11442578634766,44.52054104308008,44.97897720336914,3724600,0.0,0.0
2012-03-20 00:00:00-04:00,44.7133003055339,45.14569131490545,44.70808967391991,45.08317565917969,4578900,0.0,0.0
2012-03-21 00:00:00-04:00,45.08315189783153,45.16650208698827,44.833093381270736,44.86435317993164,4892200,0.0,0.0
2012-03-22 00:00:00-04:00,44.79144502490029,45.39574714748517,44.76018520896579,45.23945999145508,6051300,0.0,0.0
2012-03-23 00:00:00-04:00,45.24988466625644,45.400961201928915,45.025875178817635,45.234256744384766,6264900,0.0,0.0
2012-03-26 00:00:00-04:00,45.36968255768898,46.10943700722186,45.322798811528166,45.92189407348633,6321400,0.0,0.0
2012-03-27 00:00:00-04:00,46.3213212312896,46.46847250755456,45.9954833984375,45.9954833984375,5187900,0.77,0.0
2012-03-28 00:00:00-04:00,45.98497306684287,46.03226997168875,45.522497066873484,45.70643615722656,6090500,0.0,0.0
2012-03-29 00:00:00-04:00,45.46467816244659,45.72219283851245,45.27022601382586,45.53825378417969,4906400,0.0,0.0
2012-03-30 00:00:00-04:00,45.7589852971871,46.6997068529773,45.7589852971871,46.568321228027344,6974800,0.0,0.0
2012-04-02 00:00:00-04:00,46.699703995004676,47.09911739308876,46.69444744764847,46.972984313964844,4848300,0.0,0.0
2012-04-03 00:00:00-04:00,46.66292867189754,46.78380122644574,46.40015736774871,46.76278305053711,7640600,0.0,0.0
2012-04-04 00:00:00-04:00,46.57881407917186,47.351361926144136,46.56304845120421,47.03078079223633,7032900,0.0,0.0
2012-04-05 00:00:00-04:00,46.82582493975281,46.904657098134294,46.305539109747265,46.584075927734375,6328000,0.0,0.0
2012-04-09 00:00:00-04:00,46.221468773927775,46.61562571290807,46.221468773927775,46.44219970703125,3422700,0.0,0.0
2012-04-10 00:00:00-04:00,46.29502318667466,46.36860280368395,45.66437397731699,45.74846267700195,5615400,0.0,0.0
2012-04-11 00:00:00-04:00,46.058549949510294,46.352852502040214,45.87986740249472,45.9954833984375,5166600,0.0,0.0
2012-04-12 00:00:00-04:00,46.11107992560246,46.13210209858955,45.52247512024216,45.858821868896484,5058900,0.0,0.0
2012-04-13 00:00:00-04:00,46.01124671863586,46.662918285189114,45.93767109061715,46.16365051269531,6023400,0.0,0.0
2012-04-16 00:00:00-04:00,46.33707129264413,46.38437219244366,45.47518209885715,45.74320983886719,5765900,0.0,0.0
2012-04-17 00:00:00-04:00,45.858828874238974,46.195175674273244,45.61182331587033,45.95867919921875,4819400,0.0,0.0
2012-04-18 00:00:00-04:00,45.72219133885443,46.305543756012355,45.52773919661161,46.11109161376953,4861600,0.0,0.0
2012-04-19 00:00:00-04:00,46.24773695008555,46.24773695008555,45.24920546402182,45.5908088684082,6089700,0.0,0.0
2012-04-20 00:00:00-04:00,45.3963659593939,46.41591983288873,45.270236864700934,46.147891998291016,6637800,0.0,0.0
2012-04-23 00:00:00-04:00,45.806274717123955,46.02700154937581,45.517224810910754,45.69065475463867,4677700,0.0,0.0
2012-04-24 00:00:00-04:00,45.769489757356034,45.858835020566495,45.25971695210924,45.28599166870117,5064700,0.0,0.0
2012-04-25 00:00:00-04:00,45.406861302560394,46.18466176022149,45.291241340309945,46.05853271484375,6191900,0.0,0.0
2012-04-26 00:00:00-04:00,46.15314494302797,46.641899657569006,45.96394931097522,46.53679275512695,4545700,0.0,0.0
2012-04-27 00:00:00-04:00,46.768026103665996,47.629915485689466,46.59985266350461,47.198970794677734,7067800,0.0,0.0
2012-04-30 00:00:00-04:00,47.198965870310715,47.288311133552284,46.77327777140882,47.04130554199219,6439100,0.0,0.0
2012-05-01 00:00:00-04:00,46.936202492978836,47.85064939028687,46.936202492978836,47.298828125,5911600,0.0,0.0
2012-05-02 00:00:00-04:00,47.1989597675722,47.6561830806762,47.1989597675722,47.46173095703125,5132600,0.0,0.0
2012-05-03 00:00:00-04:00,47.30932132801439,47.629902487329836,47.04655014887517,47.27779006958008,5300000,0.0,0.0
2012-05-04 00:00:00-04:00,47.16742475912794,47.35662032126719,46.77326800626615,46.84158706665039,3710000,0.0,0.0
2012-05-07 00:00:00-04:00,46.768012977786434,46.86786730814727,46.36334712926142,46.39487838745117,5218200,0.0,0.0
2012-05-08 00:00:00-04:00,46.31081139081231,46.46321921291341,45.780012287573506,46.10059356689453,6154600,0.0,0.0
2012-05-09 00:00:00-04:00,45.63811484255925,45.711694491146346,45.00746536254882,45.00746536254883,7574900,0.0,0.0
2012-05-10 00:00:00-04:00,45.36482735828243,45.585554240724036,45.19139737511932,45.28074264526367,5120600,0.0,0.0
2012-05-11 00:00:00-04:00,44.97066659909412,45.44365559878234,44.97066659909412,45.275482177734375,4842300,0.0,0.0
2012-05-14 00:00:00-04:00,45.012714097056765,45.19665316266506,44.73942976280652,44.87607192993164,4833200,0.0,0.0
2012-05-15 00:00:00-04:00,44.81300223599785,45.02322001457532,44.434615046043156,44.523956298828125,4777200,0.0,0.0
2012-05-16 00:00:00-04:00,44.5554997322856,45.01797977339333,44.45039281907297,44.79724884033203,4998800,0.0,0.0
2012-05-17 00:00:00-04:00,44.73417347379409,44.83402380985384,44.24541884926389,44.25067138671875,4578200,0.0,0.0
2012-05-18 00:00:00-04:00,44.418850081640585,44.83402913541361,44.20337974285038,44.3032341003418,6538900,0.0,0.0
2012-05-21 00:00:00-04:00,44.46088635966209,44.59752850671542,44.029941750866506,44.534461975097656,4646100,0.0,0.0
2012-05-22 00:00:00-04:00,44.66584509837513,45.075767507231284,44.51343732926218,44.702632904052734,4994900,0.0,0.0
2012-05-23 00:00:00-04:00,44.52920654889869,44.65533559438059,44.140302310176914,44.31898880004883,4938500,0.0,0.0
2012-05-24 00:00:00-04:00,44.371550917582844,44.933881200291374,44.3242500102899,44.84979248046875,5261700,0.0,0.0
2012-05-25 00:00:00-04:00,44.84980453558523,45.144111124499815,44.80250762515027,44.870826721191406,3603300,0.0,0.0
2012-05-29 00:00:00-04:00,44.89708976552621,45.05475409768806,44.62906200467927,44.98117446899414,3809500,0.0,0.0
2012-05-30 00:00:00-04:00,44.64484293691592,44.91812733838198,44.48192601153124,44.608055114746094,4203500,0.0,0.0
2012-05-31 00:00:00-04:00,44.58701925236948,44.807750127251914,44.36103984948171,44.41359329223633,5967600,0.0,0.0
2012-06-01 00:00:00-04:00,43.70411479023755,44.02994856341829,43.33623264656869,43.50966262817383,7960100,0.0,0.0
2012-06-04 00:00:00-04:00,43.42032249647522,43.46236284891368,42.74762473303639,43.04718780517578,6040300,0.0,0.0
2012-06-05 00:00:00-04:00,42.784416556972985,43.15229470062848,42.621495656578944,43.04718780517578,4298300,0.0,0.0
2012-06-06 00:00:00-04:00,43.09974458371391,43.65681838989258,43.04719113192615,43.65681838989258,4818100,0.0,0.0
2012-06-07 00:00:00-04:00,44.119276076387145,44.187599143982,43.830230206677875,43.93533706665039,3599800,0.0,0.0
2012-06-08 00:00:00-04:00,43.830224706513796,44.20335922503295,43.74088348579143,44.129783630371094,3821300,0.0,0.0
2012-06-11 00:00:00-04:00,44.36101880998617,44.76568453779999,44.18758892253649,44.34524917602539,14009800,0.0,0.0
2012-06-12 00:00:00-04:00,44.48190895020046,44.91811010974336,44.31899208730363,44.676361083984375,4642200,0.0,0.0
2012-06-13 00:00:00-04:00,45.12307110053963,45.748467843978695,44.776211189518534,45.03898239135742,4648300,0.0,0.0
2012-06-14 00:00:00-04:00,45.1913973504628,46.24248232483523,45.138843903658376,45.90087890625,4914600,0.0,0.0
2012-06-15 00:00:00-04:00,46.216209851551696,46.34759547973139,45.82205296701262,46.1058464050293,8794800,0.0,0.0
2012-06-18 00:00:00-04:00,45.99547407827515,46.6051052530666,45.87985810575989,46.31605529785156,4128500,0.0,0.0
2012-06-19 00:00:00-04:00,46.47895957418116,46.73647416342677,46.30027311766531,46.520999908447266,4908700,0.0,0.0
2012-06-20 00:00:00-04:00,46.499989070677714,46.67341499957017,46.16363827658246,46.51575469970703,4612600,0.0,0.0
2012-06-21 00:00:00-04:00,46.07956815125752,46.26350723069371,44.93388530132053,44.9864387512207,9160700,0.0,0.0
2012-06-22 00:00:00-04:00,45.238692105591056,45.506715850706385,44.96015526680232,45.201904296875,7178700,0.0,0.0
2012-06-25 00:00:00-04:00,44.8837364828387,44.947372726856244,44.50723114209758,44.53904724121094,5044400,0.77,0.0
2012-06-26 00:00:00-04:00,44.57085357419373,44.78296623027296,44.43297711111056,44.560245513916016,4600100,0.0,0.0
2012-06-27 00:00:00-04:00,44.629204456390966,45.20721856408687,44.629204456390966,45.0216178894043,4641300,0.0,0.0
2012-06-28 00:00:00-04:00,44.73524561777848,45.50416417106597,44.59206511328584,45.403411865234375,4093200,0.0,0.0
2012-06-29 00:00:00-04:00,46.08748973656586,46.45338695756365,45.81704079825341,46.27309036254883,6269100,0.0,0.0
2012-07-02 00:00:00-04:00,46.31551386766905,47.227613063113175,46.24127361183434,47.195796966552734,4728400,0.0,0.0
2012-07-03 00:00:00-04:00,47.132157955493696,47.49805922757981,47.0048895309469,47.45563507080078,2487200,0.0,0.0
2012-07-05 00:00:00-04:00,47.31246436290325,47.498065014185045,46.98368317649639,47.18519592285156,3772700,0.0,0.0
2012-07-06 00:00:00-04:00,46.909431991589315,47.50335798316673,46.760951505142415,47.434417724609375,3780700,0.0,0.0
2012-07-09 00:00:00-04:00,47.36018968775798,48.25107688184189,47.31246553872408,48.04956817626953,5976200,0.0,0.0
2012-07-10 00:00:00-04:00,48.288179398352156,48.46317597255588,47.93288626584597,48.09727478027344,4399100,0.0,0.0
2012-07-11 00:00:00-04:00,48.06016005006068,48.29348884182123,47.85334736492377,48.01243591308594,4618800,0.0,0.0
2012-07-12 00:00:00-04:00,47.99652700194197,48.19273162257547,47.667745896370754,47.67304992675781,4797900,0.0,0.0
2012-07-13 00:00:00-04:00,47.7685195127192,47.9859362877056,47.593522858794465,47.83745574951172,3507600,0.0,0.0
2012-07-16 00:00:00-04:00,47.7791031568844,48.256364715980574,47.73667900812263,48.17151641845703,4117800,0.0,0.0
2012-07-17 00:00:00-04:00,48.00713640513971,48.25637326603799,47.32836608784495,47.72077941894531,4634100,0.0,0.0
2012-07-18 00:00:00-04:00,47.67305652105794,47.7260846948942,47.15337070756579,47.41321563720703,5162400,0.0,0.0
2012-07-19 00:00:00-04:00,47.466229944105955,48.113183994959954,47.36016958162792,47.48744201660156,6410400,0.0,0.0
2012-07-20 00:00:00-04:00,47.10565033297531,47.365491237611685,46.76626513832638,47.13746643066406,6255300,0.0,0.0
2012-07-23 00:00:00-04:00,46.8298984424064,47.174587676760886,46.548845450726674,46.66020584106445,4037100,0.0,0.0
2012-07-24 00:00:00-04:00,46.60717023336523,46.87761916438972,46.14581665053406,46.50111389160156,4915000,0.0,0.0
2012-07-25 00:00:00-04:00,46.56474706439949,46.70262354824402,46.045065314646585,46.076881408691406,4566700,0.0,0.0
2012-07-26 00:00:00-04:00,46.60716027397507,47.20108617999105,46.60716027397507,46.983665466308594,5348600,0.0,0.0
2012-07-27 00:00:00-04:00,46.888226316861186,48.251071033222026,46.53293309781627,47.88517379760742,6680300,0.0,0.0
2012-07-30 00:00:00-04:00,47.67306667857912,48.463197560723515,47.657158627617804,48.351837158203125,4151500,0.0,0.0
2012-07-31 00:00:00-04:00,48.3465160031613,48.685901122773934,48.17682344335498,48.48969650268555,5541000,0.0,0.0
2012-08-01 00:00:00-04:00,48.4950128303125,48.67531351162562,47.858666528034576,48.06547927856445,3362100,0.0,0.0
2012-08-02 00:00:00-04:00,47.88516345389375,48.213940491809495,47.48744616290058,47.7631950378418,3962700,0.0,0.0
2012-08-03 00:00:00-04:00,48.34651706605926,48.78665854347364,48.11319231981453,48.74953842163086,4123300,0.0,0.0
2012-08-06 00:00:00-04:00,48.786654325737494,49.39648831396711,48.680597999866905,48.90862274169922,4546100,0.0,0.0
2012-08-07 00:00:00-04:00,49.13667718517126,49.25864162906731,48.38896628470959,48.42608642578125,4299500,0.0,0.0
2012-08-08 00:00:00-04:00,48.36242690858728,48.791964386772634,48.023041768903795,48.66469192504883,3403700,0.0,0.0
2012-08-09 00:00:00-04:00,48.66469463205804,48.77075502272756,48.277585332037376,48.457881927490234,2807700,0.0,0.0
2012-08-10 00:00:00-04:00,48.309403468416185,49.014689924468165,48.28819138938563,48.89802551269531,2640000,0.0,0.0
2012-08-13 00:00:00-04:00,48.776061587898276,49.046506495128696,48.61697301652356,49.01469039916992,2418100,0.0,0.0
2012-08-14 00:00:00-04:00,49.04651177473149,49.57150168930625,48.84500306898386,49.39120101928711,4051500,0.0,0.0
2012-08-15 00:00:00-04:00,49.306352310159724,49.45483282166744,48.929842954248805,49.301048278808594,4163600,0.0,0.0
2012-08-16 00:00:00-04:00,49.030588377159546,49.57148617211069,48.829079734489476,49.47072982788086,4595400,0.0,0.0
2012-08-17 00:00:00-04:00,49.57148771711731,49.58209173199271,49.17377040375908,49.518455505371094,4161600,0.0,0.0
2012-08-20 00:00:00-04:00,49.5237842016609,49.63514461937093,49.31166738639772,49.40711975097656,2919500,0.0,0.0
2012-08-21 00:00:00-04:00,49.39118418165284,49.4707284487858,48.56923349759472,48.632869720458984,3779700,0.0,0.0
2012-08-22 00:00:00-04:00,48.463191736577976,48.56924809410203,48.17683471631419,48.187442779541016,3905800,0.0,0.0
2012-08-23 00:00:00-04:00,48.086685933669294,48.17683424125488,47.026106185724046,47.031410217285156,6914900,0.0,0.0
2012-08-24 00:00:00-04:00,46.962461935550834,47.72077648784304,46.81398144348634,47.598812103271484,5397900,0.0,0.0
2012-08-27 00:00:00-04:00,47.6147230084948,47.98592426094495,47.55639080513975,47.773807525634766,2943300,0.0,0.0
2012-08-28 00:00:00-04:00,47.62003518496691,48.38364989859498,47.60942712120225,48.192745208740234,3094500,0.0,0.0
2012-08-29 00:00:00-04:00,48.51092246436301,48.78136740391814,48.12911308406057,48.13971710205078,4027700,0.0,0.0
2012-08-30 00:00:00-04:00,48.17151880904655,48.23515503534726,47.89046588968374,48.017738342285156,2666900,0.0,0.0
2012-08-31 00:00:00-04:00,48.15563149738893,48.553348979979305,47.35489654541016,47.354896545410156,6626500,0.0,0.0
2012-09-04 00:00:00-04:00,47.429112971099535,47.699557810311255,47.28593248371506,47.52986526489258,3917000,0.0,0.0
2012-09-05 00:00:00-04:00,47.471547450301465,47.66245212743837,47.19579849765406,47.24352264404297,3766600,0.0,0.0
2012-09-06 00:00:00-04:00,47.25414295556391,47.779128930873554,47.195810730997096,47.45035171508789,5497600,0.0,0.0
2012-09-07 00:00:00-04:00,47.40791309147815,47.66244995218352,47.020799723342726,47.105648040771484,4860000,0.0,0.0
2012-09-10 00:00:00-04:00,47.004870522021086,47.116230854188835,46.64957745570656,46.994266510009766,4862200,0.0,0.0
2012-09-11 00:00:00-04:00,47.04200480354559,47.23290944356606,46.867008209228516,46.867008209228516,4193300,0.0,0.0
2012-09-12 00:00:00-04:00,46.978368079702214,46.978368079702214,45.66325173541371,45.96021270751953,8388100,0.0,0.0
2012-09-13 00:00:00-04:00,46.151120295627805,48.02834665884361,46.02915590819798,47.805625915527344,17534600,0.0,0.0
2012-09-14 00:00:00-04:00,47.51398392676683,47.752616857937895,47.11096238770293,47.45035171508789,19859500,0.0,0.0
2012-09-17 00:00:00-04:00,47.38668234726552,48.208632903994044,47.38137831806778,48.09196853637695,18849900,0.0,0.0
2012-09-18 00:00:00-04:00,48.09199121970057,48.70712538574332,47.99653887806401,48.52682876586914,4473800,0.0,0.0
2012-09-19 00:00:00-04:00,48.41545994229022,48.74954105693508,48.1609190603298,48.59575653076172,4209700,0.0,0.0
2012-09-20 00:00:00-04:00,48.52682893681031,48.91924232234702,48.52682893681031,48.85560607910156,5467100,0.0,0.0
2012-09-21 00:00:00-04:00,48.94573772323727,49.09951816587276,48.80255724797103,48.86088943481445,6761500,0.0,0.0
2012-09-24 00:00:00-04:00,48.79197388164688,48.956362452792504,48.521524905092164,48.85560607910156,3907400,0.0,0.0
2012-09-25 00:00:00-04:00,48.96801788878383,49.21422232558818,48.20264153989505,48.213348388671875,4973400,0.85,0.0
2012-09-26 00:00:00-04:00,48.21866537143004,48.67896155674942,48.13838447680983,48.38994216918945,3910900,0.0,0.0
2012-09-27 00:00:00-04:00,48.470231883798704,48.71643620018353,48.138393236415155,48.52375793457031,3860900,0.0,0.0
2012-09-28 00:00:00-04:00,48.438127363721065,48.438127363721065,48.02600365690904,48.13840103149414,5092900,0.0,0.0
2012-10-01 00:00:00-04:00,48.315020270149226,48.79672619219486,48.17051053526792,48.55052185058594,4336200,0.0,0.0
2012-10-02 00:00:00-04:00,48.75926174603772,49.24096768135262,48.75926174603772,49.160682678222656,3879800,0.0,0.0
2012-10-03 00:00:00-04:00,49.19813718446801,49.74407181376427,49.16067140272916,49.653079986572266,3823800,0.0,0.0
2012-10-04 00:00:00-04:00,49.79761745335492,50.31143588299513,49.77085441790314,49.9421272277832,3516700,0.0,0.0
2012-10-05 00:00:00-04:00,50.1776137065893,50.38099883076606,49.990284765444294,50.17226028442383,3906800,0.0,0.0
2012-10-08 00:00:00-04:00,50.1508566428644,50.23649507383695,49.7922549009634,49.96352767944336,2944600,0.0,0.0
2012-10-09 00:00:00-04:00,49.65843381489948,49.89928877102135,48.967989474225824,48.97334289550781,4057500,0.0,0.0
2012-10-10 00:00:00-04:00,49.05899298901117,49.43365089872211,48.545170593600524,48.587989807128906,3794600,0.0,0.0
2012-10-11 00:00:00-04:00,49.155325988012756,49.155325988012756,48.50235141184415,48.62009811401367,4422300,0.0,0.0
2012-10-12 00:00:00-04:00,48.96264804190574,49.65844183274011,48.90377264868976,49.08039474487305,3617300,0.0,0.0
2012-10-15 00:00:00-04:00,49.321247734188695,49.40688206772476,48.97334881118682,49.273075103759766,4761400,0.0,0.0
2012-10-16 00:00:00-04:00,49.503227111102326,49.669150536132655,49.208854217468804,49.519283294677734,2996300,0.0,0.0
2012-10-17 00:00:00-04:00,49.35336505234862,49.67985440386956,49.14997991675561,49.160682678222656,4829300,0.0,0.0
2012-10-18 00:00:00-04:00,47.67809508965332,48.36318604451993,47.07863846241294,47.10004806518555,8848900,0.0,0.0
2012-10-19 00:00:00-04:00,47.18568954190771,47.94035869221764,47.1000511252534,47.16427993774414,7140900,0.0,0.0
2012-10-22 00:00:00-04:00,47.24990106259255,47.854710981616456,47.1535599125201,47.7423095703125,4386700,0.0,0.0
2012-10-23 00:00:00-04:00,47.37301960067203,47.37301960067203,46.7789163422628,47.051883697509766,4171500,0.0,0.0
2012-10-24 00:00:00-04:00,46.993028394880426,47.33022062482961,46.837811757246776,46.955562591552734,3948800,0.0,0.0
2012-10-25 00:00:00-04:00,47.271345207676625,47.39979880716208,46.84851452242627,46.955562591552734,3710500,0.0,0.0
2012-10-26 00:00:00-04:00,47.07328989815895,47.61922461653274,46.82173622741845,47.249916076660156,4375000,0.0,0.0
2012-10-31 00:00:00-04:00,47.76374693118954,47.902907358506425,47.23922576305506,47.3997917175293,5379100,0.0,0.0
2012-11-01 00:00:00-04:00,47.619228560598934,47.86543291308435,46.8645552354777,46.880611419677734,5298000,0.0,0.0
2012-11-02 00:00:00-04:00,46.91273142200955,47.35161818504127,46.49525426735319,46.527366638183594,9707000,0.0,0.0
2012-11-05 00:00:00-05:00,46.3560819245408,46.80567133432218,45.84761712774556,46.452423095703125,4741200,0.0,0.0
2012-11-06 00:00:00-05:00,46.56482104403363,47.025117302870186,46.52200183775482,46.7735595703125,4059800,0.0,0.0
2012-11-07 00:00:00-05:00,46.65044083093993,46.88058478500668,46.211550267009926,46.21690368652344,5175400,0.0,0.0
2012-11-08 00:00:00-05:00,46.25439922026781,46.68258322070135,45.77269324064639,45.788753509521484,4271600,0.0,0.0
2012-11-09 00:00:00-05:00,45.37126685362647,46.286510147347975,45.24281330222152,45.71916580200195,3982600,0.0,0.0
2012-11-12 00:00:00-05:00,45.665656298990804,46.142008928847446,45.440861501781896,45.483680725097656,3493200,0.0,0.0
2012-11-13 00:00:00-05:00,45.27492101079557,45.788743330476905,45.14646747260741,45.18393325805664,5288800,0.0,0.0
2012-11-14 00:00:00-05:00,45.17323270750673,45.585356367606096,44.01713855687315,44.0974235534668,8158500,0.0,0.0
2012-11-15 00:00:00-05:00,43.99572536967334,44.97519326473636,43.94220340412402,44.94308090209961,7166800,0.0,0.0
2012-11-16 00:00:00-05:00,45.07153684420573,45.60141127334346,44.90026409521857,45.45690155029297,6501000,0.0,0.0
2012-11-19 00:00:00-05:00,45.81015315968574,46.48989486694336,45.783394215256024,46.48989486694336,5035500,0.0,0.0
2012-11-20 00:00:00-05:00,46.527371543305605,47.169643528416515,46.48990574556523,47.153587341308594,5853300,0.0,0.0
2012-11-21 00:00:00-05:00,47.19638529485962,47.57104310343444,47.105397553272,47.485408782958984,3296700,0.0,0.0
2012-11-23 00:00:00-05:00,47.635269092050606,48.40064492731761,47.5817471344826,48.38994216918945,2169500,0.0,0.0
2012-11-26 00:00:00-05:00,48.084891874881244,48.170530333315476,47.71023382789759,48.1009521484375,3384100,0.0,0.0
2012-11-27 00:00:00-05:00,48.44883875525874,48.44883875525874,47.672759756736326,47.704872131347656,4474400,0.0,0.0
2012-11-28 00:00:00-05:00,47.63528937220548,48.19192695151451,47.23386839434982,48.12234878540039,5520800,0.0,0.0
2012-11-29 00:00:00-05:00,48.15446647792457,48.620112250272555,47.89755522698384,48.34714889526367,5658300,0.0,0.0
2012-11-30 00:00:00-05:00,48.133055758860515,48.38461358034463,47.935019922412955,48.106292724609375,7562500,0.0,0.0
2012-12-03 00:00:00-05:00,48.175862482867444,48.43276957778438,48.025999330255125,48.0634651184082,3848200,0.0,0.0
2012-12-04 00:00:00-05:00,48.06880912954874,48.14374069755011,47.60851287841797,47.60851287841797,4145400,0.0,0.0
2012-12-05 00:00:00-05:00,47.6727400858935,47.86006899960634,47.19638766953912,47.38371658325195,6070300,0.0,0.0
2012-12-06 00:00:00-05:00,47.447942108384474,47.94035067136903,47.30342832532488,47.45864486694336,4198900,0.0,0.0
2012-12-07 00:00:00-05:00,47.45864930616256,48.00993330144684,47.45864930616256,47.88683319091797,3897500,0.0,0.0
2012-12-10 00:00:00-05:00,47.720936473956,48.14911647801625,47.629944599017044,47.67276382446289,3619300,0.0,0.0
2012-12-11 00:00:00-05:00,47.89753258323749,48.02063676857619,47.19103208148361,47.346248626708984,4918500,0.0,0.0
2012-12-12 00:00:00-05:00,47.58176498658774,48.009944891243364,47.37302641533178,47.51753616333008,4600700,0.0,0.0
2012-12-13 00:00:00-05:00,47.469372201692345,47.74233553915315,47.05189501878471,47.20710754394531,3898500,0.0,0.0
2012-12-14 00:00:00-05:00,46.83780161631452,47.26063221001711,46.83780161631452,46.96625518798828,4875800,0.0,0.0
2012-12-17 00:00:00-05:00,47.07328584733565,47.35160660468365,46.62369643180093,46.7735595703125,5717300,0.0,0.0
2012-12-18 00:00:00-05:00,46.714694061074205,46.80568183105922,45.69776015595984,46.30257034301758,8176600,0.0,0.0
2012-12-19 00:00:00-05:00,46.307922495167844,46.43638014897135,45.29099261174832,45.30704879760742,9307000,0.0,0.0
2012-12-20 00:00:00-05:00,45.21549055405909,45.8205755689901,44.8674311390455,45.7830924987793,7770400,0.039,0.0
2012-12-21 00:00:00-05:00,45.61710715544269,45.922327679121516,45.03343740135736,45.488590240478516,10896300,0.0,0.0
2012-12-24 00:00:00-05:00,44.81051406239294,45.1642832480627,44.81051406239294,44.885555267333984,2435100,0.085,0.0
2012-12-26 00:00:00-05:00,44.93380088593931,44.944519306055106,44.387067402932416,44.46210861206055,3509600,0.0,0.0
2012-12-27 00:00:00-05:00,44.56393744150063,44.9873864628711,44.44065724798237,44.9016227722168,5230400,0.0,0.0
2012-12-28 00:00:00-05:00,44.59611125932241,45.01956041816963,44.27450549383214,44.301307678222656,3911100,0.0,0.0
2012-12-31 00:00:00-05:00,44.338814551629945,44.885543774705525,44.188732180175386,44.83194351196289,5705000,0.0,0.0
2013-01-02 00:00:00-05:00,45.40013586748395,46.509678615733364,45.20181438937477,46.49359893798828,6499100,0.0,0.0
2013-01-03 00:00:00-05:00,46.60079298047796,46.80447566787627,45.7753356324338,46.02190017700195,5817000,0.0,0.0
2013-01-04 00:00:00-05:00,46.09693608194951,46.4453439748752,46.02725613913977,46.37565994262695,4205800,0.0,0.0
2013-01-07 00:00:00-05:00,46.18805229514972,46.472137381081076,46.04869242357765,46.230934143066406,3980800,0.0,0.0
2013-01-08 00:00:00-05:00,46.21485996734737,46.39710170850445,46.080857243753556,46.14517593383789,4426100,0.0,0.0
2013-01-09 00:00:00-05:00,46.28453744952958,46.45070359876573,45.83429028513364,46.00581359863281,4776300,0.0,0.0
2013-01-10 00:00:00-05:00,46.30063056487805,46.78840255737305,46.26847121220877,46.78840255737305,5312800,0.0,0.0
2013-01-11 00:00:00-05:00,47.45304839851368,48.14986426413984,47.45304839851368,47.8282585144043,8106000,0.0,0.0
2013-01-14 00:00:00-05:00,47.88722147794057,48.05874892631284,47.5816953670465,47.74250030517578,4521100,0.0,0.0
2013-01-15 00:00:00-05:00,47.51736915162694,47.87113423437164,47.463768877203655,47.66209030151367,4439700,0.0,0.0
2013-01-16 00:00:00-05:00,47.40480064534479,47.58704237050226,47.115354297060975,47.3511962890625,3400400,0.0,0.0
2013-01-17 00:00:00-05:00,47.522719698953125,47.91400529458071,47.42087633788721,47.78000259399414,4568300,0.0,0.0
2013-01-18 00:00:00-05:00,47.92472912475233,48.230255126953125,47.651362462960684,48.230255126953125,5443600,0.0,0.0
2013-01-22 00:00:00-05:00,48.20346835307807,48.39643263606798,47.83898071736817,48.2570686340332,5937000,0.0,0.0
2013-01-23 00:00:00-05:00,48.09626278185153,48.240983934301326,47.4584084634331,47.61920928955078,4865200,0.0,0.0
2013-01-24 00:00:00-05:00,47.76929616205964,48.240984314267806,47.57633189764746,48.112342834472656,4403600,0.0,0.0
2013-01-25 00:00:00-05:00,48.149862113598545,48.24098298889003,47.70497206679125,47.93009567260742,4499700,0.0,0.0
2013-01-28 00:00:00-05:00,47.87113338808288,47.91937649681813,47.64064853164247,47.70497131347656,4549700,0.0,0.0
2013-01-29 00:00:00-05:00,47.512005420075894,48.00513446216041,47.46376640244177,47.65673065185547,4972700,0.0,0.0
2013-01-30 00:00:00-05:00,47.40480668855771,47.52808690907113,46.84735484555082,46.98135757446289,6468300,0.0,0.0
2013-01-31 00:00:00-05:00,47.067111710349046,47.71568435198125,46.9813521003459,47.25471878051758,5045200,0.0,0.0
2013-02-01 00:00:00-05:00,47.66208509053921,47.688887269539926,46.986714345655415,47.2386360168457,5420400,0.0,0.0
2013-02-04 00:00:00-05:00,46.917049366053874,47.19577741885694,46.525763566172664,46.80984878540039,5808700,0.0,0.0
2013-02-05 00:00:00-05:00,46.86343682767593,47.24400410580418,46.799114042431,47.14752197265625,4546200,0.0,0.0
2013-02-06 00:00:00-05:00,47.03495551782089,47.12607638750127,46.8259115982301,47.0027961730957,3920500,0.0,0.0
2013-02-07 00:00:00-05:00,46.71335255565607,48.24098286172287,46.552547643674814,48.144500732421875,7478500,0.0,0.0
2013-02-08 00:00:00-05:00,48.04801405305212,48.696586714930525,48.04801405305212,48.482181549072266,4366500,0.0,0.0
2013-02-11 00:00:00-05:00,48.455383417041304,48.68050700074915,48.369619714997334,48.42858123779297,3283400,0.0,0.0
2013-02-12 00:00:00-05:00,48.578672825697005,48.632277194344105,48.246348640944305,48.3160285949707,3638500,0.0,0.0
2013-02-13 00:00:00-05:00,48.47149108473208,49.028943201673094,48.47149108473208,48.77165603637695,3852800,0.0,0.0
2013-02-14 00:00:00-05:00,48.70195399797366,48.77163394749265,48.16058180728332,48.24634552001953,5268700,0.0,0.0
2013-02-15 00:00:00-05:00,48.27313155450375,48.776983017369226,47.919366551434926,48.23561096191406,5235600,0.0,0.0
2013-02-19 00:00:00-05:00,48.43930969765644,48.99140030673254,48.289223200636336,48.94315719604492,4428500,0.0,0.0
2013-02-20 00:00:00-05:00,48.92707666031513,49.73645430344175,48.64299152390721,49.361244201660156,4866700,0.0,0.0
2013-02-21 00:00:00-05:00,49.10395877550348,50.17598057330609,48.96459479674633,49.91869354248047,5990900,0.0,0.0
2013-02-22 00:00:00-05:00,49.96694570731508,50.10630971133451,49.65069709312936,50.07414627075195,4070600,0.0,0.0
2013-02-25 00:00:00-05:00,49.99910323011489,50.15454690402173,49.07180653092067,49.07716369628906,6398900,0.0,0.0
2013-02-26 00:00:00-05:00,49.32909100003982,49.62925584730792,48.86276405366821,49.09860610961914,5150100,0.0,0.0
2013-02-27 00:00:00-05:00,48.96994858362186,49.21651306878657,48.63226324100371,49.007469177246094,4801300,0.0,0.0
2013-02-28 00:00:00-05:00,49.14149168983568,49.447017815197526,48.9806867440917,49.179012298583984,6038900,0.0,0.0
2013-03-01 00:00:00-05:00,49.14683535193889,49.67212368637583,48.852027753421496,49.01283264160156,4554100,0.0,0.0
2013-03-04 00:00:00-05:00,49.034278074959474,49.618527982824894,49.0289168210103,49.50596618652344,4116200,0.0,0.0
2013-03-05 00:00:00-05:00,49.58102734577429,49.806151029013776,49.27013992257297,49.463104248046875,4552800,0.0,0.0
2013-03-06 00:00:00-05:00,49.495253099143326,49.65069677774697,48.9967668018328,49.09860610961914,4083800,0.0,0.0
2013-03-07 00:00:00-05:00,48.99138881760837,49.291553562378205,48.99138881760837,49.211151123046875,3178600,0.0,0.0
2013-03-08 00:00:00-05:00,49.24330679619339,49.27010487879094,48.7287369907352,48.8359375,3946700,0.0,0.0
2013-03-11 00:00:00-04:00,48.72339480355596,49.07180272915204,48.68051294729576,48.889556884765625,3249400,0.0,0.0
2013-03-12 00:00:00-04:00,48.98068471667534,49.002125647849695,48.40179593272569,48.718040466308594,4420000,0.0,0.0
2013-03-13 00:00:00-04:00,48.69122140096277,48.723384831294446,48.26241519444161,48.53578186035156,4122500,0.0,0.0
2013-03-14 00:00:00-04:00,48.739474512818845,49.09860085802229,48.68587423717398,48.94315719604492,5079000,0.0,0.0
2013-03-15 00:00:00-04:00,48.766282575258636,49.11468645367787,48.36963149089558,48.97532653808594,9899400,0.0,0.0
2013-03-18 00:00:00-04:00,48.53044211581745,48.739486103150696,48.374998416875314,48.4339599609375,4503000,0.0,0.0
2013-03-19 00:00:00-04:00,48.557221153724015,48.894910607960774,48.39642035167446,48.67514419555664,3717900,0.0,0.0
2013-03-20 00:00:00-04:00,48.7769897556474,49.15755698718412,48.771628501840276,49.002113342285156,4184500,0.0,0.0
2013-03-21 00:00:00-04:00,48.841319278492044,49.06644289622162,48.71267370598456,48.80379867553711,4008600,0.0,0.0
2013-03-22 00:00:00-04:00,48.77698956525027,49.29692076767353,48.69658711621107,49.109317779541016,13665900,0.0,0.0
2013-03-25 00:00:00-04:00,49.30763626098633,49.650682873062266,49.195074474783745,49.30763626098633,14448600,0.0,0.0
2013-03-26 00:00:00-04:00,49.524035964343646,49.670106789422746,49.22647893306408,49.64305877685547,4675200,0.85,0.0
2013-03-27 00:00:00-04:00,49.388805891762665,50.119168603164525,49.36175373936377,49.77292251586914,4168300,0.0,0.0
2013-03-28 00:00:00-04:00,49.79456391100039,50.28147376600469,49.745870861710465,50.157039642333984,4424700,0.0,0.0
2013-04-01 00:00:00-04:00,50.17325199413775,50.211122518278664,49.81077638770648,50.19489288330078,2946600,0.0,0.0
2013-04-02 00:00:00-04:00,50.340974082015954,51.09838465854972,50.25982176950789,51.07674789428711,4619000,0.0,0.0
2013-04-03 00:00:00-04:00,51.1687168986824,51.56906306556543,50.89280069630047,51.0496940612793,6293500,0.0,0.0
2013-04-04 00:00:00-04:00,51.25528182193886,51.53660930910983,51.04428827034982,51.14167022705078,3820000,0.0,0.0
2013-04-05 00:00:00-04:00,50.74132171231628,50.85493330204338,49.95144771165776,50.16244125366211,5033400,0.0,0.0
2013-04-08 00:00:00-04:00,50.281464531051846,51.120027451275426,50.20572347058206,51.092979431152344,3674300,0.0,0.0
2013-04-09 00:00:00-04:00,51.27151708864775,51.450051383461854,50.88740047493119,51.14708709716797,3295400,0.0,0.0
2013-04-10 00:00:00-04:00,51.33642687991743,51.62316145421218,50.984769634477956,51.53660202026367,3744500,0.0,0.0
2013-04-11 00:00:00-04:00,51.5744720584937,51.97481820781994,51.41216744595664,51.720542907714844,3718300,0.0,0.0
2013-04-12 00:00:00-04:00,51.75843819858289,52.261577785092555,51.558267091932414,52.175018310546875,3944500,0.0,0.0
2013-04-15 00:00:00-04:00,51.90448533752305,52.02891528920077,50.90361383209548,50.91443634033203,5015900,0.0,0.0
2013-04-16 00:00:00-04:00,51.10379873906798,51.52037870677343,50.70886379197811,51.37971496582031,5630000,0.0,0.0
2013-04-17 00:00:00-04:00,51.163290897999175,51.24444318443728,50.59522902050916,50.876556396484375,4342800,0.0,0.0
2013-04-18 00:00:00-04:00,49.77290199560792,50.108329560201774,49.06958759898691,49.60519027709961,8277400,0.0,0.0
2013-04-19 00:00:00-04:00,49.740442483214245,50.09750680595368,49.502396849669815,49.745849609375,5951000,0.0,0.0
2013-04-22 00:00:00-04:00,49.718820701527,50.286878734988555,49.59438658319992,50.216548919677734,4176900,0.0,0.0
2013-04-23 00:00:00-04:00,50.46540771149502,50.79001285749676,49.772915632670404,50.63853073120117,4274000,0.0,0.0
2013-04-24 00:00:00-04:00,50.730506072358885,51.36349091167064,50.66017625802591,50.88199234008789,5209100,0.0,0.0
2013-04-25 00:00:00-04:00,51.1092088068066,51.29315020198246,50.96854506912151,51.20117950439453,3363200,0.0,0.0
2013-04-26 00:00:00-04:00,51.27150999153661,51.785471909017275,51.21740982326977,51.563655853271484,4369700,0.0,0.0
2013-04-29 00:00:00-04:00,51.56367158708778,52.00189257719522,51.3743188765868,51.91532897949219,3802700,0.0,0.0
2013-04-30 00:00:00-04:00,51.84497136455867,51.8828418863613,51.428391497152376,51.715126037597656,3716400,0.0,0.0
2013-05-01 00:00:00-04:00,51.56905118382526,52.33187694183507,51.51495103226457,51.75840377807617,5123100,0.0,0.0
2013-05-02 00:00:00-04:00,51.872031751282215,51.95859532323688,51.14708041026425,51.4013557434082,5691600,0.0,0.0
2013-05-03 00:00:00-04:00,51.64480038648227,51.72054143615716,50.88197863544859,50.99559020996094,5661500,0.0,0.0
2013-05-06 00:00:00-04:00,50.735915486388414,50.89822013213131,50.232776037679756,50.37343978881836,6189600,0.0,0.0
2013-05-07 00:00:00-04:00,50.37885764563965,50.79543357051618,50.31393495331978,50.643951416015625,4977600,0.0,0.0
2013-05-08 00:00:00-04:00,50.665575296469,51.157892133241944,50.56819335448632,51.13084411621094,4239000,0.0,0.0
2013-05-09 00:00:00-04:00,51.06050798682318,51.1470715437718,50.54655028206789,50.69803237915039,3770900,0.0,0.0
2013-05-10 00:00:00-04:00,50.827895411659526,50.90904774924994,50.31393748621914,50.487060546875,5357900,0.0,0.0
2013-05-13 00:00:00-04:00,50.40046931166515,51.1470612662269,50.33013540388297,50.876556396484375,4749300,0.0,0.0
2013-05-14 00:00:00-04:00,50.83870324112593,51.41758369495824,50.768369309324875,51.37430191040039,4634400,0.0,0.0
2013-05-15 00:00:00-04:00,51.42839183445981,52.10465410506896,51.37970293221307,52.099246978759766,5042600,0.0,0.0
2013-05-16 00:00:00-04:00,51.83416228243937,52.11007851422504,51.53119802954743,51.63399124145508,5138800,0.0,0.0
2013-05-17 00:00:00-04:00,51.68269500927595,51.9423816775145,51.37431941250619,51.76384735107422,5141000,0.0,0.0
2013-05-20 00:00:00-04:00,51.76383344275528,51.80170397507517,51.26069401188901,51.39594650268555,3855300,0.0,0.0
2013-05-21 00:00:00-04:00,51.363469167493534,51.379698800270596,50.687206951269225,51.07132339477539,5202400,0.0,0.0
2013-05-22 00:00:00-04:00,50.822465891271314,51.57446924163697,50.71967270044028,50.83869552612305,7011900,0.0,0.0
2013-05-23 00:00:00-04:00,50.530323386066954,51.179533588062185,50.47622322383032,51.022640228271484,5458000,0.0,0.0
2013-05-24 00:00:00-04:00,50.779193285062085,51.0875687856767,50.492458677351095,50.919857025146484,3815700,0.0,0.0
2013-05-28 00:00:00-04:00,51.33643445358914,51.72055102748086,50.40048954007819,50.508689880371094,6276300,0.0,0.0
2013-05-29 00:00:00-04:00,50.135384321097305,50.17325484739184,49.47535161061155,49.90816116333008,6789000,0.0,0.0
2013-05-30 00:00:00-04:00,49.90815139981479,50.26521983009107,49.78371733628842,50.0001220703125,4373900,0.0,0.0
2013-05-31 00:00:00-04:00,49.7567007527107,50.08130599499274,49.17240884005526,49.183231353759766,7408600,0.0,0.0
2013-06-03 00:00:00-04:00,49.20484466431732,50.12997514869389,48.79908727304177,49.97848892211914,6554000,0.0,0.0
2013-06-04 00:00:00-04:00,49.97849933762126,50.216545044269736,49.45913026386153,49.71340560913086,4728500,0.0,0.0
2013-06-05 00:00:00-04:00,49.588966794608524,49.621426066068196,48.91270445534697,48.94516372680664,4480200,0.0,0.0
2013-06-06 00:00:00-04:00,48.77205479079408,49.77292251586914,48.38252691069204,49.77292251586914,9930500,0.0,0.0
2013-06-07 00:00:00-04:00,50.12456639365653,50.35178955348166,49.2697697894635,49.821598052978516,5650600,0.0,0.0
2013-06-10 00:00:00-04:00,49.913569864861934,50.16784515451016,49.453712318355244,49.572731018066406,3888200,0.0,0.0
2013-06-11 00:00:00-04:00,49.2806047387505,49.95146018983451,49.15076347913842,49.35634994506836,3648100,0.0,0.0
2013-06-12 00:00:00-04:00,49.61060514679672,49.85406207327827,49.28600003906588,49.58355712890625,4194800,0.0,0.0
2013-06-13 00:00:00-04:00,49.63226129099445,50.1895009872432,49.42667895601873,50.08671188354492,3899900,0.0,0.0
2013-06-14 00:00:00-04:00,49.94603755633834,50.405895180381016,49.756684902624094,49.83783721923828,3811100,0.0,0.0
2013-06-17 00:00:00-04:00,50.005535016427665,50.313910431387924,49.67551871457476,50.02717590332031,4584500,0.0,0.0
2013-06-18 00:00:00-04:00,50.04882026422138,50.248991258612755,49.740444827856045,50.12456130981445,2888100,0.0,0.0
2013-06-19 00:00:00-04:00,50.167845598494736,50.38424623812296,48.83155059814453,48.83155059814453,4843400,0.0,0.0
2013-06-20 00:00:00-04:00,48.615166886244005,48.615166886244005,46.70540193411706,46.86770248413086,9511400,0.0,0.0
2013-06-21 00:00:00-04:00,47.327549194317236,47.84691821756132,46.87850997411583,47.31672668457031,11088400,0.0,0.0
2013-06-24 00:00:00-04:00,46.85687217693177,47.6251053165791,46.553907925257526,46.98671340942383,6824800,0.0,0.0
2013-06-25 00:00:00-04:00,47.298136342184634,47.50028997989414,47.01403247008189,47.259891510009766,6387200,0.85,0.0
2013-06-26 00:00:00-04:00,47.59862932866083,48.30343044753164,47.50028488955388,47.82809829711914,6448100,0.0,0.0
2013-06-27 00:00:00-04:00,48.281585232308345,48.603933965919964,47.9100621852118,47.959232330322266,5276500,0.0,0.0
2013-06-28 00:00:00-04:00,47.80625903194067,48.25427180699071,47.29268188674611,47.32546615600586,11121000,0.0,0.0
2013-07-01 00:00:00-04:00,47.59315907935532,48.05756170032427,47.59315907935532,47.822628021240234,5338100,0.0,0.0
2013-07-02 00:00:00-04:00,47.74614008154969,48.28703236915822,47.56038069386782,47.839019775390625,4775900,0.0,0.0
2013-07-03 00:00:00-04:00,47.57678228101435,48.177774320659026,47.42380294383655,47.942840576171875,2070400,0.0,0.0
2013-07-05 00:00:00-04:00,48.14498467645294,48.21600959223498,47.303594320474275,47.81170654296875,3039500,0.0,0.0
2013-07-08 00:00:00-04:00,48.08488762251001,48.69134431281953,47.95922366043178,48.390846252441406,4373500,0.0,0.0
2013-07-09 00:00:00-04:00,48.778767421111425,49.11751036678212,48.587543245480546,48.7241325378418,4290500,0.0,0.0
2013-07-10 00:00:00-04:00,48.745976511187955,49.1229642083552,48.19961946294487,48.314353942871094,5005700,0.0,0.0
2013-07-11 00:00:00-04:00,49.084704986166415,49.76219058605744,48.98636473961114,49.35788345336914,5808600,0.0,0.0
2013-07-12 00:00:00-04:00,49.71304878166056,49.93705727197418,48.64765373068812,49.00824737548828,4957000,0.0,0.0
2013-07-15 00:00:00-04:00,48.99731313503685,49.27049173097966,48.74052458791068,48.959068298339844,3612400,0.0,0.0
2013-07-16 00:00:00-04:00,48.90989123564279,49.58191237799118,48.795156731997814,49.14482498168945,4933700,0.0,0.0
2013-07-17 00:00:00-04:00,49.31417364402025,49.52725249585937,49.01367568969726,49.013675689697266,4354200,0.0,0.0
2013-07-18 00:00:00-04:00,48.23240401050733,49.2814086396932,47.88820053891087,48.76237106323242,6148200,0.0,0.0
2013-07-19 00:00:00-04:00,48.79516431679689,48.893508787832886,48.325296751666585,48.412715911865234,5242400,0.0,0.0
2013-07-22 00:00:00-04:00,48.625770388835754,49.22676222288836,48.39083672471658,48.751434326171875,4326700,0.0,0.0
2013-07-23 00:00:00-04:00,48.73506903904003,48.99732237468423,48.39633018395315,48.50559997558594,4164800,0.0,0.0
2013-07-24 00:00:00-04:00,48.53836294256972,48.587537249305875,48.019325363000995,48.37445831298828,5171600,0.0,0.0
2013-07-25 00:00:00-04:00,48.12858937498925,48.99183449361634,48.12858937498925,48.745975494384766,3956400,0.0,0.0
2013-07-26 00:00:00-04:00,48.45096047388166,48.62032988532435,47.926458020829315,48.56023025512695,3825700,0.0,0.0
2013-07-29 00:00:00-04:00,48.407243141925534,48.702276506090094,48.27065385305533,48.44548797607422,3250200,0.0,0.0
2013-07-30 00:00:00-04:00,48.680413619480696,48.866177188988644,48.4454799149808,48.718658447265625,3672200,0.0,0.0
2013-07-31 00:00:00-04:00,48.70227775085907,49.13936515376485,48.532908362210925,48.7241325378418,5371200,0.0,0.0
2013-08-01 00:00:00-04:00,48.959040834830965,49.11748483180379,48.8279163494774,49.013675689697266,5262700,0.0,0.0
2013-08-02 00:00:00-04:00,48.838861806456535,49.03555069983666,48.6858824823551,48.9481315612793,3507000,0.0,0.0
2013-08-05 00:00:00-04:00,48.83885519023906,48.93173488609335,48.4673322384485,48.745975494384766,2791100,0.0,0.0
2013-08-06 00:00:00-04:00,48.63124313670592,48.718658098857645,48.38537995838369,48.50011444091797,4230000,0.0,0.0
2013-08-07 00:00:00-04:00,48.43455125769377,48.43455125769377,48.01385401278436,48.19415283203125,4218900,0.0,0.0
2013-08-08 00:00:00-04:00,48.36352947930343,49.062870080614815,48.30343403218675,48.822471618652344,4193400,0.0,0.0
2013-08-09 00:00:00-04:00,48.81700888481513,48.93720812073168,48.31436132404964,48.461875915527344,3338200,0.0,0.0
2013-08-12 00:00:00-04:00,48.194169036772884,48.47827712051549,48.07943452277577,48.243343353271484,2918500,0.0,0.0
2013-08-13 00:00:00-04:00,48.194163120203136,48.40177733408514,47.84995962046804,48.259727478027344,3035900,0.0,0.0
2013-08-14 00:00:00-04:00,48.36353577719489,48.61486374836024,47.97562267929761,48.17777633666992,2942200,0.0,0.0
2013-08-15 00:00:00-04:00,47.96468721654808,48.095811744948776,47.50574511458523,47.609554290771484,3630400,0.0,0.0
2013-08-16 00:00:00-04:00,47.36915425647732,47.61501742838631,46.7681623391,46.85011672973633,4711100,0.0,0.0
2013-08-19 00:00:00-04:00,46.76815760830921,46.877431507561965,46.47312433288632,46.52776336669922,4447100,0.0,0.0
2013-08-20 00:00:00-04:00,46.560557552044976,46.5714828610922,45.992345608980294,46.00873565673828,5963200,0.0,0.0
2013-08-21 00:00:00-04:00,45.96502615992609,46.33654919376159,45.713702367680646,45.76833724975586,7091700,0.0,0.0
2013-08-22 00:00:00-04:00,45.75193612443396,46.09614371807888,45.75193612443396,45.98686981201172,4718800,0.0,0.0
2013-08-23 00:00:00-04:00,46.08522662540616,46.79002787750456,46.041517051235466,46.642513275146484,4331400,0.0,0.0
2013-08-26 00:00:00-04:00,46.71353879882731,46.795493209342254,46.118011474609375,46.118011474609375,3420100,0.0,0.0
2013-08-27 00:00:00-04:00,45.88853339271513,46.21634683140508,45.63720961744037,45.954097747802734,5002600,0.0,0.0
2013-08-28 00:00:00-04:00,45.768328935729386,45.790183718264316,45.29300096280877,45.320316314697266,6096300,0.0,0.0
2013-08-29 00:00:00-04:00,45.36404637362698,46.12348269421437,45.271166632173944,45.82844924926758,4510700,0.0,0.0
2013-08-30 00:00:00-04:00,45.71369537621321,45.89399421102334,45.42959153184844,45.588035583496094,4386000,0.0,0.0
2013-09-03 00:00:00-04:00,45.80111872772845,46.10707738343838,45.435060454879206,45.566184997558594,4725500,0.0,0.0
2013-09-04 00:00:00-04:00,45.50061506570004,46.06336216778788,45.45690550070572,45.81203842163086,3708000,0.0,0.0
2013-09-05 00:00:00-04:00,45.87214543442089,46.30376807955617,45.72463083922554,45.94863510131836,4310700,0.0,0.0
2013-09-06 00:00:00-04:00,46.1016039191464,46.23273260538039,45.653591328780074,45.997798919677734,3574500,0.0,0.0
2013-09-09 00:00:00-04:00,46.11800687538051,46.178102324165536,45.74648386402167,46.17264175415039,3965200,0.0,0.0
2013-09-10 00:00:00-04:00,46.325631115878,46.39119548562709,45.91586318378984,46.01967239379883,4462500,0.0,0.0
2013-09-11 00:00:00-04:00,46.27098605199753,47.303600680355956,46.22727648177492,47.29267120361328,5591800,0.0,0.0
2013-09-12 00:00:00-04:00,47.31450919082656,47.38553825931463,46.975770562797585,47.13967514038086,4237800,0.0,0.0
2013-09-13 00:00:00-04:00,47.25443107178436,48.013867214347606,47.25443107178436,47.959232330322266,4455700,0.0,0.0
2013-09-16 00:00:00-04:00,48.45095210415396,48.669495797266876,47.93191448033825,47.997474670410156,4262900,0.0,0.0
2013-09-17 00:00:00-04:00,47.95376750706143,48.270655669575255,47.92645214928403,48.19963073730469,4154100,0.0,0.0
2013-09-18 00:00:00-04:00,48.248799570807826,49.29234374950038,47.98655046772626,49.14482498168945,5829800,0.0,0.0
2013-09-19 00:00:00-04:00,49.21583936712927,49.85507605420931,49.112030203657554,49.4671630859375,4761800,0.0,0.0
2013-09-20 00:00:00-04:00,49.53274520537123,49.69664986253493,49.36883637983294,49.42893600463867,20793500,0.0,0.0
2013-09-23 00:00:00-04:00,49.23771811081428,49.259572901569754,48.76785053050926,49.03556442260742,13825500,0.0,0.0
2013-09-24 00:00:00-04:00,48.85886596412847,48.89199722763675,48.185254510208296,48.26255798339844,5731000,0.94,0.0
2013-09-25 00:00:00-04:00,48.25703959290396,48.36746591420013,47.79323977597291,47.98649215698242,3990000,0.0,0.0
2013-09-26 00:00:00-04:00,48.047238158947096,48.43373882490344,47.90920310949741,48.41717529296875,3597600,0.0,0.0
2013-09-27 00:00:00-04:00,48.179741783584284,48.290168108222346,47.881585652068395,48.21839141845703,3319400,0.0,0.0
2013-09-30 00:00:00-04:00,47.881580088254616,48.1521275009264,47.638637147287604,47.80979919433594,4288500,0.0,0.0
2013-10-01 00:00:00-04:00,47.88710164103208,48.27359793656355,47.771148539878965,48.24047088623047,3538600,0.0,0.0
2013-10-02 00:00:00-04:00,48.02514101253843,48.46132792333673,47.79876158130689,48.43372344970703,4335900,0.0,0.0
2013-10-03 00:00:00-04:00,48.33433323169588,48.56070842773951,47.92575083548716,48.306724548339844,3987700,0.0,0.0
2013-10-04 00:00:00-04:00,48.279126358834354,48.417161368586285,47.89262580403243,48.05826950073242,3600100,0.0,0.0
2013-10-07 00:00:00-04:00,47.831879981331056,48.17973082858652,47.74353978420605,47.80427551269531,3728500,0.0,0.0
2013-10-08 00:00:00-04:00,47.7159411499541,48.05274691067709,47.428830183228264,47.4509162902832,4643400,0.0,0.0
2013-10-09 00:00:00-04:00,47.52820922383826,47.71593479004259,46.468101501464844,46.468101501464844,7307300,0.0,0.0
2013-10-10 00:00:00-04:00,46.82147315216121,47.59446577336931,46.82147315216121,47.572383880615234,5831400,0.0,0.0
2013-10-11 00:00:00-04:00,47.644157146939754,47.87605491667377,46.7717750084239,46.94845962524414,5988600,0.0,0.0
2013-10-14 00:00:00-04:00,46.760736960574405,48.063787670058026,46.74417343492319,47.86501693725586,4534500,0.0,0.0
2013-10-15 00:00:00-04:00,47.793240575373105,47.793240575373105,47.15276031865301,47.20797348022461,4978700,0.0,0.0
2013-10-16 00:00:00-04:00,47.45643410038248,47.62207779510223,47.15275961005513,47.53373336791992,4808700,0.0,0.0
2013-10-17 00:00:00-04:00,47.39017019890382,48.31224285147064,47.368084096672526,47.97543716430664,6286300,0.0,0.0
2013-10-18 00:00:00-04:00,47.953344433723196,48.16867863509714,47.54476213015374,47.99751663208008,5654300,0.0,0.0
2013-10-21 00:00:00-04:00,47.83741641409409,48.019623652330324,47.69385881313574,47.953365325927734,3437900,0.0,0.0
2013-10-22 00:00:00-04:00,47.90918391026793,48.54414572577957,47.59998687140745,48.46684646606445,5247600,0.0,0.0
2013-10-23 00:00:00-04:00,48.25704146521397,49.04107932932124,48.19630572239637,48.65458297729492,4229100,0.0,0.0
2013-10-24 00:00:00-04:00,48.9472009658944,49.2563979491894,48.59383178141642,48.68769454956055,5116000,0.0,0.0
2013-10-25 00:00:00-04:00,48.46131668759401,48.94720249075787,48.417148697528006,48.919593811035156,4610000,0.0,0.0
2013-10-28 00:00:00-04:00,48.991379774742626,49.902407325181194,48.86990831135254,49.63738250732422,5250800,0.0,0.0
2013-10-29 00:00:00-04:00,49.74781129185222,49.9686681260684,49.361314991344216,49.8913688659668,4294300,0.0,0.0
2013-10-30 00:00:00-04:00,50.01834170119961,50.05699553060589,49.31160344191998,49.32816696166992,3723500,0.0,0.0
2013-10-31 00:00:00-04:00,49.26744654317065,49.747805573948646,49.030026210863234,49.20671081542969,5339800,0.0,0.0
2013-11-01 00:00:00-04:00,49.33922466660766,49.77541571844069,49.25088025547994,49.560081481933594,4094500,0.0,0.0
2013-11-04 00:00:00-05:00,49.77541048180956,49.88583677160841,49.466209287885476,49.830623626708984,3589200,0.0,0.0
2013-11-05 00:00:00-05:00,49.731254353544,49.96315216456445,49.59874192046008,49.764381408691406,3085100,0.0,0.0
2013-11-06 00:00:00-05:00,49.935535997025184,50.37724540804337,49.84719158732556,50.2502555847168,3902600,0.0,0.0
2013-11-07 00:00:00-05:00,50.266830330571885,50.38277923481846,49.466224735782326,49.67604064941406,5184400,0.0,0.0
2013-11-08 00:00:00-05:00,49.54903187819523,49.576640557318626,48.98032847319451,49.36682891845703,4972600,0.0,0.0
2013-11-11 00:00:00-05:00,49.339236171498236,50.2281820064112,49.27850042780895,49.54352951049805,3417700,0.0,0.0
2013-11-12 00:00:00-05:00,49.477254739776384,49.5600765638665,49.046586309499325,49.5545539855957,3910100,0.0,0.0
2013-11-13 00:00:00-05:00,49.36132343361362,50.090148162432314,49.339237325165236,50.034934997558594,3723300,0.0,0.0
2013-11-14 00:00:00-05:00,50.06252278102117,50.37724234960594,50.01835057885308,50.07908630371094,3765700,0.0,0.0
2013-11-15 00:00:00-05:00,49.99627233826759,50.46559043619166,49.95762271167368,50.443504333496094,4089300,0.0,0.0
2013-11-18 00:00:00-05:00,50.421410358699454,50.69195770261726,50.421410358699454,50.59809494018555,3463800,0.0,0.0
2013-11-19 00:00:00-05:00,50.49321585466864,50.62020994473426,50.266840579980055,50.5042610168457,3162500,0.0,0.0
2013-11-20 00:00:00-05:00,50.53738821023818,50.691986781159606,48.91961737167593,49.30611801147461,10067500,0.0,0.0
2013-11-21 00:00:00-05:00,48.22389759948486,48.56622585934534,46.876679086874496,47.81531524658203,15638000,0.0,0.0
2013-11-22 00:00:00-05:00,47.914708835148794,48.19630141646393,47.63863883336757,48.00857162475586,7114700,0.0,0.0
2013-11-25 00:00:00-05:00,48.11348323531123,48.13556934263395,47.59999282441704,47.6441650390625,4688400,0.0,0.0
2013-11-26 00:00:00-05:00,47.550299201215886,47.68833420378415,46.854601608773486,47.196929931640625,8403300,0.0,0.0
2013-11-27 00:00:00-05:00,47.174846425780494,47.35704943771734,47.06993847004851,47.20797348022461,3626400,0.0,0.0
2013-11-29 00:00:00-05:00,47.34600183474718,47.48955940464812,47.097540536355275,47.23005294799805,2990400,0.0,0.0
2013-12-02 00:00:00-05:00,47.114115772088,47.318404913213215,46.93190852798065,46.970558166503906,3904000,0.0,0.0
2013-12-03 00:00:00-05:00,46.849071191047194,47.35152053833008,46.849071191047194,47.35152053833008,5200800,0.0,0.0
2013-12-04 00:00:00-05:00,47.10859563754468,47.506137204421876,46.9374335455539,47.43436050415039,4495400,0.0,0.0
2013-12-05 00:00:00-05:00,47.31287871728368,47.53373135087953,46.99263650107815,47.21349334716797,5591800,0.0,0.0
2013-12-06 00:00:00-05:00,47.65519585757977,47.78771247335031,47.26317701403529,47.39017105102539,4844800,0.0,0.0
2013-12-09 00:00:00-05:00,47.506129804786895,47.72698666448373,47.25766425794262,47.67729187011719,4597600,0.0,0.0
2013-12-10 00:00:00-05:00,47.62207548031436,47.75458790215258,47.14171215897163,47.36809158325195,4756300,0.0,0.0
2013-12-11 00:00:00-05:00,47.48955989999759,47.644158417275655,47.213489915574264,47.43986511230469,5352100,0.0,0.0
2013-12-12 00:00:00-05:00,47.334964783152664,47.40121888817786,47.04784961973028,47.108585357666016,4616800,0.0,0.0
2013-12-13 00:00:00-05:00,47.18035623063838,47.25213711889905,46.876681790860026,47.06440734863281,3650000,0.0,0.0
2013-12-16 00:00:00-05:00,47.08096847540505,47.08096847540505,46.722080902350655,46.79385757446289,5500600,0.0,0.0
2013-12-17 00:00:00-05:00,46.77178214463596,46.85460399288996,46.55644786667205,46.73865509033203,5663200,0.0,0.0
2013-12-18 00:00:00-05:00,46.92637829361115,47.24109793096705,46.274852912989154,47.196929931640625,6874300,0.0,0.0
2013-12-19 00:00:00-05:00,47.11410808760087,47.30735624869765,46.83251550286328,47.196929931640625,5667300,0.0,0.0
2013-12-20 00:00:00-05:00,47.235580953401836,47.40674301362354,47.103064314042356,47.21901321411133,9643600,0.0,0.0
2013-12-23 00:00:00-05:00,47.36417178114974,47.671225531127085,47.07945385951032,47.59306716918945,4166600,0.94,0.0
2013-12-24 00:00:00-05:00,47.50374152964334,48.00619119119772,47.45908265030288,47.69355773925781,1909600,0.0,0.0
2013-12-26 00:00:00-05:00,47.72147483773577,48.0899350954722,47.693559310331,48.01736068725586,2624000,0.0,0.0
2013-12-27 00:00:00-05:00,48.123418875675306,48.53096247857657,48.062008137439356,48.424888610839844,3046000,0.0,0.0
2013-12-30 00:00:00-05:00,48.32997404341893,48.50862227027899,47.922430513136135,48.34672164916992,3908300,0.0,0.0
2013-12-31 00:00:00-05:00,48.36347430743821,48.759849969089785,48.246236795623815,48.64261245727539,3799000,0.0,0.0
2014-01-02 00:00:00-05:00,48.57002355604478,48.68167707888686,47.87217839000966,48.022911071777344,3748000,0.0,0.0
2014-01-03 00:00:00-05:00,48.15133403350475,48.29090311765984,47.738210737012615,47.74937438964844,3847000,0.0,0.0
2014-01-06 00:00:00-05:00,47.76054250095233,47.771706153634746,47.202266162001685,47.41440963745117,5323900,0.0,0.0
2014-01-07 00:00:00-05:00,47.52047659560165,47.82752598179486,47.19109138867022,47.27483367919922,7502500,0.0,0.0
2014-01-08 00:00:00-05:00,47.17434495731085,47.2357556879409,46.297851381139125,46.48766326904297,10906300,0.0,0.0
2014-01-09 00:00:00-05:00,46.476495481797514,46.688638912807434,46.11919904045999,46.50999069213867,6690100,0.0,0.0
2014-01-10 00:00:00-05:00,46.872877958642626,46.92312504082883,46.00755224328867,46.09687423706055,9047600,0.0,0.0
2014-01-13 00:00:00-05:00,46.02430082722828,46.314602637282775,45.92939061648772,46.02988052368164,6999000,0.0,0.0
2014-01-14 00:00:00-05:00,46.191781166344626,46.33693420102701,45.95172218023196,46.02988052368164,6103200,0.0,0.0
2014-01-15 00:00:00-05:00,46.029882605528186,46.50442090276267,45.974055823297796,46.38159942626953,5525800,0.0,0.0
2014-01-16 00:00:00-05:00,46.31461033784242,47.20227204219528,46.1247984034225,47.18552017211914,6866200,0.0,0.0
2014-01-17 00:00:00-05:00,46.9677862650191,47.040364914117994,46.44858910602807,46.52116775512695,6171600,0.0,0.0
2014-01-21 00:00:00-05:00,47.07386924080524,47.19669073906993,46.56583989535092,46.8896369934082,4528100,0.0,0.0
2014-01-22 00:00:00-05:00,46.850525743990275,47.124084078988844,46.58813531535932,47.00126266479492,3401900,0.0,0.0
2014-01-23 00:00:00-05:00,46.67747256500912,47.12409522052583,46.336923748522224,46.63839340209961,4534300,0.0,0.0
2014-01-24 00:00:00-05:00,46.314610017185025,46.4374315076939,45.49952697753906,45.49952697753906,8040200,0.0,0.0
2014-01-27 00:00:00-05:00,45.57208719760386,45.700492604814386,45.091969298257816,45.09755325317383,5444200,0.0,0.0
2014-01-28 00:00:00-05:00,45.15897816770042,45.22597286981258,44.94683466664503,45.114315032958984,5951100,0.0,0.0
2014-01-29 00:00:00-05:00,44.924503700017745,44.924503700017745,43.72979251522951,44.34947967529297,10371500,0.0,0.0
2014-01-30 00:00:00-05:00,44.44437787752585,44.55045174059292,44.06474981210243,44.15407180786133,7011600,0.0,0.0
2014-01-31 00:00:00-05:00,43.71861658302836,44.075913081581774,43.09334984021499,43.62371063232422,8001800,0.0,0.0
2014-02-03 00:00:00-05:00,43.59581154965624,43.65164260929438,42.02705588613463,42.08846664428711,9837000,0.0,0.0
2014-02-04 00:00:00-05:00,42.34525654841772,43.11568056920003,42.188939865740196,42.92028045654297,7917900,0.0,0.0
2014-02-05 00:00:00-05:00,42.74161853503731,43.03192450367459,42.46248047405236,42.931434631347656,7038800,0.0,0.0
2014-02-06 00:00:00-05:00,42.920289866344476,43.986599878730296,42.79747263110735,43.606971740722656,8400900,0.0,0.0
2014-02-07 00:00:00-05:00,43.72978439591564,44.824005452683195,43.64045814182348,44.801673889160156,8628100,0.0,0.0
2014-02-10 00:00:00-05:00,44.63418777448771,44.71793007002367,43.79119364153994,43.99775314331055,6526000,0.0,0.0
2014-02-11 00:00:00-05:00,43.88608852995985,44.38295396314213,43.55112369153378,44.36062240600586,6011300,0.0,0.0
2014-02-12 00:00:00-05:00,44.46112478093255,44.47229269229435,43.7186162698504,43.791194915771484,5160000,0.0,0.0
2014-02-13 00:00:00-05:00,43.6851197075527,44.28247516768613,43.294328008142074,44.23781204223633,4595200,0.0,0.0
2014-02-14 00:00:00-05:00,44.276901297846564,44.96916712207699,44.0368422680093,44.87984085083008,6641400,0.0,0.0
2014-02-18 00:00:00-05:00,44.77934766341114,45.18689129249359,44.662110135422935,44.667694091796875,5987900,0.0,0.0
2014-02-19 00:00:00-05:00,44.533691486633984,44.76817073237794,44.3829587837288,44.438785552978516,4469700,0.0,0.0
2014-02-20 00:00:00-05:00,44.4555314321707,44.745837435895425,44.24338801353287,44.50019454956055,4545900,0.0,0.0
2014-02-21 00:00:00-05:00,44.46111832923451,44.628602900876395,44.04799511430999,44.087074279785156,5425100,0.0,0.0
2014-02-24 00:00:00-05:00,43.9865908197526,44.46112482970475,43.83585383137437,44.198734283447266,5043600,0.0,0.0
2014-02-25 00:00:00-05:00,44.327145813698486,44.712353622954886,44.28806663712723,44.62303161621094,5361500,0.0,0.0
2014-02-26 00:00:00-05:00,44.6900225924306,44.706770201092844,44.05916760408293,44.38296890258789,5278200,0.0,0.0
2014-02-27 00:00:00-05:00,44.382960359070786,45.298533037054014,44.299218072569104,45.09755325317383,5974200,0.0,0.0
2014-02-28 00:00:00-05:00,45.30970074044663,45.55533938460687,44.94682034013245,45.17013168334961,4569000,0.0,0.0
2014-03-03 00:00:00-05:00,44.801687928922306,45.20364767968099,44.53371334197932,44.9133415222168,5289900,0.0,0.0
2014-03-04 00:00:00-05:00,45.22038812088896,45.70050616267043,45.21480416431637,45.544189453125,5595700,0.0,0.0
2014-03-05 00:00:00-05:00,45.7060986119632,45.711678310261675,45.09199105419662,45.25947570800781,3844300,0.0,0.0
2014-03-06 00:00:00-05:00,45.332028041389705,45.499512613629975,45.10313700259158,45.17013168334961,5150000,0.0,0.0
2014-03-07 00:00:00-05:00,45.231545332808025,45.24271324436266,44.226650517715,44.8519172668457,5384600,0.0,0.0
2014-03-10 00:00:00-04:00,44.84075372345977,44.98032280305959,44.68443703579761,44.902164459228516,4571400,0.0,0.0
2014-03-11 00:00:00-04:00,45.00824966330126,45.13665086367221,44.18758258698354,44.394142150878906,5318200,0.0,0.0
2014-03-12 00:00:00-04:00,44.18757063138343,44.355050968202306,43.9865908197526,44.198734283447266,4363900,0.0,0.0
2014-03-13 00:00:00-04:00,44.33271721664034,44.600687420302954,44.13731712980392,44.23222732543945,4285700,0.0,0.0
2014-03-14 00:00:00-04:00,44.2433886936364,44.93007029130568,44.20430953014689,44.600685119628906,4814700,0.0,0.0
2014-03-17 00:00:00-04:00,44.66769528790414,45.04173944806985,44.66211133138068,44.81842803955078,4453800,0.0,0.0
2014-03-18 00:00:00-04:00,44.81842564000636,45.17014247386928,44.740267290105855,44.92449951171875,3698700,0.0,0.0
2014-03-19 00:00:00-04:00,44.92450401855958,45.332043418309496,44.33273237871454,44.4723014831543,4961100,0.0,0.0
2014-03-20 00:00:00-04:00,44.455541700784956,44.91891206729085,44.35505179310067,44.902164459228516,4402700,0.0,0.0
2014-03-21 00:00:00-04:00,45.27062933455239,45.47160917087559,44.96357988300525,45.22038650512695,10868500,0.0,0.0
2014-03-24 00:00:00-04:00,45.28737571427326,45.326454885526395,44.83516900770382,44.89657974243164,5277300,0.0,0.0
2014-03-25 00:00:00-04:00,45.00954478503573,45.393662557029,45.003894790094876,45.303279876708984,4736800,0.94,0.0
2014-03-26 00:00:00-04:00,45.29200058317177,45.77779689144463,45.29200058317177,45.42757034301758,4872200,0.0,0.0
2014-03-27 00:00:00-04:00,45.331544430718246,45.43322283360446,45.15078330444111,45.22986602783203,4652800,0.0,0.0
2014-03-28 00:00:00-04:00,45.30892525660436,45.76647567749024,45.27503390977814,45.766475677490234,4106000,0.0,0.0
2014-03-31 00:00:00-04:00,45.88513600800398,46.29184538257975,45.77215759032796,46.24665832519531,6300400,0.0,0.0
2014-04-01 00:00:00-04:00,46.17320781262292,46.50648866047824,46.15061213567639,46.43870162963867,5297200,0.0,0.0
2014-04-02 00:00:00-04:00,46.500831390915934,46.60250976643005,46.41045300695007,46.57991409301758,4265000,0.0,0.0
2014-04-03 00:00:00-04:00,46.61947218817488,46.704204916483725,46.320086949877805,46.47825241088867,3642600,0.0,0.0
2014-04-04 00:00:00-04:00,46.845416885580384,46.969690958427954,46.61381442078539,46.77762985229492,5710300,0.0,0.0
2014-04-07 00:00:00-04:00,46.74939746563022,47.06572839567765,46.73245178147563,46.82283020019531,5229900,0.0,0.0
2014-04-08 00:00:00-04:00,46.86801347984455,47.585407946650236,46.86801347984455,47.34815979003906,5546700,0.0,0.0
2014-04-09 00:00:00-04:00,47.42726000711384,47.46115138208104,47.03749195624484,47.3820686340332,3845000,0.0,0.0
2014-04-10 00:00:00-04:00,47.49501551163061,47.997757351499146,47.08830204349344,47.178680419921875,6411300,0.0,0.0
2014-04-11 00:00:00-04:00,47.08830909134249,47.44418127438513,46.721136916002685,46.96403503417969,5563000,0.0,0.0
2014-04-14 00:00:00-04:00,47.252136505540925,47.71533718465088,47.08832105309302,47.54587173461914,4928000,0.0,0.0
2014-04-15 00:00:00-04:00,47.50067431454073,47.72098109535572,47.19564343888739,47.66448974609375,4872600,0.0,0.0
2014-04-16 00:00:00-04:00,47.87348815797228,47.913029509727195,47.5063160004286,47.89608383178711,5248400,0.0,0.0
2014-04-17 00:00:00-04:00,47.23517455522971,47.478072651458376,46.38785621624843,46.96968078613281,7858500,0.0,0.0
2014-04-21 00:00:00-04:00,46.873657570447435,47.22952976052211,46.60251377585405,47.16739273071289,3709400,0.0,0.0
2014-04-22 00:00:00-04:00,47.08265119283528,47.38768628839656,46.86234878654385,47.189979553222656,3728000,0.0,0.0
2014-04-23 00:00:00-04:00,47.1617319217313,47.415929978948704,47.02616221035875,47.08264923095703,3745500,0.0,0.0
2014-04-24 00:00:00-04:00,46.99793535139304,47.45549031360113,46.89061126221571,47.16175079345703,3697000,0.0,0.0
2014-04-25 00:00:00-04:00,47.11092588089055,47.56282665257475,47.11092588089055,47.51198959350586,4375200,0.0,0.0
2014-04-28 00:00:00-04:00,47.777465513155796,48.364940173826874,47.71532848012527,48.00341796875,7172000,0.0,0.0
2014-04-29 00:00:00-04:00,48.003427146825274,48.48357351321225,47.941290101914376,48.12205123901367,4488500,0.0,0.0
2014-04-30 00:00:00-04:00,48.020381168955424,48.348007823932704,47.89610705755299,48.25762939453125,4974100,0.0,0.0
2014-05-01 00:00:00-04:00,48.291516027246224,48.55700991015143,48.13335055905225,48.42144012451172,3504500,0.0,0.0
2014-05-02 00:00:00-04:00,48.44966493026722,48.44966493026722,48.09944274463345,48.22936248779297,3596100,0.0,0.0
2014-05-05 00:00:00-04:00,48.02600694235794,48.30280073376783,47.91303287503288,48.20676803588867,2328300,0.0,0.0
2014-05-06 00:00:00-04:00,48.11638360940817,48.32539034839962,48.01470523769393,48.17287063598633,3258100,0.0,0.0
2014-05-07 00:00:00-04:00,48.17853189344623,48.54005411967415,48.076853497964315,48.46662139892578,3605000,0.0,0.0
2014-05-08 00:00:00-04:00,48.41579116992154,48.79425916406906,48.1277015982531,48.6982307434082,3510800,0.0,0.0
2014-05-09 00:00:00-04:00,48.596523834759246,48.8733132477958,48.54568680998417,48.8055305480957,2863700,0.0,0.0
2014-05-12 00:00:00-04:00,49.042794468806505,49.08798582300294,48.51745682790598,48.65302658081055,3232800,0.0,0.0
2014-05-13 00:00:00-04:00,48.73774579525129,48.760341466091944,48.37057368603688,48.5400390625,3710200,0.0,0.0
2014-05-14 00:00:00-04:00,48.52874862941514,48.73210106960276,48.347983243143446,48.4383659362793,3195000,0.0,0.0
2014-05-15 00:00:00-04:00,48.46663142527736,48.6869339427816,48.099459126208366,48.20113754272461,4108200,0.0,0.0
2014-05-16 00:00:00-04:00,48.144634232726574,48.56829344019283,48.12768424429309,48.44966506958008,6359700,0.0,0.0
2014-05-19 00:00:00-04:00,48.42143212915161,48.4666234867981,48.20677533517332,48.4327278137207,2706100,0.0,0.0
2014-05-20 00:00:00-04:00,48.28586206616719,48.29715775066616,48.026013916155385,48.13899230957031,3396700,0.0,0.0
2014-05-21 00:00:00-04:00,48.133349405122395,48.86204398870584,47.97518394072022,48.664337158203125,4995100,0.0,0.0
2014-05-22 00:00:00-04:00,48.68127497974497,48.991960170131456,48.50616385953712,48.743412017822266,4631100,0.0,0.0
2014-05-23 00:00:00-04:00,48.658690230089476,49.087999596041115,48.64739454321341,48.901588439941406,3790800,0.0,0.0
2014-05-27 00:00:00-04:00,48.87898258064875,49.23485913360305,48.703871457566514,49.0936393737793,4153800,0.0,0.0
2014-05-28 00:00:00-04:00,49.07669591545807,49.42692251792908,48.85074771741032,49.34218978881836,4278900,0.0,0.0
2014-05-29 00:00:00-04:00,49.494698607034124,50.104764640279015,49.35912454659333,49.918357849121094,4782200,0.0,0.0
2014-05-30 00:00:00-04:00,49.85056980262583,50.161254964363046,49.73759573091297,50.01438522338867,4173100,0.0,0.0
2014-06-02 00:00:00-04:00,49.89577145761856,50.12736964535547,49.73760600068887,49.89012145996094,3233900,0.0,0.0
2014-06-03 00:00:00-04:00,49.85058124979709,49.98615102892027,49.49470896346664,49.64722442626953,3073000,0.0,0.0
2014-06-04 00:00:00-04:00,49.57943112230411,49.827979277387925,49.46645703891239,49.69240951538086,2517400,0.0,0.0
2014-06-05 00:00:00-04:00,49.70934576510891,49.799728462421164,49.52293468416554,49.65285873413086,3347300,0.0,0.0
2014-06-06 00:00:00-04:00,49.70934849135269,50.025679329925914,49.65286145727668,49.89575958251953,2543600,0.0,0.0
2014-06-09 00:00:00-04:00,49.714998487665625,49.97484229216283,49.602020109829155,49.89575958251953,2864400,0.0,0.0
2014-06-10 00:00:00-04:00,49.647206088827275,50.03132391253844,49.602014742582675,49.92964553833008,3476500,0.0,0.0
2014-06-11 00:00:00-04:00,49.799731765177405,50.12735829045224,49.799731765177405,49.9578971862793,3261400,0.0,0.0
2014-06-12 00:00:00-04:00,49.82797161842772,50.110411093178826,49.74888891027216,49.84491729736328,3950000,0.0,0.0
2014-06-13 00:00:00-04:00,49.80538892478814,50.065232792123915,49.64157346957277,49.96355438232422,3162800,0.0,0.0
2014-06-16 00:00:00-04:00,49.9183390174437,50.47756779931792,49.748873660665794,50.29115676879883,4550100,0.0,0.0
2014-06-17 00:00:00-04:00,50.14994170912237,50.274215740952734,49.94093930075627,50.12734603881836,4217400,0.0,0.0
2014-06-18 00:00:00-04:00,50.17255755249787,50.822169328458976,49.95790506282876,50.77132797241211,4837600,0.0,0.0
2014-06-19 00:00:00-04:00,50.82216496610687,51.66948347688641,50.78827360477482,51.596046447753906,7145000,0.0,0.0
2014-06-20 00:00:00-04:00,51.62429394501596,51.75986370481637,51.279717393689324,51.48307418823242,9003100,0.0,0.0
2014-06-23 00:00:00-04:00,51.48871808804327,51.53955512581656,50.9916218448318,51.08200454711914,5492400,0.0,0.0
2014-06-24 00:00:00-04:00,50.87080473717883,51.33887075013178,50.648188240466645,51.01350784301758,5337600,0.94,0.0
2014-06-25 00:00:00-04:00,50.97356389850231,50.97356389850231,50.391332642262626,50.73952865600586,4663400,0.0,0.0
2014-06-26 00:00:00-04:00,49.54652269300142,49.6093124112665,49.07845665545029,49.36956787109375,10749000,0.0,0.0
2014-06-27 00:00:00-04:00,49.18691350981684,49.18691350981684,47.976793761805574,48.433441162109375,16140800,0.0,0.0
2014-06-30 00:00:00-04:00,48.30785818202396,48.46197998901784,48.039579976987405,48.12519836425781,8020400,0.0,0.0
2014-07-01 00:00:00-04:00,48.148024806846365,48.256480555840795,47.87403729511189,48.068111419677734,6615400,0.0,0.0
2014-07-02 00:00:00-04:00,48.068126532986064,48.576149377553335,47.85121932175145,48.43915557861328,4335400,0.0,0.0
2014-07-03 00:00:00-04:00,48.382069907975314,49.141247241860945,48.36494622934725,48.912925720214844,3562500,0.0,0.0
2014-07-07 00:00:00-04:00,48.8501223869481,49.346726348637134,48.78162333656394,49.135528564453125,4229900,0.0,0.0
2014-07-08 00:00:00-04:00,49.16406573100914,49.46659993216664,49.055614346774085,49.25539779663086,3726100,0.0,0.0
2014-07-09 00:00:00-04:00,49.380978850530234,49.575052963997436,48.98711692561385,49.10698699951172,3188000,0.0,0.0
2014-07-10 00:00:00-04:00,48.867247544728585,49.11269703903442,48.450552596738554,48.461971282958984,5465500,0.0,0.0
2014-07-11 00:00:00-04:00,48.86156806332341,49.13556008567753,48.42774917582748,48.753116607666016,4861300,0.0,0.0
2014-07-14 00:00:00-04:00,49.044205211039184,49.23828371080023,48.947168138635384,49.06132888793945,3470200,0.0,0.0
2014-07-15 00:00:00-04:00,48.844432425748785,48.86726545160378,48.22224880227926,48.2850341796875,5770400,0.0,0.0
2014-07-16 00:00:00-04:00,48.51334878526996,48.83300671784202,48.227942560980885,48.34781265258789,6244300,0.0,0.0
2014-07-17 00:00:00-04:00,48.279326896392085,49.46090870980317,48.245075181759205,48.262203216552734,5932700,0.0,0.0
2014-07-18 00:00:00-04:00,48.524766599974605,49.17549243124979,48.46197688336443,49.10128402709961,4563900,0.0,0.0
2014-07-21 00:00:00-04:00,48.684606003454576,48.964302951327525,48.6332306061162,48.84443283081055,3273300,0.0,0.0
2014-07-22 00:00:00-04:00,48.895793046747755,49.02707746204787,48.66746721215046,48.7359619140625,2741900,0.0,0.0
2014-07-23 00:00:00-04:00,48.821595497065,48.93576061721352,48.50194187055722,48.56473159790039,2750300,0.0,0.0
2014-07-24 00:00:00-04:00,48.68459029547762,48.96428715310699,48.6617572768003,48.827293395996094,3703000,0.0,0.0
2014-07-25 00:00:00-04:00,48.70172374170173,48.82159384759225,48.27361435425535,48.433441162109375,2715100,0.0,0.0
2014-07-28 00:00:00-04:00,48.50762750293462,48.50762750293462,48.005309929741095,48.22222137451172,3053900,0.0,0.0
2014-07-29 00:00:00-04:00,48.233655971544565,48.73596940086132,48.233655971544565,48.319278717041016,2677200,0.0,0.0
2014-07-30 00:00:00-04:00,48.35922790765688,48.55901137948736,47.45734325773295,47.48588562011719,4670900,0.0,0.0
2014-07-31 00:00:00-04:00,47.35460226095767,47.37172593836359,46.80662280920048,46.81233215332031,4633400,0.0,0.0
2014-08-01 00:00:00-04:00,46.80661497371585,47.143392186198156,46.6467882047444,46.749534606933594,3956500,0.0,0.0
2014-08-04 00:00:00-04:00,46.692456444249494,46.99498632193381,46.52121098086632,46.880821228027344,3293400,0.0,0.0
2014-08-05 00:00:00-04:00,46.720996713003295,46.95503190062505,46.344262772259064,46.56687927246094,3710200,0.0,0.0
2014-08-06 00:00:00-04:00,46.5725811614572,47.9196987604274,46.5725811614572,47.65142059326172,5053700,0.0,0.0
2014-08-07 00:00:00-04:00,47.69138739584171,47.89117090520821,47.02353344316812,47.2119026184082,4445100,0.0,0.0
2014-08-08 00:00:00-04:00,47.26327716204414,47.9197080589153,47.14911204805721,47.85691833496094,3809400,0.0,0.0
2014-08-11 00:00:00-04:00,47.93114115155177,48.496244482006084,47.80556166590523,48.148048400878906,3414500,0.0,0.0
2014-08-12 00:00:00-04:00,48.01674370575922,48.096657098438996,47.79983219281129,48.05099105834961,2196300,0.0,0.0
2014-08-13 00:00:00-04:00,48.19940616895199,48.41631333890722,48.079536073322494,48.216529846191406,2355600,0.0,0.0
2014-08-14 00:00:00-04:00,48.22795179870624,48.513358077662886,48.21653746372783,48.47911071777344,1795900,0.0,0.0
2014-08-15 00:00:00-04:00,48.576132951839895,48.61608964447607,47.84549379794818,48.233646392822266,4226900,0.0,0.0
2014-08-18 00:00:00-04:00,48.353509434353825,48.5761258830679,48.30784340514267,48.513336181640625,3080800,0.0,0.0
2014-08-19 00:00:00-04:00,48.576135136330315,48.787337295449596,48.30785260729998,48.7359619140625,2272800,0.0,0.0
2014-08-20 00:00:00-04:00,48.638929819479344,48.73026190463149,48.29073386600543,48.570430755615234,2441400,0.0,0.0
2014-08-21 00:00:00-04:00,48.65035278365037,48.912926019111005,48.58756305832784,48.60468673706055,2183800,0.0,0.0
2014-08-22 00:00:00-04:00,48.416314447246734,48.65034965475242,48.06240914136752,48.1423225402832,3774400,0.0,0.0
2014-08-25 00:00:00-04:00,48.47911664170713,48.82731269297859,48.47911664170713,48.62752914428711,2858700,0.0,0.0
2014-08-26 00:00:00-04:00,48.65605796488335,48.781637416022996,48.422027096358136,48.667476654052734,2466200,0.0,0.0
2014-08-27 00:00:00-04:00,48.59324412789643,48.68457617611785,48.42200306990891,48.6617431640625,2094300,0.0,0.0
2014-08-28 00:00:00-04:00,48.47339813275858,48.73597136925332,48.42773208598891,48.667476654052734,1797300,0.0,0.0
2014-08-29 00:00:00-04:00,48.67889030770746,48.91292552791464,48.541896524267614,48.850135803222656,2570600,0.0,0.0
2014-09-02 00:00:00-04:00,48.69029662803771,49.03278317711321,48.55329852444531,48.79874801635742,3344100,0.0,0.0
2014-09-03 00:00:00-04:00,49.004262312205036,49.0213859939271,48.63323324006003,48.747398376464844,2448900,0.0,0.0
2014-09-04 00:00:00-04:00,48.95856907906877,48.96998776384768,48.39917546356498,48.513336181640625,3143300,0.0,0.0
2014-09-05 00:00:00-04:00,48.55331575834771,48.80447468246271,48.41061261600132,48.77593231201172,2782300,0.0,0.0
2014-09-08 00:00:00-04:00,48.68459071511669,48.72454740940815,47.902576149751745,47.9482421875,4851400,0.0,0.0
2014-09-09 00:00:00-04:00,48.005321348284916,48.125191428140596,47.73703882696142,47.85120391845703,3892300,0.0,0.0
2014-09-10 00:00:00-04:00,48.016714470566036,48.18225049888773,47.83975976169767,48.056671142578125,3433300,0.0,0.0
2014-09-11 00:00:00-04:00,48.03386292964138,48.267893742238165,47.919697840000254,48.233646392822266,4369800,0.0,0.0
2014-09-12 00:00:00-04:00,48.35352155593171,48.376354576261214,47.7884184563747,47.959659576416016,3585700,0.0,0.0
2014-09-15 00:00:00-04:00,48.11378001559664,48.11948935925604,47.87974483004611,48.06240463256836,3947100,0.0,0.0
2014-09-16 00:00:00-04:00,48.039567853518584,48.5418811368712,47.98248313647302,48.41630172729492,3269800,0.0,0.0
2014-09-17 00:00:00-04:00,48.4676806260692,48.713125765422255,48.256478480519085,48.461971282958984,3626800,0.0,0.0
2014-09-18 00:00:00-04:00,48.547599189664304,48.67317426681797,48.028157785031695,48.359230041503906,4322400,0.0,0.0
2014-09-19 00:00:00-04:00,48.604685753820924,48.9072156851892,48.347817513164856,48.833011627197266,7856500,0.0,0.0
2014-09-22 00:00:00-04:00,48.57041315658404,49.12981108806459,48.55328948556099,49.1183967590332,7002600,0.0,0.0
2014-09-23 00:00:00-04:00,48.945149867529786,49.18770884479369,48.29832152200173,48.315650939941406,5654000,1.0,0.0
2014-09-24 00:00:00-04:00,48.28099055162223,48.93359528925564,48.2578890700447,48.77188491821289,5567300,0.0,0.0
2014-09-25 00:00:00-04:00,48.512011693665485,48.62751472094909,48.25212767919836,48.33875274658203,5222500,0.0,0.0
2014-09-26 00:00:00-04:00,47.8420643921326,48.13082626144143,47.69191139252465,48.06730270385742,5491300,0.0,0.0
2014-09-29 00:00:00-04:00,47.70924689166795,47.90560289102445,47.674596869700906,47.73812484741211,4656000,0.0,0.0
2014-09-30 00:00:00-04:00,47.87096976113861,48.234808338651476,47.51867972630405,48.16550827026367,9732000,0.0,0.0
2014-10-01 00:00:00-04:00,48.07886901334299,48.44270751695678,48.055767526519524,48.20592498779297,5786400,0.0,0.0
2014-10-02 00:00:00-04:00,48.28099938938951,48.66216729595546,48.038440397660935,48.6332893371582,5509800,0.0,0.0
2014-10-03 00:00:00-04:00,48.71413932006135,49.002901265534334,48.65061133956468,48.80654525756836,4301800,0.0,0.0
2014-10-06 00:00:00-04:00,48.99712748795214,49.00290396090347,48.55243600617317,48.8411979675293,2674400,0.0,0.0
2014-10-07 00:00:00-04:00,48.7545652766891,48.96825070019133,48.47735627955075,48.500457763671875,4504400,0.0,0.0
2014-10-08 00:00:00-04:00,48.47735591420147,49.16460633545579,48.327198471624605,49.12417984008789,5334600,0.0,0.0
2014-10-09 00:00:00-04:00,49.193494151733724,49.661287178486965,48.431162653318836,48.46581268310547,6376400,0.0,0.0
2014-10-10 00:00:00-04:00,48.73148810830615,49.2339357247943,48.67373657226562,48.673736572265625,5282100,0.0,0.0
2014-10-13 00:00:00-04:00,48.85853916283476,49.25703221146303,48.4947005572346,48.552452087402344,4399800,0.0,0.0
2014-10-14 00:00:00-04:00,48.621731574092024,48.87583905744215,48.29254317457457,48.332969665527344,4784100,0.0,0.0
2014-10-15 00:00:00-04:00,47.9980331554198,48.42539979889599,47.29922945251966,48.26947021484375,8409400,0.0,0.0
2014-10-16 00:00:00-04:00,48.04422202250742,49.27434653203153,47.934491054700686,49.23969650268555,7058500,0.0,0.0
2014-10-17 00:00:00-04:00,49.072200567709274,49.672825879986235,48.76611364262211,49.667049407958984,7621700,0.0,0.0
2014-10-20 00:00:00-04:00,49.52846808702017,50.36587627018707,49.499590119534744,50.20417022705078,5537900,0.0,0.0
2014-10-21 00:00:00-04:00,50.429394293214536,50.516023772366715,50.02512926538215,50.50447082519531,4614100,0.0,0.0
2014-10-22 00:00:00-04:00,50.37164506162404,50.6315291047154,50.313893541621354,50.591102600097656,5339700,0.0,0.0
2014-10-23 00:00:00-04:00,50.793229242047296,50.943386701594996,50.539121702225835,50.6026496887207,4936500,0.0,0.0
2014-10-24 00:00:00-04:00,50.741255089024676,50.92606257856131,50.47559459820066,50.85675811767578,3255300,0.0,0.0
2014-10-27 00:00:00-04:00,50.77590275669071,51.20904570324014,50.706602705183855,50.84520721435547,2847200,0.0,0.0
2014-10-28 00:00:00-04:00,51.10509476596454,51.10509476596454,50.6950532768509,50.9780387878418,3631300,0.0,0.0
2014-10-29 00:00:00-04:00,50.931843804529564,51.30145881809332,50.44094487155903,50.770137786865234,3448000,0.0,0.0
2014-10-30 00:00:00-04:00,50.504469941463334,51.21482637069133,50.19261087182577,51.02424240112305,2706400,0.0,0.0
2014-10-31 00:00:00-04:00,51.278339564760884,51.53822351652502,51.09353212200134,51.4053955078125,4876200,0.0,0.0
2014-11-03 00:00:00-05:00,51.313000837627584,51.68839227729765,51.16861985361278,51.509361267089844,3361600,0.0,0.0
2014-11-04 00:00:00-05:00,51.6248767903693,51.92519177727566,51.50937373765702,51.65952682495117,2752500,0.0,0.0
2014-11-05 00:00:00-05:00,51.878976576626805,52.12153557389722,51.45160568868409,51.919403076171875,4061000,0.0,0.0
2014-11-06 00:00:00-05:00,51.79233880278088,51.87896826110846,50.34852918451219,50.5333366394043,6109300,0.0,0.0
2014-11-07 00:00:00-05:00,50.53333682537717,50.937601757517264,50.39473233523732,50.89140319824219,3219400,0.0,0.0
2014-11-10 00:00:00-05:00,50.723933520768135,51.110873539806164,50.5448980861924,51.06467056274414,3191800,0.0,0.0
2014-11-11 00:00:00-05:00,51.07622521721632,51.099326706519456,50.729707283827835,50.874088287353516,2412800,0.0,0.0
2014-11-12 00:00:00-05:00,50.84519242102737,50.897167444535455,50.57375554851192,50.764339447021484,2839500,0.0,0.0
2014-11-13 00:00:00-05:00,50.84521502795777,51.2263785882942,50.550676545316946,50.74126052856445,3163900,0.0,0.0
2014-11-14 00:00:00-05:00,50.44672018348447,50.475598145755924,49.372525198131214,49.82876968383789,6011500,0.0,0.0
2014-11-17 00:00:00-05:00,49.85764769784411,50.5333497165763,49.76524174340633,50.4178466796875,3644600,0.0,0.0
2014-11-18 00:00:00-05:00,50.51602062100678,50.59109714830403,50.296558700024256,50.31966018676758,3653700,0.0,0.0
2014-11-19 00:00:00-05:00,50.215723418368526,50.3601044568413,49.93851429195018,50.14642333984375,4529900,0.0,0.0
2014-11-20 00:00:00-05:00,49.95581634879448,49.95581634879448,49.41871895631258,49.55732345581055,6330700,0.0,0.0
2014-11-21 00:00:00-05:00,49.753696213550626,50.26769224928502,49.73059472354295,50.244590759277344,6851900,0.0,0.0
2014-11-24 00:00:00-05:00,50.41783906637444,50.596870068365156,49.93849316396821,49.95581817626953,3888600,0.0,0.0
2014-11-25 00:00:00-05:00,49.950020384072175,50.088629235638074,49.759440923941845,49.840293884277344,5054400,0.0,0.0
2014-11-26 00:00:00-05:00,50.04822712571497,50.1926081117834,49.90961820665551,50.013572692871094,2665700,0.0,0.0
2014-11-28 00:00:00-05:00,50.36009979545814,50.57378529883636,50.11176425602477,50.20417022705078,3230900,0.0,0.0
2014-12-01 00:00:00-05:00,49.88074165424454,50.261905143346986,49.493797286164636,49.95581817626953,3554100,0.0,0.0
2014-12-02 00:00:00-05:00,50.00201000392275,50.492904336418334,49.96735558088483,50.46980285644531,4089900,0.0,0.0
2014-12-03 00:00:00-05:00,50.33119889156538,50.637285793527816,50.1117370326815,50.61996078491211,3862000,0.0,0.0
2014-12-04 00:00:00-05:00,50.40049586154805,50.521779726797305,49.88072801005263,50.33119583129883,4111000,0.0,0.0
2014-12-05 00:00:00-05:00,50.40629245813504,50.43517041970648,50.0771039645489,50.325439453125,4236600,0.0,0.0
2014-12-08 00:00:00-05:00,49.90962461607158,50.33699556215107,49.85764956936814,50.12331008911133,3270600,0.0,0.0
2014-12-09 00:00:00-05:00,49.69592168008353,50.002008570175036,49.23390090618453,49.990455627441406,3467800,0.0,0.0
2014-12-10 00:00:00-05:00,49.95004253591693,50.00779404660309,49.24546264953542,49.4360466003418,4625600,0.0,0.0
2014-12-11 00:00:00-05:00,49.4533778632277,50.13485635023364,49.436052848447964,49.64973831176758,4182700,0.0,0.0
2014-12-12 00:00:00-05:00,49.4302719603393,49.88074433517401,48.73724499409173,48.75457000732422,4922800,0.0,0.0
2014-12-15 00:00:00-05:00,48.818087134564585,49.02021958757951,47.57641005724857,47.61683654785156,7286900,0.0,0.0
2014-12-16 00:00:00-05:00,47.472473689708686,47.91139318795442,46.98157914351528,47.00468063354492,8405200,0.0,0.0
2014-12-17 00:00:00-05:00,47.247242289207094,47.50713076183082,46.871855172348816,47.27034378051758,6673400,0.0,0.0
2014-12-18 00:00:00-05:00,47.76122063512298,48.54088135759104,47.582189651583626,48.52355194091797,6701800,0.0,0.0
2014-12-19 00:00:00-05:00,48.610195354639686,48.73725134310689,47.72080784152782,47.96337127685547,9128000,0.0,0.0
2014-12-22 00:00:00-05:00,48.214721450369176,48.61222416576474,48.027661611351164,48.501155853271484,5951700,1.0,0.0
2014-12-23 00:00:00-05:00,48.647302827881326,48.85774573166775,48.524545210649066,48.694068908691406,4433700,0.0,0.0
2014-12-24 00:00:00-05:00,48.752532589284186,48.85190718304907,48.55377894189472,48.60639190673828,1748300,0.0,0.0
2014-12-26 00:00:00-05:00,48.577166811904185,48.922061176101096,48.53624759512084,48.71746063232422,1709100,0.0,0.0
2014-12-29 00:00:00-05:00,48.53623409709529,48.82851540993808,48.36671040046341,48.6356086730957,2629000,0.0,0.0
2014-12-30 00:00:00-05:00,48.60640721595423,48.79931404803965,48.162138152325696,48.2264404296875,2708100,0.0,0.0
2014-12-31 00:00:00-05:00,48.36087679492715,48.41348530008997,47.56002424630202,47.612632751464844,3661300,0.0,0.0
2015-01-02 00:00:00-05:00,47.700310677748405,47.81137900684259,47.133284201638745,47.361263275146484,3787700,0.0,0.0
2015-01-05 00:00:00-05:00,47.34372355080312,47.402178918616,46.683169420786044,47.00468063354492,6213400,0.0,0.0
2015-01-06 00:00:00-05:00,47.32617400636434,47.963349377000654,47.11573117384752,47.40801239013672,10001900,0.0,0.0
2015-01-07 00:00:00-05:00,47.8172270634119,47.96336772746895,47.36126444527221,47.76461410522461,7525100,0.0,0.0
2015-01-08 00:00:00-05:00,48.12120444538283,48.8577547445075,48.115357569238256,48.48363494873047,6594500,0.0,0.0
2015-01-09 00:00:00-05:00,48.834379028222905,48.89868129588359,48.208896982682056,48.355037689208984,4301300,0.0,0.0
2015-01-12 00:00:00-05:00,48.58300400429143,48.91035767330543,48.30825883500073,48.54793167114258,3997200,0.0,0.0
2015-01-13 00:00:00-05:00,48.70576056544132,49.09157406108167,48.325793945151034,48.57715606689453,5810200,0.0,0.0
2015-01-14 00:00:00-05:00,48.086126991465065,48.78760041893936,48.08028011594265,48.764217376708984,4629200,0.0,0.0
2015-01-15 00:00:00-05:00,48.34917279292522,48.76421170959753,48.26733438455935,48.413475036621094,5088100,0.0,0.0
2015-01-16 00:00:00-05:00,48.431004209759486,48.635600201138566,48.045195263138666,48.343318939208984,7302300,0.0,0.0
2015-01-20 00:00:00-05:00,48.64147153491663,49.09742981923199,48.45441161161135,48.85776138305664,6172300,0.0,0.0
2015-01-21 00:00:00-05:00,48.565462606759176,49.45984268459585,48.35501971081422,49.42477035522461,4518500,0.0,0.0
2015-01-22 00:00:00-05:00,49.71121149814598,49.85735217007379,49.354627901853384,49.7813606262207,6069700,0.0,0.0
2015-01-23 00:00:00-05:00,49.45984264056626,49.54168104893213,48.3433259180823,48.413475036621094,6649300,0.0,0.0
2015-01-26 00:00:00-05:00,48.489471836082146,48.75837458975421,48.22642041774723,48.54793167114258,4658500,0.0,0.0
2015-01-27 00:00:00-05:00,48.243945461791235,48.355013770968405,47.57169765231476,47.70030212402344,8541900,0.0,0.0
2015-01-28 00:00:00-05:00,47.95166744952238,48.1095018427403,46.99298518059506,47.10405349731445,5878700,0.0,0.0
2015-01-29 00:00:00-05:00,47.063125853059304,47.64184145137722,46.95205755626358,47.47816467285156,4108200,0.0,0.0
2015-01-30 00:00:00-05:00,47.07481233820257,47.460625687355545,46.82345031189737,46.90528869628906,6692900,0.0,0.0
2015-02-02 00:00:00-05:00,46.90532671567656,47.75878803029481,46.80010521333397,47.71786880493164,4129600,0.0,0.0
2015-02-03 00:00:00-05:00,47.93413097492514,48.19133993414043,47.823062658926084,48.074424743652344,4103200,0.0,0.0
2015-02-04 00:00:00-05:00,47.95751295851029,48.28486656496193,47.84644464495346,47.98089599609375,5151100,0.0,0.0
2015-02-05 00:00:00-05:00,48.179644894125936,48.65898601263628,47.53078009884435,48.267330169677734,6317100,0.0,0.0
2015-02-06 00:00:00-05:00,48.12120075425619,48.12120075425619,47.31450584271304,47.507408142089844,5942900,0.0,0.0
2015-02-09 00:00:00-05:00,47.238504614158835,47.630164965013826,47.09236395693413,47.25019836425781,4357200,0.0,0.0
2015-02-10 00:00:00-05:00,47.3028110615376,47.472334774158334,47.074831972806784,47.39634323120117,6732200,0.0,0.0
2015-02-11 00:00:00-05:00,47.560006247184184,48.36085849272621,47.44309552893861,48.214717864990234,5670500,0.0,0.0
2015-02-12 00:00:00-05:00,48.3491657964613,48.93957519411482,48.273174273934856,48.92203903198242,5324600,0.0,0.0
2015-02-13 00:00:00-05:00,48.9921890467911,49.02141896011883,48.31994563883933,48.44270324707031,4924700,0.0,0.0
2015-02-17 00:00:00-05:00,48.40178745523759,48.431012910766256,48.10950614079741,48.34917449951172,4391000,0.0,0.0
2015-02-18 00:00:00-05:00,48.132893727407854,48.52455415153394,48.07443834555403,48.518707275390625,2487300,0.0,0.0
2015-02-19 00:00:00-05:00,48.49531899302815,48.54793195291605,48.17381219762602,48.29656982421875,3774300,0.0,0.0
2015-02-20 00:00:00-05:00,48.20888699149971,48.594696057645336,48.08028248283133,48.54208755493164,3572000,0.0,0.0
2015-02-23 00:00:00-05:00,48.401794420146786,48.48947525920878,48.097819311866665,48.454402923583984,3362400,0.0,0.0
2015-02-24 00:00:00-05:00,48.34918154093849,48.88113575142408,48.30826232935187,48.81683349609375,3313300,0.0,0.0
2015-02-25 00:00:00-05:00,48.81682099551967,48.93957859884486,48.63560356787527,48.79343795776367,2850200,0.0,0.0
2015-02-26 00:00:00-05:00,48.659006664616385,48.7525388541977,48.26735065543019,48.40180206298828,2973200,0.0,0.0
2015-02-27 00:00:00-05:00,48.360872447662686,48.57715778481375,48.01597814755746,48.49531936645508,5971700,0.0,0.0
2015-03-02 00:00:00-05:00,48.49530686550474,48.64729437178888,48.30824703463894,48.48945999145508,3188900,0.0,0.0
2015-03-03 00:00:00-05:00,48.32578277707051,48.51284260631112,48.20302518224306,48.343318939208984,3597500,0.0,0.0
2015-03-04 00:00:00-05:00,48.337487192488965,48.343329607919046,47.75292453962484,48.033512115478516,3582500,0.0,0.0
2015-03-05 00:00:00-05:00,48.05104855801588,48.15042759906761,47.665239524032,47.76461410522461,3418800,0.0,0.0
2015-03-06 00:00:00-05:00,47.5132408154124,47.55416001333488,46.642243911143694,46.79423141479492,7757400,0.0,0.0
2015-03-09 00:00:00-04:00,46.870230968298934,47.11574619790487,46.805928723422305,47.02806091308594,4574300,0.0,0.0
2015-03-10 00:00:00-04:00,46.765013493197955,46.765013493197955,46.21552315749793,46.32659149169922,7066900,0.0,0.0
2015-03-11 00:00:00-04:00,46.3733640671949,46.43766632653822,45.23346402781226,45.49067306518555,7285400,0.0,0.0
2015-03-12 00:00:00-04:00,45.74787219328879,46.051842795366355,45.572501622182465,46.02261734008789,4806600,0.0,0.0
2015-03-13 00:00:00-04:00,46.02261746316467,46.02261746316467,44.92363687302932,45.39128875732422,5337600,0.0,0.0
2015-03-16 00:00:00-04:00,45.63679950459741,45.81801247351966,45.28021598133474,45.531578063964844,5361800,0.0,0.0
2015-03-17 00:00:00-04:00,45.46142895025698,45.74202094522998,45.37959054752704,45.531578063964844,4141000,0.0,0.0
2015-03-18 00:00:00-04:00,45.362061049079834,46.344126485991815,44.771651519900956,45.923240661621094,9179200,0.0,0.0
2015-03-19 00:00:00-04:00,45.970009234615866,46.3675120391821,45.92324314940587,46.09861373901367,9453800,0.0,0.0
2015-03-20 00:00:00-04:00,46.08105939226387,46.46102587993796,46.057676358883874,46.443485260009766,10919200,0.0,0.0
2015-03-23 00:00:00-04:00,46.443497508144986,46.85269401042226,46.443497508144986,46.683170318603516,4841100,0.0,0.0
2015-03-24 00:00:00-04:00,46.68908498164546,46.884433362376036,45.878077343345,45.895835876464844,6021500,1.0,0.0
2015-03-25 00:00:00-04:00,46.06159967078791,46.156317892882605,45.30979297766833,45.40450668334961,7923800,0.0,0.0
2015-03-26 00:00:00-04:00,45.321626276255145,45.558417293025244,45.14995290200715,45.19139099121094,7069200,0.0,0.0
2015-03-27 00:00:00-04:00,45.14994927864292,45.50513803350003,45.084836157759256,45.45777893066406,5158800,0.0,0.0
2015-03-30 00:00:00-04:00,45.730095640901894,45.730095640901894,45.1440413108764,45.49922561645508,4390600,0.0,0.0
2015-03-31 00:00:00-04:00,45.309776137711374,45.31569715349502,44.57572825494946,44.59348678588867,7498300,0.0,0.0
2015-04-01 00:00:00-04:00,44.55798073847287,45.04340032445736,44.55798073847287,45.03156280517578,6915100,0.0,0.0
2015-04-02 00:00:00-04:00,45.25059572925001,45.83072902421235,44.96052456535549,45.73601531982422,4745400,0.0,0.0
2015-04-06 00:00:00-04:00,45.75377005229314,46.56477781391333,45.72416948165089,46.29246520996094,5553100,0.0,0.0
2015-04-07 00:00:00-04:00,46.286556118933824,46.511505136022706,46.020164489746094,46.020164489746094,4790500,0.0,0.0
2015-04-08 00:00:00-04:00,46.01424567111726,46.174077027451894,45.54066358734723,45.72417449951172,4556200,0.0,0.0
2015-04-09 00:00:00-04:00,45.59394390600593,46.1681607740026,45.582106385076095,46.09120559692383,3371800,0.0,0.0
2015-04-10 00:00:00-04:00,46.23919006184609,46.511498152090645,46.097117257460454,46.11487579345703,3860100,0.0,0.0
2015-04-13 00:00:00-04:00,45.87809067376259,46.108960704227144,45.73009683287948,45.81297302246094,3585400,0.0,0.0
2015-04-14 00:00:00-04:00,45.66497994252258,46.339831506881936,45.65314242227666,46.23919677734375,4890200,0.0,0.0
2015-04-15 00:00:00-04:00,46.43453389849828,46.712762951733936,46.09710823139405,46.25101852416992,7231400,0.0,0.0
2015-04-16 00:00:00-04:00,48.790598495240936,50.471810535657006,48.66628423605021,50.29421615600586,23609500,0.0,0.0
2015-04-17 00:00:00-04:00,50.06335638462699,50.607972635913704,49.91536254353298,50.47182083129883,8306700,0.0,0.0
2015-04-20 00:00:00-04:00,50.55470465645463,50.76189516199625,50.00416730377874,50.30607604980469,6388200,0.0,0.0
2015-04-21 00:00:00-04:00,50.31199279854615,50.49550826127835,49.643062158408114,49.75553894042969,4399300,0.0,0.0
2015-04-22 00:00:00-04:00,49.76142443740242,49.76142443740242,49.08657319859369,49.542396545410156,5951900,0.0,0.0
2015-04-23 00:00:00-04:00,49.23458020705125,49.950869713922636,49.0629068434587,49.45953369140625,4347100,0.0,0.0
2015-04-24 00:00:00-04:00,49.45362299877666,49.648975955001625,48.93860280047821,48.9859619140625,4498500,0.0,0.0
2015-04-27 00:00:00-04:00,49.00370587607102,49.07474452531653,48.57156651329466,48.59524154663086,4865200,0.0,0.0
2015-04-28 00:00:00-04:00,48.55379775976054,49.19313197862671,48.55379775976054,49.062896728515625,5079800,0.0,0.0
2015-04-29 00:00:00-04:00,48.81427762078234,49.06290613699315,48.512368984576284,48.97411346435547,5879500,0.0,0.0
2015-04-30 00:00:00-04:00,49.05106896553693,49.43585377652819,48.82611999924654,49.412174224853516,6162100,0.0,0.0
2015-05-01 00:00:00-04:00,49.412170042944716,49.56608485759746,49.08066538038093,49.364810943603516,3269200,0.0,0.0
2015-05-04 00:00:00-04:00,49.52465038548699,49.54832542047138,49.13394456205524,49.25825881958008,2482400,0.0,0.0
2015-05-05 00:00:00-04:00,49.24643026661999,49.39442410248177,48.873482909743686,49.02147674560547,2903600,0.0,0.0
2015-05-06 00:00:00-04:00,49.49506051317869,49.65489187413281,49.12803416182838,49.64897537231445,5323900,0.0,0.0
2015-05-07 00:00:00-04:00,49.583840621753744,49.87982820148845,49.281932025828965,49.731834411621094,3250500,0.0,0.0
2015-05-08 00:00:00-04:00,50.22320198428818,50.755980866554545,50.14032577109285,50.430397033691406,4380600,0.0,0.0
2015-05-11 00:00:00-04:00,50.32972926818628,50.536924200292766,49.73183757095632,49.80287170410156,3155100,0.0,0.0
2015-05-12 00:00:00-04:00,49.43584997241828,50.16989795219716,49.32337323972188,49.80287170410156,3027100,0.0,0.0
2015-05-13 00:00:00-04:00,49.92127578898939,50.25278049617208,49.648967705744624,50.039669036865234,4317500,0.0,0.0
2015-05-14 00:00:00-04:00,50.31790044585235,51.448575435513916,50.26462483678798,51.37753677368164,6186300,0.0,0.0
2015-05-15 00:00:00-04:00,51.312424474756874,51.365700089371074,50.90396003039367,51.24730682373047,3702900,0.0,0.0
2015-05-18 00:00:00-04:00,51.294657668763335,51.330174739448076,50.67308183330316,50.92763137817383,3173300,0.0,0.0
2015-05-19 00:00:00-04:00,50.667171736083986,50.86252469977921,50.329745942616704,50.708614349365234,2952500,0.0,0.0
2015-05-20 00:00:00-04:00,50.64351465085364,50.95726099786449,50.5014372542931,50.560638427734375,2411300,0.0,0.0
2015-05-21 00:00:00-04:00,50.56061559396407,50.56061559396407,50.08111250084852,50.400779724121094,3041900,0.0,0.0
2015-05-22 00:00:00-04:00,50.16991978210849,50.235037443433804,49.78513483329913,49.814735412597656,2733800,0.0,0.0
2015-05-26 00:00:00-04:00,49.708178338518884,49.7377744006222,49.24051719971037,49.560184478759766,2961100,0.0,0.0
2015-05-27 00:00:00-04:00,49.72591631545363,49.94494876322775,49.500967367554054,49.85615158081055,3436200,0.0,0.0
2015-05-28 00:00:00-04:00,49.933108823271716,50.17582083095869,49.52464899329028,49.87983322143555,2849000,0.0,0.0
2015-05-29 00:00:00-04:00,49.749601244604904,49.749601244604904,49.116187898942755,49.175384521484375,4481000,0.0,0.0
2015-06-01 00:00:00-04:00,49.074752253260776,49.38849843311345,48.83796123489987,49.24642562866211,3378800,0.0,0.0
2015-06-02 00:00:00-04:00,49.01555074313133,49.44176911401056,48.7314006461326,49.10434341430664,3741000,0.0,0.0
2015-06-03 00:00:00-04:00,49.370741424810355,49.38849996136466,48.772845101141016,48.79060363769531,2936900,0.0,0.0
2015-06-04 00:00:00-04:00,48.7846766436332,49.03922163471373,48.340695259616496,48.44132995605469,3281600,0.0,0.0
2015-06-05 00:00:00-04:00,48.24597704978481,48.34661174619514,47.06202669273488,47.180419921875,6152000,0.0,0.0
2015-06-08 00:00:00-04:00,47.18044289431772,47.73690127832604,46.991010925610645,47.446834564208984,4313300,0.0,0.0
2015-06-09 00:00:00-04:00,47.38170006306086,48.07431002909277,47.38170006306086,47.802001953125,3823000,0.0,0.0
2015-06-10 00:00:00-04:00,47.80793571800112,48.96228596918862,47.80793571800112,48.71365737915039,6310700,0.0,0.0
2015-06-11 00:00:00-04:00,48.82021487161438,48.98596727087143,48.52422715396561,48.689979553222656,3681800,0.0,0.0
2015-06-12 00:00:00-04:00,48.245994940703035,48.488707021780314,47.80201339216895,48.4591064453125,6123000,0.0,0.0
2015-06-15 00:00:00-04:00,48.086161537892245,48.39398674464226,47.97368477176547,48.10983657836914,3919400,0.0,0.0
2015-06-16 00:00:00-04:00,48.22823052918433,48.44725850928772,47.95000140335355,48.435420989990234,3892800,0.0,0.0
2015-06-17 00:00:00-04:00,48.44132995605469,48.654441381695676,48.02694462112512,48.44132995605469,4143600,0.0,0.0
2015-06-18 00:00:00-04:00,48.689967057099004,49.47729526791887,48.60116986131106,49.199066162109375,3875600,0.0,0.0
2015-06-19 00:00:00-04:00,49.056992487987735,49.24050337732284,48.832038993795884,48.93267822265625,7474700,0.0,0.0
2015-06-22 00:00:00-04:00,49.08657368123914,49.52463850235395,49.027377075156785,49.21088790893555,4052300,0.0,0.0
2015-06-23 00:00:00-04:00,49.27082551996773,49.31276815172423,48.53982144815113,48.749534606933594,2999500,1.0,0.0
2015-06-24 00:00:00-04:00,48.67164711087483,48.989213434758646,48.419986724853516,48.419986724853516,5134900,0.0,0.0
2015-06-25 00:00:00-04:00,48.61772102983052,48.95925524672118,48.46792524046786,48.713592529296875,4148200,0.0,0.0
2015-06-26 00:00:00-04:00,48.725570770186046,48.941277057480974,48.58176810245755,48.74354553222656,4584600,0.0,0.0
2015-06-29 00:00:00-04:00,48.497883629844985,48.73156468302475,47.98857431616167,48.006553649902344,3374600,0.0,0.0
2015-06-30 00:00:00-04:00,48.36604765434314,48.49786863258431,47.93463520606408,48.036495208740234,4311100,0.0,0.0
2015-07-01 00:00:00-04:00,48.15035889844379,48.73755583275876,47.99456999751331,48.713592529296875,4034100,0.0,0.0
2015-07-02 00:00:00-04:00,48.75553578698853,48.97723063236327,48.503875383393904,48.63569641113281,2977600,0.0,0.0
2015-07-06 00:00:00-04:00,48.44996637732233,48.809475475494295,48.36608107346241,48.6536865234375,2534500,0.0,0.0
2015-07-07 00:00:00-04:00,48.7315737222338,49.45658488983837,48.521860503737486,49.39666748046875,5409400,0.0,0.0
2015-07-08 00:00:00-04:00,49.13899673696297,49.40263413567696,48.833412141727344,48.8753547668457,3101400,0.0,0.0
2015-07-09 00:00:00-04:00,49.384675324586574,49.52248946384981,48.6596642440568,48.67763900756836,3129300,0.0,0.0
2015-07-10 00:00:00-04:00,49.13901488689164,49.62435180986802,49.121040122545104,49.2288932800293,3548200,0.0,0.0
2015-07-13 00:00:00-04:00,49.38466657085306,49.534462335436864,49.14499243323817,49.36069869995117,3238900,0.0,0.0
2015-07-14 00:00:00-04:00,49.37268434156203,49.59437914484526,49.28879908009207,49.54045486450195,2326300,0.0,0.0
2015-07-15 00:00:00-04:00,49.39665243266926,49.666282978397106,49.13900353660323,49.534461975097656,3491200,0.0,0.0
2015-07-16 00:00:00-04:00,49.95989367621143,51.709512098188526,49.94791202360424,51.10433578491211,7844200,0.0,0.0
2015-07-17 00:00:00-04:00,50.942537982235685,51.5297393490259,50.828696317809744,51.427879333496094,5817200,0.0,0.0
2015-07-20 00:00:00-04:00,51.49978634679475,51.547722092611586,51.212181014702395,51.29606628417969,3265500,0.0,0.0
2015-07-21 00:00:00-04:00,51.218162727991874,51.40990109718656,51.098323390118125,51.254112243652344,3085900,0.0,0.0
2015-07-22 00:00:00-04:00,51.30804077799425,51.48180440378882,50.96650663664733,51.242130279541016,3225200,0.0,0.0
2015-07-23 00:00:00-04:00,51.19420264434716,51.27808790791164,50.93655374299797,51.188209533691406,2242700,0.0,0.0
2015-07-24 00:00:00-04:00,51.05039219157957,51.06237841213376,50.49315179230639,50.72084426879883,3033400,0.0,0.0
2015-07-27 00:00:00-04:00,50.595027167121216,51.469834026513766,50.595027167121216,51.24813461303711,4481500,0.0,0.0
2015-07-28 00:00:00-04:00,51.30803670858089,51.83532065438613,51.18820194166334,51.290061950683594,5669500,0.0,0.0
2015-07-29 00:00:00-04:00,51.32602396532567,51.60763616821803,51.104324583742454,51.200191497802734,2776300,0.0,0.0
2015-07-30 00:00:00-04:00,51.092326748925345,51.37993656853973,50.9904667473256,51.16423034667969,2747300,0.0,0.0
2015-07-31 00:00:00-04:00,51.457847803404384,51.529751427846605,51.17024244844489,51.24813461303711,2965100,0.0,0.0
2015-08-03 00:00:00-04:00,51.23017065581439,51.475837995924,50.972521661472776,51.32604217529297,2622300,0.0,0.0
2015-08-04 00:00:00-04:00,51.326019317966285,51.535732459175776,51.20617997198684,51.427879333496094,2367300,0.0,0.0
2015-08-05 00:00:00-04:00,51.52974717737272,51.71549247760456,51.36796974997794,51.463836669921875,2738300,0.0,0.0
2015-08-06 00:00:00-04:00,51.529731730176,51.57167435221654,51.28406453579361,51.385929107666016,2198900,0.0,0.0
2015-08-07 00:00:00-04:00,51.302056495755444,51.39193029982709,50.79274722519441,50.9844856262207,2409400,0.0,0.0
2015-08-10 00:00:00-04:00,51.272086542219924,51.733455417542096,51.2660934325291,51.45184326171875,2470900,0.0,0.0
2015-08-11 00:00:00-04:00,51.01446476794611,51.24814588452313,50.72685934973085,51.212196350097656,3549500,0.0,0.0
2015-08-12 00:00:00-04:00,51.02642821845584,51.31403350830078,50.43323373676878,51.31403350830078,2733200,0.0,0.0
2015-08-13 00:00:00-04:00,51.260113540249456,51.28407684024812,50.48117371957569,50.72684097290039,4389400,0.0,0.0
2015-08-14 00:00:00-04:00,50.696872860025316,50.750797134543646,50.259467268406326,50.487159729003906,3134300,0.0,0.0
2015-08-17 00:00:00-04:00,50.28343880939172,50.54108769529609,50.013808274298086,50.511131286621094,3159200,0.0,0.0
2015-08-18 00:00:00-04:00,50.51114365984734,50.553086299389605,50.259483251188904,50.34336853027344,2307600,0.0,0.0
2015-08-19 00:00:00-04:00,50.10966858067762,50.66092037024081,49.85801283822235,50.17557907104492,3324400,0.0,0.0
2015-08-20 00:00:00-04:00,49.76814988567447,50.6908924650247,49.73819347167364,49.78013610839844,4167300,0.0,0.0
2015-08-21 00:00:00-04:00,49.576401780017754,49.80409425324817,48.52184295654297,48.52184295654297,7252900,0.0,0.0
2015-08-24 00:00:00-04:00,46.82016384352438,47.76088106287582,45.861471863835646,46.939998626708984,11361900,0.0,0.0
2015-08-25 00:00:00-04:00,47.91068531024652,47.96461417221058,46.346816884360216,46.370784759521484,6381600,0.0,0.0
2015-08-26 00:00:00-04:00,47.18566798864861,47.83278681820136,46.35280386541845,47.78485107421875,5813900,0.0,0.0
2015-08-27 00:00:00-04:00,48.13237750151038,48.461925449846895,47.41335506882295,48.402008056640625,4206000,0.0,0.0
2015-08-28 00:00:00-04:00,48.03051030056482,48.28815459572147,47.83876735670302,48.144351959228516,3522800,0.0,0.0
2015-08-31 00:00:00-04:00,47.85675052132577,48.000553169342595,47.275542247527916,47.8148078918457,4211600,0.0,0.0
2015-09-01 00:00:00-04:00,46.86211059066155,47.16769525744684,46.31685633645696,46.604461669921875,5124900,0.0,0.0
2015-09-02 00:00:00-04:00,47.029888019135676,47.1736952783367,46.640418025425014,47.15571594238281,3594600,0.0,0.0
2015-09-03 00:00:00-04:00,47.431332034762356,47.820797356875225,47.185664792047376,47.6050910949707,3363500,0.0,0.0
2015-09-04 00:00:00-04:00,46.95198924490012,47.0478561661449,46.13709984299972,46.31086349487305,5233700,0.0,0.0
2015-09-08 00:00:00-04:00,47.22161352286529,47.808814908550175,46.81416887623188,47.79084014892578,4779800,0.0,0.0
2015-09-09 00:00:00-04:00,47.970594254766624,48.07844738827443,46.79020289676563,46.89805603027344,4062100,0.0,0.0
2015-09-10 00:00:00-04:00,46.73626991978544,47.57512696083144,46.73626991978544,47.25756072998047,3871600,0.0,0.0
2015-09-11 00:00:00-04:00,47.293502328821276,47.64701801451926,46.975936151119065,47.617061614990234,5234300,0.0,0.0
2015-09-14 00:00:00-04:00,47.74289748562714,47.80880797562786,47.26354929860434,47.545166015625,3628900,0.0,0.0
2015-09-15 00:00:00-04:00,47.647039947326476,48.461929360622996,47.34145984589362,48.419986724853516,4025700,0.0,0.0
2015-09-16 00:00:00-04:00,48.50386688089332,49.426609341908495,48.44994259976449,49.192928314208984,5925200,0.0,0.0
2015-09-17 00:00:00-04:00,49.33672299973782,49.76214692648021,48.833411504881305,49.180938720703125,4633500,0.0,0.0
2015-09-18 00:00:00-04:00,48.70759968184983,49.2288906773643,48.396021878299315,48.66565704345703,8268300,0.0,0.0
2015-09-21 00:00:00-04:00,48.94727658083253,49.4086456287955,48.881366063779964,49.204925537109375,3630800,0.0,0.0
2015-09-22 00:00:00-04:00,48.599732129243534,48.851387885030945,48.19228751784343,48.3960075378418,3605900,0.0,0.0
2015-09-23 00:00:00-04:00,48.44395086971028,48.50986137390422,47.89869664667427,48.19229507446289,2437400,0.0,0.0
2015-09-24 00:00:00-04:00,47.93465344655819,48.29416243312642,47.80283241815539,48.180320739746094,3068200,0.0,0.0
2015-09-25 00:00:00-04:00,48.390034252041076,48.71958225380723,48.144366957240024,48.29416275024414,3396100,0.0,0.0
2015-09-28 00:00:00-04:00,47.93610731954686,48.749306151317725,47.77832627233536,47.8875617980957,4332500,1.02,0.0
2015-09-29 00:00:00-04:00,47.83294846229974,48.09389977561974,47.353526066665424,47.72371292114258,4194500,0.0,0.0
2015-09-30 00:00:00-04:00,48.13637086976465,48.30022183540055,47.80866430849581,48.14244079589844,4968300,0.0,0.0
2015-10-01 00:00:00-04:00,48.35484314842756,48.39125344616825,47.857215682650455,48.22133255004883,3961800,0.0,0.0
2015-10-02 00:00:00-04:00,47.832927253195784,48.52475049710429,47.58411590477052,48.518680572509766,3735300,0.0,0.0
2015-10-05 00:00:00-04:00,48.791772645847374,49.67779182545903,48.54902658691361,49.586761474609375,5715100,0.0,0.0
2015-10-06 00:00:00-04:00,49.532161299502086,49.689942350913796,49.13162948438606,49.45326614379883,3522600,0.0,0.0
2015-10-07 00:00:00-04:00,49.50181276690428,50.29680178386175,49.489677544583046,50.16936111450195,3583300,0.0,0.0
2015-10-08 00:00:00-04:00,50.16329935471657,51.15248440852818,50.00551367343461,51.06752395629883,3923000,0.0,0.0
2015-10-09 00:00:00-04:00,51.025040415694725,51.32847190537417,51.006835267113495,51.01897048950195,5058400,0.0,0.0
2015-10-12 00:00:00-04:00,51.10999300867064,51.51659003116272,51.04930764605929,51.37701416015625,2386500,0.0,0.0
2015-10-13 00:00:00-04:00,51.298128060565766,51.35881343386996,50.84905074211806,51.22530746459961,3089300,0.0,0.0
2015-10-14 00:00:00-04:00,51.37701581216649,51.8321629913813,51.194955088481954,51.26778030395508,5556400,0.0,0.0
2015-10-15 00:00:00-04:00,51.94140405886129,52.40869118065355,51.7047278496409,52.23270034790039,5880600,0.0,0.0
2015-10-16 00:00:00-04:00,52.41475337293937,53.428213363387194,52.12345712688417,53.27042770385742,5479800,0.0,0.0
2015-10-19 00:00:00-04:00,53.191542451581554,53.70130514511545,52.936661104814604,53.6588249206543,4796800,0.0,0.0
2015-10-20 00:00:00-04:00,53.77412986311728,53.91977568417945,53.57386396540858,53.840885162353516,4495800,0.0,0.0
2015-10-21 00:00:00-04:00,53.95012233351552,54.42347473892363,53.62848568009706,53.99867248535156,3643400,0.0,0.0
2015-10-22 00:00:00-04:00,53.90765465456976,54.58127312058081,53.78627924673087,54.34459686279297,4930800,0.0,0.0
2015-10-23 00:00:00-04:00,54.58125045855091,54.58125045855091,53.86515205461853,54.39311981201172,4307900,0.0,0.0
2015-10-26 00:00:00-04:00,54.40525991375807,54.66621114597116,54.21106397094808,54.43560028076172,4124500,0.0,0.0
2015-10-27 00:00:00-04:00,54.01080870981028,54.20500469075802,53.63455197110017,53.901573181152344,3283800,0.0,0.0
2015-10-28 00:00:00-04:00,54.192877542282346,54.5509245545671,53.543534200174285,54.253562927246094,3231400,0.0,0.0
2015-10-29 00:00:00-04:00,54.071486439215896,54.289957465636704,53.46462350582403,54.16858673095703,2976500,0.0,0.0
2015-10-30 00:00:00-04:00,54.21105772708793,54.296018152907045,53.64667510986328,53.64667510986328,4062600,0.0,0.0
2015-11-02 00:00:00-05:00,53.84695466313315,53.99867040928984,53.51924809583503,53.89550018310547,2856900,0.0,0.0
2015-11-03 00:00:00-05:00,53.64061645373725,53.71950697142911,53.221879531379614,53.61027145385742,3445400,0.0,0.0
2015-11-04 00:00:00-05:00,53.50710794903375,53.66489362056803,53.17940138353815,53.4464225769043,3977500,0.0,0.0
2015-11-05 00:00:00-05:00,53.428227618002595,53.59814854437094,53.27044191637571,53.50105285644531,2631600,0.0,0.0
2015-11-06 00:00:00-05:00,53.01554596484191,53.01554596484191,51.65617429728094,52.41475296020508,5456200,0.0,0.0
2015-11-09 00:00:00-05:00,52.04457836751375,52.09312389449071,51.4195101439565,51.735076904296875,4030000,0.0,0.0
2015-11-10 00:00:00-05:00,51.75936325869006,51.87466874912527,51.4195213458269,51.55909729003906,2542000,0.0,0.0
2015-11-11 00:00:00-05:00,51.75328059125224,52.08705712351197,51.58335967664645,51.613704681396484,2558800,0.0,0.0
2015-11-12 00:00:00-05:00,51.29814517232988,51.53482144816352,50.83086254901697,50.988643646240234,3948200,0.0,0.0
2015-11-13 00:00:00-05:00,50.891529766666764,51.23744147934277,50.5334782016178,50.61237335205078,3471800,0.0,0.0
2015-11-16 00:00:00-05:00,50.612393233724795,51.19498136655917,50.56991299372642,51.18891143798828,3722600,0.0,0.0
2015-11-17 00:00:00-05:00,51.158555601195026,51.36488681028764,50.70340832584631,50.87939453125,3173900,0.0,0.0
2015-11-18 00:00:00-05:00,51.0250353023713,51.8746443143321,50.927935013005886,51.84429931640625,4186300,0.0,0.0
2015-11-19 00:00:00-05:00,51.996014897326226,52.487572378341945,51.9717398250543,52.34192657470703,4507800,0.0,0.0
2015-11-20 00:00:00-05:00,52.61501135326904,53.19153388380445,52.093108891098495,52.184139251708984,4823500,0.0,0.0
2015-11-23 00:00:00-05:00,52.32373100737289,52.65143759804507,52.141670247000306,52.54826736450195,3029100,0.0,0.0
2015-11-24 00:00:00-05:00,52.24483082116702,52.94879408817631,52.159870375837905,52.736392974853516,2821600,0.0,0.0
2015-11-25 00:00:00-05:00,52.56647759101314,52.96093485850832,52.39048675582418,52.90024948120117,2676000,0.0,0.0
2015-11-27 00:00:00-05:00,52.86990767914957,53.20974948688599,52.69391684871538,53.051963806152344,1944600,0.0,0.0
2015-11-30 00:00:00-05:00,53.349339115476376,53.59208065954098,52.91846222576591,53.03376770019531,5970500,0.0,0.0
2015-12-01 00:00:00-05:00,53.06409652831575,53.33111307136987,52.615014622730776,53.27042770385742,3857800,0.0,0.0
2015-12-02 00:00:00-05:00,53.13086463511478,53.270440551055174,52.79708808830451,52.979148864746094,3522600,0.0,0.0
2015-12-03 00:00:00-05:00,53.13692475978041,53.39787604461249,52.924523627939756,53.003414154052734,6056700,0.0,0.0
2015-12-04 00:00:00-05:00,53.04588831408816,54.47201520316118,53.04588831408816,54.43560028076172,7203500,0.0,0.0
2015-12-07 00:00:00-05:00,54.16251438298529,54.399190546023824,53.58599647404457,53.883358001708984,3931800,0.0,0.0
2015-12-08 00:00:00-05:00,53.7437827824583,53.96225382059813,53.44642122554458,53.87122344970703,4119400,0.0,0.0
2015-12-09 00:00:00-05:00,53.71344284948808,54.32637111648472,53.08837473027538,53.41607666015625,3841000,0.0,0.0
2015-12-10 00:00:00-05:00,53.35537876141018,53.59812481876792,52.93664655821392,53.24007797241211,4183800,0.0,0.0
2015-12-11 00:00:00-05:00,52.651428209724735,52.906309524800285,52.16593602196466,52.38440704345703,4740300,0.0,0.0
2015-12-14 00:00:00-05:00,52.420830838761766,53.0519689934097,52.1234692279173,52.894187927246094,4636800,0.0,0.0
2015-12-15 00:00:00-05:00,53.1794135484236,53.62849559090354,52.875981988368686,53.306854248046875,4904900,0.0,0.0
2015-12-16 00:00:00-05:00,53.4282319231842,54.78153414580666,53.40395684174724,54.70871353149414,5275200,0.0,0.0
2015-12-17 00:00:00-05:00,54.660142043737814,54.708692187670586,53.98652384415944,54.059349060058594,4878700,0.0,0.0
2015-12-18 00:00:00-05:00,53.84696431847941,53.84696431847941,52.748538970947266,52.748538970947266,10829200,0.0,0.0
2015-12-21 00:00:00-05:00,53.03099551398771,53.21521807512146,52.65027107396599,53.19065475463867,4058100,1.02,0.0
2015-12-22 00:00:00-05:00,53.38716942210655,53.90912722371828,52.95731823815095,53.82929992675781,4377800,0.0,0.0
2015-12-23 00:00:00-05:00,53.98894119385606,54.762669386005946,53.95209855588797,54.701263427734375,3043400,0.0,0.0
2015-12-24 00:00:00-05:00,54.49862558639272,54.793380777713686,54.42493561731877,54.5661735534668,1201700,0.0,0.0
2015-12-28 00:00:00-05:00,54.375801474873725,54.523176695031516,54.09332566585844,54.400360107421875,1860500,0.0,0.0
2015-12-29 00:00:00-05:00,54.676705196541846,54.946897060054425,54.55388858359306,54.873207092285156,2212100,0.0,0.0
2015-12-30 00:00:00-05:00,54.89775841983311,54.94688505427856,54.51703403034145,54.63985061645508,1790700,0.0,0.0
2015-12-31 00:00:00-05:00,54.33282245689175,54.431071052161734,53.95209802340666,53.98280334472656,2502100,0.0,0.0
2016-01-04 00:00:00-05:00,53.33189231304294,53.454708925409555,52.66255934430011,53.42400360107422,4703000,0.0,0.0
2016-01-05 00:00:00-05:00,53.44241637483883,54.17930187626698,53.3318837838733,53.95823669433594,3923500,0.0,0.0
2016-01-06 00:00:00-05:00,53.44241326599735,54.167014723514654,53.44241326599735,53.94594955444336,4861600,0.0,0.0
2016-01-07 00:00:00-05:00,53.22749933220725,54.32054136615723,53.22749933220725,53.577518463134766,6132500,0.0,0.0
2016-01-08 00:00:00-05:00,53.78018306667048,53.823167724395425,53.104707866003,53.245941162109375,5415200,0.0,0.0
2016-01-11 00:00:00-05:00,53.69420151305282,54.85479169207681,53.669638187811934,54.75653839111328,8021000,0.0,0.0
2016-01-12 00:00:00-05:00,55.026723594671495,55.192520163673954,54.136325416559856,54.70740509033203,4742600,0.0,0.0
2016-01-13 00:00:00-05:00,54.65215234288336,54.774964294382734,54.074925863889916,54.22844314575195,6109300,0.0,0.0
2016-01-14 00:00:00-05:00,54.277558674225915,54.6889837808858,53.39329781276912,53.96438217163086,8194700,0.0,0.0
2016-01-15 00:00:00-05:00,52.84064277804803,53.38716384897475,52.263416381124316,52.98801803588867,7420500,0.0,0.0
2016-01-19 00:00:00-05:00,53.08013318845359,53.933688841513884,53.08013318845359,53.712623596191406,5097300,0.0,0.0
2016-01-20 00:00:00-05:00,53.227489530149626,53.36258543036153,51.86425589706392,52.72395324707031,5729600,0.0,0.0
2016-01-21 00:00:00-05:00,52.453780720990984,52.93275386321652,52.00551290735955,52.687129974365234,5436400,0.0,0.0
2016-01-22 00:00:00-05:00,53.27048346796238,53.52839131252003,52.68711981694278,53.344173431396484,3677200,0.0,0.0
2016-01-25 00:00:00-05:00,53.4547119622799,53.79244712428238,53.12311411751339,53.22750473022461,3258800,0.0,0.0
2016-01-26 00:00:00-05:00,53.276633264757315,54.23457950469187,53.276633264757315,53.6143684387207,4544000,0.0,0.0
2016-01-27 00:00:00-05:00,53.8231394413008,54.88547600325394,53.55294762902424,54.093326568603516,4882900,0.0,0.0
2016-01-28 00:00:00-05:00,54.52319495405221,55.094279394006975,53.79859324190504,54.68899154663086,3856900,0.0,0.0
2016-01-29 00:00:00-05:00,54.56617757780152,55.41359120226318,54.24072172242803,55.27235794067383,8383100,0.0,0.0
2016-02-01 00:00:00-05:00,55.13726378602525,55.45657764930913,54.85479256870385,54.9039192199707,5985600,0.0,0.0
2016-02-02 00:00:00-05:00,54.35124592820251,54.92846757508766,54.222292006505576,54.867061614990234,5323000,0.0,0.0
2016-02-03 00:00:00-05:00,55.167964895278566,55.43815679455293,54.332835241565306,55.137264251708984,6023000,0.0,0.0
2016-02-04 00:00:00-05:00,53.841577408475494,55.48114073641119,53.841577408475494,54.71355438232422,6019900,0.0,0.0
2016-02-05 00:00:00-05:00,54.76883339505298,55.02674133441317,53.681928288501034,54.989898681640625,4557200,0.0,0.0
2016-02-08 00:00:00-05:00,54.82407315654865,55.444284085783224,54.43721141839839,55.09426498413086,5298500,0.0,0.0
2016-02-09 00:00:00-05:00,54.83022420593052,55.610089812001995,54.609158980513826,55.27849197387695,5114200,0.0,0.0
2016-02-10 00:00:00-05:00,55.41974065146972,55.50570995746064,54.676717543990605,54.793392181396484,3730600,0.0,0.0
2016-02-11 00:00:00-05:00,54.13019056424808,54.498631076786225,53.731044723592056,54.24686050415039,4181200,0.0,0.0
2016-02-12 00:00:00-05:00,54.67057022356382,54.9591834448816,54.19159708391957,54.68899154663086,4930400,0.0,0.0
2016-02-16 00:00:00-05:00,54.95918028541487,55.474996041540216,54.40651720029836,55.33990478515625,4482900,0.0,0.0
2016-02-17 00:00:00-05:00,55.303050628144696,56.61102054892708,55.11883274583381,56.021514892578125,6288600,0.0,0.0
2016-02-18 00:00:00-05:00,55.96625385643582,56.383821005402076,55.92326920955585,56.2794303894043,5886200,0.0,0.0
2016-02-19 00:00:00-05:00,56.23643526215774,56.61101769443588,55.74517823081697,56.45750045776367,4121500,0.0,0.0
2016-02-22 00:00:00-05:00,56.70311877538828,57.016295219543196,56.506616918952105,56.82593536376953,3796800,0.0,0.0
2016-02-23 00:00:00-05:00,56.752261299749236,56.9794685381357,56.37154148161125,56.52505874633789,3590000,0.0,0.0
2016-02-24 00:00:00-05:00,56.40224827251667,56.43909560585123,55.69606784079168,56.16276168823242,4534100,0.0,0.0
2016-02-25 00:00:00-05:00,56.20573331866805,56.789101664066095,56.10134271585114,56.77067565917969,3146400,0.0,0.0
2016-02-26 00:00:00-05:00,56.82594237239827,57.02858625449006,55.947823568308266,56.1566047668457,4025100,0.0,0.0
2016-02-29 00:00:00-05:00,55.880279393577524,56.35311046551893,55.56096557271738,55.89870071411133,4697700,0.0,0.0
2016-03-01 00:00:00-05:00,56.2487223729387,56.32855434545247,55.89256121011938,56.21187973022461,4489800,0.0,0.0
2016-03-02 00:00:00-05:00,56.05836646641863,56.426806974735584,55.75133192865863,56.22416305541992,3258500,0.0,0.0
2016-03-03 00:00:00-05:00,56.21186715823613,57.28648772348705,56.07062925112894,57.26806640625,4144100,0.0,0.0
2016-03-04 00:00:00-05:00,57.286499330908434,58.28129282803975,57.26193600795737,58.023380279541016,5729300,0.0,0.0
2016-03-07 00:00:00-05:00,57.734772326693246,57.83916762994592,57.16982990251215,57.66108703613281,4888800,0.0,0.0
2016-03-08 00:00:00-05:00,57.7654691019647,58.20759951976879,57.5751092162336,57.99881362915039,5455200,0.0,0.0
2016-03-09 00:00:00-05:00,58.25674103474173,58.993622129211225,58.12778707745835,58.95677947998047,6544300,0.0,0.0
2016-03-10 00:00:00-05:00,58.94449571775343,59.49101688016025,58.79712043524421,59.466453552246094,5428700,0.0,0.0
2016-03-11 00:00:00-05:00,59.558564261980536,59.65681757264952,58.98747977740025,59.251529693603516,7202800,0.0,0.0
2016-03-14 00:00:00-04:00,59.30680213453744,59.64453737030664,58.95064088811087,59.22083282470703,4625300,0.0,0.0
2016-03-15 00:00:00-04:00,58.89537691106675,59.380487437262936,58.827828926917704,59.22083282470703,5039700,0.0,0.0
2016-03-16 00:00:00-04:00,59.20240081485759,59.78576455271034,58.73570701359029,59.67523193359375,3936900,0.0,0.0
2016-03-17 00:00:00-04:00,59.74277850724546,60.99547993292175,59.74277850724546,60.73143005371094,7378200,0.0,0.0
2016-03-18 00:00:00-04:00,60.811241712520285,60.940195617828664,60.129624866623224,60.28314208984375,9472700,0.0,0.0
2016-03-21 00:00:00-04:00,60.227889579685645,60.68229933494936,60.031387684033106,60.54106140136719,3784300,0.0,0.0
2016-03-22 00:00:00-04:00,60.39835036283726,60.61552513235222,59.83370827037287,60.026058197021484,3655200,1.02,0.0
2016-03-23 00:00:00-04:00,60.02605355520367,60.367324108949504,59.740629425685036,60.23081588745117,3028900,0.0,0.0
2016-03-24 00:00:00-04:00,60.212203261155835,60.55967529851855,59.976419340652775,60.54106140136719,3674800,0.0,0.0
2016-03-28 00:00:00-04:00,60.72099685668946,60.93816685581477,60.447980438388534,60.72099685668945,3206800,0.0,0.0
2016-03-29 00:00:00-04:00,60.82029025962156,61.360117043807946,60.416976458304894,61.34150314331055,5005300,0.0,0.0
2016-03-30 00:00:00-04:00,61.44697915041198,61.757223419359995,61.20498899934868,61.23601531982422,3405300,0.0,0.0
2016-03-31 00:00:00-04:00,61.1367255309059,61.4345620664822,60.814073623486784,60.876121520996094,4380300,0.0,0.0
2016-04-01 00:00:00-04:00,60.66513837134713,61.94334747501764,60.52863492329785,61.893707275390625,4184600,0.0,0.0
2016-04-04 00:00:00-04:00,62.02403188619618,62.3466885675835,61.719993836926825,62.2722282409668,4198200,0.0,0.0
2016-04-05 00:00:00-04:00,62.04885764924404,62.30326023790297,61.97439731584217,62.21018600463867,3524300,0.0,0.0
2016-04-06 00:00:00-04:00,62.253621718290134,62.86169788887059,62.17916138285175,62.77482986450195,4763300,0.0,0.0
2016-04-07 00:00:00-04:00,62.725190591025665,62.762423126284986,62.16675463561172,62.40874481201172,3681000,0.0,0.0
2016-04-08 00:00:00-04:00,62.55144133202213,62.63830933936459,62.321863627167644,62.59487533569336,3710200,0.0,0.0
2016-04-11 00:00:00-04:00,62.84307470140742,63.16573137333852,62.104691869441616,62.25361251831055,4943700,0.0,0.0
2016-04-12 00:00:00-04:00,62.34048507573429,63.17814366741019,62.30325727777819,63.06024932861328,4464100,0.0,0.0
2016-04-13 00:00:00-04:00,63.221573066200676,63.28982718011104,61.65794412468957,62.25361251831055,5404200,0.0,0.0
2016-04-14 00:00:00-04:00,62.2970527930985,62.96718157858975,61.77583993751018,61.899940490722656,4302400,0.0,0.0
2016-04-15 00:00:00-04:00,61.96820669121476,62.34670516787899,61.540067983588976,62.117122650146484,6298100,0.0,0.0
2016-04-18 00:00:00-04:00,62.11712731326266,62.91135213245803,61.91236489563948,62.421165466308594,5078500,0.0,0.0
2016-04-19 00:00:00-04:00,61.211209465415436,61.88133837855467,60.23704242340771,61.602115631103516,7394400,0.0,0.0
2016-04-20 00:00:00-04:00,61.36010712943088,61.57107568020258,60.80787274545865,60.88853454589844,4209600,0.0,0.0
2016-04-21 00:00:00-04:00,60.69619583734305,60.83270408941737,59.51106505006149,59.827510833740234,5090800,0.0,0.0
2016-04-22 00:00:00-04:00,59.93919637508106,60.1687788557955,59.64756598264581,60.137752532958984,3660600,0.0,0.0
2016-04-25 00:00:00-04:00,59.932986050810186,60.52245300658615,59.69720210887094,60.5162467956543,3251100,0.0,0.0
2016-04-26 00:00:00-04:00,60.76444999772487,60.86372571404713,60.14396138536536,60.33631134033203,3714600,0.0,0.0
2016-04-27 00:00:00-04:00,60.416972076020606,60.95059261001812,59.821303633548204,60.35491943359375,3708500,0.0,0.0
2016-04-28 00:00:00-04:00,59.94539988234704,60.770650799468804,59.877145762347375,60.40456008911133,3207700,0.0,0.0
2016-04-29 00:00:00-04:00,60.44799843075191,61.16776748089346,60.441796953181694,60.88234329223633,4268300,0.0,0.0
2016-05-02 00:00:00-04:00,61.068466476390036,61.35389056897199,60.739608385674984,61.15533447265625,2899600,0.0,0.0
2016-05-03 00:00:00-04:00,61.10569686858146,61.33527453615902,60.78924647381577,61.13051223754883,2673000,0.0,0.0
2016-05-04 00:00:00-04:00,60.7582570447897,61.39115821852175,60.50385911986273,61.29187774658203,3159400,0.0,0.0
2016-05-05 00:00:00-04:00,61.620708488834886,62.0426408381216,61.26703025001744,61.54004669189453,5751400,0.0,0.0
2016-05-06 00:00:00-04:00,61.57108336101159,62.297053857386956,61.55246472724759,62.247413635253906,4065400,0.0,0.0
2016-05-09 00:00:00-04:00,62.266020040846556,62.45216848446496,62.06125769965662,62.29084014892578,4491700,0.0,0.0
2016-05-10 00:00:00-04:00,62.35908295186361,63.246381535462085,62.29703505989568,63.221561431884766,3117900,0.0,0.0
2016-05-11 00:00:00-04:00,63.21536882128376,63.52561308181333,63.0788653231702,63.165733337402344,3380000,0.0,0.0
2016-05-12 00:00:00-04:00,63.234001364878736,63.631113727004944,63.04785287402774,63.40153121948242,4916100,0.0,0.0
2016-05-13 00:00:00-04:00,63.12229462866696,63.5318145604083,62.47077983650178,62.60108184814453,3066700,0.0,0.0
2016-05-16 00:00:00-04:00,62.57004054787798,63.25258149392544,62.241182492391616,63.109867095947266,3001100,0.0,0.0
2016-05-17 00:00:00-04:00,62.78103062150399,62.96717907695115,61.54005354239456,61.9495735168457,4346600,0.0,0.0
2016-05-18 00:00:00-04:00,61.92475791101045,61.99921350575112,61.06848069987793,61.3973388671875,3408500,0.0,0.0
2016-05-19 00:00:00-04:00,61.142938120751225,61.180165916351086,60.311481058725086,61.03125,3466900,0.0,0.0
2016-05-20 00:00:00-04:00,61.22358955267546,61.2360019717408,60.70238156675141,60.83268356323242,3369500,0.0,0.0
2016-05-23 00:00:00-04:00,60.84510492248757,61.068481176356144,60.640347301401285,60.98161315917969,2365400,0.0,0.0
2016-05-24 00:00:00-04:00,61.2484092573267,61.657933872696375,61.173948945272905,61.329071044921875,3074400,0.0,0.0
2016-05-25 00:00:00-04:00,61.22358486942454,61.738591340371734,61.21117718525915,61.459373474121094,2543100,0.0,0.0
2016-05-26 00:00:00-04:00,61.4593789729101,61.533834552464924,61.09328834894565,61.4345588684082,2350500,0.0,0.0
2016-05-27 00:00:00-04:00,61.490406478107545,61.64552859572838,61.24841635333516,61.54004669189453,2059800,0.0,0.0
2016-05-31 00:00:00-04:00,61.626917251516645,61.80065327301558,60.913354534116124,61.22980499267578,5706400,0.0,0.0
2016-06-01 00:00:00-04:00,61.229814533341084,61.76343510192173,61.06848617368938,61.67656707763672,3472700,0.0,0.0
2016-06-02 00:00:00-04:00,61.515211785856,61.65792618267196,61.353883496835834,61.58967208862305,2523200,0.0,0.0
2016-06-03 00:00:00-04:00,61.77583204663896,62.80584520395068,61.744810462762395,62.743797302246094,4792500,0.0,0.0
2016-06-06 00:00:00-04:00,62.8058542993704,63.097484686961906,62.06126516923103,62.247413635253906,5121100,0.0,0.0
2016-06-07 00:00:00-04:00,62.33427429199219,62.61349695803534,62.18535837714012,62.33427429199219,5551400,0.0,0.0
2016-06-08 00:00:00-04:00,62.203962526112605,63.11608123779297,62.17293621231974,63.11608123779297,4124400,0.0,0.0
2016-06-09 00:00:00-04:00,62.84308364684969,63.29604240055414,62.52043166294205,63.15332794189453,4229900,0.0,0.0
2016-06-10 00:00:00-04:00,62.750001179206436,63.03542532512787,62.532831147956614,62.85548782348633,3608200,0.0,0.0
2016-06-13 00:00:00-04:00,62.59487294483264,63.03541917494276,62.365295248747046,62.402523040771484,3566000,0.0,0.0
2016-06-14 00:00:00-04:00,62.13573205385618,62.15434595563064,61.540063527310274,61.98060989379883,5161100,0.0,0.0
2016-06-15 00:00:00-04:00,62.14191688181211,62.23499109260883,61.583476350982764,61.83167266845703,3780100,0.0,0.0
2016-06-16 00:00:00-04:00,61.8130714502953,62.210183746117245,61.40975294342713,62.141929626464844,4575200,0.0,0.0
2016-06-17 00:00:00-04:00,62.272229519881755,62.66934180208975,61.81927080807637,62.50181198120117,6393800,0.0,0.0
2016-06-20 00:00:00-04:00,62.85547513315107,63.23397342574805,62.78101482291946,63.010597229003906,5045300,0.0,0.0
2016-06-21 00:00:00-04:00,63.22998440032577,63.392949621038504,62.96673620054771,63.211181640625,5413800,1.02,0.0
2016-06-22 00:00:00-04:00,63.305206180179674,63.787827925203096,63.217456771993604,63.32400894165039,3504300,0.0,0.0
2016-06-23 00:00:00-04:00,63.72514981325691,63.87558146746497,63.317739118248845,63.86931228637695,2722800,0.0,0.0
2016-06-24 00:00:00-04:00,62.14565473718697,62.72856423775665,60.87328356912232,61.24308395385742,14754900,0.0,0.0
2016-06-27 00:00:00-04:00,61.01116288492939,61.84478689771503,60.72911194862544,61.55019760131836,8140200,0.0,0.0
2016-06-28 00:00:00-04:00,61.99523281819519,62.05164110566603,60.84821648644451,61.76332092285156,6146600,0.0,0.0
2016-06-29 00:00:00-04:00,61.932550875434025,62.17699635299278,61.518875752636276,61.8134651184082,4488400,0.0,0.0
2016-06-30 00:00:00-04:00,62.10804703004772,63.869313967379505,62.007764039920346,63.756492614746094,7545500,0.0,0.0
2016-07-01 00:00:00-04:00,63.75648801797188,64.12002399268944,63.386682862453306,63.4807014465332,4767800,0.0,0.0
2016-07-05 00:00:00-04:00,63.49323128766423,64.65278091708706,63.47442374778506,64.08240509033203,5932400,0.0,0.0
2016-07-06 00:00:00-04:00,64.12001777382447,64.45221259430193,63.42428701388805,64.15762329101562,4240500,0.0,0.0
2016-07-07 00:00:00-04:00,64.29552719511007,64.50236713783066,63.71888685357162,63.794097900390625,3143000,0.0,0.0
2016-07-08 00:00:00-04:00,64.14507009694076,64.65903755027496,63.77526984478929,64.61515808105469,3403800,0.0,0.0
2016-07-11 00:00:00-04:00,64.54623383029602,64.97871164177398,63.99466071817499,64.79694366455078,4040100,0.0,0.0
2016-07-12 00:00:00-04:00,64.76560348020949,65.07272635632182,64.40206754735136,64.49608612060547,3669000,0.0,0.0
2016-07-13 00:00:00-04:00,64.37073396390291,64.77187546022527,64.1889707581807,64.70919799804688,4013800,0.0,0.0
2016-07-14 00:00:00-04:00,64.79693453581686,64.97243808984685,64.39579311914264,64.67784881591797,3059800,0.0,0.0
2016-07-15 00:00:00-04:00,64.815747680886,65.31090292399853,64.67158523024462,64.9536361694336,3531900,0.0,0.0
2016-07-18 00:00:00-04:00,64.86589212906807,65.01632377223476,64.49609176574661,64.55876922607422,4446500,0.0,0.0
2016-07-19 00:00:00-04:00,62.991816769728544,62.991816769728544,61.8636032132979,62.60947799682617,10017800,0.0,0.0
2016-07-20 00:00:00-04:00,62.91657597715013,63.36786122067973,62.377541356487825,62.45902633666992,5622900,0.0,0.0
2016-07-21 00:00:00-04:00,62.53427301249697,62.53427301249697,61.6567787408294,62.31489944458008,6596300,0.0,0.0
2016-07-22 00:00:00-04:00,62.25220694740109,62.62201211437731,62.20206306340703,62.57813262939453,3843600,0.0,0.0
2016-07-25 00:00:00-04:00,62.565604976723016,62.766175749716936,62.30862591537976,62.49665832519531,2957700,0.0,0.0
2016-07-26 00:00:00-04:00,62.5843954244208,62.67841400182023,61.87613106771428,62.02655792236328,4126200,0.0,0.0
2016-07-27 00:00:00-04:00,62.039085041930846,62.05161861838746,60.885799946634904,61.00489044189453,7059000,0.0,0.0
2016-07-28 00:00:00-04:00,61.023708085129336,62.208329801562606,60.766724276239174,62.11431121826172,6361100,0.0,0.0
2016-07-29 00:00:00-04:00,62.2334110074801,62.929141932705214,61.81346669246587,62.841392517089844,5582100,0.0,0.0
2016-08-01 00:00:00-04:00,62.51543903784169,62.916580442340916,62.22711895223179,62.772422790527344,4341600,0.0,0.0
2016-08-02 00:00:00-04:00,62.75362550452746,62.84763929347801,62.35874846300252,62.65960693359375,3923100,0.0,0.0
2016-08-03 00:00:00-04:00,62.4402435485936,62.62827593887045,61.8259929302611,62.070438385009766,3727100,0.0,0.0
2016-08-04 00:00:00-04:00,62.27727460796708,62.39636512876975,61.98895446779859,62.051631927490234,3873700,0.0,0.0
2016-08-05 00:00:00-04:00,62.05163761293806,62.35876054095564,61.82599491178683,62.00776290893555,5777700,0.0,0.0
2016-08-08 00:00:00-04:00,61.91374234346089,62.37756131125116,61.57527830253806,61.76958465576172,3888200,0.0,0.0
2016-08-09 00:00:00-04:00,61.84479726069569,62.19579967235858,61.66929844585627,61.675567626953125,3462800,0.0,0.0
2016-08-10 00:00:00-04:00,61.98895062793343,62.59693199144703,61.86359093433181,62.158180236816406,3321000,0.0,0.0
2016-08-11 00:00:00-04:00,62.358747067600255,62.62826441452154,61.945072059525174,61.96387481689453,2999600,0.0,0.0
2016-08-12 00:00:00-04:00,62.38382676764124,62.65961332866485,62.03909834834537,62.051631927490234,3060100,0.0,0.0
2016-08-15 00:00:00-04:00,62.1393809649219,62.16445290504901,61.76331142698245,61.807186126708984,5256700,0.0,0.0
2016-08-16 00:00:00-04:00,61.68808908611624,62.4653048019535,61.67555550836931,62.346214294433594,3374500,0.0,0.0
2016-08-17 00:00:00-04:00,62.490370991833416,62.91658435839003,62.33367497151088,62.86017608642578,3894400,0.0,0.0
2016-08-18 00:00:00-04:00,62.72228422281143,62.89778300437091,62.56558819899288,62.89151382446289,3256600,0.0,0.0
2016-08-19 00:00:00-04:00,62.703487197203,62.75363107708487,62.39009512091669,62.63454055786133,2912400,0.0,0.0
2016-08-22 00:00:00-04:00,62.65333621400872,62.7974986568288,62.49037101386058,62.753623962402344,2380400,0.0,0.0
2016-08-23 00:00:00-04:00,62.835117413943024,63.04195735210898,62.77243994897929,62.92286682128906,2101400,0.0,0.0
2016-08-24 00:00:00-04:00,62.7598991394043,62.91033078783186,62.30234935922607,62.7598991394043,2839300,0.0,0.0
2016-08-25 00:00:00-04:00,62.803775325383825,62.803775325383825,62.32742277339218,62.57813262939453,2397600,0.0,0.0
2016-08-26 00:00:00-04:00,62.653345995070744,62.9792764462493,61.96388435417059,62.11431121826172,2778300,0.0,0.0
2016-08-29 00:00:00-04:00,62.101786884057034,62.87899804321514,62.089248520692266,62.841392517089844,3024500,0.0,0.0
2016-08-30 00:00:00-04:00,62.71601520696408,62.83510571561232,62.3963587605659,62.65960693359375,2276600,0.0,0.0
2016-08-31 00:00:00-04:00,62.628271377380194,62.69094883624074,62.25220184223334,62.63454055786133,3143300,0.0,0.0
2016-09-01 00:00:00-04:00,62.55306519195457,63.09836438652362,62.43397466349285,63.0670280456543,3314400,0.0,0.0
2016-09-02 00:00:00-04:00,63.28012150847327,63.99465499253343,63.2237132354079,63.78781509399414,3531400,0.0,0.0
2016-09-06 00:00:00-04:00,63.71887631717435,64.17015686941822,63.58098304482898,64.15762329101562,3376200,0.0,0.0
2016-09-07 00:00:00-04:00,63.93197597514113,64.08867199468804,63.64992505274989,63.98838424682617,2959000,0.0,0.0
2016-09-08 00:00:00-04:00,63.994647146062675,64.05732459133361,63.22996988060267,63.50575637817383,3725200,0.0,0.0
2016-09-09 00:00:00-04:00,63.07956584170368,63.29267497098505,61.13653564453125,61.13653564453125,7231500,0.0,0.0
2016-09-12 00:00:00-04:00,61.43738305739148,63.29893283219618,61.36844119719851,63.079559326171875,6335900,0.0,0.0
2016-09-13 00:00:00-04:00,62.66588825095731,62.97928036011356,61.750779084075056,62.00776290893555,4377800,0.0,0.0
2016-09-14 00:00:00-04:00,62.158193590408935,62.3524999617389,61.6003559844944,61.8134651184082,4134900,0.0,0.0
2016-09-15 00:00:00-04:00,61.65675669220798,62.67841310429394,61.65675669220798,62.5217170715332,3870900,0.0,0.0
2016-09-16 00:00:00-04:00,62.18951691683325,62.28353548482789,61.731962436316934,61.95133590698242,5852300,0.0,0.0
2016-09-19 00:00:00-04:00,62.108038054664355,62.446502063652325,61.90746732141039,61.93880844116211,2530200,0.0,0.0
2016-09-20 00:00:00-04:00,62.17700031880981,62.653357723249584,61.95135758944279,62.18326950073242,2759400,0.0,0.0
2016-09-21 00:00:00-04:00,62.34622891114734,63.27386690535967,62.08924507824719,63.08583450317383,4491500,0.0,0.0
2016-09-22 00:00:00-04:00,63.36161548953708,63.98839971928176,63.305207204212465,63.756492614746094,4363800,0.0,0.0
2016-09-23 00:00:00-04:00,63.68125719863204,63.90063065517113,63.31772130952,63.63738250732422,3763500,0.0,0.0
2016-09-26 00:00:00-04:00,63.59939453099224,63.59939453099224,62.73181168798071,62.782474517822266,4534200,1.04,0.0
2016-09-27 00:00:00-04:00,62.95981648616824,63.01681340195647,62.46586576288905,62.90282440185547,3338700,0.0,0.0
2016-09-28 00:00:00-04:00,63.04845510137863,63.143446711477345,62.63049878100789,62.953468322753906,3974100,0.0,0.0
2016-09-29 00:00:00-04:00,63.02945055270616,63.04211867605976,61.85790037911717,61.921226501464844,5462500,0.0,0.0
2016-09-30 00:00:00-04:00,62.20622121118489,62.503854564637464,61.50328991573151,61.56661605834961,7048600,0.0,0.0
2016-10-03 00:00:00-04:00,61.64892379183495,62.066884922861874,61.49694012213141,61.69325256347656,4881200,0.0,0.0
2016-10-04 00:00:00-04:00,61.5602690998735,61.826241742042335,60.83200653362399,60.857337951660156,5558900,0.0,0.0
2016-10-05 00:00:00-04:00,60.983991710412866,61.08531254554863,60.395049559798,60.59136199951172,4646400,0.0,0.0
2016-10-06 00:00:00-04:00,60.306390037884725,60.8193379217066,60.16073560478268,60.5660285949707,3175200,0.0,0.0
2016-10-07 00:00:00-04:00,60.724343853412215,61.148634180361405,60.60402084101905,60.80666732788086,4056300,0.0,0.0
2016-10-10 00:00:00-04:00,61.07265457468373,61.192972774924584,60.85100586753,60.95233154296875,2205500,0.0,0.0
2016-10-11 00:00:00-04:00,60.92067579600695,60.9523412825099,60.255744062719046,60.49005126953125,4611400,0.0,0.0
2016-10-12 00:00:00-04:00,60.502724588940254,61.06633551044144,60.41406701689346,60.85102081298828,4133900,0.0,0.0
2016-10-13 00:00:00-04:00,60.74969231188799,61.22464560167191,60.43939084870875,60.92067337036133,4769000,0.0,0.0
2016-10-14 00:00:00-04:00,61.00299106213027,61.262629636238024,60.68002152858143,60.68635559082031,3156300,0.0,0.0
2016-10-17 00:00:00-04:00,60.68636924072736,60.78136086978115,60.32540491550291,60.48372268676758,4097900,0.0,0.0
2016-10-18 00:00:00-04:00,61.408283080314575,61.490606562185896,60.743346668786806,61.14863967895508,6262300,0.0,0.0
2016-10-19 00:00:00-04:00,60.939651624416875,61.28161360704718,60.59768481031376,60.781333923339844,5552000,0.0,0.0
2016-10-20 00:00:00-04:00,60.768684746295676,60.97766533642063,60.43938595124445,60.52170944213867,3872600,0.0,0.0
2016-10-21 00:00:00-04:00,60.743335437522575,61.610918193720984,60.66734603183736,60.99031066894531,5274800,0.0,0.0
2016-10-24 00:00:00-04:00,61.29428697712817,61.43360733904102,61.05364579021622,61.37028121948242,4105300,0.0,0.0
2016-10-25 00:00:00-04:00,61.52226869239234,61.52226869239234,60.94598985624183,61.16130447387695,3456300,0.0,0.0
2016-10-26 00:00:00-04:00,61.16132029810994,61.408295625653224,60.6926962337934,60.825687408447266,3312900,0.0,0.0
2016-10-27 00:00:00-04:00,60.99666051199724,61.35762477681548,60.59136747190218,60.654693603515625,3612900,0.0,0.0
2016-10-28 00:00:00-04:00,60.86365843848803,61.256288083262255,60.654677909907896,60.99031066894531,4147000,0.0,0.0
2016-10-31 00:00:00-04:00,61.09798995932227,61.11065325383701,60.819349165253676,61.07265853881836,3327200,0.0,0.0
2016-11-01 00:00:00-04:00,61.192946256119754,61.262606419927174,60.635669777132435,60.84465026855469,3978500,0.0,0.0
2016-11-02 00:00:00-04:00,60.88267948489197,61.123320749005366,60.73069578289798,60.825687408447266,3820900,0.0,0.0
2016-11-03 00:00:00-04:00,60.977650008436385,61.16129913255121,60.718006643885836,60.93965530395508,2569900,0.0,0.0
2016-11-04 00:00:00-04:00,60.8890076269346,61.16764358158076,60.36972560010283,60.471046447753906,3138800,0.0,0.0
2016-11-07 00:00:00-05:00,61.02831014002011,61.64891283267978,60.983981376258704,61.63624954223633,4785200,0.0,0.0
2016-11-08 00:00:00-05:00,61.553920812658156,62.1935256837082,61.553920812658156,61.97188186645508,3227000,0.0,0.0
2016-11-09 00:00:00-05:00,60.81933670842547,60.838334062043806,58.95751875025247,59.749107360839844,8933900,0.0,0.0
2016-11-10 00:00:00-05:00,58.71055590657412,58.88787101980914,57.007055310256526,57.31102752685547,14941100,0.0,0.0
2016-11-11 00:00:00-05:00,57.28568142207348,57.4756646126835,56.171123355539365,56.32944107055664,7938900,0.0,0.0
2016-11-14 00:00:00-05:00,56.48776814735959,56.62075930171133,55.03124782669376,55.30355453491211,12032500,0.0,0.0
2016-11-15 00:00:00-05:00,55.41120529174805,55.90515583445584,55.24022426983907,55.41120529174805,8715900,0.0,0.0
2016-11-16 00:00:00-05:00,55.59485775901819,56.18379994084867,55.33521434817485,55.677181243896484,8201800,0.0,0.0
2016-11-17 00:00:00-05:00,55.75950658214455,56.829731154297775,55.68984639424731,56.5320930480957,8751100,0.0,0.0
2016-11-18 00:00:00-05:00,56.6017628868588,56.88040368595731,55.89883165747811,56.418113708496094,6471000,0.0,0.0
2016-11-21 00:00:00-05:00,56.41810836040145,56.79174074481769,56.33578487368725,56.753746032714844,5408600,0.0,0.0
2016-11-22 00:00:00-05:00,56.931058637735745,57.14636843885398,56.48776607956323,56.994384765625,4837600,0.0,0.0
2016-11-23 00:00:00-05:00,56.83607156988376,56.83607156988376,56.06981424882992,56.29145812988281,4896600,0.0,0.0
2016-11-25 00:00:00-05:00,56.31043068091998,56.68406291422429,56.31043068091998,56.544742584228516,3850500,0.0,0.0
2016-11-28 00:00:00-05:00,56.59540462488808,57.21600720994122,56.544741808952956,57.14634704589844,5077200,0.0,0.0
2016-11-29 00:00:00-05:00,57.076701974391135,57.38700818044263,56.99437850033217,57.37434005737305,4130700,0.0,0.0
2016-11-30 00:00:00-05:00,57.108378671210296,57.380685393029026,55.88616545441566,55.9051628112793,8426700,0.0,0.0
2016-12-01 00:00:00-05:00,55.63284285042292,55.791160561910445,54.955243238515216,55.58218002319336,6168900,0.0,0.0
2016-12-02 00:00:00-05:00,55.82916243261956,56.17112445203574,55.4998588733304,55.778499603271484,4818400,0.0,0.0
2016-12-05 00:00:00-05:00,55.6771716163805,55.93048092105517,55.45552778659258,55.58218002319336,5204400,0.0,0.0
2016-12-06 00:00:00-05:00,55.556868809750355,56.02548801257511,55.51886926307981,55.84183883666992,3541800,0.0,0.0
2016-12-07 00:00:00-05:00,55.924168849195475,56.924738338774645,55.6645302126319,56.91207504272461,4960600,0.0,0.0
2016-12-08 00:00:00-05:00,56.5890882782701,56.867729021660026,56.17746122502777,56.60808563232422,4247100,0.0,0.0
2016-12-09 00:00:00-05:00,56.690391365426386,57.329996130059236,56.61440197299574,57.14634704589844,4298000,0.0,0.0
2016-12-12 00:00:00-05:00,57.26037770095773,57.659341627896644,57.209714848096354,57.51368713378906,3805100,0.0,0.0
2016-12-13 00:00:00-05:00,57.69732572328739,58.362262258046165,57.63399958461387,58.27993392944336,4900400,0.0,0.0
2016-12-14 00:00:00-05:00,58.42558973369599,58.65989693529727,57.12738211954516,57.45035171508789,6652000,0.0,0.0
2016-12-15 00:00:00-05:00,57.17803991240265,57.48200729072496,56.836072988184284,56.93106460571289,5550500,0.0,0.0
2016-12-16 00:00:00-05:00,57.04503891632601,57.89995359136845,56.75373490720275,57.82395935058594,7723600,0.0,0.0
2016-12-19 00:00:00-05:00,57.975953650767316,57.975953650767316,57.43134028251668,57.9189567565918,4334400,0.0,0.0
2016-12-20 00:00:00-05:00,57.91895783446358,58.117533125053725,56.94531678977127,58.09831237792969,4586800,1.04,0.0
2016-12-21 00:00:00-05:00,58.13673826847342,58.73245425634273,58.059869955281165,58.48904037475586,4294400,0.0,0.0
2016-12-22 00:00:00-05:00,58.296889135907314,58.71965272942666,58.13675044848963,58.68122100830078,3682200,0.0,0.0
2016-12-23 00:00:00-05:00,58.758098211939725,58.764500241731014,58.46984559882563,58.66201400756836,2547100,0.0,0.0
2016-12-27 00:00:00-05:00,58.62996673362703,58.79651231213863,58.348121121844954,58.50185775756836,1990800,0.0,0.0
2016-12-28 00:00:00-05:00,58.309665524355765,58.495426884488865,58.04063385259425,58.252017974853516,2290700,0.0,0.0
2016-12-29 00:00:00-05:00,58.25845036687423,58.93103478389967,58.13034137650973,58.758087158203125,3107600,0.0,0.0
2016-12-30 00:00:00-05:00,58.79652707247,59.02712719690099,58.48265658140103,58.6043586730957,3314600,0.0,0.0
2017-01-03 00:00:00-05:00,58.796533420647144,58.93104935991448,58.23924891192881,58.43782424926758,5020900,0.0,0.0
2017-01-04 00:00:00-05:00,57.98942198627235,58.367351838186785,57.726797074371476,57.91896057128906,6695000,0.0,0.0
2017-01-05 00:00:00-05:00,58.09190423469489,58.77729753196645,57.989413142333696,58.37374496459961,4840100,0.0,0.0
2017-01-06 00:00:00-05:00,58.54031212430092,58.905428223093075,58.11754843008972,58.82855987548828,3826100,0.0,0.0
2017-01-09 00:00:00-05:00,58.348117577425334,58.57231560247511,58.1815768960746,58.48904037475586,3529300,0.0,0.0
2017-01-10 00:00:00-05:00,58.71325005576204,58.71325005576204,57.848497243568076,57.98301315307617,4203400,0.0,0.0
2017-01-11 00:00:00-05:00,58.06628240563756,58.26485279151035,57.861305104626965,57.931766510009766,3603500,0.0,0.0
2017-01-12 00:00:00-05:00,57.93816785833841,58.200797618419216,57.810058879351466,57.97660446166992,3000700,0.0,0.0
2017-01-13 00:00:00-05:00,57.9189521315866,58.09830665739291,57.630704484689936,57.90614318847656,3054600,0.0,0.0
2017-01-17 00:00:00-05:00,58.053485728489605,59.28975681497336,57.746022129649276,59.16164779663086,6363300,0.0,0.0
2017-01-18 00:00:00-05:00,59.31535902858436,59.904668127891554,59.27692731381688,59.88545227050781,5236800,0.0,0.0
2017-01-19 00:00:00-05:00,59.80220688506215,60.19294577175634,59.718936505964386,60.1160774230957,5563300,0.0,0.0
2017-01-20 00:00:00-05:00,60.29542481675638,60.647731930576526,60.25699309053802,60.5772705078125,5628700,0.0,0.0
2017-01-23 00:00:00-05:00,60.60288660268509,60.73099560064527,60.41712513471131,60.698970794677734,3350300,0.0,0.0
2017-01-24 00:00:00-05:00,60.80146315471073,61.45483181659479,60.77584037512258,61.35234069824219,4945300,0.0,0.0
2017-01-25 00:00:00-05:00,61.28185715893237,62.11458009035036,61.166557135921316,61.74305725097656,5353000,0.0,0.0
2017-01-26 00:00:00-05:00,61.851959233282905,62.06334345363686,61.65979575872476,61.72385025024414,3524500,0.0,0.0
2017-01-27 00:00:00-05:00,61.864768689824444,62.03130937859111,61.38435270682899,61.69822311401367,3055200,0.0,0.0
2017-01-30 00:00:00-05:00,61.819950865374196,61.82635289529695,61.25625946124423,61.46764373779297,3403200,0.0,0.0
2017-01-31 00:00:00-05:00,61.56371006927896,61.74306459595584,61.333109995824586,61.57651901245117,4173400,0.0,0.0
2017-02-01 00:00:00-05:00,61.243425939123,62.13379644568006,60.980796206303545,61.461212158203125,5263800,0.0,0.0
2017-02-02 00:00:00-05:00,62.7295101361571,63.61988061027621,62.293932826822,63.31241226196289,6169600,0.0,0.0
2017-02-03 00:00:00-05:00,63.530208851988476,64.97145677976766,63.47896330833243,64.7664794921875,6655200,0.0,0.0
2017-02-06 00:00:00-05:00,64.58711185099091,64.59351387736388,64.00420490621123,64.05545043945312,5905700,0.0,0.0
2017-02-07 00:00:00-05:00,64.0554688451868,65.19565540870401,64.0170371277339,65.09957122802734,5450100,0.0,0.0
2017-02-08 00:00:00-05:00,64.98427281668503,65.97072764806005,64.94584109826931,65.74012756347656,4881500,0.0,0.0
2017-02-09 00:00:00-05:00,65.54796272584852,65.91948561964914,65.16363088852297,65.82980346679688,3125800,0.0,0.0
2017-02-10 00:00:00-05:00,65.5415571689359,65.87464346497617,65.20206395747813,65.74012756347656,3412700,0.0,0.0
2017-02-13 00:00:00-05:00,65.85541698450835,66.06039426140747,65.46467828681885,65.8041763305664,2886500,0.0,0.0
2017-02-14 00:00:00-05:00,65.76574693987922,65.90666974951459,65.20206058838204,65.70809936523438,3311900,0.0,0.0
2017-02-15 00:00:00-05:00,65.52235729180714,66.0027734373641,65.18926602747536,65.93231201171875,3396000,0.0,0.0
2017-02-16 00:00:00-05:00,65.91307081426092,66.06039563886209,65.54154796493332,65.97071838378906,4888600,0.0,0.0
2017-02-17 00:00:00-05:00,65.93228011255495,66.4447257080374,65.82978903864111,66.39988708496094,5093000,0.0,0.0
2017-02-21 00:00:00-05:00,66.21414546266301,67.09810924759107,66.00916814063426,66.97640228271484,4570200,0.0,0.0
2017-02-22 00:00:00-05:00,66.93154580979552,67.17495967468115,66.48956647863605,66.95716857910156,3660500,0.0,0.0
2017-02-23 00:00:00-05:00,67.22620956793202,68.32796436433388,67.10450750580219,68.23188018798828,4286100,0.0,0.0
2017-02-24 00:00:00-05:00,68.18063258815049,69.03256648450377,67.77067803871986,69.00054168701172,5549700,0.0,0.0
2017-02-27 00:00:00-05:00,68.87884050392144,69.75640213084417,68.68667704178584,69.62828826904297,5557300,0.0,0.0
2017-02-28 00:00:00-05:00,69.37846982082281,70.45460178554339,69.37206779324899,70.04464721679688,7336600,0.0,0.0
2017-03-01 00:00:00-05:00,69.82045886287551,70.6531818867,69.61548156444792,70.60193634033203,5140700,0.0,0.0
2017-03-02 00:00:00-05:00,70.46104054654813,70.65320897558445,70.15357203749925,70.33293151855469,4419500,0.0,0.0
2017-03-03 00:00:00-05:00,70.21121101064338,70.6211656857923,69.99341984050758,70.59554290771484,3722400,0.0,0.0
2017-03-06 00:00:00-05:00,70.3393037065465,70.56990376873618,70.1151105591521,70.2880630493164,7192100,0.0,0.0
2017-03-07 00:00:00-05:00,70.15355608741017,70.87097918738037,70.14074714234152,70.8133316040039,3929100,0.0,0.0
2017-03-08 00:00:00-05:00,70.58272347618156,70.78129386797504,70.07027776485353,70.28166198730469,3681100,0.0,0.0
2017-03-09 00:00:00-05:00,70.44820213895356,70.78128840467616,70.27524964773589,70.64036560058594,3465900,0.0,0.0
2017-03-10 00:00:00-05:00,70.78130776269145,70.9158236887362,70.52508485672965,70.80693054199219,5141600,0.0,0.0
2017-03-13 00:00:00-04:00,70.89017150693552,71.16561016137022,70.71081701326518,71.11436462402344,3166300,0.0,0.0
2017-03-14 00:00:00-04:00,70.92223696807024,71.34500064684661,70.73006854959723,70.95426177978516,3518600,0.0,0.0
2017-03-15 00:00:00-04:00,71.10158279060481,72.22896060682852,71.07596001216277,72.01116943359375,3665600,0.0,0.0
2017-03-16 00:00:00-04:00,72.25456535508789,72.35064464146363,71.76133554548676,72.19050598144531,4002000,0.0,0.0
2017-03-17 00:00:00-04:00,72.51080707427984,73.3179075537539,72.20975039986043,72.38269805908203,8831000,0.0,0.0
2017-03-20 00:00:00-04:00,72.40829381376341,73.0936870520505,72.38267104287819,73.02963256835938,5682600,0.0,0.0
2017-03-21 00:00:00-04:00,73.24297648617197,74.11568525786768,73.17186640761564,73.36579895019531,6947200,1.04,0.0
2017-03-22 00:00:00-04:00,73.63084157149099,73.7601299245509,72.95206538784015,73.04903411865234,5343100,0.0,0.0
2017-03-23 00:00:00-04:00,72.93912209368737,73.57264178581052,72.84215338472019,73.01669311523438,4522100,0.0,0.0
2017-03-24 00:00:00-04:00,72.60944136366585,72.60944136366585,71.11613979015586,72.2668228149414,6601600,0.0,0.0
2017-03-27 00:00:00-04:00,71.90483118930428,72.77107417736858,71.62685673617229,72.64824676513672,4521600,0.0,0.0
2017-03-28 00:00:00-04:00,72.49309353721445,73.0167178380852,72.13754312795956,72.91975402832031,4000900,0.0,0.0
2017-03-29 00:00:00-04:00,72.8809339814421,73.39163121100388,72.7063942626964,73.3075942993164,3613200,0.0,0.0
2017-03-30 00:00:00-04:00,73.15248240792734,73.73428503738289,72.96501080855604,73.38520050048828,2968100,0.0,0.0
2017-03-31 00:00:00-04:00,73.39811890881731,73.5144803998899,72.96499749894939,72.98439025878906,3790700,0.0,0.0
2017-04-03 00:00:00-04:00,72.99085998535156,73.30761992076485,72.75813699099716,72.99085998535156,3333400,0.0,0.0
2017-04-04 00:00:00-04:00,73.15892202526014,73.4821478059836,73.07488509780428,73.33992767333984,7336000,0.0,0.0
2017-04-05 00:00:00-04:00,73.3722734638084,73.73428486476175,73.08783311618194,73.171875,4072800,0.0,0.0
2017-04-06 00:00:00-04:00,73.29467866538018,73.54679438805114,72.64822708272969,72.78398132324219,4358900,0.0,0.0
2017-04-07 00:00:00-04:00,72.9585320772694,73.70841341082105,72.9391393173033,73.43690490722656,5636900,0.0,0.0
2017-04-10 00:00:00-04:00,73.43688997298034,73.67607880533437,72.9391244842835,73.08134460449219,4973500,0.0,0.0
2017-04-11 00:00:00-04:00,73.35934709958862,73.48863547737277,73.04904808805702,73.320556640625,3587100,0.0,0.0
2017-04-12 00:00:00-04:00,73.49509777447035,73.6631716709467,73.2106574388408,73.55327606201172,4141800,0.0,0.0
2017-04-13 00:00:00-04:00,73.35932008628349,73.5532525815474,73.01023567636805,73.08780670166016,3098300,0.0,0.0
2017-04-17 00:00:00-04:00,73.13954454402801,74.25790814901615,73.13954454402801,74.17386627197266,4105500,0.0,0.0
2017-04-18 00:00:00-04:00,74.14153137815228,74.74919249391233,74.07042131162174,74.4776840209961,5275000,0.0,0.0
2017-04-19 00:00:00-04:00,74.39366883867352,74.43892026405328,73.50802816248617,73.63732147216797,3688400,0.0,0.0
2017-04-20 00:00:00-04:00,70.56021506174477,71.58161009095818,70.17880593451675,71.09677124023438,9707200,0.0,0.0
2017-04-21 00:00:00-04:00,70.96748154762923,71.28424156532017,70.7864758232344,70.86405181884766,4695700,0.0,0.0
2017-04-24 00:00:00-04:00,71.41999613392024,72.88743953132885,71.32948834558803,72.65471649169922,4382900,0.0,0.0
2017-04-25 00:00:00-04:00,72.64822821297467,73.33993121989069,72.40257838327803,73.10720825195312,3827400,0.0,0.0
2017-04-26 00:00:00-04:00,72.95851990079296,73.04902272021992,71.81429793341346,71.85308837890625,3778400,0.0,0.0
2017-04-27 00:00:00-04:00,71.8854106860958,72.04056260980536,71.10967079568373,71.23249816894531,5509600,0.0,0.0
2017-04-28 00:00:00-04:00,71.19370706641597,71.6979434157779,70.93513039334901,71.6526870727539,3694300,0.0,0.0
2017-05-01 00:00:00-04:00,71.75613412275078,71.8078514391402,71.45230105400636,71.4652328491211,2350200,0.0,0.0
2017-05-02 00:00:00-04:00,71.49755775930865,71.64624382191327,71.2713006484191,71.41352081298828,2926300,0.0,0.0
2017-05-03 00:00:00-04:00,71.36827404492587,71.67210715594922,71.0773677987813,71.5040283203125,2915500,0.0,0.0
2017-05-04 00:00:00-04:00,71.68502331899572,72.24097213445903,71.465232124621,71.88542175292969,3496000,0.0,0.0
2017-05-05 00:00:00-04:00,72.08582849093746,72.59652591191693,71.9694669908151,72.56420135498047,2883200,0.0,0.0
2017-05-08 00:00:00-04:00,72.46076809310793,72.82278439593155,72.33147972697915,72.80985260009766,3688200,0.0,0.0
2017-05-09 00:00:00-04:00,73.01025554036623,73.01025554036623,71.71735215871023,72.35733795166016,4491600,0.0,0.0
2017-05-10 00:00:00-04:00,72.2086577237035,72.47370530572303,71.51695455594218,71.64624786376953,3623800,0.0,0.0
2017-05-11 00:00:00-04:00,71.58161528576521,72.02120273960455,71.1678815656492,71.87898254394531,3581600,0.0,0.0
2017-05-12 00:00:00-04:00,71.73027205776312,72.273293989992,71.62684236193137,72.2151107788086,2407500,0.0,0.0
2017-05-15 00:00:00-04:00,72.3314818468604,72.70642502447167,72.17633481655183,72.63531494140625,2332000,0.0,0.0
2017-05-16 00:00:00-04:00,73.01672320021656,73.92822253522503,72.79693197256188,73.38520050048828,3851100,0.0,0.0
2017-05-17 00:00:00-04:00,73.38518846348992,74.16739929299187,73.11367995667344,73.53387451171875,4562800,0.0,0.0
2017-05-18 00:00:00-04:00,73.55328435771023,73.88297615373462,73.23652435951035,73.42399597167969,3350700,0.0,0.0
2017-05-19 00:00:00-04:00,73.68902749962032,74.51648488197603,73.37226754931994,74.17386627197266,4236100,0.0,0.0
2017-05-22 00:00:00-04:00,74.3613210523696,75.2275686945514,74.25789136896466,75.13059997558594,3687600,0.0,0.0
2017-05-23 00:00:00-04:00,75.10475329831976,76.01624756506527,75.05303598235322,75.28575897216797,3796000,0.0,0.0
2017-05-24 00:00:00-04:00,75.54432647370167,75.97098192044434,75.14999064435996,75.91280364990234,2618600,0.0,0.0
2017-05-25 00:00:00-04:00,76.14552483716903,77.43196197600771,76.04855612313858,77.23802947998047,3072900,0.0,0.0
2017-05-26 00:00:00-04:00,77.08936651641328,77.4966293187032,76.90189492842852,77.46430969238281,2243100,0.0,0.0
2017-05-30 00:00:00-04:00,77.08935595441979,77.69702205759455,76.92127715166272,77.5418701171875,2860300,0.0,0.0
2017-05-31 00:00:00-04:00,77.88450312555288,78.29176592174949,77.42551807754019,77.44491577148438,4719000,0.0,0.0
2017-06-01 00:00:00-04:00,77.57419838507997,78.17539861984572,77.10875240564393,78.156005859375,4730000,0.0,0.0
2017-06-02 00:00:00-04:00,78.44690582942562,78.75073889052018,77.91681567986743,78.7313461303711,3133300,0.0,0.0
2017-06-05 00:00:00-04:00,78.54387658683524,78.86710241641069,78.09782336376999,78.84770965576172,2625500,0.0,0.0
2017-06-06 00:00:00-04:00,78.71840990776174,79.44890337918511,78.51154559108306,78.86709594726562,3583100,0.0,0.0
2017-06-07 00:00:00-04:00,78.8412390406324,79.4295123826363,78.589123303212,79.06103515625,3235800,0.0,0.0
2017-06-08 00:00:00-04:00,79.0610423825876,79.0610423825876,77.9103542500675,78.29176330566406,4088500,0.0,0.0
2017-06-09 00:00:00-04:00,78.20126981108521,78.5438884530717,77.4384565407616,77.65178680419922,4160000,0.0,0.0
2017-06-12 00:00:00-04:00,77.65179085161235,77.77461333802496,76.83726021459954,77.03765869140625,4786700,0.0,0.0
2017-06-13 00:00:00-04:00,76.84370982254124,76.93421265946313,76.30715376647959,76.72734832763672,4336000,0.0,0.0
2017-06-14 00:00:00-04:00,76.92774367680877,77.7228813487735,76.86956539770709,77.41258239746094,3780300,0.0,0.0
2017-06-15 00:00:00-04:00,77.0764578096087,78.13017257095734,76.94069857816206,77.90391540527344,3854700,0.0,0.0
2017-06-16 00:00:00-04:00,77.49660462910185,78.84769083895188,77.49660462910185,78.7636489868164,7117900,0.0,0.0
2017-06-19 00:00:00-04:00,78.90588401348548,79.50062325867258,78.68609282768172,79.44890594482422,2983900,0.0,0.0
2017-06-20 00:00:00-04:00,79.33901132286941,79.86910146621604,78.8735653566071,78.9382095336914,3051700,0.0,0.0
2017-06-21 00:00:00-04:00,78.95777025329096,79.4402523511576,78.33184632174475,78.36444854736328,3180600,1.04,0.0
2017-06-22 00:00:00-04:00,78.33836681820064,78.37748550895073,78.01236446354679,78.05148315429688,2209900,0.0,0.0
2017-06-23 00:00:00-04:00,78.14276390962343,78.3383673134127,77.88196102937147,77.95368194580078,3391400,0.0,0.0
2017-06-26 00:00:00-04:00,78.03843494472942,78.31227569262471,77.86891234986068,77.92107391357422,1789400,0.0,0.0
2017-06-27 00:00:00-04:00,77.97975053768279,78.37095230968848,76.83222102865243,77.02782440185547,3972400,0.0,0.0
2017-06-28 00:00:00-04:00,77.39295208190055,77.93411715005733,77.19735366619145,77.54291534423828,1848000,0.0,0.0
2017-06-29 00:00:00-04:00,77.19736946634931,77.22345025532871,76.10852264206933,76.33672332763672,3227300,0.0,0.0
2017-06-30 00:00:00-04:00,76.43449743915362,77.1973415873004,76.34321222349155,76.57793426513672,3222900,0.0,0.0
2017-07-03 00:00:00-04:00,76.84529973225003,76.89093987735504,76.06289582347763,76.21937561035156,1632700,0.0,0.0
2017-07-05 00:00:00-04:00,75.74338237372561,77.40599629511492,75.74338237372561,77.28863525390625,3667900,0.0,0.0
2017-07-06 00:00:00-04:00,77.07348413342025,77.34732494605015,76.85180489683461,77.16476440429688,3831000,0.0,0.0
2017-07-07 00:00:00-04:00,77.30167365366697,77.36035666184748,76.5518722474565,76.87135314941406,2713100,0.0,0.0
2017-07-10 00:00:00-04:00,76.92353248561955,77.56901587829225,76.84529011477355,77.0408935546875,2492400,0.0,0.0
2017-07-11 00:00:00-04:00,77.16476330916052,77.16476330916052,76.27803642659921,76.42147827148438,3465600,0.0,0.0
2017-07-12 00:00:00-04:00,77.03437101295465,77.32124975315392,76.65620702087146,77.08653259277344,2949200,0.0,0.0
2017-07-13 00:00:00-04:00,77.14520295190992,77.22996177986789,76.57144055428357,76.61708068847656,3770400,0.0,0.0
2017-07-14 00:00:00-04:00,76.94960646808042,77.90805434689884,76.93656856045112,77.67333221435547,3826800,0.0,0.0
2017-07-17 00:00:00-04:00,77.87544568155367,78.01236607641091,77.45816305692175,77.58856201171875,2841200,0.0,0.0
2017-07-18 00:00:00-04:00,77.58856149436143,78.24056621280144,77.36688227780441,78.00584411621094,3217800,0.0,0.0
2017-07-19 00:00:00-04:00,77.92110613126876,79.34247699654719,77.8624231042275,79.29683685302734,5003800,0.0,0.0
2017-07-20 00:00:00-04:00,77.36689581234107,78.99690789359482,76.64317005031225,78.14929962158203,6564100,0.0,0.0
2017-07-21 00:00:00-04:00,77.96020677019948,78.13624586173113,77.40600373460556,77.96672821044922,3543600,0.0,0.0
2017-07-24 00:00:00-04:00,77.86892120724458,78.24056368577598,77.48423584910097,77.51683807373047,3935500,0.0,0.0
2017-07-25 00:00:00-04:00,77.93412612181325,78.07104652089211,76.78007991563345,76.81919860839844,4991700,0.0,0.0
2017-07-26 00:00:00-04:00,76.89093459130699,77.32125521922758,76.61057229796387,76.7083740234375,4110900,0.0,0.0
2017-07-27 00:00:00-04:00,76.70837210401197,77.4320978902441,76.59101103126075,77.06045532226562,4439800,0.0,0.0
2017-07-28 00:00:00-04:00,77.07347009898069,77.53639280967543,71.27062764234952,77.26907348632812,15993900,0.0,0.0
2017-07-31 00:00:00-04:00,76.36933035969047,77.09957762139258,76.03029000835888,76.09548950195312,6421800,0.0,0.0
2017-08-01 00:00:00-04:00,76.2910822597419,76.53232084965484,75.41739324999803,75.55431365966797,5708400,0.0,0.0
2017-08-02 00:00:00-04:00,75.50864601234814,75.50864601234814,74.25027702072883,74.6284408569336,5701500,0.0,0.0
2017-08-03 00:00:00-04:00,74.84365188367988,75.31961273107731,74.43940700727937,74.6480484008789,4265500,0.0,0.0
2017-08-04 00:00:00-04:00,75.2609004748269,75.27393837970148,74.26985554912778,74.82405853271484,4568000,0.0,0.0
2017-08-07 00:00:00-04:00,74.81755686914832,75.56084200349095,74.7719167284221,75.5412826538086,3844900,0.0,0.0
2017-08-08 00:00:00-04:00,75.3000168526452,75.33914051486998,74.68713585433247,74.76537322998047,2813200,0.0,0.0
2017-08-09 00:00:00-04:00,74.97402562041937,75.5021528562234,74.70018481631446,75.24787139892578,2512400,0.0,0.0
2017-08-10 00:00:00-04:00,75.00008407927237,75.30652701975895,74.3741602957764,74.47196197509766,3519100,0.0,0.0
2017-08-11 00:00:00-04:00,75.01315019360865,75.2543887730114,74.34158110724549,74.90230560302734,2653800,0.0,0.0
2017-08-14 00:00:00-04:00,74.90881735040196,75.05225917602704,74.63497657842731,74.82405853271484,3245000,0.0,0.0
2017-08-15 00:00:00-04:00,74.90883626044615,76.36932572073228,74.83711532952833,76.16720581054688,4005800,0.0,0.0
2017-08-16 00:00:00-04:00,76.13456929988114,76.92349918477133,75.8868093610627,76.760498046875,3106100,0.0,0.0
2017-08-17 00:00:00-04:00,76.77355480952937,77.12563795080695,75.417383815216,75.58690643310547,3269000,0.0,0.0
2017-08-18 00:00:00-04:00,75.46955768762867,75.599956661475,74.76539129029366,75.19571685791016,4178200,0.0,0.0
2017-08-21 00:00:00-04:00,75.1696311275009,75.95203486795697,75.03271072164117,75.7955551147461,2442300,0.0,0.0
2017-08-22 00:00:00-04:00,75.8542247910086,76.28455028288099,75.47606584365542,75.78250885009766,1882100,0.0,0.0
2017-08-23 00:00:00-04:00,75.63907642289975,75.93247658608733,74.99358810484428,75.28047180175781,2190000,0.0,0.0
2017-08-24 00:00:00-04:00,75.41084650509346,75.70424655452446,74.3937160533064,74.66755676269531,2806000,0.0,0.0
2017-08-25 00:00:00-04:00,75.10440956343523,75.24785136770595,74.64148690608897,74.85012817382812,3109500,0.0,0.0
2017-08-28 00:00:00-04:00,75.12398503024984,75.44346595190133,74.8110205742638,75.33262634277344,2736600,0.0,0.0
2017-08-29 00:00:00-04:00,75.08486376577426,76.18674832803148,74.89578180552867,75.99114990234375,2741900,0.0,0.0
2017-08-30 00:00:00-04:00,75.63256343265219,76.28456828983023,75.34567970368512,75.91292572021484,2903600,0.0,0.0
2017-08-31 00:00:00-04:00,76.1085002987434,76.42145972581628,75.8020573362009,76.23889923095703,4283000,0.0,0.0
2017-09-01 00:00:00-04:00,76.39539621322437,76.89744266197236,76.20631423669344,76.82572174072266,3036800,0.0,0.0
2017-09-05 00:00:00-04:00,76.55839621312202,76.7735589735284,76.04331186596805,76.72139739990234,3061600,0.0,0.0
2017-09-06 00:00:00-04:00,76.9365679083953,77.65377220757622,76.60404406104342,77.34081268310547,3660400,0.0,0.0
2017-09-07 00:00:00-04:00,77.09303643426063,77.86892364019488,76.37583223961278,77.5363998413086,3577200,0.0,0.0
2017-09-08 00:00:00-04:00,77.62768660774817,77.71245041177463,76.10199782809188,76.32367706298828,3660000,0.0,0.0
2017-09-11 00:00:00-04:00,76.6627066587941,77.22343104636893,76.6627066587941,76.89090728759766,2900900,0.0,0.0
2017-09-12 00:00:00-04:00,76.98220424754315,77.04740373072373,75.80859365268604,76.3171615600586,2461300,0.0,0.0
2017-09-13 00:00:00-04:00,76.11503309090776,76.59752018727866,76.10851662497949,76.19327545166016,2680900,0.0,0.0
2017-09-14 00:00:00-04:00,76.19327170092625,76.323670654693,75.76946763958243,76.10851287841797,3596500,0.0,0.0
2017-09-15 00:00:00-04:00,76.0107126910619,76.10851439553713,75.01314624909747,75.4956283569336,5992400,0.0,0.0
2017-09-18 00:00:00-04:00,75.4304262036248,75.75642855737975,75.05878371932023,75.68470764160156,2998500,0.0,0.0
2017-09-19 00:00:00-04:00,75.62601687009702,75.67817843520099,74.94141498210979,75.21525573730469,3105600,0.0,0.0
2017-09-20 00:00:00-04:00,75.26742477137921,75.38478581730885,73.53308986757469,73.95689392089844,3822300,0.0,0.0
2017-09-21 00:00:00-04:00,73.8721317205492,74.11337026685665,73.51352715928016,73.6243667602539,2887700,0.0,0.0
2017-09-22 00:00:00-04:00,73.71563995780181,73.81344164463698,73.20707715553945,73.35704040527344,2999000,0.0,0.0
2017-09-25 00:00:00-04:00,73.52655131161002,74.11987784302436,73.26575346972237,73.83951568603516,4734900,0.0,0.0
2017-09-26 00:00:00-04:00,73.90533600459723,74.59647270917229,73.78685557015143,73.85926055908203,3537400,1.07,0.0
2017-09-27 00:00:00-04:00,73.71445572770497,73.84610345397313,73.16155034292056,73.4643325805664,3719400,0.0,0.0
2017-09-28 00:00:00-04:00,73.8329484202815,73.97117478941117,73.42485295576,73.58940887451172,3479100,0.0,0.0
2017-09-29 00:00:00-04:00,73.57624225618491,73.91193773960099,73.02333677465082,73.06941223144531,3912800,0.0,0.0
2017-10-02 00:00:00-04:00,73.21422534121851,73.5433371956265,72.80612483388717,72.97726440429688,3403300,0.0,0.0
2017-10-03 00:00:00-04:00,72.83902133227093,72.85876723551362,72.43750456017897,72.52965545654297,2903000,0.0,0.0
2017-10-04 00:00:00-04:00,72.72055234771872,73.65522874200552,72.5099209768675,73.33927917480469,4161800,0.0,0.0
2017-10-05 00:00:00-04:00,73.36560719930621,73.73421083517403,73.247126741799,73.41826629638672,4904300,0.0,0.0
2017-10-06 00:00:00-04:00,73.37878621697034,73.54992077707271,72.87195111476677,73.24055480957031,5642200,0.0,0.0
2017-10-09 00:00:00-04:00,73.44459704149331,75.41926801755308,73.41826749252408,74.62281799316406,3292500,0.0,0.0
2017-10-10 00:00:00-04:00,75.11649292227378,75.88002982802362,74.99142880816925,75.80762481689453,3930600,0.0,0.0
2017-10-11 00:00:00-04:00,75.61016557943324,75.7944674298596,74.90586635281892,75.20864868164062,3374000,0.0,0.0
2017-10-12 00:00:00-04:00,75.47193246413345,75.53117018712634,74.7083905554583,75.38636016845703,3100400,0.0,0.0
2017-10-13 00:00:00-04:00,75.66939206637261,75.79445616994634,74.97167658716761,75.03091430664062,2658100,0.0,0.0
2017-10-16 00:00:00-04:00,75.07041275674993,75.30079004051537,74.6688959099667,74.72154998779297,2559600,0.0,0.0
2017-10-17 00:00:00-04:00,74.45825352180361,74.64913896350807,74.00407764251207,74.14888763427734,3997700,0.0,0.0
2017-10-18 00:00:00-04:00,74.12913716916198,74.30685531603612,73.87900900901315,74.05673217773438,3442000,0.0,0.0
2017-10-19 00:00:00-04:00,71.77271599474695,73.62890670918658,70.43652262870846,71.18689727783203,9606600,0.0,0.0
2017-10-20 00:00:00-04:00,71.45676701134053,72.08866119384766,71.08816332700685,72.08866119384766,6177200,0.0,0.0
2017-10-23 00:00:00-04:00,72.04256748356173,72.58231060825828,71.82535752280194,71.98332977294922,3762100,0.0,0.0
2017-10-24 00:00:00-04:00,71.85827394092684,72.1873857626094,71.19347167685854,71.46334075927734,4117700,0.0,0.0
2017-10-25 00:00:00-04:00,71.35806033171052,71.64767545283006,70.26540617185218,70.42996215820312,4060400,0.0,0.0
2017-10-26 00:00:00-04:00,70.75905269076894,70.98942999748543,70.33778989510202,70.38386535644531,3468100,0.0,0.0
2017-10-27 00:00:00-04:00,70.2061453994815,70.44310132200262,69.60715939514473,69.73222351074219,5067400,0.0,0.0
2017-10-30 00:00:00-04:00,69.58082293188227,69.64006567301436,68.82386471377055,68.916015625,5021400,0.0,0.0
2017-10-31 00:00:00-04:00,68.94893088588033,69.2451295348847,68.62640268689918,68.87652587890625,5419200,0.0,0.0
2017-11-01 00:00:00-04:00,68.96869548262512,69.11350553581514,68.2183206814128,68.29072570800781,4102200,0.0,0.0
2017-11-02 00:00:00-04:00,68.26438629019746,68.35653721585285,67.43502293745024,67.6654052734375,4601500,0.0,0.0
2017-11-03 00:00:00-04:00,67.79703581757587,67.82994900875076,67.45476172985751,67.5732421875,3064300,0.0,0.0
2017-11-06 00:00:00-05:00,67.54692189432699,67.85628283325966,66.86236860324365,67.23097229003906,4167000,0.0,0.0
2017-11-07 00:00:00-05:00,67.1783094011173,67.90235949060182,67.0993257708814,67.8102035522461,3901900,0.0,0.0
2017-11-08 00:00:00-05:00,67.8101791359733,68.05372362582082,67.57322330873747,67.85625457763672,4882700,0.0,0.0
2017-11-09 00:00:00-05:00,67.73780831395295,67.86286741120993,67.25730276832235,67.44160461425781,3427700,0.0,0.0
2017-11-10 00:00:00-05:00,67.19805530867629,67.98134312083774,67.17173077982986,67.8102035522461,4935200,0.0,0.0
2017-11-13 00:00:00-05:00,67.86944572318079,68.33678394490404,67.79704071484426,68.13273620605469,3864600,0.0,0.0
2017-11-14 00:00:00-05:00,68.05374823867207,68.30387143789982,67.55349681836826,67.61273956298828,4736100,0.0,0.0
2017-11-15 00:00:00-05:00,67.34944057984976,67.53374238990575,66.90184831749332,67.17172241210938,4928400,0.0,0.0
2017-11-16 00:00:00-05:00,67.46792399321872,68.09981809336273,67.44159444464839,67.5732421875,3207000,0.0,0.0
2017-11-17 00:00:00-05:00,67.27704508454774,67.80362606354183,67.14540235072342,67.5600814819336,4084500,0.0,0.0
2017-11-20 00:00:00-05:00,67.57324371341262,68.28412145347245,67.47450915950631,67.49425506591797,4779700,0.0,0.0
2017-11-21 00:00:00-05:00,67.75096021283765,68.41576750268268,67.68513885248173,68.03399658203125,4224000,0.0,0.0
2017-11-22 00:00:00-05:00,68.0669138077517,68.29070745059664,67.92210379327642,68.15248107910156,3658100,0.0,0.0
2017-11-24 00:00:00-05:00,68.32362020508917,68.38944156892411,67.78387698668557,67.91551971435547,1970500,0.0,0.0
2017-11-27 00:00:00-05:00,67.9615973220172,68.00108913719833,67.61273956298828,67.61273956298828,3377100,0.0,0.0
2017-11-28 00:00:00-05:00,67.67855628323284,67.83652855496199,67.42843310117435,67.71804809570312,4687700,0.0,0.0
2017-11-29 00:00:00-05:00,67.48109231871844,67.90893873318775,67.14540184344798,67.58641052246094,4343800,0.0,0.0
2017-11-30 00:00:00-05:00,67.6061701385498,68.04060028430354,67.54034875878847,67.63249969482422,7123200,0.0,0.0
2017-12-01 00:00:00-05:00,67.97474617080522,68.31702524098314,67.23753898306322,68.26436614990234,6318600,0.0,0.0
2017-12-04 00:00:00-05:00,68.42892701855773,69.00816199702035,67.82336249264029,68.85677337646484,5179400,0.0,0.0
2017-12-05 00:00:00-05:00,69.43601330155542,69.48867240021646,68.67905507930901,69.41626739501953,4916200,0.0,0.0
2017-12-06 00:00:00-05:00,70.18640459410396,71.04209757463921,69.29121979109297,70.82488250732422,5108900,0.0,0.0
2017-12-07 00:00:00-05:00,70.73930271888139,70.73930271888139,69.9231067268871,70.23246765136719,4040000,0.0,0.0
2017-12-08 00:00:00-05:00,70.1074334866817,70.21933035160662,69.4426258989716,70.16008758544922,4611900,0.0,0.0
2017-12-11 00:00:00-05:00,70.16664596525916,70.16664596525916,69.64007001424338,69.79804229736328,3049000,0.0,0.0
2017-12-12 00:00:00-05:00,69.9231116720106,71.07500324274577,69.68615071856863,70.62741088867188,4428300,0.0,0.0
2017-12-13 00:00:00-05:00,70.4891811857783,71.52917594861003,70.41678119111045,71.24613952636719,5898400,0.0,0.0
2017-12-14 00:00:00-05:00,71.10133427495437,71.43044618240008,70.58792050283496,70.8775405883789,4648300,0.0,0.0
2017-12-15 00:00:00-05:00,71.37119016869315,72.58231926738985,71.37119016869315,72.1939697265625,11082900,0.0,0.0
2017-12-18 00:00:00-05:00,72.24662603538829,72.49016556113637,70.95650834105874,71.06840515136719,4541600,0.0,0.0
2017-12-19 00:00:00-05:00,71.37776849625244,71.6278916553545,71.10789441088001,71.1671371459961,4371700,0.0,0.0
2017-12-20 00:00:00-05:00,70.46910972490102,70.46910972490102,68.85363842172201,69.38548278808594,7359900,1.07,0.0
2017-12-21 00:00:00-05:00,69.47189130930548,70.01037994424738,69.45194803720285,69.65803527832031,3831000,0.0,0.0
2017-12-22 00:00:00-05:00,69.69128183866496,70.10345634687631,69.48518951251621,69.57161712646484,2496200,0.0,0.0
2017-12-26 00:00:00-05:00,69.65804027859933,69.6912824491851,68.986587994703,69.2126235961914,2311500,0.0,0.0
2017-12-27 00:00:00-05:00,69.50513778591935,69.81094647854884,69.30569490844472,69.61150360107422,2012900,0.0,0.0
2017-12-28 00:00:00-05:00,69.73780576799959,69.73780576799959,69.1926677449714,69.67797088623047,2376700,0.0,0.0
2017-12-29 00:00:00-05:00,69.85748985750851,70.8148025832611,69.80430440828792,70.2364273071289,4248300,0.0,0.0
2018-01-02 00:00:00-05:00,70.34944926164276,70.58212928401889,69.24587898178277,69.3987808227539,5126800,0.0,0.0
2018-01-03 00:00:00-05:00,69.37881904680481,69.71122043929734,69.03976820629046,69.31233978271484,3589600,0.0,0.0
2018-01-04 00:00:00-05:00,69.29905113984469,69.46525186068126,68.78715515136719,68.78715515136719,4170100,0.0,0.0
2018-01-05 00:00:00-05:00,68.65419224397566,69.5383813052929,68.65419224397566,69.33894348144531,4641400,0.0,0.0
2018-01-08 00:00:00-05:00,69.12620863502795,69.58491919275394,69.03978101084314,69.23257446289062,4911600,0.0,0.0
2018-01-09 00:00:00-05:00,69.63809866089542,70.09681425126207,69.29904778662252,69.73117065429688,3939200,0.0,0.0
2018-01-10 00:00:00-05:00,69.81758392257134,70.49568558101988,69.05970917868832,70.22311401367188,3696500,0.0,0.0
2018-01-11 00:00:00-05:00,70.68181576471487,70.88125858350779,69.4120453726608,69.7112045288086,4109300,0.0,0.0
2018-01-12 00:00:00-05:00,70.18323211094062,70.22976810453487,69.07966208911577,69.47189331054688,5513700,0.0,0.0
2018-01-16 00:00:00-05:00,69.50513592297804,69.79100133460666,68.9865854698513,69.7178726196289,5855600,0.0,0.0
2018-01-17 00:00:00-05:00,69.8574812699107,70.63529934898094,69.8574812699107,70.3294906616211,4009400,0.0,0.0
2018-01-18 00:00:00-05:00,70.11008744925039,70.2762881131464,69.6713203340266,69.85081481933594,4134600,0.0,0.0
2018-01-19 00:00:00-05:00,70.1898850462378,72.53663825930064,70.16329232399954,72.41032409667969,5818900,0.0,0.0
2018-01-22 00:00:00-05:00,72.56323195613722,72.91557665445103,72.10451636744168,72.33719635009766,4762300,0.0,0.0
2018-01-23 00:00:00-05:00,72.1311107947192,72.98205764971061,72.06463152268113,72.81585693359375,3778100,0.0,0.0
2018-01-24 00:00:00-05:00,72.83579561798881,73.71998458930055,72.83579561798881,73.52719116210938,4404100,0.0,0.0
2018-01-25 00:00:00-05:00,73.41418556998808,73.9593237534237,68.48799357124649,71.45966339111328,11823700,0.0,0.0
2018-01-26 00:00:00-05:00,71.3732451063844,73.43413323664703,71.3400029300721,73.254638671875,6000700,0.0,0.0
2018-01-29 00:00:00-05:00,72.88233557579935,72.92887157302818,72.0712803486744,72.20423889160156,3952500,0.0,0.0
2018-01-30 00:00:00-05:00,71.93165701740831,72.7094801058398,71.63249780250258,71.7588119506836,4069700,0.0,0.0
2018-01-31 00:00:00-05:00,71.95159927744453,72.1111505071016,70.96103959121993,71.28679656982422,5041600,0.0,0.0
2018-02-01 00:00:00-05:00,71.16051127391081,71.51950549017236,69.75777658653564,69.91732788085938,7612900,0.0,0.0
2018-02-02 00:00:00-05:00,69.80431053405171,70.15665528998225,68.60101880409024,68.76721954345703,6421800,0.0,0.0
2018-02-05 00:00:00-05:00,68.4281765951902,68.79382029325677,65.48974839779129,65.60941314697266,7901200,0.0,0.0
2018-02-06 00:00:00-05:00,64.69196890511184,66.90576379066653,64.25985107554801,66.69967651367188,9591600,0.0,0.0
2018-02-07 00:00:00-05:00,66.41379653875926,67.55060864629674,65.48307166314864,65.7356948852539,5916800,0.0,0.0
2018-02-08 00:00:00-05:00,66.16118263706595,68.06251934432329,65.81548735940262,66.73956298828125,11214300,0.0,0.0
2018-02-09 00:00:00-05:00,67.07860930417235,67.54396927538313,65.51632360420098,66.44039916992188,9899900,0.0,0.0
2018-02-12 00:00:00-05:00,66.65976502632319,68.52121462991276,66.3406625681343,68.07579803466797,6468900,0.0,0.0
2018-02-13 00:00:00-05:00,67.63703940245504,68.58106328834731,67.13179289681484,68.5079345703125,5182300,0.0,0.0
2018-02-14 00:00:00-05:00,68.30849991104992,68.80710210018167,67.63704754284691,68.16889190673828,4253800,0.0,0.0
2018-02-15 00:00:00-05:00,68.18218016152247,68.94670447012246,67.84977872926537,68.93341064453125,4361100,0.0,0.0
2018-02-16 00:00:00-05:00,68.6807782296684,69.89071916832143,68.50793314703444,69.3455810546875,5209400,0.0,0.0
2018-02-20 00:00:00-05:00,68.94007394615532,69.0663881481416,68.02929701785978,68.37499237060547,3974900,0.0,0.0
2018-02-21 00:00:00-05:00,68.5411666963347,69.83753518122816,68.46139360757022,68.9533462524414,5661100,0.0,0.0
2018-02-22 00:00:00-05:00,68.9134690548696,70.14335336987952,68.40156799633479,68.4614028930664,4072900,0.0,0.0
2018-02-23 00:00:00-05:00,68.90681434553699,70.70842940623439,68.76055691140664,70.54222869873047,4824700,0.0,0.0
2018-02-26 00:00:00-05:00,70.62200622432957,70.99429418271112,69.92396123032114,70.9211654663086,5654700,0.0,0.0
2018-02-27 00:00:00-05:00,70.7283654876183,70.78155092590175,69.19267272949219,69.19267272949219,4414500,0.0,0.0
2018-02-28 00:00:00-05:00,70.07023172935561,70.2231335670417,68.80710511382348,68.84034729003906,5346000,0.0,0.0
2018-03-01 00:00:00-05:00,68.92009297453818,69.83752392378696,68.42814040896715,69.59154510498047,6683300,0.0,0.0
2018-03-02 00:00:00-05:00,69.34558411174237,71.18709085857097,69.34558411174237,71.0075912475586,6229100,0.0,0.0
2018-03-05 00:00:00-05:00,70.4957034529998,71.69234568627141,70.31620382118057,71.59927368164062,5557500,0.0,0.0
2018-03-06 00:00:00-05:00,71.63915820747503,71.79870947502518,70.88128334655768,71.78541564941406,6041000,0.0,0.0
2018-03-07 00:00:00-05:00,71.11396120177162,71.69898587993455,70.68848778637253,71.06077575683594,3271400,0.0,0.0
2018-03-08 00:00:00-05:00,71.24025882983264,72.50337988559002,71.09400142622907,72.46349334716797,4053800,0.0,0.0
2018-03-09 00:00:00-05:00,72.7693300983354,73.06184501858546,71.78542457538448,71.99816131591797,4398000,0.0,0.0
2018-03-12 00:00:00-04:00,71.79202511622157,72.17761180801001,71.22694396972656,71.22694396972656,5081300,0.0,0.0
2018-03-13 00:00:00-04:00,71.5195079474711,71.63252324016493,71.02090569753956,71.29347229003906,3847100,0.0,0.0
2018-03-14 00:00:00-04:00,71.47296546702101,71.63251675237605,70.04363813226318,70.2098388671875,3287300,0.0,0.0
2018-03-15 00:00:00-04:00,69.99711139415616,70.32951290800132,69.65806042986164,69.79766845703125,3620800,0.0,0.0
2018-03-16 00:00:00-04:00,69.8043148038941,70.3361592312177,68.5877241000213,68.780517578125,8277000,0.0,0.0
2018-03-19 00:00:00-04:00,68.56113018906339,68.77386694191514,67.61046171524737,67.63705444335938,4968100,0.0,0.0
2018-03-20 00:00:00-04:00,67.73009994624985,67.92954279300606,66.56005079954309,66.6597671508789,5194600,0.0,0.0
2018-03-21 00:00:00-04:00,66.5791355302424,66.83448361430456,65.2217461908965,65.68540954589844,5917500,1.07,0.0
2018-03-22 00:00:00-04:00,65.55776581748893,66.69340324119995,65.38305631134378,65.63168334960938,9655800,0.0,0.0
2018-03-23 00:00:00-04:00,66.05499146983145,66.33721908535269,64.18018494943954,64.26081848144531,5709200,0.0,0.0
2018-03-26 00:00:00-04:00,64.83872768314941,65.2553531379991,64.49602485714952,64.7446517944336,5239200,0.0,0.0
2018-03-27 00:00:00-04:00,64.75138315562577,65.63166702146384,64.48931383485335,65.00001525878906,7207000,0.0,0.0
2018-03-28 00:00:00-04:00,65.48383796061418,67.31832849992453,65.32928687364185,67.05625915527344,7571000,0.0,0.0
2018-03-29 00:00:00-04:00,67.38550909305859,67.87605205721314,66.67321874610272,66.79417419433594,3489300,0.0,0.0
2018-04-02 00:00:00-04:00,66.92186224247777,67.15033597977317,65.38976293700696,65.54431915283203,4673600,0.0,0.0
2018-04-03 00:00:00-04:00,66.04828803502231,67.24440026395622,65.51742825752038,67.09656524658203,5735000,0.0,0.0
2018-04-04 00:00:00-04:00,66.65307818337769,68.11125999658955,66.45820517984778,67.81558990478516,5150600,0.0,0.0
2018-04-05 00:00:00-04:00,68.13141147800222,68.6824296943571,67.33848232502793,68.3397216796875,4507900,0.0,0.0
2018-04-06 00:00:00-04:00,68.28596263543545,68.81682242230427,67.56022987920323,67.88277435302734,5049200,0.0,0.0
2018-04-09 00:00:00-04:00,68.19187589723441,68.56817943246455,67.48630164192676,67.66773223876953,4198100,0.0,0.0
2018-04-10 00:00:00-04:00,68.03731285249633,68.39345796616016,67.5467699707278,67.93651580810547,2860100,0.0,0.0
2018-04-11 00:00:00-04:00,67.80884420029376,68.7361657279709,67.62068732532609,67.68116760253906,3623600,0.0,0.0
2018-04-12 00:00:00-04:00,68.09108919654032,68.49427234941625,67.21752142634921,67.3653564453125,3518500,0.0,0.0
2018-04-13 00:00:00-04:00,67.72822319922216,68.76306321099335,67.36535682158146,68.44051361083984,3985900,0.0,0.0
2018-04-16 00:00:00-04:00,68.71601399586777,69.44846267614606,68.35986884844797,69.17967224121094,3971200,0.0,0.0
2018-04-17 00:00:00-04:00,69.34767738002378,69.5828722546885,68.7160256465942,69.41487884521484,6145300,0.0,0.0
2018-04-18 00:00:00-04:00,69.13935280765327,69.28718779751175,67.60053288183234,68.16499328613281,5523700,0.0,0.0
2018-04-19 00:00:00-04:00,62.84298388071719,63.340248155180774,56.10980905043615,57.54783248901367,45570300,0.0,0.0
2018-04-20 00:00:00-04:00,57.59486390033582,57.99133104021942,56.32483404639501,56.627220153808594,17814200,0.0,0.0
2018-04-23 00:00:00-04:00,56.51968805951141,56.84223244892457,55.834272260194844,56.22401809692383,11783300,0.0,0.0
2018-04-24 00:00:00-04:00,55.87459626926558,56.17026111629598,54.1879413874467,55.43109130859375,13897700,0.0,0.0
2018-04-25 00:00:00-04:00,55.50500745175515,55.73348109686909,54.718799724327695,54.97414779663086,8361000,0.0,0.0
2018-04-26 00:00:00-04:00,55.24966771747964,55.30342683347256,54.073713970579874,54.759124755859375,9191300,0.0,0.0
2018-04-27 00:00:00-04:00,54.80618699067954,56.143418678216996,54.665073093720295,55.4781608581543,6591600,0.0,0.0
2018-04-30 00:00:00-04:00,55.60580967693794,55.98211321364747,55.01447481542993,55.101829528808594,6497600,0.0,0.0
2018-05-01 00:00:00-04:00,54.69865638209698,54.90024540195509,54.28875204360772,54.56425857543945,4553800,0.0,0.0
2018-05-02 00:00:00-04:00,54.44329917189757,54.55081740944079,53.64365406886479,53.8250846862793,6460700,0.0,0.0
2018-05-03 00:00:00-04:00,53.838523201864405,54.6583266344672,53.56301158281036,54.05355453491211,5784400,0.0,0.0
2018-05-04 00:00:00-04:00,54.120750717834696,55.44453944104725,54.09387116043301,55.01447677612305,5561200,0.0,0.0
2018-05-07 00:00:00-04:00,55.03463320121401,55.1555886418354,54.537374223882125,54.77256393432617,4519300,0.0,0.0
2018-05-08 00:00:00-04:00,54.65833792629137,54.69193866176437,53.9729270127131,54.30219268798828,5108500,0.0,0.0
2018-05-09 00:00:00-04:00,54.42987075066488,55.63270431209359,54.40971235955616,55.095123291015625,5021900,0.0,0.0
2018-05-10 00:00:00-04:00,55.061513400490746,55.800683267695085,55.034633843733154,55.7738037109375,4632600,0.0,0.0
2018-05-11 00:00:00-04:00,55.57894022700728,55.7872504188863,54.443303112823735,54.56425857543945,6557200,0.0,0.0
2018-05-14 00:00:00-04:00,54.59786570142781,54.91369417561189,54.24844161670987,54.33579635620117,5298300,0.0,0.0
2018-05-15 00:00:00-04:00,54.04011155060518,54.14090860825032,53.354700786770614,53.710845947265625,8023300,0.0,0.0
2018-05-16 00:00:00-04:00,54.019951195692315,54.651607948946825,53.91915414172068,54.35593795776367,6156800,0.0,0.0
2018-05-17 00:00:00-04:00,54.355948074972204,54.7188144607593,54.1745174454547,54.45674514770508,5713400,0.0,0.0
2018-05-18 00:00:00-04:00,54.60458316798963,54.631462730643925,54.0535649504576,54.26187515258789,5978600,0.0,0.0
2018-05-21 00:00:00-04:00,54.429864924023505,54.49706126277684,53.744454065936324,53.85868835449219,6153300,0.0,0.0
2018-05-22 00:00:00-04:00,53.9258688453919,53.959469568269924,53.50252742158163,53.6705207824707,6164800,0.0,0.0
2018-05-23 00:00:00-04:00,53.71085081862469,55.048076866194044,53.45550269261577,54.90024185180664,8199300,0.0,0.0
2018-05-24 00:00:00-04:00,54.83304628437425,54.95400174086283,54.32906607013045,54.83976745605469,5519500,0.0,0.0
2018-05-25 00:00:00-04:00,54.93385556085454,55.02793147828029,53.82509781776192,53.98637008666992,5010400,0.0,0.0
2018-05-29 00:00:00-04:00,53.62349574569449,53.87884387004002,52.99856008778803,53.2673454284668,9077000,0.0,0.0
2018-05-30 00:00:00-04:00,53.58991365447905,54.08045681266778,53.16657198158591,53.972938537597656,6157500,0.0,0.0
2018-05-31 00:00:00-04:00,53.95275255188594,53.972910936464444,52.823836874732024,53.44877243041992,9395500,0.0,0.0
2018-06-01 00:00:00-04:00,53.388297199856346,53.58989131821162,52.447538318868794,52.53489303588867,7733900,0.0,0.0
2018-06-04 00:00:00-04:00,52.46771199961074,53.03888866577927,52.26611782249108,52.6894645690918,5337000,0.0,0.0
2018-06-05 00:00:00-04:00,52.75664843086647,52.817123593635195,51.90323909339556,52.08467483520508,8503100,0.0,0.0
2018-06-06 00:00:00-04:00,52.1115666494362,52.15188343409673,51.21111915357879,51.64118194580078,10480800,0.0,0.0
2018-06-07 00:00:00-04:00,51.64116201813451,52.72976092466848,51.29173805682472,52.0040283203125,6367600,0.0,0.0
2018-06-08 00:00:00-04:00,52.595378041024134,53.5294261792863,52.595378041024134,53.36814880371094,7490000,0.0,0.0
2018-06-11 00:00:00-04:00,53.93931741689822,54.26858816483818,53.56973502116684,54.07371520996094,5194600,0.0,0.0
2018-06-12 00:00:00-04:00,53.932621747823134,54.08717285979451,53.32784426743755,53.972938537597656,5497900,0.0,0.0
2018-06-13 00:00:00-04:00,54.20810943571146,54.25514738294868,53.60333216641021,53.8250846862793,5726300,0.0,0.0
2018-06-14 00:00:00-04:00,53.89899694602577,54.49033181469388,53.69740796038383,54.32905960083008,6018200,0.0,0.0
2018-06-15 00:00:00-04:00,54.12078234677938,55.195939637426896,54.01326405433745,55.02122497558594,13314100,0.0,0.0
2018-06-18 00:00:00-04:00,54.765851537871654,54.765851537871654,53.227031290492995,53.77804946899414,6334900,0.0,0.0
2018-06-19 00:00:00-04:00,53.778060063876154,54.84650102549944,53.778060063876154,54.322357177734375,7467400,0.0,0.0
2018-06-20 00:00:00-04:00,54.288751435545144,55.04136376414129,54.16107480233857,54.93384552001953,6627800,0.0,0.0
2018-06-21 00:00:00-04:00,54.24554582077853,54.53858101807121,54.020657255570356,54.15695571899414,6049600,1.14,0.0
2018-06-22 00:00:00-04:00,54.449999879125215,54.83844146512729,54.38185323582331,54.64762878417969,7007300,0.0,0.0
2018-06-25 00:00:00-04:00,54.16378514883008,54.634000664345024,54.08882227548236,54.49770736694336,4272200,0.0,0.0
2018-06-26 00:00:00-04:00,54.654435828433954,54.73621491399347,54.02747843691,54.36140060424805,6640600,0.0,0.0
2018-06-27 00:00:00-04:00,54.381850308608406,55.07695435168148,53.97296007229507,54.44999694824219,6918700,0.0,0.0
2018-06-28 00:00:00-04:00,54.85887192689385,55.74479367746469,54.70213000514508,55.64938735961914,6613100,0.0,0.0
2018-06-29 00:00:00-04:00,55.83339327355532,55.86746919255047,54.96792004318427,55.02243423461914,4689000,0.0,0.0
2018-07-02 00:00:00-04:00,54.94066619386218,55.34955126903555,54.17741024075095,54.68170166015625,3956700,0.0,0.0
2018-07-03 00:00:00-04:00,55.09740093132026,55.36317648036134,54.67488862220655,55.281402587890625,3225200,0.0,0.0
2018-07-05 00:00:00-04:00,55.30184116045927,55.90153884887695,55.00198971662285,55.90153884887695,4165900,0.0,0.0
2018-07-06 00:00:00-04:00,56.0514647212855,56.72612527247366,55.887911751142504,56.05828094482422,4719600,0.0,0.0
2018-07-09 00:00:00-04:00,56.08555183662114,56.28999179030041,55.506292303056014,56.0037727355957,4366200,0.0,0.0
2018-07-10 00:00:00-04:00,56.180955490373556,56.371768184347175,55.76525417882132,56.33769226074219,3604100,0.0,0.0
2018-07-11 00:00:00-04:00,56.48078141772026,56.74655688839776,56.10597238947833,56.453521728515625,6191700,0.0,0.0
2018-07-12 00:00:00-04:00,56.637529760225064,57.244043615929655,56.4671605827967,56.69886016845703,5308600,0.0,0.0
2018-07-13 00:00:00-04:00,56.494442521205144,56.726142198103055,56.24229416758972,56.34451675415039,7517900,0.0,0.0
2018-07-16 00:00:00-04:00,56.35813498825942,56.38539468693093,55.58125177351699,55.82658386230469,6821400,0.0,0.0
2018-07-17 00:00:00-04:00,55.765256723647155,56.283175431137444,55.74481324825362,56.105995178222656,6050300,0.0,0.0
2018-07-18 00:00:00-04:00,56.235480568478714,56.514888638177105,55.77889221967385,55.98333740234375,6453600,0.0,0.0
2018-07-19 00:00:00-04:00,53.836666595936805,55.1451007894345,52.14660186322747,55.131473541259766,17196100,0.0,0.0
2018-07-20 00:00:00-04:00,54.58627944696081,57.53707463370687,54.5522087335004,57.45529556274414,11313100,0.0,0.0
2018-07-23 00:00:00-04:00,56.84878716180674,57.03959981295997,56.310419925050255,56.712493896484375,6369900,0.0,0.0
2018-07-24 00:00:00-04:00,56.68524309864527,57.3599037065922,56.480797969325295,56.9442024230957,6034100,0.0,0.0
2018-07-25 00:00:00-04:00,57.53708427487001,57.898266133448224,56.82834780553033,57.114566802978516,6212500,0.0,0.0
2018-07-26 00:00:00-04:00,57.42804719472391,58.17085960446949,56.93738826997396,57.55752944946289,5323000,0.0,0.0
2018-07-27 00:00:00-04:00,57.57116987155672,58.41619975814211,57.448503823564,58.24583053588867,5202400,0.0,0.0
2018-07-30 00:00:00-04:00,58.36167239437629,59.03633296663493,58.30715300287419,59.02952194213867,5138200,0.0,0.0
2018-07-31 00:00:00-04:00,59.11811727855351,59.268043018806566,58.497970843735125,58.81145477294922,5934000,0.0,0.0
2018-08-01 00:00:00-04:00,58.62744786971733,58.76374634833504,58.23219008060898,58.29352569580078,4657400,0.0,0.0
2018-08-02 00:00:00-04:00,58.34805435078864,58.756939453047124,58.143609200031314,58.60701370239258,2781600,0.0,0.0
2018-08-03 00:00:00-04:00,58.641088817768896,59.58834128463971,58.36849702027414,59.17945098876953,3485100,0.0,0.0
2018-08-06 00:00:00-04:00,59.07723045738856,59.26804314566238,58.593382512335424,58.709232330322266,2770300,0.0,0.0
2018-08-07 00:00:00-04:00,58.9477382899095,58.9477382899095,58.12996827772834,58.286705017089844,3086600,0.0,0.0
2018-08-08 00:00:00-04:00,58.007305947058384,58.307152197668465,57.012350462534144,57.07368087768555,4319900,0.0,0.0
2018-08-09 00:00:00-04:00,57.10094604327744,57.64612440523124,57.05324287161579,57.51664733886719,2600500,0.0,0.0
2018-08-10 00:00:00-04:00,56.84200071508163,56.889703898495604,55.99696546709548,56.26274108886719,5087700,0.0,0.0
2018-08-13 00:00:00-04:00,56.04466494506691,56.1741472340256,55.37682042142642,55.78570556640625,4733500,0.0,0.0
2018-08-14 00:00:00-04:00,55.833386914007036,56.303607506453574,55.75160783728665,56.09234619140625,4281600,0.0,0.0
2018-08-15 00:00:00-04:00,55.87428276370158,56.91694146171245,55.6016909970814,56.841983795166016,4767800,0.0,0.0
2018-08-16 00:00:00-04:00,57.06004626795993,57.74833399016115,56.862417401432836,57.70744705200195,3953800,0.0,0.0
2018-08-17 00:00:00-04:00,57.49620928908228,58.1095343542312,57.49620928908228,57.95961380004883,4124100,0.0,0.0
2018-08-20 00:00:00-04:00,58.08908475780799,58.11634445549324,57.38716443999384,57.639312744140625,2854500,0.0,0.0
2018-08-21 00:00:00-04:00,57.441679463844416,57.482566407632795,56.514870610102236,56.92375564575195,4993600,0.0,0.0
2018-08-22 00:00:00-04:00,56.876053578758395,56.98509236331097,56.03784001934594,56.17413330078125,4210700,0.0,0.0
2018-08-23 00:00:00-04:00,56.167298229178186,56.269520755580125,55.79248923137599,56.099151611328125,4094500,0.0,0.0
2018-08-24 00:00:00-04:00,54.99517641404151,55.35636349023496,54.12288693028431,54.306888580322266,9451700,0.0,0.0
2018-08-27 00:00:00-04:00,54.51813853805177,54.96109945352441,54.38865629526235,54.6953239440918,6102200,0.0,0.0
2018-08-28 00:00:00-04:00,54.47725777073219,54.6271835005807,53.925258019993976,54.177406311035156,6437900,0.0,0.0
2018-08-29 00:00:00-04:00,54.3000810374802,54.32052451314043,53.727637722712466,53.8775634765625,5499600,0.0,0.0
2018-08-30 00:00:00-04:00,53.570884570230675,53.63221497846689,53.29147662358653,53.54362487792969,6338100,0.0,0.0
2018-08-31 00:00:00-04:00,53.380086022844914,53.65948884403401,52.800831706398796,53.08023452758789,7001100,0.0,0.0
2018-09-04 00:00:00-04:00,53.15518693687276,53.27103673750371,52.69178253509392,52.909854888916016,5932300,0.0,0.0
2018-09-05 00:00:00-04:00,52.78720734792036,53.80260661350758,52.66454128099153,53.693572998046875,6004000,0.0,0.0
2018-09-06 00:00:00-04:00,53.65266442370259,53.911623705428156,53.271033925219676,53.577701568603516,4687200,0.0,0.0
2018-09-07 00:00:00-04:00,53.44139802004829,53.7616928796757,53.23695814316676,53.564064025878906,4986900,0.0,0.0
2018-09-10 00:00:00-04:00,53.87755852236112,54.40910963767442,53.38008332951899,53.414154052734375,3773000,0.0,0.0
2018-09-11 00:00:00-04:00,53.25060479060678,53.4346064660214,52.58957136273973,52.7803840637207,4306800,0.0,0.0
2018-09-12 00:00:00-04:00,52.99164061565661,55.58806571628632,52.71223261518435,54.552223205566406,9206100,0.0,0.0
2018-09-13 00:00:00-04:00,54.831625740591925,54.920215857765996,53.884373352074775,54.368221282958984,4132700,0.0,0.0
2018-09-14 00:00:00-04:00,54.48406622919982,54.518142147744236,53.564073620307674,54.061553955078125,3353600,0.0,0.0
2018-09-17 00:00:00-04:00,54.20466755477164,54.85206846204851,53.911632310589816,54.722591400146484,4276700,0.0,0.0
2018-09-18 00:00:00-04:00,54.85888035194938,55.16554282079858,54.231922967176914,54.7430305480957,4255700,0.0,0.0
2018-09-19 00:00:00-04:00,54.59992688660236,55.26777128548561,54.53859126672205,55.1382942199707,4147900,0.0,0.0
2018-09-20 00:00:00-04:00,55.17235820734197,56.39220223920642,55.12465504181678,56.25590896606445,5431500,0.0,0.0
2018-09-21 00:00:00-04:00,56.521686344301855,57.14864374015188,55.88791272479436,57.07368087768555,12837800,0.0,0.0
2018-09-24 00:00:00-04:00,56.91012517052217,57.07367813565683,55.09739450961592,55.615318298339844,7696700,0.0,0.0
2018-09-25 00:00:00-04:00,55.712076386577515,56.140579551394886,55.17299499165634,55.22828674316406,4876300,1.14,0.0
2018-09-26 00:00:00-04:00,55.38032698646905,56.14057533025903,55.25592319138625,55.63604736328125,5867400,0.0,0.0
2018-09-27 00:00:00-04:00,56.071458023001924,56.89390562807403,55.788097045358114,56.33409118652344,4945700,0.0,0.0
2018-09-28 00:00:00-04:00,56.354827880859375,56.87317618152264,56.02999543544454,56.354827880859375,5286200,0.0,0.0
2018-10-01 00:00:00-04:00,56.26499025421854,56.6105558341425,55.6014997006017,56.5483512878418,3718300,0.0,0.0
2018-10-02 00:00:00-04:00,56.679666192738836,57.72327041625976,56.66584061712635,57.723270416259766,5404700,0.0,0.0
2018-10-03 00:00:00-04:00,57.750916355803504,58.04810295684144,57.04596491327118,57.30168533325195,5948600,0.0,0.0
2018-10-04 00:00:00-04:00,56.852447789625586,57.95134374681167,56.70731088619981,57.93061065673828,5888000,0.0,0.0
2018-10-05 00:00:00-04:00,58.00664682978381,58.331479365465476,57.77857224861416,58.12413787841797,5448500,0.0,0.0
2018-10-08 00:00:00-04:00,58.12412980198222,58.960397877157156,58.12412980198222,58.67012405395508,6380300,0.0,0.0
2018-10-09 00:00:00-04:00,58.79451682261114,59.077883077409524,58.49041748046875,58.49041748046875,5369100,0.0,0.0
2018-10-10 00:00:00-04:00,58.57336183957661,59.589325419575,58.07574659444173,58.483516693115234,6532300,0.0,0.0
2018-10-11 00:00:00-04:00,58.48352928231638,58.746157263599066,56.29263917460117,56.88701248168945,9617400,0.0,0.0
2018-10-12 00:00:00-04:00,56.714229666208276,56.99759601459568,55.83649528364567,56.88701248168945,6419600,0.0,0.0
2018-10-15 00:00:00-04:00,56.92156877098425,58.64939685346213,56.85936421810037,57.702545166015625,4556500,0.0,0.0
2018-10-16 00:00:00-04:00,57.12200446140431,57.90298095214164,56.54836420222495,57.70946502685547,4232800,0.0,0.0
2018-10-17 00:00:00-04:00,57.69562196840707,58.82907646060452,57.3776970474804,58.442039489746094,5048700,0.0,0.0
2018-10-18 00:00:00-04:00,59.44417753315643,61.745639707222395,59.19536995656914,60.4877815246582,11167400,0.0,0.0
2018-10-19 00:00:00-04:00,61.04761906805477,61.5175884865535,60.88174378652875,61.393184661865234,6814600,0.0,0.0
2018-10-22 00:00:00-04:00,61.57287545902317,61.99446590862487,60.21825895336835,60.480892181396484,5273200,0.0,0.0
2018-10-23 00:00:00-04:00,60.57766240722523,61.70420458204886,60.55692931089621,61.165122985839844,7462200,0.0,0.0
2018-10-24 00:00:00-04:00,61.310242483218545,62.33311888527071,60.75734073779239,61.648895263671875,7649000,0.0,0.0
2018-10-25 00:00:00-04:00,61.46919910749688,63.017331229250836,60.74350937419041,62.63720703125,6933700,0.0,0.0
2018-10-26 00:00:00-04:00,62.46442100834892,63.038061032560584,61.08907172592223,61.51066207885742,7656700,0.0,0.0
2018-10-29 00:00:00-04:00,61.68343888762988,62.66484359658993,61.413898231970585,62.51970672607422,8138800,0.0,0.0
2018-10-30 00:00:00-04:00,63.03115698871304,64.06094616959392,62.11195659261549,62.526634216308594,6472300,0.0,0.0
2018-10-31 00:00:00-04:00,62.22945302552671,62.36767715446205,60.4808919572233,60.867923736572266,9509300,0.0,0.0
2018-11-01 00:00:00-04:00,61.047619210457,61.60052099809596,60.37030832492707,61.061439514160156,5630400,0.0,0.0
2018-11-02 00:00:00-04:00,60.94395365398705,61.36554413706156,60.17679754694412,61.33789825439453,5850200,0.0,0.0
2018-11-05 00:00:00-05:00,61.29641967181197,62.29164488201101,61.268773794735345,61.89079284667969,4633400,0.0,0.0
2018-11-06 00:00:00-05:00,61.34479231522833,61.80784884447955,61.08907193331237,61.35169982910156,6557200,0.0,0.0
2018-11-07 00:00:00-05:00,61.704184599188885,62.00828397463512,60.87482937713248,61.55904769897461,5779300,0.0,0.0
2018-11-08 00:00:00-05:00,61.372445484061615,62.14650896277502,61.16510403917082,61.84241485595703,3600800,0.0,0.0
2018-11-09 00:00:00-05:00,62.29856758154041,62.81000320655036,61.52449871897212,61.63508224487305,5182700,0.0,0.0
2018-11-12 00:00:00-05:00,60.867914031340064,61.35170367838726,60.39794468581778,60.79188919067383,5233400,0.0,0.0
2018-11-13 00:00:00-05:00,60.550001749471235,61.1651080641021,59.65152912637034,59.7137336730957,7054500,0.0,0.0
2018-11-14 00:00:00-05:00,60.16295280114595,60.16295280114595,58.877448780380455,59.091697692871094,6219100,0.0,0.0
2018-11-15 00:00:00-05:00,58.621742155022446,59.32669358657115,58.32455555861488,59.319786071777344,6377800,0.0,0.0
2018-11-16 00:00:00-05:00,59.2299320931637,59.748280408820015,59.11244107378042,59.665348052978516,5196700,0.0,0.0
2018-11-19 00:00:00-05:00,60.073109841143086,60.591458130719495,59.64461196308993,60.563812255859375,5402600,0.0,0.0
2018-11-20 00:00:00-05:00,61.040705568435605,61.489941889736606,59.81049291247245,59.817405700683594,4949200,0.0,0.0
2018-11-21 00:00:00-05:00,59.72754908714367,59.72754908714367,57.79238514851406,58.02045440673828,5915700,0.0,0.0
2018-11-23 00:00:00-05:00,57.39843801526348,58.50424668313458,57.39843801526348,58.089569091796875,2521100,0.0,0.0
2018-11-26 00:00:00-05:00,58.08958113064061,58.220892476815806,57.24640019885797,57.94443893432617,4347600,0.0,0.0
2018-11-27 00:00:00-05:00,58.19323882163384,58.93274891708262,58.061927492999644,58.780704498291016,4975900,0.0,0.0
2018-11-28 00:00:00-05:00,58.780708203496026,59.782846292294394,58.57336674302832,59.70682144165039,4754800,0.0,0.0
2018-11-29 00:00:00-05:00,59.78284552642954,60.22516904837592,59.623883039052416,60.100765228271484,4269300,0.0,0.0
2018-11-30 00:00:00-05:00,60.280448067440794,60.38411877443723,59.451087684380504,59.803565979003906,5651600,0.0,0.0
2018-12-03 00:00:00-05:00,59.80357632772821,60.22516674233306,58.766879624190814,60.18370056152344,6580600,0.0,0.0
2018-12-04 00:00:00-05:00,60.411784778273294,61.17893561069041,58.90511845021847,59.04334259033203,5325100,0.0,0.0
2018-12-06 00:00:00-05:00,59.11244898628949,59.22994002139956,57.84077014598946,58.94657897949219,6413000,0.0,0.0
2018-12-07 00:00:00-05:00,58.74613883693955,59.2644871207949,58.17249880397422,58.442039489746094,4780800,0.0,0.0
2018-12-10 00:00:00-05:00,58.83599217914206,58.898196723792964,57.55740062191699,58.20706558227539,5431900,0.0,0.0
2018-12-11 00:00:00-05:00,58.50424277348219,59.11934896865839,57.83384483037949,58.2830810546875,4989000,0.0,0.0
2018-12-12 00:00:00-05:00,59.029511886836396,59.29213981595276,57.8684113865181,57.93061065673828,7762200,0.0,0.0
2018-12-13 00:00:00-05:00,57.771656313744685,58.663216222839694,57.75092322075153,58.29000473022461,3992800,0.0,0.0
2018-12-14 00:00:00-05:00,57.97899390328464,58.006639783060045,56.79024743750395,57.0183219909668,5676800,0.0,0.0
2018-12-17 00:00:00-05:00,57.10816793375767,57.211838666118226,55.95398011999429,56.258079528808594,8359500,0.0,0.0
2018-12-18 00:00:00-05:00,55.331958659099634,55.51856702404062,51.93159463725854,51.952327728271484,13641300,0.0,0.0
2018-12-19 00:00:00-05:00,52.45760835641091,52.47164148109881,50.25403834675811,50.55580139160156,13595400,1.14,0.0
2018-12-20 00:00:00-05:00,50.16983043494438,50.176849675308965,48.23995160127865,48.47855758666992,19218400,0.0,0.0
2018-12-21 00:00:00-05:00,48.387309887575576,50.071568374933165,46.394274514648025,46.46445083618164,21310100,0.0,0.0
2018-12-24 00:00:00-05:00,46.618847351609176,47.046929922853,46.11356921151084,46.2960319519043,6647000,0.0,0.0
2018-12-26 00:00:00-05:00,46.35217331257483,46.92762775942726,45.439865001025844,46.92060852050781,9326100,0.0,0.0
2018-12-27 00:00:00-05:00,46.653932179338064,47.01183302067845,45.383717753636645,46.79428482055664,11009700,0.0,0.0
2018-12-28 00:00:00-05:00,47.47500959392343,48.47854657361682,46.94867912249215,47.20833206176758,8260000,0.0,0.0
2018-12-31 00:00:00-05:00,46.99781289928418,47.250452006653646,46.09954289713119,46.850440979003906,6663800,0.0,0.0
2019-01-02 00:00:00-05:00,46.40831091647206,47.559219804097864,46.134619495275096,47.23640441894531,6471200,0.0,0.0
2019-01-03 00:00:00-05:00,47.03289078421296,47.903094392882394,46.52059876621808,46.6258659362793,6178200,0.0,0.0
2019-01-04 00:00:00-05:00,47.039917812683655,48.82242469745852,46.98377459880612,48.80839157104492,7220700,0.0,0.0
2019-01-07 00:00:00-05:00,48.55574544294202,48.63294101233547,47.25745924174893,47.313602447509766,7807200,0.0,0.0
2019-01-08 00:00:00-05:00,47.496063390539675,47.91712670957904,47.3767630983988,47.62940216064453,7257700,0.0,0.0
2019-01-09 00:00:00-05:00,47.89606743829414,48.21888278146566,47.58027133309217,47.657466888427734,5924000,0.0,0.0
2019-01-10 00:00:00-05:00,47.84694957927902,48.22590816628918,47.69957768779349,47.825897216796875,8988200,0.0,0.0
2019-01-11 00:00:00-05:00,48.04343567302965,48.787314218178764,47.601320088403,48.77328109741211,7150400,0.0,0.0
2019-01-14 00:00:00-05:00,48.59083205655102,49.068038608350896,48.41538855006741,48.85750961303711,8408700,0.0,0.0
2019-01-15 00:00:00-05:00,48.66802221311608,49.58734972560481,48.56275505011535,49.47506332397461,6639200,0.0,0.0
2019-01-16 00:00:00-05:00,49.404889059448436,49.861043215392804,48.675043480759555,49.650508880615234,7360400,0.0,0.0
2019-01-17 00:00:00-05:00,49.55226869729475,51.05406481471838,49.34173432961013,50.89265441894531,7974500,0.0,0.0
2019-01-18 00:00:00-05:00,51.41195429740351,52.06460419901501,50.99089105374343,51.78389358520508,8715800,0.0,0.0
2019-01-22 00:00:00-05:00,51.48213486914164,51.83302182688982,50.42245475759132,51.09615707397461,10288300,0.0,0.0
2019-01-23 00:00:00-05:00,51.34879318304278,52.04355317471561,51.054049440332356,51.93126678466797,6260800,0.0,0.0
2019-01-24 00:00:00-05:00,51.615477250838886,51.804953865519515,49.34172575000865,50.21192932128906,13249600,0.0,0.0
2019-01-25 00:00:00-05:00,50.58387342754353,51.594424391149886,50.48562549155557,51.0400276184082,5211600,0.0,0.0
2019-01-28 00:00:00-05:00,50.955809896843775,52.28216231103652,50.62597526453255,52.17689514160156,6605300,0.0,0.0
2019-01-29 00:00:00-05:00,52.24706801617699,52.75936535137047,51.95934348312554,52.21900177001953,4798100,0.0,0.0
2019-01-30 00:00:00-05:00,52.527791883624715,52.85060733677655,52.183924063501706,52.26813888549805,6093700,0.0,0.0
2019-01-31 00:00:00-05:00,52.49269832905535,54.10677534695043,52.1628636861933,53.84010314941406,8512400,0.0,0.0
2019-02-01 00:00:00-05:00,54.057662227057996,54.07170070844094,52.86464830687857,53.14535903930664,7805500,0.0,0.0
2019-02-04 00:00:00-05:00,52.990960192477154,53.468166762243,52.8155166793884,53.36991882324219,5362200,0.0,0.0
2019-02-05 00:00:00-05:00,53.341838866439055,53.51026311348143,53.054108980052646,53.201480865478516,4760000,0.0,0.0
2019-02-06 00:00:00-05:00,53.012019164411676,53.41203020994397,52.871661123980836,52.990966796875,4993800,0.0,0.0
2019-02-07 00:00:00-05:00,54.56993696897294,55.17346291818709,53.173403129639674,53.847110748291016,6972400,0.0,0.0
2019-02-08 00:00:00-05:00,54.029586923266905,56.15596160784723,53.61554277068911,56.12789535522461,12070200,0.0,0.0
2019-02-11 00:00:00-05:00,55.833151215647696,56.16298593199155,55.38401617546815,55.475250244140625,7012000,0.0,0.0
2019-02-12 00:00:00-05:00,55.58049602753774,56.74544338236988,55.4190910134796,56.56298065185547,6144800,0.0,0.0
2019-02-13 00:00:00-05:00,56.815619987614,57.075278284080184,56.52789544395571,57.05422592163086,5248700,0.0,0.0
2019-02-14 00:00:00-05:00,56.92089710544556,57.89636266628188,56.8577346529444,57.440208435058594,5625500,0.0,0.0
2019-02-15 00:00:00-05:00,58.10687750964148,58.64022178607962,57.685808912092924,58.570045471191406,6435100,0.0,0.0
2019-02-19 00:00:00-05:00,58.61917917189468,58.738479462448126,57.98758152468448,58.520931243896484,5307100,0.0,0.0
2019-02-20 00:00:00-05:00,58.58408652927371,60.19816325929666,58.52092409521311,59.67885208129883,5633000,0.0,0.0
2019-02-21 00:00:00-05:00,59.685876217233066,60.22623979955744,59.32095076720518,60.05781555175781,5887200,0.0,0.0
2019-02-22 00:00:00-05:00,59.98763812160403,61.22977562664554,59.763070677309685,61.15959930419922,4317800,0.0,0.0
2019-02-25 00:00:00-05:00,61.34206112337444,61.54557084924165,60.7525682444556,60.77362060546875,5020100,0.0,0.0
2019-02-26 00:00:00-05:00,60.57012550778291,61.38418609625361,60.49292992252752,60.71048355102539,4756200,0.0,0.0
2019-02-27 00:00:00-05:00,61.25083561508417,61.47540308734225,60.864863116511984,61.24381637573242,4669900,0.0,0.0
2019-02-28 00:00:00-05:00,61.243799770049655,61.43328170239449,60.885898971815045,61.0122184753418,4290100,0.0,0.0
2019-03-01 00:00:00-05:00,61.34908806820264,61.54558395163742,60.87890072511068,61.41225051879883,4379100,0.0,0.0
2019-03-04 00:00:00-05:00,61.61575323142023,61.75610587585765,60.815731379084525,61.25082778930664,3711700,0.0,0.0
2019-03-05 00:00:00-05:00,60.92803110213936,61.53155729563786,60.73153519804437,61.04031753540039,5547100,0.0,0.0
2019-03-06 00:00:00-05:00,61.0403121967376,61.321017547115694,60.61924346294774,61.06837844848633,4938400,0.0,0.0
2019-03-07 00:00:00-05:00,61.10345956005744,61.15258352395889,60.62625304468168,61.03328323364258,4802400,0.0,0.0
2019-03-08 00:00:00-05:00,60.991182999620264,61.73506175179121,60.88591582519151,61.37013626098633,3865500,0.0,0.0
2019-03-11 00:00:00-04:00,61.482422526899725,62.80877500082286,61.482422526899725,62.626312255859375,6022500,0.0,0.0
2019-03-12 00:00:00-04:00,62.80877891974307,63.349142594863764,62.09297172808678,62.31753921508789,5669800,0.0,0.0
2019-03-13 00:00:00-04:00,62.38069426086238,63.01229197045466,62.163146020823774,62.80877685546875,4468900,0.0,0.0
2019-03-14 00:00:00-04:00,62.54911752365229,63.096505765881474,62.42981722323903,63.012290954589844,4534700,0.0,0.0
2019-03-15 00:00:00-04:00,62.850871720108,64.08599534121983,62.73859067497613,63.756160736083984,12348400,0.0,0.0
2019-03-18 00:00:00-04:00,64.02985981707882,64.07196989889758,63.552653271316004,63.671958923339844,5948500,0.0,0.0
2019-03-19 00:00:00-04:00,63.67196566415391,64.24742020489789,63.26493540618315,63.510555267333984,6075400,0.0,0.0
2019-03-20 00:00:00-04:00,63.37018203358965,63.87545471800021,63.06139982024735,63.678958892822266,5253800,0.0,0.0
2019-03-21 00:00:00-04:00,63.39827054225152,64.57023737535035,63.3210803159161,64.50006103515625,4262600,0.0,0.0
2019-03-22 00:00:00-04:00,64.33162662256417,65.0825246505845,63.95266798868785,63.98073959350586,5980000,0.0,0.0
2019-03-25 00:00:00-04:00,63.6253945930613,63.810167727633576,62.658896473322336,62.72996139526367,7938800,1.14,0.0
2019-03-26 00:00:00-04:00,62.97159081077671,63.561439984880714,62.73707168055615,62.957374572753906,5925700,0.0,0.0
2019-03-27 00:00:00-04:00,62.72997586098688,62.971603157594615,61.0812443509778,61.848758697509766,6483200,0.0,0.0
2019-03-28 00:00:00-04:00,61.827425199939434,62.5238744441521,61.749252159612325,62.02640914916992,5840000,0.0,0.0
2019-03-29 00:00:00-04:00,62.168552477849396,62.9005315668484,61.88428733268977,62.815250396728516,6314000,0.0,0.0
2019-04-01 00:00:00-04:00,62.80812913097771,63.12792938556128,62.495442416465245,62.68021011352539,4249600,0.0,0.0
2019-04-02 00:00:00-04:00,63.0000108757695,63.31269759280163,62.35330766513115,62.545188903808594,3995200,0.0,0.0
2019-04-03 00:00:00-04:00,62.21121059563976,62.43862170138626,60.534051657543635,60.98176574707031,7323500,0.0,0.0
2019-04-04 00:00:00-04:00,61.18072998246319,61.614233109639315,61.08123799477424,61.16651916503906,4672800,0.0,0.0
2019-04-05 00:00:00-04:00,61.19493670366444,61.29442867587861,60.34214682128412,60.71879577636719,5495000,0.0,0.0
2019-04-08 00:00:00-04:00,60.9533374451847,60.99598075420956,60.377704281478245,60.626434326171875,4439100,0.0,0.0
2019-04-09 00:00:00-04:00,60.569561721426304,61.14519465803416,60.47006432089422,61.00305938720703,3898900,0.0,0.0
2019-04-10 00:00:00-04:00,60.775651704321064,61.14519800680454,60.69748407846783,60.91067886352539,2855400,0.0,0.0
2019-04-11 00:00:00-04:00,60.94620825839263,61.116765154644014,60.740116190381976,60.7685432434082,3893400,0.0,0.0
2019-04-12 00:00:00-04:00,61.11676994710482,61.14519700236015,60.65483978754194,60.95331573486328,4652900,0.0,0.0
2019-04-15 00:00:00-04:00,61.18784592515089,61.607138288510484,61.0172889847218,61.251808166503906,3491300,0.0,0.0
2019-04-16 00:00:00-04:00,61.287333037235896,61.58581443656392,61.00306787792236,61.266014099121094,4544800,0.0,0.0
2019-04-17 00:00:00-04:00,61.41525508092958,61.472109199944484,60.51271898467362,60.74723815917969,4675700,0.0,0.0
2019-04-18 00:00:00-04:00,60.86092312484141,62.14721601431848,58.721834965986595,60.043663024902344,7765400,0.0,0.0
2019-04-22 00:00:00-04:00,59.794946368215115,60.68327158217351,59.63149756511459,59.901546478271484,3530300,0.0,0.0
2019-04-23 00:00:00-04:00,59.97971347302229,60.45585443835708,59.63859423967562,60.3421516418457,6397600,0.0,0.0
2019-04-24 00:00:00-04:00,60.21423291351701,60.28529783943656,59.10559946592805,60.01524353027344,4716500,0.0,0.0
2019-04-25 00:00:00-04:00,59.30458744983878,59.62438777102797,58.59392729862726,59.40407943725586,5241400,0.0,0.0
2019-04-26 00:00:00-04:00,59.65281265555735,60.49849451780857,59.61727748052805,60.23555374145508,3930300,0.0,0.0
2019-04-29 00:00:00-04:00,60.17159064871593,60.61930999128218,59.97260668397821,60.335044860839844,4416700,0.0,0.0
2019-04-30 00:00:00-04:00,60.28529350725248,62.20407347872573,60.10052037561466,61.514732360839844,5640300,0.0,0.0
2019-05-01 00:00:00-04:00,61.86297162156673,61.919820316037764,60.88936521074466,60.96043014526367,3655700,0.0,0.0
2019-05-02 00:00:00-04:00,60.7045808222766,61.6355491846799,60.20001283198153,60.34925079345703,2852800,0.0,0.0
2019-05-03 00:00:00-04:00,60.76854272977414,61.08122946660775,60.34925047856376,60.903564453125,2738800,0.0,0.0
2019-05-06 00:00:00-04:00,60.56245133537452,61.03859227553309,60.02234817026148,60.49138641357422,3307900,0.0,0.0
2019-05-07 00:00:00-04:00,60.12895282065598,60.29240161099267,59.006108536638635,60.001033782958984,4804400,0.0,0.0
2019-05-08 00:00:00-04:00,59.851794232252885,60.08631336550239,59.24062611512727,59.560420989990234,3224000,0.0,0.0
2019-05-09 00:00:00-04:00,59.25483713861137,59.85890256065214,58.75026911864462,59.64570236206055,3503200,0.0,0.0
2019-05-10 00:00:00-04:00,59.29747578094525,60.27107657078806,58.70051852485016,60.079200744628906,3318400,0.0,0.0
2019-05-13 00:00:00-04:00,59.58885413814448,59.61017307572795,59.07717794851394,59.48225402832031,2491200,0.0,0.0
2019-05-14 00:00:00-04:00,59.19087842071874,60.590879638890996,59.03453233638798,59.759403228759766,3157100,0.0,0.0
2019-05-15 00:00:00-04:00,59.51066170550137,60.8182788111529,59.34721295598558,60.6477165222168,3223700,0.0,0.0
2019-05-16 00:00:00-04:00,60.6548350313033,61.18072195752354,60.36346722611994,60.7685432434082,2928000,0.0,0.0
2019-05-17 00:00:00-04:00,60.93199955935007,61.969562724596315,60.320831398438266,61.692405700683594,3886200,0.0,0.0
2019-05-20 00:00:00-04:00,61.52183036305951,62.232490298140206,60.91777050262193,61.280208587646484,3131300,0.0,0.0
2019-05-21 00:00:00-04:00,61.43657609546976,61.61424115696263,60.85383491064946,60.946224212646484,3165300,0.0,0.0
2019-05-22 00:00:00-04:00,60.669053940468466,61.0883407917811,60.21423191583169,60.754329681396484,2886000,0.0,0.0
2019-05-23 00:00:00-04:00,60.754324163334395,61.31574623504578,60.66194031175115,61.28731918334961,2814700,0.0,0.0
2019-05-24 00:00:00-04:00,61.2731205507482,61.2731205507482,59.574643183028336,60.15027618408203,3283900,0.0,0.0
2019-05-28 00:00:00-04:00,59.709660179959485,59.709660179959485,57.50661491878786,57.9543342590332,8499900,0.0,0.0
2019-05-29 00:00:00-04:00,57.378702520029194,58.07515189548001,57.350275461652934,57.662967681884766,4282100,0.0,0.0
2019-05-30 00:00:00-04:00,57.790886505686245,57.96144343336409,56.390885062142665,56.56855010986328,3827700,0.0,0.0
2019-05-31 00:00:00-04:00,56.362452633780414,56.75331787028773,54.71372136489707,54.81321334838867,6420800,0.0,0.0
2019-06-03 00:00:00-04:00,55.08326521799699,55.88630916961798,54.628443193125925,55.864990234375,5160200,0.0,0.0
2019-06-04 00:00:00-04:00,56.24875346698782,56.49037532195943,55.55230411565136,55.78682327270508,3850900,0.0,0.0
2019-06-05 00:00:00-04:00,56.1066147656094,56.14214994066355,54.472099729341565,54.898494720458984,5201800,0.0,0.0
2019-06-06 00:00:00-04:00,55.11169620275377,55.91474021164637,54.79900400513945,54.86296081542969,4730500,0.0,0.0
2019-06-07 00:00:00-04:00,55.303577140618394,55.97870216910073,55.125912088711765,55.55230712890625,4590000,0.0,0.0
2019-06-10 00:00:00-04:00,55.53808915917948,55.70864606891455,54.464990865704095,54.69240188598633,4617000,0.0,0.0
2019-06-11 00:00:00-04:00,54.84164553441821,55.82236006616257,54.72083460343454,55.53098678588867,4607100,0.0,0.0
2019-06-12 00:00:00-04:00,55.24672043603457,55.722866873499996,54.72083342514759,54.87007141113281,3147000,0.0,0.0
2019-06-13 00:00:00-04:00,54.91981473693299,55.27514480683748,54.7705767582019,55.14011764526367,3555700,0.0,0.0
2019-06-14 00:00:00-04:00,55.28936123832434,55.69443730254898,54.749258012055954,54.86296081542969,5521300,0.0,0.0
2019-06-17 00:00:00-04:00,54.72792984105098,55.87919560727502,54.663967619646485,55.424373626708984,4917100,0.0,0.0
2019-06-18 00:00:00-04:00,55.61626384305403,55.68732877237693,54.18072732996117,54.79900360107422,5186100,0.0,0.0
2019-06-19 00:00:00-04:00,55.133017293921476,55.147228111683525,54.0670270388429,54.472103118896484,5512300,0.0,0.0
2019-06-20 00:00:00-04:00,54.91935422101802,55.849946888576575,54.5225934892376,55.676815032958984,7404800,1.14,0.0
2019-06-21 00:00:00-04:00,55.727304008253846,57.148441314697266,55.09969355457368,57.148441314697266,17187700,0.0,0.0
2019-06-24 00:00:00-04:00,56.70120024213043,57.24945767403151,56.051948744321756,56.14573287963867,6912100,0.0,0.0
2019-06-25 00:00:00-04:00,56.268343578294456,57.02580425104531,55.84993662565567,56.85988235473633,5568500,0.0,0.0
2019-06-26 00:00:00-04:00,56.917613072572586,56.917613072572586,55.69124804215124,55.82109832763672,6268500,0.0,0.0
2019-06-27 00:00:00-04:00,55.90765404435271,56.45591128958293,55.74894756517328,56.210636138916016,3951500,0.0,0.0
2019-06-28 00:00:00-04:00,56.42707069854981,56.67955584730213,56.015879026649344,56.650699615478516,8436200,0.0,0.0
2019-07-01 00:00:00-04:00,56.84546802944054,56.95367200046848,56.14571966339314,56.253929138183594,4227600,0.0,0.0
2019-07-02 00:00:00-04:00,56.5280503823654,57.58127780914486,56.23949364127575,57.53078079223633,4015200,0.0,0.0
2019-07-03 00:00:00-04:00,57.696712673554444,58.187257567014434,57.29994639804894,58.165611267089844,3860900,0.0,0.0
2019-07-05 00:00:00-04:00,57.96361921775659,58.01411623994952,56.600194114784635,57.79770278930664,3425200,0.0,0.0
2019-07-08 00:00:00-04:00,57.89149449257579,58.33875786440303,57.3648778531056,57.429805755615234,3203300,0.0,0.0
2019-07-09 00:00:00-04:00,57.45143506135278,57.86262668243711,56.9464648262537,57.307159423828125,3579300,0.0,0.0
2019-07-10 00:00:00-04:00,57.24945865444496,57.98527336205329,57.18453075167027,57.91313552856445,4297100,0.0,0.0
2019-07-11 00:00:00-04:00,58.021343653120745,58.99521814150774,57.79049928917892,58.62009811401367,4381000,0.0,0.0
2019-07-12 00:00:00-04:00,58.82931137701512,59.23328770456928,58.74274266235436,59.074581146240234,4257100,0.0,0.0
2019-07-15 00:00:00-04:00,59.153918982143075,59.290984701964476,58.490242187636845,58.771583557128906,5325300,0.0,0.0
2019-07-16 00:00:00-04:00,58.62730627768658,58.92307853394777,58.39646192070178,58.8509407043457,3071400,0.0,0.0
2019-07-17 00:00:00-04:00,58.793216517784444,59.110629509268506,58.32431246320912,58.46859359741211,2929600,0.0,0.0
2019-07-18 00:00:00-04:00,61.101683706817006,64.52828356590241,60.957408019519285,63.273067474365234,13397100,0.0,0.0
2019-07-19 00:00:00-04:00,63.74194937434833,64.91060184543987,63.38125477875051,64.00886535644531,7561700,0.0,0.0
2019-07-22 00:00:00-04:00,64.18201354346725,64.23972601434288,62.67430688848541,62.72480392456055,5366100,0.0,0.0
2019-07-23 00:00:00-04:00,63.1071487712967,63.186496543892595,62.162124890213434,62.58053207397461,4758400,0.0,0.0
2019-07-24 00:00:00-04:00,62.34243469228176,62.493925718509075,61.137716409597104,61.332489013671875,4316500,0.0,0.0
2019-07-25 00:00:00-04:00,61.51284815072742,62.248668138942286,61.13772822809244,61.77254867553711,3715600,0.0,0.0
2019-07-26 00:00:00-04:00,61.924040131428335,62.385734237001344,61.48399782662689,62.02503967285156,3348300,0.0,0.0
2019-07-29 00:00:00-04:00,62.248653828764844,62.78248011648164,61.92402549549956,62.58770751953125,4461400,0.0,0.0
2019-07-30 00:00:00-04:00,62.053907701250544,62.450674033976696,61.44072787193506,62.25590133666992,3952800,0.0,0.0
2019-07-31 00:00:00-04:00,61.996179841545604,62.32801816081208,59.28375533584151,60.31534194946289,6793000,0.0,0.0
2019-08-01 00:00:00-04:00,60.81310516196917,61.46956640077227,59.44968016223127,59.47853088378906,6385200,0.0,0.0
2019-08-02 00:00:00-04:00,59.65887179881985,60.99344593460546,59.06733300228028,60.71931457519531,6109100,0.0,0.0
2019-08-05 00:00:00-04:00,60.28650920266475,60.46685654448243,57.343239263296766,57.898712158203125,6849300,0.0,0.0
2019-08-06 00:00:00-04:00,58.51908878448144,58.901424146552756,58.11510712513618,58.66336441040039,6313100,0.0,0.0
2019-08-07 00:00:00-04:00,57.97084850526125,58.90865686013229,57.24224372197725,58.692237854003906,6434700,0.0,0.0
2019-08-08 00:00:00-04:00,58.74271848460391,59.67331114506946,58.65614980557372,59.500179290771484,3266600,0.0,0.0
2019-08-09 00:00:00-04:00,59.464120825465756,59.86809707638048,59.00243210905931,59.57954025268555,3068500,0.0,0.0
2019-08-12 00:00:00-04:00,59.478536573981664,59.90415905846755,58.951925546857694,59.42803955078125,2172500,0.0,0.0
2019-08-13 00:00:00-04:00,58.89422324174026,60.66884029635258,58.89422324174026,60.560630798339844,4476900,0.0,0.0
2019-08-14 00:00:00-04:00,60.243207807539314,60.430765018693315,59.88972317101202,60.11335754394531,6642500,0.0,0.0
2019-08-15 00:00:00-04:00,60.54618107283488,61.09443827274715,59.954642292637416,60.950157165527344,3980200,0.0,0.0
2019-08-16 00:00:00-04:00,61.12330068217858,61.685983297896826,61.07280366547982,61.253150939941406,3302500,0.0,0.0
2019-08-19 00:00:00-04:00,61.78699080703847,62.07554760986367,61.1593801736759,61.32530212402344,3108100,0.0,0.0
2019-08-20 00:00:00-04:00,61.2531456159237,61.30364262823335,59.363104362490986,59.87528991699219,3656000,0.0,0.0
2019-08-21 00:00:00-04:00,60.17828744225311,60.30813772206999,59.21162852876529,59.911376953125,3311100,0.0,0.0
2019-08-22 00:00:00-04:00,59.55068591071013,60.4957040848064,59.45690178403515,59.839237213134766,3681200,0.0,0.0
2019-08-23 00:00:00-04:00,59.72380535828724,60.12778150058362,58.18724852811377,58.591224670410156,4263800,0.0,0.0
2019-08-26 00:00:00-04:00,58.43252579668671,58.843717424735104,55.12135197668064,56.073585510253906,11518000,0.0,0.0
2019-08-27 00:00:00-04:00,54.17632662144641,54.39274557816666,49.970626357528445,51.723602294921875,41583100,0.0,0.0
2019-08-28 00:00:00-04:00,51.88230482169384,54.58751405465738,51.86787946077344,53.61363983154297,18953200,0.0,0.0
2019-08-29 00:00:00-04:00,54.30617369152455,54.573089655234035,51.658676863122196,52.45941925048828,13238200,0.0,0.0
2019-08-30 00:00:00-04:00,52.538775808731366,52.82011715135295,51.7596741658888,52.00494384765625,9045000,0.0,0.0
2019-09-03 00:00:00-04:00,51.94001821982483,52.5099163024105,51.29798232379743,52.4161376953125,4466900,0.0,0.0
2019-09-04 00:00:00-04:00,52.43778800796098,52.84176423957805,51.59375837581336,52.67584228515625,5386700,0.0,0.0
2019-09-05 00:00:00-04:00,52.94996346805984,52.96438882906582,51.85344890368719,51.90394592285156,6613400,0.0,0.0
2019-09-06 00:00:00-04:00,52.127596171892435,52.964404959143195,51.925608033720316,52.6397819519043,6130000,0.0,0.0
2019-09-09 00:00:00-04:00,52.66140014684242,52.94274143335338,52.24299318093732,52.8778190612793,5528100,0.0,0.0
2019-09-10 00:00:00-04:00,52.44498199899212,53.78676607908569,52.30070638976641,53.74348449707031,7401900,0.0,0.0
2019-09-11 00:00:00-04:00,53.77235437389956,54.45046201772572,53.46937221533332,54.15468978881836,8443100,0.0,0.0
2019-09-12 00:00:00-04:00,54.25569529463489,54.39276103977066,53.4188864652228,54.032066345214844,6242900,0.0,0.0
2019-09-13 00:00:00-04:00,53.60643724959587,53.94549110200636,52.66141902554725,52.69749069213867,10572800,0.0,0.0
2019-09-16 00:00:00-04:00,52.06988157465605,52.45943246968006,51.774109310303764,52.37286376953125,10547300,0.0,0.0
2019-09-17 00:00:00-04:00,52.986035494718436,52.99325092790224,51.8462447210087,51.95444869995117,7752700,0.0,0.0
2019-09-18 00:00:00-04:00,51.84624257414873,52.178080937944955,51.26191359324082,51.62260818481445,7359600,0.0,0.0
2019-09-19 00:00:00-04:00,51.57932482464149,52.084295034007106,51.29076806053435,51.73081588745117,8374200,0.0,0.0
2019-09-20 00:00:00-04:00,51.37013047298714,52.53878309942233,51.21863938315057,51.3629150390625,15987500,0.0,0.0
2019-09-23 00:00:00-04:00,51.2186360889011,52.495492623264404,50.908438495254416,51.940025329589844,6967500,0.0,0.0
2019-09-24 00:00:00-04:00,52.18202406139723,52.709999342063526,51.99136305759493,52.475341796875,8846900,1.17,0.0
2019-09-25 00:00:00-04:00,56.41317909194484,57.109816915490796,55.05656535443786,55.203224182128906,20435300,0.0,0.0
2019-09-26 00:00:00-04:00,54.93192101099924,55.59922614710484,54.477269559432514,55.210575103759766,5954400,0.0,0.0
2019-09-27 00:00:00-04:00,55.11523887832693,55.474556973000496,54.74125154201484,55.09323501586914,4142900,0.0,0.0
2019-09-30 00:00:00-04:00,55.11522799674667,55.86319692702045,55.01989472894757,55.67987060546875,4908900,0.0,0.0
2019-10-01 00:00:00-04:00,55.885227698281206,57.19051097185017,55.77523072243109,57.073184967041016,7555000,0.0,0.0
2019-10-02 00:00:00-04:00,57.07317063413158,57.27116066519725,55.87055001479183,56.25920104980469,7000600,0.0,0.0
2019-10-03 00:00:00-04:00,55.95120003398191,56.647837873520594,55.59187638694124,56.29584884643555,3550900,0.0,0.0
2019-10-04 00:00:00-04:00,56.046538437619866,57.469152868696725,55.9658743867025,57.40315246582031,4381300,0.0,0.0
2019-10-07 00:00:00-04:00,57.27116200339605,57.46915763376528,56.58918762207031,56.58918762207031,5370900,0.0,0.0
2019-10-08 00:00:00-04:00,56.25185793029884,56.743171217521926,55.76054464307576,56.00253677368164,5773900,0.0,0.0
2019-10-09 00:00:00-04:00,56.3985184686873,56.8458295955131,56.15652635482386,56.794498443603516,3831200,0.0,0.0
2019-10-10 00:00:00-04:00,57.22716274855051,57.410489126296504,56.471858967385344,57.014503479003906,3885800,0.0,0.0
2019-10-11 00:00:00-04:00,57.549808435233814,57.65979976601741,56.57451094132838,57.16115188598633,6289000,0.0,0.0
2019-10-14 00:00:00-04:00,56.41319835690758,57.23450261860745,55.84122090103774,57.21983337402344,4137500,0.0,0.0
2019-10-15 00:00:00-04:00,57.241811279990586,57.454470493375524,56.91182612506516,57.432472229003906,4085900,0.0,0.0
2019-10-16 00:00:00-04:00,57.51313851259386,58.51043423076307,57.51313851259386,58.004451751708984,7488400,0.0,0.0
2019-10-17 00:00:00-04:00,58.884438029086,58.9724311146811,57.1318382084036,58.554447174072266,8730300,0.0,0.0
2019-10-18 00:00:00-04:00,58.62776511769904,60.10171055393566,58.62776511769904,59.067752838134766,8444700,0.0,0.0
2019-10-21 00:00:00-04:00,58.91376683223345,60.05772732627782,58.884439532737765,59.984397888183594,4174900,0.0,0.0
2019-10-22 00:00:00-04:00,59.79373258738358,60.109054183796246,59.52240753173828,59.52240753173828,4396900,0.0,0.0
2019-10-23 00:00:00-04:00,59.647066538297274,60.2190495264234,59.529740567816994,59.969722747802734,3015300,0.0,0.0
2019-10-24 00:00:00-04:00,60.05037833197377,60.18237352682344,59.412400624420975,59.72772216796875,3665500,0.0,0.0
2019-10-25 00:00:00-04:00,59.28773634456394,60.22636629608592,59.06774809668112,60.11637496948242,3452600,0.0,0.0
2019-10-28 00:00:00-04:00,60.13103051200313,60.40968449297573,59.89637305574329,60.197025299072266,3537600,0.0,0.0
2019-10-29 00:00:00-04:00,59.79373420256484,60.461039332496206,59.59573857440914,60.02105712890625,3443300,0.0,0.0
2019-10-30 00:00:00-04:00,60.14570669578616,60.211707091291515,58.994417436798436,59.55173110961914,3644200,0.0,0.0
2019-10-31 00:00:00-04:00,59.83771626821461,60.1530377968604,59.08974726253263,59.72039031982422,4689400,0.0,0.0
2019-11-01 00:00:00-04:00,60.00638229667522,60.89368116037802,60.00638229667522,60.842350006103516,4291800,0.0,0.0
2019-11-04 00:00:00-05:00,60.637017481026994,61.582981996154444,60.44635653515409,61.18699645996094,4294100,0.0,0.0
2019-11-05 00:00:00-05:00,61.38497903780142,62.16961539612891,61.12832333081108,61.74429702758789,4820400,0.0,0.0
2019-11-06 00:00:00-05:00,61.854308465954595,62.11096423326373,61.26033289094259,61.37765884399414,4604700,0.0,0.0
2019-11-07 00:00:00-05:00,61.50233374442481,61.5316666355215,60.25571104886129,60.31437683105469,5217600,0.0,0.0
2019-11-08 00:00:00-05:00,60.27037766601765,61.35566661592932,59.933057825116634,61.2823371887207,5287600,0.0,0.0
2019-11-11 00:00:00-05:00,61.19434602878323,61.67099575614681,60.99635599155575,61.407005310058594,2992400,0.0,0.0
2019-11-12 00:00:00-05:00,61.39233401117423,61.964311374870924,61.22367129370324,61.93497848510742,3671200,0.0,0.0
2019-11-13 00:00:00-05:00,61.751662127332445,62.21364262795196,61.70033096059694,62.13298416137695,3671400,0.0,0.0
2019-11-14 00:00:00-05:00,62.103632994903265,62.103632994903265,61.26033070835327,61.33366012573242,2896700,0.0,0.0
2019-11-15 00:00:00-05:00,61.51699539400548,62.184306056751986,61.297001515266096,62.176971435546875,4611400,0.0,0.0
2019-11-18 00:00:00-05:00,62.330964912793746,62.565622439266605,62.0156433370949,62.176971435546875,3236800,0.0,0.0
2019-11-19 00:00:00-05:00,61.88363817169748,62.14029392581297,61.17233108552323,61.201663970947266,4845200,0.0,0.0
2019-11-20 00:00:00-05:00,61.025655318135655,62.770919556476734,60.98898782286207,61.21631622314453,5670100,0.0,0.0
2019-11-21 00:00:00-05:00,61.35565742341657,62.2576254675091,60.89367706600868,61.201663970947266,4030700,0.0,0.0
2019-11-22 00:00:00-05:00,61.399657524660924,61.83963960216437,60.39502721204293,60.409690856933594,4764400,0.0,0.0
2019-11-25 00:00:00-05:00,60.49771342783581,60.69570348285047,59.80107532926521,60.40238571166992,8015400,0.0,0.0
2019-11-26 00:00:00-05:00,60.541680651236426,61.054997691533195,59.92570691649049,60.32902145385742,5258500,0.0,0.0
2019-11-27 00:00:00-05:00,60.622356449041675,60.996343771856814,59.88905104452052,60.4830322265625,4130800,0.0,0.0
2019-11-29 00:00:00-05:00,60.29971102439961,60.96701609026312,60.29971102439961,60.81302261352539,2927900,0.0,0.0
2019-12-02 00:00:00-05:00,60.53437155940979,60.72502696217633,59.925726648705755,60.5710334777832,4402300,0.0,0.0
2019-12-03 00:00:00-05:00,60.8643482729817,60.91567942725621,59.9770494092789,60.842350006103516,4750300,0.0,0.0
2019-12-04 00:00:00-05:00,60.468374292663945,60.89369284954044,60.04305573578745,60.204383850097656,5053500,0.0,0.0
2019-12-05 00:00:00-05:00,60.18236799573654,60.446358361173736,59.69105476910229,60.409690856933594,5209800,0.0,0.0
2019-12-06 00:00:00-05:00,60.98169271592974,61.36300914335119,60.578372422301605,61.04768753051758,3787000,0.0,0.0
2019-12-09 00:00:00-05:00,61.428988446137424,61.54631999090202,61.1870019257434,61.296993255615234,3295500,0.0,0.0
2019-12-10 00:00:00-05:00,61.113675270997774,61.76632228732565,60.92301987669473,61.524330139160156,3496300,0.0,0.0
2019-12-11 00:00:00-05:00,61.78097178877476,62.41894941658177,61.59764546299204,62.213619232177734,3719700,0.0,0.0
2019-12-12 00:00:00-05:00,62.213621780611525,62.3309533193629,61.59764798619393,61.634315490722656,6104400,0.0,0.0
2019-12-13 00:00:00-05:00,61.59764931384106,62.25029062685412,61.34832818063419,62.08896255493164,5574800,0.0,0.0
2019-12-16 00:00:00-05:00,62.587628249058746,63.40159786591793,62.55829535538088,63.24760437011719,5594500,0.0,0.0
2019-12-17 00:00:00-05:00,62.94695433909231,63.291608889897056,62.49964303949338,63.027618408203125,5435500,0.0,0.0
2019-12-18 00:00:00-05:00,62.968126299456806,63.860240142751614,62.782269957756064,63.711551666259766,6240900,1.17,0.0
2019-12-19 00:00:00-05:00,63.86023372843949,64.11299560525934,63.637203872046214,63.92713928222656,5085200,0.0,0.0
2019-12-20 00:00:00-05:00,64.58879924481981,64.7374877337863,63.33984429693086,63.391883850097656,9379200,0.0,0.0
2019-12-23 00:00:00-05:00,63.62980486188555,64.03869127798764,63.57776528818967,63.94947814941406,3992400,0.0,0.0
2019-12-24 00:00:00-05:00,63.94944619091142,64.23938729590652,63.80076338948061,64.016357421875,1233800,0.0,0.0
2019-12-26 00:00:00-05:00,64.11300112095903,64.31372914335876,63.570303787270085,63.95688247680664,2549100,0.0,0.0
2019-12-27 00:00:00-05:00,63.94946024152556,64.26170326815102,63.77847554950086,64.16505432128906,2326500,0.0,0.0
2019-12-30 00:00:00-05:00,64.22451698435715,64.4326751795603,63.577734873359816,63.711551666259766,2568800,0.0,0.0
2019-12-31 00:00:00-05:00,63.71898237277436,63.85279915488967,63.0275966104928,63.258056640625,3718900,0.0,0.0
2020-01-02 00:00:00-05:00,63.57031245392958,64.06097030646002,63.01274336084864,63.33241653442383,5107200,0.0,0.0
2020-01-03 00:00:00-05:00,63.213451385498054,63.88997112066453,63.08707044768173,63.21345138549805,3806700,0.0,0.0
2020-01-06 00:00:00-05:00,63.12428081563299,64.01638941381628,62.72283024488407,63.94947814941406,7041400,0.0,0.0
2020-01-07 00:00:00-05:00,63.65952330205955,64.5516373020935,63.391889669238005,64.23196411132812,4311600,0.0,0.0
2020-01-08 00:00:00-05:00,64.52932598151706,65.68163193039933,64.25425654593178,65.451171875,5337600,0.0,0.0
2020-01-09 00:00:00-05:00,65.69650413036943,65.91952834550835,64.9902466027154,65.62959289550781,6180100,0.0,0.0
2020-01-10 00:00:00-05:00,66.13510390514952,66.16484159323323,64.92332289312924,65.01996612548828,4411000,0.0,0.0
2020-01-13 00:00:00-05:00,64.9828190698079,65.75597651993027,64.87873429225611,65.2876205444336,5402900,0.0,0.0
2020-01-14 00:00:00-05:00,65.19840694415316,65.37683312837957,64.8564319322146,65.10919952392578,5129300,0.0,0.0
2020-01-15 00:00:00-05:00,64.90847101983407,66.08308453409367,64.90104084945887,65.65933227539062,4155400,0.0,0.0
2020-01-16 00:00:00-05:00,65.88237794705158,66.06823434488832,65.56270471589687,65.8377685546875,2602300,0.0,0.0
2020-01-17 00:00:00-05:00,65.85260997581828,66.0756341475845,65.22812981672693,65.93438720703125,5908400,0.0,0.0
2020-01-21 00:00:00-05:00,65.74854887425278,66.15742947024582,65.34709844903131,66.06822204589844,6373200,0.0,0.0
2020-01-22 00:00:00-05:00,65.84519435740359,66.26151081006618,65.78571895791285,66.1500015258789,4595700,0.0,0.0
2020-01-23 00:00:00-05:00,65.83775425289707,66.03104645278725,64.69287841029507,64.73748779296875,4592100,0.0,0.0
2020-01-24 00:00:00-05:00,64.55161859094883,64.92333123191219,63.66694069045292,64.04608917236328,3888700,0.0,0.0
2020-01-27 00:00:00-05:00,63.52568854451288,63.860233326999776,62.871476333428575,62.975555419921875,3795400,0.0,0.0
2020-01-28 00:00:00-05:00,62.85660764363884,63.14654303963621,62.499761025242684,62.953250885009766,5263700,0.0,0.0
2020-01-29 00:00:00-05:00,63.0945152845033,63.3324111839109,62.40312944061785,62.41799545288086,4418500,0.0,0.0
2020-01-30 00:00:00-05:00,61.86040832927883,62.8417293365469,61.35487898178413,62.69304656982422,5625100,0.0,0.0
2020-01-31 00:00:00-05:00,62.588989263772625,62.670766515472955,61.16160811620336,61.48128128051758,4861600,0.0,0.0
2020-02-03 00:00:00-05:00,61.43665497043628,62.58896624097455,61.43665497043628,61.704288482666016,3356400,0.0,0.0
2020-02-04 00:00:00-05:00,61.7191606647253,62.52949712223321,61.570477886116144,62.15034866333008,4615900,0.0,0.0
2020-02-05 00:00:00-05:00,62.15035819427987,63.02760033512436,62.15035819427987,62.40312576293945,4860800,0.0,0.0
2020-02-06 00:00:00-05:00,63.0424650635043,66.01616613872838,62.87891059686543,64.06838989257812,7306200,0.0,0.0
2020-02-07 00:00:00-05:00,64.15762319226295,65.2281520599439,64.09814779075666,65.01255798339844,4654600,0.0,0.0
2020-02-10 00:00:00-05:00,64.93077137520616,65.99386991854286,64.61110389988188,65.97900390625,6392400,0.0,0.0
2020-02-11 00:00:00-05:00,65.97900093234884,67.03466358601392,65.68906549467864,66.4919662475586,4975000,0.0,0.0
2020-02-12 00:00:00-05:00,66.1648584539028,66.38788833542296,64.9530771330865,65.34709167480469,4086100,0.0,0.0
2020-02-13 00:00:00-05:00,66.04590238765198,66.70755613739404,65.07945287944572,66.03103637695312,4322800,0.0,0.0
2020-02-14 00:00:00-05:00,66.07563615826717,66.33583954107253,65.42885980139076,65.79313659667969,3348600,0.0,0.0
2020-02-18 00:00:00-05:00,65.6370143774132,65.71135576619498,64.71516867837336,65.0051040649414,3606200,0.0,0.0
2020-02-19 00:00:00-05:00,65.28015956388619,65.39911030849059,64.58877395855318,65.33219909667969,4372000,0.0,0.0
2020-02-20 00:00:00-05:00,65.0497077638336,65.25043008073287,64.03864899512497,65.0051040649414,3076400,0.0,0.0
2020-02-21 00:00:00-05:00,64.57394110924903,66.68526686316086,64.44012428879782,66.64066314697266,6314300,0.0,0.0
2020-02-24 00:00:00-05:00,65.5849885352575,65.83032027416998,63.47365748722787,63.61491012573242,6497400,0.0,0.0
2020-02-25 00:00:00-05:00,63.88253642296699,64.78951619884089,62.54436861071291,63.1911506652832,6125500,0.0,0.0
2020-02-26 00:00:00-05:00,63.19116343622622,64.39551471065447,63.04991078530641,64.12044525146484,7929700,0.0,0.0
2020-02-27 00:00:00-05:00,63.0870720070384,65.0125408297023,61.75634002685547,61.75634002685547,8930500,0.0,0.0
2020-02-28 00:00:00-05:00,60.217460381805196,60.938583963014985,57.786461699058435,60.86424255371094,13650600,0.0,0.0
2020-03-02 00:00:00-05:00,60.670955087451986,63.2209047616206,60.076212422827304,63.16886520385742,6916400,0.0,0.0
2020-03-03 00:00:00-05:00,63.101940392831985,64.6408306094044,61.44410507204004,62.07601547241211,6034700,0.0,0.0
2020-03-04 00:00:00-05:00,62.700499760057085,66.00131057461691,62.55925278137301,65.97157287597656,5675300,0.0,0.0
2020-03-05 00:00:00-05:00,64.44011767404844,66.29868128293091,64.30630086733346,65.3173599243164,6587500,0.0,0.0
2020-03-06 00:00:00-05:00,62.87147711228334,65.09431716119097,62.25443275479705,64.87872314453125,6596900,0.0,0.0
2020-03-09 00:00:00-04:00,61.08726046409914,63.0573388022876,58.96849932267906,60.68581008911133,10717700,0.0,0.0
2020-03-10 00:00:00-04:00,61.91247757050196,63.168868538097286,60.128255154337765,62.990447998046875,7496100,0.0,0.0
2020-03-11 00:00:00-04:00,60.99061889095217,61.481276692654276,58.79751061555779,59.355079650878906,7083200,0.0,0.0
2020-03-12 00:00:00-04:00,54.671501850853936,57.11737197464103,52.240497738690514,53.71248245239258,11487200,0.0,0.0
2020-03-13 00:00:00-04:00,55.846123891083074,59.31791950847497,53.78683214291122,59.102325439453125,11013100,0.0,0.0
2020-03-16 00:00:00-04:00,52.60477721650877,55.50413709806902,50.85772884937794,51.742401123046875,10163400,0.0,0.0
2020-03-17 00:00:00-04:00,53.2812995144831,55.85355083650847,52.485834526665684,55.006046295166016,11051400,0.0,0.0
2020-03-18 00:00:00-04:00,52.24049568876044,54.62689600052447,44.47913906399968,48.255741119384766,14720100,0.0,0.0
2020-03-19 00:00:00-04:00,47.77251436130539,49.97305270664563,45.3563791488793,49.385746002197266,9453600,0.0,0.0
2020-03-20 00:00:00-04:00,49.113324195629744,49.385756033397435,45.62468861481292,46.2300910949707,12175000,1.17,0.0
2020-03-23 00:00:00-04:00,44.6182054976019,45.844148790954364,42.385781103050334,45.39009475708008,14031200,0.0,0.0
2020-03-24 00:00:00-04:00,46.12413638346216,50.02898517298664,45.995486759494355,48.12953186035156,9328700,0.0,0.0
2020-03-25 00:00:00-04:00,46.623593791829556,51.898167763965155,46.16953986047259,49.998714447021484,9075300,0.0,0.0
2020-03-26 00:00:00-04:00,50.0441248726594,54.51654243727966,49.93061642569795,53.85060119628906,7830700,0.0,0.0
2020-03-27 00:00:00-04:00,52.057100761134855,54.16844480605813,50.99764416092466,52.329532623291016,7972300,0.0,0.0
2020-03-30 00:00:00-04:00,53.21492894661572,55.24302943631659,52.98790048881789,54.90249252319336,6361400,0.0,0.0
2020-03-31 00:00:00-04:00,54.91761220459391,56.77165633952311,54.63761127532732,55.212745666503906,11601800,0.0,0.0
2020-04-01 00:00:00-04:00,52.79870933907305,54.478703675090266,52.42790159891666,53.82033157348633,6497600,0.0,0.0
2020-04-02 00:00:00-04:00,53.169525062673245,56.80193993814131,53.06357998965377,56.257076263427734,6143500,0.0,0.0
2020-04-03 00:00:00-04:00,57.089496420401346,57.13489979123542,55.0689598147038,55.591121673583984,5254100,0.0,0.0
2020-04-06 00:00:00-04:00,57.0440859533148,57.974895448835234,56.12085138418718,57.271114349365234,6293100,0.0,0.0
2020-04-07 00:00:00-04:00,58.17165847722972,58.47435533566453,55.78788318883443,56.385719299316406,7069800,0.0,0.0
2020-04-08 00:00:00-04:00,56.885169629879854,57.44517147943519,56.27220103013563,56.499229431152344,6565800,0.0,0.0
2020-04-09 00:00:00-04:00,57.45273148911579,58.82245942072069,56.70354704741734,57.01381301879883,9281000,0.0,0.0
2020-04-13 00:00:00-04:00,56.764099843795215,57.1197750265561,55.75004682654678,55.961936950683594,6382000,0.0,0.0
2020-04-14 00:00:00-04:00,56.26462832292125,58.61056329975593,56.113279914185476,58.40624237060547,6154200,0.0,0.0
2020-04-15 00:00:00-04:00,57.21057037025028,57.38462623668985,55.82570991196496,57.08949279785156,5730300,0.0,0.0
2020-04-16 00:00:00-04:00,57.513263447984414,57.87650765223755,56.166243201526626,57.05164337158203,4531900,0.0,0.0
2020-04-17 00:00:00-04:00,57.831119541323744,59.68516967219219,57.657069413974874,58.99652099609375,5352200,0.0,0.0
2020-04-20 00:00:00-04:00,57.619214284226985,59.13272136975661,57.339213394918325,58.16407775878906,5953700,0.0,0.0
2020-04-21 00:00:00-04:00,55.22788548362931,57.15003472839778,54.1835617219262,54.69815444946289,7726900,0.0,0.0
2020-04-22 00:00:00-04:00,55.75003798780505,55.893823023633104,54.37274662570189,55.28841781616211,4868300,0.0,0.0
2020-04-23 00:00:00-04:00,55.288406701971034,55.553275035477675,54.297061503252216,54.31976318359375,5332400,0.0,0.0
2020-04-24 00:00:00-04:00,54.86463403760161,55.97706271358375,54.71328563244376,55.75003433227539,4193500,0.0,0.0
2020-04-27 00:00:00-04:00,56.03761942603536,56.91545080399696,55.69707676266836,56.69599151611328,3915900,0.0,0.0
2020-04-28 00:00:00-04:00,57.747874358641795,59.37489600665076,57.5965259245086,58.459224700927734,5487400,0.0,0.0
2020-04-29 00:00:00-04:00,59.17814947822241,59.35977456139803,57.785725148651885,57.89167022705078,4583600,0.0,0.0
2020-04-30 00:00:00-04:00,57.4754355140215,57.63435885602783,55.07652790823259,56.453819274902344,9192200,0.0,0.0
2020-05-01 00:00:00-04:00,56.41599847328475,56.67329199567459,55.1749226949463,55.454917907714844,4782300,0.0,0.0
2020-05-04 00:00:00-04:00,55.258152277334375,55.5457223765666,53.83545740899375,55.47761154174805,4589800,0.0,0.0
2020-05-05 00:00:00-04:00,55.86356608529992,56.272213835982576,54.630059452116384,54.63762283325195,3696400,0.0,0.0
2020-05-06 00:00:00-04:00,54.81166454601318,54.879769600024595,52.63221621406964,54.10788345336914,7199100,0.0,0.0
2020-05-07 00:00:00-04:00,55.03869599240633,55.03869599240633,53.02572849426076,53.07870101928711,7019200,0.0,0.0
2020-05-08 00:00:00-04:00,54.10032108135702,54.81167141590655,53.96410518268951,54.48626708984375,5573700,0.0,0.0
2020-05-11 00:00:00-04:00,54.29707375573864,54.47869301302524,53.615994323948755,53.94139862060547,3916800,0.0,0.0
2020-05-12 00:00:00-04:00,54.35762246966915,54.667888500467726,52.874385833740234,52.874385833740234,4703300,0.0,0.0
2020-05-13 00:00:00-04:00,52.723016521737215,52.96517741797057,51.67869873927546,52.05707550048828,4541200,0.0,0.0
2020-05-14 00:00:00-04:00,51.837637169970584,51.89060970693856,50.58899220021279,51.42898941040039,5878300,0.0,0.0
2020-05-15 00:00:00-04:00,51.94356364731661,51.99653616531961,51.05059421985774,51.292755126953125,3727000,0.0,0.0
2020-05-18 00:00:00-04:00,52.71547072316305,52.8743883230401,51.45925668569711,51.64844512939453,6661100,0.0,0.0
2020-05-19 00:00:00-04:00,51.36087766033748,51.94357549123444,50.86141742793486,51.84519958496094,4830600,0.0,0.0
2020-05-20 00:00:00-04:00,52.05708010013282,53.3662605764055,51.519785744565056,53.328426361083984,5298200,0.0,0.0
2020-05-21 00:00:00-04:00,53.14681429756105,54.251673994387716,52.84411166622865,53.35113525390625,6851900,0.0,0.0
2020-05-22 00:00:00-04:00,53.35112581494825,53.457070851134766,52.601941409466,53.31328582763672,2605300,0.0,0.0
2020-05-26 00:00:00-04:00,54.16086029244438,54.84193975470459,54.123020299262905,54.58464050292969,5627800,0.0,0.0
2020-05-27 00:00:00-04:00,55.62139175385433,56.07544277672242,55.24301493920226,55.931663513183594,5959800,0.0,0.0
2020-05-28 00:00:00-04:00,56.75654038156105,56.75654038156105,55.59870788154902,55.62897872924805,5536000,0.0,0.0
2020-05-29 00:00:00-04:00,55.2051891289881,55.71221857877838,54.38033023247781,55.51546096801758,7185900,0.0,0.0
2020-06-01 00:00:00-04:00,55.50789255445203,56.264646388251165,55.50789255445203,55.84086608886719,3309300,0.0,0.0
2020-06-02 00:00:00-04:00,56.24950702305855,56.24950702305855,55.394371599594905,55.79545593261719,3869800,0.0,0.0
2020-06-03 00:00:00-04:00,56.340303023652815,56.45381721799057,55.89382117244855,56.15868377685547,5182400,0.0,0.0
2020-06-04 00:00:00-04:00,55.99978306097914,56.96085787854523,55.63653868453559,56.90032196044922,4206700,0.0,0.0
2020-06-05 00:00:00-04:00,57.891664763757134,58.4062575703779,57.34680111279712,57.44518280029297,5395600,0.0,0.0
2020-06-08 00:00:00-04:00,57.10462486688128,58.86029295423323,56.83219311422566,58.79975128173828,5141100,0.0,0.0
2020-06-09 00:00:00-04:00,58.32299407893078,58.33812660909529,57.08191875687729,57.24840545654297,4315400,0.0,0.0
2020-06-10 00:00:00-04:00,57.61164935037569,57.8084069025006,56.85489575220334,56.862464904785156,4464300,0.0,0.0
2020-06-11 00:00:00-04:00,56.1132880584974,56.332747324516895,53.911132018268106,53.918701171875,5981300,0.0,0.0
2020-06-12 00:00:00-04:00,54.96302498463006,55.068970051986064,52.88952124321128,53.29059982299805,6713100,0.0,0.0
2020-06-15 00:00:00-04:00,52.7457383061508,54.788977059564075,52.58682069870311,54.63762283325195,6254900,0.0,0.0
2020-06-16 00:00:00-04:00,56.18138851501453,56.85489879150615,55.73490663953962,56.499229431152344,5955800,0.0,0.0
2020-06-17 00:00:00-04:00,56.68085314465923,57.01382084580716,55.88625945219361,56.06787872314453,4486000,0.0,0.0
2020-06-18 00:00:00-04:00,55.62139144204866,56.590035158356365,55.51544639642576,56.453819274902344,3794300,0.0,0.0
2020-06-19 00:00:00-04:00,56.82287084395425,57.15345421655785,55.446697311362286,55.50819778442383,9201500,1.17,0.0
2020-06-22 00:00:00-04:00,55.62352260949028,55.9156747952073,55.17761043749824,55.38519287109375,4107200,0.0,0.0
2020-06-23 00:00:00-04:00,56.023297326066306,56.100177304612785,54.93927027219192,54.96233367919922,5238600,0.0,0.0
2020-06-24 00:00:00-04:00,54.37803870231681,54.72400152298787,53.647664275082406,53.88599395751953,5179200,0.0,0.0
2020-06-25 00:00:00-04:00,53.89368306019794,54.37034828484954,53.540030486643275,54.331905364990234,4610500,0.0,0.0
2020-06-26 00:00:00-04:00,54.03206485930187,54.293463788326655,52.56363811893234,52.94804382324219,9265400,0.0,0.0
2020-06-29 00:00:00-04:00,53.332452058784405,54.2934663651701,53.06336336054374,54.20889663696289,2953700,0.0,0.0
2020-06-30 00:00:00-04:00,53.84756046274165,54.17814965647789,53.378584958474725,53.86293411254883,4626300,0.0,0.0
2020-07-01 00:00:00-04:00,53.91674186186673,54.58560989756728,53.72453901011474,53.80910873413086,3565900,0.0,0.0
2020-07-02 00:00:00-04:00,54.58562252167843,54.747072250620995,53.962887014961815,54.17046356201172,3493700,0.0,0.0
2020-07-06 00:00:00-04:00,54.7240112062542,54.87777118363406,53.816813262351864,54.278099060058594,3562800,0.0,0.0
2020-07-07 00:00:00-04:00,53.81679903920258,56.284682976989565,53.33244995945337,56.07710647583008,8160600,0.0,0.0
2020-07-08 00:00:00-04:00,56.12323339424889,56.70753171304054,55.016143077710105,55.58506774902344,7498900,0.0,0.0
2020-07-09 00:00:00-04:00,55.116098655209925,55.50818829944391,53.716861951119,53.9244384765625,4345400,0.0,0.0
2020-07-10 00:00:00-04:00,54.35496058229865,56.192419255898905,54.20889041308354,56.09247589111328,5429100,0.0,0.0
2020-07-13 00:00:00-04:00,55.93871823910443,56.79978323979287,55.69269882954125,56.50763702392578,5269400,0.0,0.0
2020-07-14 00:00:00-04:00,56.21550456541291,57.23033561141151,55.669649050158874,57.13038635253906,4781000,0.0,0.0
2020-07-15 00:00:00-04:00,57.49171869855374,57.92994098590377,57.29951583803942,57.660858154296875,3909600,0.0,0.0
2020-07-16 00:00:00-04:00,57.48403859510004,58.08371654768425,57.15344938487675,57.92995071411133,3691800,0.0,0.0
2020-07-17 00:00:00-04:00,58.27591761937382,58.27591761937382,57.437909982897516,57.683929443359375,3299400,0.0,0.0
2020-07-20 00:00:00-04:00,57.353340447290954,57.499416518747836,55.71577395766892,56.038673400878906,5448500,0.0,0.0
2020-07-21 00:00:00-04:00,57.8376881488922,59.13697551495305,57.583978961846874,58.3681640625,6862900,0.0,0.0
2020-07-22 00:00:00-04:00,58.62188276491667,58.67569934070113,56.92280988307366,58.42967987060547,4904900,0.0,0.0
2020-07-23 00:00:00-04:00,58.3374111977795,58.72950668288685,57.8376884435915,58.660316467285156,5116900,0.0,0.0
2020-07-24 00:00:00-04:00,59.19847564992068,59.87502754574485,58.63724076745583,59.083152770996094,5695000,0.0,0.0
2020-07-27 00:00:00-04:00,59.04472732520785,60.50546452676596,58.89865125882547,60.3824577331543,7595800,0.0,0.0
2020-07-28 00:00:00-04:00,60.382462941447976,61.00519845194351,59.88273423517408,59.94424057006836,4312300,0.0,0.0
2020-07-29 00:00:00-04:00,59.85196911147037,60.497773767718066,59.32149320928614,60.267127990722656,4635800,0.0,0.0
2020-07-30 00:00:00-04:00,59.7827805782544,60.09799022573879,59.34455828209693,59.5444450378418,3422600,0.0,0.0
2020-07-31 00:00:00-04:00,59.78278844045634,59.78278844045634,58.51424819562411,59.05241394042969,4995100,0.0,0.0
2020-08-03 00:00:00-04:00,58.83713912963867,59.08315855817822,58.375853434322764,58.83713912963867,3171600,0.0,0.0
2020-08-04 00:00:00-04:00,58.46041810597286,59.490622540880516,58.42966494686983,59.27535629272461,3399100,0.0,0.0
2020-08-05 00:00:00-04:00,59.35224535610736,59.59058090930022,58.783326489402086,59.16773223876953,4204000,0.0,0.0
2020-08-06 00:00:00-04:00,58.737199564965145,59.35224524344584,58.621876667260565,59.29074478149414,2440100,0.0,0.0
2020-08-07 00:00:00-04:00,58.87558440471955,59.5905793140248,58.6449386150471,59.582889556884766,2912300,0.0,0.0
2020-08-10 00:00:00-04:00,59.4752422661374,60.32093351774759,59.398362309730054,60.25174331665039,4291400,0.0,0.0
2020-08-11 00:00:00-04:00,61.04362018100483,61.435715597846944,60.290182504089096,60.52082824707031,4574400,0.0,0.0
2020-08-12 00:00:00-04:00,60.97442660584866,61.55103512132114,60.736096963100884,61.266578674316406,4922200,0.0,0.0
2020-08-13 00:00:00-04:00,60.628469635223745,60.728413009184095,59.85196845117579,60.07492446899414,3925900,0.0,0.0
2020-08-14 00:00:00-04:00,59.790465800754184,60.19794080938104,59.48294590335694,59.74433898925781,2829700,0.0,0.0
2020-08-17 00:00:00-04:00,59.55213899613287,60.38245683655664,59.244613218320396,60.16719055175781,2542800,0.0,0.0
2020-08-18 00:00:00-04:00,60.467012135718456,61.0589942775807,60.15948643132712,60.874481201171875,2590700,0.0,0.0
2020-08-19 00:00:00-04:00,60.9898137997537,61.3280868495212,60.42088910295376,60.50545883178711,4483900,0.0,0.0
2020-08-20 00:00:00-04:00,60.24406196009641,60.56696134136218,59.97497914237493,60.13642883300781,2690700,0.0,0.0
2020-08-21 00:00:00-04:00,60.20562679501933,60.420893076911305,59.49832162149817,60.013423919677734,2790000,0.0,0.0
2020-08-24 00:00:00-04:00,60.19023936509536,61.42802606814533,59.99803653375921,61.22044372558594,2484400,0.0,0.0
2020-08-25 00:00:00-04:00,61.74324445615212,61.85856734449339,60.935995968894765,61.2127685546875,3365500,0.0,0.0
2020-08-26 00:00:00-04:00,60.559288145907026,61.57411923995412,60.15181892970459,61.48955535888672,3648600,0.0,0.0
2020-08-27 00:00:00-04:00,61.566419651143946,62.44286419685231,61.15895053882268,61.504913330078125,3502000,0.0,0.0
2020-08-28 00:00:00-04:00,61.297330607402756,62.11995850508184,60.85910837902353,62.07382583618164,3119200,0.0,0.0
2020-08-31 00:00:00-04:00,61.89700520940377,62.06614464975423,61.31270692425634,61.34346008300781,3582800,0.0,0.0
2020-09-01 00:00:00-04:00,60.843729479342294,61.12050203326644,60.459323806177096,60.766849517822266,3285500,0.0,0.0
2020-09-02 00:00:00-04:00,60.64385789254154,61.820144586939705,60.613104724168345,61.48955535888672,3321800,0.0,0.0
2020-09-03 00:00:00-04:00,61.943130896991086,62.74269541340549,60.53620470371674,60.98211669921875,4024000,0.0,0.0
2020-09-04 00:00:00-04:00,61.4818503017614,61.82781309513088,60.23637368761307,60.85142517089844,4107100,0.0,0.0
2020-09-08 00:00:00-04:00,61.066700132388966,61.18970692723513,59.88272967096641,60.75917434692383,4235200,0.0,0.0
2020-09-09 00:00:00-04:00,61.312711545747355,62.63506814390791,61.166635497058586,61.86625671386719,4483800,0.0,0.0
2020-09-10 00:00:00-04:00,61.812462523272494,62.45057764892708,61.32810739305783,61.820152282714844,3402800,0.0,0.0
2020-09-11 00:00:00-04:00,62.08921538270679,62.65813422286266,61.75093646206851,62.450557708740234,3007800,0.0,0.0
2020-09-14 00:00:00-04:00,62.75039854681272,63.49614079619064,62.512062986371205,62.99641799926758,3989600,0.0,0.0
2020-09-15 00:00:00-04:00,63.28854660287627,63.44230651816032,62.55817820692989,62.581241607666016,3199200,0.0,0.0
2020-09-16 00:00:00-04:00,62.85801814172882,63.227044308084956,61.9200673484288,61.96619415283203,4103700,0.0,0.0
2020-09-17 00:00:00-04:00,61.8047554218146,62.0200217012553,60.8591205706192,61.097450256347656,5257000,0.0,0.0
2020-09-18 00:00:00-04:00,60.54390708877047,61.17433229938961,59.95960869228533,60.028804779052734,8811100,0.0,0.0
2020-09-21 00:00:00-04:00,60.04417395633556,60.19793976794005,58.70644365598928,59.83659744262695,5570000,0.0,0.0
2020-09-22 00:00:00-04:00,60.00574917437132,60.57466812974251,59.106235122832025,59.20618438720703,4908500,0.0,0.0
2020-09-23 00:00:00-04:00,59.77628264023609,60.40887530317371,58.80005645253642,58.96406173706055,5012500,1.2,0.0
2020-09-24 00:00:00-04:00,59.01871605430338,60.19799867544228,58.51107736638979,59.62788009643555,3597200,0.0,0.0
2020-09-25 00:00:00-04:00,59.10463714746441,59.3623622849358,58.6672897324184,58.885963439941406,3836600,0.0,0.0
2020-09-28 00:00:00-04:00,59.58885127955705,60.65098589120801,59.48731993856516,59.596656799316406,3832600,0.0,0.0
2020-09-29 00:00:00-04:00,59.18273519767057,59.44827181796796,58.02688673306809,58.05812072753906,4060200,0.0,0.0
2020-09-30 00:00:00-04:00,58.21432630306754,58.80006207166217,58.06593800166495,58.565765380859375,5410400,0.0,0.0
2020-10-01 00:00:00-04:00,58.339283066307175,58.55015129018575,57.409919652363655,57.90193557739258,3934400,0.0,0.0
2020-10-02 00:00:00-04:00,57.46460174390452,58.67511910506866,57.36307036812749,58.15186309814453,2974500,0.0,0.0
2020-10-05 00:00:00-04:00,58.40175512896271,59.40140980259402,58.19869841137765,59.28426742553711,3703400,0.0,0.0
2020-10-06 00:00:00-04:00,59.534180452378344,59.93247644690332,58.81567344983842,58.96406173706055,3323800,0.0,0.0
2020-10-07 00:00:00-04:00,60.018387631781025,62.24418225202927,59.7919024306453,61.736549377441406,6691300,0.0,0.0
2020-10-08 00:00:00-04:00,61.642835185111906,61.994274278068275,60.799374211921496,61.17424774169922,6433400,0.0,0.0
2020-10-09 00:00:00-04:00,61.7443403631638,62.28321902379146,61.4475698031253,61.603763580322266,3120800,0.0,0.0
2020-10-12 00:00:00-04:00,61.76777092697129,62.18169577154981,61.3226120926235,61.9473991394043,2842800,0.0,0.0
2020-10-13 00:00:00-04:00,61.923979691842185,62.15046488034486,60.97118198793841,61.86149978637695,4414300,0.0,0.0
2020-10-14 00:00:00-04:00,61.35388719898503,62.39259372715302,60.78377420363052,61.627235412597656,3488200,0.0,0.0
2020-10-15 00:00:00-04:00,60.81500319775795,61.94742346145133,60.79938023832851,61.806846618652344,2406000,0.0,0.0
2020-10-16 00:00:00-04:00,61.97085852860612,62.37697209914963,61.72094477689236,61.90837860107422,3033600,0.0,0.0
2020-10-19 00:00:00-04:00,61.68187337990837,61.97864397339787,60.6744073157209,60.79154968261719,4671600,0.0,0.0
2020-10-20 00:00:00-04:00,60.721275247073564,60.79937215860275,57.245912037519204,57.26934051513672,9405900,0.0,0.0
2020-10-21 00:00:00-04:00,57.73791260933461,58.737567111620926,57.54266740315647,57.65200424194336,7273500,0.0,0.0
2020-10-22 00:00:00-04:00,58.38615173485557,58.63606546149068,57.73012447843012,58.46424865722656,4733500,0.0,0.0
2020-10-23 00:00:00-04:00,58.77662245720076,58.86253083032294,58.03468704918294,58.14402389526367,3823000,0.0,0.0
2020-10-26 00:00:00-04:00,57.68324659803485,57.73010354278227,56.86321431448859,57.51924133300781,5055900,0.0,0.0
2020-10-27 00:00:00-04:00,57.284961371554346,57.42553820513807,55.59804532696253,55.70738220214844,5377700,0.0,0.0
2020-10-28 00:00:00-04:00,54.699920654296875,55.54338172929652,54.30943007791704,54.699920654296875,5709000,0.0,0.0
2020-10-29 00:00:00-04:00,54.403144688798825,55.53556486718656,53.833025880835436,55.16850280761719,6457600,0.0,0.0
2020-10-30 00:00:00-04:00,54.76239282483422,55.56680234496512,54.62181599889982,55.46527099609375,6155900,0.0,0.0
2020-11-02 00:00:00-05:00,56.18376614337346,56.42586830831617,55.38716231289872,55.94165802001953,4315600,0.0,0.0
2020-11-03 00:00:00-05:00,56.21501719796677,57.05847218252648,55.98072050544816,56.090057373046875,5043800,0.0,0.0
2020-11-04 00:00:00-05:00,56.41805644920217,57.15999185165308,55.80108084614091,55.87137222290039,4771200,0.0,0.0
2020-11-05 00:00:00-05:00,56.32435700333329,56.60551066565508,55.3012677482796,55.371559143066406,5811000,0.0,0.0
2020-11-06 00:00:00-05:00,55.4652623408472,55.785467378224155,54.7701897984175,55.020103454589844,5465400,0.0,0.0
2020-11-09 00:00:00-05:00,56.855410173612476,57.25370613043863,55.902612551254286,55.94165802001953,8327700,0.0,0.0
2020-11-10 00:00:00-05:00,56.73045241643432,58.55013935362459,56.332150486852726,58.37832260131836,7138400,0.0,0.0
2020-11-11 00:00:00-05:00,58.46424721236689,58.71416093282575,57.4411638502405,58.65949249267578,4586400,0.0,0.0
2020-11-12 00:00:00-05:00,58.15965791784646,58.33928021698669,57.1443802014098,58.18308639526367,4866200,0.0,0.0
2020-11-13 00:00:00-05:00,58.57356610308942,59.38578693472828,58.37832088274579,59.268638610839844,4887000,0.0,0.0
2020-11-16 00:00:00-05:00,60.42451072293104,61.478834031444485,59.84658041054398,61.40854263305664,5408400,0.0,0.0
2020-11-17 00:00:00-05:00,60.98679835266433,61.67406538883149,60.52602246106288,61.21328353881836,3942100,0.0,0.0
2020-11-18 00:00:00-05:00,61.486627763958104,61.86149525245143,60.36201338165554,60.50259017944336,3703500,0.0,0.0
2020-11-19 00:00:00-05:00,59.948104417821426,60.78375386606556,59.65913929705952,60.53384017944336,3730300,0.0,0.0
2020-11-20 00:00:00-05:00,60.19801714718745,60.53383921684701,59.76066373374408,59.92467498779297,4877000,0.0,0.0
2020-11-23 00:00:00-05:00,59.385793153057556,59.994957350969905,59.12806800519868,59.8465690612793,3975000,0.0,0.0
2020-11-24 00:00:00-05:00,60.166786006608035,61.15082388300385,60.08087760701085,60.93214416503906,4430200,0.0,0.0
2020-11-25 00:00:00-05:00,60.7681264482226,61.08052002317147,60.034008399266405,60.049625396728516,3498400,0.0,0.0
2020-11-27 00:00:00-05:00,59.81533927407128,60.135544383423806,59.15931801356303,59.276466369628906,2523800,0.0,0.0
2020-11-30 00:00:00-05:00,59.12027320345839,59.42485538832904,58.90159942543982,59.159324645996094,5539100,0.0,0.0
2020-12-01 00:00:00-05:00,59.3701660490312,60.23705533423493,59.11244687759043,60.158958435058594,6791700,0.0,0.0
2020-12-02 00:00:00-05:00,60.36203090647932,61.00243518046011,60.151162669370855,60.971195220947266,5415000,0.0,0.0
2020-12-03 00:00:00-05:00,61.11177299888271,61.439783641189834,60.68223099699496,61.3070182800293,4313400,0.0,0.0
2020-12-04 00:00:00-05:00,61.330448946144266,63.12670798007407,61.330448946144266,63.06422805786133,4678200,0.0,0.0
2020-12-07 00:00:00-05:00,63.267279078575925,64.14978555561311,62.908028496107356,63.79053497314453,5224200,0.0,0.0
2020-12-08 00:00:00-05:00,63.47814083485333,64.91514911150412,63.16574721311074,64.54027557373047,5712800,0.0,0.0
2020-12-09 00:00:00-05:00,64.96200092868803,66.36776913608074,64.69646428577506,66.07880401611328,6900000,0.0,0.0
2020-12-10 00:00:00-05:00,65.63365737591899,66.70360370973226,65.56336597317133,66.35997009277344,8787800,0.0,0.0
2020-12-11 00:00:00-05:00,65.60240370806525,66.5395785205299,64.90733109783135,66.38338470458984,4869000,0.0,0.0
2020-12-14 00:00:00-05:00,66.94569731050002,66.99255426733376,65.8835625939095,65.91480255126953,12877400,0.0,0.0
2020-12-15 00:00:00-05:00,66.24280690814962,66.53957753741584,65.7195510782281,65.82888793945312,8624900,0.0,0.0
2020-12-16 00:00:00-05:00,65.82888511359651,67.37522406077726,65.76640520746086,66.87539672851562,9049500,0.0,0.0
2020-12-17 00:00:00-05:00,67.02377979500241,67.16435659365116,66.49271255104173,66.90663146972656,5799900,0.0,0.0
2020-12-18 00:00:00-05:00,66.6801538778246,67.6407631042121,66.461480156933,67.23464965820312,12918200,0.0,0.0
2020-12-21 00:00:00-05:00,66.20376354283479,66.20376354283479,64.86828661078337,65.73517608642578,7672100,0.0,0.0
2020-12-22 00:00:00-05:00,65.49748439235834,65.55294349506511,64.38829629363433,65.11719512939453,5109300,1.2,0.0
2020-12-23 00:00:00-05:00,65.32319883631757,65.53711688882754,64.99044413751356,65.12512969970703,3702800,0.0,0.0
2020-12-24 00:00:00-05:00,65.0934244105986,65.44202187603358,64.99042462195244,65.37071990966797,1128500,0.0,0.0
2020-12-28 00:00:00-05:00,65.71139396630923,66.21052582667163,65.0221114542571,65.35486602783203,4528900,0.0,0.0
2020-12-29 00:00:00-05:00,65.84609138211073,65.94116672514424,64.69729303225432,64.8636703491211,2417300,0.0,0.0
2020-12-30 00:00:00-05:00,64.942901266177,65.12512146384414,64.41999591024955,64.5546875,2886400,0.0,0.0
2020-12-31 00:00:00-05:00,64.53884583074567,65.69556884676362,64.40416027046604,65.59257507324219,2892300,0.0,0.0
2021-01-04 00:00:00-05:00,65.61632296857582,65.64009029045772,63.27118584434102,64.57051849365234,5389400,0.0,0.0
2021-01-05 00:00:00-05:00,65.10928793098363,65.83025645726813,64.83199234395111,65.27566528320312,5282700,0.0,0.0
2021-01-06 00:00:00-05:00,65.52917791068003,65.95700787630949,64.97458686889502,65.36280059814453,6376600,0.0,0.0
2021-01-07 00:00:00-05:00,65.51334212958228,66.04416590479515,65.22019766459222,65.74310302734375,4824300,0.0,0.0
2021-01-08 00:00:00-05:00,65.98869723740692,66.35314362930379,65.33903087887967,65.83023834228516,4035600,0.0,0.0
2021-01-11 00:00:00-05:00,65.83814865682888,66.30559474129946,64.99833784912707,65.21224975585938,4698000,0.0,0.0
2021-01-12 00:00:00-05:00,64.96665266642493,65.24394814571765,63.48509389907791,64.2298355102539,5300300,0.0,0.0
2021-01-13 00:00:00-05:00,64.0872386958403,64.50714422845982,63.7940942463751,64.34076690673828,5280200,0.0,0.0
2021-01-14 00:00:00-05:00,64.35661758242557,64.62598866937364,63.817869363939934,64.31700134277344,5504700,0.0,0.0
2021-01-15 00:00:00-05:00,64.11100502985353,64.46753303767788,63.255345064582166,64.1268539428711,4492200,0.0,0.0
2021-01-19 00:00:00-05:00,64.52299709477337,65.1964308795493,64.02385905443931,64.88744354248047,7685100,0.0,0.0
2021-01-20 00:00:00-05:00,64.51505383618098,64.9904183666302,64.18229926932533,64.72896575927734,4733500,0.0,0.0
2021-01-21 00:00:00-05:00,64.9270442588986,65.03004405260904,64.25361057245061,64.43583679199219,4166300,0.0,0.0
2021-01-22 00:00:00-05:00,64.2694446638166,64.48335656869142,63.794074129272644,63.920841217041016,3156300,0.0,0.0
2021-01-25 00:00:00-05:00,63.77823176251965,64.45958975311481,63.413785449227184,64.44374084472656,4156000,0.0,0.0
2021-01-26 00:00:00-05:00,64.57052649151224,65.19642557181135,64.29323096089598,64.958740234375,3713400,0.0,0.0
2021-01-27 00:00:00-05:00,64.25360358425408,65.00626965926239,62.938428133646276,63.22364807128906,5295400,0.0,0.0
2021-01-28 00:00:00-05:00,63.22365179533763,65.02211635485314,63.16026823999728,64.3962173461914,3304800,0.0,0.0
2021-01-29 00:00:00-05:00,64.24570199285553,64.53092203200215,63.01767697753178,63.104827880859375,5107300,0.0,0.0
2021-02-01 00:00:00-05:00,62.58982878927893,63.1681931579634,62.066923520776115,62.63736343383789,6209500,0.0,0.0
2021-02-02 00:00:00-05:00,63.11274628241941,63.53265184292676,62.75621824540373,62.80375289916992,4790700,0.0,0.0
2021-02-03 00:00:00-05:00,62.756220897757885,64.04762941790126,62.5185415742918,63.56434631347656,4275000,0.0,0.0
2021-02-04 00:00:00-05:00,63.40587082144759,66.30560495796449,63.397946366025366,66.25806427001953,5391300,0.0,0.0
2021-02-05 00:00:00-05:00,66.860206920458,67.17711869889371,66.13923851799142,66.77305603027344,5048900,0.0,0.0
2021-02-08 00:00:00-05:00,66.86811421623261,68.16744673422953,66.67004516111616,68.1278305053711,4843300,0.0,0.0
2021-02-09 00:00:00-05:00,68.28630738982493,68.69036401674748,67.79509382750466,67.8426284790039,4205400,0.0,0.0
2021-02-10 00:00:00-05:00,68.92805269874954,69.50641717986429,67.37519154720894,68.08824157714844,5260600,0.0,0.0
2021-02-11 00:00:00-05:00,68.23875030086484,68.4764355904413,67.31971300665106,67.62870025634766,3570300,0.0,0.0
2021-02-12 00:00:00-05:00,67.66039507595482,68.27836960315663,67.39101799934043,68.2308349609375,3597400,0.0,0.0
2021-02-16 00:00:00-05:00,68.04071259530677,68.31008978393254,67.59703963120646,68.13578796386719,4323000,0.0,0.0
2021-02-17 00:00:00-05:00,67.8980823055286,68.98350310551307,67.83470478998953,68.61905670166016,4908800,0.0,0.0
2021-02-18 00:00:00-05:00,68.2229150377084,68.8725813844093,68.1357641581251,68.397216796875,6859800,0.0,0.0
2021-02-19 00:00:00-05:00,68.39722697686189,68.66659806687433,67.6366423146867,67.70001983642578,4289500,0.0,0.0
2021-02-22 00:00:00-05:00,67.47025118042268,68.62697382857337,67.13749054758311,68.53189849853516,3525700,0.0,0.0
2021-02-23 00:00:00-05:00,69.43508880611905,69.52223967560423,68.26252336237158,68.48435974121094,4090300,0.0,0.0
2021-02-24 00:00:00-05:00,68.15161298409045,69.87085735880655,68.1357701157758,69.37171936035156,4560800,0.0,0.0
2021-02-25 00:00:00-05:00,68.92804771704998,69.6648650206365,68.44475862305295,68.5477523803711,3680000,0.0,0.0
2021-02-26 00:00:00-05:00,68.54775343474797,68.85674680063389,66.53537664025927,66.56706237792969,5651700,0.0,0.0
2021-03-01 00:00:00-05:00,67.12956783171431,68.26252308584407,66.92357431880309,67.30386352539062,3101200,0.0,0.0
2021-03-02 00:00:00-05:00,67.08994618850508,68.01690785492342,67.08994618850508,67.39893341064453,3563600,0.0,0.0
2021-03-03 00:00:00-05:00,67.51779278295788,68.17538361651694,67.12165460051348,67.46233367919922,3147000,0.0,0.0
2021-03-04 00:00:00-05:00,67.51778916230313,68.72204651273643,66.7888963963938,67.03450012207031,4078000,0.0,0.0
2021-03-05 00:00:00-05:00,67.4623342672175,68.51606329240552,67.02657984489493,68.26253509521484,4470100,0.0,0.0
2021-03-08 00:00:00-05:00,68.24668821611229,69.33210905386119,68.04861911726252,68.42098999023438,3841500,0.0,0.0
2021-03-09 00:00:00-05:00,68.68244999204151,69.49849379938523,68.31800353655741,68.98351287841797,7211700,0.0,0.0
2021-03-10 00:00:00-05:00,68.98350352151456,69.32418260352115,68.04069270383819,68.73789978027344,4644300,0.0,0.0
2021-03-11 00:00:00-05:00,68.52398474070205,69.33211006071484,68.18330564394945,68.63490295410156,3540300,0.0,0.0
2021-03-12 00:00:00-05:00,69.26079642983692,69.55394085269509,68.80919915627035,69.49848175048828,3070300,0.0,0.0
2021-03-15 00:00:00-04:00,69.72030977360416,70.00552970624504,69.05480062716748,69.46678161621094,5626500,0.0,0.0
2021-03-16 00:00:00-04:00,68.9914233121179,69.9104606990104,68.97557440076761,69.87876892089844,6356400,0.0,0.0
2021-03-17 00:00:00-04:00,70.09267751620483,70.67896022121445,69.807457596019,70.67103576660156,4938300,0.0,0.0
2021-03-18 00:00:00-04:00,70.51260113834344,72.29522307723414,70.39375846683285,71.74855041503906,10661100,0.0,0.0
2021-03-19 00:00:00-04:00,71.57191131909636,72.27847499212677,71.11424957477053,71.66023254394531,10234700,1.2,0.0
2021-03-22 00:00:00-04:00,71.30695977043304,72.26243166040904,70.80112495408459,72.24637603759766,5804300,0.0,0.0
2021-03-23 00:00:00-04:00,71.85293379236029,71.93322414784,70.47994849864453,70.69673919677734,4468600,0.0,0.0
2021-03-24 00:00:00-04:00,70.57629385821596,71.74855008836099,70.43979965436421,71.09819030761719,4296000,0.0,0.0
2021-03-25 00:00:00-04:00,71.06607672259392,71.38724425667117,70.46388989335954,71.21060180664062,3528800,0.0,0.0
2021-03-26 00:00:00-04:00,71.69234167721113,72.84051134263837,70.96971634131978,72.72810363769531,5045500,0.0,0.0
2021-03-29 00:00:00-04:00,72.53541548024145,73.145633245927,72.07775368741775,73.05731201171875,4433600,0.0,0.0
2021-03-30 00:00:00-04:00,73.06532879446257,73.16168088386097,71.4835838832959,71.74051666259766,3659800,0.0,0.0
2021-03-31 00:00:00-04:00,71.37117099343861,71.62810375408624,71.1062073611507,71.250732421875,4916000,0.0,0.0
2021-04-01 00:00:00-04:00,70.99382316636816,71.37922549782144,70.11864776638298,70.70477294921875,4647100,0.0,0.0
2021-04-05 00:00:00-04:00,71.07408620468003,71.79671146971015,71.07408620468003,71.13832092285156,3593300,0.0,0.0
2021-04-06 00:00:00-04:00,70.98577824672661,71.49161292012049,70.39161623266465,71.16241455078125,3780100,0.0,0.0
2021-04-07 00:00:00-04:00,71.25876477266166,71.4916110489819,70.4478182414444,70.88139343261719,3354600,0.0,0.0
2021-04-08 00:00:00-04:00,71.07408008495912,71.98940942569088,70.8974438138362,71.8127670288086,5045000,0.0,0.0
2021-04-09 00:00:00-04:00,72.02154699955712,73.15366125234526,71.91717014765759,73.12154388427734,5181100,0.0,0.0
2021-04-12 00:00:00-04:00,73.18577330585902,73.66752154037134,72.92884050573504,73.37847137451172,4366500,0.0,0.0
2021-04-13 00:00:00-04:00,72.35074265165213,73.06533721789813,72.25439055114563,72.8886947631836,5639700,0.0,0.0
2021-04-14 00:00:00-04:00,72.84855544434244,73.29818634577009,72.60767824671383,73.12154388427734,4058600,0.0,0.0
2021-04-15 00:00:00-04:00,73.61933516214127,74.30181221402725,73.3864888972371,73.73174285888672,4333200,0.0,0.0
2021-04-16 00:00:00-04:00,74.22153607696322,74.74342642923035,73.82810293732392,74.59890747070312,4948500,0.0,0.0
2021-04-19 00:00:00-04:00,74.95218547405054,75.01642020546446,73.4346751675234,73.60328674316406,7362900,0.0,0.0
2021-04-20 00:00:00-04:00,73.13758031175065,75.98793319069676,72.4310167769665,75.47406768798828,8163900,0.0,0.0
2021-04-21 00:00:00-04:00,75.47408435927991,76.75874839981752,75.44999786567004,75.62664031982422,5418300,0.0,0.0
2021-04-22 00:00:00-04:00,75.47407056877333,76.06020168448235,75.28137252934252,75.48210144042969,4861000,0.0,0.0
2021-04-23 00:00:00-04:00,75.04853609364177,76.04414990791156,74.97627049078356,75.96385955810547,3747100,0.0,0.0
2021-04-26 00:00:00-04:00,75.94778923861243,76.14049340730507,75.48210281200605,75.7872085571289,3157000,0.0,0.0
2021-04-27 00:00:00-04:00,75.85145044557575,76.11641410823853,75.59451765547392,75.8835678100586,4044300,0.0,0.0
2021-04-28 00:00:00-04:00,76.27698234802048,76.49376686567523,75.52223972033373,75.5945053100586,3069500,0.0,0.0
2021-04-29 00:00:00-04:00,75.69890616703805,76.42153166491468,75.32153473338236,76.3492660522461,4701800,0.0,0.0
2021-04-30 00:00:00-04:00,76.5820909038572,76.59815264694993,75.79523701359776,76.27698516845703,5031600,0.0,0.0
2021-05-03 00:00:00-04:00,76.6864842442973,77.51348647855055,76.39743408707622,76.95947265625,3755000,0.0,0.0
2021-05-04 00:00:00-04:00,76.9434235063106,77.26459105531191,75.95583436513982,76.20474243164062,5339700,0.0,0.0
2021-05-05 00:00:00-04:00,76.12443870858516,76.71056988918781,75.9558271396953,76.63027954101562,4029800,0.0,0.0
2021-05-06 00:00:00-04:00,77.07186745493335,77.86675831696968,76.82296557683145,77.73828887939453,6201100,0.0,0.0
2021-05-07 00:00:00-04:00,77.5857566222192,78.38064772674699,77.38502765909311,78.2120361328125,2718600,0.0,0.0
2021-05-10 00:00:00-04:00,78.38866321550199,79.18355422613774,78.34852110307543,78.73391723632812,4465800,0.0,0.0
2021-05-11 00:00:00-04:00,78.95872706070531,79.0550791500561,77.53756896590481,78.11566925048828,3544000,0.0,0.0
2021-05-12 00:00:00-04:00,78.34049057249331,78.54925038561106,77.15217255062429,77.24049377441406,3828000,0.0,0.0
2021-05-13 00:00:00-04:00,77.02369167212521,78.66967105796067,76.94340133944634,78.32441711425781,4091200,0.0,0.0
2021-05-14 00:00:00-04:00,78.64559894200926,79.13537806248682,78.39669700810671,78.44486999511719,2375100,0.0,0.0
2021-05-17 00:00:00-04:00,78.29229975603432,78.90251118500147,78.29229975603432,78.32441711425781,2251500,0.0,0.0
2021-05-18 00:00:00-04:00,78.2923035571387,78.62149577483228,77.9470495966737,78.43682861328125,3240100,0.0,0.0
2021-05-19 00:00:00-04:00,78.17188332106305,78.17188332106305,76.9514478661592,77.32881927490234,5339000,0.0,0.0
2021-05-20 00:00:00-04:00,77.24850465380516,78.50908182755211,77.16821432362093,78.22003173828125,2582600,0.0,0.0
2021-05-21 00:00:00-04:00,78.40470501088856,78.67769335866684,77.64193155973955,78.22003173828125,3489000,0.0,0.0
2021-05-24 00:00:00-04:00,78.49303387712015,79.07915885788711,78.09157606123478,78.81420135498047,3044000,0.0,0.0
2021-05-25 00:00:00-04:00,78.71784301206182,78.92660277492867,77.64193296568006,78.30032348632812,3371600,0.0,0.0
2021-05-26 00:00:00-04:00,78.22808122057687,78.4448657762263,77.76238861865023,78.13172912597656,2788700,0.0,0.0
2021-05-27 00:00:00-04:00,78.26021987303754,78.51715273609909,77.32883441583775,77.62591552734375,3342700,0.0,0.0
2021-05-28 00:00:00-04:00,77.48135185465176,78.05142116947567,77.38499978178703,77.4251480102539,3746600,0.0,0.0
2021-06-01 00:00:00-04:00,77.89086535038722,78.35655187003161,77.51349393517071,77.70619201660156,2717200,0.0,0.0
2021-06-02 00:00:00-04:00,78.05143024414446,78.17989968956729,77.40910139431118,77.73026275634766,4373000,0.0,0.0
2021-06-03 00:00:00-04:00,77.29668898397134,78.29230882697277,77.14413917193501,78.17990112304688,3367300,0.0,0.0
2021-06-04 00:00:00-04:00,78.6857438414071,78.790120684086,78.26019947218248,78.60545349121094,4471600,0.0,0.0
2021-06-07 00:00:00-04:00,78.75799699321833,79.23172043512126,78.52515683407889,79.13536834716797,4370500,0.0,0.0
2021-06-08 00:00:00-04:00,79.24777195483463,79.44850086670175,77.24851370785099,77.40106964111328,5455500,0.0,0.0
2021-06-09 00:00:00-04:00,77.40910997552658,78.1317292459752,77.27260964319292,77.68209838867188,2555000,0.0,0.0
2021-06-10 00:00:00-04:00,77.73025517576282,78.36455921771739,77.73025517576282,78.32441711425781,3065900,0.0,0.0
2021-06-11 00:00:00-04:00,78.76603539378156,79.37625309095586,78.53318908662611,79.36019134521484,5530600,0.0,0.0
2021-06-14 00:00:00-04:00,79.64923087525557,80.7893757659372,79.31200776885805,80.69302368164062,9309500,0.0,0.0
2021-06-15 00:00:00-04:00,80.62077707557857,80.99011760233562,80.33172690233195,80.66091918945312,4252900,0.0,0.0
2021-06-16 00:00:00-04:00,80.99010663833997,81.05433523699661,79.89814082629073,80.22733306884766,7440000,0.0,0.0
2021-06-17 00:00:00-04:00,80.29157257080078,80.82149989013328,80.02660891113455,80.29157257080078,6795600,0.0,0.0
2021-06-18 00:00:00-04:00,79.6331886510498,80.18720250885498,78.85435935116756,79.89012145996094,15687000,0.0,0.0
2021-06-21 00:00:00-04:00,80.2915821029767,80.74121300250968,80.07479752663377,80.42005157470703,11527100,0.0,0.0
2021-06-22 00:00:00-04:00,80.29157257080078,80.9258767292014,80.1631031143223,80.29157257080078,3750600,0.0,0.0
2021-06-23 00:00:00-04:00,80.30762582812243,80.8375531318697,80.24339722753301,80.33171844482422,10206100,0.0,0.0
2021-06-24 00:00:00-04:00,79.5759406139325,80.599897487309,79.5759406139325,80.47799682617188,5180300,1.2,0.0
2021-06-25 00:00:00-04:00,80.47800139617142,80.57552317064399,80.21794953103678,80.48612976074219,5920500,0.0,0.0
2021-06-28 00:00:00-04:00,80.7380664006244,80.81933145918052,80.02292520515338,80.18545532226562,3933600,0.0,0.0
2021-06-29 00:00:00-04:00,80.41299395250273,80.41299395250273,79.24276355653312,79.59220886230469,3237500,0.0,0.0
2021-06-30 00:00:00-04:00,79.80348080694971,80.69741480590598,79.66532962533822,80.54300689697266,3846700,0.0,0.0
2021-07-01 00:00:00-04:00,80.6242689765074,81.65635411922594,80.58363955994244,81.1768798828125,3614100,0.0,0.0
2021-07-02 00:00:00-04:00,81.26628472534408,81.69699504236833,81.0387401201332,81.51008605957031,2763200,0.0,0.0
2021-07-06 00:00:00-04:00,81.17688962671224,81.31504081984006,79.80348745939652,80.169189453125,3486800,0.0,0.0
2021-07-07 00:00:00-04:00,80.16920192522659,80.53489777572184,79.83600713689093,80.28297424316406,3567000,0.0,0.0
2021-07-08 00:00:00-04:00,79.77910647933939,80.44548973477985,79.71409196658296,79.94164276123047,3498000,0.0,0.0
2021-07-09 00:00:00-04:00,80.75430000347117,81.42880537641493,80.3967264080855,80.77867889404297,5059100,0.0,0.0
2021-07-12 00:00:00-04:00,80.36421586184494,80.75429669538836,79.8034766011652,80.0879135131836,4984500,0.0,0.0
2021-07-13 00:00:00-04:00,79.89286982831032,80.08791334473405,79.1289710894198,79.4052734375,5129100,0.0,0.0
2021-07-14 00:00:00-04:00,79.64096218652506,80.95747828328635,79.49468262021826,80.9087142944336,2875900,0.0,0.0
2021-07-15 00:00:00-04:00,80.28295398583552,80.8843226860689,80.28295398583552,80.70553588867188,2915900,0.0,0.0
2021-07-16 00:00:00-04:00,80.8843202568618,81.07123541219725,80.31545882779662,80.37234497070312,3122600,0.0,0.0
2021-07-19 00:00:00-04:00,80.19355771087021,80.30732999601956,78.56823226573715,79.58406066894531,4669100,0.0,0.0
2021-07-20 00:00:00-04:00,78.02376504719082,78.79579230514278,76.341553129233,77.14608764648438,6816200,0.0,0.0
2021-07-21 00:00:00-04:00,77.7311983745212,78.64950511019157,77.37362475703443,78.4544677734375,4108000,0.0,0.0
2021-07-22 00:00:00-04:00,78.17003844962805,79.05583794521249,77.77182920470682,79.02333068847656,3949000,0.0,0.0
2021-07-23 00:00:00-04:00,79.44591499431752,80.23419888180123,79.10459191511454,79.96601867675781,2204800,0.0,0.0
2021-07-26 00:00:00-04:00,79.70597416533825,80.64053768695904,79.68159527175149,80.48612976074219,3593600,0.0,0.0
2021-07-27 00:00:00-04:00,80.60801990180812,81.518198210852,80.35609023401942,81.13624572753906,2889300,0.0,0.0
2021-07-28 00:00:00-04:00,81.16876028543604,81.24190316335154,80.33171857227983,80.40486145019531,3022100,0.0,0.0
2021-07-29 00:00:00-04:00,80.69742624144902,81.77826315677201,80.53488994582193,81.50196075439453,3273900,0.0,0.0
2021-07-30 00:00:00-04:00,81.33942413330078,81.6319832641332,80.87620654283708,81.33942413330078,3523100,0.0,0.0
2021-08-02 00:00:00-04:00,81.78638183619442,82.50152285188732,81.11187023950257,81.29065704345703,3327400,0.0,0.0
2021-08-03 00:00:00-04:00,81.4613193068129,81.9570441228163,80.96559449080948,81.62385559082031,3052600,0.0,0.0
2021-08-04 00:00:00-04:00,81.62385529537299,81.80264210707138,80.52675553270112,80.85182189941406,2591700,0.0,0.0
2021-08-05 00:00:00-04:00,81.16064866678377,81.37193656349234,80.61615979416652,80.93309783935547,1945100,0.0,0.0
2021-08-06 00:00:00-04:00,81.16876547346028,81.28253777960052,80.43737384830897,80.62428283691406,2515800,0.0,0.0
2021-08-09 00:00:00-04:00,80.4942554384787,80.80306508047904,80.112302918034,80.61614990234375,2029900,0.0,0.0
2021-08-10 00:00:00-04:00,80.8761986638439,81.6807392953172,80.5755173976494,81.23377227783203,2147000,0.0,0.0
2021-08-11 00:00:00-04:00,81.59947535021121,81.71324764707423,81.03873602986835,81.07124328613281,2915200,0.0,0.0
2021-08-12 00:00:00-04:00,81.04685423849708,81.38817108631788,80.6811523014396,81.27439880371094,2899800,0.0,0.0
2021-08-13 00:00:00-04:00,81.53447505302968,82.75346947491245,81.29067368860262,82.55842590332031,2215000,0.0,0.0
2021-08-16 00:00:00-04:00,82.75345269559648,83.24104912545795,82.41213581470593,83.20854187011719,3047600,0.0,0.0
2021-08-17 00:00:00-04:00,83.13541302335244,83.70427454506479,82.68844597048876,83.29794311523438,3911400,0.0,0.0
2021-08-18 00:00:00-04:00,82.75345442210858,83.0866429460841,81.95704214995654,82.0383071899414,2559700,0.0,0.0
2021-08-19 00:00:00-04:00,81.5100792238466,82.6071727356075,81.27440627389241,82.42025756835938,2996900,0.0,0.0
2021-08-20 00:00:00-04:00,82.24959912876322,82.85096784926273,81.96516839610298,82.42025756835938,2114600,0.0,0.0
2021-08-23 00:00:00-04:00,82.66406541452255,82.95662453412777,81.89203199329336,81.95704650878906,2782500,0.0,0.0
2021-08-24 00:00:00-04:00,81.76199349285788,81.88389413601887,80.98183805680148,81.77824401855469,2627700,0.0,0.0
2021-08-25 00:00:00-04:00,81.90829100676271,82.67219608482993,81.47758067981013,82.27398681640625,2213600,0.0,0.0
2021-08-26 00:00:00-04:00,82.29836265024224,82.5990501315218,81.92453848980368,82.28211212158203,1723800,0.0,0.0
2021-08-27 00:00:00-04:00,82.7371969192102,83.22479955480334,82.36337277868053,82.97286987304688,2994400,0.0,0.0
2021-08-30 00:00:00-04:00,82.97287782789039,83.85055521595335,82.72908268684556,83.76116180419922,2371300,0.0,0.0
2021-08-31 00:00:00-04:00,83.72863303822041,84.21622939518815,83.45233070931751,83.70425415039062,3876900,0.0,0.0
2021-09-01 00:00:00-04:00,83.82615905003202,84.19998314937729,83.11914026641472,84.15934753417969,3051500,0.0,0.0
2021-09-02 00:00:00-04:00,84.51692687062081,85.85782166195851,84.43566183480864,85.84969329833984,4366400,0.0,0.0
2021-09-03 00:00:00-04:00,85.68717175115808,86.34542666688431,85.31334758913297,86.22352600097656,2961300,0.0,0.0
2021-09-07 00:00:00-04:00,85.57339786857521,86.55671914184522,85.40273321938241,86.1910171508789,6390600,0.0,0.0
2021-09-08 00:00:00-04:00,85.3133458635317,85.55714099029062,83.1760386715393,84.25688171386719,6060200,0.0,0.0
2021-09-09 00:00:00-04:00,83.93181467740837,84.24875267976277,83.07852244034855,83.36295318603516,4824600,0.0,0.0
2021-09-10 00:00:00-04:00,83.82615600454379,85.29707345941613,83.71238372627323,84.16747283935547,3944000,0.0,0.0
2021-09-13 00:00:00-04:00,84.35439827273508,84.79323071381255,82.95661731189604,83.3710708618164,3780700,0.0,0.0
2021-09-14 00:00:00-04:00,83.37106800956049,83.70426271097472,82.70468480685675,82.85909271240234,3155000,0.0,0.0
2021-09-15 00:00:00-04:00,82.98100494981583,84.55757287882108,82.85097591643884,84.51693725585938,5166000,0.0,0.0
2021-09-16 00:00:00-04:00,84.2081129942616,84.51692259477461,82.92410441296495,83.56610870361328,4113700,0.0,0.0
2021-09-17 00:00:00-04:00,82.98912609203626,83.46046579669402,82.68843862861446,82.77783203125,8748200,0.0,0.0
2021-09-20 00:00:00-04:00,81.81076418696136,82.32274572904812,81.12813039767934,82.07081604003906,6580100,0.0,0.0
2021-09-21 00:00:00-04:00,82.46089590608858,83.03788575425833,81.5019535471286,81.68074035644531,3893900,0.0,0.0
2021-09-22 00:00:00-04:00,82.37150250143021,82.39588139358702,81.5182040751914,81.68074035644531,3768100,0.0,0.0
2021-09-23 00:00:00-04:00,82.05457402266241,82.91599471280733,81.67262146756013,82.44464874267578,4029000,0.0,0.0
2021-09-24 00:00:00-04:00,82.36338587472015,82.95663253561986,82.16022014429404,82.7453384399414,3523800,0.0,0.0
2021-09-27 00:00:00-04:00,82.58281412419562,83.73679406587253,82.58281412419562,83.30608367919922,4414900,0.0,0.0
2021-09-28 00:00:00-04:00,83.3389769113405,83.3389769113405,80.72280747375723,80.96961212158203,6281700,1.25,0.0
2021-09-29 00:00:00-04:00,81.06010552582568,82.06379403609704,80.88734039684388,81.84989166259766,3172600,0.0,0.0
2021-09-30 00:00:00-04:00,81.58662309946476,81.6771200088443,77.63769273106487,77.98322296142578,7261300,0.0,0.0
2021-10-01 00:00:00-04:00,78.29583956842477,79.22548843590887,78.01612643153807,79.04449462890625,4585000,0.0,0.0
2021-10-04 00:00:00-04:00,79.14322456371501,79.76024556481464,78.4933012993528,79.13500213623047,4091500,0.0,0.0
2021-10-05 00:00:00-04:00,79.48053913469919,79.76025233280131,78.78947229096337,79.29954528808594,4250200,0.0,0.0
2021-10-06 00:00:00-04:00,78.58379060420063,79.71088454000633,78.24648905985687,79.50521087646484,3309000,0.0,0.0
2021-10-07 00:00:00-04:00,80.14691699435998,80.5500419207154,78.51798498648763,78.69075012207031,4343700,0.0,0.0
2021-10-08 00:00:00-04:00,78.9046525139268,79.18436570205033,78.3040826149226,78.44393920898438,3976300,0.0,0.0
2021-10-11 00:00:00-04:00,78.4028002493418,78.7318730779123,78.03258390220715,78.25471496582031,2840200,0.0,0.0
2021-10-12 00:00:00-04:00,78.55911004070099,79.20081086073677,78.44393329231826,78.6331558227539,3168700,0.0,0.0
2021-10-13 00:00:00-04:00,78.6331643964359,80.34437095421889,78.32053637959969,80.18805694580078,4996100,0.0,0.0
2021-10-14 00:00:00-04:00,80.88734468949484,81.74294795223649,80.45131749178265,81.32337188720703,4477800,0.0,0.0
2021-10-15 00:00:00-04:00,81.77585661498398,82.04734737961927,80.67344242373578,80.92848205566406,3971000,0.0,0.0
2021-10-18 00:00:00-04:00,80.08110341776779,80.41841127581488,79.43118009306845,80.17160034179688,3826600,0.0,0.0
2021-10-19 00:00:00-04:00,79.14321735185332,80.23740266716219,78.7400987586675,78.80591583251953,4223900,0.0,0.0
2021-10-20 00:00:00-04:00,78.90465519315599,80.25387405892816,78.73188377502201,79.81784057617188,3778600,0.0,0.0
2021-10-21 00:00:00-04:00,79.48877627387382,79.7273585263918,79.11855983651971,79.40650177001953,3601900,0.0,0.0
2021-10-22 00:00:00-04:00,79.42293882146154,80.0399597822156,79.15967679593962,79.70265197753906,3310200,0.0,0.0
2021-10-25 00:00:00-04:00,80.18806480478095,80.18806480478095,79.14323887242202,79.42295837402344,3934900,0.0,0.0
2021-10-26 00:00:00-04:00,79.22550111381952,79.52989413188715,78.67429090156116,79.14322662353516,3150900,0.0,0.0
2021-10-27 00:00:00-04:00,79.53812479363056,79.5957131722494,77.93387262020372,78.0490493774414,3537100,0.0,0.0
2021-10-28 00:00:00-04:00,77.70351057227184,78.99514097806306,77.70351057227184,78.95401000976562,4754500,0.0,0.0
2021-10-29 00:00:00-04:00,78.80591028330079,79.03626374890062,77.58831960942298,77.77754211425781,5260500,0.0,0.0
2021-11-01 00:00:00-04:00,77.85982098211832,77.85982098211832,76.83968137609604,76.85613250732422,3513400,0.0,0.0
2021-11-02 00:00:00-04:00,77.02067387192832,77.51428939685013,76.42833273135737,77.34974670410156,3480000,0.0,0.0
2021-11-03 00:00:00-04:00,77.25925903370108,77.99967921116607,76.93840233969416,77.93386840820312,2463500,0.0,0.0
2021-11-04 00:00:00-04:00,77.67062010723322,77.75288833298777,76.76565079394328,77.10295867919922,2332400,0.0,0.0
2021-11-05 00:00:00-04:00,77.53897902442458,78.36167376208427,77.44025339630684,77.58011627197266,2784100,0.0,0.0
2021-11-08 00:00:00-05:00,77.81047647378801,78.01615017585873,76.33785201376219,76.42012023925781,4623600,0.0,0.0
2021-11-09 00:00:00-05:00,76.73273420928716,77.62124601834192,76.1650791173877,77.06181335449219,4050800,0.0,0.0
2021-11-10 00:00:00-05:00,77.48962731050895,77.80224908334193,77.21813651278738,77.64593505859375,3450400,0.0,0.0
2021-11-11 00:00:00-05:00,77.86805633393936,78.2958548256772,77.67061135903441,78.15599822998047,3580700,0.0,0.0
2021-11-12 00:00:00-05:00,78.53443326385137,78.92932947130018,77.92564095916913,77.95854949951172,3110200,0.0,0.0
2021-11-15 00:00:00-05:00,78.15597791379905,78.59200499684185,78.01612135445718,78.4521484375,2543100,0.0,0.0
2021-11-16 00:00:00-05:00,78.26294051436818,78.43570563925695,76.49415202193747,76.56819152832031,3960000,0.0,0.0
2021-11-17 00:00:00-05:00,76.55174494982792,77.25103419501438,76.38720224253186,76.9959945678711,5320300,0.0,0.0
2021-11-18 00:00:00-05:00,76.72449490484405,76.85612276797548,74.84875234942697,75.31768798828125,5606700,0.0,0.0
2021-11-19 00:00:00-05:00,75.55627331272721,75.55627331272721,73.60649101781907,74.37159729003906,5700900,0.0,0.0
2021-11-22 00:00:00-05:00,74.69244986365862,75.20252281880151,73.30209386243284,73.86152648925781,8059100,0.0,0.0
2021-11-23 00:00:00-05:00,74.04251951282508,74.23996447406054,73.51599543175574,73.75457763671875,6103400,0.0,0.0
2021-11-24 00:00:00-05:00,73.88622109791515,74.95572689372008,73.721684641636,74.06721496582031,5066500,0.0,0.0
2021-11-26 00:00:00-05:00,73.14578074947083,73.21982025153429,72.42180547598764,72.95655822753906,2668800,0.0,0.0
2021-11-29 00:00:00-05:00,72.48763071257939,72.9812462785642,71.34408557866062,71.86238098144531,7245500,0.0,0.0
2021-11-30 00:00:00-05:00,70.98211345475877,71.54154622590109,70.45558923211469,70.70240020751953,7378500,0.0,0.0
2021-12-01 00:00:00-05:00,71.5579804303615,73.06350680672526,71.2947184044222,71.46748352050781,6109900,0.0,0.0
2021-12-02 00:00:00-05:00,72.10098171644348,73.12112165170957,71.8377195951921,72.26551818847656,5763000,0.0,0.0
2021-12-03 00:00:00-05:00,72.91541924312286,73.63939449929714,72.35598667092529,73.53244018554688,7368200,0.0,0.0
2021-12-06 00:00:00-05:00,74.0918877705502,75.52338116622542,74.0507567987181,75.18607330322266,6774300,0.0,0.0
2021-12-07 00:00:00-05:00,75.16137913645365,75.87712569784541,74.26463875884824,74.37982177734375,6151000,0.0,0.0
2021-12-08 00:00:00-05:00,74.71714040054438,74.8899055528374,73.67232078143992,73.95203399658203,5111100,0.0,0.0
2021-12-09 00:00:00-05:00,73.66408071982448,74.18237609680165,73.39258997521932,73.63117218017578,4594000,0.0,0.0
2021-12-10 00:00:00-05:00,73.91911782160228,74.51145901212753,73.91911782160228,74.07543182373047,4885900,0.0,0.0
2021-12-13 00:00:00-05:00,73.92733713845791,75.94293639453035,73.77102315617921,75.41641235351562,8055600,0.0,0.0
2021-12-14 00:00:00-05:00,75.21898215515824,76.18153351792449,74.65954946731188,75.62210083007812,10371700,0.0,0.0
2021-12-15 00:00:00-05:00,75.68792033967877,76.67515157257455,75.53160632174941,76.28849029541016,6460800,0.0,0.0
2021-12-16 00:00:00-05:00,76.3707618501989,77.80224908334193,76.30494475802459,77.64593505859375,6832400,0.0,0.0
2021-12-17 00:00:00-05:00,77.26748876153025,77.86805868569361,76.46947385649875,76.88082122802734,10263400,0.0,0.0
2021-12-20 00:00:00-05:00,76.35428664697103,76.48592080064668,75.49868347806508,76.39542388916016,4284500,0.0,0.0
2021-12-21 00:00:00-05:00,76.93017792398821,77.15230271615448,76.41187628116354,76.54351043701172,4583500,0.0,0.0
2021-12-22 00:00:00-05:00,76.39340791747331,77.51082835373987,76.2349652374716,77.47747802734375,4877400,1.25,0.0
2021-12-23 00:00:00-05:00,77.5525208650763,77.9694699019853,77.25231704953082,77.49414825439453,2926800,0.0,0.0
2021-12-27 00:00:00-05:00,77.44412786951743,78.01951329936986,77.22731255683217,78.00283813476562,2036600,0.0,0.0
2021-12-28 00:00:00-05:00,77.87775067457676,78.51151507402341,77.7943621288402,78.26968383789062,2622100,0.0,0.0
2021-12-29 00:00:00-05:00,78.34471964163403,78.96180878243673,78.17794257566085,78.63658905029297,3238600,0.0,0.0
2021-12-30 00:00:00-05:00,78.77001805102168,78.98683335022429,78.5615435146717,78.60324096679688,2973800,0.0,0.0
2021-12-31 00:00:00-05:00,78.5615413748941,79.37876433446807,78.42812098357582,79.22032165527344,3219400,0.0,0.0
2022-01-03 00:00:00-05:00,79.12860086757152,79.88745129470027,78.75334921683786,79.8290786743164,4790300,0.0,0.0
2022-01-04 00:00:00-05:00,79.86242396987267,80.83808965212673,79.66229019290638,80.3377456665039,5372400,0.0,0.0
2022-01-05 00:00:00-05:00,80.05421728611734,80.94648799513334,79.6289274753863,80.01251983642578,7180700,0.0,0.0
2022-01-06 00:00:00-05:00,80.86310140842667,81.42181161979994,80.15428928153574,81.23001861572266,6279600,0.0,0.0
2022-01-07 00:00:00-05:00,81.21333159255707,83.16465636218457,80.94648446771728,82.67265319824219,4764500,0.0,0.0
2022-01-10 00:00:00-05:00,83.13963623054653,83.72336870522902,82.33909483528302,83.62329864501953,7067300,0.0,0.0
2022-01-11 00:00:00-05:00,83.4898980058594,84.24040136744607,82.63097743406624,84.21538543701172,6473300,0.0,0.0
2022-01-12 00:00:00-05:00,84.19036326334735,84.98257038714256,83.5232485067255,84.59063720703125,4812200,0.0,0.0
2022-01-13 00:00:00-05:00,84.49891521544473,85.16603002986784,84.05695013988138,85.1410140991211,6696800,0.0,0.0
2022-01-14 00:00:00-05:00,85.14101572780899,86.34183132373605,84.5906461544352,86.20840454101562,5576100,0.0,0.0
2022-01-18 00:00:00-05:00,86.07496491275045,86.39184390779093,84.61564320362514,84.83245849609375,7123400,0.0,0.0
2022-01-19 00:00:00-05:00,84.89917138095625,85.33280199587776,84.5739516008342,84.63232421875,6510600,0.0,0.0
2022-01-20 00:00:00-05:00,84.27373838745693,85.7080441108031,83.95685940570225,85.07427978515625,5589700,0.0,0.0
2022-01-21 00:00:00-05:00,85.59130811309,86.51693559566283,85.33280171490523,85.82479858398438,5423700,0.0,0.0
2022-01-24 00:00:00-05:00,85.45789736259735,85.88318089882905,82.39748588171264,83.87348937988281,8974600,0.0,0.0
2022-01-25 00:00:00-05:00,83.1229733609817,85.59131128527818,81.94717383765125,85.17436218261719,6006400,0.0,0.0
2022-01-26 00:00:00-05:00,84.89916482186867,85.76641962257165,83.86513294347336,84.54058837890625,6340300,0.0,0.0
2022-01-27 00:00:00-05:00,85.14098915505146,86.14167062672138,84.56560383003188,85.26607513427734,7345900,0.0,0.0
2022-01-28 00:00:00-05:00,85.05761188004074,86.46690179903538,84.54893349610083,86.32513427734375,5520300,0.0,0.0
2022-01-31 00:00:00-05:00,85.44956227248626,86.42522178458734,85.33281701610525,85.76644134521484,8025800,0.0,0.0
2022-02-01 00:00:00-05:00,85.80811253434486,86.43353608581656,85.07427816218348,86.0999755859375,8047800,0.0,0.0
2022-02-02 00:00:00-05:00,85.89151155339243,86.86717088587218,85.81646377188083,86.64202117919922,7527700,0.0,0.0
2022-02-03 00:00:00-05:00,86.80879441795291,86.87550779554064,85.924864432398,86.56696319580078,3815500,0.0,0.0
2022-02-04 00:00:00-05:00,86.24174561554378,87.02561191669491,85.64133792633338,86.38350677490234,6374500,0.0,0.0
2022-02-07 00:00:00-05:00,86.38351750731024,86.80880740036255,85.6413485665332,86.37518310546875,5195700,0.0,0.0
2022-02-08 00:00:00-05:00,86.80046032408751,86.94222785288788,86.25009082204858,86.60032653808594,5953100,0.0,0.0
2022-02-09 00:00:00-05:00,86.92554498052424,87.17571698075729,86.51693665147262,86.80879974365234,4226000,0.0,0.0
2022-02-10 00:00:00-05:00,87.23407581102988,88.76011077454321,86.69204080429081,87.61766815185547,7008300,0.0,0.0
2022-02-11 00:00:00-05:00,87.60100104787972,90.53631966434723,87.48425581872202,90.02764129638672,8674300,0.0,0.0
2022-02-14 00:00:00-05:00,90.06099227527281,91.24512601716434,89.86919291830908,91.09502410888672,9409900,0.0,0.0
2022-02-15 00:00:00-05:00,91.18675850689532,92.25414708673593,90.95326805032241,91.45360565185547,6564500,0.0,0.0
2022-02-16 00:00:00-05:00,91.4536020001827,93.37157015197052,91.14506377866152,93.03800964355469,8577200,0.0,0.0
2022-02-17 00:00:00-05:00,92.30419347859457,93.67178601295213,92.27083678725191,93.3132095336914,6320400,0.0,0.0
2022-02-18 00:00:00-05:00,92.97964368041279,93.79686666636162,92.71279652702628,93.07137298583984,7870300,0.0,0.0
2022-02-22 00:00:00-05:00,92.49597792044307,92.70445245039113,89.67740456591486,90.55299377441406,7944500,0.0,0.0
2022-02-23 00:00:00-05:00,91.03665621080663,91.21177405250647,90.06933770015925,90.55299377441406,5268000,0.0,0.0
2022-02-24 00:00:00-05:00,88.48492627434682,88.66838487091839,84.3738084623898,85.71638488769531,10355000,0.0,0.0
2022-02-25 00:00:00-05:00,86.55862105315457,88.37651907592613,86.33346501446904,87.75942993164062,6634400,0.0,0.0
2022-02-28 00:00:00-05:00,85.12432818094696,85.69971360186462,83.44819104909168,84.28208923339844,10381600,0.0,0.0
2022-03-01 00:00:00-05:00,84.28209257623035,85.19104494148786,83.75673898965007,84.59063720703125,5000500,0.0,0.0
2022-03-02 00:00:00-05:00,84.59064014239577,86.30012773006472,84.23206364199342,85.50792694091797,5426100,0.0,0.0
2022-03-03 00:00:00-05:00,84.7490596544605,85.96655008887325,84.7490596544605,85.45787811279297,4584600,0.0,0.0
2022-03-04 00:00:00-05:00,84.25706964190348,84.27374480552368,82.76439119344673,83.22303771972656,7054400,0.0,0.0
2022-03-07 00:00:00-05:00,81.17997765669034,81.38011141656547,77.09387574992614,77.71929931640625,14334100,0.0,0.0
2022-03-08 00:00:00-05:00,78.54487831092777,80.35443598899211,77.30236533598662,78.36141967773438,11529300,0.0,0.0
2022-03-09 00:00:00-05:00,79.4037732408618,80.11258531005882,77.84438159891856,78.22797393798828,6427300,0.0,0.0
2022-03-10 00:00:00-05:00,77.494146834177,78.2446563592863,76.38506088941202,76.62689208984375,8099400,0.0,0.0
2022-03-11 00:00:00-05:00,76.94378457380981,77.06887057698391,74.01680645508311,74.10853576660156,8629800,0.0,0.0
2022-03-14 00:00:00-04:00,74.95909530001398,75.53448699112316,73.69157306175667,74.70892333984375,16030300,0.0,0.0
2022-03-15 00:00:00-04:00,76.15992628689116,77.51083733732948,75.55951854796811,77.26901245117188,8224500,0.0,0.0
2022-03-16 00:00:00-04:00,77.55252708549064,78.80337429654693,77.41076592848403,78.19462585449219,6299100,0.0,0.0
2022-03-17 00:00:00-04:00,77.9694818093755,78.26134490735726,77.49416008919425,77.82772064208984,6728800,0.0,0.0
2022-03-18 00:00:00-04:00,78.54486313093692,78.97014657608682,77.735980965716,78.30303192138672,9667800,0.0,0.0
2022-03-21 00:00:00-04:00,78.8450521464549,79.22030367162385,77.87772748990227,78.5031509399414,4593800,0.0,0.0
2022-03-22 00:00:00-04:00,78.62825299343523,79.57055556063143,77.97781349022566,78.09455871582031,5860200,0.0,0.0
2022-03-23 00:00:00-04:00,78.36501886401172,78.71999259135137,77.0465413349183,77.12260437011719,5038800,1.25,0.0
2022-03-24 00:00:00-04:00,77.29163225703695,78.6692784263509,77.19021488382977,78.24668884277344,4587100,0.0,0.0
2022-03-25 00:00:00-04:00,77.96779721860595,79.0073706853984,77.79031032392567,78.98200988769531,3162600,0.0,0.0
2022-03-28 00:00:00-04:00,78.44953535830138,78.77070114224969,76.91130942767609,77.8156509399414,4097200,0.0,0.0
2022-03-29 00:00:00-04:00,77.89172428023987,79.1341323852539,77.84946273764086,79.1341323852539,6964600,0.0,0.0
2022-03-30 00:00:00-04:00,79.18483102091596,79.42993373084818,78.43262214652614,79.39612579345703,3935000,0.0,0.0
2022-03-31 00:00:00-04:00,79.26089404389248,79.93703989530579,79.03269852675821,79.39612579345703,6599300,0.0,0.0
2022-04-01 00:00:00-04:00,80.25822175858147,81.94012668054175,79.94550311101652,81.79644775390625,5687000,0.0,0.0
2022-04-04 00:00:00-04:00,81.12876044567125,81.61896599475843,80.63010774616309,81.37386322021484,5176200,0.0,0.0
2022-04-05 00:00:00-04:00,80.63854347541816,82.00772953215414,80.63854347541816,80.84983825683594,3623500,0.0,0.0
2022-04-06 00:00:00-04:00,81.79644420503524,83.76571334303264,80.723069428579,83.68964385986328,7381500,0.0,0.0
2022-04-07 00:00:00-04:00,82.86982742393496,84.62779535019168,82.8106651348043,84.239013671875,8385400,0.0,0.0
2022-04-08 00:00:00-04:00,84.59398815015567,85.3208428219813,84.40805413140075,84.57708740234375,5086200,0.0,0.0
2022-04-11 00:00:00-04:00,85.2616834297263,85.92092868450104,84.16295423484742,85.56594848632812,7200300,0.0,0.0
2022-04-12 00:00:00-04:00,85.39691140418347,85.48988163668031,84.37424529492401,84.93206024169922,5320100,0.0,0.0
2022-04-13 00:00:00-04:00,84.78837961295406,85.86175439173257,84.78837961295406,85.53213500976562,6708300,0.0,0.0
2022-04-14 00:00:00-04:00,85.36310034254686,86.24208749609637,85.16025913732948,86.01388549804688,4370000,0.0,0.0
2022-04-18 00:00:00-04:00,85.77723947196421,86.4195775014334,85.26167961844638,85.40536499023438,7424800,0.0,0.0
2022-04-19 00:00:00-04:00,85.49834090163682,86.79146419617867,85.08419840280744,86.69849395751953,6603900,0.0,0.0
2022-04-20 00:00:00-04:00,86.45338796499045,87.79721990391174,86.45338796499045,87.0957260131836,5796800,0.0,0.0
2022-04-21 00:00:00-04:00,87.36617667589822,89.36924726337642,86.14911655819611,88.79452514648438,5835500,0.0,0.0
2022-04-22 00:00:00-04:00,88.88750684558148,88.91286119327128,86.70694266936947,86.79146575927734,4139900,0.0,0.0
2022-04-25 00:00:00-04:00,86.14912085355827,86.7999060361518,84.72076586354927,86.6562271118164,4580300,0.0,0.0
2022-04-26 00:00:00-04:00,86.68157533937148,87.30701258034453,86.3097008819395,86.85906219482422,4614700,0.0,0.0
2022-04-27 00:00:00-04:00,87.13798084246578,87.28165976979894,85.87866554440538,85.94628143310547,4259400,0.0,0.0
2022-04-28 00:00:00-04:00,86.20826778704506,87.15487069586437,85.32082715701415,86.55479431152344,4399800,0.0,0.0
2022-04-29 00:00:00-04:00,86.7322933110391,87.01965114882275,84.3404345864983,84.5179214477539,4911100,0.0,0.0
2022-05-02 00:00:00-04:00,85.69271592554689,85.69271592554689,81.55133668381116,83.30931091308594,7263500,0.0,0.0
2022-05-03 00:00:00-04:00,83.57975950388031,84.15448154169951,82.34579880907538,83.66427612304688,3839600,0.0,0.0
2022-05-04 00:00:00-04:00,83.41073009705077,85.0588268152211,83.18252812179334,84.9912109375,3562100,0.0,0.0
2022-05-05 00:00:00-04:00,84.33197807244767,85.82794884133372,83.79106390974465,84.32352447509766,4072600,0.0,0.0
2022-05-06 00:00:00-04:00,83.66429488988109,84.20520911172581,82.81066846215481,83.62203979492188,3384400,0.0,0.0
2022-05-09 00:00:00-04:00,83.22479082383225,86.20827215188568,82.26973427020029,84.40804290771484,7282300,0.0,0.0
2022-05-10 00:00:00-04:00,84.17985733971112,85.00813589435931,82.937442731842,83.57132720947266,7091500,0.0,0.0
2022-05-11 00:00:00-04:00,84.13759720030168,88.5156259879826,84.0953356583769,87.57747650146484,8132100,0.0,0.0
2022-05-12 00:00:00-04:00,87.94934971114083,88.90440637984595,86.0223420743355,87.36618041992188,7908500,0.0,0.0
2022-05-13 00:00:00-04:00,87.72116307839525,88.59169675304841,87.01120909100977,88.26207733154297,2816100,0.0,0.0
2022-05-16 00:00:00-04:00,88.20292404268689,90.12147847268446,88.00008278909675,89.51295471191406,5423700,0.0,0.0
2022-05-17 00:00:00-04:00,90.28204253500714,90.40882070555952,89.17485983847463,89.8425521850586,4199300,0.0,0.0
2022-05-18 00:00:00-04:00,90.4341736948278,90.44262729225944,88.9128485674083,89.74112701416016,5819500,0.0,0.0
2022-05-19 00:00:00-04:00,88.74380424841125,88.89593674219387,84.39958425153588,84.94049835205078,9297700,0.0,0.0
2022-05-20 00:00:00-04:00,85.092640545068,85.99698201446635,84.20519982214759,85.48987579345703,5077000,0.0,0.0
2022-05-23 00:00:00-04:00,87.13797376636907,89.36924632663161,85.87020497311966,86.9773941040039,6296700,0.0,0.0
2022-05-24 00:00:00-04:00,86.86752989320183,90.20599209208696,86.86752989320183,90.11302185058594,6116800,0.0,0.0
2022-05-25 00:00:00-04:00,90.49333955820035,92.80912883420261,89.68196827423326,91.7611083984375,6839900,0.0,0.0
2022-05-26 00:00:00-04:00,92.00621626485555,92.69080941323088,91.26246082524044,91.3385238647461,4623500,0.0,0.0
2022-05-27 00:00:00-04:00,91.78646864225695,91.81182298897818,89.52138791087117,90.40882873535156,6977000,0.0,0.0
2022-05-31 00:00:00-04:00,89.73266183564549,90.62010245347285,88.80296613252447,89.80027770996094,7741200,0.0,0.0
2022-06-01 00:00:00-04:00,89.9946995943937,90.0454082917248,88.42266549506272,89.38616943359375,6407200,0.0,0.0
2022-06-02 00:00:00-04:00,89.33543630701156,89.9017112554605,87.26474990548559,89.7664794921875,5823000,0.0,0.0
2022-06-03 00:00:00-04:00,89.76649488656314,90.40883297585593,89.18331909179688,89.18331909179688,5991600,0.0,0.0
2022-06-06 00:00:00-04:00,90.39191719853638,91.04270882476233,89.59745309719061,89.90171813964844,5633100,0.0,0.0
2022-06-07 00:00:00-04:00,89.28471610109146,89.94395474148418,88.66773899332065,89.82563018798828,4629300,0.0,0.0
2022-06-08 00:00:00-04:00,88.43110714174018,88.89595833236459,87.12953025619814,87.5098648071289,8555300,0.0,0.0
2022-06-09 00:00:00-04:00,87.83102758112656,87.98316010659873,85.87866554440538,85.94628143310547,3625700,0.0,0.0
2022-06-10 00:00:00-04:00,84.98277228206467,87.36617740018664,84.68695439952229,86.48719024658203,3819000,0.0,0.0
2022-06-13 00:00:00-04:00,85.65891205840674,86.03079297603227,82.819109383207,83.25015258789062,4297800,0.0,0.0
2022-06-14 00:00:00-04:00,83.64739227294922,84.56863456987811,82.88672965040803,83.64739227294922,4013500,0.0,0.0
2022-06-15 00:00:00-04:00,84.17139566475252,84.81373367928234,82.72613996821475,83.00505065917969,5760600,0.0,0.0
2022-06-16 00:00:00-04:00,82.19368323454664,83.33467394867549,81.35695757061295,83.0557632446289,5581100,0.0,0.0
2022-06-17 00:00:00-04:00,82.82756274836426,83.80797372909585,82.65852948530292,82.7853012084961,12262300,0.0,0.0
2022-06-21 00:00:00-04:00,84.51791562499261,84.64469378807115,82.557100240421,84.60243225097656,6843000,0.0,0.0
2022-06-22 00:00:00-04:00,84.28973369758846,84.63625385452576,82.15987826900394,83.82488250732422,5006900,0.0,0.0
2022-06-23 00:00:00-04:00,84.09533547064547,86.0984126167778,83.9601036953528,85.84485626220703,5619700,0.0,0.0
2022-06-24 00:00:00-04:00,86.20828822287866,88.53253128771118,85.36310892657593,87.39154052734375,6048700,0.0,0.0
2022-06-27 00:00:00-04:00,87.49295034611741,87.85637767001194,86.57170808799277,86.80835723876953,5446800,0.0,0.0
2022-06-28 00:00:00-04:00,87.04499908375449,87.79720801339214,86.06459462022218,86.58015441894531,5036600,0.0,0.0
2022-06-29 00:00:00-04:00,86.1068612790377,86.78300727096553,85.0334864486738,85.25323486328125,2805300,0.0,0.0
2022-06-30 00:00:00-04:00,84.4316795493562,84.77398803543056,83.60156775948259,84.50013732910156,4591700,1.25,0.0
2022-07-01 00:00:00-04:00,84.42312481678304,85.5442001912201,83.83263154426704,85.33881378173828,3283900,0.0,0.0
2022-07-05 00:00:00-04:00,84.53435665259002,84.78253483770561,82.94259762330718,83.93531036376953,3464500,0.0,0.0
2022-07-06 00:00:00-04:00,84.51724995212433,84.70552352196782,81.07699379016596,81.29949951171875,8146500,0.0,0.0
2022-07-07 00:00:00-04:00,81.32517911515635,81.97557699636005,80.23833595194752,81.29094696044922,5858200,0.0,0.0
2022-07-08 00:00:00-04:00,81.20536306638716,81.44498160023899,80.28967422395893,80.34957885742188,3108900,0.0,0.0
2022-07-11 00:00:00-04:00,80.59775956298216,80.94007456301559,79.63072572731964,79.7847671508789,3065000,0.0,0.0
2022-07-12 00:00:00-04:00,79.82754868183021,81.11978464470587,79.6820669356371,80.2725601196289,3736200,0.0,0.0
2022-07-13 00:00:00-04:00,80.05861888273326,80.51218348878213,77.49981928438302,77.57684326171875,6290100,0.0,0.0
2022-07-14 00:00:00-04:00,76.37875386077403,76.91789565519167,75.54008231811898,76.69539642333984,5867400,0.0,0.0
2022-07-15 00:00:00-04:00,77.628186176096,78.06463795849142,76.86653873905983,77.17462158203125,5170900,0.0,0.0
2022-07-18 00:00:00-04:00,77.17461588620854,77.79078152667569,76.3530638752907,76.60124206542969,4136800,0.0,0.0
2022-07-19 00:00:00-04:00,77.70521252096387,78.27858640154486,77.20885608891659,78.24435424804688,5459600,0.0,0.0
2022-07-20 00:00:00-04:00,78.03039884627417,78.43261844034033,76.67825832595831,76.87509155273438,4936000,0.0,0.0
2022-07-21 00:00:00-04:00,77.26875809047971,81.29950098752526,77.234525938149,80.09284210205078,6650400,0.0,0.0
2022-07-22 00:00:00-04:00,80.51218314673608,82.24086444474888,80.51218314673608,82.09538269042969,5307600,0.0,0.0
2022-07-25 00:00:00-04:00,82.15529257423614,82.48048825686072,81.44499004020021,82.01836395263672,5358000,0.0,0.0
2022-07-26 00:00:00-04:00,82.1552839860959,82.70298535700731,81.5733504633631,82.60884857177734,4671700,0.0,0.0
2022-07-27 00:00:00-04:00,81.94989870621444,83.55877068876083,81.41931013952154,82.97683715820312,6309300,0.0,0.0
2022-07-28 00:00:00-04:00,82.91692141224726,83.55875949100599,82.33498795967478,83.15653991699219,5447900,0.0,0.0
2022-07-29 00:00:00-04:00,82.50616391747472,83.17367459785643,82.1980810605115,83.13944244384766,4267400,0.0,0.0
2022-08-01 00:00:00-04:00,83.39617042747822,84.90235249728124,83.15655188823773,84.27763366699219,5315900,0.0,0.0
2022-08-02 00:00:00-04:00,84.63707230513009,84.9280358459749,83.96100189484692,84.42312622070312,4740600,0.0,0.0
2022-08-03 00:00:00-04:00,84.46589892013185,85.39870710422461,84.14070327079499,84.5600357055664,3450100,0.0,0.0
2022-08-04 00:00:00-04:00,84.29475157601493,84.53437012974506,83.50743160543996,83.86685943603516,3252300,0.0,0.0
2022-08-05 00:00:00-04:00,83.75560917228617,83.75560917228617,83.07097914204941,83.52454376220703,2346500,0.0,0.0
2022-08-08 00:00:00-04:00,84.04656596159734,84.32041664594162,83.3448231748954,83.55876922607422,3938300,0.0,0.0
2022-08-09 00:00:00-04:00,84.19205809450533,84.28619489096502,83.07098273736048,83.32772064208984,1952500,0.0,0.0
2022-08-10 00:00:00-04:00,83.54165838396601,84.14926440014204,82.82279623992075,83.97810363769531,3311100,0.0,0.0
2022-08-11 00:00:00-04:00,84.3632076292077,85.90361526491358,84.11502942881344,85.1248550415039,3825500,0.0,0.0
2022-08-12 00:00:00-04:00,85.39871589702192,85.62977478471444,84.44023513259935,84.92803192138672,3068100,0.0,0.0
2022-08-15 00:00:00-04:00,85.04783885568176,86.52834852348833,84.93658925047015,86.43421173095703,5789400,0.0,0.0
2022-08-16 00:00:00-04:00,86.20314473874518,87.45258887855388,86.20314473874518,87.05036926269531,3469200,0.0,0.0
2022-08-17 00:00:00-04:00,86.90489121207723,87.31566398638019,86.41709446189527,86.5796890258789,3041900,0.0,0.0
2022-08-18 00:00:00-04:00,86.55401853642968,86.64815532627391,85.6468893206025,86.00631713867188,2566800,0.0,0.0
2022-08-19 00:00:00-04:00,85.90362043938069,85.94641226341481,85.44149616209795,85.6896743774414,2947600,0.0,0.0
2022-08-22 00:00:00-04:00,85.27889539602687,85.52707359333061,83.72992158038038,84.11502838134766,3190900,0.0,0.0
2022-08-23 00:00:00-04:00,83.3961794927901,84.02090492010342,82.46337771661877,83.69570922851562,3319500,0.0,0.0
2022-08-24 00:00:00-04:00,83.40472780806085,83.8069474289355,83.06241282035165,83.55876922607422,2423900,0.0,0.0
2022-08-25 00:00:00-04:00,83.81551103106975,84.1578195057219,83.46463635670095,84.02945709228516,2358000,0.0,0.0
2022-08-26 00:00:00-04:00,84.3803304554835,84.5001397348437,82.5660719228199,82.6259765625,2938100,0.0,0.0
2022-08-29 00:00:00-04:00,82.32644747079526,82.92550040133881,81.91567466099245,82.36067962646484,2293000,0.0,0.0
2022-08-30 00:00:00-04:00,82.36067209292429,82.72010643001936,81.45354290256189,81.71883392333984,2178400,0.0,0.0
2022-08-31 00:00:00-04:00,81.73595326416677,82.41202358628958,81.4792153846868,81.71883392333984,3959700,0.0,0.0
2022-09-01 00:00:00-04:00,81.68460726005281,83.28492622090728,81.59903013751382,82.56607055664062,3451400,0.0,0.0
2022-09-02 00:00:00-04:00,82.92548869766932,83.44751757200086,80.52929037191417,80.89727783203125,4077600,0.0,0.0
2022-09-06 00:00:00-04:00,81.27383922527905,81.57336243628444,80.26401345023494,80.52930450439453,4130500,0.0,0.0
2022-09-07 00:00:00-04:00,80.58919687968341,81.24815437270814,80.04149551175173,80.96574401855469,3965000,0.0,0.0
2022-09-08 00:00:00-04:00,80.76892372968739,82.14673704062734,80.52074548737535,81.8301010131836,3641700,0.0,0.0
2022-09-09 00:00:00-04:00,82.21519906050622,83.75561344251814,81.79586657339262,83.06242370605469,3418600,0.0,0.0
2022-09-12 00:00:00-04:00,83.4389685958946,84.06369400280823,83.2164628514864,83.57589721679688,3675600,0.0,0.0
2022-09-13 00:00:00-04:00,82.97683842202014,83.18222480972301,80.22977181845026,80.46083068847656,3196400,0.0,0.0
2022-09-14 00:00:00-04:00,80.8031392146435,80.8630438449713,79.66494470929993,80.18697357177734,3498600,0.0,0.0
2022-09-15 00:00:00-04:00,80.29823714214666,80.85449820629711,79.70774392475911,80.47795104980469,3661200,0.0,0.0
2022-09-16 00:00:00-04:00,81.71883529353153,81.94990069476091,80.46939108595137,81.77873992919922,10447000,0.0,0.0
2022-09-19 00:00:00-04:00,81.19680611910096,82.18951896876695,80.70045622338354,82.08682250976562,4048000,0.0,0.0
2022-09-20 00:00:00-04:00,81.74450988733325,82.78001459065796,81.37652239326596,82.16384887695312,3616700,0.0,0.0
2022-09-21 00:00:00-04:00,82.31788276659695,83.4132854777023,82.22374598400678,82.51470947265625,5183800,0.0,0.0
2022-09-22 00:00:00-04:00,82.48048790760427,82.9939637073118,81.52201367693102,81.97557830810547,3802900,0.0,0.0
2022-09-23 00:00:00-04:00,81.29950347844365,81.4364320919618,77.55117082644547,78.55243682861328,5287900,0.0,0.0
2022-09-26 00:00:00-04:00,78.22724626739358,79.04023874355754,77.06337909304102,77.16606903076172,4482200,0.0,0.0
2022-09-27 00:00:00-04:00,77.66951230483642,78.23371332234956,75.3692852328608,75.5342025756836,7067800,1.27,0.0
2022-09-28 00:00:00-04:00,75.75990302403473,76.23731111806393,74.73565107698207,75.82066345214844,8287300,0.0,0.0
2022-09-29 00:00:00-04:00,75.62100714939635,75.9508484500338,74.31031065330414,74.7269515991211,4301400,0.0,0.0
2022-09-30 00:00:00-04:00,74.64883692865823,74.9613209618716,71.91460494923544,72.0534896850586,7259200,0.0,0.0
2022-10-03 00:00:00-04:00,73.0603730244016,74.16274902424823,72.6871285978817,73.8068618774414,4789500,0.0,0.0
2022-10-04 00:00:00-04:00,74.11066757148967,75.95085056348779,73.83290472575302,75.516845703125,5483700,0.0,0.0
2022-10-05 00:00:00-04:00,74.95263059290143,75.91612181670857,74.82242782328652,75.49079895019531,4317100,0.0,0.0
2022-10-06 00:00:00-04:00,75.1088852452129,75.38664811007042,73.63327126735527,74.18879699707031,4963600,0.0,0.0
2022-10-07 00:00:00-04:00,74.00650669485583,74.31030875642328,73.10377583877808,73.47702026367188,3464600,0.0,0.0
2022-10-10 00:00:00-04:00,73.72009138166462,74.301656506623,72.912841796875,72.912841796875,2717700,0.0,0.0
2022-10-11 00:00:00-04:00,72.92150395921367,75.24777045004961,72.92150395921367,74.31900024414062,5037300,0.0,0.0
2022-10-12 00:00:00-04:00,74.86582813975818,75.84667660552965,74.3016205742274,74.36238098144531,3901200,0.0,0.0
2022-10-13 00:00:00-04:00,73.06037742088009,75.88140904477605,72.91281735608035,75.71649169921875,4495700,0.0,0.0
2022-10-14 00:00:00-04:00,76.21992860511186,76.64525812046865,73.85894119351934,74.00650787353516,3534100,0.0,0.0
2022-10-17 00:00:00-04:00,74.73564841917457,75.03945054893912,73.84159931341475,74.27560424804688,3277100,0.0,0.0
2022-10-18 00:00:00-04:00,75.37796710347452,75.8119719991575,74.62280282331517,74.91792297363281,3480800,0.0,0.0
2022-10-19 00:00:00-04:00,75.2390897350078,75.6470554006232,74.43184035604664,75.05680847167969,4874800,0.0,0.0
2022-10-20 00:00:00-04:00,73.78082264667765,75.24776112199349,73.36417508729261,73.8068618774414,4846100,0.0,0.0
2022-10-21 00:00:00-04:00,73.91103598535166,75.52553474731221,73.29474982044682,75.0915298461914,6780800,0.0,0.0
2022-10-24 00:00:00-04:00,75.15228386068746,76.33277762088959,74.74431822883086,75.68177032470703,8413900,0.0,0.0
2022-10-25 00:00:00-04:00,75.81194583758827,76.98376394946675,75.5775861886447,76.81884002685547,5243600,0.0,0.0
2022-10-26 00:00:00-04:00,77.14870632348239,78.24240049291224,76.77546185579381,77.75631713867188,4749900,0.0,0.0
2022-10-27 00:00:00-04:00,77.70423186018576,78.3639211410439,77.33966934539139,77.72159576416016,7072200,0.0,0.0
2022-10-28 00:00:00-04:00,78.11217992997257,80.84641142025028,77.83441713040584,80.31692504882812,4278800,0.0,0.0
2022-10-31 00:00:00-04:00,79.90030576476396,80.11730821754996,79.24061645402548,79.72669982910156,3473800,0.0,0.0
2022-11-01 00:00:00-04:00,80.08257182892496,80.33429542106059,79.08435941111486,79.61384582519531,3485300,0.0,0.0
2022-11-02 00:00:00-04:00,79.50968518148915,79.76140878279944,77.46986376263688,77.58270263671875,4691500,0.0,0.0
2022-11-03 00:00:00-04:00,76.90566180414415,77.3483486267606,76.53241735024963,76.67997741699219,3331700,0.0,0.0
2022-11-04 00:00:00-04:00,77.69555759645647,79.1451323459218,77.31363117244823,78.10352325439453,2990500,0.0,0.0
2022-11-07 00:00:00-05:00,78.51146841411155,79.31871763521107,78.2250302691185,78.9020767211914,5069500,0.0,0.0
2022-11-08 00:00:00-05:00,79.16248586983671,80.36901888216318,78.43336086485762,80.29090118408203,4176700,0.0,0.0
2022-11-09 00:00:00-05:00,80.33430178797529,80.64678581522773,78.91076638488694,78.96284484863281,3119500,0.0,0.0
2022-11-10 00:00:00-05:00,80.73358930275718,81.23702992848932,79.57045278545648,80.94190979003906,5452900,0.0,0.0
2022-11-11 00:00:00-05:00,81.11550377824612,82.30467945075183,80.22145484724489,82.0008773803711,4019100,0.0,0.0
2022-11-14 00:00:00-05:00,82.07031865923932,82.7820863385895,81.48007180643269,81.53215026855469,5715100,0.0,0.0
2022-11-15 00:00:00-05:00,83.0511759846754,83.51990206038927,81.5234769181697,82.17448425292969,4242700,0.0,0.0
2022-11-16 00:00:00-05:00,82.68661365631648,82.97305185125245,81.92276081011637,82.2092056274414,2820200,0.0,0.0
2022-11-17 00:00:00-05:00,82.41752748378424,82.80813586542979,81.15023397627188,82.59981536865234,2803000,0.0,0.0
2022-11-18 00:00:00-05:00,83.32894165050399,83.85842816369939,82.8341763243497,83.57198333740234,3833900,0.0,0.0
2022-11-21 00:00:00-05:00,83.85842194824906,84.59622890661666,83.37233861048007,84.11014556884766,3271900,0.0,0.0
2022-11-22 00:00:00-05:00,84.48339839969617,84.69171890476625,84.14487509556125,84.3358383178711,2862900,0.0,0.0
2022-11-23 00:00:00-05:00,84.58754133612523,85.58575380049867,84.3618635856597,85.16043090820312,2979700,0.0,0.0
2022-11-25 00:00:00-05:00,85.07363904406122,85.56840434592601,84.85663660249966,85.2819595336914,1299000,0.0,0.0
2022-11-28 00:00:00-05:00,84.47470116382448,85.1691115516102,84.00597514542736,84.74378204345703,3623700,0.0,0.0
2022-11-29 00:00:00-05:00,84.90871440409958,84.9781567742286,84.21430394758733,84.88267517089844,2859700,0.0,0.0
2022-11-30 00:00:00-05:00,85.0215635990981,86.69682290287827,83.96259712696289,86.51454162597656,5873600,0.0,0.0
2022-12-01 00:00:00-05:00,86.85305454647737,89.1185605519563,86.71417642839161,88.936279296875,7797700,0.0,0.0
2022-12-02 00:00:00-05:00,88.11166882645261,90.54209207715611,87.87730249273037,90.53341674804688,5847300,0.0,0.0
2022-12-05 00:00:00-05:00,89.67408096042726,90.37717332827704,89.41368202103608,89.82164764404297,17092500,0.0,0.0
2022-12-06 00:00:00-05:00,89.76956617910267,90.3511311184944,87.69502341971705,88.21582794189453,7233700,0.0,0.0
2022-12-07 00:00:00-05:00,88.63249125982946,88.75401211582032,87.79920255201075,88.43284606933594,7894400,0.0,0.0
2022-12-08 00:00:00-05:00,88.29395304418169,88.68455478367552,87.67766691487046,88.58907318115234,5086400,0.0,0.0
2022-12-09 00:00:00-05:00,88.66718975909534,89.3355542959998,88.44150538898715,88.61510467529297,5723600,0.0,0.0
2022-12-12 00:00:00-05:00,88.71059506354965,89.24876350026871,88.20715443440034,89.05780029296875,7695600,0.0,0.0
2022-12-13 00:00:00-05:00,89.7956069446651,90.11677293964478,87.51274366191774,88.81475830078125,8753300,0.0,0.0
2022-12-14 00:00:00-05:00,89.19668487407054,89.47444773263096,88.22451155791461,88.936279296875,7866400,0.0,0.0
2022-12-15 00:00:00-05:00,88.50227972008611,88.79740650008617,86.6360572980527,87.90335083007812,4969000,0.0,0.0
2022-12-16 00:00:00-05:00,87.26101640783617,88.04222648314128,86.36696745258257,87.04401397705078,11412000,0.0,0.0
2022-12-19 00:00:00-05:00,87.33914917646129,88.05091695340401,86.74022029038402,87.3304672241211,4467700,0.0,0.0
2022-12-20 00:00:00-05:00,87.4867018291606,88.00750634475314,87.01797577841069,87.59954071044922,4261400,0.0,0.0
2022-12-21 00:00:00-05:00,87.81932122012849,88.43466912715395,87.63471684802084,88.36434173583984,5615900,1.27,0.0
2022-12-22 00:00:00-05:00,88.35554173282569,88.71595781887581,87.54679027543858,88.66321563720703,3112500,0.0,0.0
2022-12-23 00:00:00-05:00,88.38192597057714,89.4807662973844,88.1797363994574,89.39286041259766,2493500,0.0,0.0
2022-12-27 00:00:00-05:00,89.73569581505666,90.54444066574268,89.41922927230318,90.26313781738281,5468100,0.0,0.0
2022-12-28 00:00:00-05:00,90.54443763185535,90.67629980471578,88.67201623896091,88.73355102539062,2393500,0.0,0.0
2022-12-29 00:00:00-05:00,88.86540315173443,89.21703336388445,88.61047812238382,88.95331573486328,2361400,0.0,0.0
2022-12-30 00:00:00-05:00,88.83902407441606,89.14670467413495,88.17093410884807,88.97088623046875,2858700,0.0,0.0
2023-01-03 00:00:00-05:00,89.23462267139703,89.6126239931727,88.07424761263267,89.05001831054688,2730000,0.0,0.0
2023-01-04 00:00:00-05:00,89.23461110074773,89.43679392874373,88.50497964524175,88.98847198486328,5895500,0.0,0.0
2023-01-05 00:00:00-05:00,88.42586982919006,88.8654059314291,87.69624499663266,88.62805938720703,3590200,0.0,0.0
2023-01-06 00:00:00-05:00,89.75327173826153,91.6608568336545,89.51592519138866,90.97518157958984,5815700,0.0,0.0
2023-01-09 00:00:00-05:00,91.42351252540708,91.80151385508175,89.91150720670835,89.92909240722656,4864200,0.0,0.0
2023-01-10 00:00:00-05:00,90.21038348249618,90.38619522400248,89.48075201234782,89.83238220214844,4275100,0.0,0.0
2023-01-11 00:00:00-05:00,89.94666213841303,90.50926777798684,88.79507976784606,89.71810150146484,4561600,0.0,0.0
2023-01-12 00:00:00-05:00,90.13126586215368,90.15763695339076,88.8653998284681,89.17308044433594,4109100,0.0,0.0
2023-01-13 00:00:00-05:00,89.08517531082934,89.54229661977537,88.97089833698722,89.40164184570312,2772100,0.0,0.0
2023-01-17 00:00:00-05:00,89.77084562040511,90.06972691632541,88.72474767110828,88.98847198486328,4283900,0.0,0.0
2023-01-18 00:00:00-05:00,88.79507478488817,89.14670496658626,86.72046409033612,87.25669860839844,4271700,0.0,0.0
2023-01-19 00:00:00-05:00,88.44345226258515,89.62140576048103,88.1181931426584,88.95331573486328,4645400,0.0,0.0
2023-01-20 00:00:00-05:00,89.24340913425264,89.64778825883525,88.68959604816764,89.50713348388672,4806500,0.0,0.0
2023-01-23 00:00:00-05:00,89.66535416946216,90.01698435069997,88.75991097985658,88.91814422607422,4815900,0.0,0.0
2023-01-24 00:00:00-05:00,88.93573462993338,89.57746029965999,88.25885197348282,89.05001831054688,3604500,0.0,0.0
2023-01-25 00:00:00-05:00,90.10489052903088,91.47624086310546,89.91149359334592,90.91363525390625,12289900,0.0,0.0
2023-01-26 00:00:00-05:00,90.62354180612711,91.7311745573616,90.0609361847863,91.70480346679688,4156200,0.0,0.0
2023-01-27 00:00:00-05:00,91.6960330621294,91.81910265241169,91.0367288112788,91.2125473022461,4133400,0.0,0.0
2023-01-30 00:00:00-05:00,90.82574202705412,91.94216080191939,90.76420723957004,91.2740707397461,5358300,0.0,0.0
2023-01-31 00:00:00-05:00,91.60810461755229,91.66084679846334,90.81693836994643,91.63447570800781,3540400,0.0,0.0
2023-02-01 00:00:00-05:00,91.86305012321844,92.8476134576434,91.44109249223946,92.64542388916016,3791700,0.0,0.0
2023-02-02 00:00:00-05:00,91.94215252505059,92.10917837895222,90.38619777771608,90.99275970458984,4378700,0.0,0.0
2023-02-03 00:00:00-05:00,91.15977632884125,91.22131110908283,89.48075206408488,90.18400573730469,3530500,0.0,0.0
2023-02-06 00:00:00-05:00,90.1488627210537,90.2543470996458,89.3664889481466,89.49834442138672,2888700,0.0,0.0
2023-02-07 00:00:00-05:00,88.72474504784695,89.98181838690805,88.43464965265107,89.8411636352539,3939200,0.0,0.0
2023-02-08 00:00:00-05:00,88.94452314263329,89.51592139907632,88.83024617406006,89.04122161865234,3875000,0.0,0.0
2023-02-09 00:00:00-05:00,90.00820438846232,90.75541443675446,89.12913216534477,89.68294525146484,4108300,0.0,0.0
2023-02-10 00:00:00-05:00,89.81480092575067,90.09610374851684,88.76870961657029,89.98182678222656,3692500,0.0,0.0
2023-02-13 00:00:00-05:00,90.35982670734121,91.23889885348896,90.15763716274041,91.16857147216797,3787900,0.0,0.0
2023-02-14 00:00:00-05:00,90.97517832050848,91.04550570476206,89.3225250312804,89.41043090820312,3251400,0.0,0.0
2023-02-15 00:00:00-05:00,89.19944683843633,89.19944683843633,88.14455629698489,88.88298034667969,3035600,0.0,0.0
2023-02-16 00:00:00-05:00,88.13578052110394,89.0148527198193,87.07210396547298,88.17094421386719,2934300,0.0,0.0
2023-02-17 00:00:00-05:00,88.13578296208264,89.66536675230941,87.86326601231708,89.50713348388672,4433400,0.0,0.0
2023-02-21 00:00:00-05:00,89.21702724604145,89.30493311635391,87.61711626191791,87.88963317871094,3871000,0.0,0.0
2023-02-22 00:00:00-05:00,87.83688649206954,88.97968295513117,87.239117169463,87.54679107666016,3518000,0.0,0.0
2023-02-23 00:00:00-05:00,87.66986847937609,87.88963651689836,86.93144438577133,87.75777435302734,4327000,0.0,0.0
2023-02-24 00:00:00-05:00,86.92266082464485,87.21275627396776,85.64800875719175,86.65894317626953,3561600,0.0,0.0
2023-02-27 00:00:00-05:00,87.09846653221061,87.18637240211925,86.12269595061241,86.29850769042969,3862700,0.0,0.0
2023-02-28 00:00:00-05:00,85.87656718193647,86.18424111709133,84.86563278918011,85.53372955322266,4976500,0.0,0.0
2023-03-01 00:00:00-05:00,87.02814605716952,87.13363713350087,85.33153647687438,85.71833038330078,4220200,0.0,0.0
2023-03-02 00:00:00-05:00,85.44581864145752,86.78201219574433,85.41066165399795,86.46554565429688,3316400,0.0,0.0
2023-03-03 00:00:00-05:00,86.61497228171419,87.32701853113113,86.1226940556272,87.20394897460938,2465700,0.0,0.0
2023-03-06 00:00:00-05:00,86.98419799947875,88.00392504684613,86.80838622907223,87.99513244628906,3524800,0.0,0.0
2023-03-07 00:00:00-05:00,87.81051517670424,87.98632692128551,86.49190697198034,87.24790954589844,3682900,0.0,0.0
2023-03-08 00:00:00-05:00,87.20396181838098,87.81052379828077,87.11605593745941,87.68745422363281,3533100,0.0,0.0
2023-03-09 00:00:00-05:00,88.20609813465845,88.37312399278254,86.92265357394865,86.99298095703125,3775300,0.0,0.0
2023-03-10 00:00:00-05:00,87.01936230921632,87.60834582849316,86.11391894233157,86.45675659179688,3970800,0.0,0.0
2023-03-13 00:00:00-04:00,86.32489312711947,87.72262150607176,85.51614825869336,85.59526824951172,7568800,0.0,0.0
2023-03-14 00:00:00-04:00,85.87654758056897,85.92928975547457,84.84802822239884,85.5776596069336,6141300,0.0,0.0
2023-03-15 00:00:00-04:00,84.39093817041281,84.75136102144108,83.33605412599833,84.5491714477539,7110400,0.0,0.0
2023-03-16 00:00:00-04:00,84.5579509435688,84.5579509435688,83.0898953786725,83.85469055175781,7200300,0.0,0.0
2023-03-17 00:00:00-04:00,83.71405683081889,83.93382490253954,82.14930252646482,83.32726287841797,18801400,0.0,0.0
2023-03-20 00:00:00-04:00,83.65251368610618,84.8656309064274,83.63492848632244,84.65465545654297,5109400,0.0,0.0
2023-03-21 00:00:00-04:00,85.22604511938911,85.59526053193653,83.80195248095076,84.12720489501953,4039600,0.0,0.0
2023-03-22 00:00:00-04:00,84.18066225060844,84.45684430813797,82.16724454958917,82.2919692993164,7748300,1.27,0.0
2023-03-23 00:00:00-04:00,82.21179003694392,82.40778802571259,80.36763764705891,80.42108917236328,5549100,0.0,0.0
2023-03-24 00:00:00-04:00,80.82198334797786,81.06252197117337,80.25181117737743,80.84870910644531,3897500,0.0,0.0
2023-03-27 00:00:00-04:00,81.65943530767665,82.85323129169029,81.54361461278725,82.49687194824219,6061600,0.0,0.0
2023-03-28 00:00:00-04:00,82.43451012399926,84.1004861574877,82.43451012399926,83.94903564453125,4558600,0.0,0.0
2023-03-29 00:00:00-04:00,84.48356569499305,84.96464976059907,84.04702229656112,84.38556671142578,4400100,0.0,0.0
2023-03-30 00:00:00-04:00,86.2475353720146,87.45024895637273,85.75754724226577,86.0782699584961,5053000,0.0,0.0
2023-03-31 00:00:00-04:00,86.5415273874347,86.73752534694032,86.14062741352845,86.6395263671875,3887200,0.0,0.0
2023-04-03 00:00:00-04:00,86.61278871003739,87.67295563791025,86.5860629550469,87.21859741210938,2962800,0.0,0.0
2023-04-04 00:00:00-04:00,86.90680666580666,87.22752939737639,86.30990187278071,86.89789581298828,3064600,0.0,0.0
2023-04-05 00:00:00-04:00,86.94244171891586,88.18079204965673,86.92462680919544,87.96697235107422,4728000,0.0,0.0
2023-04-06 00:00:00-04:00,87.97587703754836,89.00931845062016,87.96696618481799,88.22532653808594,3469400,0.0,0.0
2023-04-10 00:00:00-04:00,87.84222410798122,88.10058441028852,87.39677671717301,87.81549835205078,3254500,0.0,0.0
2023-04-11 00:00:00-04:00,88.25204286314239,88.82221503111798,87.82441713565491,87.87786865234375,2894200,0.0,0.0
2023-04-12 00:00:00-04:00,87.72641904009573,88.65295052162935,87.272060752702,88.01150512695312,2978000,0.0,0.0
2023-04-13 00:00:00-04:00,88.07387195171013,88.93804110786796,87.8867848349629,88.86676788330078,2978800,0.0,0.0
2023-04-14 00:00:00-04:00,89.01821746961838,89.12512730536646,88.1629591745999,88.62622833251953,2303900,0.0,0.0
2023-04-17 00:00:00-04:00,88.83114004753173,89.12513703017663,88.48369153967484,89.03604888916016,2844500,0.0,0.0
2023-04-18 00:00:00-04:00,88.95585607746604,90.28328760025737,88.86676794518942,90.27438354492188,3071900,0.0,0.0
2023-04-19 00:00:00-04:00,90.4169088279688,90.79999385316769,90.06946040941489,90.43473052978516,4048100,0.0,0.0
2023-04-20 00:00:00-04:00,85.90008692208265,88.0649618588104,85.49027607277061,86.158447265625,9046400,0.0,0.0
2023-04-21 00:00:00-04:00,87.25426341559647,87.5304387061976,85.8466476046162,87.1028060913086,4927000,0.0,0.0
2023-04-24 00:00:00-04:00,87.29879935022022,87.886793314145,86.87117355553809,87.61952209472656,4099200,0.0,0.0
2023-04-25 00:00:00-04:00,87.61059804565978,88.59949189277576,87.30769705313195,87.92241668701172,4645800,0.0,0.0
2023-04-26 00:00:00-04:00,87.6551578438747,88.29660332654593,87.45025580173714,87.48588562011719,2489600,0.0,0.0
2023-04-27 00:00:00-04:00,87.19188348719096,88.34113868662395,86.8177024755932,88.0382308959961,4131000,0.0,0.0
2023-04-28 00:00:00-04:00,87.89568931888782,89.11621091547228,87.63732899629264,89.06275939941406,3855100,0.0,0.0
2023-05-01 00:00:00-04:00,88.8667811319042,89.79331279844205,88.45697022502995,88.51042175292969,2340800,0.0,0.0
2023-05-02 00:00:00-04:00,88.25204265692496,88.45695146540068,85.00918591027074,86.33662414550781,3814600,0.0,0.0
2023-05-03 00:00:00-04:00,86.31879701321112,86.71969695620392,85.36553984483923,85.40117645263672,3579900,0.0,0.0
2023-05-04 00:00:00-04:00,85.03592954789337,85.23192754582213,83.54813645014661,84.08267211914062,4466100,0.0,0.0
2023-05-05 00:00:00-04:00,84.18956475085507,85.52590704848768,83.91338951771395,85.1339111328125,2426800,0.0,0.0
2023-05-08 00:00:00-04:00,85.11609622618563,85.40118231113438,84.68846370026829,85.1339111328125,2278700,0.0,0.0
2023-05-09 00:00:00-04:00,84.83101859667931,85.73082440326256,84.16284738126373,85.21410369873047,2908200,0.0,0.0
2023-05-10 00:00:00-04:00,85.45463940008848,85.69518483566067,83.75303363125008,84.72410583496094,2667400,0.0,0.0
2023-05-11 00:00:00-04:00,84.19848107520703,84.68846920465977,83.53921393836038,84.670654296875,3554500,0.0,0.0
2023-05-12 00:00:00-04:00,84.67955810365021,84.8042828387326,84.11828999879118,84.7419204711914,2229400,0.0,0.0
2023-05-15 00:00:00-04:00,84.98245820932482,85.07154633389099,84.198473197359,84.635009765625,2600100,0.0,0.0
2023-05-16 00:00:00-04:00,84.37665936774965,84.56374649043335,83.52140103677179,83.61940002441406,6273100,0.0,0.0
2023-05-17 00:00:00-04:00,83.76193762572026,84.16284441905267,82.96013763303316,83.28976440429688,5658000,0.0,0.0
2023-05-18 00:00:00-04:00,82.70178077974631,82.88886790573402,81.79306411410418,82.49687194824219,8395200,0.0,0.0
2023-05-19 00:00:00-04:00,82.96012908880331,83.54811614268182,82.88885587106405,83.02249145507812,4027000,0.0,0.0
2023-05-22 00:00:00-04:00,82.89776584375983,83.35211730880785,82.56813231295119,82.91558074951172,3062600,0.0,0.0
2023-05-23 00:00:00-04:00,83.28085823149594,83.46794534483217,82.79977416992188,82.79977416992188,7659600,0.0,0.0
2023-05-24 00:00:00-04:00,82.87103733243141,83.31648476482825,82.26522855249219,82.27413940429688,3737200,0.0,0.0
2023-05-25 00:00:00-04:00,81.70396764628103,81.82869238422154,80.74179955617845,80.85762023925781,5536100,0.0,0.0
2023-05-26 00:00:00-04:00,81.69505654255424,81.9623277213104,80.82198337966248,80.92888641357422,4777200,0.0,0.0
2023-05-30 00:00:00-04:00,80.44781408220412,80.72398933266777,79.36982524648269,80.36763000488281,7805300,0.0,0.0
2023-05-31 00:00:00-04:00,80.21617888490603,80.69726295418089,79.78854633544321,80.189453125,6644900,0.0,0.0
2023-06-01 00:00:00-04:00,80.30526789481802,80.85762519453984,79.84200552507531,80.32308959960938,4386900,0.0,0.0
2023-06-02 00:00:00-04:00,80.62598260251968,81.98013976163305,80.35871143310833,81.76632690429688,4689700,0.0,0.0
2023-06-05 00:00:00-04:00,81.50797408589816,81.50797408589816,79.80636832817915,80.22509002685547,4470500,0.0,0.0
2023-06-06 00:00:00-04:00,80.13599488196732,81.70397183545595,80.07363250979958,81.62379455566406,4457600,0.0,0.0
2023-06-07 00:00:00-04:00,81.83759491502744,82.32758976210685,81.15160212911626,82.18504333496094,5067700,0.0,0.0
2023-06-08 00:00:00-04:00,82.40778175080578,82.57705396403308,81.81088377372595,82.11378479003906,2712600,0.0,0.0
2023-06-09 00:00:00-04:00,82.05142418960713,82.58595980446994,81.6950648473689,82.48796081542969,3433800,0.0,0.0
2023-06-12 00:00:00-04:00,82.4523242245225,82.72849946349778,82.09596491156141,82.54141235351562,2817800,0.0,0.0
2023-06-13 00:00:00-04:00,82.44341661566447,83.18286102967382,82.3632325385244,83.12049865722656,3403800,0.0,0.0
2023-06-14 00:00:00-04:00,83.72629801525342,83.90447426011978,82.71958252049312,82.90666961669922,3046000,0.0,0.0
2023-06-15 00:00:00-04:00,83.47684283071,84.65282373412767,83.25411912326734,84.39447021484375,4725200,0.0,0.0
2023-06-16 00:00:00-04:00,84.41230069623752,85.62391843204821,84.2875759408149,84.53702545166016,9547300,0.0,0.0
2023-06-20 00:00:00-04:00,85.312106247398,86.10500224568537,84.44793701854812,84.47466278076172,5025700,0.0,0.0
2023-06-21 00:00:00-04:00,84.63501601539403,86.03372074503204,84.46574380832685,85.83772277832031,4877900,0.0,0.0
2023-06-22 00:00:00-04:00,85.96412071187612,86.77663739765312,85.48564057685678,86.38843536376953,5775900,1.27,0.0
2023-06-23 00:00:00-04:00,86.3703751986064,87.43567331758958,86.21690173863043,86.93914031982422,8867100,0.0,0.0
2023-06-26 00:00:00-04:00,86.86690850711426,87.67942512749407,86.03633902307138,87.36344146728516,3825700,0.0,0.0
2023-06-27 00:00:00-04:00,87.4627450316817,87.67942071138783,86.65925832749079,87.1738510131836,3345600,0.0,0.0
2023-06-28 00:00:00-04:00,86.81275596163078,87.04747766310474,85.96412659971975,86.84886169433594,2976400,0.0,0.0
2023-06-29 00:00:00-04:00,86.73148562498706,88.23012811707632,86.62314778254718,88.19401550292969,3143100,0.0,0.0
2023-06-30 00:00:00-04:00,88.32041493459009,88.66347447121198,87.76067969168092,88.13082885742188,3754900,0.0,0.0
2023-07-03 00:00:00-04:00,88.47388206868455,88.94333228985565,87.94123649297545,88.9072265625,2061100,0.0,0.0
2023-07-05 00:00:00-04:00,88.44680546917417,88.54611344573873,87.59817617408707,87.97734832763672,3817800,0.0,0.0
2023-07-06 00:00:00-04:00,87.10163625628293,88.2301296386635,86.93010305807245,88.0224838256836,3091900,0.0,0.0
2023-07-07 00:00:00-04:00,88.01344739966882,88.92527191334757,87.78774873999028,88.20303344726562,4707800,0.0,0.0
2023-07-10 00:00:00-04:00,88.41970976139598,88.95235529596991,87.93219982641939,88.24817657470703,4123100,0.0,0.0
2023-07-11 00:00:00-04:00,88.57318885957066,89.01555633544922,88.31137756917565,89.01555633544922,3419300,0.0,0.0
2023-07-12 00:00:00-04:00,89.15097978379991,89.53015191816829,89.03361894824128,89.37667846679688,5605000,0.0,0.0
2023-07-13 00:00:00-04:00,89.62043677600465,90.85726813175128,89.4308506945155,90.72184753417969,5405700,0.0,0.0
2023-07-14 00:00:00-04:00,90.61351314971068,90.88434744686421,89.81904934739445,89.82807922363281,2938400,0.0,0.0
2023-07-17 00:00:00-04:00,89.51209077231877,89.64751134714301,88.39262733680637,89.33152770996094,4730500,0.0,0.0
2023-07-18 00:00:00-04:00,89.03362967999392,89.97253714096664,88.71764597548902,88.78987121582031,5936800,0.0,0.0
2023-07-19 00:00:00-04:00,88.48291022498242,89.77390691783722,88.45582748610343,89.16902923583984,7653900,0.0,0.0
2023-07-20 00:00:00-04:00,90.0808531849908,90.91142264782005,88.6093003179492,88.63638305664062,6553800,0.0,0.0
2023-07-21 00:00:00-04:00,88.96138170317971,88.96138170317971,87.7606632187156,88.04052734375,4192900,0.0,0.0
2023-07-24 00:00:00-04:00,88.05860362199279,88.41069303498769,87.92318302750762,88.13082885742188,4414500,0.0,0.0
2023-07-25 00:00:00-04:00,87.78776561282771,88.02249419258573,86.49676875582534,87.74263000488281,4042200,0.0,0.0
2023-07-26 00:00:00-04:00,87.56205579975497,88.88916510739418,87.1919135553487,88.68152618408203,3869000,0.0,0.0
2023-07-27 00:00:00-04:00,88.92527995729148,89.34056470213238,88.65443878606706,88.99750518798828,4643200,0.0,0.0
2023-07-28 00:00:00-04:00,89.37667220573236,90.24335426119414,88.91624499609505,90.153076171875,3888900,0.0,0.0
2023-07-31 00:00:00-04:00,89.90029691644581,90.44197235309035,89.53917766275715,90.02668762207031,4740600,0.0,0.0
2023-08-01 00:00:00-04:00,90.27946802192669,90.42391847689464,88.67249459318069,88.69957733154297,3380300,0.0,0.0
2023-08-02 00:00:00-04:00,88.35652052731606,88.87111323522379,87.58011652762694,88.41971588134766,2873600,0.0,0.0
2023-08-03 00:00:00-04:00,88.23914271619375,88.37456328442545,87.66135472032968,87.95024871826172,2309900,0.0,0.0
2023-08-04 00:00:00-04:00,87.81482441588183,88.13983101070714,86.75855642658752,86.85786437988281,2560300,0.0,0.0
2023-08-07 00:00:00-04:00,87.18287787651944,88.20303333739619,87.07454004040916,87.76066589355469,2303300,0.0,0.0
2023-08-08 00:00:00-04:00,87.39955104794569,87.96831610635302,86.78565038805921,87.70650482177734,2433500,0.0,0.0
2023-08-09 00:00:00-04:00,87.60720286793044,88.2481863102491,87.58012012762894,87.67942810058594,1829500,0.0,0.0
2023-08-10 00:00:00-04:00,88.02249123375918,88.8440377914075,87.3905376415509,87.42664337158203,2402400,0.0,0.0
2023-08-11 00:00:00-04:00,87.14676612224947,87.23704420934173,86.42453453773489,86.81273651123047,2642300,0.0,0.0
2023-08-14 00:00:00-04:00,86.82177675922483,87.11970070485737,86.41552184265532,86.53288269042969,2763800,0.0,0.0
2023-08-15 00:00:00-04:00,86.18980862732194,86.18980862732194,85.14256349936736,85.43145751953125,2689900,0.0,0.0
2023-08-16 00:00:00-04:00,85.25090006760418,86.08146950220828,84.60088680999169,84.85366821289062,3222100,0.0,0.0
2023-08-17 00:00:00-04:00,85.06132107059557,85.44952308232483,83.842549555373,84.32102966308594,3385600,0.0,0.0
2023-08-18 00:00:00-04:00,84.20366375856557,85.45855480462674,84.1133856606314,85.18771362304688,2884600,0.0,0.0
2023-08-21 00:00:00-04:00,85.18771201255144,86.01828151828744,84.8897880960014,85.16062927246094,3093500,0.0,0.0
2023-08-22 00:00:00-04:00,84.80854517065194,85.12452197106423,84.23978004213215,84.8897933959961,2459400,0.0,0.0
2023-08-23 00:00:00-04:00,85.22382893447244,85.22382893447244,84.62798107126753,85.15160369873047,2458800,0.0,0.0
2023-08-24 00:00:00-04:00,84.92589138968374,85.97313647674157,84.78144782913094,84.93492126464844,2713900,0.0,0.0
2023-08-25 00:00:00-04:00,85.48563767680105,85.88286268587824,84.90784958380026,85.82869720458984,2474700,0.0,0.0
2023-08-28 00:00:00-04:00,86.12661419126229,86.73148497619569,86.0092464742195,86.55995178222656,2659400,0.0,0.0
2023-08-29 00:00:00-04:00,86.69538123961296,87.13774875128738,86.00023229269601,86.89399719238281,2457500,0.0,0.0
2023-08-30 00:00:00-04:00,87.25510792690473,87.39955149526486,86.73148535507343,87.35441589355469,2574100,0.0,0.0
2023-08-31 00:00:00-04:00,87.57107171154502,87.97732650561196,86.66827715781776,86.72244262695312,3098500,0.0,0.0
2023-09-01 00:00:00-04:00,87.33635467991107,87.54400048518605,85.83771910536217,86.37939453125,2538600,0.0,0.0
2023-09-05 00:00:00-04:00,86.1717577734492,86.40648634149703,85.0793769316791,85.32313537597656,4328000,0.0,0.0
2023-09-06 00:00:00-04:00,84.99811920884028,85.01617207154435,84.01406944093935,84.4564437866211,4690700,0.0,0.0
2023-09-07 00:00:00-04:00,85.02520890444802,85.21479497334984,84.00505332765901,84.21269226074219,3531000,0.0,0.0
2023-09-08 00:00:00-04:00,84.33005951702397,84.63700642084383,83.77935417755684,84.56478118896484,4130900,0.0,0.0
2023-09-11 00:00:00-04:00,84.8175563333522,85.73841075219137,84.73630811933641,85.34117889404297,2482600,0.0,0.0
2023-09-12 00:00:00-04:00,85.54883009392827,85.7293862838688,84.90784666552908,85.26895904541016,3071000,0.0,0.0
2023-09-13 00:00:00-04:00,85.76549700238887,86.28911958452255,85.44952023309335,85.99119567871094,4688400,0.0,0.0
2023-09-14 00:00:00-04:00,86.1627236965632,86.96621038494072,86.00924337118116,86.94815063476562,4214600,0.0,0.0
2023-09-15 00:00:00-04:00,86.35231565110189,86.948156579866,85.99119638845063,86.47870635986328,6932700,0.0,0.0
2023-09-18 00:00:00-04:00,86.98426782739575,87.59816849791842,86.45162226138628,87.53497314453125,4557100,0.0,0.0
2023-09-19 00:00:00-04:00,87.56204622205884,88.1759468248452,87.25509936455374,87.85997009277344,3723200,0.0,0.0
2023-09-20 00:00:00-04:00,88.07666130728313,88.94334351653204,87.60721102685669,88.21208190917969,3765000,0.0,0.0
2023-09-21 00:00:00-04:00,87.32733775504191,87.67039727477302,86.1356489802456,86.5960693359375,3591700,0.0,0.0
2023-09-22 00:00:00-04:00,86.46967514175073,86.46967514175073,85.11548309366457,85.70230102539062,4903600,0.0,0.0
2023-09-25 00:00:00-04:00,84.51061634377096,85.07937455159164,84.28491765828664,84.60992431640625,4092700,0.0,0.0
2023-09-26 00:00:00-04:00,84.14302649290077,84.2071107703614,83.26414642392314,83.37400817871094,4184800,1.3,0.0
2023-09-27 00:00:00-04:00,83.20921665622264,83.40146948309948,82.45851214832453,82.68738555908203,4793100,0.0,0.0
2023-09-28 00:00:00-04:00,83.30992641180691,85.55288317518283,83.21837843905612,85.18669128417969,6932800,0.0,0.0
2023-09-29 00:00:00-04:00,85.93738867061342,85.93738867061342,84.44512959901819,84.75640106201172,5330800,0.0,0.0
2023-10-02 00:00:00-04:00,84.50007635855256,84.9212026475843,83.39232276878504,83.68528747558594,5299600,0.0,0.0
2023-10-03 00:00:00-04:00,83.32823712616228,83.76767719453284,82.47682766873298,82.64161682128906,4129500,0.0,0.0
2023-10-04 00:00:00-04:00,82.76063582706202,83.89584611353959,82.65077406333982,83.61204528808594,4151600,0.0,0.0
2023-10-05 00:00:00-04:00,84.04231841040874,84.52752891897138,83.52048731831995,84.20710754394531,5452600,0.0,0.0
2023-10-06 00:00:00-04:00,83.44724963725486,84.44513438754561,82.86133424568439,84.38105010986328,4987300,0.0,0.0
2023-10-09 00:00:00-04:00,84.09724696136169,84.53668000045425,83.56625896985115,84.50921630859375,2457300,0.0,0.0
2023-10-10 00:00:00-04:00,85.46131559065034,87.32892314176807,85.35146084242406,86.10216522216797,6983600,0.0,0.0
2023-10-11 00:00:00-04:00,86.36766910218503,86.51415144139041,84.85711014093827,85.27823638916016,3604200,0.0,0.0
2023-10-12 00:00:00-04:00,85.58033702762656,85.82751720392291,83.49300594211171,84.10639190673828,3660500,0.0,0.0
2023-10-13 00:00:00-04:00,83.56626070497626,84.5549955404574,83.32823039613915,84.46344757080078,3119200,0.0,0.0
2023-10-16 00:00:00-04:00,85.15920799559738,85.5345637083535,84.41766044606463,85.25076293945312,3682900,0.0,0.0
2023-10-17 00:00:00-04:00,84.85710495963285,85.5254113836296,84.4634424278831,85.4979476928711,2716600,0.0,0.0
2023-10-18 00:00:00-04:00,85.42471600402303,86.07471570117346,84.93034856154325,85.33316802978516,3842900,0.0,0.0
2023-10-19 00:00:00-04:00,83.73105061143802,85.01274315236172,82.58668351858873,83.062744140625,6693300,0.0,0.0
2023-10-20 00:00:00-04:00,83.0535855417113,85.53457250987334,83.0535855417113,84.73809051513672,5591800,0.0,0.0
2023-10-23 00:00:00-04:00,84.50921466275867,84.54583524608022,82.88879401258679,83.23667907714844,4059500,0.0,0.0
2023-10-24 00:00:00-04:00,82.79724728371323,83.64865665083985,82.74231291557906,83.15428924560547,2915200,0.0,0.0
2023-10-25 00:00:00-04:00,82.81556046427636,83.64866309599049,82.3303499137891,82.4218978881836,4021700,0.0,0.0
2023-10-26 00:00:00-04:00,82.28456137219783,82.65076020520796,81.81766467015515,82.1289291381836,4297800,0.0,0.0
2023-10-27 00:00:00-04:00,81.7718936909584,82.11977876838245,79.85851528813258,80.07823181152344,4321600,0.0,0.0
2023-10-30 00:00:00-04:00,80.83809847171365,82.3028870304386,80.75570040468327,81.83598327636719,3821600,0.0,0.0
2023-10-31 00:00:00-04:00,81.72611749530782,81.89090663660022,81.03949723736652,81.62541961669922,3487100,0.0,0.0
2023-11-01 00:00:00-04:00,81.99160782425727,82.00076471632482,81.05780738857007,81.48809051513672,4170400,0.0,0.0
2023-11-02 00:00:00-04:00,81.82682236717949,83.3465452242206,81.27752755770122,83.25499725341797,3600000,0.0,0.0
2023-11-03 00:00:00-04:00,83.76766579616094,84.72893688604725,83.6394972487977,83.78597259521484,3929900,0.0,0.0
2023-11-06 00:00:00-05:00,83.93246276309532,84.02401073623663,83.10851703549811,83.28246307373047,5216500,0.0,0.0
2023-11-07 00:00:00-05:00,83.32823098099614,83.81344849444031,82.95288220737083,83.5662612915039,3085200,0.0,0.0
2023-11-08 00:00:00-05:00,83.57541396227481,83.95076271694008,82.568372370528,82.57752227783203,5185100,0.0,0.0
2023-11-09 00:00:00-05:00,82.76979360631647,82.76979360631647,82.0282389164129,82.21134185791016,5264800,0.0,0.0
2023-11-10 00:00:00-05:00,82.3944323959923,82.45851667513601,81.18598100023758,82.11978149414062,6008100,0.0,0.0
2023-11-13 00:00:00-05:00,82.27542040269601,82.88879949843782,81.87260094416108,82.3944320678711,7640200,0.0,0.0
2023-11-14 00:00:00-05:00,82.80639823850018,83.46555478714954,82.49513374867259,82.76062774658203,6202500,0.0,0.0
2023-11-15 00:00:00-05:00,83.00782042729934,83.98739850515193,82.67824210347386,83.9782485961914,6297800,0.0,0.0
2023-11-16 00:00:00-05:00,83.36485156604829,84.22541785311776,82.68738820423955,83.5662612915039,4579400,0.0,0.0
2023-11-17 00:00:00-05:00,83.90499020383443,84.39020069641028,83.34653854661947,84.17963409423828,3059700,0.0,0.0
2023-11-20 00:00:00-05:00,83.63035339882912,84.66486581558394,83.44725744108895,84.57331085205078,3466300,0.0,0.0
2023-11-21 00:00:00-05:00,84.83879842796034,85.22330410077046,84.44513586256068,84.95781707763672,3211600,0.0,0.0
2023-11-22 00:00:00-05:00,85.16836084526274,85.91906525048881,84.73807777434146,85.8916015625,3508300,0.0,0.0
2023-11-24 00:00:00-05:00,86.05639605956395,86.43175177799327,85.96484809898611,86.36766052246094,2080100,0.0,0.0
2023-11-27 00:00:00-05:00,86.12047201865201,86.30356792213648,85.63526158822327,86.10216522216797,3478700,0.0,0.0
2023-11-28 00:00:00-05:00,86.12048442013248,86.50499006361585,85.64443081172384,86.1937255859375,2456500,0.0,0.0
2023-11-29 00:00:00-05:00,86.36766300828292,86.49583853837503,85.53456746298636,85.73597717285156,2627800,0.0,0.0
2023-11-30 00:00:00-05:00,86.08386089975558,86.08386089975558,84.92118711708872,85.4704818725586,4319400,0.0,0.0
2023-12-01 00:00:00-05:00,85.44300879416629,86.2394836574508,85.14089426722202,86.10216522216797,3197800,0.0,0.0
2023-12-04 00:00:00-05:00,85.87330231857308,86.77963902522876,84.67400095517182,85.07682037353516,5729500,0.0,0.0
2023-12-05 00:00:00-05:00,84.70146618455145,85.50710503591611,84.01484597331763,84.71977996826172,3606800,0.0,0.0
2023-12-06 00:00:00-05:00,83.11766558597611,83.64865355543006,82.53175023508277,83.4014663696289,5719600,0.0,0.0
2023-12-07 00:00:00-05:00,83.64865796016375,83.7402059289374,83.02612199397561,83.41978454589844,5511700,0.0,0.0
2023-12-08 00:00:00-05:00,83.61203326607384,83.74020181298977,83.00780412947422,83.59371948242188,3877500,0.0,0.0
2023-12-11 00:00:00-05:00,84.1155610487006,85.42471735655191,84.1155610487006,85.13175964355469,4270100,0.0,0.0
2023-12-12 00:00:00-05:00,84.96695210937145,85.1592049121165,84.37188690382499,85.03103637695312,4038200,0.0,0.0
2023-12-13 00:00:00-05:00,85.03105307446906,86.44091422278125,83.97824089812417,86.422607421875,11393000,0.0,0.0
2023-12-14 00:00:00-05:00,86.92612165738193,88.41838081798751,86.66978454589844,86.66978454589844,8806900,0.0,0.0
2023-12-15 00:00:00-05:00,86.59654309600647,87.24654974973572,86.42260404786846,86.47753143310547,17596500,0.0,0.0
2023-12-18 00:00:00-05:00,86.89865061136177,87.50287973843972,86.17540983106932,86.86203002929688,4606400,0.0,0.0
2023-12-19 00:00:00-05:00,87.15499378704185,87.65851809476706,86.87119298704891,87.21907806396484,3897900,0.0,0.0
2023-12-20 00:00:00-05:00,86.99633392844544,87.31190454496344,85.35348876439055,85.38133239746094,4461900,1.3,0.0
2023-12-21 00:00:00-05:00,85.65048248495896,86.42085589451283,85.50198077734103,86.16097259521484,3617600,0.0,0.0
2023-12-22 00:00:00-05:00,86.30948047110964,87.06129387642439,86.03103709394323,86.26307678222656,2578700,0.0,0.0
2023-12-26 00:00:00-05:00,86.08673234791283,86.93136029072285,85.94750710575524,86.55081176757812,2608400,0.0,0.0
2023-12-27 00:00:00-05:00,86.49512193881924,87.19124104767862,86.49512193881924,87.04273223876953,3717200,0.0,0.0
2023-12-28 00:00:00-05:00,86.829251629921,87.59961799054477,86.73643009231098,87.32117462158203,3425800,0.0,0.0
2023-12-29 00:00:00-05:00,87.32117462158203,87.54393073301004,86.99632048381429,87.32117462158203,3709200,0.0,0.0
2024-01-02 00:00:00-05:00,87.07985287884352,88.99185762107992,86.93135116241498,88.6948471069336,5038500,0.0,0.0
2024-01-03 00:00:00-05:00,88.58348566116548,88.80624180932244,87.93377019721312,88.5649185180664,4145200,0.0,0.0
2024-01-04 00:00:00-05:00,88.89904083488298,89.86432675089999,88.69484478401355,88.78766632080078,5179400,0.0,0.0
2024-01-05 00:00:00-05:00,88.54634381418686,89.13108126189023,87.82238114142388,88.45352935791016,3251800,0.0,0.0
2024-01-08 00:00:00-05:00,89.00113349556194,89.8086340804291,88.97328986871973,89.37239837646484,3828300,0.0,0.0
2024-01-09 00:00:00-05:00,88.75054510866082,88.80623236945807,87.97088805105149,88.72269439697266,4523500,0.0,0.0
2024-01-10 00:00:00-05:00,88.81551369064108,89.45593841745853,86.79212731787452,87.68315887451172,4837400,0.0,0.0
2024-01-11 00:00:00-05:00,87.54393468977212,88.4071226270198,87.10769893592908,88.3143081665039,4467600,0.0,0.0
2024-01-12 00:00:00-05:00,89.07539744951495,89.48378957047456,88.27718034834267,88.4256820678711,3593200,0.0,0.0
2024-01-16 00:00:00-05:00,88.32359578060343,88.32359578060343,87.3954369703724,87.72029113769531,3304500,0.0,0.0
2024-01-17 00:00:00-05:00,87.30261447874582,87.73885024783591,86.66218972189986,86.9777603149414,2753400,0.0,0.0
2024-01-18 00:00:00-05:00,86.4115715947291,86.76427642475792,85.57622736740917,86.49510955810547,3640800,0.0,0.0
2024-01-19 00:00:00-05:00,86.7642897016771,86.84782059654685,85.16785539657226,85.6876220703125,5893400,0.0,0.0
2024-01-22 00:00:00-05:00,85.4370132332714,86.35588838572771,85.23281718132797,85.78971099853516,5201900,0.0,0.0
2024-01-23 00:00:00-05:00,84.4160383138547,85.38132429601434,84.01692975470495,85.2049789428711,4429300,0.0,0.0
2024-01-24 00:00:00-05:00,85.41845059264475,85.45557779325274,84.32322295922182,84.35106658935547,5562100,0.0,0.0
2024-01-25 00:00:00-05:00,84.88012767187125,85.19570537679387,84.3232337540382,84.6573715209961,7212600,0.0,0.0
2024-01-26 00:00:00-05:00,85.15857127849088,85.49270901840286,84.31394335779956,84.32322692871094,5935800,0.0,0.0
2024-01-29 00:00:00-05:00,84.65735630792385,85.20497363697666,84.43460019707835,85.11215209960938,6509100,0.0,0.0
2024-01-30 00:00:00-05:00,84.7780222274647,85.32563960712561,83.97981216639428,85.16785430908203,6120500,0.0,0.0
2024-01-31 00:00:00-05:00,85.26066931464675,85.28851294609112,84.26753966582221,84.32322692871094,7323000,0.0,0.0
2024-02-01 00:00:00-05:00,84.67592405417375,86.58792877197266,84.41603366148931,86.58792877197266,5169300,0.0,0.0
2024-02-02 00:00:00-05:00,86.08673786559909,86.59722809246652,85.38133511973422,86.30949401855469,5036000,0.0,0.0
2024-02-05 00:00:00-05:00,86.08672820445612,86.08672820445612,84.96365691267566,85.04718780517578,4672000,0.0,0.0
2024-02-06 00:00:00-05:00,85.04717675731519,85.2606563681222,84.50885010812424,85.07502746582031,5160100,0.0,0.0
2024-02-07 00:00:00-05:00,85.34419786410861,85.5112667294743,84.67592948393543,84.87084197998047,4694300,0.0,0.0
2024-02-08 00:00:00-05:00,82.60612628109068,84.05405162180291,81.9564180080247,82.61540985107422,9260300,0.0,0.0
2024-02-09 00:00:00-05:00,82.60613243385468,83.00524099740467,82.1884638102443,82.71751403808594,4966300,0.0,0.0
2024-02-12 00:00:00-05:00,82.71751691287112,83.69207942892875,82.62469536547432,83.53429412841797,4022300,0.0,0.0
2024-02-13 00:00:00-05:00,83.1444673288272,83.6920776239508,82.0677997175955,82.78248596191406,5935300,0.0,0.0
2024-02-14 00:00:00-05:00,82.76392247720503,83.0980602277793,82.4019410942979,82.81033325195312,5534900,0.0,0.0
2024-02-15 00:00:00-05:00,83.01452237342777,83.07020963342639,82.43906138871414,82.58757019042969,8765600,0.0,0.0
2024-02-16 00:00:00-05:00,82.49475586019621,83.57142352288525,82.3369705555473,83.20944213867188,4382500,0.0,0.0
2024-02-20 00:00:00-05:00,83.17230590672189,83.4971600519982,82.72678659227918,83.20014953613281,4448000,0.0,0.0
2024-02-21 00:00:00-05:00,83.20943486737497,84.17472083468867,82.83816994436363,84.06333923339844,4171900,0.0,0.0
2024-02-22 00:00:00-05:00,83.70134413258258,84.66662994134477,83.49714810440177,84.63878631591797,4161700,0.0,0.0
2024-02-23 00:00:00-05:00,84.67593646672184,85.35348847342554,84.49958401615696,84.98222351074219,3981300,0.0,0.0
2024-02-26 00:00:00-05:00,84.90796347869082,84.9450835962438,83.58069621556407,83.92411041259766,3941500,0.0,0.0
2024-02-27 00:00:00-05:00,83.92411109404102,84.17471791793787,83.4414716677529,83.70135498046875,4503900,0.0,0.0
2024-02-28 00:00:00-05:00,83.70135430083411,84.1004628367754,83.29296219486,83.92411041259766,3431700,0.0,0.0
2024-02-29 00:00:00-05:00,84.13758599283781,84.25824407231026,83.40433978383882,83.49715423583984,5735600,0.0,0.0
2024-03-01 00:00:00-05:00,83.37649536132812,83.40433898853405,82.47618031479678,83.37649536132812,5093300,0.0,0.0
2024-03-04 00:00:00-05:00,83.06090884836102,84.24895069070232,82.7638983877757,83.8219985961914,4670600,0.0,0.0
2024-03-05 00:00:00-05:00,83.56213264952655,84.36963332597949,83.4600346186662,84.06333923339844,4067700,0.0,0.0
2024-03-06 00:00:00-05:00,84.67593110865285,85.13072694148434,84.23969533620053,84.54598236083984,5166300,0.0,0.0
2024-03-07 00:00:00-05:00,84.62951979981928,85.06575556950897,84.55526539619345,84.9358139038086,2839500,0.0,0.0
2024-03-08 00:00:00-05:00,84.92651628659226,86.25378343639929,84.69447662460703,86.02174377441406,3549600,0.0,0.0
2024-03-11 00:00:00-04:00,86.23523378393602,87.67387561305091,86.17025587270327,87.62747192382812,4291400,0.0,0.0
2024-03-12 00:00:00-04:00,87.91520044419295,88.49065435360491,87.07057255854835,87.86878967285156,4899800,0.0,0.0
2024-03-13 00:00:00-04:00,88.17508876214674,88.98258949270655,88.10083435631115,88.47209930419922,5269600,0.0,0.0
2024-03-14 00:00:00-04:00,88.04513594420567,88.17507759731964,86.37444743089874,87.20050811767578,6604200,0.0,0.0
2024-03-15 00:00:00-04:00,86.10528235041777,88.05442135035248,85.90109337790125,87.49752044677734,16373200,0.0,0.0
2024-03-18 00:00:00-04:00,87.33973825276742,88.77838716909815,86.9499132715012,88.48137664794922,6144600,0.0,0.0
2024-03-19 00:00:00-04:00,88.75981452279487,89.02898139734194,88.10082269116126,88.1565170288086,6069200,0.0,0.0
2024-03-20 00:00:00-04:00,87.93066870600934,88.41059332984051,87.53542694933685,88.1188735961914,6341800,1.3,0.0
2024-03-21 00:00:00-04:00,88.17534470834326,88.85289388543656,86.72615107679701,86.76378631591797,8398200,0.0,0.0
2024-03-22 00:00:00-04:00,87.00844952257998,87.06490955502723,85.47455881145862,85.5216064453125,6126800,0.0,0.0
2024-03-25 00:00:00-04:00,85.48396126089571,86.11446271420729,85.44632602685458,85.77568817138672,8673200,0.0,0.0
2024-03-26 00:00:00-04:00,85.9639029461114,86.06741780052,84.97581639887989,85.05109405517578,7869800,0.0,0.0
2024-03-27 00:00:00-04:00,85.43691685325513,86.8390627097889,85.34281440548793,86.7920150756836,8796800,0.0,0.0
2024-03-28 00:00:00-04:00,87.07432102555342,87.23429590215325,86.1521070008138,86.21797943115234,5311900,0.0,0.0
2024-04-01 00:00:00-04:00,86.01096445170498,86.99905107577106,85.85098954774537,86.0486068725586,6476700,0.0,0.0
2024-04-02 00:00:00-04:00,86.03917678203298,86.84847071509344,86.01094676708654,86.40618133544922,4861400,0.0,0.0
2024-04-03 00:00:00-04:00,86.4250059438368,86.62263042356174,85.57807670870366,85.63453674316406,4823900,0.0,0.0
2024-04-04 00:00:00-04:00,86.18974351109426,86.18974351109426,84.70290760722855,84.78759765625,5469000,0.0,0.0
2024-04-05 00:00:00-04:00,84.73113439871143,84.89110927158993,83.71481077179588,84.20415496826172,5119700,0.0,0.0
2024-04-08 00:00:00-04:00,84.53351429060349,85.08872371778665,84.29825459849755,84.99462127685547,5302100,0.0,0.0
2024-04-09 00:00:00-04:00,85.16401707101117,85.84156620085768,85.07932701955873,85.70040893554688,5068200,0.0,0.0
2024-04-10 00:00:00-04:00,84.43942033347592,84.72172768463345,83.43250903727822,84.43000793457031,9601600,0.0,0.0
2024-04-11 00:00:00-04:00,84.59938623013467,84.6087986280404,83.63011745296762,84.15709686279297,5932000,0.0,0.0
2024-04-12 00:00:00-04:00,83.86537445644872,84.26060900115337,83.4324975008833,83.61128997802734,5517300,0.0,0.0
2024-04-15 00:00:00-04:00,84.00653188079849,84.31707641293353,82.64202847046899,83.37603759765625,7773900,0.0,0.0
2024-04-16 00:00:00-04:00,83.37604784025933,84.36414158950863,83.21607294510308,84.22298431396484,4617600,0.0,0.0
2024-04-17 00:00:00-04:00,84.58998446333011,85.28635122519674,84.03477496956593,85.23930358886719,4767000,0.0,0.0
2024-04-18 00:00:00-04:00,85.43691645952653,85.85097584326186,85.30517159734829,85.82273864746094,4041700,0.0,0.0
2024-04-19 00:00:00-04:00,86.1426982956309,88.48588305191464,85.99212863151212,88.2412109375,8710200,0.0,0.0
2024-04-22 00:00:00-04:00,87.99653972102905,88.72113643409446,87.46014789512041,88.51410675048828,8656300,0.0,0.0
2024-04-23 00:00:00-04:00,88.82465447795691,91.94890310245711,88.30708025028329,91.90185546875,13105500,0.0,0.0
2024-04-24 00:00:00-04:00,91.09256330272396,93.25694834407132,90.00095479352184,93.1816635131836,13572400,0.0,0.0
2024-04-25 00:00:00-04:00,93.63335346877435,94.00977039601725,90.29266311138272,90.42440795898438,7417700,0.0,0.0
2024-04-26 00:00:00-04:00,90.15152734164926,90.92317893406258,89.3422333325869,89.41751098632812,5391000,0.0,0.0
2024-04-29 00:00:00-04:00,89.44575078114126,90.09506274341308,89.4269259824916,89.96331787109375,3510700,0.0,0.0
2024-04-30 00:00:00-04:00,89.98213846307671,90.20798577941476,88.85288752227298,89.34223175048828,6589200,0.0,0.0
2024-05-01 00:00:00-04:00,89.05991162842471,91.49720585846795,89.05049923013091,90.38677978515625,6462500,0.0,0.0
2024-05-02 00:00:00-04:00,90.69732802884086,92.21240125611791,90.22680857141462,91.57249450683594,5607800,0.0,0.0
2024-05-03 00:00:00-04:00,91.72305321511602,92.25003264698167,90.65026955478594,91.65718078613281,5611900,0.0,0.0
2024-05-06 00:00:00-04:00,91.99595818208431,92.12770304413604,90.95140450470518,91.70423126220703,4517500,0.0,0.0
2024-05-07 00:00:00-04:00,92.2218152029671,92.60764461071801,91.61955086172046,91.77952575683594,3960300,0.0,0.0
2024-05-08 00:00:00-04:00,91.79833748176902,92.70173386497417,91.45015054238064,92.45706176757812,5784300,0.0,0.0
2024-05-09 00:00:00-04:00,92.62644956647448,93.61454318038027,92.40060226427406,93.59571838378906,3840400,0.0,0.0
2024-05-10 00:00:00-04:00,93.72746833359001,94.09447291193739,93.4827962215062,93.783935546875,4149300,0.0,0.0
2024-05-13 00:00:00-04:00,94.08507200451227,94.32033172857085,93.19108074535546,93.43575286865234,3853700,0.0,0.0
2024-05-14 00:00:00-04:00,93.63337357411166,94.23563791519865,93.54868351656377,93.95332336425781,3292700,0.0,0.0
2024-05-15 00:00:00-04:00,94.10388220645702,94.70614647821382,93.95331254873959,94.64027404785156,3230600,0.0,0.0
2024-05-16 00:00:00-04:00,94.77202322144791,95.47780237011483,94.59322353966078,94.7249755859375,4417400,0.0,0.0
2024-05-17 00:00:00-04:00,94.98846237340202,94.98846237340202,93.91567867506419,93.94390869140625,5307800,0.0,0.0
2024-05-20 00:00:00-04:00,93.98155263420581,94.54617450889565,93.55808084352093,93.71805572509766,5340100,0.0,0.0
2024-05-21 00:00:00-04:00,94.00979081728352,94.86613251271301,93.48280413284654,94.3203353881836,6199600,0.0,0.0
2024-05-22 00:00:00-04:00,93.66159341058491,95.2143089128367,93.36046127277993,95.11079406738281,4407600,0.0,0.0
2024-05-23 00:00:00-04:00,94.6779172895523,94.6779172895523,93.36046149123902,93.77452087402344,4573200,0.0,0.0
2024-05-24 00:00:00-04:00,94.32973703358752,94.84731129880741,93.71806031457045,94.03801727294922,4053900,0.0,0.0
2024-05-28 00:00:00-04:00,93.48279603899454,94.2262175930448,93.20990109013604,94.15093994140625,3560100,0.0,0.0
2024-05-29 00:00:00-04:00,93.96272246786309,94.09446732511128,93.36045821199808,93.72746276855469,4465000,0.0,0.0
2024-05-30 00:00:00-04:00,93.81217291729882,93.9156877736193,93.1252113416773,93.5486831665039,3875400,0.0,0.0
2024-05-31 00:00:00-04:00,93.42632406803115,95.53424881526503,93.42632406803115,95.40250396728516,7528800,0.0,0.0
2024-06-03 00:00:00-04:00,95.27076305809356,97.09638056922827,94.68732361564882,96.88935089111328,6332700,0.0,0.0
2024-06-04 00:00:00-04:00,96.84231379207692,97.97155756698501,96.51294444313498,97.67042541503906,5080900,0.0,0.0
2024-06-05 00:00:00-04:00,97.82098693637063,98.09388906818562,96.90818527009444,97.93391418457031,5266700,0.0,0.0
2024-06-06 00:00:00-04:00,97.86803240443405,98.71496873615285,97.42574303233887,98.09387969970703,4847600,0.0,0.0
2024-06-07 00:00:00-04:00,97.79274969678683,98.19739666517142,97.45397515676454,97.50102996826172,2506900,0.0,0.0
2024-06-10 00:00:00-04:00,97.44457732225501,97.75511469117711,96.55058609295735,97.56690979003906,3819100,0.0,0.0
2024-06-11 00:00:00-04:00,97.37870440853695,97.83039904086279,96.53176799848008,97.69865417480469,3751300,0.0,0.0
2024-06-12 00:00:00-04:00,98.10330174028233,98.15976177476102,96.21181161012186,96.59764099121094,4083600,0.0,0.0
2024-06-13 00:00:00-04:00,96.61645208910863,96.61645208910863,95.59072324100033,95.9671401977539,4264400,0.0,0.0
2024-06-14 00:00:00-04:00,95.93889650437387,96.29649581986786,95.52484434159172,96.17415618896484,5643600,0.0,0.0
2024-06-17 00:00:00-04:00,95.68483305130772,96.17417010706811,95.26136842958348,96.03302001953125,4838100,0.0,0.0
2024-06-18 00:00:00-04:00,93.47339430179666,95.86363393461004,93.45456950351827,95.2707748413086,5990900,0.0,0.0
2024-06-20 00:00:00-04:00,95.47779587780673,95.74128559332983,94.66850193466789,95.23312377929688,4646100,0.0,0.0
2024-06-21 00:00:00-04:00,95.22359226366437,95.80509641578796,94.30843997662983,95.25218963623047,10027700,1.3,0.0
2024-06-24 00:00:00-04:00,95.50958841979374,97.29222600475691,95.19500274962927,97.1111068725586,6487100,0.0,0.0
2024-06-25 00:00:00-04:00,97.23503821089952,97.38756725206706,96.61540170888013,97.2731704711914,6319400,0.0,0.0
2024-06-26 00:00:00-04:00,96.72978439189458,97.4828800586833,96.71071462803546,97.19689178466797,4321700,0.0,0.0
2024-06-27 00:00:00-04:00,97.42568571370913,97.51148511186518,96.36753919868619,96.82511901855469,4145700,0.0,0.0
2024-06-28 00:00:00-04:00,96.78698274314166,97.00624139778607,96.20547856450239,96.59632873535156,7299400,0.0,0.0
2024-07-01 00:00:00-04:00,97.21597394694253,98.46477453857487,96.45334330096232,96.52007293701172,2906300,0.0,0.0
2024-07-02 00:00:00-04:00,96.55819754930256,97.17783399096383,96.38660603119612,96.891845703125,3893000,0.0,0.0
2024-07-03 00:00:00-04:00,97.02530431075547,97.16829845371119,96.38660538160211,96.68212127685547,1647800,0.0,0.0
2024-07-05 00:00:00-04:00,96.42473904101122,97.56867765533403,96.09109088458244,97.34942626953125,3569100,0.0,0.0
2024-07-08 00:00:00-04:00,97.30176526809312,98.14065315331551,97.09204147854132,97.79747009277344,6081300,0.0,0.0
2024-07-09 00:00:00-04:00,97.9213923834576,98.09298389730883,96.87278080902641,96.92044067382812,4460000,0.0,0.0
2024-07-10 00:00:00-04:00,97.00624903147076,98.11205545504384,96.92998451315958,97.95953369140625,3089500,0.0,0.0
2024-07-11 00:00:00-04:00,97.95952376495116,100.09487915039062,97.94998888288225,100.09487915039062,3949500,0.0,0.0
2024-07-12 00:00:00-04:00,100.26647757577369,101.64873737872134,100.09488605162295,101.00050354003906,3541800,0.0,0.0
2024-07-15 00:00:00-04:00,101.04816844065037,101.17209282140698,100.018619318569,100.16161346435547,3606900,0.0,0.0
2024-07-16 00:00:00-04:00,100.31414827970386,101.18163354101345,99.94236057001712,101.14350128173828,2731400,0.0,0.0
2024-07-17 00:00:00-04:00,101.38182982624525,103.72690939496206,101.38182982624525,103.2502670288086,5411000,0.0,0.0
2024-07-18 00:00:00-04:00,102.24930266461455,104.07960725143202,102.17303815525118,102.43995666503906,4510500,0.0,0.0
2024-07-19 00:00:00-04:00,103.13586662085655,103.5076470453443,101.97285820661916,102.11585235595703,4819200,0.0,0.0
2024-07-22 00:00:00-04:00,102.60201690776682,102.68781630206965,101.77266397641652,102.21117401123047,5601100,0.0,0.0
2024-07-23 00:00:00-04:00,104.14634809928073,106.15777929429555,102.95474228578782,104.44186401367188,7560300,0.0,0.0
2024-07-24 00:00:00-04:00,104.79458503456792,106.47236810574235,104.26074794177896,106.23404693603516,7366100,0.0,0.0
2024-07-25 00:00:00-04:00,106.60582414237291,108.36939929006681,106.20544633493672,107.91181945800781,6976900,0.0,0.0
2024-07-26 00:00:00-04:00,107.91181728153835,108.19780557993023,107.30171569975461,108.06434631347656,5381700,0.0,0.0
2024-07-29 00:00:00-04:00,108.02620654022967,109.1224852438189,107.17778385980469,109.05575561523438,4834900,0.0,0.0
2024-07-30 00:00:00-04:00,108.76023167790989,109.46566748703279,108.31219404517591,109.34173583984375,5122700,0.0,0.0
2024-07-31 00:00:00-04:00,108.86509856122031,110.83839739502736,108.66490966770183,109.78025817871094,5519500,0.0,0.0
2024-08-01 00:00:00-04:00,110.37129041046614,112.32552676003814,109.5419374587717,111.97280883789062,7088700,0.0,0.0
2024-08-02 00:00:00-04:00,112.57337791141488,113.49806516163973,109.78026094133189,112.31599426269531,7405900,0.0,0.0
2024-08-05 00:00:00-04:00,111.4580419583653,112.44945888870163,107.86416194975784,108.2550048828125,10890600,0.0,0.0
2024-08-06 00:00:00-04:00,108.2549954913864,110.02810540699458,107.91181245785035,108.86509704589844,6275500,0.0,0.0
2024-08-07 00:00:00-04:00,109.05575495356152,110.99092144375557,108.86509367805965,110.3331527709961,3644800,0.0,0.0
2024-08-08 00:00:00-04:00,109.78978627488452,111.41037446809844,109.57053488848085,110.85746765136719,3548500,0.0,0.0
2024-08-09 00:00:00-04:00,110.85746417179347,111.13391757148182,110.21876525164319,110.59054565429688,3814600,0.0,0.0
2024-08-12 00:00:00-04:00,110.6763363347044,111.31503524654252,110.31409081895683,110.66680145263672,4860500,0.0,0.0
2024-08-13 00:00:00-04:00,110.7049341653579,112.5543085529922,110.4570854144463,112.40178680419922,5328100,0.0,0.0
2024-08-14 00:00:00-04:00,111.83934946852685,112.56384780412016,111.62009080945813,111.7249526977539,4067900,0.0,0.0
2024-08-15 00:00:00-04:00,111.71543222034428,112.43992332920585,111.16252536911982,112.38272857666016,4422200,0.0,0.0
2024-08-16 00:00:00-04:00,112.59245168805577,112.86890511200184,111.7535638061739,112.54478454589844,3707400,0.0,0.0
2024-08-19 00:00:00-04:00,112.6210566339197,113.2883530310658,112.43993020912922,112.91657257080078,3701400,0.0,0.0
2024-08-20 00:00:00-04:00,112.92609426433981,113.53619583417878,112.57337633962675,113.42180633544922,3837900,0.0,0.0
2024-08-21 00:00:00-04:00,113.60292183211035,114.47994190157624,113.40273294275298,114.39414978027344,4159500,0.0,0.0
2024-08-22 00:00:00-04:00,114.40369456560674,114.59434858921705,113.53620203031485,114.48948669433594,4156300,0.0,0.0
2024-08-23 00:00:00-04:00,114.48948038220571,114.6515370206383,113.9842407018074,114.53714752197266,2896500,0.0,0.0
2024-08-26 00:00:00-04:00,114.42275360524462,115.91941019166597,114.42275360524462,115.58576202392578,3061700,0.0,0.0
2024-08-27 00:00:00-04:00,116.0719376376414,116.82503336195138,115.62389270152164,116.69157409667969,3511600,0.0,0.0
2024-08-28 00:00:00-04:00,116.92035783639525,117.30167313161763,116.25305425151001,116.8440933227539,4430000,0.0,0.0
2024-08-29 00:00:00-04:00,117.12055100513163,117.12055100513163,116.07193935973163,116.82503509521484,3619400,0.0,0.0
2024-08-30 00:00:00-04:00,116.99662710116391,117.68298593285542,116.6057769076182,117.53046417236328,5602900,0.0,0.0
2024-09-03 00:00:00-04:00,117.79738144663685,120.29498979569057,117.45419839797344,119.83740997314453,6352600,0.0,0.0
2024-09-04 00:00:00-04:00,120.11385411508243,121.4579888307359,119.43702295274758,120.69535827636719,5340700,0.0,0.0
2024-09-05 00:00:00-04:00,120.95274951788598,121.49612145834752,119.18917443203601,119.33216857910156,5638200,0.0,0.0
2024-09-06 00:00:00-04:00,119.21776818777867,120.54283318259144,119.16057343988248,119.93273162841797,8412600,0.0,0.0
2024-09-09 00:00:00-04:00,119.84693839001147,122.23014983660576,119.84693839001147,121.4961166381836,4497500,0.0,0.0
2024-09-10 00:00:00-04:00,121.41033111068492,121.93464056660349,119.76114549996474,120.82882690429688,4921900,0.0,0.0
2024-09-11 00:00:00-04:00,120.5905028840463,120.5905028840463,118.41701514198763,119.40843200683594,4506100,0.0,0.0
2024-09-12 00:00:00-04:00,119.16056769060097,119.63720996136338,117.53998687920235,118.82691955566406,6055300,0.0,0.0
2024-09-13 00:00:00-04:00,119.08431382911917,119.98993858833018,118.64580377356855,119.75161743164062,3779600,0.0,0.0
2024-09-16 00:00:00-04:00,120.25685763775567,121.05761323664662,119.48469214112849,120.08526611328125,5549500,0.0,0.0
2024-09-17 00:00:00-04:00,118.96992315995153,119.23684168914431,116.36745295435306,117.4732666015625,6345000,0.0,0.0
2024-09-18 00:00:00-04:00,117.16822035278945,117.25401248064505,114.76593895104624,115.30931091308594,9398600,0.0,0.0
2024-09-19 00:00:00-04:00,114.96611896125933,115.11864798518175,113.82218037377781,114.14629364013672,7688600,0.0,0.0
2024-09-20 00:00:00-04:00,113.9175093118847,115.20444206290328,113.59339604002142,115.14724731445312,18374400,0.0,0.0
2024-09-23 00:00:00-04:00,115.28070578657864,115.91940471651178,114.79452860912934,115.4332275390625,4638800,0.0,0.0
2024-09-24 00:00:00-04:00,114.79452699223727,115.8908057101493,114.51807359220838,115.54762268066406,4056900,0.0,0.0
2024-09-25 00:00:00-04:00,116.20539977932764,117.02522515656648,115.38557440208879,116.00521087646484,6474000,0.0,0.0
2024-09-26 00:00:00-04:00,115.87023853655961,117.05593559136098,115.38824917932837,116.496826171875,6350900,1.35,0.0
2024-09-27 00:00:00-04:00,116.75710532726426,117.11377274708276,116.21727224243048,116.27511596679688,6046600,0.0,0.0
2024-09-30 00:00:00-04:00,116.93061928692099,117.38368309821495,116.20763526170401,117.02701568603516,6947900,0.0,0.0
2024-10-01 00:00:00-04:00,117.12341711727694,117.5668464559128,115.99556375457874,116.2461929321289,5466100,0.0,0.0
2024-10-02 00:00:00-04:00,115.9666443834382,116.03412260048476,114.97374011179002,115.29185485839844,3425000,0.0,0.0
2024-10-03 00:00:00-04:00,114.97373174132083,115.29184646476945,113.55668928650829,114.11579132080078,4523200,0.0,0.0
2024-10-04 00:00:00-04:00,113.49884862590754,114.81950207564944,113.2964139840476,114.80986022949219,4124500,0.0,0.0
2024-10-07 00:00:00-04:00,114.626708984375,114.67490350588953,114.01939770578747,114.626708984375,5110300,0.0,0.0
2024-10-08 00:00:00-04:00,114.94482895541445,115.27258556866435,113.99049201180578,114.52068328857422,3522000,0.0,0.0
2024-10-09 00:00:00-04:00,114.53030631896397,115.95699802257337,114.4339099204465,115.85095977783203,3212400,0.0,0.0
2024-10-10 00:00:00-04:00,116.27511354194148,117.20053221219085,114.83877998240939,115.08941650390625,3606700,0.0,0.0
2024-10-11 00:00:00-04:00,115.34005437927368,115.84132007357748,114.7423849300961,115.77384185791016,2630100,0.0,0.0
2024-10-14 00:00:00-04:00,115.68709178904086,116.05340106621132,115.27258063256478,115.75457000732422,3719400,0.0,0.0
2024-10-15 00:00:00-04:00,115.94736472819908,116.94990352678664,115.70637003684364,116.08232116699219,5496700,0.0,0.0
2024-10-16 00:00:00-04:00,115.80276683772851,116.6317891671868,115.49429392592364,116.53539276123047,2794200,0.0,0.0
2024-10-17 00:00:00-04:00,116.5450343692656,116.69926714756465,115.51357738304132,115.81240844726562,2929200,0.0,0.0
2024-10-18 00:00:00-04:00,115.73527691150987,116.41006639409812,114.9544565412967,115.87987518310547,4046000,0.0,0.0
2024-10-21 00:00:00-04:00,115.86060860044743,116.10160328853918,114.25075849451822,114.67491149902344,5595500,0.0,0.0
2024-10-22 00:00:00-04:00,118.87786062824627,127.21627838994132,118.78146422296714,126.67645263671875,14411800,0.0,0.0
2024-10-23 00:00:00-04:00,125.29795535838741,126.67645263671875,124.38217847637422,126.67645263671875,6993400,0.0,0.0
2024-10-24 00:00:00-04:00,127.13913339034839,128.12239565325893,126.60894223342869,128.016357421875,5378900,0.0,0.0
2024-10-25 00:00:00-04:00,128.2188164978901,128.46946040288339,124.90274174006112,125.18228912353516,3888300,0.0,0.0
2024-10-28 00:00:00-04:00,124.96056806141961,125.83777753087082,124.1026275760719,125.79922485351562,5525900,0.0,0.0
2024-10-29 00:00:00-04:00,125.60643892751945,127.37052187338335,125.4329150970473,126.83069610595703,5500500,0.0,0.0
2024-10-30 00:00:00-04:00,126.83069237821613,127.53439275370343,126.28121742521132,127.35123443603516,4385800,0.0,0.0
2024-10-31 00:00:00-04:00,127.48618018802001,129.31773379288464,127.11986358338817,127.91996765136719,5666600,0.0,0.0
2024-11-01 00:00:00-04:00,127.88142382979343,128.46945145255373,125.6353515890582,125.94381713867188,5833200,0.0,0.0
2024-11-04 00:00:00-05:00,126.50292808549104,126.89816290581592,125.00875807122148,125.6353530883789,3916000,0.0,0.0
2024-11-05 00:00:00-05:00,126.02092182927537,127.56329351662508,125.57749989783623,127.42833709716797,3333500,0.0,0.0
2024-11-06 00:00:00-05:00,128.18989633461126,128.18989633461126,120.63230609466962,120.79618072509766,10222800,0.0,0.0
2024-11-07 00:00:00-05:00,121.97222283863991,122.32889760266745,119.22488503472806,119.32128143310547,10545500,0.0,0.0
2024-11-08 00:00:00-05:00,119.96714992146879,122.25178215759288,119.10920944074402,121.69267272949219,6364900,0.0,0.0
2024-11-11 00:00:00-05:00,121.36491899834851,122.39637590634472,120.30454390627537,120.44913482666016,5101500,0.0,0.0
2024-11-12 00:00:00-05:00,121.28780982884791,121.36492989636068,119.38877045514914,119.74544525146484,3837100,0.0,0.0
2024-11-13 00:00:00-05:00,120.35274759967147,121.86619396981224,119.73580177710289,120.72869873046875,4935800,0.0,0.0
2024-11-14 00:00:00-05:00,119.5333690800033,123.73631716182744,119.36949445200761,123.58207702636719,6851800,0.0,0.0
2024-11-15 00:00:00-05:00,123.7652302644579,125.46182755737986,123.71702838546302,123.95802307128906,9066000,0.0,0.0
2024-11-18 00:00:00-05:00,124.98948691153024,127.20664095452501,124.17009909917948,126.97528076171875,4906900,0.0,0.0
2024-11-19 00:00:00-05:00,126.49329415174005,126.68608696204417,124.14118362224352,124.8738021850586,5482600,0.0,0.0
2024-11-20 00:00:00-05:00,124.95091617076844,126.51257168928173,124.16046127424133,125.69318389892578,4172700,0.0,0.0
2024-11-21 00:00:00-05:00,125.79921886656544,127.36085963522319,125.71246431478389,126.48365020751953,3605100,0.0,0.0
2024-11-22 00:00:00-05:00,126.9945647266837,127.06203558984551,125.15336179984355,125.30760192871094,4108200,0.0,0.0
2024-11-25 00:00:00-05:00,125.96310344968148,126.3776219673632,124.50750080991479,126.00167083740234,4364100,0.0,0.0
2024-11-26 00:00:00-05:00,126.02093621643513,128.15133569802467,125.8281434107929,127.51510620117188,3462700,0.0,0.0
2024-11-27 00:00:00-05:00,127.77537848778668,128.6140352423833,126.98490890044238,127.0716781616211,4054100,0.0,0.0
2024-11-29 00:00:00-05:00,126.89816545331648,128.44053737819974,126.6957234383804,128.2670135498047,3255600,0.0,0.0
2024-12-02 00:00:00-05:00,127.71754889062593,128.00673074606073,126.04985507549448,126.30049896240234,4136400,0.0,0.0
2024-12-03 00:00:00-05:00,126.94635178560927,127.19698094131762,124.63279418164777,125.01839447021484,4739400,0.0,0.0
2024-12-04 00:00:00-05:00,125.66425738369028,126.13661221741296,124.27612577443308,125.7799301147461,4661200,0.0,0.0
2024-12-05 00:00:00-05:00,126.56075833659517,128.40196120249377,126.25229279821852,127.71754455566406,4186300,0.0,0.0
2024-12-06 00:00:00-05:00,127.4379955809099,127.4379955809099,125.71247998519199,125.85707092285156,4212500,0.0,0.0
2024-12-09 00:00:00-05:00,125.60643793952217,126.34870571846929,123.30252924435408,124.07371520996094,4759500,0.0,0.0
2024-12-10 00:00:00-05:00,123.35072164325989,124.83524982097718,123.12901064630934,124.33397674560547,3790900,0.0,0.0
2024-12-11 00:00:00-05:00,124.87380131114826,125.0762433214974,121.77943774817886,122.25178527832031,10141600,0.0,0.0
2024-12-12 00:00:00-05:00,123.12900831791028,123.38927934301181,121.8083547897954,122.42530059814453,5144700,0.0,0.0
2024-12-13 00:00:00-05:00,121.76015967927866,123.19649338426902,121.54808316688681,122.05899810791016,3233100,0.0,0.0
2024-12-16 00:00:00-05:00,122.49278151725358,122.87837449461824,121.29744990654005,121.40348815917969,5439100,0.0,0.0
2024-12-17 00:00:00-05:00,120.81546909849929,122.00115894642651,120.76726721494215,121.49989318847656,5275900,0.0,0.0
2024-12-18 00:00:00-05:00,120.78654457382063,121.30708664514128,119.97679857090343,120.06356048583984,4719800,0.0,0.0
2024-12-19 00:00:00-05:00,119.89967158713138,120.19850999403671,117.64396489293891,117.76927947998047,6985400,0.0,0.0
2024-12-20 00:00:00-05:00,118.08740057281263,120.2756291678226,117.80784584400969,119.74544525146484,10267400,0.0,0.0
2024-12-23 00:00:00-05:00,119.26344506499377,119.51408158443405,117.66323690454848,119.32128143310547,3697100,0.0,0.0
2024-12-24 00:00:00-05:00,119.03210310901136,119.62976524627922,118.14523704105116,118.48263549804688,2806600,0.0,0.0
2024-12-26 00:00:00-05:00,118.41439821176718,119.22338799748776,118.13173886122921,118.62882995605469,2425600,1.35,0.0
2024-12-27 00:00:00-05:00,118.57035332013307,118.89200094211128,117.83934005359248,118.37541198730469,3923500,0.0,0.0
2024-12-30 00:00:00-05:00,118.00502575253574,118.14148095714833,116.30907718360007,116.97186279296875,3336400,0.0,0.0
2024-12-31 00:00:00-05:00,117.39097862704755,117.7711049064127,116.91337796938281,117.30325317382812,4397800,0.0,0.0
2025-01-02 00:00:00-05:00,118.26818575349176,119.04793614399931,117.20578346858237,118.03426361083984,3388700,0.0,0.0
2025-01-03 00:00:00-05:00,118.43389322102914,119.2233851367336,118.07325734735798,118.93097686767578,3350100,0.0,0.0
2025-01-06 00:00:00-05:00,119.0187059427652,119.80819788248151,117.6151581066016,117.93680572509766,4993600,0.0,0.0
2025-01-07 00:00:00-05:00,117.92705128294998,118.82376648980198,117.58591326546603,118.32667541503906,4933300,0.0,0.0
2025-01-08 00:00:00-05:00,117.8003477217062,118.8335107231617,116.96211861010039,118.77503204345703,3569400,0.0,0.0
2025-01-10 00:00:00-05:00,116.96211385348893,117.5859111991408,114.01857059345987,114.18426513671875,5365200,0.0,0.0
2025-01-13 00:00:00-05:00,114.03807071017427,114.78857439930763,113.18035114598591,114.57415008544922,5676900,0.0,0.0
2025-01-14 00:00:00-05:00,114.79831354928577,115.56831502445026,114.31097140826401,115.4708480834961,3942600,0.0,0.0
2025-01-15 00:00:00-05:00,115.06149561970915,116.1726352333269,114.21351752036854,115.50984954833984,5374200,0.0,0.0
2025-01-16 00:00:00-05:00,115.8314779303372,117.41046916367817,115.31489644431389,116.76718139648438,7855800,0.0,0.0
2025-01-17 00:00:00-05:00,116.8159075420529,119.09667258644664,116.27983565865429,118.51185607910156,5170100,0.0,0.0
2025-01-21 00:00:00-05:00,119.28186035199126,121.04604396790458,119.12591473294009,120.6756591796875,5963600,0.0,0.0
2025-01-22 00:00:00-05:00,120.33452330820863,120.42224876244015,119.27212098599561,119.7789535522461,4431200,0.0,0.0
2025-01-23 00:00:00-05:00,119.80819421780842,122.30339112091563,119.65224859425551,122.25465393066406,5375300,0.0,0.0
2025-01-24 00:00:00-05:00,122.41059671793661,124.18452926897545,122.35211803999063,124.05781555175781,3685700,0.0,0.0
2025-01-27 00:00:00-05:00,125.8999701439462,128.03453115576562,125.37364716209454,127.12806701660156,7645000,0.0,0.0
2025-01-28 00:00:00-05:00,126.11439670781094,127.77135698715254,125.07149227585832,125.6952896118164,5102100,0.0,0.0
2025-01-29 00:00:00-05:00,126.03642338937367,127.42047329898898,125.90970967224273,126.30933380126953,3869400,0.0,0.0
2025-01-30 00:00:00-05:00,126.7674389550893,127.18656094201145,125.78301315627581,127.02086639404297,3241700,0.0,0.0
2025-01-31 00:00:00-05:00,126.69922476037479,127.83960367192292,126.23136556140403,126.90390014648438,5331200,0.0,0.0
2025-02-03 00:00:00-05:00,125.64655226160198,127.72261963425534,125.00325707683542,127.08908081054688,5633200,0.0,0.0
2025-02-04 00:00:00-05:00,127.6836388075278,127.84933334799767,126.6212365273083,127.08908081054688,5237700,0.0,0.0
2025-02-05 00:00:00-05:00,127.48872562462334,128.1904995996537,127.0111249027959,127.6641616821289,8403500,0.0,0.0
2025-02-06 00:00:00-05:00,142.24544336614235,143.06417469073008,136.47531351701844,141.64114379882812,13753000,0.0,0.0
2025-02-07 00:00:00-05:00,141.8165833584635,141.96278007271806,140.1596228160613,140.75418090820312,7207500,0.0,0.0
2025-02-10 00:00:00-05:00,140.35455106868778,142.98619592672497,139.77949085245993,142.8594970703125,5899800,0.0,0.0
2025-02-11 00:00:00-05:00,142.85948633439335,144.76985925177254,141.81656698477636,144.23377990722656,4989600,0.0,0.0
2025-02-12 00:00:00-05:00,142.94720235643416,146.43657391924418,142.79124929974384,146.09542846679688,5268900,0.0,0.0
2025-02-13 00:00:00-05:00,145.3059371000329,146.1734055313647,144.2825156114387,145.4033966064453,5758600,0.0,0.0
2025-02-14 00:00:00-05:00,144.9940258289565,147.39175566346168,144.39946783272768,146.6510009765625,4778200,0.0,0.0
2025-02-18 00:00:00-05:00,146.00770427386612,146.9433928294268,144.88680845788016,145.03302001953125,7986900,0.0,0.0
2025-02-19 00:00:00-05:00,145.2279553029537,146.16365874008144,143.77567039582357,146.00770568847656,7052200,0.0,0.0
2025-02-20 00:00:00-05:00,144.7698614821116,148.6685987788708,144.58466908091512,147.73291015625,7431500,0.0,0.0
2025-02-21 00:00:00-05:00,147.34303044810926,150.72518631044935,147.13835506453984,150.4912567138672,7117200,0.0,0.0
2025-02-24 00:00:00-05:00,150.49125809151604,152.66481490600282,150.27682634414512,152.32366943359375,8687700,0.0,0.0
2025-02-25 00:00:00-05:00,153.1618887828521,154.22429108987868,151.96303127008355,153.43479919433594,9348100,0.0,0.0
2025-02-26 00:00:00-05:00,153.4153114331098,154.38025429806402,150.37430100659162,150.82266235351562,6865100,0.0,0.0
2025-02-27 00:00:00-05:00,150.95910922028122,151.95327649858731,149.66277731591904,150.12088012695312,6073200,0.0,0.0
2025-02-28 00:00:00-05:00,151.42694503022756,152.08972317860525,149.44833720095124,151.34896850585938,9654800,0.0,0.0
2025-03-03 00:00:00-05:00,150.9006430322144,154.82861989854675,150.1013947008498,154.77012634277344,5459000,0.0,0.0
2025-03-04 00:00:00-05:00,154.46797715485732,155.47190088150538,149.91620286206864,150.0526580810547,6242900,0.0,0.0
2025-03-05 00:00:00-05:00,149.45810224034773,151.02734471834225,148.78556762513526,149.26316833496094,4239800,0.0,0.0
2025-03-06 00:00:00-05:00,149.09746206971408,150.20860160296397,147.80113013550547,149.66278076171875,5354300,0.0,0.0
2025-03-07 00:00:00-05:00,149.24364887123397,150.01365776388943,146.62174583681482,147.1285858154297,7932500,0.0,0.0
2025-03-10 00:00:00-04:00,147.52822106074765,147.82062933479727,145.86150430941652,146.7777099609375,11848700,0.0,0.0
2025-03-11 00:00:00-04:00,147.03112588187395,149.74074692219241,146.3390935166121,148.24948120117188,5787200,0.0,0.0
2025-03-12 00:00:00-04:00,147.99605239481758,148.68808475361934,146.50478668771797,147.48922729492188,5180800,0.0,0.0
2025-03-13 00:00:00-04:00,147.87910965231885,148.89277482474387,146.3488480956019,146.6802520751953,6258700,0.0,0.0
2025-03-14 00:00:00-04:00,146.73871759436477,148.17150463930403,146.00770440296722,148.03504943847656,5541400,0.0,0.0
2025-03-17 00:00:00-04:00,148.98049926716843,151.7875799013733,148.2787253904917,151.76809692382812,6680700,0.0,0.0
2025-03-18 00:00:00-04:00,151.56339871284217,153.02542506698532,149.70174825249958,149.94541931152344,8021600,0.0,0.0
2025-03-19 00:00:00-04:00,150.0331462623248,150.5984649376419,148.36644444790036,150.384033203125,4202300,0.0,0.0
2025-03-20 00:00:00-04:00,150.1579000121132,150.48237181189802,148.92879015183516,149.92190551757812,5016200,1.35,0.0
2025-03-21 00:00:00-04:00,149.83340862636354,150.12838298078344,147.8373354746182,148.9484405517578,11194600,0.0,0.0
2025-03-24 00:00:00-04:00,149.45974946991944,150.4233673378114,148.2208122112012,149.01727294921875,6070400,0.0,0.0
2025-03-25 00:00:00-04:00,149.45974746459606,149.83340163446758,147.59150662280115,149.66624450683594,3797100,0.0,0.0
2025-03-26 00:00:00-04:00,149.4597613585928,152.18347305283157,149.4204364441102,151.75082397460938,4320300,0.0,0.0
2025-03-27 00:00:00-04:00,151.7803177321564,153.15691476241858,151.4361609726997,152.41944885253906,4398600,0.0,0.0
2025-03-28 00:00:00-04:00,152.49811821095824,153.50107607923067,150.97401895120115,152.56695556640625,4333600,0.0,0.0
2025-03-31 00:00:00-04:00,153.48140628413066,156.68693447342605,153.39291397313096,156.07728576660156,8395700,0.0,0.0
2025-04-01 00:00:00-04:00,155.85111913553925,156.02810374094435,154.12053797741444,155.44796752929688,4429100,0.0,0.0
2025-04-02 00:00:00-04:00,155.44796942668847,155.72328881875566,152.1342942411632,153.56005859375,3889000,0.0,0.0
2025-04-03 00:00:00-04:00,156.7754286769412,160.3545961127022,155.60531364921073,159.36148071289062,10581500,0.0,0.0
2025-04-04 00:00:00-04:00,158.57483850612456,159.2926344479483,147.5816723515155,148.10281372070312,11951700,0.0,0.0
2025-04-07 00:00:00-04:00,144.71047507934716,150.2758880649099,142.65540701701659,148.70262145996094,9984300,0.0,0.0
2025-04-08 00:00:00-04:00,150.19721555977304,150.72818438463798,144.34665599044325,146.7360382080078,9018200,0.0,0.0
2025-04-09 00:00:00-04:00,146.14608643472513,150.3840549137569,143.70752162237284,149.2631072998047,10278500,0.0,0.0
2025-04-10 00:00:00-04:00,150.24639506977954,151.16084562073993,146.58856285837243,148.6436309814453,7818200,0.0,0.0
2025-04-11 00:00:00-04:00,149.34175790708107,152.68493047127808,148.77144917482983,151.3181610107422,6460900,0.0,0.0
2025-04-14 00:00:00-04:00,152.84226646064178,155.58563297225297,151.7704863004491,154.95632934570312,5904800,0.0,0.0
2025-04-15 00:00:00-04:00,155.89045158902414,158.34867125268454,154.22870769956668,157.41455078125,6007200,0.0,0.0
2025-04-16 00:00:00-04:00,158.9484796862883,159.44996610714873,156.41161016103942,157.79803466796875,8296100,0.0,0.0
2025-04-17 00:00:00-04:00,158.60433841886234,162.24250058268734,158.60433841886234,160.482421875,7546400,0.0,0.0
2025-04-21 00:00:00-04:00,161.02321638794177,161.30837827271063,156.50992865999692,159.46961975097656,7264800,0.0,0.0
2025-04-22 00:00:00-04:00,160.56106736194747,161.93767936225117,159.22379527799123,161.36737060546875,9509700,0.0,0.0
2025-04-23 00:00:00-04:00,166.11665257042506,168.76169930012227,163.30444870588593,165.30052185058594,9084500,0.0,0.0
2025-04-24 00:00:00-04:00,165.5168417239472,167.6604019850514,163.67809828861638,167.22776794433594,8564900,0.0,0.0
2025-04-25 00:00:00-04:00,168.10291174988342,168.49622092185686,165.9593362524136,167.3949432373047,7755700,0.0,0.0
2025-04-28 00:00:00-04:00,167.44408154700022,167.67024855545574,165.33001866883933,166.34280395507812,6153300,0.0,0.0
2025-04-29 00:00:00-04:00,165.30051845618829,168.2405544826734,164.96620419336944,167.41458129882812,5346500,0.0,0.0
2025-04-30 00:00:00-04:00,168.6731851663905,169.1550015970531,166.1953106755635,168.49620056152344,6454400,0.0,0.0
2025-05-01 00:00:00-04:00,166.75579557692106,168.21107250844483,166.06749703027228,167.20811462402344,4885900,0.0,0.0
2025-05-02 00:00:00-04:00,167.55224336600125,168.62403852363246,166.91311226605342,168.0045623779297,4451100,0.0,0.0
2025-05-05 00:00:00-04:00,168.31920561419295,170.81676513532383,167.15893316229347,170.29562377929688,4545100,0.0,0.0
2025-05-06 00:00:00-04:00,169.8924838251262,171.2985933378605,169.28285012236768,171.17076110839844,4082000,0.0,0.0
2025-05-07 00:00:00-04:00,170.61027844552723,173.54048719571043,170.25629420071635,172.4293670654297,6685500,0.0,0.0
2025-05-08 00:00:00-04:00,171.3280890961746,172.03605758447233,167.43426241053723,169.12551879882812,5635100,0.0,0.0
2025-05-09 00:00:00-04:00,168.8403709063837,168.8403709063837,166.54930831255726,166.86395263671875,4733400,0.0,0.0
2025-05-12 00:00:00-04:00,162.87179337259474,163.81575627837492,159.65643801063956,162.07533264160156,10006500,0.0,0.0
2025-05-13 00:00:00-04:00,162.21298932225505,162.5276336158155,160.86588983949173,161.08221435546875,5941100,0.0,0.0
2025-05-14 00:00:00-04:00,160.7085752931146,162.85213569351185,160.2070888663229,161.28871154785156,4953000,0.0,0.0
2025-05-15 00:00:00-04:00,162.49814700231272,166.76562773492176,162.19333016507966,166.3133087158203,4959500,0.0,0.0
2025-05-16 00:00:00-04:00,166.5001482996882,167.7489281816902,165.5561852777834,167.5915985107422,3803500,0.0,0.0
2025-05-19 00:00:00-04:00,168.15204984308625,170.4922797275184,167.6604059180396,170.2759552001953,3879700,0.0,0.0
2025-05-20 00:00:00-04:00,170.10880536963566,171.68207199884475,169.86298339655815,171.2100830078125,3787600,0.0,0.0
2025-05-21 00:00:00-04:00,171.09208614575516,172.4096882657401,170.72827444194277,171.7213897705078,6245300,0.0,0.0
2025-05-22 00:00:00-04:00,171.72139268937744,173.2749893214704,170.26613084560992,172.30152893066406,4768900,0.0,0.0
2025-05-23 00:00:00-04:00,172.74400451265967,175.71353805899253,172.74400451265967,175.21206665039062,6164700,0.0,0.0
2025-05-27 00:00:00-04:00,175.21206739591378,176.8246588974085,174.54342384448407,176.23468017578125,5847700,0.0,0.0
2025-05-28 00:00:00-04:00,175.30056105609683,176.46084854991096,174.90725190783095,175.80203247070312,3286500,0.0,0.0
2025-05-29 00:00:00-04:00,173.56014300788775,175.20223201160042,172.006546314869,174.8974151611328,5727300,0.0,0.0
2025-05-30 00:00:00-04:00,175.0449032753922,178.32908101876208,174.6122542306308,177.5719451904297,8506100,0.0,0.0
2025-06-02 00:00:00-04:00,176.86398789327384,179.77452664802465,176.5100036528823,179.69586181640625,4627400,0.0,0.0
2025-06-03 00:00:00-04:00,179.15504745189503,180.86597375220074,176.42150836537888,179.32220458984375,4940400,0.0,0.0
2025-06-04 00:00:00-04:00,179.54837374355853,179.55820122104362,175.30056287993773,177.6407928466797,5684800,0.0,0.0
2025-06-05 00:00:00-04:00,178.13243408624976,179.5385285381881,176.90332424905236,178.9190673828125,3570700,0.0,0.0
2025-06-06 00:00:00-04:00,178.633906739338,179.46970743595097,178.01443057587704,178.69290161132812,2647300,0.0,0.0
2025-06-09 00:00:00-04:00,178.19143386564966,178.19143386564966,175.78238151914815,177.61129760742188,3114500,0.0,0.0
2025-06-10 00:00:00-04:00,177.57195156792937,178.2602500712329,175.8118728949259,176.03802490234375,3225500,0.0,0.0
2025-06-11 00:00:00-04:00,176.11669519119877,180.354663611248,175.6152237669146,180.3054962158203,3947300,0.0,0.0
2025-06-12 00:00:00-04:00,180.74798077170382,181.02330017089844,178.59457796788874,181.02330017089844,5621300,0.0,0.0
2025-06-13 00:00:00-04:00,180.94464908467967,182.06559672475944,180.19734065543773,181.2494659423828,5505800,0.0,0.0
2025-06-16 00:00:00-04:00,180.83647056382574,183.57000956338678,178.52573813437078,180.22682189941406,5188000,0.0,0.0
2025-06-17 00:00:00-04:00,179.56802398804655,181.4559348766485,178.59457861017265,180.3939971923828,7427900,0.0,0.0
2025-06-18 00:00:00-04:00,180.74798193578093,181.51494526758856,179.29270509777186,179.55819702148438,6063400,0.0,0.0
2025-06-20 00:00:00-04:00,179.1747117107856,180.43331894783032,178.6732403128915,180.22682189941406,10765200,0.0,0.0
2025-06-23 00:00:00-04:00,180.50215805089124,182.3703989667029,180.236666130002,181.8590850830078,4308700,0.0,0.0
2025-06-24 00:00:00-04:00,181.4854488874629,181.87875803290922,180.62997824025476,181.4067840576172,3184200,0.0,0.0
2025-06-25 00:00:00-04:00,180.2465004057035,180.62998208199355,176.18551662576826,176.5985107421875,5113000,0.0,0.0
2025-06-26 00:00:00-04:00,177.82761994537353,178.16193422525598,176.33301815960522,177.6407928466797,5847500,0.0,0.0
2025-06-27 00:00:00-04:00,177.15535391620543,179.61226311443784,176.54111527908972,179.3447723388672,7053300,1.35,0.0
2025-06-30 00:00:00-04:00,179.31505423224658,180.77137107540597,178.35408284276744,180.43453979492188,5254100,0.0,0.0
2025-07-01 00:00:00-04:00,181.03885596434,182.11870539021965,174.7083418768921,175.87734985351562,5176300,0.0,0.0
2025-07-02 00:00:00-04:00,174.7083368110209,176.46184872511108,173.49969276906185,174.27243041992188,5572600,0.0,0.0
2025-07-03 00:00:00-04:00,174.3120656949403,177.2147979736328,173.66812263867172,177.2147979736328,2734100,0.0,0.0
2025-07-07 00:00:00-04:00,177.690316011087,179.78067436278803,176.58074706803004,179.51318359375,4653700,0.0,0.0
2025-07-08 00:00:00-04:00,178.23519769505225,179.31504711318516,175.50088122457768,176.06558227539062,4177700,0.0,0.0
2025-07-09 00:00:00-04:00,177.8983759467295,177.9280954650211,174.6588124022488,176.3231658935547,3821300,0.0,0.0
2025-07-10 00:00:00-04:00,176.73924443223183,179.4537428468617,175.30274570000617,179.30514526367188,5212100,0.0,0.0
2025-07-11 00:00:00-04:00,178.28473654171503,178.54231072722416,176.43213432581635,178.23519897460938,3430700,0.0,0.0
2025-07-14 00:00:00-04:00,179.31505554114798,179.81040099844398,177.72994403110334,179.0673828125,5598600,0.0,0.0
2025-07-15 00:00:00-04:00,178.87914474218854,179.69151852830902,177.62096307876104,179.2357940673828,4323800,0.0,0.0
2025-07-16 00:00:00-04:00,179.14663093802213,182.27721769954638,177.58133755726,181.5639190673828,5382400,0.0,0.0
2025-07-17 00:00:00-04:00,181.32615801280886,181.61346684519856,176.50149806618685,177.50209045410156,6941400,0.0,0.0
2025-07-18 00:00:00-04:00,177.7992940639522,177.97761116693832,176.45195385777652,177.06617736816406,4650500,0.0,0.0
2025-07-21 00:00:00-04:00,176.34297189780432,179.62215620374195,175.88724745389263,178.7998809814453,5126700,0.0,0.0
2025-07-22 00:00:00-04:00,168.0409874815449,168.61559002391732,161.22504429345003,163.7314910888672,19831800,0.0,0.0
2025-07-23 00:00:00-04:00,161.48261770288272,163.909807399608,159.73900715008173,163.13706970214844,9895100,0.0,0.0
2025-07-24 00:00:00-04:00,163.4045575460744,163.4045575460744,159.0257056334976,159.5804901123047,7239000,0.0,0.0
2025-07-25 00:00:00-04:00,159.8578882371328,161.5321583187944,159.2337481171245,159.42198181152344,4544600,0.0,0.0
2025-07-28 00:00:00-04:00,158.11426612311192,159.10495697572105,154.25056272789072,156.30130004882812,8676900,0.0,0.0
2025-07-29 00:00:00-04:00,156.99478384824081,161.33401470918912,156.3607422942124,161.2349395751953,9429100,0.0,0.0
2025-07-30 00:00:00-04:00,160.95754964496308,162.96865093654264,160.5513627532123,160.66033935546875,7778700,0.0,0.0
2025-07-31 00:00:00-04:00,160.2838713365489,163.53335134074706,159.57058780807097,162.52284240722656,10607200,0.0,0.0
2025-08-01 00:00:00-04:00,163.8107437729749,166.3667129518483,161.37363754612167,161.4429931640625,7554100,0.0,0.0
2025-08-04 00:00:00-04:00,162.1661979006209,163.17670686415144,160.82875912192623,161.47271728515625,5187500,0.0,0.0
2025-08-05 00:00:00-04:00,161.39345396895197,163.57297086918112,161.2052202841459,162.61199951171875,4643000,0.0,0.0
2025-08-06 00:00:00-04:00,163.51352791224284,166.8026136754756,162.73087367490552,165.4354705810547,5915400,0.0,0.0
2025-08-07 00:00:00-04:00,165.38594657406915,166.98095957894364,164.5537698193722,166.6044921875,3475500,0.0,0.0
2025-08-08 00:00:00-04:00,166.52522388019568,169.21000277587967,166.40634581374601,168.59576416015625,3774200,0.0,0.0
2025-08-11 00:00:00-04:00,169.11093407518086,169.62609757729632,164.84105870302994,168.73448181152344,5349600,0.0,0.0
2025-08-12 00:00:00-04:00,168.6948404694169,169.40813910657351,166.21811328949624,167.03048706054688,5444000,0.0,0.0
2025-08-13 00:00:00-04:00,166.75310370468003,166.78282322308206,163.02809615302183,164.3358154296875,5021300,0.0,0.0
2025-08-14 00:00:00-04:00,164.2268365443527,165.79212999769612,163.1073509775975,163.7314910888672,3294900,0.0,0.0
2025-08-15 00:00:00-04:00,163.72156347253556,165.2670538875709,162.6615321299343,164.64291381835938,4027600,0.0,0.0
2025-08-18 00:00:00-04:00,164.3952431897221,165.7425833595878,163.84045872861438,165.04910278320312,3769600,0.0,0.0
2025-08-19 00:00:00-04:00,164.80142828207116,167.5159115254498,164.75189071642166,167.1988983154297,4114100,0.0,0.0
2025-08-20 00:00:00-04:00,168.4174460257322,171.5579342346735,167.6348068985089,171.2409210205078,5089200,0.0,0.0
2025-08-21 00:00:00-04:00,171.38952672920186,173.25203046974417,171.14185400271458,172.86566162109375,4397800,0.0,0.0
2025-08-22 00:00:00-04:00,173.14304416549422,173.5987534913244,168.46698214204,170.15115356445312,4760900,0.0,0.0
2025-08-25 00:00:00-04:00,170.1610679846859,170.33940021204853,165.27696897620444,165.8119354248047,4872800,0.0,0.0
2025-08-26 00:00:00-04:00,165.78221657532214,166.01998784051716,163.98906841094842,165.12835693359375,5854900,0.0,0.0
2025-08-27 00:00:00-04:00,164.3556178099853,164.47451099993648,162.40395548553025,162.6615447998047,5164400,0.0,0.0
2025-08-28 00:00:00-04:00,162.53274904274332,164.72218261554016,160.45230719197406,164.22683715820312,7297800,0.0,0.0
2025-08-29 00:00:00-04:00,164.86087432482634,165.7326720270117,163.63241218149452,165.5741729736328,5358000,0.0,0.0
2025-09-02 00:00:00-04:00,165.01938417420956,166.47568583425348,161.8590779050836,165.84164428710938,6013500,0.0,0.0
2025-09-03 00:00:00-04:00,164.15747059536272,165.3462965903754,159.65974079392956,161.7005615234375,7329600,0.0,0.0
2025-09-04 00:00:00-04:00,160.65043349316713,162.96864647765778,158.30248587547166,159.6498260498047,7839100,0.0,0.0
2025-09-05 00:00:00-04:00,159.96685497743854,160.55135895902683,158.5798938148997,160.04611206054688,4056700,0.0,0.0
2025-09-08 00:00:00-04:00,160.1550855774298,161.27455595252232,158.08454534008695,161.20521545410156,6055800,0.0,0.0
2025-09-09 00:00:00-04:00,160.62071709878643,163.50361606883394,159.60030670244356,163.2064208984375,3845800,0.0,0.0
2025-09-10 00:00:00-04:00,163.24603796119385,164.28626638282535,162.49311835303553,163.77110290527344,3979500,0.0,0.0
2025-09-11 00:00:00-04:00,164.35560862442455,168.27875110519255,163.6621280415659,166.3369903564453,4800300,0.0,0.0
2025-09-12 00:00:00-04:00,165.76240226218428,167.2286205050467,163.5630673395192,164.56365966796875,3691500,0.0,0.0
2025-09-15 00:00:00-04:00,163.96923793575348,163.96923793575348,159.96685353373238,160.13526916503906,5584100,0.0,0.0
2025-09-16 00:00:00-04:00,160.5216427809161,162.83985582226265,159.92722220361242,161.4429931640625,6281200,0.0,0.0
2025-09-17 00:00:00-04:00,162.26524837088965,165.52462974684147,161.81944050981292,164.75189208984375,5590800,0.0,0.0
2025-09-18 00:00:00-04:00,162.46340192445015,163.18660203002764,159.62010883571944,160.254150390625,6547700,0.0,0.0
2025-09-19 00:00:00-04:00,160.90800999710845,162.26525165760336,159.82816057209072,161.43307495117188,10489000,0.0,0.0
2025-09-22 00:00:00-04:00,160.6702420892379,161.93834034219583,158.42138464172467,160.47210693359375,5735000,0.0,0.0
2025-09-23 00:00:00-04:00,160.36313110133338,162.6417231940525,159.51113632289906,162.24545288085938,4622100,0.0,0.0
2025-09-24 00:00:00-04:00,162.0175866856157,163.28568497281293,161.24484897601886,161.4826202392578,6373200,0.0,0.0
2025-09-25 00:00:00-04:00,162.90921880542754,163.72157750661037,161.79964980215584,162.4733123779297,4295600,0.0,0.0
2025-09-26 00:00:00-04:00,163.11725498075967,163.43428333323638,161.48262099894035,163.3550262451172,3736100,0.0,0.0
2025-09-29 00:00:00-04:00,162.99837463917842,163.4540991103373,160.98727329595917,161.47271728515625,6953900,0.0,0.0
2025-09-30 00:00:00-04:00,161.38354409408885,162.0770398283589,160.18481655166696,160.6900634765625,6401100,0.0,0.0
2025-10-01 00:00:00-04:00,161.3538167712161,162.53274132235768,156.97496495036373,159.36253356933594,8633700,0.0,0.0
2025-10-02 00:00:00-04:00,159.04550920894124,160.62071921652682,156.0932545823811,156.44000244140625,6930000,0.0,0.0
2025-10-03 00:00:00-04:00,155.8000030517578,156.39999389648438,151.14999389648438,153.27000427246094,11151500,1.47,0.0
2025-10-06 00:00:00-04:00,152.13999938964844,153.64999389648438,150.8800048828125,153.5399932861328,7071400,0.0,0.0
2025-10-07 00:00:00-04:00,153.5,155.13999938964844,152.30999755859375,154.5500030517578,6789300,0.0,0.0
2025-10-08 00:00:00-04:00,154.4600067138672,155.33999633789062,152.1699981689453,155.27000427246094,6368200,0.0,0.0
2025-10-09 00:00:00-04:00,155.27999877929688,156.8800048828125,153.50999450683594,156.85000610351562,4455400,0.0,0.0
2025-10-10 00:00:00-04:00,157.3699951171875,161.5399932861328,156.9600067138672,160.47000122070312,6542800,0.0,0.0
2025-10-13 00:00:00-04:00,158.5,159.52999877929688,156.61000061035156,159.47000122070312,5684200,0.0,0.0
2025-10-14 00:00:00-04:00,158.42999267578125,161.14999389648438,157.94000244140625,159.07000732421875,6198900,0.0,0.0
2025-10-15 00:00:00-04:00,157.83999633789062,159.9499969482422,157.4499969482422,157.72999572753906,4683500,0.0,0.0
2025-10-16 00:00:00-04:00,158.69000244140625,158.69000244140625,155.67999267578125,155.97999572753906,5110000,0.0,0.0
2025-10-17 00:00:00-04:00,157.02999877929688,158.97999572753906,156.8699951171875,158.05999755859375,5371900,0.0,0.0
2025-10-20 00:00:00-04:00,158.16000366210938,160.6999969482422,157.17999267578125,158.05999755859375,7779200,0.0,0.0
2025-10-21 00:00:00-04:00,154.6699981689453,155.92999267578125,142.3300018310547,152.0,28418100,0.0,0.0
2025-10-22 00:00:00-04:00,151.8699951171875,156.9600067138672,151.0,156.86000061035156,12741400,0.0,0.0
2025-10-23 00:00:00-04:00,157.94000244140625,159.11000061035156,156.35000610351562,157.6999969482422,8147000,0.0,0.0
2025-10-24 00:00:00-04:00,158.0800018310547,158.6199951171875,157.3800048828125,157.6199951171875,6303600,0.0,0.0
2025-10-27 00:00:00-04:00,156.83999633789062,156.86000061035156,152.92999267578125,153.2100067138672,10233700,0.0,0.0
2025-10-28 00:00:00-04:00,153.0,153.0800018310547,148.13999938964844,149.80999755859375,7725500,0.0,0.0
2025-10-29 00:00:00-04:00,149.24000549316406,150.13999938964844,146.38999938964844,146.77000427246094,7637100,0.0,0.0
2025-10-30 00:00:00-04:00,146.77999877929688,147.42999267578125,145.0399932861328,145.75999450683594,5747900,0.0,0.0
2025-10-31 00:00:00-04:00,145.30999755859375,145.5399932861328,143.1699981689453,144.3300018310547,6200300,0.0,0.0
2025-11-03 00:00:00-05:00,143.5,145.1199951171875,142.11000061035156,144.60000610351562,5056100,0.0,0.0
2025-11-04 00:00:00-05:00,145.74000549316406,147.77000427246094,144.22000122070312,147.66000366210938,5712900,0.0,0.0
2025-11-05 00:00:00-05:00,148.19000244140625,150.42999267578125,147.25,148.39999389648438,5928400,0.0,0.0
2025-11-06 00:00:00-05:00,148.47000122070312,150.8800048828125,147.33999633789062,149.89999389648438,7315100,0.0,0.0
2025-11-07 00:00:00-05:00,151.25,153.52000427246094,149.3699951171875,153.38999938964844,7365000,0.0,0.0
2025-11-10 00:00:00-05:00,152.10000610351562,155.16000366210938,151.35000610351562,155.07000732421875,4976900,0.0,0.0
2025-11-11 00:00:00-05:00,155.4199981689453,157.50999450683594,155.27000427246094,156.8000030517578,3570100,0.0,0.0
2025-11-12 00:00:00-05:00,156.25,157.35000610351562,155.5,155.55999755859375,4781900,0.0,0.0
2025-11-13 00:00:00-05:00,155.69000244140625,156.05999755859375,153.0,155.14999389648438,5293300,0.0,0.0
2025-11-14 00:00:00-05:00,155.25,155.5500030517578,152.82000732421875,155.42999267578125,3529300,0.0,0.0
2025-11-17 00:00:00-05:00,154.9199981689453,154.9199981689453,151.77000427246094,152.75999450683594,4709000,0.0,0.0
2025-11-18 00:00:00-05:00,154.1199951171875,157.6199951171875,152.80999755859375,155.85000610351562,5144000,0.0,0.0
2025-11-19 00:00:00-05:00,155.50999450683594,156.6699981689453,154.0,155.61000061035156,4343200,0.0,0.0
2025-11-20 00:00:00-05:00,155.57000732421875,156.2899932861328,154.1300048828125,155.64999389648438,4021200,0.0,0.0
2025-11-21 00:00:00-05:00,156.38999938964844,157.7899932861328,154.41000366210938,155.24000549316406,6834600,0.0,0.0
2025-11-24 00:00:00-05:00,154.00999450683594,155.1699981689453,150.08999633789062,151.05999755859375,13674800,0.0,0.0
2025-11-25 00:00:00-05:00,152.67999267578125,158.22999572753906,152.39999389648438,157.41000366210938,7287100,0.0,0.0
2025-11-26 00:00:00-05:00,157.94000244140625,158.22000122070312,156.2899932861328,156.49000549316406,4172200,0.0,0.0
2025-11-28 00:00:00-05:00,155.3000030517578,157.52999877929688,155.3000030517578,157.47999572753906,1878300,0.0,0.0
2025-12-01 00:00:00-05:00,157.36000061035156,157.99000549316406,155.50999450683594,156.14999389648438,3453900,0.0,0.0
2025-12-02 00:00:00-05:00,156.0500030517578,156.3800048828125,153.42999267578125,154.6199951171875,4771300,0.0,0.0
2025-12-03 00:00:00-05:00,155.1300048828125,155.55999755859375,151.55999755859375,151.7100067138672,3827200,0.0,0.0
2025-12-04 00:00:00-05:00,150.8000030517578,151.7100067138672,146.35000610351562,148.5800018310547,8566200,0.0,0.0
2025-12-05 00:00:00-05:00,148.2100067138672,148.9199981689453,147.3000030517578,147.80999755859375,5456200,0.0,0.0
2025-12-08 00:00:00-05:00,147.55999755859375,149.8699951171875,146.64999389648438,148.2899932861328,6657700,0.0,0.0
2025-12-09 00:00:00-05:00,149.19000244140625,150.88999938964844,148.02999877929688,150.3699951171875,5065200,0.0,0.0
2025-12-10 00:00:00-05:00,150.0500030517578,150.58999633789062,148.2100067138672,149.77000427246094,9023100,0.0,0.0
2025-12-11 00:00:00-05:00,150.99000549316406,152.63999938964844,150.4199981689453,150.9499969482422,4130200,0.0,0.0
2025-12-12 00:00:00-05:00,151.0,153.72000122070312,149.50999450683594,153.64999389648438,5781800,0.0,0.0
2025-12-15 00:00:00-05:00,154.10000610351562,159.27000427246094,153.52999877929688,158.41000366210938,7020500,0.0,0.0
2025-12-16 00:00:00-05:00,158.75,159.8699951171875,157.47999572753906,157.9499969482422,5953600,0.0,0.0
2025-12-17 00:00:00-05:00,157.5,159.55999755859375,156.77000427246094,158.61000061035156,8460800,0.0,0.0
2025-12-18 00:00:00-05:00,158.2899932861328,159.00999450683594,156.49000549316406,157.30999755859375,5386400,0.0,0.0
2025-12-19 00:00:00-05:00,157.24000549316406,159.85000610351562,156.64999389648438,156.83999633789062,18081100,0.0,0.0
2025-12-22 00:00:00-05:00,157.00999450683594,161.17999267578125,156.9949951171875,159.6999969482422,7126839,0.0,0.0
