Date,market_return,market_vol,cross_sectional_vol,breadth
2010-01-05 00:00:00-05:00,0.0033456937759071374,,0.016095453757183135,0.5543478260869565
2010-01-06 00:00:00-05:00,-0.0004944944548054065,,0.01523849917787488,0.45652173913043476
2010-01-07 00:00:00-05:00,0.0037774007185700743,,0.0159809191512995,0.5108695652173914
2010-01-08 00:00:00-05:00,0.0016863640228184475,,0.013336359709189458,0.5543478260869565
2010-01-11 00:00:00-05:00,0.0020832620146337944,,0.013923055704384981,0.532608695652174
2010-01-12 00:00:00-05:00,-0.011996100336950463,,0.01877100789063047,0.1956521739130435
2010-01-13 00:00:00-05:00,0.007245618678717758,,0.011417935458247128,0.782608695652174
2010-01-14 00:00:00-05:00,-0.00014379585287303836,,0.012838419066644756,0.532608695652174
2010-01-15 00:00:00-05:00,-0.008515122705954998,,0.01042707802448969,0.21739130434782608
2010-01-19 00:00:00-05:00,0.012424997651993503,,0.011646589348781638,0.9021739130434783
2010-01-20 00:00:00-05:00,-0.00858119573541291,,0.011998756723002373,0.16304347826086957
2010-01-21 00:00:00-05:00,-0.01651664454179011,,0.017798996766653405,0.16304347826086957
2010-01-22 00:00:00-05:00,-0.025153593000210483,,0.023485042345043734,0.08695652173913043
2010-01-25 00:00:00-05:00,0.0019431411922886303,,0.013047649828796085,0.5652173913043478
2010-01-26 00:00:00-05:00,-0.004045789654554792,,0.013674774671471199,0.3695652173913043
2010-01-27 00:00:00-05:00,0.007062471644338545,,0.017830956181404175,0.6304347826086957
2010-01-28 00:00:00-05:00,-0.00951293385540948,,0.030945022892883377,0.20652173913043478
2010-01-29 00:00:00-05:00,-0.008394880965572758,,0.01550037467245476,0.29347826086956524
2010-02-01 00:00:00-05:00,0.011980336256505249,,0.015973589129379986,0.8695652173913043
2010-02-02 00:00:00-05:00,0.010925117721486256,,0.013902065322415082,0.8152173913043478
2010-02-03 00:00:00-05:00,-0.0037808986401530725,0.015562222324358353,0.012974122989295591,0.31521739130434784
2010-02-04 00:00:00-05:00,-0.03087573503017078,0.015555645610580215,0.015957342767842234,0.021739130434782608
2010-02-05 00:00:00-05:00,0.0017230695776472757,0.015428553574377737,0.01256956641762287,0.45652173913043476
2010-02-08 00:00:00-05:00,-0.00714353994783855,0.015292927087987216,0.013132762937098592,0.20652173913043478
2010-02-09 00:00:00-05:00,0.012831679058937753,0.015205171106899387,0.01149348410634506,0.8586956521739131
2010-02-10 00:00:00-05:00,0.000577156271047598,0.015415409474248678,0.018338061418720027,0.391304347826087
2010-02-11 00:00:00-05:00,0.009454734029004461,0.0151095050787441,0.01234701558503431,0.8369565217391305
2010-02-12 00:00:00-05:00,-0.0027855340140463263,0.014997328327523752,0.009062223682619863,0.358695652173913
2010-02-16 00:00:00-05:00,0.016409874237009764,0.014934315659433092,0.011515153036740904,0.9239130434782609
2010-02-17 00:00:00-05:00,0.004316764632442414,0.01493482330332637,0.010437738546248534,0.6195652173913043
2010-02-18 00:00:00-05:00,0.0062089348155295356,0.015054950201075038,0.014169254201503629,0.8043478260869565
2010-02-19 00:00:00-05:00,0.0031280147671816495,0.014983951875353948,0.0105077918828595,0.5652173913043478
2010-02-22 00:00:00-05:00,0.0007013818017541084,0.014705070481387975,0.011942487493367949,0.43478260869565216
2010-02-23 00:00:00-05:00,-0.010889132258445886,0.014140239805095076,0.011623598142892863,0.07608695652173914
2010-02-24 00:00:00-05:00,0.01076541182088647,0.014026861456843842,0.010666704515520185,0.8586956521739131
2010-02-25 00:00:00-05:00,-0.0031777197623010615,0.013869284502740265,0.010365658635296074,0.2717391304347826
2010-02-26 00:00:00-05:00,-0.0006085065461368165,0.01372917768820922,0.014888713076252212,0.5543478260869565
2010-03-01 00:00:00-05:00,0.01042211189015147,0.01295637865070308,0.01471624310525448,0.8152173913043478
2010-03-02 00:00:00-05:00,0.0031312285062258137,0.012782215177541401,0.011842941736059466,0.6086956521739131
2010-03-03 00:00:00-05:00,-0.0007089846550680937,0.012452132146580594,0.009041845479203059,0.42391304347826086
2010-03-04 00:00:00-05:00,0.006047322980732517,0.012371395883261915,0.012206603792722804,0.7934782608695652
2010-03-05 00:00:00-05:00,0.013684531471092781,0.012237968765163355,0.010172153509225814,0.9347826086956522
2010-03-08 00:00:00-05:00,0.0012339468187230176,0.0120425753037578,0.011854080078325587,0.4673913043478261
2010-03-09 00:00:00-05:00,0.004014632351214396,0.012240666061579435,0.0167294723318772,0.5652173913043478
2010-03-10 00:00:00-05:00,0.00685399202776996,0.012298184045693257,0.014340640603488861,0.7065217391304348
2010-03-11 00:00:00-05:00,0.004372727424184006,0.012249954659987619,0.01048066700652669,0.7717391304347826
2010-03-12 00:00:00-05:00,-0.0016046467091593661,0.01191371468160563,0.011277021872698233,0.42391304347826086
2010-03-15 00:00:00-04:00,0.0018312210553202985,0.01179618313110069,0.00987885302443058,0.5869565217391305
2010-03-16 00:00:00-04:00,0.007155019399551889,0.011963012759537843,0.012565645879800058,0.75
2010-03-17 00:00:00-04:00,0.005597712631458272,0.011862032391358125,0.00939456530496683,0.717391304347826
2010-03-18 00:00:00-04:00,0.0015800073270368425,0.011960226325526232,0.012499811163778797,0.5760869565217391
2010-03-19 00:00:00-04:00,-0.005159357550922445,0.011808091210649515,0.010974416789092587,0.2826086956521739
2010-03-22 00:00:00-04:00,0.00507823313020927,0.011889140656726114,0.01220983025046806,0.7065217391304348
2010-03-23 00:00:00-04:00,0.006640654518157815,0.011800447194206828,0.010079924780462933,0.7282608695652174
2010-03-24 00:00:00-04:00,-0.006785100517677034,0.011735988280256886,0.010269960949944108,0.17391304347826086
2010-03-25 00:00:00-04:00,0.0017549711210319693,0.011947839137971206,0.015115572527520887,0.5434782608695652
2010-03-26 00:00:00-04:00,-0.0002813281409066885,0.011861123978620868,0.00854464028893898,0.5434782608695652
2010-03-29 00:00:00-04:00,0.004989370949711226,0.011549229366959193,0.00833892623135701,0.75
2010-03-30 00:00:00-04:00,0.001169467861672603,0.011368428355044962,0.010919421855055674,0.532608695652174
2010-03-31 00:00:00-04:00,-0.0043237315520271566,0.011221908521219126,0.008766025225716897,0.25
2010-04-01 00:00:00-04:00,0.0053137359914797915,0.011225920166751632,0.009126090035385668,0.7608695652173914
2010-04-05 00:00:00-04:00,0.006426896944418472,0.011193569445921668,0.0115272386552936,0.782608695652174
2010-04-06 00:00:00-04:00,0.0014998934426331196,0.01126434227943056,0.01165838301291253,0.4891304347826087
2010-04-07 00:00:00-04:00,-0.003800307067523842,0.01144161549427021,0.015576817589958257,0.29347826086956524
2010-04-08 00:00:00-04:00,0.0038827052300513102,0.011316395256365427,0.014099847335876704,0.5869565217391305
2010-04-09 00:00:00-04:00,0.006014292895487877,0.011005432604527047,0.007810424914882903,0.7717391304347826
2010-04-12 00:00:00-04:00,0.0037743530407312346,0.011054158561189574,0.011503912096439747,0.5760869565217391
2010-04-13 00:00:00-04:00,0.0018507870995321828,0.01100167762745852,0.010174922264346119,0.5108695652173914
2010-04-14 00:00:00-04:00,0.01070024803857153,0.011346258699074676,0.017115055528369835,0.75
2010-04-15 00:00:00-04:00,0.001586254867580303,0.011325425676279246,0.01212815240109604,0.5434782608695652
2010-04-16 00:00:00-04:00,-0.017192819938119063,0.011886046414754456,0.021167600812946222,0.08695652173913043
2010-04-19 00:00:00-04:00,0.0038023724064428035,0.011798635641983126,0.010664184935580901,0.6739130434782609
2010-04-20 00:00:00-04:00,0.00860680548361677,0.011867913504920186,0.012429251910770845,0.8043478260869565
2010-04-21 00:00:00-04:00,-0.002325567793686256,0.012127054796521722,0.017651797374100272,0.43478260869565216
2010-04-22 00:00:00-04:00,0.005025854345795677,0.012756336113181771,0.023294832430324014,0.6086956521739131
2010-04-23 00:00:00-04:00,0.004967071981345861,0.01285091972233011,0.012256216742059185,0.7065217391304348
2010-04-26 00:00:00-04:00,-0.003556025492733829,0.01303968780646376,0.019079702294327552,0.391304347826087
2010-04-27 00:00:00-04:00,-0.024669534544770683,0.01363160169972042,0.02097483204732883,0.021739130434782608
2010-04-28 00:00:00-04:00,0.006299101397373333,0.013869392513118977,0.013332533312726711,0.6956521739130435
2010-04-29 00:00:00-04:00,0.015092992055500883,0.014001151506565718,0.013686360717437257,0.8804347826086957
2010-04-30 00:00:00-04:00,-0.0180677388853272,0.014433094540514255,0.01783682893863616,0.08695652173913043
2010-05-03 00:00:00-04:00,0.013841970938792617,0.014570465297137755,0.01201087592447914,0.9239130434782609
2010-05-04 00:00:00-04:00,-0.023274292154647245,0.014774877005004902,0.015819884520503688,0.06521739130434782
2010-05-05 00:00:00-04:00,-0.007006986258708584,0.014884886248349737,0.013968577123154078,0.2608695652173913
2010-05-06 00:00:00-04:00,-0.030185643398888205,0.014819574283690951,0.01420526633212382,0.021739130434782608
2010-05-07 00:00:00-04:00,-0.013524063819618714,0.015097899206795606,0.019944670721074396,0.18478260869565216
2010-05-10 00:00:00-04:00,0.04251030402327358,0.015775783885949794,0.022046003177120844,0.9782608695652174
2010-05-11 00:00:00-04:00,-0.003687985656048322,0.016111292432781518,0.018549591579906,0.391304347826087
2010-05-12 00:00:00-04:00,0.01334037570103277,0.016414681008768268,0.016546082360067865,0.8478260869565217
2010-05-13 00:00:00-04:00,-0.012062635556241898,0.016105953546433315,0.010631778819335804,0.08695652173913043
2010-05-14 00:00:00-04:00,-0.021917649969759673,0.01654867747976702,0.02142535500110376,0.03260869565217391
2010-05-17 00:00:00-04:00,0.0022137505622145427,0.016181368793642032,0.013454118404321536,0.6195652173913043
2010-05-18 00:00:00-04:00,-0.01718634290210325,0.016302572808194832,0.013209469241189712,0.043478260869565216
2010-05-19 00:00:00-04:00,-0.004099814028052432,0.01629229256302059,0.01221336676211179,0.31521739130434784
2010-05-20 00:00:00-04:00,-0.03645244726983866,0.016113810511894498,0.01390367430045238,0.021739130434782608
2010-05-21 00:00:00-04:00,0.015149791783591018,0.01586403172876734,0.0180494779846536,0.8152173913043478
2010-05-24 00:00:00-04:00,-0.011494458804147888,0.015948272723356534,0.014025277628432285,0.1956521739130435
2010-05-25 00:00:00-04:00,0.00012630220976838364,0.015621934064208512,0.01222659045221913,0.40217391304347827
2010-05-26 00:00:00-04:00,-0.0042731576100254205,0.015322397005683944,0.014684553818312856,0.30434782608695654
2010-05-27 00:00:00-04:00,0.03145761765398996,0.015352256284995343,0.013959578178266126,0.9891304347826086
2010-05-28 00:00:00-04:00,-0.0124242007769919,0.015205270491200903,0.010599659047754008,0.08695652173913043
2010-06-01 00:00:00-04:00,-0.014942005350921914,0.01492136811348346,0.011874879006569859,0.08695652173913043
2010-06-02 00:00:00-04:00,0.022882745607663207,0.014977749810454717,0.01319489156087556,0.967391304347826
2010-06-03 00:00:00-04:00,0.004269509850884393,0.01483832627253672,0.012891990224225726,0.6413043478260869
2010-06-04 00:00:00-04:00,-0.03390391352077111,0.014786106672543178,0.012871965523289685,0.0
2010-06-07 00:00:00-04:00,-0.014083043018041074,0.014960373309148118,0.017864865700827546,0.1956521739130435
2010-06-08 00:00:00-04:00,0.008909121855024363,0.014599013877949792,0.01235612266590954,0.782608695652174
2010-06-09 00:00:00-04:00,-0.005301099898634654,0.014095510175895765,0.011472425433986315,0.21739130434782608
2010-06-10 00:00:00-04:00,0.02768787216034343,0.013856562151045696,0.013531683058054543,0.9782608695652174
2010-06-11 00:00:00-04:00,0.004464358564944436,0.01358954263971363,0.01093867262209453,0.6521739130434783
2010-06-14 00:00:00-04:00,-0.0007799645686697975,0.013757172095085299,0.014151997382140803,0.45652173913043476
2010-06-15 00:00:00-04:00,0.022294896152955487,0.013319123430943556,0.012226333054127151,0.967391304347826
2010-06-16 00:00:00-04:00,-0.000279791315674494,0.013270352223266372,0.012429923043100699,0.45652173913043476
2010-06-17 00:00:00-04:00,0.002297392804328668,0.013102146195067613,0.00967714264901576,0.5434782608695652
2010-06-18 00:00:00-04:00,0.0019566477003808867,0.012873557526400695,0.007413004720106443,0.5978260869565217
2010-06-21 00:00:00-04:00,-0.003225095745823228,0.01283180750228136,0.013026923793946363,0.33695652173913043
2010-06-22 00:00:00-04:00,-0.015200996884158354,0.012481017592447161,0.010682889878135487,0.043478260869565216
2010-06-23 00:00:00-04:00,-0.003305472020673259,0.012389975905639792,0.012113402205477476,0.358695652173913
2010-06-24 00:00:00-04:00,-0.017676313470884674,0.012373651343536095,0.0118837746480415,0.03260869565217391
2010-06-25 00:00:00-04:00,0.004554345776907921,0.012536246798994875,0.01809905838294726,0.5434782608695652
2010-06-28 00:00:00-04:00,-0.0033912229158898724,0.012530575595611276,0.013840482907210553,0.3804347826086957
2010-06-29 00:00:00-04:00,-0.03195631087770545,0.012846969759469922,0.017243936488785572,0.0
2010-06-30 00:00:00-04:00,-0.009635104217410748,0.012751244517528435,0.009864648925798643,0.15217391304347827
2010-07-01 00:00:00-04:00,-0.0003430433475851868,0.012753111880735959,0.013234106188233542,0.41304347826086957
2010-07-02 00:00:00-04:00,-0.004997659888431422,0.012618449553092739,0.010064081343718065,0.25
2010-07-06 00:00:00-04:00,0.0036993056130925754,0.012590581658197594,0.012286739730491684,0.6630434782608695
2010-07-07 00:00:00-04:00,0.03051308915061295,0.012472142775247002,0.015377649158865145,0.9891304347826086
2010-07-08 00:00:00-04:00,0.008777210238629362,0.012422066448953637,0.01130451981374887,0.782608695652174
2010-07-09 00:00:00-04:00,0.00781788126487979,0.012316696417483902,0.009259654773121856,0.7608695652173914
2010-07-12 00:00:00-04:00,0.0016873795752462663,0.012155257351871673,0.01014146268019772,0.5543478260869565
2010-07-13 00:00:00-04:00,0.01748205729303502,0.012325864400142442,0.014521420635780692,0.9456521739130435
2010-07-14 00:00:00-04:00,-0.0005883587013559815,0.01208842044110162,0.009165674242283532,0.44565217391304346
2010-07-15 00:00:00-04:00,0.0015250653957917528,0.012024974587488918,0.010893970128260409,0.6195652173913043
2010-07-16 00:00:00-04:00,-0.029459221916099426,0.012403843596590329,0.020386172234230348,0.021739130434782608
2010-07-19 00:00:00-04:00,0.005056442847247633,0.012456338035521082,0.010779525866561555,0.6630434782608695
2010-07-20 00:00:00-04:00,0.010869992994814844,0.012766539258202012,0.013927230396406044,0.8043478260869565
2010-07-21 00:00:00-04:00,-0.012098085867292392,0.012784971302115842,0.013413996716136727,0.10869565217391304
2010-07-22 00:00:00-04:00,0.022402921777861223,0.013422186921584547,0.024064417886978273,0.9021739130434783
2010-07-23 00:00:00-04:00,0.00828939199255863,0.013524834185096899,0.0142689947392369,0.7717391304347826
2010-07-26 00:00:00-04:00,0.009891345842126307,0.013574265664309214,0.012921835711500122,0.8369565217391305
2010-07-27 00:00:00-04:00,-0.0011473703138390947,0.01344848906426784,0.015457749782078423,0.5
2010-07-28 00:00:00-04:00,-0.007142182361591985,0.013304474609090403,0.010816179348484318,0.2717391304347826
2010-07-29 00:00:00-04:00,-0.005982074455123749,0.013260529531595558,0.01632108986139383,0.29347826086956524
2010-07-30 00:00:00-04:00,0.0014745157040386646,0.01334277385211137,0.011591779656630668,0.5434782608695652
2010-08-02 00:00:00-04:00,0.01759125236390842,0.013306718086631935,0.012476935113165477,0.9347826086956522
2010-08-03 00:00:00-04:00,-0.004411725997656487,0.013426569782397731,0.012580966954799763,0.2608695652173913
2010-08-04 00:00:00-04:00,0.010758893313778373,0.013942170407760694,0.023114352863113873,0.7608695652173914
2010-08-05 00:00:00-04:00,0.00010044659389132301,0.013793370372576547,0.01225284841999812,0.4891304347826087
2010-08-06 00:00:00-04:00,-0.0011342662849203862,0.013852488629304523,0.012546003205036354,0.41304347826086957
2010-08-09 00:00:00-04:00,0.006637922841235997,0.013848012896525678,0.009165664384766082,0.8260869565217391
2010-08-10 00:00:00-04:00,-0.005381011761351549,0.014166085997244634,0.016820997795295792,0.34782608695652173
2010-08-11 00:00:00-04:00,-0.02770856136357521,0.01415827135426225,0.014357313133150638,0.021739130434782608
2010-08-12 00:00:00-04:00,-0.003702074249135035,0.014524853989077456,0.016863909573402926,0.3804347826086957
2010-08-13 00:00:00-04:00,-0.004633683275489075,0.0144307920618965,0.008918669657460266,0.22826086956521738
2010-08-16 00:00:00-04:00,-0.0005230957588817887,0.013912824040642181,0.009508843787889623,0.391304347826087
2010-08-17 00:00:00-04:00,0.01114314431156224,0.013913928486992003,0.010802719239907835,0.9239130434782609
2010-08-18 00:00:00-04:00,0.0014592744085115152,0.01377741047118187,0.011060352064393214,0.6086956521739131
2010-08-19 00:00:00-04:00,-0.01665991811918556,0.013734968034612554,0.012522705548181126,0.03260869565217391
2010-08-20 00:00:00-04:00,-0.0011888749516024695,0.013494655568124604,0.01901785609073132,0.391304347826087
2010-08-23 00:00:00-04:00,-0.004518603537631896,0.013259949433778244,0.009340165917963397,0.34782608695652173
2010-08-24 00:00:00-04:00,-0.01446033772654289,0.01340644098183383,0.01599815822066732,0.15217391304347827
2010-08-25 00:00:00-04:00,0.0045782862579939795,0.013154408672605295,0.010165071288279212,0.6739130434782609
2010-08-26 00:00:00-04:00,-0.008149091498762202,0.01307180261546956,0.00908145214863389,0.14130434782608695
2010-08-27 00:00:00-04:00,0.01506410153810032,0.012810896505549438,0.010842061553071321,0.9347826086956522
2010-08-30 00:00:00-04:00,-0.015829763689707982,0.01274375714835812,0.010181853155613017,0.021739130434782608
2010-08-31 00:00:00-04:00,-0.0007814297104901044,0.012628658139246266,0.010059855921816506,0.5217391304347826
2010-09-01 00:00:00-04:00,0.029783659091790062,0.012678906549745687,0.013636183575287553,1.0
2010-09-02 00:00:00-04:00,0.009160306696539855,0.012007013891299842,0.009004607035751119,0.8804347826086957
2010-09-03 00:00:00-04:00,0.013779692197025408,0.011907210149157302,0.010156969835004819,0.967391304347826
2010-09-07 00:00:00-04:00,-0.010936551352733557,0.01196901048776088,0.013843810315711563,0.14130434782608695
2010-09-08 00:00:00-04:00,0.005836049206343178,0.01210497321481089,0.012020881652816177,0.7717391304347826
2010-09-09 00:00:00-04:00,0.0050478887569887585,0.012045050623508172,0.01556262337793876,0.717391304347826
2010-09-10 00:00:00-04:00,0.00409268314629032,0.011888637756264692,0.01107264292103758,0.6847826086956522
2010-09-13 00:00:00-04:00,0.010359585128327213,0.011772335634564644,0.014421565017701917,0.8152173913043478
2010-09-14 00:00:00-04:00,-0.0006165303137508062,0.011966597727587156,0.012998173610933009,0.43478260869565216
2010-09-15 00:00:00-04:00,0.002809312289248925,0.01205969992394996,0.0114639899115085,0.6413043478260869
2010-09-16 00:00:00-04:00,-0.0007683851874407737,0.012041622971533328,0.010423103239158554,0.532608695652174
2010-09-17 00:00:00-04:00,0.003075729986329605,0.012141366262377041,0.013154961172111217,0.5217391304347826
2010-09-20 00:00:00-04:00,0.0163845083844039,0.012047212208185302,0.010545470410154622,0.967391304347826
2010-09-21 00:00:00-04:00,-0.001192784671595737,0.011674807303317596,0.011197353088509478,0.41304347826086957
2010-09-22 00:00:00-04:00,-0.0043733401040601345,0.01245905067037186,0.025809276626102898,0.4673913043478261
2010-09-23 00:00:00-04:00,-0.007887669461404257,0.012230429575378182,0.011197115225800122,0.16304347826086957
2010-09-24 00:00:00-04:00,0.021315318824943478,0.012368087694458175,0.013055891788959063,0.967391304347826
2010-09-27 00:00:00-04:00,-0.004211869327273653,0.01239599888104468,0.009667587066950433,0.2717391304347826
2010-09-28 00:00:00-04:00,0.003371604557301216,0.012306796823758268,0.008968818350056768,0.7065217391304348
2010-09-29 00:00:00-04:00,-0.002546977493045075,0.012344860156416549,0.010981183141436857,0.2826086956521739
2010-09-30 00:00:00-04:00,-0.0029337697421536386,0.012358412410022274,0.010344453247536753,0.32608695652173914
2010-10-01 00:00:00-04:00,0.0028357716405952443,0.012351061314503562,0.013481810569394606,0.6630434782608695
2010-10-04 00:00:00-04:00,-0.007025581556329424,0.012455967237120067,0.011207631410697678,0.15217391304347827
2010-10-05 00:00:00-04:00,0.0178247498663637,0.012499647993673688,0.011074265722630879,0.9565217391304348
2010-10-06 00:00:00-04:00,-0.001761892917517653,0.012552316284193574,0.014949844416629178,0.4891304347826087
2010-10-07 00:00:00-04:00,-0.000910201605833463,0.0126518193044093,0.014110445077346444,0.3695652173913043
2010-10-08 00:00:00-04:00,0.003319758702698785,0.012470521136795738,0.011755361858053943,0.6847826086956522
2010-10-11 00:00:00-04:00,-0.0008774808089184637,0.012406078566512562,0.009719348945090857,0.45652173913043476
2010-10-12 00:00:00-04:00,0.004875470976476481,0.012289524088346108,0.01197392097620639,0.6304347826086957
2010-10-13 00:00:00-04:00,0.0064552854489934005,0.012240563508352616,0.01197000143106972,0.7608695652173914
2010-10-14 00:00:00-04:00,-0.003942786611584344,0.012345978074831435,0.013677695807563669,0.41304347826086957
2010-10-15 00:00:00-04:00,0.0025857502812996953,0.012989039801694111,0.023927399503274764,0.532608695652174
2010-10-18 00:00:00-04:00,0.006687069016770203,0.013000643636451753,0.013398641702021713,0.7282608695652174
2010-10-19 00:00:00-04:00,-0.01364063857652179,0.013063033737399195,0.011855662530050945,0.08695652173913043
2010-10-20 00:00:00-04:00,0.00974832999740219,0.01316431319249579,0.01332422164553792,0.8478260869565217
2010-10-21 00:00:00-04:00,0.004087799243292779,0.012783189467997221,0.017805678411632903,0.6304347826086957
2010-10-22 00:00:00-04:00,0.002680496988892953,0.012892056458347187,0.01348332202314942,0.5
2010-10-25 00:00:00-04:00,0.0028403065060290883,0.01282152668312188,0.011574766509227627,0.5869565217391305
2010-10-26 00:00:00-04:00,0.0008938930898581694,0.012868261310367203,0.01064901423910222,0.5217391304347826
2010-10-27 00:00:00-04:00,-0.002063577506107784,0.013055843935144645,0.012908053470383067,0.358695652173913
2010-10-28 00:00:00-04:00,0.0017478174620069393,0.013138155851659864,0.012709733388256487,0.5652173913043478
2010-10-29 00:00:00-04:00,-0.0005438445819237205,0.01322273145836937,0.01212054098843633,0.5
2010-11-01 00:00:00-04:00,-0.0007464853468428262,0.013074355910296518,0.010365924059864742,0.4782608695652174
2010-11-02 00:00:00-04:00,0.007578789333359041,0.012998522564764813,0.009615131154531832,0.8586956521739131
2010-11-03 00:00:00-04:00,0.004991202621381102,0.013038961595574864,0.01192348536964196,0.7065217391304348
2010-11-04 00:00:00-04:00,0.017861991513014423,0.01307180608858253,0.01563957876979024,0.9239130434782609
2010-11-05 00:00:00-04:00,0.005715556424107648,0.013134314891292933,0.015423129934264859,0.5760869565217391
2010-11-08 00:00:00-05:00,-0.0027279146823725375,0.013010567442743834,0.009156665438522817,0.31521739130434784
2010-11-09 00:00:00-05:00,-0.008502677584503054,0.013238091242036605,0.014497348730239078,0.17391304347826086
2010-11-10 00:00:00-05:00,0.0037492015104826034,0.013219953758763999,0.01159303382748172,0.5652173913043478
2010-11-11 00:00:00-05:00,-0.005758495356528173,0.013621076993840601,0.02039358936767833,0.30434782608695654
2010-11-12 00:00:00-05:00,-0.009688807240383008,0.013631574293853558,0.013898139107835751,0.09782608695652174
2010-11-15 00:00:00-05:00,-0.0014711935753551149,0.013063098710742177,0.011989412257935775,0.41304347826086957
2010-11-16 00:00:00-05:00,-0.014590429733050869,0.012878318342178317,0.009518253962180645,0.05434782608695652
2010-11-17 00:00:00-05:00,0.0009387088386123597,0.012855092851268572,0.011367927220946249,0.45652173913043476
2010-11-18 00:00:00-05:00,0.013371596735141397,0.01275724485771204,0.011269413780850765,0.9130434782608695
2010-11-19 00:00:00-05:00,0.004142994600540187,0.012842360718027315,0.0195931114782537,0.5434782608695652
2010-11-22 00:00:00-05:00,-0.0015140836786687935,0.012885840337218145,0.014396394026156868,0.34782608695652173
2010-11-23 00:00:00-05:00,-0.013068979396073415,0.012739937061850962,0.008510797726516757,0.043478260869565216
2010-11-24 00:00:00-05:00,0.014966913263728955,0.012685692507201321,0.009509878591459752,0.967391304347826
2010-11-26 00:00:00-05:00,-0.007458218086722451,0.012398419259362012,0.00687531526575758,0.07608695652173914
2010-11-29 00:00:00-05:00,-0.0005469010214461177,0.012315700843896068,0.010972646663471681,0.3695652173913043
2010-11-30 00:00:00-05:00,-0.006324273532871637,0.012311016621419483,0.012022172316428006,0.2826086956521739
2010-12-01 00:00:00-05:00,0.020667250201672174,0.012340480659997231,0.010984668869997521,0.9891304347826086
2010-12-02 00:00:00-05:00,0.011905659168977116,0.012554557415315021,0.014110743016205378,0.8369565217391305
2010-12-03 00:00:00-05:00,0.0007130527761795575,0.012519679815980548,0.011191055783618052,0.5108695652173914
2010-12-06 00:00:00-05:00,-5.984961373481367e-05,0.01220575795382329,0.009047219664487826,0.40217391304347827
2010-12-07 00:00:00-05:00,0.0006779973546366055,0.012127883348565238,0.013787763223845773,0.5217391304347826
2010-12-08 00:00:00-05:00,0.005739853153162463,0.012364856531891769,0.014133102288379974,0.6847826086956522
2010-12-09 00:00:00-05:00,0.005033173569145418,0.012505960414588463,0.017460530266869594,0.6521739130434783
2010-12-10 00:00:00-05:00,0.006259521617243327,0.012399660776623186,0.00936074143021097,0.75
2010-12-13 00:00:00-05:00,-0.00039658011314968266,0.012044484449645267,0.01293488650114197,0.4891304347826087
2010-12-14 00:00:00-05:00,0.0010483834284836235,0.012088878572470627,0.014830415687168355,0.5652173913043478
2010-12-15 00:00:00-05:00,-0.005363749256340131,0.011950040064227355,0.009073803584826977,0.2608695652173913
2010-12-16 00:00:00-05:00,0.004455897198893282,0.012522462996471029,0.02153913553929784,0.8152173913043478
2010-12-17 00:00:00-05:00,0.0004725173736159529,0.012575726923683406,0.012486469692406162,0.41304347826086957
2010-12-20 00:00:00-05:00,0.0025476055787246373,0.012594586136349768,0.011665457246844415,0.6195652173913043
2010-12-21 00:00:00-05:00,0.006822416373254783,0.012283213295845767,0.013054281827669684,0.717391304347826
2010-12-22 00:00:00-05:00,0.002252094442374684,0.012122315061530184,0.011017531105529608,0.6195652173913043
2010-12-23 00:00:00-05:00,-0.0025029726787482824,0.012007294589899523,0.006095367822272859,0.30434782608695654
2010-12-27 00:00:00-05:00,0.0023455312371116273,0.012154051869368274,0.012591781460303538,0.5108695652173914
2010-12-28 00:00:00-05:00,0.00022220248873791509,0.012079873788667473,0.005317575571040761,0.5
2010-12-29 00:00:00-05:00,-0.00032756630820154035,0.01185523114852611,0.006255151220503077,0.4673913043478261
2010-12-30 00:00:00-05:00,-0.001994699643428963,0.011487199525760099,0.004293508238341735,0.2608695652173913
2010-12-31 00:00:00-05:00,0.0002616461547414959,0.011274399232693301,0.006515862715594755,0.5869565217391305
2011-01-03 00:00:00-05:00,0.011019639142785231,0.011251588997725506,0.013631728081881721,0.8152173913043478
2011-01-04 00:00:00-05:00,0.0008838865415466414,0.01136070112149943,0.013482410382870406,0.5
2011-01-05 00:00:00-05:00,0.008462724949221434,0.011744772474026752,0.017112718067561643,0.6304347826086957
2011-01-06 00:00:00-05:00,-0.0019355492133924846,0.012036189887117042,0.01990752889874184,0.33695652173913043
2011-01-07 00:00:00-05:00,-0.0012031101150528397,0.011821441228634178,0.00962338046023982,0.40217391304347827
2011-01-10 00:00:00-05:00,-0.000497569191772965,0.011630296018593653,0.013446480856018564,0.391304347826087
2011-01-11 00:00:00-05:00,0.0005209723517808813,0.01181976231954022,0.013339533750088912,0.5543478260869565
2011-01-12 00:00:00-05:00,0.008969390333636711,0.012006900317799727,0.016864784464591588,0.8369565217391305
2011-01-13 00:00:00-05:00,-0.0011463864451314758,0.011827162286590911,0.011055917031783264,0.4673913043478261
2011-01-14 00:00:00-05:00,0.006610413324287878,0.011981995062955029,0.012325291888473415,0.7608695652173914
2011-01-18 00:00:00-05:00,0.00030125012511921683,0.011621320311576108,0.01396496576034052,0.5869565217391305
2011-01-19 00:00:00-05:00,-0.009949869611847083,0.011664396385736558,0.013391067249775594,0.18478260869565216
2011-01-20 00:00:00-05:00,0.00096775038494432,0.011805722670399163,0.014633309224759134,0.5217391304347826
2011-01-21 00:00:00-05:00,0.0015899021687571459,0.011862361688876324,0.014243701215690078,0.5652173913043478
2011-01-24 00:00:00-05:00,0.005251511175291901,0.01209750726443803,0.015955588192325416,0.6847826086956522
2011-01-25 00:00:00-05:00,0.00012566201517808418,0.012413566008256422,0.012732601442459104,0.4891304347826087
2011-01-26 00:00:00-05:00,0.0012724584653251807,0.012349462617444053,0.01124561025324375,0.4891304347826087
2011-01-27 00:00:00-05:00,0.005929609144826425,0.013071846155901703,0.020487629878651402,0.6847826086956522
2011-01-28 00:00:00-05:00,-0.019535041239324688,0.013699443874478886,0.019434703310623934,0.05434782608695652
2011-01-31 00:00:00-05:00,0.0036421724964609283,0.014065163506715486,0.011973620515310405,0.6086956521739131
2011-02-01 00:00:00-05:00,0.015285210582199739,0.014322196998554679,0.011913566044217765,0.9239130434782609
2011-02-02 00:00:00-05:00,-0.0024227047828860393,0.014212078993506952,0.01131924997587944,0.3804347826086957
2011-02-03 00:00:00-05:00,0.0018130872928167428,0.014145234087232426,0.012078667351105403,0.6086956521739131
2011-02-04 00:00:00-05:00,0.003188128569045992,0.013857446194344255,0.011069172316910066,0.6304347826086957
2011-02-07 00:00:00-05:00,0.0055531886940764445,0.01348438735225094,0.012073293214782144,0.717391304347826
2011-02-08 00:00:00-05:00,0.006622159677261455,0.013520080583379243,0.010372938313934193,0.7717391304347826
2011-02-09 00:00:00-05:00,-0.001951843337972681,0.013424677556993352,0.01144301730191485,0.43478260869565216
2011-02-10 00:00:00-05:00,-0.00035663112918200916,0.013687996287053089,0.018869227081343427,0.4891304347826087
2011-02-11 00:00:00-05:00,0.0072253260544368645,0.01341517383788193,0.011135513031997217,0.75
2011-02-14 00:00:00-05:00,0.0011539235995733435,0.013484133912526487,0.012504078599318989,0.5108695652173914
2011-02-15 00:00:00-05:00,-0.00134905573929942,0.01332411154102955,0.00896482208703772,0.41304347826086957
2011-02-16 00:00:00-05:00,0.0044985381502474905,0.013171700557872333,0.01076433511403895,0.6304347826086957
2011-02-17 00:00:00-05:00,0.002693328907359642,0.013179652211425297,0.013558051974387897,0.6304347826086957
2011-02-18 00:00:00-05:00,0.0027140016479678575,0.012983903235340625,0.010522580726980932,0.6413043478260869
2011-02-22 00:00:00-05:00,-0.021588608865548916,0.013151612195849916,0.01776558938638523,0.11956521739130435
2011-02-23 00:00:00-05:00,-0.010695537855080973,0.013000150221257386,0.012774886725882307,0.15217391304347827
2011-02-24 00:00:00-05:00,0.005407419157898339,0.013210868553236018,0.017157686414010304,0.6195652173913043
2011-02-25 00:00:00-05:00,0.008011386391318837,0.013234275178318124,0.01173714937996805,0.7717391304347826
2011-02-28 00:00:00-05:00,0.0027977035357278587,0.012929488174682143,0.014087102802295795,0.6630434782608695
2011-03-01 00:00:00-05:00,-0.015645276914242102,0.0125471353780064,0.011405294580433295,0.043478260869565216
2011-03-02 00:00:00-05:00,0.00037072684305310236,0.012573036058883593,0.012517534813731504,0.5217391304347826
2011-03-03 00:00:00-05:00,0.018081956719192514,0.0125149410773041,0.01069357143104839,0.967391304347826
2011-03-04 00:00:00-05:00,-0.006726048285228538,0.012432981803323343,0.009598105222283545,0.18478260869565216
2011-03-07 00:00:00-05:00,-0.0072728858630594475,0.012260086083767833,0.008447857240439656,0.17391304347826086
2011-03-08 00:00:00-05:00,0.009227640937303211,0.012403608284747585,0.014083138537484878,0.8804347826086957
2011-03-09 00:00:00-05:00,-0.0008340384518124966,0.01239790611232,0.011953547593802856,0.4782608695652174
2011-03-10 00:00:00-05:00,-0.014650736677985053,0.012713774863266762,0.0170061820838162,0.043478260869565216
2011-03-11 00:00:00-05:00,0.005447815239100798,0.012645341941862655,0.010005925952428583,0.7608695652173914
2011-03-14 00:00:00-04:00,-0.007849697464190748,0.012128194479151325,0.008009130364405485,0.13043478260869565
2011-03-15 00:00:00-04:00,-0.011010524079550775,0.012262289064239953,0.01395149931885843,0.07608695652173914
2011-03-16 00:00:00-04:00,-0.020023071421190485,0.01216035055319545,0.010363369867384451,0.021739130434782608
2011-03-17 00:00:00-04:00,0.010288342962267955,0.012258194912458584,0.011019553631563556,0.8478260869565217
2011-03-18 00:00:00-04:00,0.003820662257890586,0.012457495448890767,0.014949646379114783,0.6956521739130435
2011-03-21 00:00:00-04:00,0.01204298915355712,0.012527205596812791,0.015021965080750413,0.9021739130434783
2011-03-22 00:00:00-04:00,-0.0018713217623703528,0.012536476821088752,0.010717276436776094,0.358695652173913
2011-03-23 00:00:00-04:00,0.003978259289082096,0.012232969228033849,0.011391929932232233,0.6195652173913043
2011-03-24 00:00:00-04:00,0.01137800886512997,0.012243729133487433,0.013000844740407557,0.9130434782608695
2011-03-25 00:00:00-04:00,0.0009599406612066902,0.011947675871419322,0.010940567910580004,0.5
2011-03-28 00:00:00-04:00,-0.0014811982795817306,0.011883491261756182,0.010389272577042155,0.32608695652173914
2011-03-29 00:00:00-04:00,0.005698921412669003,0.011617058174758322,0.008492007975340676,0.717391304347826
2011-03-30 00:00:00-04:00,0.007786405798458635,0.011665955425378979,0.012432136843467109,0.8043478260869565
2011-03-31 00:00:00-04:00,-0.002020351045604416,0.011462788249680628,0.008251024124066145,0.3695652173913043
2011-04-01 00:00:00-04:00,0.005099588440348533,0.011400872256480758,0.009393335573851112,0.7282608695652174
2011-04-04 00:00:00-04:00,-0.000718501181725624,0.011509497161831065,0.011879228234639968,0.4673913043478261
2011-04-05 00:00:00-04:00,-0.0002086181584909497,0.011607222352036201,0.010500086234747512,0.4782608695652174
2011-04-06 00:00:00-04:00,0.004801448363273317,0.011478390639207144,0.011377672568074692,0.6521739130434783
2011-04-07 00:00:00-04:00,-0.001604829551335594,0.011357618040517619,0.00941732302132286,0.391304347826087
2011-04-08 00:00:00-04:00,-0.0036292753817342015,0.010927061141466755,0.007964487203748023,0.2717391304347826
2011-04-11 00:00:00-04:00,-0.0009148424971046151,0.010868565731625002,0.008777522345751769,0.44565217391304346
2011-04-12 00:00:00-04:00,-0.00416580322515427,0.01101096147855226,0.010999441049877908,0.33695652173913043
2011-04-13 00:00:00-04:00,0.00016937178743724706,0.010790511946041156,0.00932205913612526,0.4891304347826087
2011-04-14 00:00:00-04:00,-0.00023466154627590466,0.010796477784793021,0.010488652481173644,0.5217391304347826
2011-04-15 00:00:00-04:00,0.0020969993659094312,0.011019493043113967,0.015702874056303415,0.6630434782608695
2011-04-18 00:00:00-04:00,-0.011547847627902723,0.010726239204980337,0.008791315778308505,0.05434782608695652
2011-04-19 00:00:00-04:00,0.003264075115349547,0.01051141570503307,0.010510671581857842,0.6304347826086957
2011-04-20 00:00:00-04:00,0.013403541415188092,0.01077930659920329,0.016342985214350698,0.8369565217391305
2011-04-21 00:00:00-04:00,0.004772944208115663,0.011011166515651774,0.0162609881776504,0.6630434782608695
2011-04-25 00:00:00-04:00,-0.0016364355743307883,0.010767552705969994,0.007884954737090166,0.29347826086956524
2011-04-26 00:00:00-04:00,0.0076278497885443695,0.01095443928072531,0.01486518598044165,0.8043478260869565
2011-04-27 00:00:00-04:00,0.008637000801489842,0.011021379863394635,0.011795024813097974,0.8369565217391305
2011-04-28 00:00:00-04:00,0.0028907051990962607,0.0111227558201128,0.010620903066422178,0.6304347826086957
2011-04-29 00:00:00-04:00,0.0008092604064961916,0.011018666209120996,0.010246255012639233,0.5217391304347826
2011-05-02 00:00:00-04:00,0.0005940699125959624,0.011150374772599583,0.01101690395711645,0.532608695652174
2011-05-03 00:00:00-04:00,-0.0008399892071791808,0.011579809927236603,0.018411473821228545,0.532608695652174
2011-05-04 00:00:00-04:00,-0.00505577429795638,0.011472278020439241,0.009621058191895356,0.29347826086956524
2011-05-05 00:00:00-04:00,-0.00683702243159881,0.011493032432029386,0.01093592887814056,0.18478260869565216
2011-05-06 00:00:00-04:00,0.0045312060943636665,0.011396738815467815,0.00935550662028169,0.7717391304347826
2011-05-09 00:00:00-04:00,0.0028840996776623826,0.01137912320214143,0.009047395141468764,0.6956521739130435
2011-05-10 00:00:00-04:00,0.007732160871855026,0.011355395503587596,0.0074662055341175185,0.8804347826086957
2011-05-11 00:00:00-04:00,-0.006861512813866618,0.011499202924830202,0.0117974781918465,0.2391304347826087
2011-05-12 00:00:00-04:00,0.0052441483045780396,0.011523375585963211,0.011507066933671102,0.7391304347826086
2011-05-13 00:00:00-04:00,-0.008304610558802517,0.01172551011627355,0.01356688427264235,0.11956521739130435
2011-05-16 00:00:00-04:00,-0.00664900578902807,0.011853693544770779,0.013180504479615487,0.33695652173913043
2011-05-17 00:00:00-04:00,0.0014249687161515695,0.011618636475331004,0.010766675598068107,0.5652173913043478
2011-05-18 00:00:00-04:00,0.007634277832484932,0.01168576466829019,0.010201007830451423,0.75
2011-05-19 00:00:00-04:00,0.0029872705828798175,0.011615613193602898,0.009037490613424709,0.6195652173913043
2011-05-20 00:00:00-04:00,-0.006782376808874613,0.011459395656048301,0.01306241692570418,0.13043478260869565
2011-05-23 00:00:00-04:00,-0.01168493177167504,0.011160848575467239,0.009991499485448075,0.043478260869565216
2011-05-24 00:00:00-04:00,-0.0026939779576975686,0.011188573351477228,0.008467175033299912,0.30434782608695654
2011-05-25 00:00:00-04:00,0.0020712918580639305,0.011116395901223262,0.013349459525108388,0.5108695652173914
2011-05-26 00:00:00-04:00,0.0036764348610810534,0.010953225745930264,0.008368451551945011,0.6413043478260869
2011-05-27 00:00:00-04:00,0.004560134164895664,0.010846694936629911,0.008383756071114785,0.717391304347826
2011-05-31 00:00:00-04:00,0.010727705682051005,0.010819927168108742,0.00968413187369465,0.9239130434782609
2011-06-01 00:00:00-04:00,-0.022695094574022648,0.01093323535402511,0.013396375861360225,0.010869565217391304
2011-06-02 00:00:00-04:00,-0.001492102378211979,0.010457046256796842,0.008411502779434903,0.40217391304347827
2011-06-03 00:00:00-04:00,-0.011540925047121923,0.010488007392081273,0.010271242032868368,0.10869565217391304
2011-06-06 00:00:00-04:00,-0.009220374276257404,0.010502425991777767,0.011238719471766967,0.17391304347826086
2011-06-07 00:00:00-04:00,-0.0009314048893212693,0.010460141288769428,0.008467527857106548,0.4673913043478261
2011-06-08 00:00:00-04:00,-0.004992541149686755,0.010484891109127363,0.009567141368985404,0.391304347826087
2011-06-09 00:00:00-04:00,0.006580573927287459,0.010587085815159016,0.009612294360782238,0.7717391304347826
2011-06-10 00:00:00-04:00,-0.012540602075557534,0.01049843750683643,0.009935863717072202,0.10869565217391304
2011-06-13 00:00:00-04:00,0.002525152229048754,0.010413678506289633,0.009727127922188352,0.6195652173913043
2011-06-14 00:00:00-04:00,0.010225992582944996,0.010305364105061434,0.011292281846850213,0.8478260869565217
2011-06-15 00:00:00-04:00,-0.016720511238452033,0.010104650164597282,0.00896551172986827,0.03260869565217391
2011-06-16 00:00:00-04:00,0.0014127296822474028,0.010180476462589152,0.012359027855897374,0.6304347826086957
2011-06-17 00:00:00-04:00,0.002010730810109603,0.010201000350750122,0.010632009481831793,0.6521739130434783
2011-06-20 00:00:00-04:00,0.00578535772369685,0.010188844006499343,0.008782207384158356,0.8152173913043478
2011-06-21 00:00:00-04:00,0.013769186542909886,0.010169278364878742,0.012651538451671544,0.8369565217391305
2011-06-22 00:00:00-04:00,-0.0068287870117163365,0.010265950868659283,0.012021622064839456,0.15217391304347827
2011-06-23 00:00:00-04:00,-0.000659545564559775,0.010501518767419723,0.01341410090726916,0.358695652173913
2011-06-24 00:00:00-04:00,-0.010549779389985558,0.01037103882101787,0.010609380650669456,0.15217391304347827
2011-06-27 00:00:00-04:00,0.00892619684845494,0.010436240528206513,0.009737687402906522,0.8586956521739131
2011-06-28 00:00:00-04:00,0.011436660698783314,0.010686142526414815,0.013631698033489131,0.8586956521739131
2011-06-29 00:00:00-04:00,0.00948560733028245,0.011203182255865727,0.020541966192163773,0.7282608695652174
2011-06-30 00:00:00-04:00,0.0085641711387097,0.011064193231720568,0.010477606354311868,0.8695652173913043
2011-07-01 00:00:00-04:00,0.015575494546839083,0.011092803739119948,0.00901232343482191,0.967391304347826
2011-07-05 00:00:00-04:00,-0.0015819380552520362,0.011240091220901013,0.013364279150270724,0.358695652173913
2011-07-06 00:00:00-04:00,0.0014766986236969797,0.011176756673319662,0.009908693972558611,0.6521739130434783
2011-07-07 00:00:00-04:00,0.010617730919069238,0.011302998174828447,0.011118599388791011,0.8586956521739131
2011-07-08 00:00:00-04:00,-0.008281734594746707,0.011261043465266855,0.008686092468191966,0.15217391304347827
2011-07-11 00:00:00-04:00,-0.017195345781075594,0.011308146941985096,0.010601467371865307,0.010869565217391304
2011-07-12 00:00:00-04:00,-0.006012985732090276,0.011378337694883417,0.011409869527936944,0.2608695652173913
2011-07-13 00:00:00-04:00,0.0021479275985051313,0.011231561342581582,0.006644824523849837,0.6195652173913043
2011-07-14 00:00:00-04:00,-0.007402277429739408,0.011196733142721252,0.010560889649783299,0.16304347826086957
2011-07-15 00:00:00-04:00,0.0033855611963104493,0.0117125701702555,0.019798089308087435,0.4891304347826087
2011-07-18 00:00:00-04:00,-0.009621585831335162,0.011509205783690643,0.008088375738035397,0.03260869565217391
2011-07-19 00:00:00-04:00,0.015098430764451196,0.011612744061325899,0.012806313312172154,0.9347826086956522
2011-07-20 00:00:00-04:00,7.70603620266565e-05,0.011766901627875725,0.012019516281704713,0.44565217391304346
2011-07-21 00:00:00-04:00,0.013894847841378788,0.012037774442342416,0.01833986755547207,0.8913043478260869
2011-07-22 00:00:00-04:00,0.0005825039934343266,0.012504531597367414,0.021823522320364365,0.42391304347826086
2011-07-25 00:00:00-04:00,-0.006208434529738925,0.012266719616022274,0.008420049299021215,0.1956521739130435
2011-07-26 00:00:00-04:00,-0.00482639253242562,0.012346211728318911,0.012278715008898917,0.2826086956521739
2011-07-27 00:00:00-04:00,-0.020650891438323934,0.012677874327114676,0.01670260197761752,0.06521739130434782
2011-07-28 00:00:00-04:00,-0.001440105789275188,0.01255295360349469,0.01100836283746941,0.4673913043478261
2011-07-29 00:00:00-04:00,-0.004388206802204965,0.012056388892828153,0.0101141072681665,0.21739130434782608
2011-08-01 00:00:00-04:00,-0.0038479746446931037,0.012131016594470643,0.012044788088804208,0.2826086956521739
2011-08-02 00:00:00-04:00,-0.029254290946331436,0.013919424461880235,0.04656888865042336,0.021739130434782608
2011-08-03 00:00:00-04:00,0.008641977752423006,0.014105254075105737,0.01726670102800624,0.75
2011-08-04 00:00:00-04:00,-0.04644770891490989,0.01450356491514407,0.018273221613363574,0.0
2011-08-05 00:00:00-04:00,-1.1089963055853682e-05,0.014983355303806421,0.021194197550700414,0.5978260869565217
2011-08-08 00:00:00-04:00,-0.06782143876586079,0.016102715807118993,0.03219266303775596,0.0
2011-08-09 00:00:00-04:00,0.04515812676518944,0.016866086060340863,0.026632242689524594,0.9891304347826086
2011-08-10 00:00:00-04:00,-0.04782600696251812,0.017478981381263005,0.024280671267301896,0.021739130434782608
2011-08-11 00:00:00-04:00,0.04534890595791914,0.018146541000729877,0.02066357653265418,1.0
2011-08-12 00:00:00-04:00,0.004118148039491452,0.01842206075189486,0.016346804424247987,0.6521739130434783
2011-08-15 00:00:00-04:00,0.0213028752445711,0.018183765320956963,0.014793885258391544,0.9565217391304348
2011-08-16 00:00:00-04:00,-0.008481716491946779,0.018590569739749322,0.016631268532674937,0.16304347826086957
2011-08-17 00:00:00-04:00,0.0005689606775264973,0.018554653499097764,0.012052072258489449,0.5434782608695652
2011-08-18 00:00:00-04:00,-0.04511902198966804,0.019100447480085263,0.023481189882442192,0.021739130434782608
2011-08-19 00:00:00-04:00,-0.013195329919131242,0.018941172339903608,0.01499508961165728,0.18478260869565216
2011-08-22 00:00:00-04:00,-0.00018178578878812033,0.018581130196388136,0.014262637306539424,0.5978260869565217
2011-08-23 00:00:00-04:00,0.03420103165766476,0.01904279393660742,0.018114987843626244,0.9891304347826086
2011-08-24 00:00:00-04:00,0.016033420682871547,0.01933832961947219,0.01848496434905909,0.9130434782608695
2011-08-25 00:00:00-04:00,-0.013848626866385385,0.019352662396052312,0.017003590285800046,0.08695652173913043
2011-08-26 00:00:00-04:00,0.013981060623355272,0.019345813953883947,0.010864545551933804,0.9021739130434783
2011-08-29 00:00:00-04:00,0.026986674845529694,0.01957718816479525,0.014972965697303879,0.9891304347826086
2011-08-30 00:00:00-04:00,0.002364256989849485,0.019572084538976096,0.011937611946601898,0.5652173913043478
2011-08-31 00:00:00-04:00,0.0048808259741474295,0.01786922619386417,0.010808863403072905,0.7391304347826086
2011-09-01 00:00:00-04:00,-0.011605183772382477,0.017573779934231606,0.011062329575722396,0.06521739130434782
2011-09-02 00:00:00-04:00,-0.027271270472541066,0.017492065276656917,0.01655721380429518,0.010869565217391304
2011-09-06 00:00:00-04:00,-0.006937624133554844,0.01711165445073825,0.013205570206408316,0.25
2011-09-07 00:00:00-04:00,0.030021678364121705,0.016458909221389133,0.018485013221424627,0.967391304347826
2011-09-08 00:00:00-04:00,-0.01025710503324707,0.015790176031463495,0.012588845701086128,0.20652173913043478
2011-09-09 00:00:00-04:00,-0.02548165222504412,0.015171386195406896,0.01128608471011327,0.010869565217391304
2011-09-12 00:00:00-04:00,0.008361725344761307,0.01466639983115391,0.010058862883341528,0.8260869565217391
2011-09-13 00:00:00-04:00,0.009843473116778925,0.014416480611844949,0.0110985008187598,0.8152173913043478
2011-09-14 00:00:00-04:00,0.014249794880984207,0.014218479942922139,0.010635871211012478,0.9456521739130435
2011-09-15 00:00:00-04:00,0.015593816294688988,0.01467830404879232,0.026287574755948773,0.9565217391304348
2011-09-16 00:00:00-04:00,0.0045619951450598184,0.014862594016582173,0.01592216158207638,0.6956521739130435
2011-09-19 00:00:00-04:00,-0.010615128161428325,0.014595523192524178,0.017872702577224297,0.1956521739130435
2011-09-20 00:00:00-04:00,-0.002366248647123426,0.014703285100622845,0.017258089681729327,0.4891304347826087
2011-09-21 00:00:00-04:00,-0.029819968646479046,0.014995464923258674,0.020398413581891813,0.03260869565217391
2011-09-22 00:00:00-04:00,-0.032083424194075415,0.015056946269855865,0.01940609612216728,0.043478260869565216
2011-09-23 00:00:00-04:00,0.009942468649873427,0.014816965560113223,0.013445369444463522,0.782608695652174
2011-09-26 00:00:00-04:00,0.020944823255151616,0.014854850849529689,0.017799181363545892,0.9130434782608695
2011-09-27 00:00:00-04:00,0.009705874575283501,0.014923329950886527,0.012302606680427333,0.7934782608695652
2011-09-28 00:00:00-04:00,-0.018978831933092168,0.01484411475591665,0.013309446602936507,0.03260869565217391
2011-09-29 00:00:00-04:00,0.005443168317536379,0.015527102291598208,0.026280350195914647,0.7608695652173914
2011-09-30 00:00:00-04:00,-0.025078235992327575,0.01583241863029283,0.017220506515659935,0.06521739130434782
2011-10-03 00:00:00-04:00,-0.029749580358546645,0.016321403555894187,0.021331013013350882,0.021739130434782608
2011-10-04 00:00:00-04:00,0.022209177667313094,0.016575243985214677,0.021887862820025503,0.8695652173913043
2011-10-05 00:00:00-04:00,0.015364352600491874,0.016722419649675486,0.01629625916008529,0.8369565217391305
2011-10-06 00:00:00-04:00,0.01868655070118603,0.016581153153093692,0.015518416793206936,0.9347826086956522
2011-10-07 00:00:00-04:00,-0.00873666380361322,0.01703653358378902,0.02215183474568802,0.41304347826086957
2011-10-10 00:00:00-04:00,0.032357801238799284,0.017305185500279117,0.016927774956405336,0.9891304347826086
2011-10-11 00:00:00-04:00,-0.0009254979312458456,0.01740533747981374,0.012162054453568594,0.43478260869565216
2011-10-12 00:00:00-04:00,0.011851747339052586,0.01753510600712524,0.013823639892301294,0.8043478260869565
2011-10-13 00:00:00-04:00,-0.0027489729879422273,0.017885961230496652,0.01800383090181214,0.391304347826087
2011-10-14 00:00:00-04:00,0.01419612410110044,0.017261633731390013,0.013176697274709355,0.9021739130434783
2011-10-17 00:00:00-04:00,-0.020047744374386656,0.017255740675127505,0.015798407400563732,0.07608695652173914
2011-10-18 00:00:00-04:00,0.021035318764780694,0.017446024661693187,0.02186866629510356,0.9130434782608695
2011-10-19 00:00:00-04:00,-0.013298676670996965,0.017397204113775103,0.016232858175449585,0.15217391304347827
2011-10-20 00:00:00-04:00,0.0054865751189374316,0.0171059951212084,0.014283024737991062,0.7282608695652174
2011-10-21 00:00:00-04:00,0.02044290701592598,0.016887933457073574,0.014826801175335918,0.9347826086956522
2011-10-24 00:00:00-04:00,0.012870623280302376,0.0170808950458475,0.017497562808716016,0.782608695652174
2011-10-25 00:00:00-04:00,-0.024830983013654412,0.01835505131624813,0.04455646304195903,0.03260869565217391
2011-10-26 00:00:00-04:00,0.007128176602819823,0.018962052768707712,0.025049637182078668,0.8152173913043478
2011-10-27 00:00:00-04:00,0.03378742818780913,0.019626822600481233,0.02726961307018034,0.967391304347826
2011-10-28 00:00:00-04:00,0.0001277608216989922,0.019245113465869296,0.01826445836906403,0.44565217391304346
2011-10-31 00:00:00-04:00,-0.024196241251492504,0.019347360796420614,0.019367700457237614,0.043478260869565216
2011-11-01 00:00:00-04:00,-0.030219760039311684,0.019316327966097627,0.020679323576568157,0.05434782608695652
2011-11-02 00:00:00-04:00,0.01675281232460413,0.019105608298900338,0.017462749808882412,0.8913043478260869
2011-11-03 00:00:00-04:00,0.02095813518396238,0.019068621552831923,0.015519537492648602,0.967391304347826
2011-11-04 00:00:00-04:00,-0.007666846211939277,0.01895553197188359,0.01314353559329187,0.15217391304347827
2011-11-07 00:00:00-05:00,0.006696046467696404,0.01838312337286803,0.010131254166361278,0.7717391304347826
2011-11-08 00:00:00-05:00,0.012494962271529787,0.018144111395476434,0.011908523431181858,0.9456521739130435
2011-11-09 00:00:00-05:00,-0.03658238307553003,0.018447449059381987,0.018532145395585214,0.0
2011-11-10 00:00:00-05:00,0.007547768872102889,0.018439355509518616,0.01365367534517049,0.7608695652173914
2011-11-11 00:00:00-05:00,0.020522609909228332,0.018074684252129984,0.010345734496650905,0.9782608695652174
2011-11-14 00:00:00-05:00,-0.009305698820980566,0.01797133928445318,0.011006452953496454,0.13043478260869565
2011-11-15 00:00:00-05:00,0.003954365315133031,0.01769503479382105,0.009996013097288956,0.7282608695652174
2011-11-16 00:00:00-05:00,-0.018640492122365283,0.017322396687962607,0.014043266072076285,0.05434782608695652
2011-11-17 00:00:00-05:00,-0.016773813216095605,0.017187338965164684,0.013396645996693195,0.043478260869565216
2011-11-18 00:00:00-05:00,-0.0018281654789328184,0.017242334305244317,0.01543792687966341,0.5543478260869565
2011-11-21 00:00:00-05:00,-0.019171598473930428,0.017274941445444645,0.01551155111954277,0.03260869565217391
2011-11-22 00:00:00-05:00,-0.0034272604904591777,0.01713918170763569,0.01464660831472792,0.34782608695652173
2011-11-23 00:00:00-05:00,-0.021468452811655915,0.015565586891047497,0.011510971893607027,0.010869565217391304
2011-11-25 00:00:00-05:00,-0.0026867667281351383,0.01489077703354144,0.010878630174451448,0.41304347826086957
2011-11-28 00:00:00-05:00,0.030320860411719493,0.014319481384172045,0.015272404433423087,1.0
2011-11-29 00:00:00-05:00,0.0010720034772425165,0.014129819887626415,0.014281566941605747,0.5108695652173914
2011-11-30 00:00:00-05:00,0.04227251669138762,0.01433430868923387,0.0236619652909942,0.9782608695652174
2011-12-01 00:00:00-05:00,-0.0010434256126307404,0.013878362058787999,0.01110444433720487,0.3804347826086957
2011-12-02 00:00:00-05:00,0.0021939085000222346,0.01383533829386412,0.01655925074548089,0.44565217391304346
2011-12-05 00:00:00-05:00,0.010972946758599444,0.013827789477036199,0.015361012339262306,0.8369565217391305
2011-12-06 00:00:00-05:00,0.0014085675120558984,0.013810764500661646,0.012786011089426301,0.4782608695652174
2011-12-07 00:00:00-05:00,0.0050825396412713785,0.013924472983621724,0.012519132308522848,0.6630434782608695
2011-12-08 00:00:00-05:00,-0.02251601791439963,0.014122733547888183,0.016071995280777542,0.03260869565217391
2011-12-09 00:00:00-05:00,0.016386011166520532,0.01370193115324834,0.009695295108148504,0.967391304347826
2011-12-12 00:00:00-05:00,-0.014645509087472424,0.013825704081303972,0.016252906834338707,0.06521739130434782
2011-12-13 00:00:00-05:00,-0.008600185192182407,0.01392145582405859,0.012356521094497896,0.22826086956521738
2011-12-14 00:00:00-05:00,-0.010497576866943416,0.014039382632882073,0.013482915938789577,0.17391304347826086
2011-12-15 00:00:00-05:00,0.004451603884801429,0.014186340933384854,0.013082137407847418,0.6739130434782609
2011-12-16 00:00:00-05:00,0.0029369132253217385,0.01410408652890976,0.012315923578099307,0.6413043478260869
2011-12-19 00:00:00-05:00,-0.014015800476285362,0.01420622557934682,0.015541566055871448,0.16304347826086957
2011-12-20 00:00:00-05:00,0.02989150400007847,0.014190017715658738,0.015097561742213677,1.0
2011-12-21 00:00:00-05:00,-0.000278320801719082,0.014460381584048262,0.021189192355722794,0.6304347826086957
2011-12-22 00:00:00-05:00,0.009835873217098471,0.014559494809292426,0.01672798604485532,0.6956521739130435
2011-12-23 00:00:00-05:00,0.007065632966173271,0.014445835333321614,0.009124122898219938,0.8804347826086957
2011-12-27 00:00:00-05:00,-0.0005943610665998772,0.014366485906097595,0.009212292202747082,0.5217391304347826
2011-12-28 00:00:00-05:00,-0.012299724774576255,0.01404402514027008,0.00850072835104531,0.021739130434782608
2011-12-29 00:00:00-05:00,0.011656730938391117,0.013678006982676242,0.006595185632135116,0.9782608695652174
2011-12-30 00:00:00-05:00,-0.0044478764371179555,0.012950767596989413,0.008389938191570826,0.15217391304347827
2012-01-03 00:00:00-05:00,0.015377950055294642,0.013421586788701409,0.02099164736315675,0.8152173913043478
2012-01-04 00:00:00-05:00,7.501844107764453e-05,0.01347980467237261,0.01778182630257614,0.4782608695652174
2012-01-05 00:00:00-05:00,0.0018080133607309375,0.01355860810637161,0.01701588445324125,0.4891304347826087
2012-01-06 00:00:00-05:00,-0.0017079251390906965,0.01359837970906302,0.013621214745945978,0.32608695652173914
2012-01-09 00:00:00-05:00,0.004558751467982703,0.013897660410292364,0.01880402703433905,0.5978260869565217
2012-01-10 00:00:00-05:00,0.010385932237203365,0.013783735858599903,0.013679579695235852,0.782608695652174
2012-01-11 00:00:00-05:00,0.0023254612277808376,0.013918687343465266,0.012529276290321129,0.5978260869565217
2012-01-12 00:00:00-05:00,0.003869259224570646,0.013585209257354543,0.009249867026013544,0.6847826086956522
2012-01-13 00:00:00-05:00,-0.00582026359255649,0.01349349526172117,0.01043052718619703,0.25
2012-01-17 00:00:00-05:00,0.0028633447378482125,0.01350535195328174,0.013731906461561603,0.7282608695652174
2012-01-18 00:00:00-05:00,0.014221801946584723,0.013786077071682848,0.01897736489427065,0.9021739130434783
2012-01-19 00:00:00-05:00,0.006599527717705925,0.013926137652292822,0.015257195770908782,0.5978260869565217
2012-01-20 00:00:00-05:00,-0.0019169209749748835,0.014145213426537502,0.0201421573150097,0.5108695652173914
2012-01-23 00:00:00-05:00,-0.0015136721595340726,0.013988449002736063,0.011805508842383497,0.40217391304347827
2012-01-24 00:00:00-05:00,-0.000341741175344661,0.013491377888102063,0.0107506989484088,0.45652173913043476
2012-01-25 00:00:00-05:00,0.005980492582363316,0.013343533950986673,0.013623263365432113,0.7391304347826086
2012-01-26 00:00:00-05:00,-0.0022770939220025737,0.014063448623079802,0.024242331012175683,0.2826086956521739
2012-01-27 00:00:00-05:00,3.344371076086947e-05,0.014230440966711949,0.012719131419022098,0.41304347826086957
2012-01-30 00:00:00-05:00,-0.0027264876044225945,0.014271913055541994,0.009371642216476253,0.3695652173913043
2012-01-31 00:00:00-05:00,0.001369715586066073,0.014414816462558896,0.009596157179490073,0.5869565217391305
2012-02-01 00:00:00-05:00,0.01048897264961936,0.01470837322712407,0.014554630247439481,0.8913043478260869
2012-02-02 00:00:00-05:00,0.0024300576870362445,0.014261917181765409,0.011616070410624882,0.5217391304347826
2012-02-03 00:00:00-05:00,0.016428147800832828,0.014207395767685234,0.016636876606892476,0.9239130434782609
2012-02-06 00:00:00-05:00,-0.0005342133868451155,0.013875918564461858,0.01005486318555039,0.42391304347826086
2012-02-07 00:00:00-05:00,0.0003400728885461288,0.013640963204893447,0.008687152195009292,0.5760869565217391
2012-02-08 00:00:00-05:00,0.0035370837913092416,0.013229290300176166,0.010158896035276156,0.5978260869565217
2012-02-09 00:00:00-05:00,0.0007582436868374401,0.013096878094426239,0.010898923374487373,0.5217391304347826
2012-02-10 00:00:00-05:00,-0.006125943245273355,0.01292455842132698,0.008910563155236705,0.1956521739130435
2012-02-13 00:00:00-05:00,0.007017241846496739,0.013007045270514453,0.010982090858950485,0.782608695652174
2012-02-14 00:00:00-05:00,-0.00150668911341149,0.012972504461894754,0.009705170205183364,0.43478260869565216
2012-02-15 00:00:00-05:00,-0.004632564695203007,0.012821171808750895,0.01055392074554057,0.30434782608695654
2012-02-16 00:00:00-05:00,0.009995467538641358,0.012466300737575538,0.01152507239958816,0.8695652173913043
2012-02-17 00:00:00-05:00,0.0007937324508714116,0.012662652890695144,0.019380590986420466,0.5434782608695652
2012-02-21 00:00:00-05:00,-0.0017344457877471727,0.012273072437054408,0.01196096778855424,0.4673913043478261
2012-02-22 00:00:00-05:00,-0.00426352491631168,0.012210028689451943,0.010481590142731747,0.3804347826086957
2012-02-23 00:00:00-05:00,0.007337369134675697,0.012456597874509949,0.015928651834626887,0.75
2012-02-24 00:00:00-05:00,0.002948127295172355,0.012449714555407776,0.013478713664286535,0.6195652173913043
2012-02-27 00:00:00-05:00,0.0019289833191432585,0.011691246416713541,0.00831450009959674,0.5652173913043478
2012-02-28 00:00:00-05:00,0.004659092863837493,0.01171889192611891,0.013299687116534838,0.6956521739130435
2012-02-29 00:00:00-05:00,-0.004004441573151525,0.011805858707127661,0.011197944617660018,0.33695652173913043
2012-03-01 00:00:00-05:00,0.006517823176086979,0.011884403209849766,0.011245591736654263,0.7065217391304348
2012-03-02 00:00:00-05:00,-0.0017299140747202666,0.0115522897722563,0.007580248057976693,0.391304347826087
2012-03-05 00:00:00-05:00,-0.0047444985535079875,0.011652838247136936,0.013727588383118267,0.42391304347826086
2012-03-06 00:00:00-05:00,-0.015563123262256512,0.01142352818749651,0.01182136535444351,0.03260869565217391
2012-03-07 00:00:00-05:00,0.008015293945126553,0.011442218356898105,0.010447356742983905,0.8043478260869565
2012-03-08 00:00:00-05:00,0.009720091922667306,0.011551703804075816,0.010986346585741246,0.9130434782608695
2012-03-09 00:00:00-05:00,0.0034818686074175194,0.011457840504710368,0.008187766748601688,0.6956521739130435
2012-03-12 00:00:00-04:00,-0.0001576231780395532,0.011392931356169153,0.009535831255121863,0.5543478260869565
2012-03-13 00:00:00-04:00,0.018451961221553494,0.01169806696682281,0.015318410978963488,0.967391304347826
2012-03-14 00:00:00-04:00,-0.0021665775517267995,0.011825145267806378,0.013650735179605415,0.3695652173913043
2012-03-15 00:00:00-04:00,0.009161609881045295,0.012052419360151176,0.014477926144424133,0.7934782608695652
2012-03-16 00:00:00-04:00,-0.00040226134028366524,0.012007464965951654,0.009609878467350652,0.43478260869565216
2012-03-19 00:00:00-04:00,0.004774728122501039,0.011946278480527331,0.010240156205677354,0.6956521739130435
2012-03-20 00:00:00-04:00,-0.0020520787499415318,0.01153928444070813,0.010833716150217255,0.31521739130434784
2012-03-21 00:00:00-04:00,-0.0006816771804188319,0.011385570395438036,0.008732972837882233,0.43478260869565216
2012-03-22 00:00:00-04:00,-0.0051772442179053284,0.011393443819092583,0.010646932039477284,0.30434782608695654
2012-03-23 00:00:00-04:00,0.0032242567829585326,0.011066484631730556,0.009062508900024299,0.6304347826086957
2012-03-26 00:00:00-04:00,0.014888013330498853,0.010794327376256255,0.007763411299326195,0.9891304347826086
2012-03-27 00:00:00-04:00,-0.004030058956718684,0.010867504809214269,0.009851226191715037,0.31521739130434784
2012-03-28 00:00:00-04:00,-0.0043165988170792155,0.010709368510559264,0.009978824844779728,0.31521739130434784
2012-03-29 00:00:00-04:00,-0.001880288772316109,0.010678277995381007,0.010545043798916647,0.3804347826086957
2012-03-30 00:00:00-04:00,0.004113836203075014,0.010563598317075871,0.00883731849224642,0.7717391304347826
2012-04-02 00:00:00-04:00,0.006041928030393482,0.010564555532912662,0.0076003495905492624,0.8369565217391305
2012-04-03 00:00:00-04:00,-0.004118321498156058,0.010353774068958826,0.00930117764008774,0.25
2012-04-04 00:00:00-04:00,-0.009684674725316308,0.01036008008595525,0.01195379171136841,0.17391304347826086
2012-04-05 00:00:00-04:00,0.0004900500876880733,0.010268916811833938,0.008532927986436364,0.4782608695652174
2012-04-09 00:00:00-04:00,-0.012274993845336505,0.010153144390346272,0.008555125734500221,0.05434782608695652
2012-04-10 00:00:00-04:00,-0.01843100228033317,0.010202213910311021,0.009218226667861425,0.0
2012-04-11 00:00:00-04:00,0.009202018411030612,0.010234397251885121,0.010211681428178009,0.8369565217391305
2012-04-12 00:00:00-04:00,0.014431425999501684,0.010091151257834871,0.012310245103908202,0.8913043478260869
2012-04-13 00:00:00-04:00,-0.012583569795504852,0.010106732764998223,0.01397794683003583,0.13043478260869565
2012-04-16 00:00:00-04:00,0.00040706719420638556,0.01004592172706851,0.013200894347900146,0.6413043478260869
2012-04-17 00:00:00-04:00,0.013283548797890768,0.010077137600983204,0.010265411819559242,0.9565217391304348
2012-04-18 00:00:00-04:00,-0.00365837057742242,0.010058785870523383,0.009854769866021103,0.2608695652173913
2012-04-19 00:00:00-04:00,-0.006185830296962643,0.010392169269332415,0.017834767525206942,0.15217391304347827
2012-04-20 00:00:00-04:00,0.00037772147567554184,0.010625151147368303,0.01362559227663586,0.5869565217391305
2012-04-23 00:00:00-04:00,-0.009568207886091805,0.01060907873815445,0.010309411445986346,0.09782608695652174
2012-04-24 00:00:00-04:00,0.0017212640716271679,0.01113802652398586,0.020170412402483944,0.717391304347826
2012-04-25 00:00:00-04:00,0.010773174230998111,0.01159399912836959,0.017338835991384503,0.8260869565217391
2012-04-26 00:00:00-04:00,0.005590121940293513,0.011873204754482527,0.01571454434008673,0.7717391304347826
2012-04-27 00:00:00-04:00,0.0034213089946350493,0.012313263965774377,0.019220068281908545,0.6521739130434783
2012-04-30 00:00:00-04:00,-0.00275035444207531,0.012337659480116876,0.011057349600109121,0.34782608695652173
2012-05-01 00:00:00-04:00,0.003803956022240336,0.01248079105821009,0.01184308163220395,0.6956521739130435
2012-05-02 00:00:00-04:00,-0.0010965416482502965,0.012616560299999115,0.010451503668118742,0.4782608695652174
2012-05-03 00:00:00-04:00,-0.009036979531324736,0.012808523307904652,0.013332400806104058,0.18478260869565216
2012-05-04 00:00:00-04:00,-0.015996885096916803,0.012771402778403091,0.011174260591835633,0.06521739130434782
2012-05-07 00:00:00-04:00,0.0006957552283786368,0.012812053836615248,0.009386600208891687,0.5760869565217391
2012-05-08 00:00:00-04:00,-0.004300920336036975,0.012859323752844173,0.00954779397530758,0.30434782608695654
2012-05-09 00:00:00-04:00,-0.0058928653182482,0.013272165442377587,0.01788790214806313,0.17391304347826086
2012-05-10 00:00:00-04:00,0.00025267042254861966,0.013736717024133477,0.019967264645051695,0.6956521739130435
2012-05-11 00:00:00-04:00,-0.0019968883276701163,0.013983351558511273,0.017489570325841943,0.40217391304347827
2012-05-14 00:00:00-04:00,-0.010120335534059315,0.013859192243669657,0.011370601218361894,0.09782608695652174
2012-05-15 00:00:00-04:00,-0.0038883115675065827,0.013673900008109594,0.009309757401138782,0.32608695652173914
2012-05-16 00:00:00-04:00,-0.004459333649401071,0.013845716977913789,0.013873568185447391,0.3804347826086957
2012-05-17 00:00:00-04:00,-0.015970497072630405,0.014041568360520276,0.013967648900757378,0.06521739130434782
2012-05-18 00:00:00-04:00,-0.007488268306004064,0.013876347688588328,0.014365133414635921,0.21739130434782608
2012-05-21 00:00:00-04:00,0.012587147517935784,0.014164497731629448,0.01967674318049939,0.8478260869565217
2012-05-22 00:00:00-04:00,0.00029780907715465404,0.014236546682294161,0.011822439409945316,0.5543478260869565
2012-05-23 00:00:00-04:00,0.003509222916292898,0.013948157941233283,0.014114248840205514,0.5543478260869565
2012-05-24 00:00:00-04:00,0.0013298918446875828,0.013707065399322312,0.012275892611254191,0.6521739130434783
2012-05-25 00:00:00-04:00,-0.002590118456159974,0.01337123759426826,0.008662160433951648,0.31521739130434784
2012-05-29 00:00:00-04:00,0.011452214098698876,0.012904502940063754,0.009418640543613873,0.9456521739130435
2012-05-30 00:00:00-04:00,-0.015594728570010432,0.012942643529776119,0.011858301984068809,0.06521739130434782
2012-05-31 00:00:00-04:00,-0.0013814820515557784,0.01291742864529589,0.011313569058119076,0.44565217391304346
2012-06-01 00:00:00-04:00,-0.02675325664181126,0.01317669120723713,0.01589601746888479,0.021739130434782608
2012-06-04 00:00:00-04:00,0.0003873032824779278,0.013159467503389614,0.01297070302530626,0.5434782608695652
2012-06-05 00:00:00-04:00,0.006408854626338102,0.013251690193058049,0.013110937074872736,0.6304347826086957
2012-06-06 00:00:00-04:00,0.023619536065642637,0.013429803041612667,0.013126970028538692,1.0
2012-06-07 00:00:00-04:00,-0.00028139277500692256,0.013546363902450448,0.01199557205290097,0.532608695652174
2012-06-08 00:00:00-04:00,0.008883611138830185,0.013168243443393911,0.009947372507875876,0.8804347826086957
2012-06-11 00:00:00-04:00,-0.012598834064689209,0.012746841975829546,0.011117833826200015,0.08695652173913043
2012-06-12 00:00:00-04:00,0.011739131835460648,0.012393388200960512,0.010067041053592267,0.9130434782608695
2012-06-13 00:00:00-04:00,-0.007312312285840128,0.012364628826372091,0.010766654352004999,0.25
2012-06-14 00:00:00-04:00,0.009285096307909014,0.012454186502579715,0.011190468601498884,0.782608695652174
2012-06-15 00:00:00-04:00,0.010813972765534413,0.012305638847343217,0.010754067425480936,0.8695652173913043
2012-06-18 00:00:00-04:00,0.001183675477921036,0.012186633477661801,0.01146853613744769,0.5760869565217391
2012-06-19 00:00:00-04:00,0.011024939006223713,0.012131421295441872,0.013205677588017365,0.8478260869565217
2012-06-20 00:00:00-04:00,-0.0015455388894081742,0.011710518305674409,0.010837780395382687,0.34782608695652173
2012-06-21 00:00:00-04:00,-0.020392671565251475,0.011728042009964445,0.012190437200036057,0.03260869565217391
2012-06-22 00:00:00-04:00,0.008223174900823929,0.011450762883390468,0.008291387182151997,0.8913043478260869
2012-06-25 00:00:00-04:00,-0.017005218637321715,0.011429420279444422,0.011827697928387238,0.03260869565217391
2012-06-26 00:00:00-04:00,0.0037659384751563903,0.011420916494022285,0.008483580940086777,0.7065217391304348
2012-06-27 00:00:00-04:00,0.008241497067023661,0.011416694550125358,0.009329979721778438,0.8260869565217391
2012-06-28 00:00:00-04:00,-0.002954663458963902,0.011319140598976951,0.009809669009952228,0.43478260869565216
2012-06-29 00:00:00-04:00,0.024925284657528513,0.011807464124623334,0.021568363096693122,0.9347826086956522
2012-07-02 00:00:00-04:00,0.0021072573799100023,0.011648581712083906,0.012559486805556762,0.6086956521739131
2012-07-03 00:00:00-04:00,0.006170464072353653,0.011669362204466115,0.013407093365332658,0.7717391304347826
2012-07-05 00:00:00-04:00,-0.00424652117097238,0.011884453176490176,0.017627847487378032,0.25
2012-07-06 00:00:00-04:00,-0.009441398614890907,0.011761296905676991,0.010540688341461808,0.17391304347826086
2012-07-09 00:00:00-04:00,-0.002619992297540693,0.011698592003759403,0.010678769112631659,0.4673913043478261
2012-07-10 00:00:00-04:00,-0.007460224135229088,0.01198702201816391,0.01600440281037047,0.25
2012-07-11 00:00:00-04:00,-0.0005895409192211563,0.01192280573118922,0.00976929179973153,0.43478260869565216
2012-07-12 00:00:00-04:00,-0.0056281928021751975,0.01209603084879839,0.013704768523384868,0.2391304347826087
2012-07-13 00:00:00-04:00,0.017201951468863115,0.012080468702822764,0.010439849286516808,0.9782608695652174
2012-07-16 00:00:00-04:00,-0.0024563932284639672,0.011994092619529764,0.009376570852345946,0.32608695652173914
2012-07-17 00:00:00-04:00,0.0070627604719378165,0.011935727881321105,0.00952840792309907,0.8260869565217391
2012-07-18 00:00:00-04:00,0.006646934012132501,0.012205715228083527,0.01713827041945856,0.6956521739130435
2012-07-19 00:00:00-04:00,0.0012696608610620402,0.01244950459044872,0.01832525419768639,0.532608695652174
2012-07-20 00:00:00-04:00,-0.012636179080128016,0.012816148037599364,0.0185372927855462,0.17391304347826086
2012-07-23 00:00:00-04:00,-0.010207181863301173,0.012715325212840472,0.010073157880099357,0.11956521739130435
2012-07-24 00:00:00-04:00,-0.008176212937954874,0.012934451200877526,0.012893032930930129,0.17391304347826086
2012-07-25 00:00:00-04:00,-0.0022195116377022378,0.014018384550027928,0.03459029826054573,0.5217391304347826
2012-07-26 00:00:00-04:00,0.01870347110817355,0.015211579781973617,0.03354068081094617,0.9239130434782609
2012-07-27 00:00:00-04:00,0.01992547352272802,0.015715592317681288,0.01991424297163949,0.9891304347826086
2012-07-30 00:00:00-04:00,-0.002179371582249445,0.015682569266563876,0.00911618493648659,0.41304347826086957
2012-07-31 00:00:00-04:00,-0.0051621289879862,0.015242464247561035,0.012326157697633514,0.25
2012-08-01 00:00:00-04:00,-0.005126697129111351,0.015110150244446516,0.0097808927401518,0.25
2012-08-02 00:00:00-04:00,-0.007229457077252288,0.015217177408765431,0.015654663816029937,0.18478260869565216
2012-08-03 00:00:00-04:00,0.019764365630573738,0.01500024463085161,0.013072259151187782,0.9565217391304348
2012-08-06 00:00:00-04:00,0.0020977406076457404,0.015043818170527377,0.011455732674652915,0.5
2012-08-07 00:00:00-04:00,0.004641426768887056,0.015181273861780979,0.013565338628957245,0.5869565217391305
2012-08-08 00:00:00-04:00,0.0003025071854087288,0.015522681826309235,0.023173970065463845,0.5869565217391305
2012-08-09 00:00:00-04:00,-7.296166482075077e-05,0.015464809508613413,0.008553973128119322,0.44565217391304346
2012-08-10 00:00:00-04:00,0.002588651576929186,0.015161939283861553,0.0073444938035957955,0.6413043478260869
2012-08-13 00:00:00-04:00,-0.00026256161429370257,0.01506836671824187,0.008474825408503488,0.358695652173913
2012-08-14 00:00:00-04:00,0.0008576772275091419,0.015062167892828174,0.00924639551865829,0.4891304347826087
2012-08-15 00:00:00-04:00,0.004412073892792377,0.01511899569459366,0.01072179176017436,0.5978260869565217
2012-08-16 00:00:00-04:00,0.006337748934162202,0.014943701275429665,0.013457087617014645,0.7717391304347826
2012-08-17 00:00:00-04:00,0.001606134081167321,0.01448872548950474,0.008770762693262912,0.5760869565217391
2012-08-20 00:00:00-04:00,-0.0006672547349833663,0.014082804910949768,0.010012960635891795,0.31521739130434784
2012-08-21 00:00:00-04:00,-0.002292906957823247,0.014013668873149306,0.008621301086289682,0.358695652173913
2012-08-22 00:00:00-04:00,-0.0014220184358118796,0.013834090198221093,0.00912188075743764,0.44565217391304346
2012-08-23 00:00:00-04:00,-0.007757735244625743,0.012560443390672475,0.007843715302024781,0.08695652173913043
2012-08-24 00:00:00-04:00,0.007117026392131526,0.011370751374968771,0.008557148481168375,0.8695652173913043
2012-08-27 00:00:00-04:00,-0.0016406698514097242,0.010754623438221993,0.006975556299957131,0.42391304347826086
2012-08-28 00:00:00-04:00,-0.0006161524529164914,0.01064866646976532,0.0068910885988964525,0.42391304347826086
2012-08-29 00:00:00-04:00,0.0019530909610345859,0.010385219611684194,0.0067937736779298714,0.5543478260869565
2012-08-30 00:00:00-04:00,-0.007002620353929562,0.010277814334120691,0.007525381911318226,0.14130434782608695
2012-08-31 00:00:00-04:00,0.004472052963082387,0.009841656962308085,0.0064953590079652205,0.7934782608695652
2012-09-04 00:00:00-04:00,-0.0027782520958260057,0.009829559670309213,0.01281821601921149,0.41304347826086957
2012-09-05 00:00:00-04:00,-0.001341693973963988,0.00978328498383912,0.010483964258780933,0.43478260869565216
2012-09-06 00:00:00-04:00,0.020703545940872977,0.009667757888847914,0.011139269634141916,0.9782608695652174
2012-09-07 00:00:00-04:00,0.000988619975215161,0.00932910636988763,0.01606228816729789,0.5108695652173914
2012-09-10 00:00:00-04:00,-0.006554932459790617,0.009424266563790406,0.010552337200077654,0.2717391304347826
2012-09-11 00:00:00-04:00,0.003995286547071938,0.009706225880788876,0.013265639460563668,0.5978260869565217
2012-09-12 00:00:00-04:00,0.0024377899117715386,0.009741235972614117,0.009210037336833518,0.6195652173913043
2012-09-13 00:00:00-04:00,0.016130761282542462,0.009741949376154939,0.009261376993015555,0.9782608695652174
2012-09-14 00:00:00-04:00,0.002338549462028537,0.009892135889505585,0.013875708540537934,0.5978260869565217
2012-09-17 00:00:00-04:00,-0.002580784531298815,0.009879803797156132,0.013198113677676135,0.391304347826087
2012-09-18 00:00:00-04:00,-0.0022947621092341995,0.010107914672288977,0.01356109107105266,0.41304347826086957
2012-09-19 00:00:00-04:00,0.002567782163051849,0.010059763570097491,0.009001787489870584,0.5760869565217391
2012-09-20 00:00:00-04:00,-0.0010779756429463911,0.010228938568366003,0.012173976049928417,0.5
2012-09-21 00:00:00-04:00,0.00027350061873387293,0.010262918295308223,0.0098354550232243,0.4891304347826087
2012-09-24 00:00:00-04:00,-0.0010306974089775054,0.01035480051961628,0.009773242012493952,0.43478260869565216
2012-09-25 00:00:00-04:00,-0.011037271469161785,0.010545201091078331,0.012555560481871453,0.15217391304347827
2012-09-26 00:00:00-04:00,-0.004363315552995658,0.010635322072151086,0.008868096902484982,0.30434782608695654
2012-09-27 00:00:00-04:00,0.0092031821889841,0.010814803861250352,0.010660206169981009,0.8152173913043478
2012-09-28 00:00:00-04:00,-0.003984827730827599,0.011001627257738563,0.010717065004182345,0.22826086956521738
2012-10-01 00:00:00-04:00,0.0038341647384958722,0.011110268195119245,0.009806841596312533,0.7065217391304348
2012-10-02 00:00:00-04:00,0.0020442914402913114,0.011681188528464738,0.01848468600822055,0.4782608695652174
2012-10-03 00:00:00-04:00,0.005286267059669938,0.011960602916296978,0.01868591816368853,0.782608695652174
2012-10-04 00:00:00-04:00,0.009892611830136556,0.012008551182017229,0.011490877838906238,0.8478260869565217
2012-10-05 00:00:00-04:00,0.0007261498140563377,0.011873844278754344,0.008310424665621331,0.532608695652174
2012-10-08 00:00:00-04:00,-0.0015211653951505088,0.011764186756247099,0.01375948019464573,0.358695652173913
2012-10-09 00:00:00-04:00,-0.010775812858217269,0.011943573968223542,0.014319468651582923,0.10869565217391304
2012-10-10 00:00:00-04:00,-0.006440987283215824,0.011896052850315121,0.012267695984486834,0.2391304347826087
2012-10-11 00:00:00-04:00,0.0007024894320267703,0.011959259276114168,0.010537372278613542,0.532608695652174
2012-10-12 00:00:00-04:00,-0.004415862287380387,0.012406885309111906,0.018661523685968052,0.3804347826086957
2012-10-15 00:00:00-04:00,0.008518864992873642,0.012391021637270062,0.013542571431859203,0.8043478260869565
2012-10-16 00:00:00-04:00,0.009069106504736621,0.01230347969251539,0.011359732837828025,0.7934782608695652
2012-10-17 00:00:00-04:00,0.005524876404627586,0.012378469104316432,0.015135868718874531,0.7282608695652174
2012-10-18 00:00:00-04:00,-0.005034331393387423,0.012832033659007178,0.01852664313837625,0.5
2012-10-19 00:00:00-04:00,-0.018001846725117992,0.013321854521503322,0.022460214162347423,0.05434782608695652
2012-10-22 00:00:00-04:00,-0.0005889020671381931,0.013366342385681806,0.010769700170972452,0.3695652173913043
2012-10-23 00:00:00-04:00,-0.010982823344257457,0.013465420163331767,0.011853875343143189,0.17391304347826086
2012-10-24 00:00:00-04:00,-0.0029301488076405283,0.013709414475553749,0.01767944103853306,0.3695652173913043
2012-10-25 00:00:00-04:00,0.0028345358259880306,0.013797103075586596,0.01070955750317477,0.6413043478260869
2012-10-26 00:00:00-04:00,0.001464879924800792,0.014145344859134969,0.017973283624496836,0.41304347826086957
2012-10-31 00:00:00-04:00,0.0037651202437997,0.014576449793085108,0.019770268617135264,0.5978260869565217
2012-11-01 00:00:00-04:00,0.011228431855049934,0.014872664937872124,0.0160273596368399,0.8369565217391305
2012-11-02 00:00:00-04:00,-0.005945660231223505,0.014823262356721897,0.017447231804065752,0.20652173913043478
2012-11-05 00:00:00-05:00,0.0013001889072862861,0.014406989795551708,0.009944194379114594,0.532608695652174
2012-11-06 00:00:00-05:00,0.0074129908957756814,0.014289515725550306,0.009023922368876797,0.7934782608695652
2012-11-07 00:00:00-05:00,-0.02368019854240502,0.014709627608273747,0.01713277420281354,0.043478260869565216
2012-11-08 00:00:00-05:00,-0.01038975420788972,0.0145791078388087,0.01101856503587976,0.08695652173913043
2012-11-09 00:00:00-05:00,0.0010646555685961605,0.014470667952252587,0.0120422310339046,0.5543478260869565
2012-11-12 00:00:00-05:00,0.001429164739084915,0.014619484003725433,0.015392833065416552,0.5217391304347826
2012-11-13 00:00:00-05:00,-0.003301353163205074,0.014623797947286006,0.010627965093385573,0.2608695652173913
2012-11-14 00:00:00-05:00,-0.015617315753901758,0.014344959870339109,0.012805924070083187,0.043478260869565216
2012-11-15 00:00:00-05:00,-0.0015077890444905033,0.01423829728013352,0.011302657037541868,0.4673913043478261
2012-11-16 00:00:00-05:00,0.0052196445927040315,0.014162728954390308,0.009772797997220585,0.717391304347826
2012-11-19 00:00:00-05:00,0.01790590790515006,0.01400892502556976,0.011905986213643017,0.9782608695652174
2012-11-20 00:00:00-05:00,0.0015293890474234355,0.013599191538639751,0.009922239912846088,0.6195652173913043
2012-11-21 00:00:00-05:00,0.0034829266265425465,0.013036121852043777,0.01063575074383197,0.6521739130434783
2012-11-23 00:00:00-05:00,0.011753884238787274,0.012852077294179143,0.006904764455815129,0.9565217391304348
2012-11-26 00:00:00-05:00,-0.002164945245420393,0.01277742852685119,0.01028625122925612,0.32608695652173914
2012-11-27 00:00:00-05:00,-0.004442473942339541,0.0123066917214313,0.007793968124715409,0.25
2012-11-28 00:00:00-05:00,0.009398945575748243,0.012262076431029448,0.009772636404735824,0.9130434782608695
2012-11-29 00:00:00-05:00,0.005101195355381843,0.011877157989790324,0.009889996358475267,0.7391304347826086
2012-11-30 00:00:00-05:00,0.002058901418712375,0.011514064082165201,0.012145296557007714,0.5543478260869565
2012-12-03 00:00:00-05:00,-0.004716541019413683,0.011353715769289072,0.012660045066441195,0.2391304347826087
2012-12-04 00:00:00-05:00,-0.0011675638456970468,0.011401924638892055,0.01845961806572835,0.3804347826086957
2012-12-05 00:00:00-05:00,0.004094173562029513,0.011605724077978052,0.014223982599920543,0.6847826086956522
2012-12-06 00:00:00-05:00,0.0034868783260786984,0.011634897172521273,0.009636557354284448,0.6304347826086957
2012-12-07 00:00:00-05:00,0.0035546159742387328,0.011240725922809029,0.008855177958856415,0.6847826086956522
2012-12-10 00:00:00-05:00,0.00012114973082211492,0.011231219084687343,0.010818921435324346,0.5217391304347826
2012-12-11 00:00:00-05:00,0.007187180184604661,0.011217598609196574,0.011756201048598452,0.7934782608695652
2012-12-12 00:00:00-05:00,0.000512035795763387,0.01097857096888388,0.010373252618849952,0.5
2012-12-13 00:00:00-05:00,-0.004584938856457075,0.010911321244454786,0.009215720880374634,0.31521739130434784
2012-12-14 00:00:00-05:00,-0.003783149964176047,0.010950931816204743,0.01363774607683225,0.29347826086956524
2012-12-17 00:00:00-05:00,0.012417403592050047,0.010926421644859413,0.010787943439289982,0.8913043478260869
2012-12-18 00:00:00-05:00,0.011284359540840254,0.01097056899410164,0.010699892331307328,0.8586956521739131
2012-12-19 00:00:00-05:00,-0.006422443893125318,0.010847260660703257,0.009316511212276973,0.15217391304347827
2012-12-20 00:00:00-05:00,0.004322114083864108,0.010900322697566479,0.011036542686973759,0.75
2012-12-21 00:00:00-05:00,-0.007788194516177737,0.011040457895922728,0.013578589909313208,0.11956521739130435
2012-12-24 00:00:00-05:00,-0.0025984478522454056,0.011101966843904474,0.008196452363431783,0.2608695652173913
2012-12-26 00:00:00-05:00,-0.004793620795118942,0.011024845648356128,0.00866670612274084,0.20652173913043478
2012-12-27 00:00:00-05:00,-0.0013757180088234144,0.010903459145419842,0.005244851563053413,0.30434782608695654
2012-12-28 00:00:00-05:00,-0.010555725822236215,0.010711079834576556,0.005732670877026804,0.010869565217391304
2012-12-31 00:00:00-05:00,0.015006957528195624,0.010598888356052355,0.007533975309467058,1.0
2013-01-02 00:00:00-05:00,0.025807175073859052,0.010660019027491344,0.01342904065722648,0.967391304347826
2013-01-03 00:00:00-05:00,-0.00026906150874572466,0.01061473414893683,0.01170906261679644,0.4782608695652174
2013-01-04 00:00:00-05:00,0.006719060806792831,0.010276389153549092,0.01135437316258582,0.782608695652174
2013-01-07 00:00:00-05:00,-0.001647320692366831,0.01011542896060438,0.010843818548081596,0.358695652173913
2013-01-08 00:00:00-05:00,-0.0038080637394760563,0.010038826304400722,0.008027901574007642,0.3804347826086957
2013-01-09 00:00:00-05:00,0.0037769021646780194,0.010177017775489853,0.011757198851728146,0.6521739130434783
2013-01-10 00:00:00-05:00,0.007938978507632833,0.010102312332459324,0.009250107131683243,0.8260869565217391
2013-01-11 00:00:00-05:00,0.00028203223084966944,0.009962427416290606,0.00881861780905535,0.4782608695652174
2013-01-14 00:00:00-05:00,-0.00010987342615905399,0.0099019327002913,0.009102863582864558,0.4673913043478261
2013-01-15 00:00:00-05:00,0.0012911278928244383,0.009872418670052924,0.008595926245368708,0.5978260869565217
2013-01-16 00:00:00-05:00,-0.001795419196181562,0.009784491812008606,0.011791282057901586,0.358695652173913
2013-01-17 00:00:00-05:00,0.005221905623846326,0.009792084549338232,0.010947390923212142,0.7391304347826086
2013-01-18 00:00:00-05:00,0.0008003217715478333,0.010208155153475375,0.019437375018187316,0.6413043478260869
2013-01-22 00:00:00-05:00,0.0032380199675459825,0.010191839852182295,0.00897388988512229,0.6521739130434783
2013-01-23 00:00:00-05:00,0.0030338140844680173,0.010508375733314267,0.01768379619074518,0.4891304347826087
2013-01-24 00:00:00-05:00,0.007307058341113139,0.011773897450742803,0.04015454597531247,0.717391304347826
2013-01-25 00:00:00-05:00,0.007135038228287196,0.012271542427135861,0.018646996867686005,0.7391304347826086
2013-01-28 00:00:00-05:00,-0.0025632875587719766,0.012389133486213249,0.01113611836336596,0.391304347826087
2013-01-29 00:00:00-05:00,0.002951805071616361,0.01278598901308388,0.013578817627336747,0.6630434782608695
2013-01-30 00:00:00-05:00,-0.003381491195317944,0.012985243825725648,0.009917021942503849,0.30434782608695654
2013-01-31 00:00:00-05:00,-0.0030904609928485687,0.013200543981870974,0.012055278588518948,0.40217391304347827
2013-02-01 00:00:00-05:00,0.010512936707755587,0.013067935426133274,0.01064426098673472,0.8586956521739131
2013-02-04 00:00:00-05:00,-0.01085329250761123,0.013022990487926402,0.010765218914452158,0.05434782608695652
2013-02-05 00:00:00-05:00,0.010679239105559119,0.012945022107061702,0.009717037164427133,0.8913043478260869
2013-02-06 00:00:00-05:00,0.0009166681076733022,0.012855876372044373,0.008971758112717684,0.5652173913043478
2013-02-07 00:00:00-05:00,-0.001539192286532746,0.012925108670069933,0.009481779832544387,0.32608695652173914
2013-02-08 00:00:00-05:00,0.004520100744262446,0.012720115896070553,0.0074523505977411985,0.7608695652173914
2013-02-11 00:00:00-05:00,-0.0002634039832623166,0.012659916788379218,0.00798592587016516,0.4673913043478261
2013-02-12 00:00:00-05:00,0.002133466032871931,0.012706478978337493,0.009796423798179124,0.5978260869565217
2013-02-13 00:00:00-05:00,0.0009743746200239897,0.012763884862714478,0.010308387154781247,0.532608695652174
2013-02-14 00:00:00-05:00,0.0005503658076417759,0.012768930498194542,0.008701884590450041,0.5543478260869565
2013-02-15 00:00:00-05:00,-0.000553900980938385,0.012675771354025745,0.009834940030356868,0.4782608695652174
2013-02-19 00:00:00-05:00,0.007372033951368406,0.012663096518518688,0.010681219377564012,0.7608695652173914
2013-02-20 00:00:00-05:00,-0.012091144287941603,0.012301695217618248,0.011847947699278024,0.16304347826086957
2013-02-21 00:00:00-05:00,-0.005857472996230869,0.0124040777885379,0.01112392387443496,0.25
2013-02-22 00:00:00-05:00,0.007738081253233614,0.012051488946538387,0.010279430508755434,0.8586956521739131
2013-02-25 00:00:00-05:00,-0.017460074683338954,0.010750794709125263,0.01283996698963685,0.05434782608695652
2013-02-26 00:00:00-05:00,0.005876338732737759,0.010328779546903713,0.009784678461033465,0.7391304347826086
2013-02-27 00:00:00-05:00,0.013492495105554766,0.010219551653343277,0.008842332598596821,0.9565217391304348
2013-02-28 00:00:00-05:00,-0.0016515985665134362,0.009916706874045434,0.007219077262082036,0.3804347826086957
2013-03-01 00:00:00-05:00,0.0029911091364163735,0.009949422162354917,0.010604042997002985,0.6304347826086957
2013-03-04 00:00:00-05:00,0.006223582471659372,0.009945225626500834,0.011967151335583213,0.75
2013-03-05 00:00:00-05:00,0.01001249844565301,0.009790978525593824,0.007405071867687513,0.9239130434782609
2013-03-06 00:00:00-05:00,0.0021370108793866503,0.009671610294683846,0.008258486065342602,0.6195652173913043
2013-03-07 00:00:00-05:00,0.002432784157611848,0.009648313844203654,0.009227811704343124,0.5978260869565217
2013-03-08 00:00:00-05:00,0.004666273033147572,0.009686347388354432,0.009770462539883997,0.75
2013-03-11 00:00:00-04:00,0.002925133527077799,0.00962048309593755,0.008098629691789877,0.6956521739130435
2013-03-12 00:00:00-04:00,-0.0033930046092871284,0.009705667968026443,0.009241232911607973,0.31521739130434784
2013-03-13 00:00:00-04:00,0.0026905487694859295,0.00974979328395215,0.008912557504604955,0.5978260869565217
2013-03-14 00:00:00-04:00,0.0028594485285574588,0.009695671481293017,0.008659865942337362,0.6847826086956522
2013-03-15 00:00:00-04:00,-0.0023108384261960884,0.009770699607072145,0.011883977796142906,0.3804347826086957
2013-03-18 00:00:00-04:00,-0.0065355556459627375,0.00976114037335432,0.008501140682375724,0.16304347826086957
2013-03-19 00:00:00-04:00,-0.001925632456719633,0.009706913078288951,0.008696166833984133,0.4673913043478261
2013-03-20 00:00:00-04:00,0.006435394239034796,0.009766636223306905,0.011935405422941072,0.8260869565217391
2013-03-21 00:00:00-04:00,-0.009407730819853322,0.009851258336297405,0.01362501207207851,0.15217391304347827
2013-03-22 00:00:00-04:00,0.008078058259578635,0.009986726696367567,0.013968759435908392,0.8260869565217391
2013-03-25 00:00:00-04:00,-0.003331859175479418,0.009848455167817776,0.007375728409209779,0.32608695652173914
2013-03-26 00:00:00-04:00,0.00911298031517788,0.009670677201385678,0.009106629694562779,0.8369565217391305
2013-03-27 00:00:00-04:00,-4.611236749856432e-05,0.009632055869080468,0.008973630482624081,0.43478260869565216
2013-03-28 00:00:00-04:00,0.004667288076605756,0.009640623016358593,0.009022242691437426,0.7391304347826086
2013-04-01 00:00:00-04:00,-0.005929230051852283,0.009856081915804824,0.01174371415045286,0.25
2013-04-02 00:00:00-04:00,0.006985221894010325,0.00991419744086066,0.011824469023175584,0.75
2013-04-03 00:00:00-04:00,-0.010805188680985869,0.009866197622823366,0.010959155156800007,0.13043478260869565
2013-04-04 00:00:00-04:00,0.004072962271893875,0.009881721883263344,0.0077310813369270886,0.7282608695652174
2013-04-05 00:00:00-04:00,-0.004710247473191435,0.009947520923360912,0.00964026590739151,0.2608695652173913
2013-04-08 00:00:00-04:00,0.00830596517014879,0.01021010050472025,0.014741982912889204,0.8043478260869565
2013-04-09 00:00:00-04:00,0.0033554595591630035,0.010202338643808304,0.009607463460733132,0.6086956521739131
2013-04-10 00:00:00-04:00,0.01296641784842466,0.010291693393728242,0.009975079440108605,0.9239130434782609
2013-04-11 00:00:00-04:00,0.0033544777316863463,0.010443748918720706,0.01243439893644971,0.6956521739130435
2013-04-12 00:00:00-04:00,-0.0013501914816024332,0.010458551061745612,0.009223402508127995,0.3695652173913043
2013-04-15 00:00:00-04:00,-0.02104450403029249,0.010558654799332651,0.010762044431665162,0.021739130434782608
2013-04-16 00:00:00-04:00,0.013398649519531226,0.010510901794807346,0.010881164701111534,0.9239130434782609
2013-04-17 00:00:00-04:00,-0.01307349049640531,0.010733693321052335,0.013179762733520452,0.10869565217391304
2013-04-18 00:00:00-04:00,-0.008109925373290538,0.011045609792547142,0.015246412735375067,0.1956521739130435
2013-04-19 00:00:00-04:00,0.010849784606066327,0.011335043574983513,0.018013514854104875,0.8152173913043478
2013-04-22 00:00:00-04:00,0.0035071135011315556,0.01121824096624788,0.011172157288630193,0.6195652173913043
2013-04-23 00:00:00-04:00,0.014141399081549884,0.011712922714066012,0.024357076140089196,0.8804347826086957
2013-04-24 00:00:00-04:00,0.00014619018281833364,0.012293651037388413,0.019571023198980225,0.5543478260869565
2013-04-25 00:00:00-04:00,0.004670468527420855,0.01246174139042056,0.012636527108237884,0.7391304347826086
2013-04-26 00:00:00-04:00,-0.002359654616616533,0.012564867079387601,0.011139269950931908,0.3695652173913043
2013-04-29 00:00:00-04:00,0.005786295383382048,0.012601147708401737,0.009784135900734287,0.7282608695652174
2013-04-30 00:00:00-04:00,0.0017990981246567438,0.01256990586038976,0.01108763534220136,0.5434782608695652
2013-05-01 00:00:00-04:00,-0.008805197779584025,0.01318766589213961,0.024797429689922414,0.18478260869565216
2013-05-02 00:00:00-04:00,0.010629827934858295,0.013286461404024447,0.013033860906381568,0.8478260869565217
2013-05-03 00:00:00-04:00,0.010791596391479252,0.01358797773693797,0.01406292432811109,0.8260869565217391
2013-05-06 00:00:00-04:00,0.0013924287373337132,0.013737637313204824,0.012783117008995409,0.5217391304347826
2013-05-07 00:00:00-04:00,0.0032382467039121445,0.013521699305784129,0.010207284757054624,0.6630434782608695
2013-05-08 00:00:00-04:00,0.005518959300420562,0.01368067760444034,0.012946007732513563,0.6739130434782609
2013-05-09 00:00:00-04:00,-0.002537129141239308,0.013660851483348831,0.00955873089718697,0.31521739130434784
2013-05-10 00:00:00-04:00,0.005948698978818507,0.01349808533973634,0.00901630992058734,0.8260869565217391
2013-05-13 00:00:00-04:00,0.0014500077958524526,0.013614857801713879,0.011675624209656371,0.5217391304347826
2013-05-14 00:00:00-04:00,0.011804855824404263,0.013602416307067409,0.010500773044089225,0.9021739130434783
2013-05-15 00:00:00-04:00,0.0089577086269925,0.013606331902988772,0.010963392215460197,0.8478260869565217
2013-05-16 00:00:00-04:00,-0.007213539913271181,0.013977739877521742,0.02097933019871282,0.16304347826086957
2013-05-17 00:00:00-04:00,0.011476402237408138,0.013767388431173597,0.010829032362064036,0.8804347826086957
2013-05-20 00:00:00-04:00,-0.0011476195795112722,0.013424208823391782,0.01080674309068672,0.358695652173913
2013-05-21 00:00:00-04:00,0.0026064550107690898,0.013392864468157985,0.010513925828720459,0.6304347826086957
2013-05-22 00:00:00-04:00,-0.009223723866488577,0.012859902102035187,0.013164866451510444,0.14130434782608695
2013-05-23 00:00:00-04:00,-0.0037677530392124176,0.012302208639732661,0.00785946049062719,0.2608695652173913
2013-05-24 00:00:00-04:00,0.00026762353898129995,0.012169052623978811,0.009840250777407016,0.5108695652173914
2013-05-28 00:00:00-04:00,0.004894533957521107,0.012378203183292847,0.015531431696526687,0.7391304347826086
2013-05-29 00:00:00-04:00,-0.006824068747340221,0.012456424002096915,0.011426773095619732,0.2608695652173913
2013-05-30 00:00:00-04:00,0.005623455760855883,0.012593436045427628,0.013964888252146332,0.6847826086956522
2013-05-31 00:00:00-04:00,-0.01246941179246982,0.011882155771501687,0.009860543937477657,0.07608695652173914
2013-06-03 00:00:00-04:00,0.005782335561486221,0.011818357801258294,0.011694103531270294,0.75
2013-06-04 00:00:00-04:00,-0.004769798328051679,0.01175248571758227,0.012679610570914589,0.2608695652173913
2013-06-05 00:00:00-04:00,-0.014402827579993152,0.011570240282385777,0.008955962869869034,0.05434782608695652
2013-06-06 00:00:00-04:00,0.007974814360535994,0.011597543092680143,0.01078064377323635,0.8043478260869565
2013-06-07 00:00:00-04:00,0.014241195735681937,0.011595811744245678,0.012909649415389766,0.9021739130434783
2013-06-10 00:00:00-04:00,0.0005025357511292734,0.011597626482854607,0.00959684040797449,0.4673913043478261
2013-06-11 00:00:00-04:00,-0.01071361475417054,0.011632172348342731,0.009741773095837954,0.09782608695652174
2013-06-12 00:00:00-04:00,-0.0085287687921688,0.011413540985889864,0.007084365598146146,0.07608695652173914
2013-06-13 00:00:00-04:00,0.014415124630498925,0.011313667924387292,0.008403438752535198,0.967391304347826
2013-06-14 00:00:00-04:00,-0.005124389849791648,0.011177557067398113,0.008105064218687438,0.2391304347826087
2013-06-17 00:00:00-04:00,0.008871305365778136,0.010673232675017472,0.010388517958719387,0.8913043478260869
2013-06-18 00:00:00-04:00,0.007624028111548186,0.010463678998586237,0.006428405157008074,0.8913043478260869
2013-06-19 00:00:00-04:00,-0.012221930112319443,0.010541994509583054,0.012451368821619895,0.08695652173913043
2013-06-20 00:00:00-04:00,-0.02495534520811966,0.010643163850872047,0.012638481995789335,0.021739130434782608
2013-06-21 00:00:00-04:00,0.0032741360271125453,0.01077516779787088,0.015936949338485877,0.6086956521739131
2013-06-24 00:00:00-04:00,-0.011463842609404999,0.010929180159062397,0.011093720075649072,0.14130434782608695
2013-06-25 00:00:00-04:00,0.009746370321538246,0.010937371397092546,0.010012266776040168,0.8478260869565217
2013-06-26 00:00:00-04:00,0.010615162811189021,0.010631173018130026,0.00910126573831374,0.8586956521739131
2013-06-27 00:00:00-04:00,0.0060448613667277275,0.01051366948340043,0.00895919886629825,0.75
2013-06-28 00:00:00-04:00,-0.005924061775957087,0.010567817897581664,0.01510200494995225,0.30434782608695654
2013-07-01 00:00:00-04:00,0.004717553415989825,0.010708778930769929,0.012820725634431198,0.7282608695652174
2013-07-02 00:00:00-04:00,-0.0010292203436749732,0.01066177269753115,0.010706972633255958,0.44565217391304346
2013-07-03 00:00:00-04:00,0.0007290750939077859,0.010419012831471095,0.0075816533836534465,0.5869565217391305
2013-07-05 00:00:00-04:00,0.010795997892401649,0.010405212042869191,0.008666146309229015,0.8804347826086957
2013-07-08 00:00:00-04:00,0.005474082064226957,0.010446693697000633,0.011651758509996604,0.7608695652173914
2013-07-09 00:00:00-04:00,0.008803843890643865,0.010351687886015381,0.010914527384699514,0.8804347826086957
2013-07-10 00:00:00-04:00,0.000734180108323034,0.010372211713133347,0.010027840777451768,0.44565217391304346
2013-07-11 00:00:00-04:00,0.014482973877236257,0.010556558460130785,0.01361305478278413,0.9565217391304348
2013-07-12 00:00:00-04:00,0.0026982155852037933,0.010867045654544601,0.01360459668083634,0.6195652173913043
2013-07-15 00:00:00-04:00,0.0015272333761444593,0.010946587008832123,0.010073807192573139,0.5
2013-07-16 00:00:00-04:00,-0.00408858047372016,0.010996875898637397,0.009161130904598174,0.30434782608695654
2013-07-17 00:00:00-04:00,0.0028641112379287764,0.010928982654613827,0.008962759834224435,0.6521739130434783
2013-07-18 00:00:00-04:00,0.004597943218071734,0.011391140282925974,0.01613371535156314,0.6739130434782609
2013-07-19 00:00:00-04:00,0.00046555244335642687,0.011879559552454918,0.02270817348172774,0.6086956521739131
2013-07-22 00:00:00-04:00,0.002061117626949819,0.011710425015942359,0.009086656729025545,0.5652173913043478
2013-07-23 00:00:00-04:00,-0.001233457575202403,0.011554822994122745,0.012669306880274032,0.4673913043478261
2013-07-24 00:00:00-04:00,-0.003963579795051545,0.011563996010881896,0.011286353427591225,0.20652173913043478
2013-07-25 00:00:00-04:00,0.002396628296311968,0.0116434534579413,0.011680873164287661,0.5978260869565217
2013-07-26 00:00:00-04:00,0.0017284506068367023,0.0117205117906848,0.010719490725927261,0.5
2013-07-29 00:00:00-04:00,-0.003725040670206703,0.01160498875063092,0.006533215025166744,0.22826086956521738
2013-07-30 00:00:00-04:00,0.0010395997055972033,0.0112743221983818,0.008158007352720707,0.532608695652174
2013-07-31 00:00:00-04:00,-0.0018963412511396078,0.011292122226378135,0.013194526222354232,0.42391304347826086
2013-08-01 00:00:00-04:00,0.013740282199138502,0.011340140165418984,0.011715349353113826,0.9239130434782609
2013-08-02 00:00:00-04:00,0.001916448343650082,0.011377578820870092,0.008367865148126683,0.5217391304347826
2013-08-05 00:00:00-04:00,-0.0009661604686082064,0.011304860942597255,0.007139070865499448,0.3695652173913043
2013-08-06 00:00:00-04:00,-0.005918137642285699,0.011165184375796689,0.008718550607184716,0.21739130434782608
2013-08-07 00:00:00-04:00,-0.003403674564087819,0.011144533648082905,0.010480862102710053,0.25
2013-08-08 00:00:00-04:00,0.003334247259072179,0.01116604482949576,0.010479575587121735,0.5434782608695652
2013-08-09 00:00:00-04:00,-0.0033789161093971073,0.01088687329145685,0.00775045248396701,0.20652173913043478
2013-08-12 00:00:00-04:00,-0.0018565748520015903,0.010629330828487736,0.008196204958484958,0.3695652173913043
2013-08-13 00:00:00-04:00,0.00274870077670208,0.010573120832596998,0.008893397278867647,0.5978260869565217
2013-08-14 00:00:00-04:00,-0.006173930366345988,0.01063618846456937,0.010485551176017977,0.18478260869565216
2013-08-15 00:00:00-04:00,-0.015042251704963433,0.010711388083933692,0.010541951840875207,0.05434782608695652
2013-08-16 00:00:00-04:00,-0.0025848820264876317,0.010283141004187448,0.007140526676892006,0.391304347826087
2013-08-19 00:00:00-04:00,-0.0050246665632121676,0.009631613678370184,0.009026099639565164,0.2608695652173913
2013-08-20 00:00:00-04:00,0.0034140777545242458,0.009622883511357408,0.008903323221757294,0.6413043478260869
2013-08-21 00:00:00-04:00,-0.005655084627077955,0.009457808593309167,0.009202733601260955,0.18478260869565216
2013-08-22 00:00:00-04:00,0.008074162685306006,0.009311041883851567,0.008204252528981642,0.8913043478260869
2013-08-23 00:00:00-04:00,0.00331841922073295,0.009238780091433604,0.01016337552351042,0.6304347826086957
2013-08-26 00:00:00-04:00,-0.0035088092390857177,0.009274045250700197,0.011460059070525691,0.21739130434782608
2013-08-27 00:00:00-04:00,-0.016387185047458053,0.009526252612185152,0.011829569616350849,0.06521739130434782
2013-08-28 00:00:00-04:00,0.0024229138798438766,0.00957476132173439,0.009176690253254712,0.6413043478260869
2013-08-29 00:00:00-04:00,0.0034656585069236063,0.00931506593505369,0.007740923102059492,0.717391304347826
2013-08-30 00:00:00-04:00,-0.0023114653283235254,0.009438770694362626,0.014313149298601478,0.2826086956521739
2013-09-03 00:00:00-04:00,0.00492662039681995,0.009601256931801434,0.011780076134341653,0.6847826086956522
2013-09-04 00:00:00-04:00,0.00826137900733887,0.009686996173038146,0.008939594931470401,0.8369565217391305
2013-09-05 00:00:00-04:00,0.0016805646375059008,0.009635198712005076,0.007630803925490253,0.5652173913043478
2013-09-06 00:00:00-04:00,-0.00020384141447923705,0.009572810263096462,0.00917070467562914,0.45652173913043476
2013-09-09 00:00:00-04:00,0.009878298061553386,0.009419370109537185,0.007257332362376925,0.9565217391304348
2013-09-10 00:00:00-04:00,0.011318568180388578,0.009577995553073473,0.011081586798229102,0.9130434782608695
2013-09-11 00:00:00-04:00,0.003204790749128374,0.009724346847189078,0.011269582134912639,0.6847826086956522
2013-09-12 00:00:00-04:00,-0.0030385529954220533,0.009677809582735052,0.007916114725333096,0.29347826086956524
2013-09-13 00:00:00-04:00,0.00271025868033255,0.009573343978710888,0.008291773491510541,0.6413043478260869
2013-09-16 00:00:00-04:00,0.006560677296533498,0.009522549833972131,0.009475274801361296,0.8043478260869565
2013-09-17 00:00:00-04:00,0.004628795249674765,0.009542106359970378,0.007551213722855229,0.7391304347826086
2013-09-18 00:00:00-04:00,0.013221935315673162,0.009855432542017359,0.01560594946255175,0.9347826086956522
2013-09-19 00:00:00-04:00,-0.0018063953914066778,0.009868294479290227,0.00917342390448751,0.391304347826087
2013-09-20 00:00:00-04:00,-0.0069087876196572235,0.00996416374053776,0.011215988087459152,0.22826086956521738
2013-09-23 00:00:00-04:00,-0.0066294635674325995,0.010128203267447245,0.011649082594080809,0.20652173913043478
2013-09-24 00:00:00-04:00,-0.002281630433934523,0.010028746061709356,0.008074774203014749,0.3695652173913043
2013-09-25 00:00:00-04:00,-0.0023627103466986182,0.009919672320738206,0.009169510510131543,0.31521739130434784
2013-09-26 00:00:00-04:00,0.003544991286024533,0.009744028141420492,0.008141041850678864,0.7282608695652174
2013-09-27 00:00:00-04:00,-0.0041363265317106695,0.00973745204148302,0.009038592154567805,0.1956521739130435
2013-09-30 00:00:00-04:00,-0.005894100440712746,0.009651347303402977,0.005932723602378621,0.15217391304347827
2013-10-01 00:00:00-04:00,0.007418373868121201,0.009380259446099102,0.008620304295220104,0.8043478260869565
2013-10-02 00:00:00-04:00,-0.0010722305964046153,0.009179384935920545,0.007561711420591923,0.45652173913043476
2013-10-03 00:00:00-04:00,-0.009718487447099517,0.00907527376274346,0.006753260294751629,0.010869565217391304
2013-10-04 00:00:00-04:00,0.005805750959676439,0.009063724034213119,0.007388259626353088,0.7934782608695652
2013-10-07 00:00:00-04:00,-0.008913016941403343,0.009017297746079693,0.008195752624827211,0.10869565217391304
2013-10-08 00:00:00-04:00,-0.011742562321370425,0.009189697735514715,0.010877732140512358,0.09782608695652174
2013-10-09 00:00:00-04:00,0.00024767508977728596,0.009126520270456432,0.009754860032005156,0.5543478260869565
2013-10-10 00:00:00-04:00,0.024166787052760236,0.009076647898385706,0.01022226232142739,1.0
2013-10-11 00:00:00-04:00,0.005804696749860922,0.009054284000206645,0.007446472863572779,0.7717391304347826
2013-10-14 00:00:00-04:00,0.005000155226388861,0.009149179771111982,0.01028458468052266,0.7608695652173914
2013-10-15 00:00:00-04:00,-0.006181459503892677,0.009139236370646096,0.009266463391577672,0.11956521739130435
2013-10-16 00:00:00-04:00,0.014445643919508411,0.009313504239012742,0.011210838958554814,0.9239130434782609
2013-10-17 00:00:00-04:00,0.008026679769363138,0.009319806322101012,0.015738293207405413,0.8260869565217391
2013-10-18 00:00:00-04:00,0.004703016319401022,0.010171055021466958,0.027049646591172382,0.6956521739130435
2013-10-21 00:00:00-04:00,0.0002999042470045017,0.010220564236745952,0.012255681608318048,0.44565217391304346
2013-10-22 00:00:00-04:00,0.003602480777128503,0.010408786242273482,0.01560174471015894,0.717391304347826
2013-10-23 00:00:00-04:00,-0.0044807374334523585,0.010688310497489853,0.013944783562558532,0.30434782608695654
2013-10-24 00:00:00-04:00,0.003969227428047081,0.010682541969010256,0.009048371412059992,0.6413043478260869
2013-10-25 00:00:00-04:00,0.004421399759030612,0.010931632790937115,0.01337194911114289,0.6956521739130435
2013-10-28 00:00:00-04:00,0.0004149580819430283,0.011081782011965158,0.012191725796156716,0.4782608695652174
2013-10-29 00:00:00-04:00,0.006740011286070901,0.011237894088481182,0.009211077209215128,0.8152173913043478
2013-10-30 00:00:00-04:00,-0.004520426652761085,0.011268283166648978,0.009258474936743824,0.18478260869565216
2013-10-31 00:00:00-04:00,-0.004169533416617183,0.01135387971339335,0.009359238902223737,0.34782608695652173
2013-11-01 00:00:00-04:00,0.00382900600787096,0.01161693502638558,0.012277421867588477,0.7065217391304348
2013-11-04 00:00:00-05:00,0.0025559332066350713,0.011688551680228679,0.008892209357058143,0.6413043478260869
2013-11-05 00:00:00-05:00,-0.0013053626328819725,0.011694291408158286,0.008316286911348943,0.3695652173913043
2013-11-06 00:00:00-05:00,0.004858448853692779,0.011723859483681532,0.011498661726500537,0.7391304347826086
2013-11-07 00:00:00-05:00,-0.013848635196090054,0.011742969919472058,0.010156179183606211,0.03260869565217391
2013-11-08 00:00:00-05:00,0.014021393146771966,0.01195715228770269,0.014720092054270677,0.8586956521739131
2013-11-11 00:00:00-05:00,0.0009968019917438089,0.01196613260799599,0.007635059589732061,0.4782608695652174
2013-11-12 00:00:00-05:00,-0.0021605231365500774,0.011931684060902345,0.009561165191556125,0.42391304347826086
2013-11-13 00:00:00-05:00,0.008996961845746868,0.01187144443214316,0.00800143118763476,0.8913043478260869
2013-11-14 00:00:00-05:00,0.0044779459930844165,0.012127153321496957,0.016580725634984587,0.7934782608695652
2013-11-15 00:00:00-05:00,0.004788385480941181,0.01172520235868511,0.007297322988356595,0.717391304347826
2013-11-18 00:00:00-05:00,-0.003113013437507772,0.010817567041441437,0.007989304929055219,0.34782608695652173
2013-11-19 00:00:00-05:00,-0.0028716867512917133,0.010669326630889589,0.009142632986729264,0.34782608695652173
2013-11-20 00:00:00-05:00,-0.004073642885525833,0.010426693325394174,0.010506445294755199,0.2717391304347826
2013-11-21 00:00:00-05:00,0.007511980663859552,0.010286723925939904,0.011005426174018913,0.8260869565217391
2013-11-22 00:00:00-05:00,0.0032680566423442304,0.01037589607268707,0.010920986493750477,0.6521739130434783
2013-11-25 00:00:00-05:00,-0.00010610331580540935,0.010165029889846884,0.008943759271498986,0.4891304347826087
2013-11-26 00:00:00-05:00,0.001317584987993366,0.009983979226909278,0.008389661874466985,0.532608695652174
2013-11-27 00:00:00-05:00,0.0033838875919441824,0.0098552062091852,0.006506843837009497,0.6739130434782609
2013-11-29 00:00:00-05:00,-0.0014630822286878617,0.009707558566957063,0.006157874449952914,0.32608695652173914
2013-12-02 00:00:00-05:00,-0.002918098239060922,0.00964742010345488,0.008096331168677905,0.2826086956521739
2013-12-03 00:00:00-05:00,-0.0044769736841061445,0.009511575213979427,0.009424679188603971,0.30434782608695654
2013-12-04 00:00:00-05:00,-0.0008734309378261132,0.009418563845083513,0.0069389706102439535,0.45652173913043476
2013-12-05 00:00:00-05:00,-0.003259406753230506,0.009579782164886235,0.011701871627206092,0.33695652173913043
2013-12-06 00:00:00-05:00,0.01143072429333721,0.009438135957109748,0.008524091363194305,0.9130434782608695
2013-12-09 00:00:00-05:00,0.0006933268092418331,0.009234624451465124,0.005882437565069126,0.5434782608695652
2013-12-10 00:00:00-05:00,-0.003548166177245457,0.008990396481930112,0.009591304694035427,0.29347826086956524
2013-12-11 00:00:00-05:00,-0.010208322088788661,0.009133964155805483,0.010649980741114845,0.15217391304347827
2013-12-12 00:00:00-05:00,-0.0045557179272485634,0.009084983429562722,0.008532569940458153,0.25
2013-12-13 00:00:00-05:00,0.0025439281295318744,0.009500808251674079,0.016733752451973245,0.44565217391304346
2013-12-16 00:00:00-05:00,0.0051948987786861805,0.009373204898261833,0.013901055213327414,0.8152173913043478
2013-12-17 00:00:00-05:00,-0.0018948216389664528,0.009572112731766193,0.011474387491948195,0.32608695652173914
2013-12-18 00:00:00-05:00,0.018482013076380973,0.009832439267246366,0.013456162174138812,0.9456521739130435
2013-12-19 00:00:00-05:00,5.181402463608542e-05,0.010092689998221719,0.01460789833721169,0.41304347826086957
2013-12-20 00:00:00-05:00,0.00519352678004349,0.01002313244362322,0.009045736648186748,0.7282608695652174
2013-12-23 00:00:00-05:00,0.004800084913286806,0.00987623448637211,0.00792056907174558,0.75
2013-12-24 00:00:00-05:00,0.002487960128388935,0.00956308038258984,0.0043447503143227975,0.7608695652173914
2013-12-26 00:00:00-05:00,0.005117227588131405,0.009403007190609554,0.005582222239912972,0.8478260869565217
2013-12-27 00:00:00-05:00,-4.699176930333613e-05,0.009264663679967648,0.005484448150986954,0.5543478260869565
2013-12-30 00:00:00-05:00,0.0007704866692070486,0.009263606110617684,0.0064846348806602795,0.532608695652174
2013-12-31 00:00:00-05:00,0.004056065657309829,0.009232506989959633,0.005504792916133827,0.7934782608695652
2014-01-02 00:00:00-05:00,-0.007832858287381013,0.00924275270585302,0.008311491202439016,0.10869565217391304
2014-01-03 00:00:00-05:00,0.00048595756775107827,0.009189220266102993,0.008300497953853448,0.5543478260869565
2014-01-06 00:00:00-05:00,-0.001730835292252066,0.009314693747844096,0.009573913726807132,0.3804347826086957
2014-01-07 00:00:00-05:00,0.005459555988889269,0.009299723616842066,0.011387498876163422,0.7282608695652174
2014-01-08 00:00:00-05:00,0.0006748356307740703,0.009319408450225102,0.008937472864238048,0.5
2014-01-09 00:00:00-05:00,0.0007094130461791418,0.009553830568516932,0.010805302049197564,0.532608695652174
2014-01-10 00:00:00-05:00,0.0015043263040802753,0.009495326919990317,0.008362728074976507,0.5543478260869565
2014-01-13 00:00:00-05:00,-0.011852013249290047,0.009554815917756719,0.011899249694209288,0.06521739130434782
2014-01-14 00:00:00-05:00,0.010177750011333675,0.009642669220035796,0.010377489288318777,0.8804347826086957
2014-01-15 00:00:00-05:00,0.007323176638860307,0.00939573004799798,0.011548029839179111,0.717391304347826
2014-01-16 00:00:00-05:00,-0.0009778198335967242,0.009263225488965418,0.011118459473643582,0.41304347826086957
2014-01-17 00:00:00-05:00,-0.004013608966051546,0.00935006892312862,0.013298099609375452,0.25
2014-01-21 00:00:00-05:00,0.0018445465516424926,0.009206550114159705,0.010442267185791616,0.5978260869565217
2014-01-22 00:00:00-05:00,0.00030690338677655254,0.009329580284707279,0.017191531918710735,0.532608695652174
2014-01-23 00:00:00-05:00,-0.007266724451679112,0.009847692776307263,0.019926098971786394,0.16304347826086957
2014-01-24 00:00:00-05:00,-0.02160648385758216,0.010111085290819583,0.013451811876504294,0.043478260869565216
2014-01-27 00:00:00-05:00,-0.005280144774758531,0.010469094669463712,0.011862947265849522,0.2608695652173913
2014-01-28 00:00:00-05:00,0.008652933265778146,0.010934287851732737,0.015351279067562519,0.8695652173913043
2014-01-29 00:00:00-05:00,-0.012426887200651911,0.011144888724977724,0.009907066489131673,0.06521739130434782
2014-01-30 00:00:00-05:00,0.010923048213208669,0.011474962180926904,0.01341617745559306,0.8152173913043478
2014-01-31 00:00:00-05:00,-0.006764192625729421,0.012040274833365587,0.017376358617346203,0.2391304347826087
2014-02-03 00:00:00-05:00,-0.02350675110639244,0.012135391763972336,0.010308946745180722,0.03260869565217391
2014-02-04 00:00:00-05:00,0.006006773481809854,0.012275647255300679,0.011245863271748582,0.6847826086956522
2014-02-05 00:00:00-05:00,-0.0009142329760190001,0.0123129796889381,0.010357894833193012,0.40217391304347827
2014-02-06 00:00:00-05:00,0.012027905696978137,0.012383833306696946,0.012875424849099223,0.9239130434782609
2014-02-07 00:00:00-05:00,0.013660947522305743,0.012446742611919264,0.010258568273906693,0.9239130434782609
2014-02-10 00:00:00-05:00,0.0019365487175651808,0.012425949655116352,0.010368649956336438,0.5434782608695652
2014-02-11 00:00:00-05:00,0.011000169423218586,0.012368772225138621,0.007162002045444169,0.9347826086956522
2014-02-12 00:00:00-05:00,0.0008378117345938045,0.012215712702513447,0.008684999719080632,0.5543478260869565
2014-02-13 00:00:00-05:00,0.0057914120848690884,0.012197768438853018,0.010000659751449764,0.7934782608695652
2014-02-14 00:00:00-05:00,0.004587785307896605,0.012116265393453392,0.00983646588578695,0.7608695652173914
2014-02-18 00:00:00-05:00,0.00020551913878550046,0.012026622702726425,0.009235962968377287,0.5
2014-02-19 00:00:00-05:00,-0.00764507853880876,0.011907647900134507,0.010799628754945152,0.18478260869565216
2014-02-20 00:00:00-05:00,0.005786489913141133,0.01181140248918843,0.008421113555924016,0.7934782608695652
2014-02-21 00:00:00-05:00,-0.001210246005324122,0.011337587835300875,0.007241424187072063,0.391304347826087
2014-02-24 00:00:00-05:00,0.005937581081346574,0.010801537271153575,0.008669037124693107,0.782608695652174
2014-02-25 00:00:00-05:00,-0.002305336503699857,0.010749378857002152,0.012356485179324405,0.40217391304347827
2014-02-26 00:00:00-05:00,0.002070653139755999,0.010746674918725482,0.011806164562039437,0.4891304347826087
2014-02-27 00:00:00-05:00,0.005938565328441192,0.010399741021268102,0.00806566722095756,0.782608695652174
2014-02-28 00:00:00-05:00,0.0018109166771562233,0.010403190543440275,0.009979506454747312,0.6521739130434783
2014-03-03 00:00:00-05:00,-0.008003715250535124,0.010074102625014332,0.006505331168648226,0.10869565217391304
2014-03-04 00:00:00-05:00,0.015461594184870751,0.009678616202474847,0.00907114374401702,0.9891304347826086
2014-03-05 00:00:00-05:00,0.000910516822201855,0.009617784996257215,0.00903149141461049,0.532608695652174
2014-03-06 00:00:00-05:00,0.00126600278471998,0.009508042827195584,0.008941277721454317,0.6630434782608695
2014-03-07 00:00:00-05:00,0.0011598945790912809,0.00949447927906256,0.010073060322399468,0.5869565217391305
2014-03-10 00:00:00-04:00,-0.001172958247982683,0.009232893119410671,0.007382115496409619,0.43478260869565216
2014-03-11 00:00:00-04:00,-0.003475185297708555,0.009185747942916852,0.009268519567536439,0.29347826086956524
2014-03-12 00:00:00-04:00,0.0011741207433778494,0.00902424160289165,0.006977016815807247,0.5978260869565217
2014-03-13 00:00:00-04:00,-0.01208672260577355,0.009138156383838277,0.009554212445323276,0.07608695652173914
2014-03-14 00:00:00-04:00,-0.004216380710964801,0.009103272181242312,0.007952431464565379,0.2717391304347826
2014-03-17 00:00:00-04:00,0.009522445312878873,0.008986212785960086,0.007542412450523031,0.9239130434782609
2014-03-18 00:00:00-04:00,0.006711942165143153,0.008913671491462482,0.00831309870133726,0.8478260869565217
2014-03-19 00:00:00-04:00,-0.004852160719643481,0.00896908184699354,0.010399580434529524,0.17391304347826086
2014-03-20 00:00:00-04:00,0.007333721811631738,0.008993756486626939,0.011317796187246541,0.75
2014-03-21 00:00:00-04:00,-0.004322378667178115,0.00928140879083181,0.014461811944226273,0.40217391304347827
2014-03-24 00:00:00-04:00,-0.004275825030270205,0.009506764185046913,0.011973887465589255,0.358695652173913
2014-03-25 00:00:00-04:00,0.003218709423859411,0.009632211555615892,0.01130343190664168,0.6304347826086957
2014-03-26 00:00:00-04:00,-0.0064794479915070485,0.009536463147313509,0.010345768604974308,0.20652173913043478
2014-03-27 00:00:00-04:00,-0.002826159933523692,0.009553128067318966,0.012156127882154068,0.391304347826087
2014-03-28 00:00:00-04:00,0.0038998288965966686,0.00958524160535022,0.008740051519613873,0.782608695652174
2014-03-31 00:00:00-04:00,0.008155979677593591,0.009528832800651331,0.008794921556070659,0.8260869565217391
2014-04-01 00:00:00-04:00,0.006634423510985781,0.009790569843581978,0.012001809070191827,0.6847826086956522
2014-04-02 00:00:00-04:00,0.002062237748099413,0.00966191880613321,0.006369471957592858,0.6304347826086957
2014-04-03 00:00:00-04:00,-0.0024408727226264888,0.009718934592773537,0.010228822934057365,0.5
2014-04-04 00:00:00-04:00,-0.013212675125172652,0.00995450811630164,0.013888321715544466,0.13043478260869565
2014-04-07 00:00:00-04:00,-0.009586102263268151,0.010064908845814222,0.012391475642163703,0.22826086956521738
2014-04-08 00:00:00-04:00,0.005121539401069017,0.01030277122749747,0.01237722551175782,0.6521739130434783
2014-04-09 00:00:00-04:00,0.011129088303234893,0.01037992448630442,0.010888738002482428,0.8695652173913043
2014-04-10 00:00:00-04:00,-0.02187300666950805,0.010738016777043589,0.014496954921329758,0.03260869565217391
2014-04-11 00:00:00-04:00,-0.010236367018954003,0.010790879159525672,0.010664322477447067,0.11956521739130435
2014-04-14 00:00:00-04:00,0.008067310163260533,0.010824442590175001,0.00865726350820128,0.9021739130434783
2014-04-15 00:00:00-04:00,0.007038901465823671,0.010904772944568885,0.009229349892794569,0.8152173913043478
2014-04-16 00:00:00-04:00,0.010665189913288105,0.010968776627204765,0.009657176036690753,0.9021739130434783
2014-04-17 00:00:00-04:00,0.0019192446442019293,0.011071844108061526,0.012563997532521487,0.6413043478260869
2014-04-21 00:00:00-04:00,0.004542976440330628,0.011166807951634345,0.013312036902275746,0.6630434782608695
2014-04-22 00:00:00-04:00,0.0047426138417954915,0.011030367561348292,0.011596563748219164,0.6847826086956522
2014-04-23 00:00:00-04:00,-0.0026153348950509383,0.011104698887645224,0.013534845317824831,0.41304347826086957
2014-04-24 00:00:00-04:00,0.00016519376340003758,0.011251867903000553,0.014393981229103566,0.4782608695652174
2014-04-25 00:00:00-04:00,-0.011056500653111848,0.011643664012027904,0.018573486894548706,0.22826086956521738
2014-04-28 00:00:00-04:00,0.0006009846414439721,0.011852860269232409,0.016549249283448645,0.5978260869565217
2014-04-29 00:00:00-04:00,0.005341899783863309,0.011927493235861394,0.010307343818822591,0.6847826086956522
2014-04-30 00:00:00-04:00,0.003277487562317857,0.011963463088499295,0.009550288461466555,0.6413043478260869
2014-05-01 00:00:00-04:00,0.00258333224659696,0.011994348114865348,0.01265039462387894,0.4782608695652174
2014-05-02 00:00:00-04:00,-0.001548467401723212,0.012119087109948705,0.008988990854343397,0.40217391304347827
2014-05-05 00:00:00-04:00,0.00085703109236838,0.012098483925563,0.009796156061957561,0.5217391304347826
2014-05-06 00:00:00-04:00,-0.01103198842834432,0.012041189304613948,0.012685134675614324,0.07608695652173914
2014-05-07 00:00:00-04:00,0.006267532710016503,0.012100386312594049,0.013634612809745837,0.7608695652173914
2014-05-08 00:00:00-04:00,0.0007308552638572827,0.011950656525433109,0.009232899981378072,0.532608695652174
2014-05-09 00:00:00-04:00,0.0023185263848534295,0.011806143435234548,0.007853963108312632,0.5978260869565217
2014-05-12 00:00:00-04:00,0.010089210547506779,0.011696441371294969,0.012193211578598612,0.8152173913043478
2014-05-13 00:00:00-04:00,0.0007007306866724536,0.011541347220100981,0.0074073453023733495,0.5652173913043478
2014-05-14 00:00:00-04:00,-0.005350001174818814,0.011474971141455384,0.007263365856643724,0.1956521739130435
2014-05-15 00:00:00-04:00,-0.009270632529946915,0.01161502158412924,0.01217040918894554,0.09782608695652174
2014-05-16 00:00:00-04:00,0.0043450261220677215,0.011513176790971403,0.007518435380376194,0.6630434782608695
2014-05-19 00:00:00-04:00,0.004035655256224526,0.011377379763843757,0.009712259962840928,0.7065217391304348
2014-05-20 00:00:00-04:00,-0.006911397333969077,0.01118637890030046,0.009301018767866473,0.17391304347826086
2014-05-21 00:00:00-04:00,0.008316736423333703,0.011111956586448792,0.010033695157334158,0.8695652173913043
2014-05-22 00:00:00-04:00,0.0034239906172478006,0.010913380011946375,0.009364737253274085,0.6956521739130435
2014-05-23 00:00:00-04:00,0.0042152221511495645,0.010567607325768632,0.0071327548193709815,0.7282608695652174
2014-05-27 00:00:00-04:00,0.006588026361454204,0.010144053945903307,0.009678865917376855,0.7934782608695652
2014-05-28 00:00:00-04:00,-0.0014159014064954341,0.009663760228647369,0.006463081221073937,0.3695652173913043
2014-05-29 00:00:00-04:00,0.005541745070614912,0.009491565294153017,0.006691250194441191,0.7717391304347826
2014-05-30 00:00:00-04:00,0.0016719790386511882,0.009407018995550933,0.007774816190822785,0.6521739130434783
2014-06-02 00:00:00-04:00,0.00042321091646549115,0.009093469775324972,0.006065860999133809,0.4891304347826087
2014-06-03 00:00:00-04:00,-0.0011480520530767362,0.009049773636204544,0.008071371932814389,0.3804347826086957
2014-06-04 00:00:00-04:00,0.0020840020472696675,0.00897227237544655,0.008168629586039694,0.5760869565217391
2014-06-05 00:00:00-04:00,0.006485474409655396,0.008813767314095554,0.009356528387243369,0.8586956521739131
2014-06-06 00:00:00-04:00,0.0047688605190406175,0.008485271512980622,0.006736200986332286,0.75
2014-06-09 00:00:00-04:00,0.0002720140476847983,0.008443728538572422,0.00836049751880585,0.5
2014-06-10 00:00:00-04:00,0.00046991419371244467,0.008433914032792868,0.007647858486942006,0.5
2014-06-11 00:00:00-04:00,-0.004209040086073228,0.008253403077430095,0.00840248151598039,0.22826086956521738
2014-06-12 00:00:00-04:00,-0.007302054582399683,0.008295965028591363,0.008301146276759961,0.1956521739130435
2014-06-13 00:00:00-04:00,0.0022726344017987205,0.008396725535531053,0.009379336502377216,0.6413043478260869
2014-06-16 00:00:00-04:00,0.0003491052170896272,0.008170448610930161,0.007418593772326826,0.5543478260869565
2014-06-17 00:00:00-04:00,0.004442859480406557,0.00833244925813599,0.01092044897169861,0.6086956521739131
2014-06-18 00:00:00-04:00,0.008832656980319771,0.008452545518404063,0.012234281428470465,0.8478260869565217
2014-06-19 00:00:00-04:00,0.0008769038430524609,0.00838216840827803,0.00782309945521976,0.5434782608695652
2014-06-20 00:00:00-04:00,-0.0003648372684060811,0.008459202793720108,0.011651417251617785,0.5108695652173914
2014-06-23 00:00:00-04:00,-0.000695964687606582,0.008337782940863092,0.006814920343276752,0.45652173913043476
2014-06-24 00:00:00-04:00,-0.0054046168119506795,0.008320662230002381,0.00677321989129605,0.1956521739130435
2014-06-25 00:00:00-04:00,0.004661386804863288,0.008229173459839688,0.007757601743960335,0.7391304347826086
2014-06-26 00:00:00-04:00,-0.0018981301363671752,0.008227507891929173,0.006428104294953082,0.29347826086956524
2014-06-27 00:00:00-04:00,0.0016944409875418356,0.008220919826073501,0.006552900811472126,0.6630434782608695
2014-06-30 00:00:00-04:00,0.00027995993268964766,0.008222864615544164,0.007815656769706716,0.40217391304347827
2014-07-01 00:00:00-04:00,0.007537290872230428,0.008450070252366508,0.010837179372403031,0.8152173913043478
2014-07-02 00:00:00-04:00,0.0006409406962539818,0.008448707331332591,0.00804275059110208,0.5217391304347826
2014-07-03 00:00:00-04:00,0.00564666486556289,0.008396916665575257,0.007081025605135682,0.8804347826086957
2014-07-07 00:00:00-04:00,-0.0038189238683304823,0.008302416111624016,0.0073720167542673356,0.2717391304347826
2014-07-08 00:00:00-04:00,-0.0069156748673457405,0.008424594909785895,0.009301955747731742,0.17391304347826086
2014-07-09 00:00:00-04:00,0.004387677249211585,0.008350502544322758,0.006804557844079968,0.717391304347826
2014-07-10 00:00:00-04:00,-0.003834917795542006,0.008301229215687078,0.0066131185855927335,0.2391304347826087
2014-07-11 00:00:00-04:00,0.003002806475737901,0.008306051274334411,0.008503744747574388,0.6739130434782609
2014-07-14 00:00:00-04:00,0.00570965819479306,0.008408841028241007,0.01045973110879845,0.7608695652173914
2014-07-15 00:00:00-04:00,-0.0007264414338843918,0.00843703397285532,0.00997138833927782,0.4673913043478261
2014-07-16 00:00:00-04:00,0.0032232153562608474,0.0087073026124407,0.013094235203619818,0.6413043478260869
2014-07-17 00:00:00-04:00,-0.011944501646313383,0.008654200046632622,0.009805295089728952,0.043478260869565216
2014-07-18 00:00:00-04:00,0.008585313237690241,0.00912735876454568,0.022170614504644685,0.9347826086956522
2014-07-21 00:00:00-04:00,-0.001990523769595286,0.009039729649909947,0.005982888047869381,0.3804347826086957
2014-07-22 00:00:00-04:00,0.003868514141449812,0.008963409684808169,0.010048697984480394,0.7065217391304348
2014-07-23 00:00:00-04:00,-0.0004292484698720885,0.00904342781749389,0.00849530112967696,0.41304347826086957
2014-07-24 00:00:00-04:00,6.9218196399449e-05,0.009217461832951853,0.01042793421591324,0.6086956521739131
2014-07-25 00:00:00-04:00,-0.0063874935105964255,0.009462551900131039,0.012904493154723232,0.1956521739130435
2014-07-28 00:00:00-04:00,0.000282836563923804,0.009493991764233586,0.007088341441106561,0.43478260869565216
2014-07-29 00:00:00-04:00,-0.0038519815285523703,0.009624189590640812,0.009287055166023881,0.22826086956521738
2014-07-30 00:00:00-04:00,0.00203531232492369,0.009824121019812863,0.012014216782319795,0.5869565217391305
2014-07-31 00:00:00-04:00,-0.019122534823642155,0.009917374369598215,0.012795499717895379,0.03260869565217391
2014-08-01 00:00:00-04:00,-0.0033490910105625138,0.009986001688480958,0.009483924287639703,0.30434782608695654
2014-08-04 00:00:00-04:00,0.007019856140902825,0.010040625826705337,0.008228132507847694,0.8260869565217391
2014-08-05 00:00:00-04:00,-0.008886673872991522,0.010083863490654463,0.008280007697198964,0.09782608695652174
2014-08-06 00:00:00-04:00,0.0004779557499549116,0.010263832627886922,0.013081307629613344,0.5760869565217391
2014-08-07 00:00:00-04:00,-0.004894993792919842,0.010410421026760357,0.009882914220422147,0.15217391304347827
2014-08-08 00:00:00-04:00,0.012417051446837864,0.010577590725347879,0.01012368225593065,0.9565217391304348
2014-08-11 00:00:00-04:00,0.00230140282628797,0.010449375146015408,0.005811217581592506,0.5978260869565217
2014-08-12 00:00:00-04:00,-0.0015625739665992842,0.010262754957116949,0.0065407071419308,0.40217391304347827
2014-08-13 00:00:00-04:00,0.006405384736238771,0.010116423708204043,0.006898432112106824,0.8804347826086957
2014-08-14 00:00:00-04:00,0.00402058568584471,0.009893973243254727,0.008422775439684184,0.7391304347826086
2014-08-15 00:00:00-04:00,-0.0005926722338412651,0.009771150317233631,0.007226013643285906,0.391304347826087
2014-08-18 00:00:00-04:00,0.00897785230061773,0.00903285676629885,0.006666449935014318,0.8913043478260869
2014-08-19 00:00:00-04:00,0.004500437386435402,0.009108698306577005,0.007575560393710607,0.7391304347826086
2014-08-20 00:00:00-04:00,0.003364939788244977,0.008965408456935832,0.00703961114201578,0.7065217391304348
2014-08-21 00:00:00-04:00,0.003390739612876259,0.00892489169971539,0.007644449228047655,0.6956521739130435
2014-08-22 00:00:00-04:00,-0.0009966371788456972,0.008867217291905715,0.009216771651910085,0.33695652173913043
2014-08-25 00:00:00-04:00,0.004714111707744472,0.008582600588793898,0.006927542389375086,0.782608695652174
2014-08-26 00:00:00-04:00,0.0005807204798085313,0.008549972562091987,0.006403152880366437,0.5
2014-08-27 00:00:00-04:00,-0.00013521606106339508,0.008384289012943223,0.005807700633899792,0.4891304347826087
2014-08-28 00:00:00-04:00,-0.0018746647843637936,0.008060420709685736,0.0052129824139125844,0.3695652173913043
2014-08-29 00:00:00-04:00,0.003580538570902762,0.007862769469566147,0.008644823675384014,0.7282608695652174
2014-09-02 00:00:00-04:00,0.0008650446156197917,0.007828777232706674,0.008770087313590778,0.532608695652174
2014-09-03 00:00:00-04:00,0.0010907604153513962,0.007818854724716726,0.008019759840058788,0.6521739130434783
2014-09-04 00:00:00-04:00,0.00038614947607105255,0.007788393136580708,0.00764031434634258,0.532608695652174
2014-09-05 00:00:00-04:00,0.004994374260472424,0.007511483234902147,0.007266199694363557,0.7608695652173914
2014-09-08 00:00:00-04:00,-0.0017538022600660618,0.0074117591911138855,0.007788709300868674,0.358695652173913
2014-09-09 00:00:00-04:00,-0.006745667748073737,0.007308476898221188,0.007954754105184007,0.20652173913043478
2014-09-10 00:00:00-04:00,0.003984742013152229,0.007385641814490072,0.007431680823239049,0.7065217391304348
2014-09-11 00:00:00-04:00,0.0003610345059613965,0.007363393403746098,0.006073490516307381,0.532608695652174
2014-09-12 00:00:00-04:00,-0.00517223944062601,0.007461146078972966,0.008951238291871031,0.2608695652173913
2014-09-15 00:00:00-04:00,-0.0013233827008357721,0.0074843604447016295,0.008910277119986109,0.5
2014-09-16 00:00:00-04:00,0.006833334768339901,0.007492767422372607,0.007402560174376435,0.8913043478260869
2014-09-17 00:00:00-04:00,0.001990697793688174,0.007587630116451053,0.008658566510661703,0.6739130434782609
2014-09-18 00:00:00-04:00,0.0062069319685387194,0.007574200785674867,0.007293544447410704,0.8369565217391305
2014-09-19 00:00:00-04:00,-0.0004445006600919106,0.007684365716853419,0.00935307469676535,0.5
2014-09-22 00:00:00-04:00,-0.00812699846256831,0.007693514926098062,0.007836582622185173,0.13043478260869565
2014-09-23 00:00:00-04:00,-0.00714441246513965,0.007557876206991514,0.006368358550672581,0.09782608695652174
2014-09-24 00:00:00-04:00,0.008378293052159855,0.007568508246785319,0.007150815225044949,0.8695652173913043
2014-09-25 00:00:00-04:00,-0.01599993129797835,0.0075627741977293324,0.006282737850190741,0.010869565217391304
2014-09-26 00:00:00-04:00,0.00824561766519336,0.00792664530085866,0.013448993799615665,0.8913043478260869
2014-09-29 00:00:00-04:00,-0.0023815976907309495,0.008160861089972151,0.010131513985295902,0.32608695652173914
2014-09-30 00:00:00-04:00,-0.0021645325670516724,0.008116033567015025,0.007703445693284367,0.3804347826086957
2014-10-01 00:00:00-04:00,-0.012377794302051907,0.008111241157494774,0.008669446713665511,0.09782608695652174
2014-10-02 00:00:00-04:00,0.0003893877914628654,0.008098965737890302,0.0077619760283648585,0.4891304347826087
2014-10-03 00:00:00-04:00,0.011908621276533766,0.008081887817356071,0.007281678015123741,0.967391304347826
2014-10-06 00:00:00-04:00,-0.001817640535245701,0.008032334507039383,0.006225580177713107,0.34782608695652173
2014-10-07 00:00:00-04:00,-0.01628673149336552,0.008073707382636745,0.00865753968841324,0.03260869565217391
2014-10-08 00:00:00-04:00,0.01825968417320949,0.008028056564442757,0.006996086923110304,0.9891304347826086
2014-10-09 00:00:00-04:00,-0.020762310771865623,0.008305577065822814,0.01325961135222023,0.021739130434782608
2014-10-10 00:00:00-04:00,-0.013013200285880086,0.009025811598328442,0.021198415698925582,0.21739130434782608
2014-10-13 00:00:00-04:00,-0.015120705050578524,0.00910002714322919,0.010509764734786726,0.043478260869565216
2014-10-14 00:00:00-04:00,0.0027279404883781494,0.009328431561514843,0.013706769903984844,0.6413043478260869
2014-10-15 00:00:00-04:00,-0.009091619089143237,0.009578888703324422,0.012662160152377599,0.2391304347826087
2014-10-16 00:00:00-04:00,-0.0019551392146764253,0.010425169908059126,0.026430471810090464,0.45652173913043476
2014-10-17 00:00:00-04:00,0.013131716447448063,0.010646391682796538,0.011939201716896343,0.9239130434782609
2014-10-20 00:00:00-04:00,0.00778978302453337,0.010804333371640508,0.01266985016248872,0.8152173913043478
2014-10-21 00:00:00-04:00,0.0179935512422224,0.01117228361157022,0.015563537660709122,0.9347826086956522
2014-10-22 00:00:00-04:00,-0.007441700220503695,0.011451183570092806,0.012225257679646932,0.22826086956521738
2014-10-23 00:00:00-04:00,0.012428957030616639,0.011663886469305915,0.011617576108520215,0.8913043478260869
2014-10-24 00:00:00-04:00,0.007076425467062226,0.012024680107829679,0.013859404259189748,0.8804347826086957
2014-10-27 00:00:00-04:00,7.782342027441767e-05,0.011732128390073477,0.00730540772673547,0.5108695652173914
2014-10-28 00:00:00-04:00,0.012143207801078205,0.011771343035038314,0.010955021529557447,0.9021739130434783
2014-10-29 00:00:00-04:00,-0.0011788854864836524,0.011814116898616127,0.008601696828418472,0.45652173913043476
2014-10-30 00:00:00-04:00,0.008661852711095637,0.012286767757993004,0.018595114760579907,0.8369565217391305
2014-10-31 00:00:00-04:00,0.01166581675428511,0.012529767656003948,0.012864973886594681,0.8804347826086957
2014-11-03 00:00:00-05:00,0.00021271595953261234,0.012584225013321605,0.008425282518794566,0.5108695652173914
2014-11-04 00:00:00-05:00,-0.001079643115808738,0.012891326102536174,0.012674703051219016,0.5
2014-11-05 00:00:00-05:00,0.0050205382073280555,0.013069285516223933,0.012394687375856236,0.717391304347826
2014-11-06 00:00:00-05:00,0.002617718148731242,0.013378805758666953,0.01349601201441373,0.6847826086956522
2014-11-07 00:00:00-05:00,1.5294381858562596e-05,0.013197890875842708,0.009460398812911067,0.5434782608695652
2014-11-10 00:00:00-05:00,0.004639434713325754,0.012608622506405976,0.008823779940754159,0.7717391304347826
2014-11-11 00:00:00-05:00,0.00029499109734595566,0.01247061006880514,0.007611503545169196,0.4673913043478261
2014-11-12 00:00:00-05:00,-0.0008967799614662412,0.01218047124544348,0.007613854613389992,0.41304347826086957
2014-11-13 00:00:00-05:00,0.0012833791974814696,0.012064721088627208,0.010231406859235914,0.5543478260869565
2014-11-14 00:00:00-05:00,-0.0002588199914949454,0.011249518923830061,0.009311226349350344,0.43478260869565216
2014-11-17 00:00:00-05:00,-8.830998534643303e-05,0.011072437981282296,0.00822050192339327,0.4673913043478261
2014-11-18 00:00:00-05:00,0.004656591994180464,0.010920890146760807,0.009487345637537474,0.6847826086956522
2014-11-19 00:00:00-05:00,-0.000629712481289699,0.010840820452332336,0.013882074077711236,0.42391304347826086
2014-11-20 00:00:00-05:00,0.0010196709185491097,0.010720625961403371,0.009701173370138634,0.5217391304347826
2014-11-21 00:00:00-05:00,0.005754000981629056,0.010570151521724197,0.00845761287525756,0.8369565217391305
2014-11-24 00:00:00-05:00,0.0022157690133059534,0.010320247015861641,0.008611409636076102,0.6521739130434783
2014-11-25 00:00:00-05:00,-4.933718131628185e-05,0.010383070215753073,0.008624694924455497,0.44565217391304346
2014-11-26 00:00:00-05:00,0.0037473368092721822,0.01022753442136309,0.007688769847367842,0.7282608695652174
2014-11-28 00:00:00-05:00,0.0022376617110309374,0.01059073020670501,0.016228808320598812,0.75
2014-12-01 00:00:00-05:00,-0.006627763954080102,0.010244273705787557,0.011319528241313359,0.20652173913043478
2014-12-02 00:00:00-05:00,0.006575819290371857,0.010110185138765378,0.01004911397912893,0.782608695652174
2014-12-03 00:00:00-05:00,0.002968608159274205,0.01022436593576344,0.010823079255753855,0.5760869565217391
2014-12-04 00:00:00-05:00,-0.00044944778946203763,0.01015005364121405,0.011114144865681838,0.41304347826086957
2014-12-05 00:00:00-05:00,0.0024627885488291467,0.010089811529511888,0.011129603030110855,0.6304347826086957
2014-12-08 00:00:00-05:00,-0.00480934000243688,0.010100364750370452,0.01371762965244355,0.43478260869565216
2014-12-09 00:00:00-05:00,-0.002239125702365296,0.010278961870733617,0.013210938340537529,0.391304347826087
2014-12-10 00:00:00-05:00,-0.01573200045772456,0.010274637751149044,0.008732973429478102,0.043478260869565216
2014-12-11 00:00:00-05:00,0.0040900487836810105,0.010153266987418868,0.005062717506835554,0.8043478260869565
2014-12-12 00:00:00-05:00,-0.015871280172243738,0.010505144233257373,0.015003276775998586,0.03260869565217391
2014-12-15 00:00:00-05:00,-0.007302467741830397,0.010521607281253967,0.01057713086716435,0.16304347826086957
2014-12-16 00:00:00-05:00,-0.009082814248081118,0.010703446476037068,0.013129849439795482,0.17391304347826086
2014-12-17 00:00:00-05:00,0.019144960566520423,0.010920830416935742,0.012785564682265466,0.9565217391304348
2014-12-18 00:00:00-05:00,0.024247042625464607,0.011072394875597373,0.012670199269431724,0.967391304347826
2014-12-19 00:00:00-05:00,0.002558248303734177,0.01089134523624242,0.010080031651257187,0.6304347826086957
2014-12-22 00:00:00-05:00,0.0056726608826463635,0.011365680912262964,0.019662222566570072,0.8586956521739131
2014-12-23 00:00:00-05:00,0.0016394583680467538,0.011523457608681904,0.011770923500055298,0.7065217391304348
2014-12-24 00:00:00-05:00,0.000337236328073238,0.011401389692908638,0.006047983404837512,0.40217391304347827
2014-12-26 00:00:00-05:00,0.0028751785821516536,0.011273753449890135,0.00594433382106693,0.5869565217391305
2014-12-29 00:00:00-05:00,0.0006610983391029888,0.011250797217085653,0.00720668895847371,0.5
2014-12-30 00:00:00-05:00,-0.005127801637062314,0.010763614648939355,0.005997974389526585,0.18478260869565216
2014-12-31 00:00:00-05:00,-0.00970853406029472,0.010512542427373497,0.006047011588430356,0.07608695652173914
2015-01-02 00:00:00-05:00,0.0001406953056166161,0.01038453344950111,0.007360925443808741,0.45652173913043476
2015-01-05 00:00:00-05:00,-0.017912026142642496,0.010465277564359124,0.012518705667772152,0.043478260869565216
2015-01-06 00:00:00-05:00,-0.00878946976464528,0.010593909204910198,0.013815409317254414,0.21739130434782608
2015-01-07 00:00:00-05:00,0.012005466173517635,0.01060222830337284,0.011304304097826352,0.8586956521739131
2015-01-08 00:00:00-05:00,0.016901261932483817,0.01040341776329681,0.00954260831084688,0.967391304347826
2015-01-09 00:00:00-05:00,-0.008863174053792408,0.010203409849965317,0.009010772160576216,0.15217391304347827
2015-01-12 00:00:00-05:00,-0.005880080345863749,0.010205918707280767,0.008785659433102552,0.2391304347826087
2015-01-13 00:00:00-05:00,-0.0020149978126541494,0.010361497480280717,0.008329871739834483,0.391304347826087
2015-01-14 00:00:00-05:00,-0.006359079220311762,0.01014767227202984,0.010512947402730158,0.2717391304347826
2015-01-15 00:00:00-05:00,-0.008478384658345424,0.010240020015665218,0.012516433483507308,0.18478260869565216
2015-01-16 00:00:00-05:00,0.01107240378481138,0.010178359007226995,0.011834968262592787,0.8804347826086957
2015-01-20 00:00:00-05:00,0.0015683114597288674,0.01015538106246102,0.01230302784218002,0.5108695652173914
2015-01-21 00:00:00-05:00,0.0069602369073820305,0.010540603853499244,0.020759877881234425,0.6847826086956522
2015-01-22 00:00:00-05:00,0.015168654650809776,0.010746925850213623,0.01441279358225913,0.9021739130434783
2015-01-23 00:00:00-05:00,-0.005828865853428873,0.010654901618406322,0.017729713698616756,0.3695652173913043
2015-01-26 00:00:00-05:00,0.0020756998435198398,0.010617173372981683,0.010978630346137854,0.5543478260869565
2015-01-27 00:00:00-05:00,-0.014091508795407272,0.011123482751870065,0.016680480361493534,0.10869565217391304
2015-01-28 00:00:00-05:00,-0.014215506728470266,0.011498933931766866,0.013828808598899758,0.05434782608695652
2015-01-29 00:00:00-05:00,0.009580520409353328,0.012016315410732987,0.018071700016762227,0.8478260869565217
2015-01-30 00:00:00-05:00,-0.013520447144967774,0.012742699890138357,0.021252048457039412,0.10869565217391304
2015-02-02 00:00:00-05:00,0.01379598281831385,0.012975947540156862,0.010945212238818931,0.9130434782608695
2015-02-03 00:00:00-05:00,0.014941168598154754,0.01314334546979288,0.010876281966165158,0.9456521739130435
2015-02-04 00:00:00-05:00,-0.0033663405243023917,0.013316494713421103,0.016154839783964876,0.358695652173913
2015-02-05 00:00:00-05:00,0.011614002193678771,0.013428123502382502,0.016159613885443725,0.9565217391304348
2015-02-06 00:00:00-05:00,-0.00480443405686833,0.013718472170868462,0.017401626136031502,0.358695652173913
2015-02-09 00:00:00-05:00,-0.004900083330357316,0.013621706981763135,0.0075105393396350415,0.20652173913043478
2015-02-10 00:00:00-05:00,0.011917010464628371,0.013673464697604845,0.010097684193252136,0.9130434782608695
2015-02-11 00:00:00-05:00,0.0001953083472157636,0.013680499714688009,0.008933394791848927,0.4782608695652174
2015-02-12 00:00:00-05:00,0.010448911132759916,0.01406157342366534,0.016332419628358467,0.8913043478260869
2015-02-13 00:00:00-05:00,0.0023418586481221033,0.014088313308029525,0.011074484974378103,0.5869565217391305
2015-02-17 00:00:00-05:00,0.002288877428849411,0.013900012045931583,0.008562106979450437,0.6195652173913043
2015-02-18 00:00:00-05:00,-0.00039709832992582594,0.013838788589124962,0.010549275669653798,0.5108695652173914
2015-02-19 00:00:00-05:00,-0.000890703110657422,0.01386387271924866,0.012829794574777674,0.41304347826086957
2015-02-20 00:00:00-05:00,0.006706012135768732,0.013220656964609678,0.007252347033815833,0.782608695652174
2015-02-23 00:00:00-05:00,-0.0017096765653650666,0.012958540574420934,0.008908349388295442,0.41304347826086957
2015-02-24 00:00:00-05:00,0.004310300532046434,0.012527843807272898,0.008685081588508003,0.7391304347826086
2015-02-25 00:00:00-05:00,0.000838191813442354,0.012494723636444459,0.010283106758740635,0.45652173913043476
2015-02-26 00:00:00-05:00,0.0016309424143861706,0.012682190055227673,0.02061727515594105,0.45652173913043476
2015-02-27 00:00:00-05:00,-0.0033070485674761936,0.012381033552027965,0.007504522031705855,0.2717391304347826
2015-03-02 00:00:00-05:00,0.007392499593954093,0.012045409659078906,0.011023598264832034,0.8152173913043478
2015-03-03 00:00:00-05:00,-0.005614090187833511,0.01139277768640152,0.007546777030814282,0.21739130434782608
2015-03-04 00:00:00-05:00,-0.005050356833402759,0.011335346297966052,0.009739153081674144,0.18478260869565216
2015-03-05 00:00:00-05:00,0.00306757576347899,0.01117303394326247,0.0074677225173899395,0.7282608695652174
2015-03-06 00:00:00-05:00,-0.014370187086589836,0.01094323846329596,0.01132913470466815,0.11956521739130435
2015-03-09 00:00:00-04:00,0.004536942936725288,0.010516613324116568,0.0072004859626764945,0.7282608695652174
2015-03-10 00:00:00-04:00,-0.017801711644438646,0.010091609512808497,0.008476546098561995,0.021739130434782608
2015-03-11 00:00:00-04:00,-0.002537343621205241,0.01015736684257647,0.008891443264762456,0.391304347826087
2015-03-12 00:00:00-04:00,0.013733778438597688,0.010339551624177032,0.01392356460686394,0.9130434782608695
2015-03-13 00:00:00-04:00,-0.0068255222217866824,0.010299497668897149,0.008092261730971408,0.1956521739130435
2015-03-16 00:00:00-04:00,0.013668443359563546,0.009999702052805074,0.010036711690424863,0.9782608695652174
2015-03-17 00:00:00-04:00,-0.00415362678066475,0.009801801576048777,0.006918574962495907,0.25
2015-03-18 00:00:00-04:00,0.009531048978942039,0.009982619820595192,0.012359290114925117,0.8260869565217391
2015-03-19 00:00:00-04:00,-0.004667792824312953,0.009909443433967439,0.00901257155047098,0.2826086956521739
2015-03-20 00:00:00-04:00,0.008596685526442892,0.009736496673177759,0.0091979125981944,0.8913043478260869
2015-03-23 00:00:00-04:00,-0.0016101037647207757,0.009820741370731698,0.009021485682448552,0.43478260869565216
2015-03-24 00:00:00-04:00,-0.006030528936322327,0.009820484403160185,0.008902953069293682,0.1956521739130435
2015-03-25 00:00:00-04:00,-0.017202392880841844,0.010015139224810074,0.012772832843155661,0.043478260869565216
2015-03-26 00:00:00-04:00,-0.002113629999676738,0.010009467717929727,0.010164005114253357,0.32608695652173914
2015-03-27 00:00:00-04:00,0.0030789580726467004,0.009502400575876238,0.009968865172817774,0.5978260869565217
2015-03-30 00:00:00-04:00,0.011475338309745151,0.009528246333402067,0.00804728293974828,0.9456521739130435
2015-03-31 00:00:00-04:00,-0.008669931594994818,0.009390664031964284,0.008134369934638596,0.13043478260869565
2015-04-01 00:00:00-04:00,-0.00392527984446937,0.00949265393666648,0.009688565029560418,0.34782608695652173
2015-04-02 00:00:00-04:00,0.00402205133661102,0.0093978659566896,0.007748605502159629,0.7391304347826086
2015-04-06 00:00:00-04:00,0.006130339407789861,0.00943045572647341,0.008152107682849944,0.7934782608695652
2015-04-07 00:00:00-04:00,-0.00090932795403222,0.009230912926812076,0.007138735911780146,0.391304347826087
2015-04-08 00:00:00-04:00,0.0033146026496944972,0.009269501192932142,0.008010839551197866,0.6956521739130435
2015-04-09 00:00:00-04:00,0.0034378471292206346,0.009259577763059385,0.008268154071234097,0.7282608695652174
2015-04-10 00:00:00-04:00,0.004539410423412904,0.009448880423063069,0.012866799124839855,0.7065217391304348
2015-04-13 00:00:00-04:00,-0.003772934679506228,0.009240278315287087,0.009542920343568325,0.2717391304347826
2015-04-14 00:00:00-04:00,0.0008380872752240607,0.009286329618354506,0.009059339095387173,0.5652173913043478
2015-04-15 00:00:00-04:00,0.004154804198881454,0.009296937611451875,0.010259479545469631,0.6847826086956522
2015-04-16 00:00:00-04:00,0.0024381972910253007,0.010006267574401389,0.0218145041844357,0.33695652173913043
2015-04-17 00:00:00-04:00,-0.013573542378847687,0.010058386717845131,0.013453792127243699,0.05434782608695652
2015-04-20 00:00:00-04:00,0.008636562756849991,0.010099770576722487,0.009881632586895455,0.8586956521739131
2015-04-21 00:00:00-04:00,-0.0017929310084502134,0.010169487744868203,0.010661973129254444,0.42391304347826086
2015-04-22 00:00:00-04:00,0.005568403284223159,0.010265286911923749,0.011033268190614974,0.7608695652173914
2015-04-23 00:00:00-04:00,0.0009784379495762637,0.01044697639980088,0.012718432314713424,0.6304347826086957
2015-04-24 00:00:00-04:00,0.001394539840383209,0.01080800884834964,0.020354514262679636,0.34782608695652173
2015-04-27 00:00:00-04:00,-0.0038976908857681503,0.010806084050801424,0.010123584365740845,0.31521739130434784
2015-04-28 00:00:00-04:00,0.0036911305935656696,0.01082856083135132,0.010440877564365592,0.6413043478260869
2015-04-29 00:00:00-04:00,-0.0012839963032065871,0.011285549666590672,0.017644048479774653,0.3695652173913043
2015-04-30 00:00:00-04:00,-0.009277783275773943,0.011287283232784056,0.008170774824699658,0.09782608695652174
2015-05-01 00:00:00-04:00,0.010383091116245835,0.011295901376394179,0.009869546045372995,0.9130434782608695
2015-05-04 00:00:00-04:00,0.003467579950982302,0.011281471230867337,0.007445572446095955,0.7391304347826086
2015-05-05 00:00:00-04:00,-0.0103100732798035,0.011292571603009496,0.008385215497835285,0.05434782608695652
2015-05-06 00:00:00-04:00,-0.003280443912724444,0.011267489355482687,0.006612008713717172,0.32608695652173914
2015-05-07 00:00:00-04:00,0.005391137964186688,0.011322967195070473,0.00917587418254135,0.7717391304347826
2015-05-08 00:00:00-04:00,0.011345315641976038,0.01153088469869403,0.012634421647328796,0.9456521739130435
2015-05-11 00:00:00-04:00,-0.003786348627405019,0.01135737869284612,0.009223173002033746,0.2391304347826087
2015-05-12 00:00:00-04:00,-0.0019377557985931061,0.011240032121036693,0.007078642335570358,0.29347826086956524
2015-05-13 00:00:00-04:00,7.86429967550157e-05,0.011182645756464576,0.00785422543937273,0.5434782608695652
2015-05-14 00:00:00-04:00,0.01073950260955743,0.011176282151919884,0.010125843850031095,0.9239130434782609
2015-05-15 00:00:00-04:00,0.0016783474897052932,0.010591259934500283,0.00952903761862406,0.5652173913043478
2015-05-18 00:00:00-04:00,0.00294422215130323,0.010274101697255532,0.0067934691451039435,0.6086956521739131
2015-05-19 00:00:00-04:00,-0.00015260220873998886,0.010258253086192673,0.009548811754575406,0.5652173913043478
2015-05-20 00:00:00-04:00,-0.0009152489643935397,0.010137723988747606,0.008130862082908056,0.3804347826086957
2015-05-21 00:00:00-04:00,0.0022333705292278123,0.010027356585220356,0.008715552716542736,0.5
2015-05-22 00:00:00-04:00,-0.002476532003292708,0.009751024327373545,0.006915454899930411,0.25
2015-05-26 00:00:00-04:00,-0.008746252501987219,0.009200740156309487,0.008798546670334346,0.07608695652173914
2015-05-27 00:00:00-04:00,0.01028314847637853,0.009218149660990303,0.010489183964037986,0.9239130434782609
2015-05-28 00:00:00-04:00,-0.001087160531355618,0.009029305745395106,0.006475155336866503,0.42391304347826086
2015-05-29 00:00:00-04:00,-0.005943766961640664,0.008753977697499582,0.01186215947396863,0.18478260869565216
2015-06-01 00:00:00-04:00,0.0019951037944976172,0.00869644207033822,0.006962526654311086,0.6304347826086957
2015-06-02 00:00:00-04:00,-0.000741044149599853,0.008589808005278103,0.007630230679110535,0.44565217391304346
2015-06-03 00:00:00-04:00,0.0028617819432677884,0.00864613894762811,0.008628522235446108,0.6630434782608695
2015-06-04 00:00:00-04:00,-0.007143319472777407,0.008658887981166393,0.00865294520213919,0.15217391304347827
2015-06-05 00:00:00-04:00,-0.0015752575640156682,0.00887847678459228,0.011223373585660786,0.42391304347826086
2015-06-08 00:00:00-04:00,-0.006451757620915627,0.00879010584658196,0.007320084484324662,0.17391304347826086
2015-06-09 00:00:00-04:00,0.0014843840347547586,0.008578974784211784,0.008200669337555078,0.532608695652174
2015-06-10 00:00:00-04:00,0.012652363090902488,0.008522101567391752,0.008028835448813096,0.9347826086956522
2015-06-11 00:00:00-04:00,0.0028234465794945603,0.008519139291325159,0.007016434538171877,0.6847826086956522
2015-06-12 00:00:00-04:00,-0.006296168808435182,0.008430102976703137,0.005984462832310281,0.05434782608695652
2015-06-15 00:00:00-04:00,-0.004581477553138519,0.008270646337397344,0.006777254424609441,0.18478260869565216
2015-06-16 00:00:00-04:00,0.005836392503906431,0.008086085618863871,0.005653262529421121,0.8695652173913043
2015-06-17 00:00:00-04:00,0.002146745050073706,0.008204131640991987,0.009272435609794395,0.6956521739130435
2015-06-18 00:00:00-04:00,0.010195664022050507,0.00817646153668686,0.008967739564167706,0.9456521739130435
2015-06-19 00:00:00-04:00,-0.005450626540451678,0.008107906092629387,0.006691197757701142,0.15217391304347827
2015-06-22 00:00:00-04:00,0.005469556325776805,0.008033822659488841,0.007159800620591322,0.8152173913043478
2015-06-23 00:00:00-04:00,0.0002565721886544125,0.008102234538339645,0.008352104355797241,0.5108695652173914
2015-06-24 00:00:00-04:00,-0.007781810709462714,0.007981892662267509,0.006271367272819531,0.05434782608695652
2015-06-25 00:00:00-04:00,-0.003231969383560343,0.007876918923595948,0.008284735451935173,0.2391304347826087
2015-06-26 00:00:00-04:00,-0.00010987483455906342,0.008070098555524282,0.010531927607361491,0.5869565217391305
2015-06-29 00:00:00-04:00,-0.020247123018260666,0.007903764740962903,0.0083691493681797,0.010869565217391304
2015-06-30 00:00:00-04:00,0.0022865886547728193,0.00791942199608436,0.007291329011861679,0.5652173913043478
2015-07-01 00:00:00-04:00,0.007167638226516343,0.007924580431791955,0.0077385578289700324,0.8260869565217391
2015-07-02 00:00:00-04:00,0.0005856329966317392,0.007908922480108414,0.00829970525009172,0.42391304347826086
2015-07-06 00:00:00-04:00,-0.0035676482835703942,0.007837903497522477,0.007161546567834512,0.2608695652173913
2015-07-07 00:00:00-04:00,0.004746915416434552,0.008303633641920213,0.021003706618013263,0.717391304347826
2015-07-08 00:00:00-04:00,-0.015347002341189775,0.00832489832320595,0.0077666427913251675,0.0
2015-07-09 00:00:00-04:00,0.0016401266498977099,0.008375584297635155,0.009265074800568382,0.6304347826086957
2015-07-10 00:00:00-04:00,0.012012750807575622,0.008311294204485401,0.006678743492668218,0.9891304347826086
2015-07-13 00:00:00-04:00,0.010830399520607822,0.008366543172773003,0.00817666287221157,0.9130434782608695
2015-07-14 00:00:00-04:00,0.005345591199134839,0.008479092601423408,0.008348000833968772,0.7282608695652174
2015-07-15 00:00:00-04:00,-0.0012292419827407153,0.008642272505575836,0.010204032411810426,0.44565217391304346
2015-07-16 00:00:00-04:00,0.009791651456352529,0.009333864333548783,0.02017669091685299,0.8478260869565217
2015-07-17 00:00:00-04:00,0.0012100157037017055,0.010029335883520788,0.023877338159206517,0.358695652173913
2015-07-20 00:00:00-04:00,0.0006496199838104674,0.010017466857195045,0.008718490011327105,0.5217391304347826
2015-07-21 00:00:00-04:00,-0.005003325595619691,0.01029511798638665,0.012521871470724866,0.20652173913043478
2015-07-22 00:00:00-04:00,-0.0009577608637349525,0.010520318528421582,0.011889012003324843,0.4673913043478261
2015-07-23 00:00:00-04:00,-0.006821039925598596,0.010760921604426663,0.013404768951903954,0.21739130434782608
2015-07-24 00:00:00-04:00,-0.010697526733858603,0.01150880397605836,0.021976897077085195,0.15217391304347827
2015-07-27 00:00:00-04:00,-0.005896711684180972,0.011636633598842344,0.010969157530398824,0.22826086956521738
2015-07-28 00:00:00-04:00,0.01361004480002828,0.011808664547872301,0.014144577536990588,0.9347826086956522
2015-07-29 00:00:00-04:00,0.008925676588631625,0.012025878830943328,0.012930649312671237,0.8804347826086957
2015-07-30 00:00:00-04:00,0.001997669668023689,0.012255405551007676,0.012111390133212989,0.532608695652174
2015-07-31 00:00:00-04:00,-0.0010637698263518734,0.012478621513412684,0.012426093039475247,0.41304347826086957
2015-08-03 00:00:00-04:00,0.0005262867177203746,0.012863238861833907,0.01637666956693739,0.44565217391304346
2015-08-04 00:00:00-04:00,-0.0018693469361325506,0.013133859524251659,0.012844580478607294,0.391304347826087
2015-08-05 00:00:00-04:00,0.004384955544602249,0.012840663099845566,0.014846581705485334,0.7391304347826086
2015-08-06 00:00:00-04:00,-0.006478476885266984,0.012990448707071754,0.01091214054307512,0.18478260869565216
2015-08-07 00:00:00-04:00,-0.0010237660887493232,0.013331550872414312,0.016428220272762084,0.30434782608695654
2015-08-10 00:00:00-04:00,0.009786062126207737,0.013688566556564793,0.014176072859828338,0.8369565217391305
2015-08-11 00:00:00-04:00,-0.008466838434479991,0.013905556489503748,0.012733451463929641,0.1956521739130435
2015-08-12 00:00:00-04:00,-2.8818633023496066e-05,0.01397593409830504,0.009825930618795864,0.4891304347826087
2015-08-13 00:00:00-04:00,-0.0010265257639808496,0.01400121926948175,0.010735021006521376,0.45652173913043476
2015-08-14 00:00:00-04:00,0.004549898990618124,0.013339097269630654,0.006272128919979919,0.8260869565217391
2015-08-17 00:00:00-04:00,0.004129714960273553,0.012580339001899466,0.007943414536851543,0.7608695652173914
2015-08-18 00:00:00-04:00,-0.0026244814516212457,0.012568327080099403,0.008466239653525836,0.358695652173913
2015-08-19 00:00:00-04:00,-0.007297887290806088,0.012392300774390585,0.008825319050839699,0.13043478260869565
2015-08-20 00:00:00-04:00,-0.02163977029947695,0.012576805527865805,0.015763611826304418,0.021739130434782608
2015-08-21 00:00:00-04:00,-0.030172898767604872,0.012709263528776115,0.016186386971020497,0.021739130434782608
2015-08-24 00:00:00-04:00,-0.040666888122206646,0.012256307199031823,0.012464814152455074,0.0
2015-08-25 00:00:00-04:00,-0.015154150082954244,0.012438053585698272,0.01478583165039421,0.10869565217391304
2015-08-26 00:00:00-04:00,0.03893649028709567,0.012435940362790388,0.01410019985592502,1.0
2015-08-27 00:00:00-04:00,0.023227408513297892,0.012452973998570108,0.013288355664045346,0.9891304347826086
2015-08-28 00:00:00-04:00,0.0005378165194489981,0.012318610469827965,0.009289756029628005,0.44565217391304346
2015-08-31 00:00:00-04:00,-0.00917997866935939,0.012242864230977438,0.010835422023614151,0.14130434782608695
2015-09-01 00:00:00-04:00,-0.030675186216459024,0.011981681609471318,0.010891834515308936,0.0
2015-09-02 00:00:00-04:00,0.01770749116596379,0.01180003150392044,0.009029928262038854,0.9565217391304348
2015-09-03 00:00:00-04:00,0.0014880346681523837,0.011553167976341202,0.00966244762632131,0.6956521739130435
2015-09-04 00:00:00-04:00,-0.016181612465516203,0.011340215240595582,0.00644013309241713,0.03260869565217391
2015-09-08 00:00:00-04:00,0.025591340623491884,0.01114944270442421,0.012421997013163258,0.9891304347826086
2015-09-09 00:00:00-04:00,-0.013824589499906781,0.010873421052728496,0.008379618174218345,0.021739130434782608
2015-09-10 00:00:00-04:00,0.004579295899713316,0.010643849253510737,0.007912443680356695,0.717391304347826
2015-09-11 00:00:00-04:00,0.005609483869421201,0.010738288780467429,0.011809160684886402,0.7608695652173914
2015-09-14 00:00:00-04:00,-0.005063982731602186,0.010768245613396564,0.011364114498033207,0.1956521739130435
2015-09-15 00:00:00-04:00,0.015319932485158201,0.01084320144336707,0.007846201349360564,0.9782608695652174
2015-09-16 00:00:00-04:00,0.008502981949051427,0.010940628428402897,0.0099893812226039,0.9130434782608695
2015-09-17 00:00:00-04:00,-0.0014764582364630314,0.011230245959528548,0.014548207807164482,0.44565217391304346
2015-09-18 00:00:00-04:00,-0.01658096005014484,0.011330348162403872,0.010927465311221497,0.03260869565217391
2015-09-21 00:00:00-04:00,0.005409757558958535,0.01109126924729949,0.010742954609112426,0.7934782608695652
2015-09-22 00:00:00-04:00,-0.012687687749091032,0.010817326666244654,0.010433592768868918,0.05434782608695652
2015-09-23 00:00:00-04:00,-0.0020354250173794677,0.010629766229846177,0.008526044988087077,0.3804347826086957
2015-09-24 00:00:00-04:00,-0.0031561074101900395,0.010528829892614092,0.012666168568520392,0.358695652173913
2015-09-25 00:00:00-04:00,0.002600765851150795,0.010660814785705562,0.01687188261084594,0.6195652173913043
2015-09-28 00:00:00-04:00,-0.023547581061494228,0.010663778289837325,0.013350589250812332,0.010869565217391304
2015-09-29 00:00:00-04:00,0.00346782440242122,0.010718997417866218,0.010449357718234735,0.6630434782608695
2015-09-30 00:00:00-04:00,0.018468477841270325,0.010686930506093187,0.010162016876380528,0.9782608695652174
2015-10-01 00:00:00-04:00,0.0016843178973592456,0.01071692452326268,0.011521708875868304,0.5760869565217391
2015-10-02 00:00:00-04:00,0.012969033114452983,0.010929809549067845,0.01350051380394733,0.8695652173913043
2015-10-05 00:00:00-04:00,0.01925578579017861,0.011070163614634383,0.012609883003218575,0.9239130434782609
2015-10-06 00:00:00-04:00,-0.0039049208560479718,0.01140225912230072,0.013414138753410182,0.31521739130434784
2015-10-07 00:00:00-04:00,0.008313019702918178,0.01133715647330514,0.01105484138425609,0.8152173913043478
2015-10-08 00:00:00-04:00,0.009141633166316951,0.011463227553579106,0.011027110859971656,0.8369565217391305
2015-10-09 00:00:00-04:00,0.0007679629648696107,0.01148381763432099,0.008344835375936277,0.4891304347826087
2015-10-12 00:00:00-04:00,0.0016718595267597742,0.01153869305783217,0.01296154457862118,0.6521739130434783
2015-10-13 00:00:00-04:00,-0.0058039881421816835,0.01141907682674669,0.008852173645238092,0.16304347826086957
2015-10-14 00:00:00-04:00,-0.0056688065626493275,0.011847370103498287,0.016840360161144114,0.29347826086956524
2015-10-15 00:00:00-04:00,0.013758052236859922,0.012105553258307136,0.015411227473589724,0.9239130434782609
2015-10-16 00:00:00-04:00,0.004392752446589451,0.011884061489580669,0.009896880663908694,0.7717391304347826
2015-10-19 00:00:00-04:00,0.0012570173375807603,0.011909671256516945,0.011465270416883264,0.5434782608695652
2015-10-20 00:00:00-04:00,-0.0014621443968294095,0.012022482764182644,0.013111996270092116,0.44565217391304346
2015-10-21 00:00:00-04:00,-0.003670867521498562,0.01203591557051863,0.010715681701924627,0.33695652173913043
2015-10-22 00:00:00-04:00,0.019933783665724007,0.012570580539756439,0.01975400934208107,0.9021739130434783
2015-10-23 00:00:00-04:00,0.010235927028993149,0.012973634045085685,0.02113029218043455,0.7391304347826086
2015-10-26 00:00:00-04:00,-0.0019892823980364586,0.012787880215482989,0.012971052189189366,0.44565217391304346
2015-10-27 00:00:00-04:00,-0.004660971650300001,0.012857646345803058,0.014815677987533733,0.31521739130434784
2015-10-28 00:00:00-04:00,0.011883908279692436,0.013058933708141606,0.014676392327344233,0.8043478260869565
2015-10-29 00:00:00-04:00,-0.0031581130652406624,0.013171362243914509,0.012523016127611546,0.3804347826086957
2015-10-30 00:00:00-04:00,-0.005542170160238036,0.013210016705205198,0.012333452562972752,0.2717391304347826
2015-11-02 00:00:00-05:00,0.010489797727241615,0.01308722230843746,0.010921831471824859,0.8586956521739131
2015-11-03 00:00:00-05:00,0.002519213096111977,0.013058288364388578,0.012002270178191993,0.6086956521739131
2015-11-04 00:00:00-05:00,-0.0021761191951174584,0.01288224979285453,0.009717328751195171,0.3695652173913043
2015-11-05 00:00:00-05:00,-0.0019479981586973546,0.01326735985607811,0.019142152711951282,0.4673913043478261
2015-11-06 00:00:00-05:00,0.0022825182928018473,0.01386873414347613,0.023655970895330093,0.45652173913043476
2015-11-09 00:00:00-05:00,-0.01073383566220278,0.01405952211773615,0.01235138283539668,0.06521739130434782
2015-11-10 00:00:00-05:00,0.0007034761246940837,0.014018585014465304,0.01210186540993344,0.6304347826086957
2015-11-11 00:00:00-05:00,-0.0017344493239494828,0.014077214786822456,0.010083398864738313,0.4673913043478261
2015-11-12 00:00:00-05:00,-0.013102361449601876,0.013744049732099198,0.009843894011955682,0.06521739130434782
2015-11-13 00:00:00-05:00,-0.010916418139840765,0.013650774768401323,0.013452453235934253,0.11956521739130435
2015-11-16 00:00:00-05:00,0.01556568295162359,0.013733888144623663,0.011642261564577875,0.9456521739130435
2015-11-17 00:00:00-05:00,-0.00010055913286223877,0.013750742253140798,0.011819206695743099,0.41304347826086957
2015-11-18 00:00:00-05:00,0.014451550732763907,0.013929358683725574,0.01686294131237247,0.9565217391304348
2015-11-19 00:00:00-05:00,0.001133239410584299,0.013994651160725796,0.012086823718929255,0.5760869565217391
2015-11-20 00:00:00-05:00,0.00435507885530261,0.013593504952594669,0.011329938971327459,0.6521739130434783
2015-11-23 00:00:00-05:00,-0.00215460799615953,0.012989466159680552,0.008445477529238053,0.29347826086956524
2015-11-24 00:00:00-05:00,0.000386297730975646,0.012881419091323934,0.010702063753700348,0.44565217391304346
2015-11-25 00:00:00-05:00,0.00012658455048385786,0.0125356553232493,0.007554638857966429,0.4673913043478261
2015-11-27 00:00:00-05:00,0.001251895931893173,0.012130453262319475,0.006167149047817931,0.6195652173913043
2015-11-30 00:00:00-05:00,-0.0055862026800393835,0.012027626488506162,0.010363653877531938,0.25
2015-12-01 00:00:00-05:00,0.010722860207291372,0.011923422333703713,0.010145165312121373,0.9021739130434783
2015-12-02 00:00:00-05:00,-0.010042893893492782,0.011929824313214744,0.011056273041556496,0.03260869565217391
2015-12-03 00:00:00-05:00,-0.012350742008618463,0.012071779920465828,0.014983337930464734,0.10869565217391304
2015-12-04 00:00:00-05:00,0.021275132931013935,0.012133296214635962,0.011009170928767987,0.9565217391304348
2015-12-07 00:00:00-05:00,-0.005743963262909158,0.011804818880326992,0.01224412869146296,0.2826086956521739
2015-12-08 00:00:00-05:00,-0.006532189799845695,0.011237390727569109,0.01173997968741453,0.2608695652173913
2015-12-09 00:00:00-05:00,-0.010052854017983065,0.01112766921794859,0.010047231133365735,0.10869565217391304
2015-12-10 00:00:00-05:00,0.0026522033329670343,0.010946428344225576,0.00829580706175015,0.6304347826086957
2015-12-11 00:00:00-05:00,-0.01904035912833896,0.01105459186690507,0.012354832841007718,0.021739130434782608
2015-12-14 00:00:00-05:00,0.005757085055425848,0.011077022904976993,0.01031494581146606,0.7065217391304348
2015-12-15 00:00:00-05:00,0.011561252126129061,0.011187780322192599,0.01577835899746196,0.8260869565217391
2015-12-16 00:00:00-05:00,0.017228601119497148,0.011212070459112608,0.012152354439898096,0.9782608695652174
2015-12-17 00:00:00-05:00,-0.014702067327150818,0.01122490803298747,0.012088795747115182,0.08695652173913043
2015-12-18 00:00:00-05:00,-0.019673904362906048,0.010946122682255807,0.011008448947007556,0.03260869565217391
2015-12-21 00:00:00-05:00,0.00848024903485325,0.010816906168532463,0.009373276930739027,0.8913043478260869
2015-12-22 00:00:00-05:00,0.01027587649606852,0.010833983798307675,0.011688569196606926,0.9347826086956522
2015-12-23 00:00:00-05:00,0.01115233348938519,0.01090752228766425,0.009989785805726112,0.9456521739130435
2015-12-24 00:00:00-05:00,-0.0016043623168691607,0.01065779509916306,0.005457792795175379,0.2717391304347826
2015-12-28 00:00:00-05:00,-0.001445077536680592,0.010663131659995082,0.007666706635438869,0.31521739130434784
2015-12-29 00:00:00-05:00,0.01099257902666866,0.010612700969756519,0.005108104552808128,0.9782608695652174
2015-12-30 00:00:00-05:00,-0.006610732807434534,0.010357448319550275,0.005003348223200805,0.07608695652173914
2015-12-31 00:00:00-05:00,-0.010642582654836953,0.010142125475564806,0.005623385588426537,0.03260869565217391
2016-01-04 00:00:00-05:00,-0.01588272160284896,0.010192820972820305,0.012120878483921944,0.09782608695652174
2016-01-05 00:00:00-05:00,0.0018001389843316838,0.010038608700726332,0.011744880216491333,0.6521739130434783
2016-01-06 00:00:00-05:00,-0.012335340543039716,0.010376402450697169,0.018102839678155513,0.14130434782608695
2016-01-07 00:00:00-05:00,-0.026003780755593488,0.010553413216105917,0.015961354765046704,0.03260869565217391
2016-01-08 00:00:00-05:00,-0.011982303867630075,0.01050245711769546,0.010669901620794916,0.11956521739130435
2016-01-11 00:00:00-05:00,0.005519192581718651,0.010725965249304461,0.01474090189715477,0.75
2016-01-12 00:00:00-05:00,0.008356532906871876,0.010782626774008482,0.009485699080534584,0.7934782608695652
2016-01-13 00:00:00-05:00,-0.025623910184437496,0.0109597989047955,0.016075447587535128,0.043478260869565216
2016-01-14 00:00:00-05:00,0.013720855743445571,0.01110616056988908,0.013388540778431228,0.9021739130434783
2016-01-15 00:00:00-05:00,-0.024382667142488143,0.011146636641809602,0.016628356507792902,0.010869565217391304
2016-01-19 00:00:00-05:00,0.002843211675895025,0.011310917478256879,0.015602252005290904,0.6521739130434783
2016-01-20 00:00:00-05:00,-0.014914572740979239,0.011528374291510667,0.01665538882544476,0.11956521739130435
2016-01-21 00:00:00-05:00,0.00499138832612852,0.012060479527297578,0.022182658898532697,0.6521739130434783
2016-01-22 00:00:00-05:00,0.015771374018373162,0.012585487486404309,0.02039844407198037,0.9130434782608695
2016-01-25 00:00:00-05:00,-0.014475628079676815,0.012801786054527189,0.016230839127187407,0.09782608695652174
2016-01-26 00:00:00-05:00,0.012846450055297465,0.012947611383350604,0.013052117711017776,0.8804347826086957
2016-01-27 00:00:00-05:00,-0.008255772573881853,0.013609802367494293,0.01936380346219288,0.31521739130434784
2016-01-28 00:00:00-05:00,0.0025501394469834766,0.014431609371949887,0.024924653729006388,0.6086956521739131
2016-01-29 00:00:00-05:00,0.025634148217610758,0.015138065548534979,0.019943684261095006,0.9565217391304348
2016-02-01 00:00:00-05:00,0.00013030345850685492,0.015468107019581906,0.011934219115186271,0.4782608695652174
2016-02-02 00:00:00-05:00,-0.021365674524725438,0.016040141093643774,0.017636101143725713,0.08695652173913043
2016-02-03 00:00:00-05:00,0.003596215238477502,0.016552766521562835,0.022886012470222268,0.5978260869565217
2016-02-04 00:00:00-05:00,0.002482157872435504,0.01696899841582101,0.02048574999591301,0.5978260869565217
2016-02-05 00:00:00-05:00,-0.020078353692973998,0.01736964929617953,0.02651650816568447,0.22826086956521738
2016-02-08 00:00:00-05:00,-0.013786929388577287,0.01775010573016022,0.023950939878641175,0.33695652173913043
2016-02-09 00:00:00-05:00,0.0009620029114269327,0.01789707598594668,0.013756276992310612,0.5108695652173914
2016-02-10 00:00:00-05:00,-0.0012618316387349238,0.017935170277706067,0.015540882024101862,0.43478260869565216
2016-02-11 00:00:00-05:00,-0.014302136830197487,0.018452934210050398,0.020358741659765485,0.11956521739130435
2016-02-12 00:00:00-05:00,0.020432567516039016,0.018511159913956934,0.017298187369572424,0.9130434782608695
2016-02-16 00:00:00-05:00,0.01690577540693574,0.018468050737376507,0.012483248070242247,0.9565217391304348
2016-02-17 00:00:00-05:00,0.01694223488845782,0.018486040236161606,0.01700613598228003,0.8804347826086957
2016-02-18 00:00:00-05:00,-0.003192457396617939,0.018518648088026342,0.01628701689445025,0.358695652173913
2016-02-19 00:00:00-05:00,-0.0002378136679355141,0.01821650407428056,0.010310364536783342,0.5108695652173914
2016-02-22 00:00:00-05:00,0.014637139568842144,0.01776804536179475,0.012765025936330754,0.9239130434782609
2016-02-23 00:00:00-05:00,-0.01234867162930519,0.017397811391296474,0.012623530691516607,0.14130434782608695
2016-02-24 00:00:00-05:00,0.003300994141116105,0.017108787397662095,0.010161335260865458,0.6413043478260869
2016-02-25 00:00:00-05:00,0.013587922589392116,0.017116749507763856,0.013219322023154775,0.9565217391304348
2016-02-26 00:00:00-05:00,-0.0018877669728656291,0.016867280823295683,0.014124961088361185,0.41304347826086957
2016-02-29 00:00:00-05:00,-0.0075251144284517145,0.016177408308151925,0.010437330910987513,0.1956521739130435
2016-03-01 00:00:00-05:00,0.024657276072216905,0.016019277406313696,0.016622935322492198,0.9456521739130435
2016-03-02 00:00:00-05:00,0.0046613571853674155,0.01601243398031263,0.01179050716916383,0.6304347826086957
2016-03-03 00:00:00-05:00,0.004522990331371463,0.015754111725736084,0.012211333797618316,0.6847826086956522
2016-03-04 00:00:00-05:00,0.0044344477268331755,0.015255500584653428,0.012415178507486465,0.6195652173913043
2016-03-07 00:00:00-05:00,0.00011853158919399838,0.014990952983628646,0.014930250374392605,0.4782608695652174
2016-03-08 00:00:00-05:00,-0.009588468521476443,0.014491919054146162,0.016036795646552294,0.25
2016-03-09 00:00:00-05:00,0.0029158799510493887,0.013878256108769301,0.011064018025727098,0.5760869565217391
2016-03-10 00:00:00-05:00,0.0006111611087347632,0.013575788744982428,0.007404462352786319,0.4891304347826087
2016-03-11 00:00:00-05:00,0.01657698650009796,0.013597041558034553,0.01598719109819644,0.9239130434782609
2016-03-14 00:00:00-04:00,-0.00018473244067283699,0.013132814891617491,0.01060998166500721,0.41304347826086957
2016-03-15 00:00:00-04:00,-0.002228303859173107,0.012876176165831598,0.011908774128068617,0.5
2016-03-16 00:00:00-04:00,0.005157814984653946,0.0128629727180049,0.012205975665881616,0.7065217391304348
2016-03-17 00:00:00-04:00,0.009464997722684627,0.01293586515732019,0.018536877207901096,0.7717391304347826
2016-03-18 00:00:00-04:00,0.006814901412063944,0.012746233796652861,0.01230475832043637,0.6630434782608695
2016-03-21 00:00:00-04:00,0.0004036321600142309,0.01267880573720039,0.008894375288281466,0.5217391304347826
2016-03-22 00:00:00-04:00,-0.0022024354494480053,0.01244626370780206,0.00788164331896577,0.358695652173913
2016-03-23 00:00:00-04:00,-0.0063246710130663766,0.012397525890738689,0.011600036533185818,0.2608695652173913
2016-03-24 00:00:00-04:00,-8.680449112141474e-05,0.01249152751701363,0.012135369412639232,0.4673913043478261
2016-03-28 00:00:00-04:00,0.0002208636860555813,0.012213549340820988,0.007381780323109296,0.45652173913043476
2016-03-29 00:00:00-04:00,0.00814688789352298,0.011983293693952977,0.009289592504132952,0.8260869565217391
2016-03-30 00:00:00-04:00,0.005529512104409397,0.011928983917548383,0.009296825606491022,0.717391304347826
2016-03-31 00:00:00-04:00,-0.0023151460470691014,0.011479001589009538,0.007173306423176464,0.34782608695652173
2016-04-01 00:00:00-04:00,0.008192207317078043,0.011383206364297896,0.009778807450219343,0.8369565217391305
2016-04-04 00:00:00-04:00,-0.003853328020241404,0.011208728725004244,0.008547303372451623,0.29347826086956524
2016-04-05 00:00:00-04:00,-0.008604198388828765,0.011007680801458461,0.008193172113025034,0.07608695652173914
2016-04-06 00:00:00-04:00,0.009028694844267783,0.010777609473922232,0.010098752496131775,0.8586956521739131
2016-04-07 00:00:00-04:00,-0.01294478640224761,0.010569015149231194,0.011656314828040523,0.06521739130434782
2016-04-08 00:00:00-04:00,0.003599766670250704,0.010397131241684747,0.007454455967251701,0.6630434782608695
2016-04-11 00:00:00-04:00,-0.0014735807818088526,0.010391136775651913,0.00727857856609682,0.33695652173913043
2016-04-12 00:00:00-04:00,0.010266566504030301,0.01005200559239389,0.008865436249777944,0.9565217391304348
2016-04-13 00:00:00-04:00,0.012120307714299889,0.010258947166126051,0.01495575471338257,0.7934782608695652
2016-04-14 00:00:00-04:00,0.0012452433819204348,0.01003652253157973,0.007237856802595921,0.5543478260869565
2016-04-15 00:00:00-04:00,-0.00026297453608462273,0.009830146467076004,0.007872078311303344,0.5652173913043478
2016-04-18 00:00:00-04:00,0.006628576992536503,0.009324759075839907,0.007923741991943048,0.8913043478260869
2016-04-19 00:00:00-04:00,0.0011390300809978361,0.009711440301385172,0.020425064056886922,0.6304347826086957
2016-04-20 00:00:00-04:00,0.0021918973088134557,0.009970559920841454,0.014335887296863407,0.5760869565217391
2016-04-21 00:00:00-04:00,-0.004992258799602222,0.010156275855187849,0.011781677940240062,0.2608695652173913
2016-04-22 00:00:00-04:00,0.005692144929280467,0.011817705473261744,0.0464900585127376,0.6521739130434783
2016-04-25 00:00:00-04:00,-0.00270936959991729,0.012049304989739065,0.016998959258662984,0.44565217391304346
2016-04-26 00:00:00-04:00,0.0024282207756778835,0.01229049555750806,0.012446782246258226,0.6304347826086957
2016-04-27 00:00:00-04:00,0.0033437734957632247,0.012418823826703637,0.011984486157240015,0.7391304347826086
2016-04-28 00:00:00-04:00,-0.010862011225931919,0.012637663707513156,0.01389246310349098,0.10869565217391304
2016-04-29 00:00:00-04:00,-0.00605050781526186,0.013124139690400835,0.017389302063817686,0.2608695652173913
2016-05-02 00:00:00-04:00,0.009276788762913735,0.013095363398525966,0.009174505320847084,0.8804347826086957
2016-05-03 00:00:00-04:00,-0.009791310155841119,0.013208078633319692,0.010914323303119863,0.16304347826086957
2016-05-04 00:00:00-04:00,-0.007325647965437584,0.013438680965930679,0.013035821097855808,0.2826086956521739
2016-05-05 00:00:00-04:00,-0.0009061445665617755,0.013364222729341922,0.008535129527767834,0.5217391304347826
2016-05-06 00:00:00-04:00,0.004087527303896609,0.013160674133892674,0.007381794323606301,0.7934782608695652
2016-05-09 00:00:00-04:00,-0.00027939728952275594,0.013207674421022164,0.008441461996970998,0.5108695652173914
2016-05-10 00:00:00-04:00,0.013221056902986082,0.013206198560335234,0.007247585491671281,0.9456521739130435
2016-05-11 00:00:00-04:00,-0.009263563497405003,0.013345542851856088,0.011791666371715886,0.11956521739130435
2016-05-12 00:00:00-04:00,0.00011029952933461714,0.013015319033529461,0.008021054528523445,0.5760869565217391
2016-05-13 00:00:00-04:00,-0.0076945063929127625,0.0135063825107955,0.017550189825182746,0.09782608695652174
2016-05-16 00:00:00-04:00,0.009592034045240321,0.01351201719094232,0.007990406594386516,0.9130434782608695
2016-05-17 00:00:00-04:00,-0.009648663099611668,0.013525253216673229,0.008201698532292143,0.11956521739130435
2016-05-18 00:00:00-04:00,0.00240004350664004,0.013447682181881233,0.01879607232625501,0.5108695652173914
2016-05-19 00:00:00-04:00,-0.004050162997115545,0.013462016681868078,0.014636911796587203,0.2391304347826087
2016-05-20 00:00:00-04:00,0.006478569535576847,0.013350928844639356,0.009448833358436864,0.7717391304347826
2016-05-23 00:00:00-04:00,-0.001790809969165337,0.011513418241131269,0.007902335839067772,0.32608695652173914
2016-05-24 00:00:00-04:00,0.013765647004159826,0.01110135003515705,0.008345526933204433,0.9565217391304348
2016-05-25 00:00:00-04:00,0.006962733114966513,0.010928343049326796,0.008813635543822855,0.7717391304347826
2016-05-26 00:00:00-04:00,0.0001322711306127544,0.010793382017363481,0.009150304486010384,0.40217391304347827
2016-05-27 00:00:00-04:00,0.004445463200559377,0.010475866359127386,0.00722463428053303,0.7934782608695652
2016-05-31 00:00:00-04:00,-0.0021482472139845816,0.010002166670049445,0.007441608593180887,0.34782608695652173
2016-06-01 00:00:00-04:00,0.0010184678824811523,0.009919781904314065,0.007444425240404097,0.6195652173913043
2016-06-02 00:00:00-04:00,0.001353246212144175,0.009833947277315432,0.00911179613614859,0.6304347826086957
2016-06-03 00:00:00-04:00,-0.0030815616479822924,0.00986130594342274,0.013610353086109295,0.42391304347826086
2016-06-06 00:00:00-04:00,0.006232740461706088,0.010004794104097563,0.011548380901939118,0.7608695652173914
2016-06-07 00:00:00-04:00,0.0006661695028243881,0.010050816524195781,0.008348265145668842,0.4782608695652174
2016-06-08 00:00:00-04:00,0.003492581102803956,0.009987040396386575,0.007102163312977695,0.6847826086956522
2016-06-09 00:00:00-04:00,-0.002025149073648851,0.010055108389670017,0.008677013350623534,0.45652173913043476
2016-06-10 00:00:00-04:00,-0.009600923334976409,0.00999041771469399,0.010433162197219315,0.14130434782608695
2016-06-13 00:00:00-04:00,-0.0066400617692973975,0.009962376285176593,0.007432184508658119,0.15217391304347827
2016-06-14 00:00:00-04:00,-0.002916428575630198,0.009724306901869702,0.012550732775738023,0.4891304347826087
2016-06-15 00:00:00-04:00,-0.0016399646179390387,0.009652826578188323,0.006489319797077563,0.34782608695652173
2016-06-16 00:00:00-04:00,0.004624363219454971,0.009724511318526132,0.009707078079386118,0.8043478260869565
2016-06-17 00:00:00-04:00,-0.0020879871062180967,0.0095281621582385,0.014672739960214754,0.3804347826086957
2016-06-20 00:00:00-04:00,0.005951555793820562,0.009221454969374604,0.008196060830445403,0.8478260869565217
2016-06-21 00:00:00-04:00,0.0024155102726472004,0.009243464164629407,0.00991102645878771,0.6630434782608695
2016-06-22 00:00:00-04:00,-0.0031389464709486808,0.009488337779930725,0.013044681760395459,0.33695652173913043
2016-06-23 00:00:00-04:00,0.014869366308572593,0.00958015813320299,0.010273754351922028,0.967391304347826
2016-06-24 00:00:00-04:00,-0.040563984998249925,0.01047812660265561,0.02767097340232782,0.043478260869565216
2016-06-27 00:00:00-04:00,-0.01773003203844754,0.011009076308947898,0.020300248318148438,0.17391304347826086
2016-06-28 00:00:00-04:00,0.017871142030798256,0.011256391147040986,0.012418245880487894,0.967391304347826
2016-06-29 00:00:00-04:00,0.017604182916528658,0.011447239008349288,0.011449413680655246,0.9347826086956522
2016-06-30 00:00:00-04:00,0.01291520023386442,0.011690441542888674,0.012551678465731207,0.9347826086956522
2016-07-01 00:00:00-04:00,0.0014749372064759953,0.011695591365522628,0.009219942411461582,0.5543478260869565
2016-07-05 00:00:00-04:00,-0.0024160198283442874,0.013542884383196053,0.052403506457251225,0.33695652173913043
2016-07-06 00:00:00-04:00,0.0049797206654492426,0.013395066512192844,0.00844420561087173,0.7934782608695652
2016-07-07 00:00:00-04:00,0.001165164399629633,0.013497948582413747,0.010508788620307833,0.532608695652174
2016-07-08 00:00:00-04:00,0.01637046659337503,0.01356202841947667,0.008447839891299049,0.9891304347826086
2016-07-11 00:00:00-04:00,0.003973008050440608,0.013492076227698335,0.007208017323278471,0.782608695652174
2016-07-12 00:00:00-04:00,0.007545898610229504,0.013553757494088579,0.011728468791414495,0.75
2016-07-13 00:00:00-04:00,0.0004919119001582661,0.013527040826100548,0.006871134480909483,0.5652173913043478
2016-07-14 00:00:00-04:00,0.006632235657064852,0.013357237655016795,0.008984866182979154,0.8043478260869565
2016-07-15 00:00:00-04:00,-0.0007242870384275587,0.01332134773814698,0.00573563154281146,0.4891304347826087
2016-07-18 00:00:00-04:00,0.002627288024547703,0.013317362195283275,0.009623381679248335,0.5434782608695652
2016-07-19 00:00:00-04:00,-0.002144109921880914,0.013406092811558861,0.01653608290200206,0.45652173913043476
2016-07-20 00:00:00-04:00,0.004118906498633281,0.0134390441139943,0.008888038181589682,0.6739130434782609
2016-07-21 00:00:00-04:00,-0.004782069842592384,0.013569822922992858,0.012657381447757339,0.22826086956521738
2016-07-22 00:00:00-04:00,0.005793472188082908,0.013620006275995538,0.014098532173451778,0.782608695652174
2016-07-25 00:00:00-04:00,-9.701358961164644e-05,0.01391431517570811,0.01645424124588598,0.391304347826087
2016-07-26 00:00:00-04:00,0.0016983531192435871,0.013427790079772864,0.017453946387687654,0.5543478260869565
2016-07-27 00:00:00-04:00,-0.0014025698656945772,0.01303083462523695,0.011964183772894358,0.40217391304347827
2016-07-28 00:00:00-04:00,-0.00011651498840449508,0.013017156727355782,0.01213101002498332,0.4891304347826087
2016-07-29 00:00:00-04:00,0.0009518490813398599,0.012899245765074315,0.008973283472744406,0.5434782608695652
2016-08-01 00:00:00-04:00,-0.00020164182351222972,0.012803804666901957,0.010547415404111759,0.5108695652173914
2016-08-02 00:00:00-04:00,-0.007604325395039869,0.01293666859612468,0.012010084925138716,0.13043478260869565
2016-08-03 00:00:00-04:00,0.0029543270050118196,0.010990950598674769,0.011543428510803094,0.5652173913043478
2016-08-04 00:00:00-04:00,-0.0005761824465424,0.011134710028073374,0.011463153628242448,0.5
2016-08-05 00:00:00-04:00,0.01006341435464463,0.011807828327591734,0.024644272910193377,0.8695652173913043
2016-08-08 00:00:00-04:00,-0.0011878420133019127,0.011781613570193344,0.007897329985932853,0.40217391304347827
2016-08-09 00:00:00-04:00,0.00020675799232829268,0.011737573595289501,0.00628317785029778,0.5978260869565217
2016-08-10 00:00:00-04:00,-0.0030369362169601647,0.011560396514222474,0.008007750089006947,0.3804347826086957
2016-08-11 00:00:00-04:00,0.004788047453068721,0.011560482617702017,0.006872942653979848,0.8043478260869565
2016-08-12 00:00:00-04:00,-0.0001483722313352304,0.011515272298667967,0.008035449483264113,0.391304347826087
2016-08-15 00:00:00-04:00,0.0027116862769582285,0.011689355927350722,0.009391387745149315,0.6086956521739131
2016-08-16 00:00:00-04:00,-0.0041344507486547975,0.011638701158761425,0.008559631538873066,0.22826086956521738
2016-08-17 00:00:00-04:00,0.0007711075508433617,0.01142260114397258,0.011997982591436323,0.6304347826086957
2016-08-18 00:00:00-04:00,0.0017413851978600695,0.011393414539418823,0.008275119485960818,0.5217391304347826
2016-08-19 00:00:00-04:00,-0.0009966921989698282,0.011343406991949658,0.011607222950904893,0.40217391304347827
2016-08-22 00:00:00-04:00,-0.00015582137805363996,0.01088997088598102,0.0045763739481103575,0.4782608695652174
2016-08-23 00:00:00-04:00,0.002305150735414909,0.010392717836497926,0.006011927206740993,0.6739130434782609
2016-08-24 00:00:00-04:00,-0.004077932080459627,0.009911664880281435,0.007351834307141355,0.2717391304347826
2016-08-25 00:00:00-04:00,-0.00037086240551264355,0.009724723319157205,0.00803841098928551,0.532608695652174
2016-08-26 00:00:00-04:00,-0.0007976678612586581,0.009523902894225436,0.007913781101416186,0.43478260869565216
2016-08-29 00:00:00-04:00,0.004507910456241179,0.009365057001401948,0.005637519723451118,0.8260869565217391
2016-08-30 00:00:00-04:00,-0.0012367307283628753,0.00931583567270388,0.009513767501452382,0.2826086956521739
2016-08-31 00:00:00-04:00,-0.0012516404671235597,0.009028803542242652,0.005982410185452922,0.41304347826086957
2016-09-01 00:00:00-04:00,-0.0011413239098028145,0.00892757200533582,0.009417566235759641,0.4782608695652174
2016-09-02 00:00:00-04:00,0.0034380404753051423,0.008679949115923884,0.006263072950591776,0.7717391304347826
2016-09-06 00:00:00-04:00,0.0016920022686453548,0.00794739442606325,0.009260624423120093,0.532608695652174
2016-09-07 00:00:00-04:00,-0.002647313407078167,0.008035610251516966,0.009749862320460847,0.3804347826086957
2016-09-08 00:00:00-04:00,-0.0021812832695123595,0.008375037218339832,0.01341114415357797,0.45652173913043476
2016-09-09 00:00:00-04:00,-0.024148198648266596,0.008551293746550732,0.011709137181435837,0.010869565217391304
2016-09-12 00:00:00-04:00,0.01458073476324535,0.008559328391416219,0.00704167019615509,0.9891304347826086
2016-09-13 00:00:00-04:00,-0.014935403039101685,0.008562225675766116,0.008096292454611942,0.021739130434782608
2016-09-14 00:00:00-04:00,-0.0002607255861489631,0.008593415399558177,0.010046371944782579,0.42391304347826086
2016-09-15 00:00:00-04:00,0.009648450781719959,0.008535229241330534,0.007337722216092572,0.967391304347826
2016-09-16 00:00:00-04:00,-0.00412095827626776,0.00843614816510205,0.009917279990638152,0.2717391304347826
2016-09-19 00:00:00-04:00,0.000714408487642091,0.008400275190367203,0.007521787016529036,0.5543478260869565
2016-09-20 00:00:00-04:00,0.001049755569712863,0.008199017082067054,0.007380802676601785,0.5543478260869565
2016-09-21 00:00:00-04:00,0.011222474863519074,0.008562926900615867,0.01221848013763543,0.9347826086956522
2016-09-22 00:00:00-04:00,0.0061761788104715745,0.008583975095714017,0.006453939303802119,0.8695652173913043
2016-09-23 00:00:00-04:00,-0.0051570948816493664,0.008663063497950643,0.009012690754110517,0.20652173913043478
2016-09-26 00:00:00-04:00,-0.009506469575274491,0.008661792081651147,0.008011711246996112,0.09782608695652174
2016-09-27 00:00:00-04:00,0.007368646838560002,0.008726017302977123,0.009262510749261692,0.8478260869565217
2016-09-28 00:00:00-04:00,0.003772346288158027,0.009057630003734185,0.012601386439349395,0.5978260869565217
2016-09-29 00:00:00-04:00,-0.007565974688575784,0.009242956616284522,0.013405626365009457,0.17391304347826086
2016-09-30 00:00:00-04:00,0.00923428198396724,0.009433244307060521,0.00997845169174893,0.8260869565217391
2016-10-03 00:00:00-04:00,-0.0029817352596242363,0.009370018163342864,0.008089817217688797,0.2826086956521739
2016-10-04 00:00:00-04:00,-0.004106815485574247,0.009509538680575141,0.009193003812469616,0.2826086956521739
2016-10-05 00:00:00-04:00,0.004330805901725298,0.00969557071242795,0.01316729709202907,0.6195652173913043
2016-10-06 00:00:00-04:00,7.89620547991689e-06,0.009696354233151152,0.00976631625564809,0.44565217391304346
2016-10-07 00:00:00-04:00,-0.002944846925300504,0.009575949854512458,0.010882652202165399,0.358695652173913
2016-10-10 00:00:00-04:00,0.002548811589996536,0.009732111514455456,0.014988532040238773,0.6630434782608695
2016-10-11 00:00:00-04:00,-0.012899590641493468,0.00987257432689114,0.009991389257304485,0.06521739130434782
2016-10-12 00:00:00-04:00,0.0016889756597853896,0.009849563100369253,0.007613056697652299,0.6086956521739131
2016-10-13 00:00:00-04:00,-0.0035277552511792936,0.009775722059474762,0.008495710085998281,0.2826086956521739
2016-10-14 00:00:00-04:00,0.002184741198509477,0.009860770096981723,0.009123731003738757,0.5869565217391305
2016-10-17 00:00:00-04:00,-0.0036995906129318364,0.009666792497379836,0.005843750398998513,0.2391304347826087
2016-10-18 00:00:00-04:00,0.007775511205076231,0.010275078184070339,0.02029578643702959,0.8152173913043478
2016-10-19 00:00:00-04:00,0.0017763469204529463,0.010435095846721648,0.010741173592279276,0.6195652173913043
2016-10-20 00:00:00-04:00,0.000818594637231686,0.010578786748270235,0.015235989070155763,0.391304347826087
2016-10-21 00:00:00-04:00,-0.000474397175557395,0.010862942575222242,0.012421211669794267,0.391304347826087
2016-10-24 00:00:00-04:00,0.007342926678527088,0.011121914156056205,0.014451093951623735,0.7717391304347826
2016-10-25 00:00:00-04:00,-0.002109974794546293,0.011464847777528177,0.015213317297907562,0.33695652173913043
2016-10-26 00:00:00-04:00,-0.00010338735166720373,0.011586499490211778,0.011817196715617257,0.532608695652174
2016-10-27 00:00:00-04:00,-0.001199339335530452,0.011551016905752219,0.011856252165698692,0.3804347826086957
2016-10-28 00:00:00-04:00,-0.002417927229890106,0.011740861639994623,0.01739236578409994,0.42391304347826086
2016-10-31 00:00:00-04:00,-0.0004887916691984741,0.01172751407404436,0.009698152806793401,0.5217391304347826
2016-11-01 00:00:00-04:00,-0.007389742099216921,0.011713293428964535,0.007791183671012469,0.11956521739130435
2016-11-02 00:00:00-04:00,-0.006345467178121911,0.011743581595614165,0.00982905531211184,0.22826086956521738
2016-11-03 00:00:00-04:00,-0.00321958965775444,0.011572583687254124,0.00957634101646822,0.3804347826086957
2016-11-04 00:00:00-04:00,-0.00240989454479854,0.011486356372259896,0.007955542640769258,0.30434782608695654
2016-11-07 00:00:00-05:00,0.023185811227821176,0.011401868930602441,0.009108415927358893,1.0
2016-11-08 00:00:00-05:00,0.0033443637273256133,0.011494596094776653,0.016935802487897195,0.7608695652173914
2016-11-09 00:00:00-05:00,0.01179473286689096,0.012462071851965531,0.030308380158270906,0.6195652173913043
2016-11-10 00:00:00-05:00,0.0013413494448881419,0.01354628287478674,0.03038148817689769,0.5543478260869565
2016-11-11 00:00:00-05:00,0.0035001562894679057,0.014573876113408914,0.030075168097063985,0.5543478260869565
2016-11-14 00:00:00-05:00,-0.001065877102550716,0.01510362727664238,0.020248505431641573,0.4673913043478261
2016-11-15 00:00:00-05:00,0.006012656066081402,0.015399130348391889,0.012049314905738134,0.6847826086956522
2016-11-16 00:00:00-05:00,-2.926268081569191e-05,0.0152855429149406,0.01791045033455255,0.44565217391304346
2016-11-17 00:00:00-05:00,0.00471122301010807,0.015477667286920075,0.014775785403848251,0.6521739130434783
2016-11-18 00:00:00-05:00,-0.000643278693211906,0.015201272082214078,0.009431689771329825,0.43478260869565216
2016-11-21 00:00:00-05:00,0.00579616645639936,0.015013394401730884,0.008475780379647215,0.8043478260869565
2016-11-22 00:00:00-05:00,0.00118096864943714,0.015025483436194201,0.014704963675353396,0.6195652173913043
2016-11-23 00:00:00-05:00,0.0009504312995151605,0.015025374961298113,0.015211039325089675,0.5869565217391305
2016-11-25 00:00:00-05:00,0.00427365703110025,0.014700004616870807,0.004984419482643844,0.8260869565217391
2016-11-28 00:00:00-05:00,-0.00493480936569112,0.014619066569223193,0.010156553165098779,0.30434782608695654
2016-11-29 00:00:00-05:00,0.0019075110158796938,0.014187442029122022,0.008328250441975401,0.5434782608695652
2016-11-30 00:00:00-05:00,-0.004425995615715101,0.014628294238330442,0.018956049200170206,0.31521739130434784
2016-12-01 00:00:00-05:00,-0.0036283943417620267,0.015198718940107988,0.019770102408340928,0.43478260869565216
2016-12-02 00:00:00-05:00,0.0009871054023106389,0.015242209448257596,0.010742355983253621,0.5217391304347826
2016-12-05 00:00:00-05:00,0.005532429670018244,0.015307184070863955,0.010940808091201706,0.6521739130434783
2016-12-06 00:00:00-05:00,0.004185968719681437,0.015524625625479389,0.012521815287693382,0.6086956521739131
2016-12-07 00:00:00-05:00,0.014879823068116244,0.0156902393915205,0.01258630501422226,0.9021739130434783
2016-12-08 00:00:00-05:00,0.0018033910403798129,0.015530155128822366,0.013574032971236388,0.5108695652173914
2016-12-09 00:00:00-05:00,0.0062636518088639735,0.01459221724636671,0.01061168462670213,0.717391304347826
2016-12-12 00:00:00-05:00,-0.00022078162036963045,0.013699379984514135,0.0116319056779936,0.45652173913043476
2016-12-13 00:00:00-05:00,0.007198031708025752,0.012655812039159206,0.008160241244610475,0.8260869565217391
2016-12-14 00:00:00-05:00,-0.006523756637121039,0.012221152663830474,0.011120658549738179,0.22826086956521738
2016-12-15 00:00:00-05:00,0.004676915680367792,0.012161033029540797,0.010786802585654953,0.6630434782608695
2016-12-16 00:00:00-05:00,-0.0035915375967543956,0.011873344805646105,0.011868997632764004,0.358695652173913
2016-12-19 00:00:00-05:00,0.0033406772636095155,0.011545375852580758,0.007888437389475958,0.6956521739130435
2016-12-20 00:00:00-05:00,0.005004452021471152,0.011589687412364966,0.010362232526798213,0.7717391304347826
2016-12-21 00:00:00-05:00,-0.0035675276405052548,0.011573169185959655,0.008128897625135694,0.22826086956521738
2016-12-22 00:00:00-05:00,-0.002140538956377694,0.011261452522724568,0.008158913747416554,0.4673913043478261
2016-12-23 00:00:00-05:00,0.0013127178995271241,0.010777774191189058,0.0050537943628439505,0.5869565217391305
2016-12-27 00:00:00-05:00,0.0025860193559062096,0.010963824465378939,0.008891475240631351,0.717391304347826
2016-12-28 00:00:00-05:00,-0.009205409751417088,0.010895482233763049,0.008721366301165089,0.021739130434782608
2016-12-29 00:00:00-05:00,-0.00012794360234030135,0.010778857468835007,0.005879130378486504,0.532608695652174
2016-12-30 00:00:00-05:00,-0.0051981937656653335,0.01020392076312055,0.006882378380166593,0.17391304347826086
2017-01-03 00:00:00-05:00,0.008741509812896005,0.00982666466710109,0.011847724391932313,0.8152173913043478
2017-01-04 00:00:00-05:00,0.005703713051632996,0.009748801981876437,0.009107239593535887,0.7391304347826086
2017-01-05 00:00:00-05:00,-0.0015052532898626558,0.0097345293812267,0.010641083477557208,0.4673913043478261
2017-01-06 00:00:00-05:00,0.004878674270400568,0.009570521255206977,0.009077644641279192,0.6956521739130435
2017-01-09 00:00:00-05:00,-0.002832976860115137,0.009414623082037124,0.009312443377655376,0.31521739130434784
2017-01-10 00:00:00-05:00,0.00014100369510333883,0.00918645258361804,0.008782452504435606,0.44565217391304346
2017-01-11 00:00:00-05:00,0.001987915928262681,0.00921291667795784,0.011167430607837972,0.6956521739130435
2017-01-12 00:00:00-05:00,-0.002851592869365772,0.009041205443450825,0.008025969753346272,0.30434782608695654
2017-01-13 00:00:00-05:00,0.0015969300744826864,0.008967142584381301,0.006604921204150465,0.5869565217391305
2017-01-17 00:00:00-05:00,-0.004900372854984156,0.009190831403327786,0.015818123747614366,0.34782608695652173
2017-01-18 00:00:00-05:00,0.002284983523138856,0.009182573476878175,0.010613386130213107,0.6086956521739131
2017-01-19 00:00:00-05:00,-0.0024996220556207727,0.0090808394967833,0.009732584050771627,0.32608695652173914
2017-01-20 00:00:00-05:00,0.0022743425737964383,0.009472139477936101,0.01610573699368476,0.6847826086956522
2017-01-23 00:00:00-05:00,-0.0034038733574429363,0.009755517801441722,0.01631317732041626,0.33695652173913043
2017-01-24 00:00:00-05:00,0.006615903609825125,0.010006344149094355,0.013396250925840989,0.7608695652173914
2017-01-25 00:00:00-05:00,0.006989609432873047,0.010139300447990753,0.0109509960242409,0.75
2017-01-26 00:00:00-05:00,-0.0008088845013778518,0.010493355745147617,0.012488955603138098,0.45652173913043476
2017-01-27 00:00:00-05:00,4.018331969689624e-05,0.01071484455558319,0.01354274025977841,0.5108695652173914
2017-01-30 00:00:00-05:00,-0.005345361738047873,0.010738442973846407,0.009216933084692616,0.25
2017-01-31 00:00:00-05:00,-0.001766183366597963,0.011230161136165656,0.016205211787190775,0.3804347826086957
2017-02-01 00:00:00-05:00,0.0007776376709424755,0.011841480555604115,0.0197200861883742,0.41304347826086957
2017-02-02 00:00:00-05:00,-0.0004921335238779079,0.011926184702754123,0.013626511482082474,0.4782608695652174
2017-02-03 00:00:00-05:00,0.00936857224071416,0.012108260271067312,0.012930826528112898,0.8478260869565217
2017-02-06 00:00:00-05:00,-0.0008713675283745688,0.012227534221984143,0.013145836446810636,0.31521739130434784
2017-02-07 00:00:00-05:00,0.00218422470523818,0.012218906082120371,0.008896453704140002,0.5978260869565217
2017-02-08 00:00:00-05:00,-0.0004042121637455336,0.012356668733651967,0.012205459059818862,0.5217391304347826
2017-02-09 00:00:00-05:00,0.004265024646476235,0.012395895271385344,0.009606209796836521,0.7717391304347826
2017-02-10 00:00:00-05:00,0.004113731668747383,0.012220141901444043,0.007476609839070681,0.75
2017-02-13 00:00:00-05:00,0.005449622925700442,0.012292611389275279,0.009547828997802193,0.8043478260869565
2017-02-14 00:00:00-05:00,0.004425561090860915,0.012370087640122334,0.008231922471938595,0.6847826086956522
2017-02-15 00:00:00-05:00,0.005131160262973332,0.012261326945319676,0.013534149156758567,0.8043478260869565
2017-02-16 00:00:00-05:00,-0.000490903984983701,0.012240220695263546,0.010170154879034398,0.4782608695652174
2017-02-17 00:00:00-05:00,0.0023549770335847546,0.01226660750247843,0.010286707002284203,0.6847826086956522
2017-02-21 00:00:00-05:00,0.00801186758230342,0.012005651365010406,0.010625658106856256,0.8695652173913043
2017-02-22 00:00:00-05:00,-0.00012647377421551377,0.011537055342988998,0.00647266085796666,0.4782608695652174
2017-02-23 00:00:00-05:00,-3.307564006279729e-05,0.011547833511467851,0.013622592463896945,0.5978260869565217
2017-02-24 00:00:00-05:00,0.0019843541883835915,0.01146533993085024,0.009218630831271083,0.6304347826086957
2017-02-27 00:00:00-05:00,0.0017929694717574898,0.011422971249949135,0.011599213304214828,0.5543478260869565
2017-02-28 00:00:00-05:00,-0.003694192044278874,0.01158961093165033,0.017042173575503552,0.34782608695652173
2017-03-01 00:00:00-05:00,0.013414638719071404,0.011871242765371853,0.015131201592844605,0.8804347826086957
2017-03-02 00:00:00-05:00,-0.006159984394957901,0.011654969328087758,0.011663469604224761,0.2826086956521739
2017-03-03 00:00:00-05:00,-0.0007361966662945231,0.011210299743721994,0.010382024916693123,0.45652173913043476
2017-03-06 00:00:00-05:00,-0.003137183250838807,0.010844168103155102,0.005937747030177772,0.25
2017-03-07 00:00:00-05:00,-0.0019597269445224205,0.010521106579367438,0.006146534528571982,0.3804347826086957
2017-03-08 00:00:00-05:00,-0.0016313509093308087,0.01029869866620888,0.0084752702704809,0.42391304347826086
2017-03-09 00:00:00-05:00,0.0004597765246494274,0.010221053675971491,0.007265908909154854,0.5869565217391305
2017-03-10 00:00:00-05:00,0.0035246803459354397,0.009979808872801825,0.007139318193255859,0.7391304347826086
2017-03-13 00:00:00-04:00,0.0008742703296781603,0.009858587558374862,0.007060562193870251,0.5869565217391305
2017-03-14 00:00:00-04:00,-0.003230949050495339,0.00978233993388616,0.005875409724807984,0.29347826086956524
2017-03-15 00:00:00-04:00,0.006933662550788449,0.009704140593538055,0.007905642850492002,0.7934782608695652
2017-03-16 00:00:00-04:00,-0.0009770693859427284,0.00975591450567093,0.009319174626728943,0.42391304347826086
2017-03-17 00:00:00-04:00,-0.0014080976108677885,0.00968899377802945,0.01212881387628751,0.5
2017-03-20 00:00:00-04:00,-0.0019543076650168282,0.009713015005361479,0.010674600653006981,0.3695652173913043
2017-03-21 00:00:00-04:00,-0.011984728972955872,0.009886066153569305,0.013920781114648567,0.13043478260869565
2017-03-22 00:00:00-04:00,0.0009250172944511295,0.009884446412547225,0.01059164354539258,0.6086956521739131
2017-03-23 00:00:00-04:00,-0.0022331064351449217,0.009972973290175834,0.008331725288167434,0.34782608695652173
2017-03-24 00:00:00-04:00,-0.0011444550607146232,0.00960423468436719,0.005879081741915416,0.40217391304347827
2017-03-27 00:00:00-04:00,-0.001710893029158176,0.00947315634119356,0.006465985624624825,0.45652173913043476
2017-03-28 00:00:00-04:00,0.006937010208462396,0.009268692299980286,0.0073054684387361185,0.8369565217391305
2017-03-29 00:00:00-04:00,0.00037630177323639484,0.008760020885321736,0.006360073867673991,0.43478260869565216
2017-03-30 00:00:00-04:00,0.004809060774942006,0.008600578264803496,0.011782906561961562,0.6847826086956522
2017-03-31 00:00:00-04:00,-0.0022722388815795786,0.008374755965766506,0.006921201324447984,0.2717391304347826
2017-04-03 00:00:00-04:00,-0.0016670436583520612,0.008167391014467739,0.006027360939419023,0.3695652173913043
2017-04-04 00:00:00-04:00,-0.00024735128407362615,0.00839125145020816,0.010638816180726578,0.5217391304347826
2017-04-05 00:00:00-04:00,-0.0034464555304139837,0.00841668841481227,0.006680710785258297,0.25
2017-04-06 00:00:00-04:00,0.0009383261855157302,0.008454763981942124,0.009274857180207841,0.6086956521739131
2017-04-07 00:00:00-04:00,-0.0005147023826763151,0.008368124419448406,0.005446478096786768,0.3804347826086957
2017-04-10 00:00:00-04:00,-0.00019533529482180945,0.008354574118869425,0.0068547618810972525,0.5
2017-04-11 00:00:00-04:00,-0.0012277177345475815,0.008263784056638235,0.005153970887015286,0.3695652173913043
2017-04-12 00:00:00-04:00,-0.004915982451482354,0.008446867908482565,0.009720170613538883,0.30434782608695654
2017-04-13 00:00:00-04:00,-0.007099663128149257,0.008425188447551194,0.007450374170933221,0.10869565217391304
2017-04-17 00:00:00-04:00,0.009654945053703038,0.008416488072263733,0.009136466745692275,0.967391304347826
2017-04-18 00:00:00-04:00,-0.0020786976178580226,0.008261109108718898,0.008865855641845973,0.40217391304347827
2017-04-19 00:00:00-04:00,-0.002275795117321807,0.008138354886994997,0.008096761996805079,0.34782608695652173
2017-04-20 00:00:00-04:00,0.0076155013932387786,0.008034313619089902,0.011735914488641572,0.8152173913043478
2017-04-21 00:00:00-04:00,-0.0027613469097216353,0.007905549068253895,0.00788758797783643,0.33695652173913043
2017-04-24 00:00:00-04:00,0.011370831224778211,0.007981750512764205,0.009931955622883926,0.9021739130434783
2017-04-25 00:00:00-04:00,0.007192526755505188,0.008339546665635657,0.013392800952215917,0.8043478260869565
2017-04-26 00:00:00-04:00,-0.00017900626450366965,0.008513475996760968,0.010118501578256365,0.4673913043478261
2017-04-27 00:00:00-04:00,0.002202588418734219,0.008632247482722701,0.009799669643932498,0.6195652173913043
2017-04-28 00:00:00-04:00,-0.003037464479110058,0.00881632090814567,0.010225615801556365,0.34782608695652173
2017-05-01 00:00:00-04:00,0.0014051357682851662,0.008688252521977373,0.009093470452427291,0.4782608695652174
2017-05-02 00:00:00-04:00,-0.00284672780772074,0.009812419293560169,0.03052870352768671,0.6195652173913043
2017-05-03 00:00:00-04:00,0.0006675093857687469,0.009972730544533086,0.009393897209850276,0.5543478260869565
2017-05-04 00:00:00-04:00,0.001535456901669187,0.009896885357839811,0.009046067260167812,0.5652173913043478
2017-05-05 00:00:00-04:00,0.0024816912357578896,0.009929202336868425,0.007359367344859181,0.6521739130434783
2017-05-08 00:00:00-04:00,-0.0009120921095038105,0.009795412839095272,0.006465277726971647,0.358695652173913
2017-05-09 00:00:00-04:00,-0.0013824612647311057,0.009856306332091953,0.006725241449717061,0.41304347826086957
2017-05-10 00:00:00-04:00,0.00203268250498648,0.010495806776486287,0.020284271213378252,0.5543478260869565
2017-05-11 00:00:00-04:00,-0.0013826161484339278,0.010702344915522407,0.009491271806773838,0.41304347826086957
2017-05-12 00:00:00-04:00,-0.0006672150817950012,0.010637027863894886,0.008348512529360945,0.44565217391304346
2017-05-15 00:00:00-04:00,0.0063288510339708495,0.010675684583945964,0.008262165292005838,0.8478260869565217
2017-05-16 00:00:00-04:00,0.0006829628856582701,0.010903152953817864,0.013913302513002159,0.4891304347826087
2017-05-17 00:00:00-04:00,-0.018631320295109145,0.011499574576643504,0.021390709721184436,0.15217391304347827
2017-05-18 00:00:00-04:00,0.0031223935930072707,0.011700219148114203,0.012310297997689772,0.6630434782608695
2017-05-19 00:00:00-04:00,0.007144006997741032,0.011517661234827043,0.007902198309611174,0.8369565217391305
2017-05-22 00:00:00-04:00,0.0046474585568413145,0.01157598885889747,0.009112468083315384,0.75
2017-05-23 00:00:00-04:00,0.0022041388974149406,0.011432232787517586,0.0069130781239063925,0.6413043478260869
2017-05-24 00:00:00-04:00,0.00254545258327017,0.011160488321809128,0.007686167172338282,0.6413043478260869
2017-05-25 00:00:00-04:00,0.005388215591386525,0.011102501273325138,0.00890077356009257,0.7717391304347826
2017-05-26 00:00:00-04:00,0.0007250872729747721,0.0109310458432711,0.006199105612797756,0.5217391304347826
2017-05-30 00:00:00-04:00,-0.00037682349094733366,0.010820199710663505,0.007897847016796801,0.5
2017-05-31 00:00:00-04:00,-0.000329730812593316,0.010788922640799777,0.00843665198528905,0.532608695652174
2017-06-01 00:00:00-04:00,0.006679981101158451,0.009757487185487277,0.00886855896612421,0.8478260869565217
2017-06-02 00:00:00-04:00,0.003846111598601113,0.009855040367926178,0.011442514041067178,0.6630434782608695
2017-06-05 00:00:00-04:00,-0.0009302328637961755,0.009840051150422205,0.008731293692584385,0.5
2017-06-06 00:00:00-04:00,-0.0030143948535518218,0.009952982644484895,0.009730928720175652,0.2717391304347826
2017-06-07 00:00:00-04:00,0.0019483701427048957,0.010014996520358069,0.007767569120308295,0.6304347826086957
2017-06-08 00:00:00-04:00,0.001703965704124461,0.010298975380626034,0.01268879751534436,0.5
2017-06-09 00:00:00-04:00,0.00024499423591020425,0.010334065429357189,0.021021162236732466,0.6086956521739131
2017-06-12 00:00:00-04:00,2.5379096736609377e-05,0.01039571381562834,0.010785887918468053,0.45652173913043476
2017-06-13 00:00:00-04:00,0.003471858487345279,0.010333042709814928,0.007032419307279269,0.75
2017-06-14 00:00:00-04:00,6.259500904347707e-05,0.010281758419070324,0.0071851951863691555,0.5543478260869565
2017-06-15 00:00:00-04:00,-0.001380470288446152,0.0100560381196885,0.009173176225983867,0.43478260869565216
2017-06-16 00:00:00-04:00,-0.0013842872638435168,0.009698449674803433,0.013881352378598034,0.5
2017-06-19 00:00:00-04:00,0.008243093944734662,0.009587936032095276,0.009989511500818437,0.8152173913043478
2017-06-20 00:00:00-04:00,-0.004836132637443011,0.009720076909900156,0.010677156743513693,0.25
2017-06-21 00:00:00-04:00,-8.598620311177257e-05,0.01001466341757166,0.01529878474441694,0.391304347826087
2017-06-22 00:00:00-04:00,-0.0005254612680851409,0.010312656159319247,0.01317092570060575,0.32608695652173914
2017-06-23 00:00:00-04:00,-0.00017110263344895433,0.010381707203925065,0.009136239109060413,0.5543478260869565
2017-06-26 00:00:00-04:00,0.0014218019706999623,0.010340977971576844,0.008045459680779977,0.532608695652174
2017-06-27 00:00:00-04:00,-0.007365312130398159,0.010623845403634825,0.012139321686015322,0.20652173913043478
2017-06-28 00:00:00-04:00,0.00790775384041122,0.010680052274008017,0.009078191294633843,0.8152173913043478
2017-06-29 00:00:00-04:00,-0.009360504676652349,0.010823968815582799,0.011458899358359467,0.14130434782608695
2017-06-30 00:00:00-04:00,0.001784701664399871,0.010990262657974353,0.012360729656346856,0.5760869565217391
2017-07-03 00:00:00-04:00,0.0024629656322888225,0.011035205433091317,0.012386312318523406,0.5760869565217391
2017-07-05 00:00:00-04:00,0.0016768822824400759,0.011292579141614878,0.014136141571579193,0.5652173913043478
2017-07-06 00:00:00-04:00,-0.00789400760803635,0.011173414346753051,0.007228468028077293,0.08695652173913043
2017-07-07 00:00:00-04:00,0.006113354518454436,0.011176408099339601,0.007830437924625839,0.7717391304347826
2017-07-10 00:00:00-04:00,0.0009351442208619862,0.011022702191484608,0.009460973450389487,0.5217391304347826
2017-07-11 00:00:00-04:00,-0.0013022540566997325,0.01031378142659912,0.006133826174137245,0.42391304347826086
2017-07-12 00:00:00-04:00,0.007159187189184853,0.010177887825481584,0.007932122294999778,0.8695652173913043
2017-07-13 00:00:00-04:00,0.001015577352398019,0.010324200740192042,0.01010499051619888,0.532608695652174
2017-07-14 00:00:00-04:00,0.005102379100461017,0.010329091208295029,0.00728789501653188,0.782608695652174
2017-07-17 00:00:00-04:00,-0.0011396149294313112,0.010239727940292391,0.007296547597928473,0.42391304347826086
2017-07-18 00:00:00-04:00,0.0009592856389772234,0.01030447912594328,0.015241127277266722,0.4891304347826087
2017-07-19 00:00:00-04:00,0.0042219552883248235,0.010217586951646419,0.008164775840584332,0.8043478260869565
2017-07-20 00:00:00-04:00,-0.0002886589872909676,0.010293361467722724,0.01226842158111611,0.5543478260869565
2017-07-21 00:00:00-04:00,0.0008170953282073188,0.010129206804150623,0.011851536809402848,0.45652173913043476
2017-07-24 00:00:00-04:00,-0.0020362353312383384,0.00987644112643339,0.007862846468543802,0.391304347826087
2017-07-25 00:00:00-04:00,0.003942026841774118,0.010135252305234769,0.01457127386388939,0.6413043478260869
2017-07-26 00:00:00-04:00,0.0006015888121925042,0.010510723379447777,0.015930352239253154,0.4782608695652174
2017-07-27 00:00:00-04:00,-0.0019066571981360254,0.010774522674256035,0.017679106876988756,0.43478260869565216
2017-07-28 00:00:00-04:00,-0.001186758888921987,0.011173531686178502,0.017457380545005615,0.5434782608695652
2017-07-31 00:00:00-04:00,0.0007391102991637635,0.011113315203087452,0.010194353213447449,0.5652173913043478
2017-08-01 00:00:00-04:00,0.003052966933871578,0.010944309464491916,0.008811609145840586,0.6630434782608695
2017-08-02 00:00:00-04:00,0.001248385141171674,0.01083198953715235,0.010027593844392549,0.5217391304347826
2017-08-03 00:00:00-04:00,-0.0011745007671492144,0.010534102649469315,0.00788051693023543,0.5217391304347826
2017-08-04 00:00:00-04:00,0.0017129631439596622,0.010542912449713141,0.007413473833197651,0.6086956521739131
2017-08-07 00:00:00-04:00,0.0020684993073067605,0.010524805637249312,0.0074501948628854075,0.6304347826086957
2017-08-08 00:00:00-04:00,-0.0028657275130935444,0.010396483735489782,0.006766213513439339,0.30434782608695654
2017-08-09 00:00:00-04:00,-0.0013089477328877778,0.01063962032632321,0.011239694581639259,0.43478260869565216
2017-08-10 00:00:00-04:00,-0.014067817525772396,0.010821740265086182,0.011756641009022207,0.07608695652173914
2017-08-11 00:00:00-04:00,0.0006218978175251697,0.010772900856689,0.009079362939858025,0.5543478260869565
2017-08-14 00:00:00-04:00,0.010901234648096366,0.010926972654407775,0.010523402768626176,0.9130434782608695
2017-08-15 00:00:00-04:00,-0.000305757472510034,0.01100413099065065,0.008916872659028862,0.5217391304347826
2017-08-16 00:00:00-04:00,0.002382921649658552,0.010707421058146573,0.00901021869468107,0.6195652173913043
2017-08-17 00:00:00-04:00,-0.015603092787905415,0.010639603613056195,0.006740609493686428,0.0
2017-08-18 00:00:00-04:00,-0.0028896505490006567,0.010421525875675162,0.00768878909611438,0.34782608695652173
2017-08-21 00:00:00-04:00,0.0010115490334408881,0.010197705342027803,0.007151305602808313,0.5869565217391305
2017-08-22 00:00:00-04:00,0.009444441276681242,0.010211992636455267,0.00816287965152056,0.8586956521739131
2017-08-23 00:00:00-04:00,-0.0025820596300546125,0.009922270449517436,0.00848710793819492,0.29347826086956524
2017-08-24 00:00:00-04:00,-0.002607676909778063,0.0096145151258563,0.009467490442369301,0.41304347826086957
2017-08-25 00:00:00-04:00,0.001344383725671918,0.009105770889386033,0.0069954779111131606,0.6413043478260869
2017-08-28 00:00:00-04:00,-0.0002613547050199683,0.0085647276402692,0.006095472313552108,0.45652173913043476
2017-08-29 00:00:00-04:00,0.0013483074403164712,0.008425536788388564,0.007271345323954117,0.5217391304347826
2017-08-30 00:00:00-04:00,0.005464740531669667,0.008518199041103262,0.01075751645284925,0.6739130434782609
2017-08-31 00:00:00-04:00,0.004988586210825663,0.008466533851600174,0.008942624864827714,0.7282608695652174
2017-09-01 00:00:00-04:00,0.002273128488625435,0.008484370285889577,0.008255082050312858,0.6195652173913043
2017-09-05 00:00:00-04:00,-0.00741920243104319,0.008739850172504901,0.012778551452119483,0.2717391304347826
2017-09-06 00:00:00-04:00,0.0032600875409504212,0.008804340725113142,0.008804496467658462,0.6304347826086957
2017-09-07 00:00:00-04:00,-0.0003281298229457213,0.009224291618614208,0.01558518227696171,0.6304347826086957
2017-09-08 00:00:00-04:00,-0.0020067959654545033,0.009148263781164137,0.00964310999518776,0.3804347826086957
2017-09-11 00:00:00-04:00,0.010713044635644734,0.00902495526006449,0.009167162065929598,0.9130434782608695
2017-09-12 00:00:00-04:00,0.0036626497794035625,0.00911550008218915,0.010980804204475912,0.6304347826086957
2017-09-13 00:00:00-04:00,0.000494528712855969,0.008995333628439007,0.00799990723987316,0.5217391304347826
2017-09-14 00:00:00-04:00,0.0005329894514221805,0.008990293287422547,0.008811025497683209,0.4673913043478261
2017-09-15 00:00:00-04:00,0.0027976052618721744,0.009186982633253732,0.013140694957135952,0.6521739130434783
2017-09-18 00:00:00-04:00,0.0031684656316172594,0.009361648333427603,0.010408589197337741,0.6195652173913043
2017-09-19 00:00:00-04:00,0.0023116795090942417,0.009467846633417234,0.009918953395896601,0.5760869565217391
2017-09-20 00:00:00-04:00,0.0012830059461691513,0.009693614799570073,0.01189243709201796,0.6195652173913043
2017-09-21 00:00:00-04:00,-0.0019095713582364972,0.00968553272131441,0.007993156008151635,0.41304347826086957
2017-09-22 00:00:00-04:00,0.0009390828822708063,0.009630979778934023,0.00734149614820678,0.5
2017-09-25 00:00:00-04:00,-0.0026569377658310312,0.009820485639937558,0.013447113523443561,0.43478260869565216
2017-09-26 00:00:00-04:00,-8.669618844761188e-05,0.00978828678759128,0.0063193020118413315,0.4782608695652174
2017-09-27 00:00:00-04:00,0.003277000286567779,0.010008196181703968,0.010713569589918561,0.6086956521739131
2017-09-28 00:00:00-04:00,0.0011119580367295531,0.010068621905948346,0.008540285533085987,0.5869565217391305
2017-09-29 00:00:00-04:00,0.0023145083109453483,0.009861992198105636,0.0064182925881523575,0.6956521739130435
2017-10-02 00:00:00-04:00,0.004216608938896202,0.009844934656781315,0.008584416497016979,0.7282608695652174
2017-10-03 00:00:00-04:00,0.0026402033042023836,0.009856082188504598,0.008489180216501793,0.7065217391304348
2017-10-04 00:00:00-04:00,0.001727999740939312,0.009587409293481182,0.0071364206566277705,0.5760869565217391
2017-10-05 00:00:00-04:00,0.006055400955680393,0.009583975689149456,0.00873239077669222,0.8043478260869565
2017-10-06 00:00:00-04:00,-0.001153021232969651,0.009351806920120744,0.010709638127358782,0.5108695652173914
2017-10-09 00:00:00-04:00,-0.001725886400202367,0.009352454334313958,0.009656705693245235,0.44565217391304346
2017-10-10 00:00:00-04:00,0.003704917292525995,0.009328944827853318,0.00867346243025615,0.6630434782608695
2017-10-11 00:00:00-04:00,0.002524038820350801,0.009201779276425605,0.008310327624493909,0.6304347826086957
2017-10-12 00:00:00-04:00,-0.0011146941616401577,0.009394834032503864,0.012054057117516634,0.5
2017-10-13 00:00:00-04:00,0.0009374511701174781,0.009326067988008339,0.007366938563277152,0.532608695652174
2017-10-16 00:00:00-04:00,0.0011116977739757368,0.009117061923528638,0.008751567603062286,0.5543478260869565
2017-10-17 00:00:00-04:00,-0.0009952519978686685,0.009110584377376788,0.010272560728148823,0.40217391304347827
2017-10-18 00:00:00-04:00,0.0013369124802653791,0.009205279147965432,0.011907543578258161,0.5217391304347826
2017-10-19 00:00:00-04:00,0.003439613688396717,0.00940470835136383,0.016080450363384298,0.6413043478260869
2017-10-20 00:00:00-04:00,0.005551639029248982,0.009522043825149143,0.01045720095764325,0.7391304347826086
2017-10-23 00:00:00-04:00,-0.001993288892892765,0.009682452458755295,0.010710077453935962,0.43478260869565216
2017-10-24 00:00:00-04:00,0.002888554897179007,0.009600427071973724,0.011724580401030566,0.6195652173913043
2017-10-25 00:00:00-04:00,-0.005685548935885101,0.01014919371949687,0.017843401609827385,0.22826086956521738
2017-10-26 00:00:00-04:00,0.003000246927761613,0.010289915207539774,0.013668720838819546,0.6413043478260869
2017-10-27 00:00:00-04:00,0.0025343955215291537,0.01102682921957989,0.0240154797859284,0.5434782608695652
2017-10-30 00:00:00-04:00,-0.006130209089120379,0.011445746348339466,0.015215552292103475,0.2608695652173913
2017-10-31 00:00:00-04:00,-0.00042098081221229205,0.01164420439973996,0.012752035576427368,0.43478260869565216
2017-11-01 00:00:00-04:00,0.0017436987943757107,0.01165870543996283,0.008793702061182074,0.5652173913043478
2017-11-02 00:00:00-04:00,0.0017823784028584597,0.011898453170057607,0.01217112298861805,0.6086956521739131
2017-11-03 00:00:00-04:00,0.0031393039360363283,0.01229226820185637,0.01700250644446627,0.5543478260869565
2017-11-06 00:00:00-05:00,-0.0013751596720215406,0.012481663252045336,0.014686934181327091,0.3695652173913043
2017-11-07 00:00:00-05:00,-0.0005023810892702082,0.012944266993835898,0.01937138427084696,0.6195652173913043
2017-11-08 00:00:00-05:00,0.001524525055759511,0.012982303712048051,0.009472233512711432,0.5652173913043478
2017-11-09 00:00:00-05:00,-0.004184227293777802,0.013137732504979328,0.011574332276050718,0.2826086956521739
2017-11-10 00:00:00-05:00,0.0003566929570977682,0.013084056883298854,0.010926869062226676,0.391304347826087
2017-11-13 00:00:00-05:00,0.0009674707830806033,0.013266258717848676,0.011193177088823393,0.5978260869565217
2017-11-14 00:00:00-05:00,-0.0010540367338541382,0.013354855532796259,0.010612100716961507,0.4782608695652174
2017-11-15 00:00:00-05:00,-0.00600359614506557,0.013501405645492721,0.013350113094774551,0.22826086956521738
2017-11-16 00:00:00-05:00,0.008590963214559584,0.013615346943978717,0.014300310846464047,0.7934782608695652
2017-11-17 00:00:00-05:00,-0.002044411257418247,0.013340663330266404,0.01031209447542575,0.32608695652173914
2017-11-20 00:00:00-05:00,0.0018193734199296566,0.013167284027410311,0.006816235597665309,0.6413043478260869
2017-11-21 00:00:00-05:00,0.005773265042818753,0.013033577438879982,0.007902239094799028,0.8043478260869565
2017-11-22 00:00:00-05:00,-0.001061253251274726,0.012820295701341569,0.00724566391272394,0.33695652173913043
2017-11-24 00:00:00-05:00,0.0016149766284994746,0.012293317504478226,0.00677685947569716,0.6304347826086957
2017-11-27 00:00:00-05:00,0.00020342710072937049,0.012001111444956435,0.007532393588861924,0.4891304347826087
2017-11-28 00:00:00-05:00,0.010273766014806028,0.01147384016927003,0.012942782996513875,0.8369565217391305
2017-11-29 00:00:00-05:00,0.0023872741182215935,0.011801990226447902,0.02210670349283882,0.5760869565217391
2017-11-30 00:00:00-05:00,0.008082890481093811,0.011755212554239655,0.011769704460054169,0.782608695652174
2017-12-01 00:00:00-05:00,-0.0018068383826498851,0.011774876848828124,0.009206652247539918,0.45652173913043476
2017-12-04 00:00:00-05:00,-0.00047497121629857,0.012353761247841969,0.024327695367908797,0.5217391304347826
2017-12-05 00:00:00-05:00,-0.00351141299336528,0.011997762098743583,0.009526524313400207,0.3804347826086957
2017-12-06 00:00:00-05:00,-0.00022040488583996564,0.011850490946856028,0.011594239991688416,0.4782608695652174
2017-12-07 00:00:00-05:00,0.0024763370496367425,0.011335812280301213,0.008563132273195845,0.6413043478260869
2017-12-08 00:00:00-05:00,0.0048725149847438426,0.011270524945059746,0.008101199472640597,0.7608695652173914
2017-12-11 00:00:00-05:00,0.0035367099783439786,0.011089234097903253,0.007767224485764368,0.6739130434782609
2017-12-12 00:00:00-05:00,0.002439507767336719,0.011092853691830187,0.011002880534692302,0.5652173913043478
2017-12-13 00:00:00-05:00,0.000909675060094652,0.011110007552123605,0.011553408154985187,0.5978260869565217
2017-12-14 00:00:00-05:00,-0.004334918704973154,0.011008840019556137,0.00848758253304466,0.2391304347826087
2017-12-15 00:00:00-05:00,0.008509176588069385,0.010882462845277496,0.010696192434923072,0.8695652173913043
2017-12-18 00:00:00-05:00,0.004878392335998676,0.010784337761571984,0.012239684088648284,0.6086956521739131
2017-12-19 00:00:00-05:00,-0.0025554993428793167,0.010681701007117605,0.008156722631883816,0.391304347826087
2017-12-20 00:00:00-05:00,-0.0008302975792631235,0.010792004037750028,0.009132599240946206,0.391304347826087
2017-12-21 00:00:00-05:00,0.0019266352855964015,0.010887373010529859,0.009904987523175483,0.5217391304347826
2017-12-22 00:00:00-05:00,-0.001481592947818946,0.01085424614351761,0.0065499997054667015,0.43478260869565216
2017-12-26 00:00:00-05:00,-0.0008102319521276081,0.010819763402890955,0.006052721922537388,0.43478260869565216
2017-12-27 00:00:00-05:00,0.0012674940236823563,0.010697456006769898,0.004963938270319781,0.6956521739130435
2017-12-28 00:00:00-05:00,0.0021733882549072694,0.010340734963746843,0.005451641093029683,0.75
2017-12-29 00:00:00-05:00,-0.004966139228900366,0.009541302168558238,0.00531861479387811,0.14130434782608695
2018-01-02 00:00:00-05:00,0.007835247608678588,0.009719704695281281,0.015516157521238081,0.6739130434782609
2018-01-03 00:00:00-05:00,0.006192507465168272,0.009916398366881136,0.013337219351136883,0.7065217391304348
2018-01-04 00:00:00-05:00,0.005413404299131327,0.00926943352708053,0.01074143373209606,0.75
2018-01-05 00:00:00-05:00,0.007242483435493074,0.00924836308035389,0.00908404493214076,0.8260869565217391
2018-01-08 00:00:00-05:00,0.0018417909676577192,0.009123326847428295,0.008968479100250904,0.5543478260869565
2018-01-09 00:00:00-05:00,0.002263851431645933,0.00926832401788534,0.011608072852793853,0.5869565217391305
2018-01-10 00:00:00-05:00,0.0001938692944363977,0.009349363160944504,0.009803021476883018,0.4891304347826087
2018-01-11 00:00:00-05:00,0.0066527917534787975,0.00945831162631652,0.010055142258576694,0.7934782608695652
2018-01-12 00:00:00-05:00,0.007335529237878316,0.009464686573589362,0.011136754427421956,0.717391304347826
2018-01-16 00:00:00-05:00,-0.0033391928631097316,0.00954687919839137,0.013279453275827387,0.40217391304347827
2018-01-17 00:00:00-05:00,0.00904286949109409,0.009869875822457769,0.015270511638439026,0.8586956521739131
2018-01-18 00:00:00-05:00,-0.002115435058093064,0.00985987460948662,0.010486166962528921,0.391304347826087
2018-01-19 00:00:00-05:00,0.004302380157041539,0.00984808947756243,0.011992196318240353,0.6847826086956522
2018-01-22 00:00:00-05:00,0.006022983970233887,0.009896554284674612,0.009174483581239599,0.7391304347826086
2018-01-23 00:00:00-05:00,0.002217305919041369,0.01017416585068063,0.01496244212707262,0.4782608695652174
2018-01-24 00:00:00-05:00,0.0006922812546307006,0.01044417617825449,0.015575204402226532,0.5
2018-01-25 00:00:00-05:00,0.00011045577839634765,0.010822598654555423,0.014496871707786293,0.5434782608695652
2018-01-26 00:00:00-05:00,0.010991096168361433,0.01133365844486618,0.016784977519063268,0.8586956521739131
2018-01-29 00:00:00-05:00,-0.004841860849134904,0.011672567723451974,0.01208103312062141,0.20652173913043478
2018-01-30 00:00:00-05:00,-0.011804153142767561,0.01207118123903934,0.013822524920364452,0.13043478260869565
2018-01-31 00:00:00-05:00,0.0005242587716773337,0.012614935344306591,0.016737451004490318,0.5543478260869565
2018-02-01 00:00:00-05:00,-0.0019848014034000642,0.012613119297270495,0.015478020533480076,0.45652173913043476
2018-02-02 00:00:00-05:00,-0.020064304613181677,0.012669150445435508,0.014513873462602177,0.05434782608695652
2018-02-05 00:00:00-05:00,-0.04223757270592828,0.01285728027665572,0.014692160187720469,0.0
2018-02-06 00:00:00-05:00,0.015700706354687628,0.013257786837824607,0.01749468271668743,0.8260869565217391
2018-02-07 00:00:00-05:00,-0.002591967008698609,0.013415163666861282,0.012273392510021078,0.391304347826087
2018-02-08 00:00:00-05:00,-0.03775443534425233,0.013562127732316557,0.014694318227354612,0.03260869565217391
2018-02-09 00:00:00-05:00,0.015105914974667735,0.013831697333785187,0.015463983107724306,0.8586956521739131
2018-02-12 00:00:00-05:00,0.012339025986315987,0.013900740785825386,0.011505054751420784,0.8913043478260869
2018-02-13 00:00:00-05:00,0.002953407236602349,0.013758550095552496,0.008150749931691327,0.6304347826086957
2018-02-14 00:00:00-05:00,0.012014624282615299,0.013805659121237318,0.01426874281520863,0.782608695652174
2018-02-15 00:00:00-05:00,0.013440347129484461,0.01369819638410261,0.013013794158610202,0.8804347826086957
2018-02-16 00:00:00-05:00,0.0007216706432149818,0.013631423321455201,0.009083932646933265,0.5217391304347826
2018-02-20 00:00:00-05:00,-0.007494360856444927,0.013780524115153937,0.015123312985913805,0.2826086956521739
2018-02-21 00:00:00-05:00,-0.006008078311544444,0.013826206716246216,0.01013381820417746,0.2608695652173913
2018-02-22 00:00:00-05:00,0.00110806425738323,0.013567193344557664,0.009523161321613014,0.5217391304347826
2018-02-23 00:00:00-05:00,0.015585442047853386,0.013244679469090161,0.008802413017409014,0.967391304347826
2018-02-26 00:00:00-05:00,0.01372455871584469,0.013064853879417446,0.010720534324659269,0.9130434782608695
2018-02-27 00:00:00-05:00,-0.013503351013346387,0.012799661512046732,0.01121593780427827,0.06521739130434782
2018-02-28 00:00:00-05:00,-0.011624899444081668,0.012879212835549965,0.0137516109141893,0.10869565217391304
2018-03-01 00:00:00-05:00,-0.013012843205252478,0.012852395124661993,0.013259352991717079,0.14130434782608695
2018-03-02 00:00:00-05:00,0.004242136626732494,0.012591221140322604,0.011252797333363146,0.7391304347826086
2018-03-05 00:00:00-05:00,0.011141571108805568,0.012290569182305412,0.009164329415119032,0.9239130434782609
2018-03-06 00:00:00-05:00,0.002220984695191698,0.012179067059646834,0.012172328886771987,0.6304347826086957
2018-03-07 00:00:00-05:00,-0.0007553421874695719,0.012043224631026533,0.011839469186694183,0.4673913043478261
2018-03-08 00:00:00-05:00,0.00419071615659863,0.011681445037302726,0.00989731124848748,0.717391304347826
2018-03-09 00:00:00-05:00,0.016382970228766378,0.011641794172786057,0.011440724355171026,0.9456521739130435
2018-03-12 00:00:00-04:00,-0.0022190956937926513,0.011430097654682433,0.010248691347178505,0.44565217391304346
2018-03-13 00:00:00-04:00,-0.006316007613910535,0.011213009096310924,0.010905123381922654,0.30434782608695654
2018-03-14 00:00:00-04:00,-0.005879411413001661,0.011114107640662318,0.009428124182800039,0.2391304347826087
2018-03-15 00:00:00-04:00,0.0009525712539965392,0.011072260158771201,0.007271952811977864,0.5652173913043478
2018-03-16 00:00:00-04:00,0.0015091225811417976,0.01089120484407992,0.010466581206691762,0.5978260869565217
2018-03-19 00:00:00-04:00,-0.013325810728131283,0.010754202995241905,0.010136755333011869,0.06521739130434782
2018-03-20 00:00:00-04:00,0.0011078969740111798,0.011040359136321282,0.015093211609600152,0.5652173913043478
2018-03-21 00:00:00-04:00,-0.0022635149784456,0.010841407340413455,0.01094532527184947,0.31521739130434784
2018-03-22 00:00:00-04:00,-0.025251717581333755,0.011099659241921933,0.015557108135855478,0.06521739130434782
2018-03-23 00:00:00-04:00,-0.02010998749964484,0.011232155401588324,0.012305580674607223,0.05434782608695652
2018-03-26 00:00:00-04:00,0.026490286845505476,0.011559923103840644,0.01568553476470776,0.9565217391304348
2018-03-27 00:00:00-04:00,-0.015888046600519994,0.011947737442418827,0.01886463543480109,0.16304347826086957
2018-03-28 00:00:00-04:00,-0.0006159678838678649,0.012114405543960953,0.014715967936662914,0.4673913043478261
2018-03-29 00:00:00-04:00,0.01260756484971939,0.012074482619791752,0.012913229506636082,0.8369565217391305
2018-04-02 00:00:00-04:00,-0.022351697493649278,0.012045152491716692,0.012643420302140803,0.03260869565217391
2018-04-03 00:00:00-04:00,0.01337664867272341,0.011957784320106362,0.00941806572954628,0.9239130434782609
2018-04-04 00:00:00-04:00,0.011237347962318772,0.011980508198000612,0.009641530850898214,0.9239130434782609
2018-04-05 00:00:00-04:00,0.006851124621419623,0.011810043688403465,0.008592574185231938,0.8478260869565217
2018-04-06 00:00:00-04:00,-0.021798001772424868,0.01168286090263412,0.009168630685537922,0.0
2018-04-09 00:00:00-04:00,0.00302055308226997,0.011675383651053426,0.009740288965292918,0.6630434782608695
2018-04-10 00:00:00-04:00,0.015463671141615157,0.011758541848501372,0.013187046501577872,0.9130434782608695
2018-04-11 00:00:00-04:00,-0.005984379386180862,0.011656300001154094,0.008101612552885674,0.1956521739130435
2018-04-12 00:00:00-04:00,0.008241123571391779,0.011742193483794981,0.012708886517381286,0.75
2018-04-13 00:00:00-04:00,-0.0019672819034213386,0.011818063279256372,0.011021389887489219,0.43478260869565216
2018-04-16 00:00:00-04:00,0.007338293603701144,0.01211082090629434,0.013419862979775227,0.8152173913043478
2018-04-17 00:00:00-04:00,0.00989443810673366,0.012336020345257947,0.015195769424927497,0.7717391304347826
2018-04-18 00:00:00-04:00,-0.0020146718403008185,0.012478199701516837,0.013122521814448531,0.42391304347826086
2018-04-19 00:00:00-04:00,-0.005499416172470665,0.012968754448654255,0.02539486129948594,0.33695652173913043
2018-04-20 00:00:00-04:00,-0.007941799598252662,0.012955054291875741,0.01065762197950067,0.13043478260869565
2018-04-23 00:00:00-04:00,-0.00028888754338394503,0.012674617017226272,0.009667925368216632,0.5434782608695652
2018-04-24 00:00:00-04:00,-0.011146793533078892,0.012872931020794856,0.016470174749547505,0.20652173913043478
2018-04-25 00:00:00-04:00,0.00016437345226585456,0.012809642894251076,0.014356484107288351,0.532608695652174
2018-04-26 00:00:00-04:00,0.010461347170324837,0.012902835389236221,0.020821677829489144,0.782608695652174
2018-04-27 00:00:00-04:00,0.0012102001068465616,0.01287293199293848,0.014087996614410344,0.5543478260869565
2018-04-30 00:00:00-04:00,-0.008296935986135208,0.012895266929163313,0.013382263167357607,0.15217391304347827
2018-05-01 00:00:00-04:00,-0.00044716817978474103,0.012945968349256482,0.01370815012409737,0.4782608695652174
2018-05-02 00:00:00-04:00,-0.010041450544052241,0.013194248622523629,0.014631951468156332,0.17391304347826086
2018-05-03 00:00:00-04:00,-0.0027556977481875662,0.01331203905236356,0.012115129877536759,0.391304347826087
2018-05-04 00:00:00-04:00,0.013242759492549988,0.013362076784021057,0.0096433665500394,0.9456521739130435
2018-05-07 00:00:00-04:00,0.0037005032378497693,0.013494616683108997,0.01195196856638468,0.5869565217391305
2018-05-08 00:00:00-04:00,-0.001022755879283533,0.013616605462519098,0.012302053332905006,0.45652173913043476
2018-05-09 00:00:00-04:00,0.008108132879534045,0.013544683783281901,0.011676691237596772,0.8043478260869565
2018-05-10 00:00:00-04:00,0.009581815392487954,0.01360662033438341,0.009402280126017322,0.9239130434782609
2018-05-11 00:00:00-04:00,0.003016600383765216,0.013463494118136968,0.009703235976205976,0.6413043478260869
2018-05-14 00:00:00-04:00,0.001860439729786596,0.013380653695400748,0.009281741010028655,0.5760869565217391
2018-05-15 00:00:00-04:00,-0.0066619942800853595,0.013210706098383606,0.009850963442415215,0.20652173913043478
2018-05-16 00:00:00-04:00,0.004281394600863285,0.012898224487724092,0.0086336556010777,0.6847826086956522
2018-05-17 00:00:00-04:00,-0.000359127416990813,0.012678582388312256,0.008510037726800049,0.5108695652173914
2018-05-18 00:00:00-04:00,-0.0014362599607052981,0.011873966132486948,0.008497919927154457,0.43478260869565216
2018-05-21 00:00:00-04:00,0.008031363834592133,0.011766885293770077,0.008408924366446328,0.8586956521739131
2018-05-22 00:00:00-04:00,-0.002608731273411978,0.011684790049030348,0.00794392522868233,0.41304347826086957
2018-05-23 00:00:00-04:00,0.0028279503590306386,0.011740865474698723,0.017647758688583412,0.5869565217391305
2018-05-24 00:00:00-04:00,-0.00042986813566791513,0.011488399232152932,0.009054693013826737,0.42391304347826086
2018-05-25 00:00:00-04:00,-0.0016184916976084553,0.010957492212691555,0.009672630420800184,0.43478260869565216
2018-05-29 00:00:00-04:00,-0.013598684589292956,0.010941034563117288,0.013742385973350727,0.13043478260869565
2018-05-30 00:00:00-04:00,0.013283870491816336,0.010683161796851172,0.007966935075769194,0.9347826086956522
2018-05-31 00:00:00-04:00,-0.006694246569410737,0.010473959708092215,0.00931490626015925,0.20652173913043478
2018-06-01 00:00:00-04:00,0.009886534083456097,0.010294385065533252,0.010860883974418157,0.8478260869565217
2018-06-04 00:00:00-04:00,0.004756755795888317,0.010270622003570578,0.011616105576320574,0.7282608695652174
2018-06-05 00:00:00-04:00,-0.0009207400844636049,0.010199679841789744,0.0081535811526419,0.44565217391304346
2018-06-06 00:00:00-04:00,0.010427728389754545,0.010228487609105488,0.012556931680015315,0.8260869565217391
2018-06-07 00:00:00-04:00,0.00021510671168390399,0.010217896845798732,0.012079647303463122,0.5434782608695652
2018-06-08 00:00:00-04:00,0.0032770409536305614,0.010050813670687822,0.008167944560267655,0.6847826086956522
2018-06-11 00:00:00-04:00,0.0007697941298526919,0.009953316173161466,0.007354832677963858,0.5434782608695652
2018-06-12 00:00:00-04:00,0.0012060409900844543,0.009802740601712231,0.00654114897577205,0.532608695652174
2018-06-13 00:00:00-04:00,-0.0034874314859778786,0.009955464332031523,0.01248893934673377,0.2717391304347826
2018-06-14 00:00:00-04:00,0.0016578159201530557,0.010073577770467242,0.012331345649565348,0.5543478260869565
2018-06-15 00:00:00-04:00,0.0009069115333229349,0.010164704314816872,0.010547313032419897,0.5760869565217391
2018-06-18 00:00:00-04:00,-0.0035165495204856935,0.010359837017567684,0.012607824484567088,0.3804347826086957
2018-06-19 00:00:00-04:00,-0.0038580113910933376,0.010608008000929557,0.013709510577753797,0.358695652173913
2018-06-20 00:00:00-04:00,-0.0015424595002084106,0.010927013569700529,0.015108041310636717,0.44565217391304346
2018-06-21 00:00:00-04:00,-0.006635124216666339,0.0110555211384115,0.010642584171612743,0.21739130434782608
2018-06-22 00:00:00-04:00,0.0033362324251345666,0.010767524937824579,0.011599838476258055,0.6413043478260869
2018-06-25 00:00:00-04:00,-0.012199242425673478,0.01105442252923129,0.015079542433367678,0.21739130434782608
2018-06-26 00:00:00-04:00,0.0008484592733418083,0.01116716226900211,0.012040164955987429,0.4782608695652174
2018-06-27 00:00:00-04:00,-0.008696228814421485,0.01100796710569154,0.010399287543828727,0.18478260869565216
2018-06-28 00:00:00-04:00,0.005539315365163253,0.011288280876221395,0.013853524256896167,0.7717391304347826
2018-06-29 00:00:00-04:00,0.0006809990963279214,0.01151431117630243,0.014061542561860998,0.5108695652173914
2018-07-02 00:00:00-04:00,0.0030764962329896182,0.011424310406865066,0.008970867816233501,0.6847826086956522
2018-07-03 00:00:00-04:00,-0.004856045712132646,0.01132297423574862,0.009488045982875188,0.33695652173913043
2018-07-05 00:00:00-04:00,0.008666613543902317,0.011380612318562695,0.009363980891737506,0.8478260869565217
2018-07-06 00:00:00-04:00,0.007555428395135585,0.011195359942470695,0.008666631782083302,0.8586956521739131
2018-07-09 00:00:00-04:00,0.009017640793787762,0.011331240905716685,0.014933147531628931,0.7717391304347826
2018-07-10 00:00:00-04:00,0.004660585114176586,0.011356605007755503,0.008700590703082827,0.717391304347826
2018-07-11 00:00:00-04:00,-0.007298003665484632,0.011526051810365926,0.01091321553278273,0.20652173913043478
2018-07-12 00:00:00-04:00,0.006906964926917795,0.012118884010804222,0.01899062518497627,0.8043478260869565
2018-07-13 00:00:00-04:00,0.0002444335442031691,0.012065445284647694,0.011366726097446694,0.5869565217391305
2018-07-16 00:00:00-04:00,-0.0004626550991519992,0.012048817267103804,0.011982157281143617,0.391304347826087
2018-07-17 00:00:00-04:00,0.003053281922348788,0.012083842842489407,0.01128285011551757,0.6413043478260869
2018-07-18 00:00:00-04:00,0.0025732069847000947,0.012003825717390363,0.01092746485748721,0.4891304347826087
2018-07-19 00:00:00-04:00,-0.0033315612899782747,0.011998115386027389,0.013589593619131325,0.3695652173913043
2018-07-20 00:00:00-04:00,-0.0015414245762185052,0.011797735792521932,0.010900069847022069,0.3804347826086957
2018-07-23 00:00:00-04:00,0.001774662090913594,0.011798911641230952,0.010667276994502206,0.532608695652174
2018-07-24 00:00:00-04:00,0.005775472083969946,0.011839559768422972,0.01245344914729046,0.6847826086956522
2018-07-25 00:00:00-04:00,0.00815751502501086,0.011766472416344867,0.013544708039727483,0.7608695652173914
2018-07-26 00:00:00-04:00,0.002954563276006598,0.012180192455656566,0.020728285781533087,0.5869565217391305
2018-07-27 00:00:00-04:00,-0.003989210355214531,0.012399753338810807,0.015010066090067827,0.3804347826086957
2018-07-30 00:00:00-04:00,-0.0033642262683393764,0.012496669866234959,0.01588877133280333,0.44565217391304346
2018-07-31 00:00:00-04:00,0.004726741826484069,0.012522244444808853,0.014598608711912802,0.6413043478260869
2018-08-01 00:00:00-04:00,-0.004046375486612332,0.012698337795747942,0.012668828185954405,0.33695652173913043
2018-08-02 00:00:00-04:00,0.0025873186199170343,0.012770486951869206,0.011003178261421708,0.5217391304347826
2018-08-03 00:00:00-04:00,0.005170368816182973,0.012716939896770826,0.008239492734671488,0.7608695652173914
2018-08-06 00:00:00-04:00,0.00332846978009181,0.012875443110091943,0.011995199261826744,0.6739130434782609
2018-08-07 00:00:00-04:00,0.003841483079056825,0.012582205999234238,0.008775168203617125,0.6847826086956522
2018-08-08 00:00:00-04:00,-0.0017955345659977668,0.012663829220237652,0.010414678344154545,0.4782608695652174
2018-08-09 00:00:00-04:00,-0.002591155655739672,0.012603026293264163,0.009636354066339448,0.45652173913043476
2018-08-10 00:00:00-04:00,-0.007999566238126848,0.012113565954346105,0.008711958067697041,0.17391304347826086
2018-08-13 00:00:00-04:00,-0.0040433662548129325,0.011983354703891539,0.008632289837900863,0.29347826086956524
2018-08-14 00:00:00-04:00,0.006047405838774683,0.01176123221696471,0.007317585055680188,0.8369565217391305
2018-08-15 00:00:00-04:00,-0.00554877382747601,0.01181793074294416,0.012473519161086017,0.31521739130434784
2018-08-16 00:00:00-04:00,0.010197014873364944,0.011901796855764972,0.012688653226724267,0.8695652173913043
2018-08-17 00:00:00-04:00,0.0027804613341384336,0.01171839040612007,0.009738058176588375,0.6956521739130435
2018-08-20 00:00:00-04:00,0.003427756893400072,0.011601765442216083,0.008450945605038342,0.6413043478260869
2018-08-21 00:00:00-04:00,0.0032033194298164997,0.011642464790038016,0.011521963298762795,0.6086956521739131
2018-08-22 00:00:00-04:00,-0.0006220368459900646,0.011649145808253223,0.01259375052980982,0.41304347826086957
2018-08-23 00:00:00-04:00,-0.0014034879456434042,0.011458214647501361,0.00953515366393836,0.3695652173913043
2018-08-24 00:00:00-04:00,0.0062609032913272305,0.011039309299629749,0.011931273476229248,0.8152173913043478
2018-08-27 00:00:00-04:00,0.008760661609107151,0.01082735342397235,0.010558992701262418,0.8369565217391305
2018-08-28 00:00:00-04:00,-0.0002616449440407052,0.010396108996909749,0.006832638364488727,0.41304347826086957
2018-08-29 00:00:00-04:00,0.004005427480887623,0.010048930662698607,0.007307863693478832,0.6739130434782609
2018-08-30 00:00:00-04:00,-0.005308258842028277,0.009787959953758054,0.007188443298202819,0.20652173913043478
2018-08-31 00:00:00-04:00,-9.840382240050749e-05,0.00960370381000386,0.007133799242583598,0.532608695652174
2018-09-04 00:00:00-04:00,-0.00023118252111695668,0.009931941707297767,0.015132488577843545,0.4891304347826087
2018-09-05 00:00:00-04:00,0.0006429678228737753,0.010055802324543478,0.014596272223986658,0.6086956521739131
2018-09-06 00:00:00-04:00,-0.0011768034172934736,0.010183546796992987,0.011457802125056827,0.5108695652173914
2018-09-07 00:00:00-04:00,-0.0015620924639306324,0.010247925899237615,0.011766639491291732,0.3804347826086957
2018-09-10 00:00:00-04:00,0.0042157824433729715,0.010447477391102668,0.013826935395505554,0.6413043478260869
2018-09-11 00:00:00-04:00,0.0005272417311946885,0.010501051283116156,0.009837009799980308,0.5108695652173914
2018-09-12 00:00:00-04:00,0.0034344399878446074,0.010794169513763545,0.01478777268149602,0.5869565217391305
2018-09-13 00:00:00-04:00,0.00471095455381911,0.011037429787800968,0.012426050810466046,0.717391304347826
2018-09-14 00:00:00-04:00,0.001648255126334585,0.010989485109069027,0.011466680907715243,0.4673913043478261
2018-09-17 00:00:00-04:00,-0.003309121544728133,0.01087178736512604,0.01021700060392158,0.41304347826086957
2018-09-18 00:00:00-04:00,0.005584848177998924,0.010983384360632543,0.012081595082224948,0.75
2018-09-19 00:00:00-04:00,0.0025364207929603707,0.011220744454308533,0.01343550757223413,0.5652173913043478
2018-09-20 00:00:00-04:00,0.007508335375126471,0.011074570918814032,0.00845231905337825,0.8913043478260869
2018-09-21 00:00:00-04:00,0.0013680959971654875,0.010902001041656909,0.008969783109510231,0.6521739130434783
2018-09-24 00:00:00-04:00,-0.0056659129839965496,0.011136944121452243,0.014468958339640422,0.2608695652173913
2018-09-25 00:00:00-04:00,-0.0025498759867288697,0.011025585324741018,0.009592738745293478,0.391304347826087
2018-09-26 00:00:00-04:00,-0.00344373502918084,0.010914739550019183,0.0082312314321039,0.32608695652173914
2018-09-27 00:00:00-04:00,0.002396015542651747,0.010935719803465253,0.0072732236868561645,0.6413043478260869
2018-09-28 00:00:00-04:00,-0.0004850002735592891,0.011150983648911199,0.011828404447843732,0.532608695652174
2018-10-01 00:00:00-04:00,0.005912755503059058,0.011377221114844762,0.011939430082807618,0.7717391304347826
2018-10-02 00:00:00-04:00,-5.269467910279145e-05,0.011670899619749429,0.01330104784558165,0.5434782608695652
2018-10-03 00:00:00-04:00,-0.0011778338014338363,0.011417364162813779,0.009808243982194842,0.43478260869565216
2018-10-04 00:00:00-04:00,-0.0051042197942443805,0.011370040599819215,0.013602477401100857,0.34782608695652173
2018-10-05 00:00:00-04:00,-0.004831009305322821,0.011389403803601976,0.01186442940449481,0.2608695652173913
2018-10-08 00:00:00-04:00,0.0016573296710763168,0.011390991480101587,0.011799980697783537,0.6521739130434783
2018-10-09 00:00:00-04:00,-0.0018697802389217911,0.011287730488579147,0.01165845457353431,0.43478260869565216
2018-10-10 00:00:00-04:00,-0.03175636712101401,0.011758652875238682,0.019726379919830544,0.0
2018-10-11 00:00:00-04:00,-0.022794074799018415,0.01173078089414765,0.014202461078584359,0.05434782608695652
2018-10-12 00:00:00-04:00,0.013113811277823812,0.011905044766343126,0.016085592126571038,0.8369565217391305
2018-10-15 00:00:00-04:00,-0.005120924606362338,0.011935801554387924,0.012112573456656001,0.358695652173913
2018-10-16 00:00:00-04:00,0.019317553919302073,0.012249232993892169,0.016799060833510696,0.9565217391304348
2018-10-17 00:00:00-04:00,0.00019251753948212495,0.012452862071818949,0.016357805718687345,0.4891304347826087
2018-10-18 00:00:00-04:00,-0.013850444917479105,0.012498228630996715,0.014388205314967237,0.1956521739130435
2018-10-19 00:00:00-04:00,0.0002506718033578012,0.013086998070259634,0.020816477277899564,0.5543478260869565
2018-10-22 00:00:00-04:00,-0.005342214184326948,0.013462119836943731,0.016847340209876237,0.32608695652173914
2018-10-23 00:00:00-04:00,-0.005210062475691591,0.013594608663965432,0.017251223707096135,0.34782608695652173
2018-10-24 00:00:00-04:00,-0.029783911503057175,0.014501367644181671,0.028634677329834504,0.17391304347826086
2018-10-25 00:00:00-04:00,0.014924890237286393,0.015462606687135389,0.028417251334131997,0.782608695652174
2018-10-26 00:00:00-04:00,-0.01703542977775308,0.01596323414358186,0.01778640027223206,0.06521739130434782
2018-10-29 00:00:00-04:00,-0.004055389869276591,0.016455109441587797,0.022157785705968373,0.5
2018-10-30 00:00:00-04:00,0.016649280723758264,0.016869160361692906,0.020634499405014915,0.8804347826086957
2018-10-31 00:00:00-04:00,0.008327516459900314,0.01719709059877321,0.020187582824268052,0.6847826086956522
2018-11-01 00:00:00-04:00,0.00856481103461127,0.01766414649773563,0.01961641786040568,0.6630434782608695
2018-11-02 00:00:00-04:00,-0.004074037893928528,0.017846217546347878,0.01742596942195802,0.3804347826086957
2018-11-05 00:00:00-05:00,0.008573032488757156,0.0178626080288891,0.012208629537860522,0.8260869565217391
2018-11-06 00:00:00-05:00,0.006757565440366081,0.017888928810197317,0.012352717105256022,0.782608695652174
2018-11-07 00:00:00-05:00,0.019157028564989412,0.01806715490088492,0.015401202477974019,0.9347826086956522
2018-11-08 00:00:00-05:00,-0.0021614843428788134,0.017798229508171913,0.014078946672857428,0.532608695652174
2018-11-09 00:00:00-05:00,-0.0077952949586795,0.017855662172982612,0.01540854703960901,0.2826086956521739
2018-11-12 00:00:00-05:00,-0.02013352506180857,0.018042879558407752,0.02001715722049898,0.15217391304347827
2018-11-13 00:00:00-05:00,0.0011162525251629805,0.018108053609004783,0.013481228519193627,0.5108695652173914
2018-11-14 00:00:00-05:00,-0.005107642627373845,0.017864949850232476,0.011693881899292198,0.2717391304347826
2018-11-15 00:00:00-05:00,0.00909663695988649,0.017817294672633238,0.015357046989103345,0.75
2018-11-16 00:00:00-05:00,0.00012493438366394024,0.018316725398904627,0.024876250566666484,0.6195652173913043
2018-11-19 00:00:00-05:00,-0.014596578403034745,0.018518639919482285,0.025056682210030365,0.32608695652173914
2018-11-20 00:00:00-05:00,-0.018058565550554843,0.018588028826412206,0.018304507255404584,0.14130434782608695
2018-11-21 00:00:00-05:00,0.0005974033953429194,0.01837429034541708,0.012762715606198478,0.5543478260869565
2018-11-23 00:00:00-05:00,-0.005821663270273497,0.017536952420751123,0.01105058091184937,0.29347826086956524
2018-11-26 00:00:00-05:00,0.013925204843127944,0.016822809833963663,0.013420257011595422,0.8369565217391305
2018-11-27 00:00:00-05:00,0.00517163107061685,0.016569420770393865,0.012465229937266243,0.7391304347826086
2018-11-28 00:00:00-05:00,0.02217579859050124,0.016300970409241135,0.016520328121761043,0.9347826086956522
2018-11-29 00:00:00-05:00,-0.0016736345944631523,0.015856689494729088,0.01130460020026193,0.44565217391304346
2018-11-30 00:00:00-05:00,0.009149148174507007,0.015550960389427802,0.013767271612941058,0.8043478260869565
2018-12-03 00:00:00-05:00,0.009628473669450369,0.015505997789926507,0.01867220327087849,0.7391304347826086
2018-12-04 00:00:00-05:00,-0.03372929977191822,0.01569205655149709,0.021333203414940282,0.03260869565217391
2018-12-06 00:00:00-05:00,-0.0018513770287589988,0.015844433786860724,0.015408551480496807,0.43478260869565216
2018-12-07 00:00:00-05:00,-0.022984983423613693,0.016059231339843872,0.01686346571790219,0.05434782608695652
2018-12-10 00:00:00-05:00,0.0011732739036436654,0.016051538566053087,0.015239654228367521,0.532608695652174
2018-12-11 00:00:00-05:00,-0.0009756298615606823,0.01585598056708865,0.009972228694604185,0.5108695652173914
2018-12-12 00:00:00-05:00,0.004899422282299443,0.01567970353019595,0.011706729264862386,0.7065217391304348
2018-12-13 00:00:00-05:00,0.0011968397045586307,0.015306757548623514,0.012185291607477763,0.5108695652173914
2018-12-14 00:00:00-05:00,-0.016963840523097403,0.015507080451514457,0.017688009479903455,0.10869565217391304
2018-12-17 00:00:00-05:00,-0.02009286801699187,0.015571232939668405,0.013041084150525142,0.043478260869565216
2018-12-18 00:00:00-05:00,0.000879587063360255,0.015623188198606827,0.016448107426810146,0.5543478260869565
2018-12-19 00:00:00-05:00,-0.014912731519314004,0.015410974202439694,0.02041975664715673,0.09782608695652174
2018-12-20 00:00:00-05:00,-0.015369435240711582,0.014812762255931805,0.012494231333364665,0.09782608695652174
2018-12-21 00:00:00-05:00,-0.01954739806291258,0.014834421549280396,0.01875935241572504,0.09782608695652174
2018-12-24 00:00:00-05:00,-0.0268110789643341,0.014825768365314265,0.012580998742909662,0.010869565217391304
2018-12-26 00:00:00-05:00,0.045764988980230195,0.015136178687205211,0.01756919767155929,1.0
2018-12-27 00:00:00-05:00,0.00887067756512852,0.01492268916582928,0.008936977062700838,0.8586956521739131
2018-12-28 00:00:00-05:00,-0.0001791672421830388,0.014710708207990728,0.008013629822656725,0.43478260869565216
2018-12-31 00:00:00-05:00,0.009153839109081048,0.014325131078651666,0.008423208405640677,0.8804347826086957
2019-01-02 00:00:00-05:00,0.0024166392829031887,0.01452091765018092,0.015416118202376271,0.5217391304347826
2019-01-03 00:00:00-05:00,-0.024583901694491688,0.015063126817634524,0.02515366412946672,0.09782608695652174
2019-01-04 00:00:00-05:00,0.03319895702137555,0.014960047789364838,0.016507543677215065,1.0
2019-01-07 00:00:00-05:00,0.007497784470864681,0.014810000499256737,0.018182210322670245,0.7065217391304348
2019-01-08 00:00:00-05:00,0.007748975818617151,0.014711869662001971,0.013347803898146679,0.7608695652173914
2019-01-09 00:00:00-05:00,0.0035600516661185634,0.014534785074607079,0.013144689382609447,0.6413043478260869
2019-01-10 00:00:00-05:00,0.004330783396007564,0.014355691876627283,0.011478697070791799,0.6413043478260869
2019-01-11 00:00:00-05:00,0.0021092198569048174,0.01432856257015513,0.009402513258688978,0.5652173913043478
2019-01-14 00:00:00-05:00,-0.003500007793731885,0.0142589192942019,0.010244220469844582,0.30434782608695654
2019-01-15 00:00:00-05:00,0.0075017089610319295,0.014407581660447028,0.015307201298625416,0.7391304347826086
2019-01-16 00:00:00-05:00,0.0020805534550567997,0.014449188652806779,0.018561756319458212,0.45652173913043476
2019-01-17 00:00:00-05:00,0.007472261030513514,0.014322735841195776,0.010385575106694082,0.8586956521739131
2019-01-18 00:00:00-05:00,0.012665249290254836,0.014046604307044741,0.010649345209638453,0.9456521739130435
2019-01-22 00:00:00-05:00,-0.013057648197563195,0.013760787199345592,0.014417597385474636,0.15217391304347827
2019-01-23 00:00:00-05:00,0.00288533583241765,0.013987619694145269,0.017257713724157818,0.5869565217391305
2019-01-24 00:00:00-05:00,0.0016050266884208792,0.013913451351302489,0.017201817216026743,0.5108695652173914
2019-01-25 00:00:00-05:00,0.007134568988362412,0.014024254005036544,0.014907854471324748,0.7282608695652174
2019-01-28 00:00:00-05:00,-0.009890909043553478,0.014214572835194464,0.021565893104875573,0.20652173913043478
2019-01-29 00:00:00-05:00,-0.00029697246691926324,0.01441033980958298,0.013048083524859743,0.5652173913043478
2019-01-30 00:00:00-05:00,0.013836539813223,0.015196436276476247,0.024521655627415297,0.8586956521739131
2019-01-31 00:00:00-05:00,0.009999516209171815,0.015709186589756435,0.019190964984524623,0.7065217391304348
2019-02-01 00:00:00-05:00,0.0011484665790942358,0.015616341382496372,0.01346636884991495,0.532608695652174
2019-02-04 00:00:00-05:00,0.006491267711301645,0.01493061745908771,0.010753461737884863,0.7608695652173914
2019-02-05 00:00:00-05:00,0.002535330046880433,0.014691336529993786,0.011482644166242667,0.6413043478260869
2019-02-06 00:00:00-05:00,-0.00021226652514741133,0.014263108300066855,0.009189417494204651,0.45652173913043476
2019-02-07 00:00:00-05:00,-0.009594188349155227,0.014244991851261636,0.01296735847323711,0.1956521739130435
2019-02-08 00:00:00-05:00,0.00039701666535204254,0.014111202478987275,0.010335112564847851,0.5760869565217391
2019-02-11 00:00:00-05:00,0.0008857081969300191,0.013943341984456107,0.00795362668563724,0.5652173913043478
2019-02-12 00:00:00-05:00,0.01314637658630451,0.014020971856290683,0.011032740567215076,0.8913043478260869
2019-02-13 00:00:00-05:00,0.003455624987889998,0.013942908756643129,0.008604895377245944,0.6847826086956522
2019-02-14 00:00:00-05:00,-0.004009276876879889,0.013967225449590477,0.01581785185051972,0.34782608695652173
2019-02-15 00:00:00-05:00,0.013282746202757241,0.013650262202936483,0.011905528139724359,0.8369565217391305
2019-02-19 00:00:00-05:00,0.001567322380487605,0.013508508601709764,0.007408749480933035,0.5217391304347826
2019-02-20 00:00:00-05:00,0.0020642823629187152,0.01358874703370042,0.012334352281442165,0.6304347826086957
2019-02-21 00:00:00-05:00,-0.00347049046136002,0.013343755032545373,0.009272765361218625,0.29347826086956524
2019-02-22 00:00:00-05:00,0.005569482803526404,0.01293372527009641,0.008647088712729628,0.7717391304347826
2019-02-25 00:00:00-05:00,0.0024180494270425053,0.01274047293580689,0.013143518195946764,0.5543478260869565
2019-02-26 00:00:00-05:00,-0.0006392588467046348,0.012376502209816662,0.007264469225529995,0.5217391304347826
2019-02-27 00:00:00-05:00,-0.00019527915977318543,0.011879979786707765,0.011138922219588765,0.5760869565217391
2019-02-28 00:00:00-05:00,-0.0025296426495603464,0.011989831813472416,0.01535497608691737,0.5
2019-03-01 00:00:00-05:00,0.005687134404345923,0.011272769483041897,0.009463346688374443,0.8369565217391305
2019-03-04 00:00:00-05:00,-0.005469626712720165,0.010868091593663174,0.010692729307571439,0.33695652173913043
2019-03-05 00:00:00-05:00,-0.00029047086934392815,0.01070729871331902,0.010089718362687737,0.3804347826086957
2019-03-06 00:00:00-05:00,-0.006516477440854068,0.010824989197566266,0.013224961907077,0.22826086956521738
2019-03-07 00:00:00-05:00,-0.00786429278739401,0.010722567774460158,0.009331794281014405,0.14130434782608695
2019-03-08 00:00:00-05:00,-0.0010713086104800881,0.010721656444840364,0.00917027957218895,0.3804347826086957
2019-03-11 00:00:00-04:00,0.013666809882060801,0.010729682341087881,0.013135902294434995,0.9347826086956522
2019-03-12 00:00:00-04:00,0.002127598647747763,0.010687178905605008,0.009442540419707497,0.6630434782608695
2019-03-13 00:00:00-04:00,0.008078074834601575,0.010678117684353668,0.0077633410393591375,0.9456521739130435
2019-03-14 00:00:00-04:00,-0.0005882798388223124,0.010563915801106667,0.00863450101902803,0.5434782608695652
2019-03-15 00:00:00-04:00,0.005487841673782566,0.010776627348136723,0.013071837864877114,0.7391304347826086
2019-03-18 00:00:00-04:00,0.004264110812065196,0.010493619649175903,0.009874690172342495,0.6739130434782609
2019-03-19 00:00:00-04:00,0.000676886619065806,0.010670354468591065,0.015616959347442788,0.4782608695652174
2019-03-20 00:00:00-04:00,-0.0054586898353728795,0.010960066757153022,0.01349270754073412,0.31521739130434784
2019-03-21 00:00:00-04:00,0.010246738493980919,0.0110210027924954,0.013614009023632067,0.8369565217391305
2019-03-22 00:00:00-04:00,-0.01871755127130117,0.011315583139866485,0.015458952656011446,0.11956521739130435
2019-03-25 00:00:00-04:00,-0.0010320309355694771,0.011303587340484736,0.008395176925712927,0.44565217391304346
2019-03-26 00:00:00-04:00,0.00915971767371942,0.011067872211158594,0.008193500480097766,0.8804347826086957
2019-03-27 00:00:00-04:00,-0.005992354900860746,0.011102209785954798,0.00798555829625026,0.1956521739130435
2019-03-28 00:00:00-04:00,0.0034495447326671545,0.011095119031577285,0.010990016377660979,0.7391304347826086
2019-03-29 00:00:00-04:00,0.007099466060255753,0.01068918008940333,0.006830258301264329,0.9021739130434783
2019-04-01 00:00:00-04:00,0.011687956049325569,0.01086908811371901,0.013241415199003728,0.75
2019-04-02 00:00:00-04:00,-0.0016705235413266718,0.010742776989253702,0.008040195693799984,0.40217391304347827
2019-04-03 00:00:00-04:00,0.002343441829066254,0.010925426473861672,0.013925357539455119,0.5652173913043478
2019-04-04 00:00:00-04:00,0.003056022559272435,0.010717209558332528,0.008852406680964925,0.6304347826086957
2019-04-05 00:00:00-04:00,0.0033200920181041442,0.010564663989889991,0.006128337343721175,0.7282608695652174
2019-04-08 00:00:00-04:00,0.0004774211104199867,0.01056790641700816,0.009238370541670513,0.6086956521739131
2019-04-09 00:00:00-04:00,-0.006624608025981603,0.010359920211398326,0.008768191976628446,0.22826086956521738
2019-04-10 00:00:00-04:00,0.0029588665110578507,0.010250060924434075,0.00713549539345821,0.6847826086956522
2019-04-11 00:00:00-04:00,0.0011274871180578933,0.010317574177755506,0.009181119359109214,0.5652173913043478
2019-04-12 00:00:00-04:00,0.007253891617241321,0.01081195604025073,0.01901652013142771,0.7717391304347826
2019-04-15 00:00:00-04:00,-0.0010719217839397204,0.010678741500477242,0.010274332529633879,0.45652173913043476
2019-04-16 00:00:00-04:00,0.003369240042635539,0.01143997684860677,0.025860632483062567,0.5978260869565217
2019-04-17 00:00:00-04:00,-0.0022283373272012803,0.011756292984162012,0.022259598194102878,0.5108695652173914
2019-04-18 00:00:00-04:00,0.0019689744428690297,0.011653647632907885,0.01133715516439748,0.6086956521739131
2019-04-22 00:00:00-04:00,-5.1055707948249385e-05,0.01148895282161451,0.010155417986471186,0.41304347826086957
2019-04-23 00:00:00-04:00,0.007958092631382509,0.011307662815817526,0.011651862534274774,0.8260869565217391
2019-04-24 00:00:00-04:00,-0.0019993037666893075,0.011392676138064137,0.010180456692891728,0.41304347826086957
2019-04-25 00:00:00-04:00,-0.004232035438238624,0.012051027996300465,0.022018889503060676,0.44565217391304346
2019-04-26 00:00:00-04:00,0.005751986968765718,0.012682323225687282,0.021242758113373394,0.782608695652174
2019-04-29 00:00:00-04:00,0.002127704908186575,0.012589804468399093,0.009047122474609011,0.5760869565217391
2019-04-30 00:00:00-04:00,0.003730681324823435,0.013052294005431427,0.01654253857894335,0.6847826086956522
2019-05-01 00:00:00-04:00,-0.007479496382650725,0.01303183043523326,0.012811680224842253,0.15217391304347827
2019-05-02 00:00:00-04:00,-7.966193252098039e-05,0.01316740559070997,0.010887273958810886,0.5108695652173914
2019-05-03 00:00:00-04:00,0.0083936350249946,0.012912043886027427,0.008562761741121664,0.8804347826086957
2019-05-06 00:00:00-04:00,-0.005022143393752377,0.012894225087613065,0.008478211914263381,0.25
2019-05-07 00:00:00-04:00,-0.01642738788144829,0.013206194595138379,0.012679697001752761,0.021739130434782608
2019-05-08 00:00:00-04:00,-0.002404678944574949,0.013149295107058675,0.00804348129199669,0.3804347826086957
2019-05-09 00:00:00-04:00,-0.0018196838055219932,0.013205377358619562,0.009945919259407137,0.40217391304347827
2019-05-10 00:00:00-04:00,0.0063581308375307176,0.013353351577949797,0.010242953999393107,0.7608695652173914
2019-05-13 00:00:00-04:00,-0.023029064722522714,0.013697070593707955,0.016399218690030515,0.07608695652173914
2019-05-14 00:00:00-04:00,0.008172056627956024,0.0133057997881987,0.010799833215733379,0.8152173913043478
2019-05-15 00:00:00-04:00,0.003816930693628906,0.013336542546738349,0.010919930458966484,0.6521739130434783
2019-05-16 00:00:00-04:00,0.008749153757006797,0.012676159771679804,0.011992594206833167,0.8369565217391305
2019-05-17 00:00:00-04:00,-0.005558401830862518,0.01208714031341917,0.009890189570629546,0.29347826086956524
2019-05-20 00:00:00-04:00,-0.005399908390812039,0.012243427059318805,0.014619176828289787,0.34782608695652173
2019-05-21 00:00:00-04:00,0.007008071615814707,0.012144818177718043,0.008084631472855212,0.782608695652174
2019-05-22 00:00:00-04:00,-0.003491679396759284,0.01264719437556766,0.022201762689116743,0.42391304347826086
2019-05-23 00:00:00-04:00,-0.011066291263103354,0.0128555953447524,0.014556877045771249,0.18478260869565216
2019-05-24 00:00:00-04:00,0.0016367199690035604,0.0122106258697565,0.008474530528146777,0.5978260869565217
2019-05-28 00:00:00-04:00,-0.010580409636819298,0.01191356523510332,0.015004484785656611,0.10869565217391304
2019-05-29 00:00:00-04:00,-0.005886255029938615,0.011929664831801978,0.00938521400528082,0.2391304347826087
2019-05-30 00:00:00-04:00,0.0016262638898914235,0.01155559902812495,0.008687156701725802,0.6304347826086957
2019-05-31 00:00:00-04:00,-0.013411923867311562,0.01147069736656699,0.011028745332125082,0.10869565217391304
2019-06-03 00:00:00-04:00,0.0024572973086324943,0.011830557224783413,0.018444330981355766,0.6956521739130435
2019-06-04 00:00:00-04:00,0.022436823376684515,0.012196217425392428,0.01624162595391102,0.9347826086956522
2019-06-05 00:00:00-04:00,0.005967944109207064,0.012407541051862845,0.012916008070142117,0.6630434782608695
2019-06-06 00:00:00-04:00,0.006666968841626562,0.012320375041689261,0.010849210788107438,0.7717391304347826
2019-06-07 00:00:00-04:00,0.008295961026371628,0.01240471487283381,0.009814617746032211,0.7934782608695652
2019-06-10 00:00:00-04:00,0.0028378790060706012,0.012590524842750628,0.013847928627660403,0.6847826086956522
2019-06-11 00:00:00-04:00,-0.0009301376758173841,0.012594783966950625,0.010332395607593026,0.4782608695652174
2019-06-12 00:00:00-04:00,-0.0012637910467878885,0.012346414762183174,0.011183465389914021,0.4782608695652174
2019-06-13 00:00:00-04:00,0.003541001449960779,0.012310320971205203,0.010041863605195961,0.717391304347826
2019-06-14 00:00:00-04:00,-0.002512389857219384,0.012324971975833463,0.011227601556159986,0.42391304347826086
2019-06-17 00:00:00-04:00,-0.0007649500369499643,0.012215296382880228,0.009689406754815215,0.44565217391304346
2019-06-18 00:00:00-04:00,0.010320142023864458,0.012425756522171247,0.01430985249574096,0.75
2019-06-19 00:00:00-04:00,0.0022779481908734335,0.012198497517083198,0.009846737721440743,0.5978260869565217
2019-06-20 00:00:00-04:00,0.009993142673144271,0.012382626733155197,0.011951345010367214,0.9021739130434783
2019-06-21 00:00:00-04:00,-0.001548104519740001,0.011831888451706204,0.010636258778687844,0.40217391304347827
2019-06-24 00:00:00-04:00,-0.003358279621620232,0.011742512814028534,0.012679988654540186,0.5217391304347826
2019-06-25 00:00:00-04:00,-0.007944025425500087,0.011811941992249414,0.009932543270785252,0.17391304347826086
2019-06-26 00:00:00-04:00,-0.001131789145548884,0.011857701324186863,0.015965430756343043,0.44565217391304346
2019-06-27 00:00:00-04:00,0.0042664732147016035,0.011866060365105098,0.009560753864563782,0.7065217391304348
2019-06-28 00:00:00-04:00,0.004795321402709207,0.01189298128679247,0.009252496057160612,0.6739130434782609
2019-07-01 00:00:00-04:00,0.007909136407967244,0.011821061803699967,0.009518436187182502,0.8043478260869565
2019-07-02 00:00:00-04:00,0.0028499755643714487,0.011446877627905642,0.010586463289674965,0.6304347826086957
2019-07-03 00:00:00-04:00,0.007539092611015729,0.011038725419332616,0.0076704295738774745,0.8913043478260869
2019-07-05 00:00:00-04:00,-0.0020406440096737036,0.010761944470732207,0.007103608149533489,0.3804347826086957
2019-07-08 00:00:00-04:00,-0.005356164682401962,0.010687150499577852,0.009278537393866033,0.21739130434782608
2019-07-09 00:00:00-04:00,0.0009912516953829622,0.010582270732975355,0.007612142647379754,0.5543478260869565
2019-07-10 00:00:00-04:00,0.0031355071775144463,0.010440252644534789,0.010865548770408543,0.6195652173913043
2019-07-11 00:00:00-04:00,0.0033700876715844316,0.01064922435867122,0.014720801604458067,0.6847826086956522
2019-07-12 00:00:00-04:00,0.004970468801496089,0.010728657798790536,0.012851567632419646,0.7282608695652174
2019-07-15 00:00:00-04:00,0.0004317589221124756,0.01063885517762061,0.008156008560627514,0.532608695652174
2019-07-16 00:00:00-04:00,-0.002361828398980401,0.010545927012272874,0.009276110083857527,0.33695652173913043
2019-07-17 00:00:00-04:00,-0.006184355585181644,0.010716905292367638,0.013279950636805237,0.2826086956521739
2019-07-18 00:00:00-04:00,0.004603837842339776,0.010915131235416086,0.018472597299758378,0.717391304347826
2019-07-19 00:00:00-04:00,-0.005326756521393009,0.011001474390721496,0.011659943982854337,0.25
2019-07-22 00:00:00-04:00,0.0015763991434901454,0.010861770385072892,0.009017560891746547,0.6630434782608695
2019-07-23 00:00:00-04:00,0.007337209927728017,0.01091715074206068,0.011799246275431404,0.75
2019-07-24 00:00:00-04:00,0.005359422256461661,0.011132336894313359,0.017198897851846435,0.6413043478260869
2019-07-25 00:00:00-04:00,-0.003577515659836875,0.011335268312060245,0.014194103043469878,0.29347826086956524
2019-07-26 00:00:00-04:00,0.008288454241310101,0.01147330149241794,0.018864127543854605,0.717391304347826
2019-07-29 00:00:00-04:00,-0.0009612578381514742,0.011541603056854116,0.010995086717723472,0.532608695652174
2019-07-30 00:00:00-04:00,-0.004200992403419705,0.01174151736882222,0.013450696608490766,0.30434782608695654
2019-07-31 00:00:00-04:00,-0.013187672265473844,0.012088400959277757,0.01680299158674884,0.13043478260869565
2019-08-01 00:00:00-04:00,-0.011599446276229485,0.012330510310926704,0.01567075967430282,0.22826086956521738
2019-08-02 00:00:00-04:00,-0.005379799210729156,0.012539424709243898,0.012057631938538612,0.32608695652173914
2019-08-05 00:00:00-04:00,-0.029240087821010487,0.012797466776978012,0.012522491571949802,0.010869565217391304
2019-08-06 00:00:00-04:00,0.012729723581180906,0.01283904269356341,0.010151631642159417,0.8478260869565217
2019-08-07 00:00:00-04:00,-0.0008578814965798932,0.013169396895128794,0.014549580880252818,0.4891304347826087
2019-08-08 00:00:00-04:00,0.018854783623467253,0.013460720001729539,0.016983334009024246,1.0
2019-08-09 00:00:00-04:00,-0.005678439086260423,0.013345484428858875,0.012300854574174052,0.2608695652173913
2019-08-12 00:00:00-04:00,-0.012317880306229198,0.013276090399436087,0.011394293014541153,0.043478260869565216
2019-08-13 00:00:00-04:00,0.013278377250413038,0.01338985542332462,0.01054507406228667,0.9130434782608695
2019-08-14 00:00:00-04:00,-0.02827545524725272,0.013507584869503705,0.011748428453618308,0.0
2019-08-15 00:00:00-04:00,0.0005209923197097059,0.013797200822984187,0.019361885659895384,0.5869565217391305
2019-08-16 00:00:00-04:00,0.015895918493137002,0.013541738940552559,0.013107897768694156,0.9891304347826086
2019-08-19 00:00:00-04:00,0.011532603334548122,0.013449498027851043,0.009722884816122475,0.9565217391304348
2019-08-20 00:00:00-04:00,-0.008582052779525156,0.013569034571756348,0.011527828313757931,0.15217391304347827
2019-08-21 00:00:00-04:00,0.010221166020823758,0.014056834655456853,0.02204304803314209,0.9239130434782609
2019-08-22 00:00:00-04:00,0.0012207073295957597,0.013650282060295692,0.008661293353462015,0.5543478260869565
2019-08-23 00:00:00-04:00,-0.025677334049917507,0.01359317685281776,0.012994893686433324,0.03260869565217391
2019-08-26 00:00:00-04:00,0.011109625884180187,0.013149577684708924,0.009548545013569068,0.9565217391304348
2019-08-27 00:00:00-04:00,-0.003853411950984294,0.013292786090482057,0.014002463238959258,0.34782608695652173
2019-08-28 00:00:00-04:00,0.007818292030428666,0.013069444670257486,0.008760526783774748,0.8695652173913043
2019-08-29 00:00:00-04:00,0.012585069546308633,0.01280379652391818,0.011224380513623478,0.8913043478260869
2019-08-30 00:00:00-04:00,0.0016841722936350014,0.012361018234971929,0.006372415606431499,0.6086956521739131
2019-09-03 00:00:00-04:00,-0.006722226567753181,0.012363543990246473,0.012110672799304058,0.2826086956521739
2019-09-04 00:00:00-04:00,0.010939510060361996,0.012276347669650427,0.010691368839432811,0.9239130434782609
2019-09-05 00:00:00-04:00,0.012724198986584653,0.012478171091272361,0.014389923496220062,0.8152173913043478
2019-09-06 00:00:00-04:00,0.0007897062074888946,0.012182746146964045,0.008345657049778188,0.5760869565217391
2019-09-09 00:00:00-04:00,0.002674897199004412,0.012292730999353362,0.019293015909199893,0.5108695652173914
2019-09-10 00:00:00-04:00,0.0008645792760385141,0.012491728269210361,0.016479797241170987,0.5978260869565217
2019-09-11 00:00:00-04:00,0.00714521852005762,0.012455005942122791,0.010623124145702195,0.7934782608695652
2019-09-12 00:00:00-04:00,0.0023486232984623197,0.01246382787750664,0.010730334705347488,0.6195652173913043
2019-09-13 00:00:00-04:00,-6.136375498121817e-05,0.012455273248657967,0.01156878124779617,0.532608695652174
2019-09-16 00:00:00-04:00,-0.004371259611098782,0.012134828859368387,0.012632553484814254,0.2391304347826087
2019-09-17 00:00:00-04:00,0.001807570970595955,0.011894999959371585,0.008071490868761303,0.5760869565217391
2019-09-18 00:00:00-04:00,-0.0009283105744552227,0.012206382432325307,0.016261916748150636,0.5869565217391305
2019-09-19 00:00:00-04:00,-0.0004408545738602857,0.012063393966967715,0.008525070541248467,0.5
2019-09-20 00:00:00-04:00,-0.00408361335112685,0.011546643575146221,0.011191289804890755,0.33695652173913043
2019-09-23 00:00:00-04:00,-0.0002828850509931248,0.011515783912200036,0.008013240431592078,0.4673913043478261
2019-09-24 00:00:00-04:00,-0.008672446123387259,0.011411695592924008,0.01080903898163677,0.16304347826086957
2019-09-25 00:00:00-04:00,0.005487001610321278,0.011541332127509456,0.012270912239863482,0.6739130434782609
2019-09-26 00:00:00-04:00,-0.002512878729029803,0.011318566286597002,0.009324380579797719,0.41304347826086957
2019-09-27 00:00:00-04:00,-0.003309190438936395,0.011449637235827054,0.011513016717605847,0.40217391304347827
2019-09-30 00:00:00-04:00,0.004005110213366651,0.011336005837639588,0.008838121151686673,0.6195652173913043
2019-10-01 00:00:00-04:00,-0.014312479858317939,0.011778642397592244,0.015667783365437303,0.11956521739130435
2019-10-02 00:00:00-04:00,-0.01976061638277135,0.011653503833736494,0.009482762958333295,0.021739130434782608
2019-10-03 00:00:00-04:00,0.007374579743360741,0.011628554951640918,0.010167442315425735,0.8478260869565217
2019-10-04 00:00:00-04:00,0.014355684646106375,0.011280925575042438,0.007089706587651974,0.9782608695652174
2019-10-07 00:00:00-04:00,-0.0038837726884203717,0.011241112454661292,0.007509581521774124,0.2608695652173913
2019-10-08 00:00:00-04:00,-0.016314982871829233,0.01083305314778183,0.010723770464731167,0.043478260869565216
2019-10-09 00:00:00-04:00,0.008872503547242856,0.010356696958131488,0.006476317258513822,0.9347826086956522
2019-10-10 00:00:00-04:00,0.007740898797383124,0.010281828061949943,0.009050877325889764,0.8043478260869565
2019-10-11 00:00:00-04:00,0.011582282267147427,0.010365822318741336,0.012494214097966718,0.8369565217391305
2019-10-14 00:00:00-04:00,-0.0005805299417169526,0.010119688445532949,0.006399969910420046,0.43478260869565216
2019-10-15 00:00:00-04:00,0.009932349680760686,0.0101858311795276,0.014021550898701916,0.7934782608695652
2019-10-16 00:00:00-04:00,-0.002200892545788206,0.010280381753351346,0.010057052919059973,0.4673913043478261
2019-10-17 00:00:00-04:00,0.002950077025281246,0.01000822173617347,0.010546556387415227,0.7065217391304348
2019-10-18 00:00:00-04:00,-0.00361389905500626,0.010305687758728335,0.014771857014900674,0.42391304347826086
2019-10-21 00:00:00-04:00,0.007002256569411114,0.010380231466540893,0.012756707668954414,0.7391304347826086
2019-10-22 00:00:00-04:00,-0.0014751810435962467,0.010759217838256738,0.01597195423762489,0.4673913043478261
2019-10-23 00:00:00-04:00,0.001079779859321918,0.010939184907288317,0.014588347431299917,0.5978260869565217
2019-10-24 00:00:00-04:00,-0.0015795233341532825,0.011003319389962659,0.013617736376024637,0.40217391304347827
2019-10-25 00:00:00-04:00,0.005521140870854976,0.011255927012925345,0.014629140662014133,0.6847826086956522
2019-10-28 00:00:00-04:00,0.005012808451451085,0.011252916203766028,0.011449789725260198,0.7282608695652174
2019-10-29 00:00:00-04:00,-0.0013078820165149867,0.011366216088723721,0.011217418735798188,0.391304347826087
2019-10-30 00:00:00-04:00,0.005178429464493919,0.011371256167600208,0.01577362502184354,0.6739130434782609
2019-10-31 00:00:00-04:00,-0.003426658957441119,0.011356424252144167,0.009171292733756484,0.32608695652173914
2019-11-01 00:00:00-04:00,0.009493891802500726,0.011596009637168857,0.015198735400944189,0.6847826086956522
2019-11-04 00:00:00-05:00,0.005871184230897631,0.01212086785578395,0.018111729178568917,0.5978260869565217
2019-11-05 00:00:00-05:00,0.00046505811207564035,0.012294615498920181,0.011158282027634952,0.532608695652174
2019-11-06 00:00:00-05:00,0.0024312729876949132,0.012232997058108784,0.0094297832076919,0.6413043478260869
2019-11-07 00:00:00-05:00,0.003360806682125694,0.012625889352946715,0.014727055450110358,0.6739130434782609
2019-11-08 00:00:00-05:00,0.002847119243137036,0.012673494372163575,0.010050582729443827,0.6630434782608695
2019-11-11 00:00:00-05:00,-0.003138586475302501,0.012492888473631928,0.008701490228802101,0.30434782608695654
2019-11-12 00:00:00-05:00,0.0009013831683683654,0.012539658356438624,0.007382137449360623,0.5760869565217391
2019-11-13 00:00:00-05:00,6.06423087679452e-05,0.012488598408758428,0.012949291997417864,0.44565217391304346
2019-11-14 00:00:00-05:00,0.0007535614764495715,0.01252524421111398,0.010826614768526505,0.5652173913043478
2019-11-15 00:00:00-05:00,0.008076769214912011,0.012574579872850874,0.011582605283890074,0.8369565217391305
2019-11-18 00:00:00-05:00,-5.1005304841401e-05,0.012347299263991853,0.009998964228861233,0.44565217391304346
2019-11-19 00:00:00-05:00,-0.0017040923798735004,0.012341953462399182,0.012644445835508313,0.5108695652173914
2019-11-20 00:00:00-05:00,-0.0016477911532252253,0.012435793642255902,0.017942598014615948,0.33695652173913043
2019-11-21 00:00:00-05:00,-6.787226882560319e-05,0.012306200126364287,0.011866883597576013,0.44565217391304346
2019-11-22 00:00:00-05:00,0.0031687295989835185,0.012021335391533248,0.0076355769445728755,0.6630434782608695
2019-11-25 00:00:00-05:00,0.006655926513742672,0.011842564873262143,0.01087495977832088,0.717391304347826
2019-11-26 00:00:00-05:00,0.0013482226072148303,0.011723337918143298,0.008946023667764478,0.5434782608695652
2019-11-27 00:00:00-05:00,0.003586329466894689,0.011486085232757166,0.006235112342689416,0.7608695652173914
2019-11-29 00:00:00-05:00,-0.0032480088443113224,0.010940037942572913,0.004306631927974263,0.2391304347826087
2019-12-02 00:00:00-05:00,-0.008734871581875848,0.010928042446437395,0.00891938731491054,0.17391304347826086
2019-12-03 00:00:00-05:00,-0.006926694416502109,0.010691166767856622,0.010224346150747968,0.30434782608695654
2019-12-04 00:00:00-05:00,0.00695146612421221,0.010258871006828834,0.009033518196985394,0.8152173913043478
2019-12-05 00:00:00-05:00,0.0011674628932899869,0.010083025782783913,0.007465532322691624,0.6413043478260869
2019-12-06 00:00:00-05:00,0.00983234110876286,0.010045834635769132,0.008648769120381442,0.9021739130434783
2019-12-09 00:00:00-05:00,-0.00221770406397616,0.009697872797878777,0.0074198568544129526,0.34782608695652173
2019-12-10 00:00:00-05:00,-0.0019520527601107171,0.009584045219765346,0.007660203589061766,0.45652173913043476
2019-12-11 00:00:00-05:00,0.002276372994555726,0.009584574034241435,0.00871259533279995,0.6195652173913043
2019-12-12 00:00:00-05:00,0.01124515593792877,0.00987001239133561,0.013376342948338338,0.8586956521739131
2019-12-13 00:00:00-05:00,-0.0007394691911123477,0.00983121967310525,0.012134644914580307,0.5217391304347826
2019-12-16 00:00:00-05:00,0.005988537567134999,0.009799656218814113,0.010163782228412603,0.782608695652174
2019-12-17 00:00:00-05:00,0.0014222881974424657,0.009678164138937868,0.009031271606488915,0.5108695652173914
2019-12-18 00:00:00-05:00,-0.002065214904259138,0.00987119602696059,0.014052633877338403,0.33695652173913043
2019-12-19 00:00:00-05:00,0.0038545059329654187,0.009678290483552269,0.008593429423933562,0.6956521739130435
2019-12-20 00:00:00-05:00,0.005007926626987744,0.00922904228736872,0.008508385894761451,0.6956521739130435
2019-12-23 00:00:00-05:00,0.0006658722659574846,0.009069612322135321,0.008518854327674609,0.45652173913043476
2019-12-24 00:00:00-05:00,-4.745931371001122e-05,0.008923724051919636,0.004571923270043509,0.4782608695652174
2019-12-26 00:00:00-05:00,0.003560742367357852,0.008721166873368331,0.006621259028743459,0.7065217391304348
2019-12-27 00:00:00-05:00,0.00013091996594558755,0.008504587618962854,0.004397859325249476,0.532608695652174
2019-12-30 00:00:00-05:00,-0.006281736100273495,0.008465953280266955,0.005423791230075521,0.05434782608695652
2019-12-31 00:00:00-05:00,0.0027192949469168476,0.008438232343484911,0.0037244922555513603,0.8043478260869565
2020-01-02 00:00:00-05:00,0.008625390275927677,0.008715719904417942,0.01474662609450418,0.717391304347826
2020-01-03 00:00:00-05:00,-0.007246410238030465,0.008628363128300029,0.008389853852271801,0.14130434782608695
2020-01-06 00:00:00-05:00,0.0025964085632214696,0.008605016712111934,0.008543243457035398,0.5869565217391305
2020-01-07 00:00:00-05:00,-0.0022918978860559675,0.008679770098907077,0.009035353445389638,0.358695652173913
2020-01-08 00:00:00-05:00,0.004707327116738531,0.008702693919411562,0.009130169350975588,0.7391304347826086
2020-01-09 00:00:00-05:00,0.006660308773111582,0.008693696676796576,0.00723091475949824,0.8478260869565217
2020-01-10 00:00:00-05:00,-0.003561594375690671,0.008698480089800108,0.007760655262135962,0.33695652173913043
2020-01-13 00:00:00-05:00,0.006735857053882451,0.008741928757767884,0.009625017360123249,0.7717391304347826
2020-01-14 00:00:00-05:00,-0.0002126733272521623,0.008570590332854284,0.009778236025152707,0.4782608695652174
2020-01-15 00:00:00-05:00,0.0005993654524222606,0.00858971577455726,0.012536279190342843,0.5434782608695652
2020-01-16 00:00:00-05:00,0.006867775313921283,0.008753667639031881,0.013606771382379609,0.8260869565217391
2020-01-17 00:00:00-05:00,0.004072718913381802,0.008762343742587218,0.009213469781151024,0.6413043478260869
2020-01-21 00:00:00-05:00,-0.003299786439774901,0.008642284016549085,0.0115313796305376,0.44565217391304346
2020-01-22 00:00:00-05:00,0.0011269909265929185,0.008775573729080739,0.011392513387098293,0.532608695652174
2020-01-23 00:00:00-05:00,0.0011995837136617505,0.0089714253274708,0.01262126946095272,0.5
2020-01-24 00:00:00-05:00,-0.00892451139747916,0.009255403393563373,0.014482393715618675,0.14130434782608695
2020-01-27 00:00:00-05:00,-0.01564260852025291,0.009672755298908884,0.013336313282299197,0.09782608695652174
2020-01-28 00:00:00-05:00,0.007532213825063352,0.009953126281139379,0.012509049655583875,0.8260869565217391
2020-01-29 00:00:00-05:00,-0.003927083616893248,0.010494054444525353,0.01575735075635494,0.30434782608695654
2020-01-30 00:00:00-05:00,0.0042402474092054715,0.011026016106991662,0.01659498614186803,0.6413043478260869
2020-01-31 00:00:00-05:00,-0.018940067921991603,0.011738082656275963,0.018677889790521648,0.08695652173913043
2020-02-03 00:00:00-05:00,0.006438333350931226,0.011690703059922916,0.013751654571090195,0.717391304347826
2020-02-04 00:00:00-05:00,0.013118278898812162,0.011946571087228448,0.013763082425687953,0.8804347826086957
2020-02-05 00:00:00-05:00,0.01298517240914327,0.012487728519097827,0.019907549526292395,0.8152173913043478
2020-02-06 00:00:00-05:00,0.00329237933950307,0.012517907843200962,0.009669119251555442,0.6304347826086957
2020-02-07 00:00:00-05:00,-0.005114172251554352,0.012646572810191744,0.011832133657782037,0.32608695652173914
2020-02-10 00:00:00-05:00,0.0058936554084815925,0.012821646804781352,0.010907468645879947,0.7065217391304348
2020-02-11 00:00:00-05:00,0.004634526344303015,0.013185705917479088,0.015405896628788439,0.6739130434782609
2020-02-12 00:00:00-05:00,0.005110459619541601,0.01326425220531038,0.011274489404580375,0.6847826086956522
2020-02-13 00:00:00-05:00,-0.001852663195292963,0.01340088794801783,0.012647586622009191,0.42391304347826086
2020-02-14 00:00:00-05:00,0.0006850407054894383,0.013377977347131965,0.012055156571739676,0.5217391304347826
2020-02-18 00:00:00-05:00,-0.0033851585945394416,0.013289490011321107,0.011748537330351597,0.33695652173913043
2020-02-19 00:00:00-05:00,0.004119789642091165,0.013383743016091904,0.011192782881337751,0.6195652173913043
2020-02-20 00:00:00-05:00,-0.0027707183608027806,0.013365577973737386,0.011149913741092778,0.3804347826086957
2020-02-21 00:00:00-05:00,-0.009133152660639982,0.013559379257883681,0.015462340354170464,0.2717391304347826
2020-02-24 00:00:00-05:00,-0.033924823243645624,0.013812941526351683,0.017946077098780766,0.010869565217391304
2020-02-25 00:00:00-05:00,-0.03217561333170182,0.0138222620909443,0.014678125572063622,0.010869565217391304
2020-02-26 00:00:00-05:00,-0.005483904122177048,0.013979846047598464,0.016645576372036626,0.30434782608695654
2020-02-27 00:00:00-05:00,-0.042169921594777615,0.01409521079969571,0.014931709449626079,0.021739130434782608
2020-02-28 00:00:00-05:00,-0.010752394012317645,0.014387701088555159,0.021899646822403352,0.25
2020-03-02 00:00:00-05:00,0.042288803650408976,0.014429615933036174,0.017475197875969357,0.9891304347826086
2020-03-03 00:00:00-05:00,-0.029197365717596888,0.014312568892882394,0.016219901947292278,0.03260869565217391
2020-03-04 00:00:00-05:00,0.04040833263293141,0.014511864875209057,0.017936870199950074,0.9891304347826086
2020-03-05 00:00:00-05:00,-0.03614169275980706,0.014708192335636609,0.0178859590946666,0.010869565217391304
2020-03-06 00:00:00-05:00,-0.015323379344104672,0.01467725043550909,0.019257769623614418,0.1956521739130435
2020-03-09 00:00:00-04:00,-0.0841045927582078,0.016395330699234312,0.04574880478978512,0.0
2020-03-10 00:00:00-04:00,0.04776476353853036,0.016942723852375042,0.023327389873737364,0.967391304347826
2020-03-11 00:00:00-04:00,-0.05137230075889016,0.017758953360577583,0.028048288318133358,0.03260869565217391
2020-03-12 00:00:00-04:00,-0.10732364946993275,0.018701770716020864,0.035205061093097276,0.0
2020-03-13 00:00:00-04:00,0.09351437034233907,0.020050486010626707,0.03959751059130308,1.0
2020-03-16 00:00:00-04:00,-0.1296770182788896,0.02207483244368582,0.055158861716250576,0.0
2020-03-17 00:00:00-04:00,0.056333134064115525,0.02367195549503149,0.04559474064999867,0.9021739130434783
2020-03-18 00:00:00-04:00,-0.0584746459027493,0.026115460085197627,0.0630621337238406,0.14130434782608695
2020-03-19 00:00:00-04:00,0.01030970073683341,0.028152118065622993,0.05396260047027048,0.532608695652174
2020-03-20 00:00:00-04:00,-0.04590163271518565,0.02924363895680033,0.03407185245581678,0.07608695652173914
2020-03-23 00:00:00-04:00,-0.0317430762076797,0.03066053213443375,0.045217097084472205,0.21739130434782608
2020-03-24 00:00:00-04:00,0.09598387957765549,0.03231909905758006,0.05277598248485336,0.967391304347826
2020-03-25 00:00:00-04:00,0.018339083840912145,0.03400771703056968,0.050139103004845684,0.6195652173913043
2020-03-26 00:00:00-04:00,0.06333255214948282,0.03453155848079753,0.027646246826821354,0.967391304347826
2020-03-27 00:00:00-04:00,-0.03425875472540854,0.035134295547979186,0.02758918786044082,0.07608695652173914
2020-03-30 00:00:00-04:00,0.028682937373169168,0.03516766924768452,0.02260049451621545,0.9456521739130435
2020-03-31 00:00:00-04:00,-0.018467142014815967,0.03545647560750726,0.023540131432246942,0.18478260869565216
2020-04-01 00:00:00-04:00,-0.047357213770539294,0.03622560619496836,0.03237164428397534,0.05434782608695652
2020-04-02 00:00:00-04:00,0.02620639112414111,0.03683989016026882,0.030836833471259623,0.8586956521739131
2020-04-03 00:00:00-04:00,-0.01823164248495891,0.036991055876463105,0.0210604391347466,0.17391304347826086
2020-04-06 00:00:00-04:00,0.06773835793921447,0.03762095745191834,0.03248570270817441,0.967391304347826
2020-04-07 00:00:00-04:00,-0.0007587693516597876,0.03669798430272518,0.026366368656728888,0.45652173913043476
2020-04-08 00:00:00-04:00,0.034894092565073,0.036594205233537985,0.021148029420806194,0.9456521739130435
2020-04-09 00:00:00-04:00,0.015893141888498722,0.03662961288702301,0.02879184904131875,0.6413043478260869
2020-04-13 00:00:00-04:00,-0.013438497892728834,0.03616302048239847,0.02540662059598216,0.2608695652173913
2020-04-14 00:00:00-04:00,0.024943517749482648,0.03537688234190445,0.02308860964092852,0.8478260869565217
2020-04-15 00:00:00-04:00,-0.027653915474156365,0.03390642526038847,0.02427926300441513,0.11956521739130435
2020-04-16 00:00:00-04:00,-0.0012017946807506492,0.033198785604367835,0.030734307873565243,0.5543478260869565
2020-04-17 00:00:00-04:00,0.034233890761997454,0.03177093390456698,0.03307724802802256,0.8913043478260869
2020-04-20 00:00:00-04:00,-0.019162715954324252,0.030016376731836093,0.017116899842921873,0.15217391304347827
2020-04-21 00:00:00-04:00,-0.03127552995796472,0.029178387462570614,0.016474077801241747,0.010869565217391304
2020-04-22 00:00:00-04:00,0.018911263915907976,0.027970530930492905,0.019852109910840274,0.8478260869565217
2020-04-23 00:00:00-04:00,-0.0005409616719220288,0.026244244893477004,0.016523975707519404,0.4782608695652174
2020-04-24 00:00:00-04:00,0.01192690471429897,0.024674742435782233,0.017179551393255575,0.8695652173913043
2020-04-27 00:00:00-04:00,0.020678464308096122,0.024335639835164867,0.020525092213856684,0.8369565217391305
2020-04-28 00:00:00-04:00,0.0008790824650804605,0.024216230219967036,0.02508158594128643,0.5
2020-04-29 00:00:00-04:00,0.021693421390504432,0.02461133866135396,0.030897771785340842,0.7282608695652174
2020-04-30 00:00:00-04:00,-0.015898599275871075,0.024444758730297063,0.02004195288005197,0.20652173913043478
2020-05-01 00:00:00-04:00,-0.030190431397279383,0.023722248734036437,0.017198934362502312,0.010869565217391304
2020-05-04 00:00:00-04:00,-0.00014394200441024158,0.023066435685635277,0.017064759454835227,0.4673913043478261
2020-05-05 00:00:00-04:00,0.005359195387562488,0.022847805733141796,0.016469210132383453,0.717391304347826
2020-05-06 00:00:00-04:00,-0.012640733678615592,0.022140680671419853,0.017636076412013688,0.1956521739130435
2020-05-07 00:00:00-04:00,0.013583726684881847,0.021928155264418173,0.021903335109693604,0.6956521739130435
2020-05-08 00:00:00-04:00,0.020340350225201444,0.021719020458570756,0.01675619849801043,0.9347826086956522
2020-05-11 00:00:00-04:00,-0.004336347706419673,0.021328257115127362,0.020585818829007504,0.358695652173913
2020-05-12 00:00:00-04:00,-0.02226223051812317,0.020782116060261008,0.013937658443788638,0.043478260869565216
2020-05-13 00:00:00-04:00,-0.02059557091996377,0.02070507764310061,0.021470802880560212,0.10869565217391304
2020-05-14 00:00:00-04:00,0.01420989517156164,0.020472633055320728,0.019397926661037564,0.782608695652174
2020-05-15 00:00:00-04:00,0.0004898929331050467,0.019870935837813495,0.018098666305913398,0.4891304347826087
2020-05-18 00:00:00-04:00,0.04004024972055527,0.01987197286811375,0.033099025664327944,0.9130434782608695
2020-05-19 00:00:00-04:00,-0.014994551571386659,0.019739798650894553,0.014341241281318678,0.16304347826086957
2020-05-20 00:00:00-04:00,0.015620459590117956,0.019753945661219633,0.016771165018068388,0.8043478260869565
2020-05-21 00:00:00-04:00,-0.006369857129126069,0.01948336491392865,0.01416991421772974,0.22826086956521738
2020-05-22 00:00:00-04:00,0.0013163101799149443,0.019241735423888715,0.011449756416680746,0.5543478260869565
2020-05-26 00:00:00-04:00,0.02078950002604204,0.019955133289776356,0.03216090657689599,0.7282608695652174
2020-05-27 00:00:00-04:00,0.022033915491031758,0.020096501355232017,0.023493821588425574,0.8695652173913043
2020-05-28 00:00:00-04:00,-0.004987966894329885,0.019968886048603023,0.022401664502077593,0.45652173913043476
2020-05-29 00:00:00-04:00,0.0008691920051939662,0.01939321364900303,0.018808651393741046,0.5108695652173914
2020-06-01 00:00:00-04:00,0.0038475650199189648,0.019266856658614568,0.01738845608189416,0.6304347826086957
2020-06-02 00:00:00-04:00,0.009227753027635881,0.019057818060665026,0.012809123805561984,0.7934782608695652
2020-06-03 00:00:00-04:00,0.020467013834634614,0.019472007389693086,0.025762735364424506,0.782608695652174
2020-06-04 00:00:00-04:00,0.0036809004834975362,0.019756822452572848,0.02245032645285845,0.45652173913043476
2020-06-05 00:00:00-04:00,0.02886176864420575,0.02006948153177281,0.02420191707521279,0.9565217391304348
2020-06-08 00:00:00-04:00,0.016110274312411535,0.02008118755633,0.022149161625394615,0.7717391304347826
2020-06-09 00:00:00-04:00,-0.014137937898907257,0.02026640752218181,0.020645817780898447,0.15217391304347827
2020-06-10 00:00:00-04:00,-0.01340994958104215,0.02060721904285795,0.027742860763206482,0.31521739130434784
2020-06-11 00:00:00-04:00,-0.06608098002763745,0.021244951234624016,0.02733003447087608,0.0
2020-06-12 00:00:00-04:00,0.017325751214540684,0.021223563700159733,0.021021664656810192,0.8043478260869565
2020-06-15 00:00:00-04:00,0.007590381439685381,0.020909933190846792,0.01281168596546577,0.7608695652173914
2020-06-16 00:00:00-04:00,0.018107793392140862,0.020903356087075428,0.01796054712671483,0.9239130434782609
2020-06-17 00:00:00-04:00,-0.006900594863919119,0.020040002537672102,0.01496860112685802,0.358695652173913
2020-06-18 00:00:00-04:00,0.0003577562528493591,0.01987422442585495,0.010859900933158584,0.45652173913043476
2020-06-19 00:00:00-04:00,-0.006833139638733138,0.019871381821115326,0.016711470318536214,0.2826086956521739
2020-06-22 00:00:00-04:00,0.0024250464152881217,0.019858647942042985,0.013902502757210607,0.5217391304347826
2020-06-23 00:00:00-04:00,0.0027326361702150912,0.019832025407356964,0.010890683188274304,0.5978260869565217
2020-06-24 00:00:00-04:00,-0.027509393797408983,0.019075176093699443,0.01626707099008809,0.021739130434782608
2020-06-25 00:00:00-04:00,0.011348089789673608,0.0186887550843146,0.015378980391343802,0.8152173913043478
2020-06-26 00:00:00-04:00,-0.027353122297804535,0.01860890769290733,0.020724869282524924,0.021739130434782608
2020-06-29 00:00:00-04:00,0.01801731547185295,0.01859308999877356,0.0184764798169319,0.9130434782608695
2020-06-30 00:00:00-04:00,0.012432185285385793,0.018398763043071784,0.013307590012156907,0.9021739130434783
2020-07-01 00:00:00-04:00,0.0016246117408526574,0.01887541532094651,0.022818821640931134,0.43478260869565216
2020-07-02 00:00:00-04:00,0.00521922016028188,0.018015632841213356,0.0077073032900283455,0.8043478260869565
2020-07-06 00:00:00-04:00,0.01424591223079486,0.017549065250747422,0.012652407053073793,0.9239130434782609
2020-07-07 00:00:00-04:00,-0.012683914570828297,0.017209756031279895,0.01707642346639479,0.13043478260869565
2020-07-08 00:00:00-04:00,0.005848366690342672,0.016678687170360258,0.010996715546082237,0.7065217391304348
2020-07-09 00:00:00-04:00,-0.012996047715982588,0.016740777266721667,0.021949709804488036,0.2826086956521739
2020-07-10 00:00:00-04:00,0.017504706874702576,0.016389578201668684,0.020367680397093812,0.8260869565217391
2020-07-13 00:00:00-04:00,-0.0047743375112261335,0.015884052864998638,0.016714002400805117,0.42391304347826086
2020-07-14 00:00:00-04:00,0.013214262638213977,0.015623163823430744,0.015542994783884437,0.9021739130434783
2020-07-15 00:00:00-04:00,0.011203909237647301,0.01592687038775629,0.019189523816302186,0.717391304347826
2020-07-16 00:00:00-04:00,-0.001790262640258984,0.015731718398820056,0.01386235535905395,0.4891304347826087
2020-07-17 00:00:00-04:00,0.0006825266769322579,0.015811840821317074,0.016651171999295382,0.5543478260869565
2020-07-20 00:00:00-04:00,-0.0012590183090637203,0.01622230554238202,0.019479660075522508,0.3804347826086957
2020-07-21 00:00:00-04:00,0.008264823307765259,0.016284283129690685,0.01801299965201812,0.6847826086956522
2020-07-22 00:00:00-04:00,0.005646482687978109,0.016355465671137596,0.015397336127595794,0.6739130434782609
2020-07-23 00:00:00-04:00,-0.006764572015584398,0.016485628229800837,0.013624096920202338,0.32608695652173914
2020-07-24 00:00:00-04:00,-0.0058872535217958984,0.016966870015070263,0.026373148480745977,0.2717391304347826
2020-07-27 00:00:00-04:00,0.0038808831974064405,0.016932011893503112,0.014646959838433636,0.6413043478260869
2020-07-28 00:00:00-04:00,-0.002925386302689857,0.016658812778193373,0.01498768786102042,0.391304347826087
2020-07-29 00:00:00-04:00,0.009935467544657373,0.01669210830215968,0.01917568582022439,0.7717391304347826
2020-07-30 00:00:00-04:00,-0.007747687527725885,0.017371793633142563,0.027580981962797405,0.25
2020-07-31 00:00:00-04:00,-0.003279228478692152,0.017084689469575573,0.016789634206024383,0.391304347826087
2020-08-03 00:00:00-04:00,0.004666796755512321,0.017358746505801253,0.013462501050767663,0.6195652173913043
2020-08-04 00:00:00-04:00,0.005765189947208244,0.017577110793620142,0.017238057097270398,0.6304347826086957
2020-08-05 00:00:00-04:00,0.00808887109894067,0.017611280351368587,0.01779398417911213,0.6630434782608695
2020-08-06 00:00:00-04:00,0.0019006598545694016,0.01763552488131529,0.01150585067496302,0.5434782608695652
2020-08-07 00:00:00-04:00,0.008301740485542929,0.017534260779690114,0.01982316367035936,0.6521739130434783
2020-08-10 00:00:00-04:00,0.007761901596374546,0.0175039137244925,0.01973039223794392,0.6304347826086957
2020-08-11 00:00:00-04:00,-0.0009671554840180513,0.01753909019819254,0.017452708348505916,0.4891304347826087
2020-08-12 00:00:00-04:00,0.01032883006053208,0.017603549584800076,0.016896641902642656,0.75
2020-08-13 00:00:00-04:00,-0.0058278242715324195,0.01739739488086107,0.014860275033583127,0.2826086956521739
2020-08-14 00:00:00-04:00,0.0014561240305956194,0.01712590741336955,0.00816111854173204,0.5543478260869565
2020-08-17 00:00:00-04:00,-0.0016804070006730806,0.01708789034074293,0.015852813474136317,0.5
2020-08-18 00:00:00-04:00,-0.0009710943069016349,0.01676258397738001,0.012648226444901167,0.43478260869565216
2020-08-19 00:00:00-04:00,-0.002038458977423728,0.01666204911401249,0.015901767521300188,0.358695652173913
2020-08-20 00:00:00-04:00,-0.002198836204013288,0.016548529020531756,0.013013414164500437,0.3695652173913043
2020-08-21 00:00:00-04:00,0.0012324015111834896,0.01642246120298284,0.010976672751675126,0.5217391304347826
2020-08-24 00:00:00-04:00,0.014310607465709361,0.015954467443178348,0.016545279524851624,0.8260869565217391
2020-08-25 00:00:00-04:00,0.0021348854767627742,0.015873967332578315,0.012956457515832952,0.5108695652173914
2020-08-26 00:00:00-04:00,0.00481183291803118,0.016613405397705616,0.030515887228693705,0.5652173913043478
2020-08-27 00:00:00-04:00,0.004836428222523871,0.016482003913748693,0.016416254657129033,0.6086956521739131
2020-08-28 00:00:00-04:00,0.007980128292085362,0.015654454551007262,0.010202445345227358,0.8260869565217391
2020-08-31 00:00:00-04:00,-0.0066839520570201785,0.015523589674936108,0.01404147180853014,0.25
2020-09-01 00:00:00-04:00,0.0034376535541991967,0.01565627368316999,0.016248865223679142,0.5652173913043478
2020-09-02 00:00:00-04:00,0.01662546522604394,0.015470704177813578,0.013341097484785729,0.9239130434782609
2020-09-03 00:00:00-04:00,-0.02647164044452571,0.015579057445989182,0.020069402810799844,0.043478260869565216
2020-09-04 00:00:00-04:00,-0.0018851303999660983,0.01581894404935192,0.016543469345580517,0.358695652173913
2020-09-08 00:00:00-04:00,-0.022972553406545554,0.015737700168832924,0.018117042179460474,0.08695652173913043
2020-09-09 00:00:00-04:00,0.014678319471151845,0.0154763075666748,0.014241147592623333,0.8369565217391305
2020-09-10 00:00:00-04:00,-0.015620066136047014,0.015149526339024904,0.010590302567858064,0.06521739130434782
2020-09-11 00:00:00-04:00,0.005517787085011084,0.014942479673714862,0.012548661931131825,0.7065217391304348
2020-09-14 00:00:00-04:00,0.012640247936589128,0.014928814808668325,0.014573312867605808,0.8913043478260869
2020-09-15 00:00:00-04:00,0.001675403558567035,0.015383332266929232,0.017705985165211057,0.5760869565217391
2020-09-16 00:00:00-04:00,0.003123779094322394,0.01564738995604124,0.021398024945488547,0.4782608695652174
2020-09-17 00:00:00-04:00,-0.005282125755279099,0.01575545987768074,0.014917694799330708,0.31521739130434784
2020-09-18 00:00:00-04:00,-0.009808378996155083,0.01552686659454973,0.0111013085755489,0.15217391304347827
2020-09-21 00:00:00-04:00,-0.01784417523726555,0.015963504075346285,0.02218280126122807,0.16304347826086957
2020-09-22 00:00:00-04:00,0.004377380102768001,0.016113702072557346,0.014130830693107463,0.6304347826086957
2020-09-23 00:00:00-04:00,-0.02079291531069054,0.016091493306344618,0.01607889543438432,0.043478260869565216
2020-09-24 00:00:00-04:00,0.0014843791153136012,0.016103304063634576,0.013204483418922115,0.6195652173913043
2020-09-25 00:00:00-04:00,0.011677487337210609,0.015223367952747707,0.012037228900069433,0.8586956521739131
2020-09-28 00:00:00-04:00,0.01628639930710119,0.01497107777498711,0.011118160924156493,0.9347826086956522
2020-09-29 00:00:00-04:00,-0.00666690089593147,0.014974730696218649,0.010279156691089648,0.1956521739130435
2020-09-30 00:00:00-04:00,0.010018609766079828,0.014836561183113188,0.011139912033315472,0.8913043478260869
2020-10-01 00:00:00-04:00,0.0032685170606113613,0.014725249550321229,0.013911320935048021,0.5978260869565217
2020-10-02 00:00:00-04:00,-0.0037561901810102922,0.014940750059408692,0.017866608175622425,0.44565217391304346
2020-10-05 00:00:00-04:00,0.016612678458957496,0.014519531524582342,0.011223813579446469,0.9565217391304348
2020-10-06 00:00:00-04:00,-0.01123288791936226,0.014301415790078082,0.011963038920991046,0.11956521739130435
2020-10-07 00:00:00-04:00,0.01943050840307327,0.013946775513436224,0.01066959636998145,0.9891304347826086
2020-10-08 00:00:00-04:00,0.01008091780693411,0.013991704954490631,0.015184665854765932,0.7934782608695652
2020-10-09 00:00:00-04:00,0.0045921923442142,0.014120903921306565,0.01330348087099267,0.6847826086956522
2020-10-12 00:00:00-04:00,0.010613296439791203,0.014157700833929386,0.01332139709621109,0.8260869565217391
2020-10-13 00:00:00-04:00,-0.007512258711500494,0.014205497813053697,0.015577049429216299,0.29347826086956524
2020-10-14 00:00:00-04:00,-0.006373280897574917,0.013959468191323487,0.012539363108876678,0.25
2020-10-15 00:00:00-04:00,8.40750772295169e-05,0.013488040795354619,0.01149804963014227,0.43478260869565216
2020-10-16 00:00:00-04:00,0.004105942824606687,0.013367637377299155,0.012389223020165985,0.6847826086956522
2020-10-19 00:00:00-04:00,-0.014303692138309947,0.013219045959515749,0.007980888802097368,0.010869565217391304
2020-10-20 00:00:00-04:00,0.003489545221696152,0.012781136227425856,0.012986696887340323,0.75
2020-10-21 00:00:00-04:00,-0.006684876202227574,0.012825495085757099,0.015062366718063536,0.2826086956521739
2020-10-22 00:00:00-04:00,0.010728169792425442,0.013024409862371142,0.02025610574327926,0.75
2020-10-23 00:00:00-04:00,0.0013610671024057936,0.013137140682127063,0.01557183063379647,0.6195652173913043
2020-10-26 00:00:00-04:00,-0.020419861295187237,0.013224942344475167,0.0138810638093796,0.07608695652173914
2020-10-27 00:00:00-04:00,-0.011621527559053829,0.013596106626148616,0.018912610839298922,0.2717391304347826
2020-10-28 00:00:00-04:00,-0.032459915748785824,0.013925242502115909,0.017191010086402822,0.010869565217391304
2020-10-29 00:00:00-04:00,0.009834285166946819,0.014105540616612353,0.01492617243774077,0.6847826086956522
2020-10-30 00:00:00-04:00,-0.004820589875070338,0.01426897538159665,0.017343450999718235,0.44565217391304346
2020-11-02 00:00:00-05:00,0.015401816886548417,0.014083239457556133,0.01396615377077158,0.8695652173913043
2020-11-03 00:00:00-05:00,0.018130077495368352,0.014164112216567501,0.012922141518685225,0.9239130434782609
2020-11-04 00:00:00-05:00,0.009429765710991954,0.015177393686749398,0.03324194979481085,0.5652173913043478
2020-11-05 00:00:00-05:00,0.01776146924589609,0.01562700623123646,0.020111459804209805,0.8586956521739131
2020-11-06 00:00:00-05:00,-0.00034852712341720436,0.015594918868743595,0.014510831242415739,0.45652173913043476
2020-11-09 00:00:00-05:00,0.0323094148013809,0.01806913833175404,0.06526208959421202,0.6847826086956522
2020-11-10 00:00:00-05:00,0.00549926519705379,0.01861675811305942,0.024821412503624032,0.6195652173913043
2020-11-11 00:00:00-05:00,0.00279084137091467,0.018859901613383336,0.02068306293601853,0.4891304347826087
2020-11-12 00:00:00-05:00,-0.011857834115489877,0.018837414134088896,0.012067126043693518,0.11956521739130435
2020-11-13 00:00:00-05:00,0.016834673116870976,0.018981034847689475,0.014514084615754349,0.967391304347826
2020-11-16 00:00:00-05:00,0.015432806142518986,0.019320847541880775,0.019525289598183285,0.8586956521739131
2020-11-17 00:00:00-05:00,-0.003401614338026187,0.01965842342242883,0.015069982293606524,0.30434782608695654
2020-11-18 00:00:00-05:00,-0.010859640050649303,0.019725137017074228,0.014387682374893714,0.20652173913043478
2020-11-19 00:00:00-05:00,0.0038052892731168814,0.019603843350113188,0.012515199711881737,0.5760869565217391
2020-11-20 00:00:00-05:00,-0.006451984613989997,0.01908413636992715,0.009342259159372427,0.22826086956521738
2020-11-23 00:00:00-05:00,0.011316076552048046,0.019281023813540576,0.019706466949678373,0.6956521739130435
2020-11-24 00:00:00-05:00,0.02052642356188978,0.01955271155429214,0.019586506365162463,0.8913043478260869
2020-11-25 00:00:00-05:00,-0.004496996165465283,0.019242927548190042,0.0124071467111549,0.30434782608695654
2020-11-27 00:00:00-05:00,0.0003909902148730541,0.018868216752364848,0.009322083374073704,0.5108695652173914
2020-11-30 00:00:00-05:00,-0.008037570642704658,0.01908610353415516,0.019501794855337408,0.29347826086956524
2020-12-01 00:00:00-05:00,0.009073350053006113,0.018825659237765996,0.011874120775545758,0.7717391304347826
2020-12-02 00:00:00-05:00,0.0053414686231710385,0.01897717847845181,0.017148057825173674,0.6847826086956522
2020-12-03 00:00:00-05:00,0.0003019848486472155,0.018939747700632562,0.012136095184480977,0.4891304347826087
2020-12-04 00:00:00-05:00,0.011808146193273706,0.018116562993923908,0.015955070953929073,0.8043478260869565
2020-12-07 00:00:00-05:00,-0.004193282853521356,0.017765775205234043,0.012744916241722613,0.32608695652173914
2020-12-08 00:00:00-05:00,0.0022207961052986918,0.01754838831430119,0.00994570653282591,0.5869565217391305
2020-12-09 00:00:00-05:00,-0.0015319609862297896,0.015248455888340805,0.016963508649043925,0.4673913043478261
2020-12-10 00:00:00-05:00,-0.001979601910699692,0.014683002008271126,0.012946881022160754,0.30434782608695654
2020-12-11 00:00:00-05:00,-0.0023944604654498876,0.014588004834500314,0.01868812228683153,0.3804347826086957
2020-12-14 00:00:00-05:00,-0.007306920219608431,0.014718899483360809,0.014815913669763866,0.21739130434782608
2020-12-15 00:00:00-05:00,0.011711193541952209,0.01462591685968013,0.012561449518460105,0.8695652173913043
2020-12-16 00:00:00-05:00,-0.0010127494478527454,0.014196728619029162,0.01051233654451293,0.391304347826087
2020-12-17 00:00:00-05:00,0.004711446850942423,0.013988157637561373,0.010689991682782955,0.6956521739130435
2020-12-18 00:00:00-05:00,-0.004111056086166557,0.013977525356757508,0.014164404478012616,0.40217391304347827
2020-12-21 00:00:00-05:00,-0.003772612778674592,0.014185709390407692,0.016887064418535554,0.2608695652173913
2020-12-22 00:00:00-05:00,-0.006474459153303692,0.01426764447276955,0.011062895888971472,0.2717391304347826
2020-12-23 00:00:00-05:00,0.004165722223256237,0.013970390989884304,0.01346414380908816,0.5760869565217391
2020-12-24 00:00:00-05:00,0.0017022549152959103,0.013369424434975095,0.0069662087120691595,0.5869565217391305
2020-12-28 00:00:00-05:00,0.0053484324300376316,0.013243727909094782,0.009767519667668331,0.6739130434782609
2020-12-29 00:00:00-05:00,-0.0018427907871361295,0.01324752843299434,0.009401894375964358,0.32608695652173914
2020-12-30 00:00:00-05:00,0.002321494625859447,0.012739785055899415,0.008839183936344008,0.5869565217391305
2020-12-31 00:00:00-05:00,0.008128713260210883,0.012546924305916241,0.007824045025899094,0.8586956521739131
2021-01-04 00:00:00-05:00,-0.01401423856199877,0.012454319667858153,0.01520336042595382,0.16304347826086957
2021-01-05 00:00:00-05:00,0.007726385709710375,0.012464601658969884,0.01235201699782737,0.7934782608695652
2021-01-06 00:00:00-05:00,0.014547634685102274,0.013052162982504202,0.02829385874814971,0.6956521739130435
2021-01-07 00:00:00-05:00,0.00931274073795399,0.013163070334177554,0.01507397062686306,0.7282608695652174
2021-01-08 00:00:00-05:00,0.0037860025063563172,0.013176585089989642,0.01022951640487972,0.6413043478260869
2021-01-11 00:00:00-05:00,-0.000492721665959079,0.01326780805625044,0.018879190940520707,0.42391304347826086
2021-01-12 00:00:00-05:00,0.0011520159276028799,0.013454005799045654,0.0168570336208602,0.5108695652173914
2021-01-13 00:00:00-05:00,0.0018191544417552807,0.013242576755411815,0.01424811237052095,0.5434782608695652
2021-01-14 00:00:00-05:00,0.0007633277232562347,0.013410800245214785,0.01834860695562623,0.5
2021-01-15 00:00:00-05:00,-0.009175657346300364,0.013692279564124828,0.018472515215571042,0.2717391304347826
2021-01-19 00:00:00-05:00,0.005553264923715804,0.013931729623127262,0.015540787783564021,0.6413043478260869
2021-01-20 00:00:00-05:00,0.00837850056450514,0.014613692217181683,0.025011206157925802,0.6521739130434783
2021-01-21 00:00:00-05:00,-0.00418432074293698,0.014762307307363519,0.01728532137183114,0.31521739130434784
2021-01-22 00:00:00-05:00,-0.005241112382968801,0.014785733475836263,0.01737901395646316,0.3695652173913043
2021-01-25 00:00:00-05:00,0.00032835982910135844,0.014923826227270818,0.013962843669097155,0.5434782608695652
2021-01-26 00:00:00-05:00,-0.0025248041470039557,0.015002004185014673,0.015105880921709107,0.4673913043478261
2021-01-27 00:00:00-05:00,-0.02821060405334908,0.01566781185761757,0.020948169836730028,0.08695652173913043
2021-01-28 00:00:00-05:00,0.014088879894701646,0.016103174303036066,0.018910131021456635,0.7934782608695652
2021-01-29 00:00:00-05:00,-0.017615859037469664,0.016399983878169246,0.015634895453761205,0.08695652173913043
2021-02-01 00:00:00-05:00,0.009833273083700996,0.016615994934167617,0.013375416112309822,0.7717391304347826
2021-02-02 00:00:00-05:00,0.015662960951655543,0.01694736883319375,0.014782896905447904,0.8913043478260869
2021-02-03 00:00:00-05:00,0.0010076321146055378,0.0170796362163034,0.017980975471256412,0.3804347826086957
2021-02-04 00:00:00-05:00,0.013728854605636354,0.017392431209563505,0.018920711856289563,0.8369565217391305
2021-02-05 00:00:00-05:00,0.004821422810499074,0.016624404748544562,0.012165303066751938,0.6739130434782609
2021-02-08 00:00:00-05:00,0.008445734452368193,0.016587703296543,0.014303240134830269,0.6739130434782609
2021-02-09 00:00:00-05:00,-0.0002126697385680575,0.016566729436926858,0.009789065352940742,0.41304347826086957
2021-02-10 00:00:00-05:00,0.0005476678457706195,0.01612410710536858,0.009584121977796824,0.5217391304347826
2021-02-11 00:00:00-05:00,1.4501253127653597e-05,0.015896068247539023,0.012068217606439596,0.44565217391304346
2021-02-12 00:00:00-05:00,0.004238545803806161,0.015724047639155386,0.010635679594464504,0.6304347826086957
2021-02-16 00:00:00-05:00,0.0014883669599946622,0.015607867906275299,0.015908832565144405,0.4673913043478261
2021-02-17 00:00:00-05:00,0.0019787735722652114,0.015374936010668562,0.013580945407829555,0.5434782608695652
2021-02-18 00:00:00-05:00,-0.004756027480971378,0.015255909335261128,0.013041227600007917,0.391304347826087
2021-02-19 00:00:00-05:00,-0.0017024921196593433,0.014875061049178625,0.01701339215019326,0.42391304347826086
2021-02-22 00:00:00-05:00,0.00030398676408024885,0.01508970441034,0.02179283195621998,0.4891304347826087
2021-02-23 00:00:00-05:00,0.0017422033757099283,0.014814775453428564,0.011605505861323022,0.5543478260869565
2021-02-24 00:00:00-05:00,0.01302529280315007,0.015059474631808607,0.01910152641507802,0.782608695652174
2021-02-25 00:00:00-05:00,-0.019967806214209773,0.01516705701832049,0.017365111038458697,0.08695652173913043
2021-02-26 00:00:00-05:00,-0.010631247365217004,0.014963222852693922,0.01666765235857208,0.25
2021-03-01 00:00:00-05:00,0.02037670011193319,0.01467832862057084,0.012927352146871974,0.9565217391304348
2021-03-02 00:00:00-05:00,-0.004279747073288731,0.01453730053403511,0.012673305636510824,0.358695652173913
2021-03-03 00:00:00-05:00,-0.005866410459553511,0.014818765676714503,0.019286184108577027,0.42391304347826086
2021-03-04 00:00:00-05:00,-0.011004485868037692,0.01482210881110622,0.014853102727674022,0.1956521739130435
2021-03-05 00:00:00-05:00,0.019199428466991214,0.014614236667797906,0.01361566046178185,0.9347826086956522
2021-03-08 00:00:00-05:00,0.002038707959600758,0.014865329000482022,0.02419365084265601,0.6630434782608695
2021-03-09 00:00:00-05:00,0.0059471882034729615,0.015314687640740732,0.021601834512184784,0.5543478260869565
2021-03-10 00:00:00-05:00,0.010183941264443571,0.015360978638416869,0.015275351086029168,0.75
2021-03-11 00:00:00-05:00,0.004913386683566449,0.015828567030838056,0.01960842159378569,0.532608695652174
2021-03-12 00:00:00-05:00,0.0053451559759996915,0.016054322069068996,0.014324977780646531,0.6739130434782609
2021-03-15 00:00:00-04:00,0.004063542211137055,0.016338630160969675,0.01803868753635388,0.6413043478260869
2021-03-16 00:00:00-04:00,-0.0028527270355725876,0.016516187300570424,0.014364379526080199,0.5
2021-03-17 00:00:00-04:00,0.0032520584592039023,0.016295894439419416,0.011282682480973243,0.6195652173913043
2021-03-18 00:00:00-04:00,-0.00825493067131603,0.016592487688937587,0.019809403647711107,0.40217391304347827
2021-03-19 00:00:00-04:00,-0.0019051534240884652,0.01675680090815893,0.01649180520365613,0.391304347826087
2021-03-22 00:00:00-04:00,0.0035805469836837417,0.016609510460603737,0.013920292751534221,0.6630434782608695
2021-03-23 00:00:00-04:00,-0.00881683281387714,0.01632993640351376,0.015921776757330457,0.2826086956521739
2021-03-24 00:00:00-04:00,-0.002072537161406026,0.016407283664339627,0.013229798338666256,0.45652173913043476
2021-03-25 00:00:00-04:00,0.009318701139810152,0.01612911181190445,0.013259917513939325,0.7934782608695652
2021-03-26 00:00:00-04:00,0.018749356008362063,0.015980765892319497,0.014249846727174624,0.9021739130434783
2021-03-29 00:00:00-04:00,0.00028421743364780096,0.015720692681579707,0.011206114933036491,0.5760869565217391
2021-03-30 00:00:00-04:00,-0.0030694307064163704,0.01570364468244586,0.012569344165061176,0.31521739130434784
2021-03-31 00:00:00-04:00,-0.0010908835656084574,0.015630727559651437,0.011142046057828004,0.391304347826087
2021-04-01 00:00:00-04:00,0.008413457505301768,0.015293563921192497,0.012205747700939275,0.717391304347826
2021-04-05 00:00:00-04:00,0.011642485612474367,0.015168604100309587,0.012228946489132853,0.8369565217391305
2021-04-06 00:00:00-04:00,-0.0006759214011711881,0.0148987650645366,0.007949040710549169,0.4891304347826087
2021-04-07 00:00:00-04:00,0.0008220087869548271,0.014061303038386314,0.006606948293500001,0.5217391304347826
2021-04-08 00:00:00-04:00,0.001549270660314344,0.013479832895755125,0.009390961516929813,0.5652173913043478
2021-04-09 00:00:00-04:00,0.006572694221658774,0.01315887995210699,0.008535339269418355,0.7934782608695652
2021-04-12 00:00:00-04:00,-0.0005132656686377729,0.01278438255206392,0.011743976192881173,0.532608695652174
2021-04-13 00:00:00-04:00,-0.0008769395994976314,0.012653125469177486,0.011568579040031474,0.4673913043478261
2021-04-14 00:00:00-04:00,0.0011969711418768941,0.012422326766554774,0.01319191478127689,0.5760869565217391
2021-04-15 00:00:00-04:00,0.008012165875378344,0.01239501278671666,0.013790785949479778,0.7934782608695652
2021-04-16 00:00:00-04:00,0.004545604358431098,0.01238470193965146,0.011066154692604085,0.7391304347826086
2021-04-19 00:00:00-04:00,-0.004860677191950109,0.01197214031596704,0.01114560955033831,0.34782608695652173
2021-04-20 00:00:00-04:00,-0.00914656183779009,0.012044145194991257,0.018003907663164676,0.31521739130434784
2021-04-21 00:00:00-04:00,0.008042347280950057,0.012071099403312621,0.014486331126282859,0.782608695652174
2021-04-22 00:00:00-04:00,-0.008162945961541785,0.011837503292222863,0.01101625842444553,0.14130434782608695
2021-04-23 00:00:00-04:00,0.008924272011108984,0.0118393413706222,0.013268397985052326,0.7934782608695652
2021-04-26 00:00:00-04:00,0.00022679853308951554,0.011757822348038696,0.011548018039685784,0.45652173913043476
2021-04-27 00:00:00-04:00,0.002520398829499043,0.011766391513257809,0.014429799196775936,0.532608695652174
2021-04-28 00:00:00-04:00,0.00010545733287325776,0.011983558829174063,0.015766628567277865,0.4891304347826087
2021-04-29 00:00:00-04:00,0.007026082372218924,0.012286814301046915,0.018937709074391067,0.782608695652174
2021-04-30 00:00:00-04:00,-0.006492464287684468,0.012343214839276685,0.012326457360653124,0.2826086956521739
2021-05-03 00:00:00-04:00,0.006284697252733797,0.01241198685433031,0.013649960017065449,0.6956521739130435
2021-05-04 00:00:00-04:00,-0.0029365605971899255,0.012472020301772059,0.01348964888540958,0.4673913043478261
2021-05-05 00:00:00-04:00,0.0035740340774524653,0.012754585863638672,0.013882917509748051,0.5869565217391305
2021-05-06 00:00:00-04:00,0.010177232565021224,0.012902774846014365,0.009718916923389578,0.9130434782608695
2021-05-07 00:00:00-04:00,0.007004439258603992,0.012830766649083178,0.007878789381374837,0.7934782608695652
2021-05-10 00:00:00-04:00,-0.004331997947029119,0.013173985429406728,0.015742933656212963,0.43478260869565216
2021-05-11 00:00:00-04:00,-0.009897458309508089,0.013128662797427696,0.01079220092132141,0.13043478260869565
2021-05-12 00:00:00-04:00,-0.01890715704904538,0.013163079427511784,0.012291328271797346,0.06521739130434782
2021-05-13 00:00:00-04:00,0.01306624894498561,0.012975744813877763,0.009257887894962461,0.9456521739130435
2021-05-14 00:00:00-04:00,0.012678091348813392,0.01287959875582277,0.01177171873032494,0.9021739130434783
2021-05-17 00:00:00-04:00,-0.0018044481694527855,0.012903940775364945,0.011577337102989731,0.3804347826086957
2021-05-18 00:00:00-04:00,-0.007963882273416687,0.012940214016617527,0.01190734761664259,0.17391304347826086
2021-05-19 00:00:00-04:00,-0.0021385419109909497,0.012649282235552934,0.01189434026080818,0.30434782608695654
2021-05-20 00:00:00-04:00,0.008615209433095553,0.01241151815445852,0.009493285423300168,0.7934782608695652
2021-05-21 00:00:00-04:00,0.0028443634072756884,0.012406305387701442,0.01090679032254685,0.5434782608695652
2021-05-24 00:00:00-04:00,0.0068102136534764915,0.012216015601634175,0.009272312477639757,0.8260869565217391
2021-05-25 00:00:00-04:00,-0.004473174820664299,0.012081470453540926,0.008722569929727544,0.358695652173913
2021-05-26 00:00:00-04:00,0.002317689333327239,0.011933771809239763,0.011328127666451514,0.6195652173913043
2021-05-27 00:00:00-04:00,0.0039162432610128604,0.011923810965526587,0.01555745084930121,0.5434782608695652
2021-05-28 00:00:00-04:00,0.0016538854156353503,0.011496950814071682,0.009973645893838068,0.5760869565217391
2021-06-01 00:00:00-04:00,-0.00037560922077393863,0.011770378388398438,0.01806843642151497,0.44565217391304346
2021-06-02 00:00:00-04:00,0.0026452414383149854,0.011476964125301739,0.007488260492034752,0.6630434782608695
2021-06-03 00:00:00-04:00,0.00028360471751154954,0.01142000410050863,0.012293488364754315,0.532608695652174
2021-06-04 00:00:00-04:00,0.006146003103883997,0.011179843779618994,0.008839550771065685,0.7608695652173914
2021-06-07 00:00:00-04:00,-0.001655876460463777,0.011337338507236453,0.013026306203356255,0.32608695652173914
2021-06-08 00:00:00-04:00,-0.0021334078759955664,0.011353644975084377,0.008221225206181208,0.34782608695652173
2021-06-09 00:00:00-04:00,-0.0028118869256902445,0.011170421737581475,0.011895245668652027,0.3695652173913043
2021-06-10 00:00:00-04:00,0.003157115941712127,0.011304671745876474,0.013611451095516414,0.6413043478260869
2021-06-11 00:00:00-04:00,0.0014988139963533628,0.011131155466944976,0.008647486414235845,0.5978260869565217
2021-06-14 00:00:00-04:00,-0.0012562933787840305,0.011187576455848986,0.010442728661946666,0.45652173913043476
2021-06-15 00:00:00-04:00,-0.00017135253352586606,0.011069790296171955,0.009298209377107312,0.45652173913043476
2021-06-16 00:00:00-04:00,-0.00683018289961837,0.010973626639870135,0.009557900320651513,0.16304347826086957
2021-06-17 00:00:00-04:00,-0.0052978213499235765,0.011454998080616027,0.022016147872306328,0.4673913043478261
2021-06-18 00:00:00-04:00,-0.01554465431616439,0.011409282066146453,0.010934303956947104,0.05434782608695652
2021-06-21 00:00:00-04:00,0.01594576239364602,0.011521402315898882,0.011847810668101188,0.9565217391304348
2021-06-22 00:00:00-04:00,0.0027711978030512175,0.011389779406825966,0.008142709232015632,0.5108695652173914
2021-06-23 00:00:00-04:00,-0.0027152764604891056,0.011369305323885455,0.008842356735888984,0.31521739130434784
2021-06-24 00:00:00-04:00,0.007488501302740983,0.01145776331416757,0.01058018772565197,0.8586956521739131
2021-06-25 00:00:00-04:00,0.0056601823112301854,0.011740144982874063,0.017258142709287865,0.7065217391304348
2021-06-28 00:00:00-04:00,-0.0017369597401888964,0.011690243469514285,0.01450951906874585,0.40217391304347827
2021-06-29 00:00:00-04:00,-0.0009753695124658312,0.011704566308862513,0.010274425520150874,0.42391304347826086
2021-06-30 00:00:00-04:00,0.0037972551202270217,0.011318303837426835,0.009956924521365741,0.6413043478260869
2021-07-01 00:00:00-04:00,0.006218302679641815,0.011346241448516882,0.008074950324925726,0.8586956521739131
2021-07-02 00:00:00-04:00,0.004649632790151286,0.011228530300578032,0.009821554258038491,0.7391304347826086
2021-07-06 00:00:00-04:00,-0.006590011760411361,0.011479337793485164,0.014106508122115429,0.33695652173913043
2021-07-07 00:00:00-04:00,0.002052375134503981,0.01137408277763937,0.0108159508705946,0.6413043478260869
2021-07-08 00:00:00-04:00,-0.008507739510555426,0.01149418086469597,0.01074328503436983,0.15217391304347827
2021-07-09 00:00:00-04:00,0.01292552321794637,0.011525577659333344,0.012554578356036876,0.8586956521739131
2021-07-12 00:00:00-04:00,0.003869599482139805,0.011302172520628847,0.008919943182721927,0.6195652173913043
2021-07-13 00:00:00-04:00,-0.0040350432211752945,0.011344559207935792,0.009537606847681719,0.2608695652173913
2021-07-14 00:00:00-04:00,0.0008426308872210636,0.011432283662825157,0.01228494221462335,0.5543478260869565
2021-07-15 00:00:00-04:00,-0.0005141428070974568,0.01153418870479715,0.01143821525851915,0.5
2021-07-16 00:00:00-04:00,-0.007429375524843826,0.011652826352158242,0.01204929091523443,0.2717391304347826
2021-07-19 00:00:00-04:00,-0.017029877130455996,0.01138968873528946,0.016490257918061916,0.10869565217391304
2021-07-20 00:00:00-04:00,0.015258104099923704,0.011633143657828582,0.016046857330268678,0.8804347826086957
2021-07-21 00:00:00-04:00,0.009728405084863037,0.011716525020994637,0.01359881929458835,0.7717391304347826
2021-07-22 00:00:00-04:00,-0.0010309163149351773,0.011944682742834,0.012934021390642255,0.5
2021-07-23 00:00:00-04:00,0.006491099168981891,0.012119187656533288,0.012506959923574004,0.7608695652173914
2021-07-26 00:00:00-04:00,0.002720644483566194,0.012075072087899283,0.00965376078433789,0.5978260869565217
2021-07-27 00:00:00-04:00,-0.0023536132490276198,0.011881506677999506,0.013193269101392523,0.4673913043478261
2021-07-28 00:00:00-04:00,-0.0008962646990258082,0.01183086961244877,0.013446140692180418,0.391304347826087
2021-07-29 00:00:00-04:00,0.006762398007659221,0.011855652039319346,0.010794856484432978,0.782608695652174
2021-07-30 00:00:00-04:00,-0.005481913747074169,0.012016982617633001,0.01334486666595248,0.2717391304347826
2021-08-02 00:00:00-04:00,-0.002130159228082333,0.01204726508564601,0.008710882153198964,0.3695652173913043
2021-08-03 00:00:00-04:00,0.008477333242239612,0.012095993258718588,0.010844845892562568,0.8260869565217391
2021-08-04 00:00:00-04:00,-0.00758397592190346,0.012120756457137052,0.01462653528890323,0.21739130434782608
2021-08-05 00:00:00-04:00,0.007821419119484257,0.012231596379126016,0.013143589232362796,0.8369565217391305
2021-08-06 00:00:00-04:00,0.004222952408009613,0.012299394947311582,0.012167054966266733,0.5760869565217391
2021-08-09 00:00:00-04:00,-0.0016724643755000699,0.012085535128961338,0.008063522170681764,0.391304347826087
2021-08-10 00:00:00-04:00,0.0048859539278459764,0.012205370061880081,0.01143647677401554,0.6739130434782609
2021-08-11 00:00:00-04:00,0.005463544783379403,0.012252679099423522,0.010531096636093936,0.75
2021-08-12 00:00:00-04:00,0.0017437209818552794,0.01202139619472419,0.007428001215937417,0.6086956521739131
2021-08-13 00:00:00-04:00,0.0013211335873146415,0.011945913149032221,0.00985307129898776,0.6413043478260869
2021-08-16 00:00:00-04:00,0.0016693672594671563,0.011914851702421464,0.011397000536408528,0.6195652173913043
2021-08-17 00:00:00-04:00,-0.005992130083109926,0.011743818742242213,0.01289856575429765,0.32608695652173914
2021-08-18 00:00:00-04:00,-0.010939923979357594,0.011613604967619887,0.0133123680631998,0.06521739130434782
2021-08-19 00:00:00-04:00,-0.001424884356116652,0.011657515220619674,0.014520934607583925,0.44565217391304346
2021-08-20 00:00:00-04:00,0.006471311052767769,0.011442019976454623,0.00840862126317618,0.8260869565217391
2021-08-23 00:00:00-04:00,0.006393781125480699,0.01146083402329362,0.012902054907192964,0.6739130434782609
2021-08-24 00:00:00-04:00,0.0014080682092867478,0.011547645420650524,0.011476800128832815,0.5108695652173914
2021-08-25 00:00:00-04:00,0.002575898748371108,0.011343304242614715,0.008902104362640568,0.5760869565217391
2021-08-26 00:00:00-04:00,-0.005438430148764856,0.011050207131856917,0.0072911013662666875,0.18478260869565216
2021-08-27 00:00:00-04:00,0.0083900663210796,0.011005447965380336,0.009854913988424778,0.8260869565217391
2021-08-30 00:00:00-04:00,-0.0010304298162639618,0.010993974523093438,0.013103924377927614,0.5652173913043478
2021-08-31 00:00:00-04:00,-0.0008917838654376399,0.011043094213917571,0.00974239566050576,0.4891304347826087
2021-09-01 00:00:00-04:00,-0.0012653503685960787,0.011026492473540747,0.010496209344649236,0.4891304347826087
2021-09-02 00:00:00-04:00,0.004802789826467675,0.01081939688736612,0.010277527979236074,0.7282608695652174
2021-09-03 00:00:00-04:00,-0.0022197450813556995,0.010493312257651476,0.00629581200835528,0.34782608695652173
2021-09-07 00:00:00-04:00,-0.006343650247405239,0.010402648026024253,0.010263106102095052,0.17391304347826086
2021-09-08 00:00:00-04:00,-0.00032568218189213307,0.01049043992934549,0.009907152140427752,0.45652173913043476
2021-09-09 00:00:00-04:00,-0.005400276602837342,0.010455245724128833,0.010697398464465742,0.2826086956521739
2021-09-10 00:00:00-04:00,-0.005054768830616465,0.010366700697483194,0.008671651076535494,0.2608695652173913
2021-09-13 00:00:00-04:00,0.004092790482815345,0.010621965715049414,0.01278856658482806,0.6521739130434783
2021-09-14 00:00:00-04:00,-0.009138537206802584,0.010730117341961906,0.012124255464150071,0.20652173913043478
2021-09-15 00:00:00-04:00,0.008957487233269718,0.01071274880972785,0.01103226135949335,0.8586956521739131
2021-09-16 00:00:00-04:00,-0.0028050068113739625,0.010458603882612489,0.0075615222848750795,0.29347826086956524
2021-09-17 00:00:00-04:00,-0.006312726595805631,0.010350933784516316,0.011051296003180148,0.1956521739130435
2021-09-20 00:00:00-04:00,-0.015249316125617916,0.010213893955264492,0.011643098193295618,0.06521739130434782
2021-09-21 00:00:00-04:00,-0.0014065544983659338,0.010266925571681804,0.00952228520793972,0.43478260869565216
2021-09-22 00:00:00-04:00,0.009439651059869613,0.010459531169619623,0.016946772463887205,0.8043478260869565
2021-09-23 00:00:00-04:00,0.014257415264575524,0.010573729929568128,0.013874974087751365,0.9021739130434783
2021-09-24 00:00:00-04:00,0.0005035926639405044,0.010666318338493488,0.010846460950073142,0.5108695652173914
2021-09-27 00:00:00-04:00,0.0007496055916684484,0.01106219304351533,0.015604470171725351,0.4673913043478261
2021-09-28 00:00:00-04:00,-0.015851227265387468,0.011216678291497282,0.013099104196045772,0.06521739130434782
2021-09-29 00:00:00-04:00,0.0032273582472748864,0.011097003946651566,0.010590763136167611,0.5978260869565217
2021-09-30 00:00:00-04:00,-0.013985674795063536,0.011233396263497921,0.012606634314279221,0.07608695652173914
2021-10-01 00:00:00-04:00,0.01163589814168115,0.011435691247620623,0.014744404011225988,0.782608695652174
2021-10-04 00:00:00-04:00,-0.007730472778484883,0.011557144309348608,0.012828042275523737,0.25
2021-10-05 00:00:00-04:00,0.009097731391579817,0.011819954265934237,0.01181482109665347,0.7608695652173914
2021-10-06 00:00:00-04:00,0.00325714963013021,0.011721314404056141,0.008191669002655026,0.6847826086956522
2021-10-07 00:00:00-04:00,0.007197786151075034,0.011722969780386297,0.009941915043361036,0.7391304347826086
2021-10-08 00:00:00-04:00,-0.00031212883146857965,0.01177080187830907,0.011701872520844016,0.45652173913043476
2021-10-11 00:00:00-04:00,-0.007650366019382546,0.011827010735383045,0.009852037075088955,0.18478260869565216
2021-10-12 00:00:00-04:00,-0.0026389122960942075,0.011710625955387596,0.010344486204923639,0.3804347826086957
2021-10-13 00:00:00-04:00,0.0024566446748317634,0.011715205770262194,0.012220431576516623,0.5434782608695652
2021-10-14 00:00:00-04:00,0.014768395307262545,0.01176163546424586,0.01200728493315037,0.9239130434782609
2021-10-15 00:00:00-04:00,0.00851119682440106,0.011975023703629803,0.012042675311937838,0.7934782608695652
2021-10-18 00:00:00-04:00,-0.0007934280569926719,0.012089361828373104,0.01345239662278953,0.41304347826086957
2021-10-19 00:00:00-04:00,0.007313816360535285,0.011960322011057253,0.00893326202966272,0.8260869565217391
2021-10-20 00:00:00-04:00,0.006056621090873439,0.012069517994946351,0.011815400869610724,0.717391304347826
2021-10-21 00:00:00-04:00,-0.0004715678542419562,0.01206138778522927,0.016776038059828528,0.4891304347826087
2021-10-22 00:00:00-04:00,0.002489965555871862,0.012268508434662949,0.018224507725858666,0.717391304347826
2021-10-25 00:00:00-04:00,0.0018728015538744295,0.012153912942037179,0.008439955604931902,0.5652173913043478
2021-10-26 00:00:00-04:00,0.0018124595303381941,0.012312539774619718,0.0189356336559587,0.6304347826086957
2021-10-27 00:00:00-04:00,-0.009981552218841276,0.012582163793589967,0.018761208594421014,0.17391304347826086
2021-10-28 00:00:00-04:00,0.007244415307146316,0.012827356696717696,0.015739814101849894,0.7717391304347826
2021-10-29 00:00:00-04:00,-0.000430290513515973,0.012870341292082851,0.013509310816947563,0.4891304347826087
2021-11-01 00:00:00-04:00,0.0030171082128209134,0.012803146167768564,0.013333306400625888,0.5978260869565217
2021-11-02 00:00:00-04:00,0.0043312101402571135,0.012781076233147524,0.01236457364848192,0.6304347826086957
2021-11-03 00:00:00-04:00,0.007051344087166359,0.012907588986597102,0.014471588919094548,0.75
2021-11-04 00:00:00-04:00,0.0018950895105046953,0.013603409046464102,0.022803890259862118,0.4673913043478261
2021-11-05 00:00:00-04:00,0.0049374095446829665,0.014273120923299295,0.02400586445690006,0.6195652173913043
2021-11-08 00:00:00-05:00,0.002923735845870113,0.01447635532281595,0.015969794910693745,0.5543478260869565
2021-11-09 00:00:00-05:00,-0.001219017528994682,0.01443973365483785,0.009082982047548867,0.4673913043478261
2021-11-10 00:00:00-05:00,-0.004618575503865746,0.014720447804264725,0.016239483342888033,0.45652173913043476
2021-11-11 00:00:00-05:00,-0.0007336185535016488,0.014802534231005563,0.013944246538074207,0.5
2021-11-12 00:00:00-05:00,0.004007307983851051,0.014654866333092684,0.008906259076979913,0.6521739130434783
2021-11-15 00:00:00-05:00,-0.000503435260712742,0.014588587489783623,0.010650819602447558,0.44565217391304346
2021-11-16 00:00:00-05:00,0.00021885707542201508,0.014686967496030138,0.015518376753966313,0.391304347826087
2021-11-17 00:00:00-05:00,-0.004845548268197999,0.014849226363071307,0.012340698237527285,0.33695652173913043
2021-11-18 00:00:00-05:00,-0.0009060034283363785,0.01502180344712719,0.01543951963478431,0.44565217391304346
2021-11-19 00:00:00-05:00,-0.006979209236022302,0.014912222295887604,0.01447483388379719,0.2717391304347826
2021-11-22 00:00:00-05:00,0.0022449150368217693,0.014892800935218114,0.01781665915179938,0.5978260869565217
2021-11-23 00:00:00-05:00,0.0055236696866900106,0.01506831090305831,0.01212566492957603,0.6739130434782609
2021-11-24 00:00:00-05:00,0.00039930361657653494,0.014655517947840958,0.010266981596394331,0.4782608695652174
2021-11-26 00:00:00-05:00,-0.022566239112097958,0.014698568735445384,0.0196652751341139,0.07608695652173914
2021-11-29 00:00:00-05:00,0.006526116784468303,0.014777132650574025,0.017389656319551382,0.6304347826086957
2021-11-30 00:00:00-05:00,-0.023245516929228455,0.014722416659904772,0.012360275012893187,0.03260869565217391
2021-12-01 00:00:00-05:00,-0.009970981404087882,0.01497026701559159,0.018538163870049106,0.2608695652173913
2021-12-02 00:00:00-05:00,0.018442191101435496,0.015180323366465414,0.016775757016832257,0.8478260869565217
2021-12-03 00:00:00-05:00,-0.0032021439657120955,0.015328216159417202,0.017577337571082083,0.43478260869565216
2021-12-06 00:00:00-05:00,0.012713000474969429,0.01498842138995246,0.015668200101102557,0.8695652173913043
2021-12-07 00:00:00-05:00,0.013870180527061578,0.014623917371390613,0.016351280067101275,0.8152173913043478
2021-12-08 00:00:00-05:00,-0.0007220997135274189,0.014330426419200232,0.009806484914695743,0.4782608695652174
2021-12-09 00:00:00-05:00,-0.0033734629726438615,0.014479994352633394,0.012223908649645262,0.358695652173913
2021-12-10 00:00:00-05:00,0.00936083932526597,0.014766326079329796,0.022252449603512494,0.7391304347826086
2021-12-13 00:00:00-05:00,-0.007182103915236171,0.014970599634430643,0.018233991195191927,0.33695652173913043
2021-12-14 00:00:00-05:00,-0.0031452940660362666,0.015217783580174843,0.014097121937608122,0.43478260869565216
2021-12-15 00:00:00-05:00,0.01247515748981995,0.01565553136651434,0.019843523115577025,0.782608695652174
2021-12-16 00:00:00-05:00,0.0016028791658467066,0.01613441235969129,0.025574877610682337,0.6521739130434783
2021-12-17 00:00:00-05:00,-0.01351882481064185,0.016315383141526058,0.016141084656057295,0.13043478260869565
2021-12-20 00:00:00-05:00,-0.010427508593772694,0.016195440195307883,0.012920717764202666,0.1956521739130435
2021-12-21 00:00:00-05:00,0.014918987109597574,0.01634083455995163,0.0175281155413158,0.8043478260869565
2021-12-22 00:00:00-05:00,0.006621155314184114,0.015862523878372496,0.007772134838637626,0.8913043478260869
2021-12-23 00:00:00-05:00,0.00545707131297001,0.015616660995918671,0.006962544398045726,0.8043478260869565
2021-12-27 00:00:00-05:00,0.010633624955356073,0.015593624655997142,0.009783218458042201,0.8913043478260869
2021-12-28 00:00:00-05:00,0.0005402426624811131,0.01499893294959128,0.007176749299590822,0.5869565217391305
2021-12-29 00:00:00-05:00,0.0008616439853298627,0.014506775381189985,0.007054347383124131,0.5978260869565217
2021-12-30 00:00:00-05:00,-0.0015203003050409086,0.014201842229564086,0.005956678828749363,0.30434782608695654
2021-12-31 00:00:00-05:00,-0.0005486940233352465,0.013608519502014334,0.006078386591504259,0.45652173913043476
2022-01-03 00:00:00-05:00,0.005717194496073468,0.01370460900770842,0.018793636636408137,0.5869565217391305
2022-01-04 00:00:00-05:00,0.007891203875099572,0.013978357242806652,0.023326050508144958,0.6413043478260869
2022-01-05 00:00:00-05:00,-0.011322303705451151,0.014210229978507672,0.020537527550823918,0.29347826086956524
2022-01-06 00:00:00-05:00,0.0015135355848843247,0.014148231894420346,0.015049320301267424,0.5108695652173914
2022-01-07 00:00:00-05:00,0.0003794439896040975,0.014487534509185168,0.016931839824757017,0.5869565217391305
2022-01-10 00:00:00-05:00,-0.0012086397045048302,0.01462158432201535,0.015038954719079116,0.5
2022-01-11 00:00:00-05:00,0.006467151502401172,0.014191681539017134,0.013224491160549924,0.7391304347826086
2022-01-12 00:00:00-05:00,0.0006779591426984058,0.01371155821164739,0.008151401320427328,0.5869565217391305
2022-01-13 00:00:00-05:00,-0.0060654490251970455,0.013821423099986347,0.016404284592726186,0.42391304347826086
2022-01-14 00:00:00-05:00,-0.001611091710217871,0.013696785711583151,0.017226137959109968,0.5108695652173914
2022-01-18 00:00:00-05:00,-0.015656129703634752,0.013170850312652834,0.01453023423314561,0.11956521739130435
2022-01-19 00:00:00-05:00,-0.010104748242936225,0.013259570428909826,0.018004207097454174,0.30434782608695654
2022-01-20 00:00:00-05:00,-0.009126816197305505,0.013294980560355782,0.013664330524567704,0.1956521739130435
2022-01-21 00:00:00-05:00,-0.016136657536856516,0.013833342751957538,0.028833721564952758,0.15217391304347827
2022-01-24 00:00:00-05:00,0.0009611966067771663,0.014147198931570574,0.014363114610511308,0.4782608695652174
2022-01-25 00:00:00-05:00,-0.005177328624115512,0.014960137994989511,0.02403426472984341,0.32608695652173914
2022-01-26 00:00:00-05:00,-0.0048198189296617,0.015349935584363438,0.01796896783489469,0.33695652173913043
2022-01-27 00:00:00-05:00,-0.001814093402266259,0.015900276089152118,0.018733899900153075,0.45652173913043476
2022-01-28 00:00:00-05:00,0.017885856127297303,0.016577018777000428,0.02126594382793868,0.8913043478260869
2022-01-31 00:00:00-05:00,0.013496870188161115,0.017289717201265837,0.020923345738322944,0.8043478260869565
2022-02-01 00:00:00-05:00,0.009648994810714337,0.017962175578441313,0.02020001251218932,0.6956521739130435
2022-02-02 00:00:00-05:00,0.008891838149499521,0.01796767414005284,0.018909106430250094,0.717391304347826
2022-02-03 00:00:00-05:00,-0.01483089873524466,0.017920480596006764,0.022334986083177355,0.17391304347826086
2022-02-04 00:00:00-05:00,0.0003170625136528873,0.018012667916560036,0.02247346128244267,0.4673913043478261
2022-02-07 00:00:00-05:00,-6.0596258240639756e-05,0.017809159144018892,0.01077563607790344,0.5217391304347826
2022-02-08 00:00:00-05:00,0.006134868846543163,0.017717285711473105,0.015002497741295463,0.7391304347826086
2022-02-09 00:00:00-05:00,0.010123602016272158,0.01767968892394214,0.014249422180928855,0.7608695652173914
2022-02-10 00:00:00-05:00,-0.01589389863791373,0.017741309889115986,0.014518531429200652,0.10869565217391304
2022-02-11 00:00:00-05:00,-0.01578331139704219,0.018331841688966104,0.020552569117279897,0.18478260869565216
2022-02-14 00:00:00-05:00,-0.00530607714410562,0.01800993860433316,0.009644319815434345,0.2826086956521739
2022-02-15 00:00:00-05:00,0.012535066384503628,0.017981397799640458,0.016626781060563103,0.7934782608695652
2022-02-16 00:00:00-05:00,0.00022740868275289831,0.01770473714657647,0.00872036051880198,0.4782608695652174
2022-02-17 00:00:00-05:00,-0.017620902274113965,0.017814667213019983,0.020312738492767914,0.18478260869565216
2022-02-18 00:00:00-05:00,-0.005398314827750959,0.017778134500950987,0.012897143571118739,0.29347826086956524
2022-02-22 00:00:00-05:00,-0.009134483002116738,0.017156351531058173,0.0157762791972037,0.17391304347826086
2022-02-23 00:00:00-05:00,-0.01451567860419251,0.017082941707378372,0.012821508313235499,0.10869565217391304
2022-02-24 00:00:00-05:00,0.0037438068406596497,0.017245360850746277,0.027445066740569464,0.4891304347826087
2022-02-25 00:00:00-05:00,0.025443865696464767,0.016964027651352992,0.012060970647635677,0.9782608695652174
2022-02-28 00:00:00-05:00,-0.00539331750605272,0.016917597252837445,0.01775886153132658,0.33695652173913043
2022-03-01 00:00:00-05:00,-0.01795006580570302,0.017181430325460507,0.026806438353022988,0.16304347826086957
2022-03-02 00:00:00-05:00,0.01904388237946492,0.016929846752530394,0.015640090706790573,0.9347826086956522
2022-03-03 00:00:00-05:00,-0.0029033129770426936,0.016685381278511168,0.015066237557785512,0.4782608695652174
2022-03-04 00:00:00-05:00,-0.008155609580766809,0.01680678344059279,0.02145855183396415,0.3804347826086957
2022-03-07 00:00:00-05:00,-0.026613162099109296,0.017037466349547812,0.027179327171232857,0.14130434782608695
2022-03-08 00:00:00-05:00,-0.0065932655489575895,0.016930795616582114,0.020233375890163014,0.34782608695652173
2022-03-09 00:00:00-05:00,0.022226871859342644,0.01754556360315333,0.023685763795898894,0.8369565217391305
2022-03-10 00:00:00-05:00,-0.004310296453683672,0.017575665401355772,0.015634635503546854,0.3695652173913043
2022-03-11 00:00:00-05:00,-0.009063537467258439,0.017547114329516587,0.013649849672305935,0.2391304347826087
2022-03-14 00:00:00-04:00,-0.001679252298875209,0.017758856250607892,0.018965111772118057,0.532608695652174
2022-03-15 00:00:00-04:00,0.017901450031813097,0.017639077097210767,0.018037206895940256,0.9239130434782609
2022-03-16 00:00:00-04:00,0.017707733457006568,0.018234055531624233,0.022138866938117143,0.7717391304347826
2022-03-17 00:00:00-04:00,0.01042041856951605,0.01798567010456794,0.011410687092380982,0.8478260869565217
2022-03-18 00:00:00-04:00,0.005546912755918259,0.01828300360561614,0.014964364040814216,0.6630434782608695
2022-03-21 00:00:00-04:00,-0.0013463564836005161,0.0180051402769234,0.01447760859022033,0.43478260869565216
2022-03-22 00:00:00-04:00,0.008876338504651185,0.0179654276779382,0.012063178992429605,0.75
2022-03-23 00:00:00-04:00,-0.014227042522631886,0.01796212545998806,0.0157069326202507,0.11956521739130435
2022-03-24 00:00:00-04:00,0.011755676030590504,0.0180675577185048,0.01503558574208698,0.9456521739130435
2022-03-25 00:00:00-04:00,0.00611944875520297,0.01724014931051582,0.010069490172800932,0.7934782608695652
2022-03-28 00:00:00-04:00,0.0026793711231337287,0.017272006632751052,0.012729974414575502,0.6413043478260869
2022-03-29 00:00:00-04:00,0.011459835870861978,0.017189277719880304,0.016021554361040885,0.8043478260869565
2022-03-30 00:00:00-04:00,-0.005354031311383979,0.016594723439523156,0.014320798465522953,0.42391304347826086
2022-03-31 00:00:00-04:00,-0.015714829781178958,0.016529597001369373,0.014272435505561128,0.08695652173913043
2022-04-01 00:00:00-04:00,0.002167536465236653,0.016485065496602374,0.014131075957678525,0.6413043478260869
2022-04-04 00:00:00-04:00,0.002820919776995417,0.016108313381714343,0.013546757421315439,0.5543478260869565
2022-04-05 00:00:00-04:00,-0.010786560113871748,0.015589857195879393,0.016291747268698937,0.2826086956521739
2022-04-06 00:00:00-04:00,-0.004341673450388957,0.015645380096712368,0.021399356807655492,0.44565217391304346
2022-04-07 00:00:00-04:00,0.003686883483554407,0.015191033865747314,0.01414449294563278,0.5108695652173914
2022-04-08 00:00:00-04:00,0.0006236256094122316,0.015152973288823188,0.014835363388140182,0.532608695652174
2022-04-11 00:00:00-04:00,-0.010842237335446219,0.015308144613420909,0.016908447488858076,0.17391304347826086
2022-04-12 00:00:00-04:00,-0.003484927248605218,0.01489848537942203,0.010362267858141557,0.358695652173913
2022-04-13 00:00:00-04:00,0.008895362407686175,0.014593069792252087,0.0116234795653715,0.7934782608695652
2022-04-14 00:00:00-04:00,-0.0066060757368955345,0.014338840234636628,0.01680004622819252,0.31521739130434784
2022-04-18 00:00:00-04:00,-0.0014895250827909113,0.014595132442887399,0.016792823465647134,0.41304347826086957
2022-04-19 00:00:00-04:00,0.014508185708770492,0.014498138565374958,0.012927492613052951,0.8913043478260869
2022-04-20 00:00:00-04:00,-8.783692683294794e-06,0.01611370661650624,0.04840453766397727,0.7065217391304348
2022-04-21 00:00:00-04:00,-0.012196527099311799,0.01633106216513565,0.016627645513647107,0.17391304347826086
2022-04-22 00:00:00-04:00,-0.027577573820649234,0.016199329857668778,0.012940554163446503,0.010869565217391304
2022-04-25 00:00:00-04:00,0.003543907725699483,0.016141447495061002,0.013820056127323656,0.6956521739130435
2022-04-26 00:00:00-04:00,-0.024995688015069822,0.016490536135041676,0.01740035161239508,0.043478260869565216
2022-04-27 00:00:00-04:00,-0.0013061035271368603,0.01684947545566588,0.0202677001476838,0.391304347826087
2022-04-28 00:00:00-04:00,0.020397869809368283,0.01713521696654701,0.022022126089544618,0.8695652173913043
2022-04-29 00:00:00-04:00,-0.03420992770854969,0.017362791466872866,0.019099862972365884,0.03260869565217391
2022-05-02 00:00:00-04:00,0.004728553002955431,0.017467582457903634,0.016473046317207286,0.5652173913043478
2022-05-03 00:00:00-04:00,0.004460524109861059,0.017381973478204096,0.012333287383988234,0.6413043478260869
2022-05-04 00:00:00-04:00,0.030956920188863916,0.017414410697973857,0.014227939036480435,0.9891304347826086
2022-05-05 00:00:00-04:00,-0.027770672773013073,0.017558014227068104,0.01930742137967808,0.010869565217391304
2022-05-06 00:00:00-04:00,-0.0034766879020518915,0.01721424724137021,0.014180250107999797,0.42391304347826086
2022-05-09 00:00:00-04:00,-0.026872765574697845,0.017843630888454146,0.02736154953439537,0.15217391304347827
2022-05-10 00:00:00-04:00,-0.0013752893044669016,0.01792384394583389,0.01651983759311483,0.4782608695652174
2022-05-11 00:00:00-04:00,-0.010121767889623967,0.017970566531927516,0.01788962179682426,0.2717391304347826
2022-05-12 00:00:00-04:00,0.0001950565835778947,0.01827344578537568,0.01672273218055296,0.5543478260869565
2022-05-13 00:00:00-04:00,0.019655270771159906,0.018670189944601685,0.01995510690911766,0.9130434782608695
2022-05-16 00:00:00-04:00,-0.001836411603369787,0.018527195279640307,0.01379715826400352,0.45652173913043476
2022-05-17 00:00:00-04:00,0.01977266698503406,0.018828846926769307,0.02312750805535614,0.8586956521739131
2022-05-18 00:00:00-04:00,-0.038779793101809276,0.019862603239633143,0.03463637518319349,0.010869565217391304
2022-05-19 00:00:00-04:00,-0.008910429349054352,0.018591258238749086,0.021706292645412097,0.34782608695652173
2022-05-20 00:00:00-04:00,0.0019155469790163263,0.018582282546745002,0.016439155981561374,0.5869565217391305
2022-05-23 00:00:00-04:00,0.018090412189752138,0.018692257581923246,0.015250029902189578,0.9130434782608695
2022-05-24 00:00:00-04:00,-0.0021701401493340183,0.018963041576488312,0.019506520013190077,0.5108695652173914
2022-05-25 00:00:00-04:00,0.008157376311157842,0.018750146212393695,0.012929548966408076,0.782608695652174
2022-05-26 00:00:00-04:00,0.018118886542129918,0.018618994592323704,0.01751351612621402,0.9130434782608695
2022-05-27 00:00:00-04:00,0.019245198070938677,0.018260539548463225,0.01449457016847459,0.9239130434782609
2022-05-31 00:00:00-04:00,-0.004918074424376089,0.017963637320645025,0.012864916188183612,0.29347826086956524
2022-06-01 00:00:00-04:00,-0.007325632218979858,0.01790483747910047,0.015238249644771615,0.20652173913043478
2022-06-02 00:00:00-04:00,0.017098695233130234,0.01828521743482632,0.02032126645423112,0.8586956521739131
2022-06-03 00:00:00-04:00,-0.01126318049288616,0.018214858764449008,0.012750406958556917,0.18478260869565216
2022-06-06 00:00:00-04:00,0.0011449537274876383,0.01773826774007686,0.009299009867862938,0.532608695652174
2022-06-07 00:00:00-04:00,0.008260621671720371,0.017585607152572985,0.010974377770418379,0.8043478260869565
2022-06-08 00:00:00-04:00,-0.012835509571500384,0.016942628603349746,0.013859000000707477,0.13043478260869565
2022-06-09 00:00:00-04:00,-0.02172581462784636,0.016722400229782226,0.011895041748196835,0.043478260869565216
2022-06-10 00:00:00-04:00,-0.02825948727023587,0.016778722460982984,0.019072388652040206,0.05434782608695652
2022-06-13 00:00:00-04:00,-0.03537533068123562,0.016846094952049355,0.018137554492946698,0.010869565217391304
2022-06-14 00:00:00-04:00,-0.0033556126929820515,0.01698515841263917,0.022875439581503794,0.3695652173913043
2022-06-15 00:00:00-04:00,0.012284941472060787,0.01711640197912147,0.016553273160131884,0.8043478260869565
2022-06-16 00:00:00-04:00,-0.028169762026259326,0.016998286904545818,0.020647091489267407,0.05434782608695652
2022-06-17 00:00:00-04:00,-8.291645036339345e-05,0.01625134814240864,0.018950661178312712,0.4782608695652174
2022-06-21 00:00:00-04:00,0.02219479127619654,0.015949229304169713,0.015361797042394596,0.9021739130434783
2022-06-22 00:00:00-04:00,-0.0027713565110251384,0.016073813813849175,0.019055430684830104,0.4673913043478261
2022-06-23 00:00:00-04:00,0.005530498375763347,0.016309215389904524,0.020193462999351923,0.6413043478260869
2022-06-24 00:00:00-04:00,0.03005642510929248,0.016203558255838364,0.017287720197800796,0.9782608695652174
2022-06-27 00:00:00-04:00,-0.0035691627998977573,0.01608512411592021,0.010442432028126841,0.31521739130434784
2022-06-28 00:00:00-04:00,-0.015700809071869257,0.016136184289409168,0.018585779769482016,0.11956521739130435
2022-06-29 00:00:00-04:00,-0.0036977310827646503,0.01611428867141203,0.014034762190534806,0.44565217391304346
2022-06-30 00:00:00-04:00,-0.006342544537471569,0.016183724085990236,0.014323059894325942,0.32608695652173914
2022-07-01 00:00:00-04:00,0.00958946258784368,0.016150272100969865,0.014535757959343799,0.8043478260869565
2022-07-05 00:00:00-04:00,-0.00449251904424518,0.01617627872235929,0.020867405503408976,0.3695652173913043
2022-07-06 00:00:00-04:00,0.0009876733190364825,0.01608263158901669,0.010783817158362371,0.5434782608695652
2022-07-07 00:00:00-04:00,0.01317869036100491,0.016358402373448013,0.015090196340920735,0.782608695652174
2022-07-08 00:00:00-04:00,-0.0016200894868446413,0.01611175456923148,0.005794773881871143,0.3804347826086957
2022-07-11 00:00:00-04:00,-0.008417716193198166,0.01607407868495872,0.013067806430979566,0.2717391304347826
2022-07-12 00:00:00-04:00,-0.00604993986731573,0.01621645210700568,0.014884883611182932,0.2391304347826087
2022-07-13 00:00:00-04:00,-0.0061499115201736985,0.01581497919291099,0.010641457456051719,0.32608695652173914
2022-07-14 00:00:00-04:00,-0.005295908002686041,0.015678179974329125,0.015264770902727579,0.33695652173913043
2022-07-15 00:00:00-04:00,0.021497737821284228,0.015531707376812722,0.019799515033659322,0.9456521739130435
2022-07-18 00:00:00-04:00,-0.006514950480003997,0.015409768498815384,0.01399255672218775,0.33695652173913043
2022-07-19 00:00:00-04:00,0.026734475339236202,0.015244818825257496,0.017183148344551813,0.9565217391304348
2022-07-20 00:00:00-04:00,0.003184173463240812,0.015172524201188373,0.01743247407286111,0.5978260869565217
2022-07-21 00:00:00-04:00,0.006993781168330028,0.015295794693369894,0.01795047737820656,0.782608695652174
2022-07-22 00:00:00-04:00,-0.006010538868050389,0.015181741036805646,0.01666030389698087,0.358695652173913
2022-07-25 00:00:00-04:00,0.003448152286461423,0.01473291710949915,0.01076816052591551,0.6304347826086957
2022-07-26 00:00:00-04:00,-0.009730434887490815,0.014839846847372232,0.01953324469313548,0.31521739130434784
2022-07-27 00:00:00-04:00,0.018683605873879454,0.015289363451378768,0.019882280712264125,0.8478260869565217
2022-07-28 00:00:00-04:00,0.011058136374005432,0.015446875314030294,0.021893528885164062,0.7934782608695652
2022-07-29 00:00:00-04:00,0.009815948926965554,0.01586064210429992,0.022723864786196996,0.782608695652174
2022-08-01 00:00:00-04:00,0.0010142325353389447,0.015810797139143584,0.013276315626042796,0.45652173913043476
2022-08-02 00:00:00-04:00,-0.009327181906042424,0.01567666913096298,0.011719069787551181,0.16304347826086957
2022-08-03 00:00:00-04:00,0.013116992610246724,0.015465229978092116,0.016427183293120838,0.8695652173913043
2022-08-04 00:00:00-04:00,-0.0016719976872085732,0.015615726739778343,0.013944249153773085,0.45652173913043476
2022-08-05 00:00:00-04:00,0.0002335410900521193,0.015345345976334048,0.00941220030859052,0.43478260869565216
2022-08-08 00:00:00-04:00,-0.0010632731457391477,0.01565746214965165,0.012349213521540822,0.4891304347826087
2022-08-09 00:00:00-04:00,-0.0030743939862656706,0.015757957869735526,0.015178216552740945,0.5217391304347826
2022-08-10 00:00:00-04:00,0.01885039434446087,0.015698319144765625,0.013632470386815082,0.9565217391304348
2022-08-11 00:00:00-04:00,0.002840029379585979,0.015855637922726224,0.013945151793224284,0.5
2022-08-12 00:00:00-04:00,0.015493243487650288,0.015545301098464585,0.008747697593233116,0.967391304347826
2022-08-15 00:00:00-04:00,0.004209716268050599,0.015088364945465081,0.010203855820669752,0.7065217391304348
2022-08-16 00:00:00-04:00,0.004337492543879193,0.014954687963544584,0.011185340101857314,0.6521739130434783
2022-08-17 00:00:00-04:00,-0.007748598739817654,0.014616006025601924,0.010070827647755999,0.18478260869565216
2022-08-18 00:00:00-04:00,0.003288587758490155,0.014318204156111417,0.011178634813560403,0.6521739130434783
2022-08-19 00:00:00-04:00,-0.011282536229184991,0.014096281156974358,0.013290094396328346,0.20652173913043478
2022-08-22 00:00:00-04:00,-0.02188685023813328,0.013891352836106105,0.012356809158747538,0.021739130434782608
2022-08-23 00:00:00-04:00,-0.0029693570737087454,0.013917042661024297,0.011307646849197543,0.31521739130434784
2022-08-24 00:00:00-04:00,0.002384829664373547,0.013332181398915031,0.007251158188840911,0.6521739130434783
2022-08-25 00:00:00-04:00,0.013182705697522785,0.012930100506751691,0.011438581976833928,0.9130434782608695
2022-08-26 00:00:00-04:00,-0.03297714903380076,0.012655087261234741,0.016118250729308146,0.010869565217391304
2022-08-29 00:00:00-04:00,-0.005706353346235479,0.012100955902594357,0.011087106254748954,0.2608695652173913
2022-08-30 00:00:00-04:00,-0.009366482199394035,0.011880947021267251,0.008656129118173577,0.13043478260869565
2022-08-31 00:00:00-04:00,-0.007906567453245675,0.011717201958047478,0.008280423459935944,0.16304347826086957
2022-09-01 00:00:00-04:00,0.004213874181992808,0.011694864558001405,0.015958097892153297,0.6847826086956522
2022-09-02 00:00:00-04:00,-0.01055528738791031,0.01149908273653549,0.009832830902988865,0.09782608695652174
2022-09-06 00:00:00-04:00,-0.005203159999542747,0.011557293265846414,0.010634621424119913,0.2608695652173913
2022-09-07 00:00:00-04:00,0.016609246905654282,0.01153407840653157,0.01186170147592915,0.9456521739130435
2022-09-08 00:00:00-04:00,0.007704059665688518,0.011357256862626388,0.011464964130732084,0.7608695652173914
2022-09-09 00:00:00-04:00,0.01326437222567594,0.011209668957137969,0.010533124371558282,0.8913043478260869
2022-09-12 00:00:00-04:00,0.008881856337733718,0.01105251640377937,0.010644948172693687,0.8586956521739131
2022-09-13 00:00:00-04:00,-0.04229023303917009,0.011519826160215954,0.018561202478401418,0.0
2022-09-14 00:00:00-04:00,0.0033390634163192406,0.011742862139859209,0.014887611393178093,0.5434782608695652
2022-09-15 00:00:00-04:00,-0.00947423618559373,0.012330973506727712,0.023535678806095875,0.22826086956521738
2022-09-16 00:00:00-04:00,-0.007925150682858066,0.01319155783050945,0.02814309844717251,0.33695652173913043
2022-09-19 00:00:00-04:00,0.006358331143982475,0.013073945881991117,0.008708783894675406,0.782608695652174
2022-09-20 00:00:00-04:00,-0.013993560246907986,0.013186605234212102,0.01565594079296897,0.08695652173913043
2022-09-21 00:00:00-04:00,-0.016368270279814814,0.013064347625181912,0.009789399369113565,0.043478260869565216
2022-09-22 00:00:00-04:00,-0.008562635241120161,0.013373937037709116,0.01780902451226884,0.29347826086956524
2022-09-23 00:00:00-04:00,-0.01877790482720212,0.013765522006506391,0.015474442533583706,0.06521739130434782
2022-09-26 00:00:00-04:00,-0.012989466717861763,0.013754751469280275,0.01121240069508553,0.07608695652173914
2022-09-27 00:00:00-04:00,-0.003971221327116523,0.013511653073828536,0.011013184424821557,0.358695652173913
2022-09-28 00:00:00-04:00,0.019658526885944397,0.013736628643164717,0.015811593210808807,0.9456521739130435
2022-09-29 00:00:00-04:00,-0.019050563501262587,0.014010579928803502,0.014409106116588057,0.03260869565217391
2022-09-30 00:00:00-04:00,-0.01680381918678865,0.01433591609754866,0.015112483003584237,0.021739130434782608
2022-10-03 00:00:00-04:00,0.026687699177698504,0.014141235708970782,0.01186980973201784,0.967391304347826
2022-10-04 00:00:00-04:00,0.031125027742231935,0.014350024238291924,0.014217390018732878,1.0
2022-10-05 00:00:00-04:00,-0.0023413794401545306,0.014409269065713434,0.01187876279997164,0.391304347826087
2022-10-06 00:00:00-04:00,-0.012178995156835262,0.014435050239044008,0.01240310611587125,0.16304347826086957
2022-10-07 00:00:00-04:00,-0.024951960591826264,0.014922387820781242,0.021699053347213913,0.043478260869565216
2022-10-10 00:00:00-04:00,-0.006818783808113384,0.015136502903412832,0.015029541106821696,0.30434782608695654
2022-10-11 00:00:00-04:00,-0.004568179222231739,0.015431876119401172,0.01684778570844883,0.42391304347826086
2022-10-12 00:00:00-04:00,-0.003302325400706634,0.015228525583879493,0.014290841232446139,0.44565217391304346
2022-10-13 00:00:00-04:00,0.028638240728621422,0.01521516661230822,0.014607072990181358,0.967391304347826
2022-10-14 00:00:00-04:00,-0.017524912814558362,0.014900357482086787,0.0169246870714458,0.10869565217391304
2022-10-17 00:00:00-04:00,0.02148292461116627,0.014246857633647277,0.014419601629942812,0.967391304347826
2022-10-18 00:00:00-04:00,0.012533231857564563,0.014503941795696588,0.014107551297710883,0.8369565217391305
2022-10-19 00:00:00-04:00,-0.0066410912187756296,0.014750272892056885,0.02082889381653523,0.2826086956521739
2022-10-20 00:00:00-04:00,-0.007423279505035149,0.015174022888778097,0.01868814930025907,0.29347826086956524
2022-10-21 00:00:00-04:00,0.023558531610218755,0.015057193033130594,0.01535559754367124,0.9565217391304348
2022-10-24 00:00:00-04:00,0.011338199883042866,0.014968868067044727,0.013619618245780507,0.9021739130434783
2022-10-25 00:00:00-04:00,0.0142190865403272,0.01512720500628778,0.014537476419189633,0.8695652173913043
2022-10-26 00:00:00-04:00,0.0007700619733621981,0.015762861531041644,0.024361971444652717,0.6739130434782609
2022-10-27 00:00:00-04:00,0.00021414921553481454,0.01580402991359848,0.01667612924450239,0.5108695652173914
2022-10-28 00:00:00-04:00,0.026517870155756598,0.016117260279937092,0.020986943809698868,0.967391304347826
2022-10-31 00:00:00-04:00,-0.006438042302899353,0.015838627140998936,0.00926118708588297,0.21739130434782608
2022-11-01 00:00:00-04:00,3.230670234003314e-05,0.015924093105823513,0.013664594993333945,0.5434782608695652
2022-11-02 00:00:00-04:00,-0.019351119430305,0.016049614817972156,0.016853345973854347,0.09782608695652174
2022-11-03 00:00:00-04:00,-0.006340044457838018,0.016518387243821524,0.02172298374280839,0.391304347826087
2022-11-04 00:00:00-04:00,0.016100456081055942,0.016762582075964184,0.01753119759086709,0.9021739130434783
2022-11-07 00:00:00-05:00,0.010042569318952541,0.016350673368916945,0.013048970499221938,0.8260869565217391
2022-11-08 00:00:00-05:00,0.0066071384640228395,0.01622712564401632,0.012435038883908562,0.8478260869565217
2022-11-09 00:00:00-05:00,-0.018529227102940887,0.016351574290055782,0.019461207275277517,0.05434782608695652
2022-11-10 00:00:00-05:00,0.0469438075602492,0.017209219982598584,0.03230140077584506,0.967391304347826
2022-11-11 00:00:00-05:00,0.008197462122130511,0.017687989844430735,0.024661240088656403,0.6847826086956522
2022-11-14 00:00:00-05:00,-0.006639717434383584,0.01751954271972147,0.013387297452551338,0.2826086956521739
2022-11-15 00:00:00-05:00,0.0080309013945988,0.01762974700121642,0.016733891541336726,0.7608695652173914
2022-11-16 00:00:00-05:00,-0.009377419517002104,0.017929817793907073,0.020409037944214642,0.31521739130434784
2022-11-17 00:00:00-05:00,-0.0018866933599678175,0.017631137017327984,0.014556597508374384,0.4673913043478261
2022-11-18 00:00:00-05:00,0.005305637366511914,0.01722295248917826,0.01011627420911482,0.717391304347826
2022-11-21 00:00:00-05:00,-0.00022857364987518812,0.0171398448606392,0.013610337344350963,0.6086956521739131
2022-11-22 00:00:00-05:00,0.011700786533573853,0.01708365186046735,0.012439565242171647,0.8913043478260869
2022-11-23 00:00:00-05:00,0.004333431758548785,0.016834139070022198,0.009297707819841483,0.7608695652173914
2022-11-25 00:00:00-05:00,0.0016312680162677094,0.01602602119103184,0.007391495985855234,0.7065217391304348
2022-11-28 00:00:00-05:00,-0.014303861014899366,0.015775973888109394,0.011425135883130965,0.13043478260869565
2022-11-29 00:00:00-05:00,0.0014829784705427472,0.01526556189371974,0.010268291927516146,0.5108695652173914
2022-11-30 00:00:00-05:00,0.025294660839533946,0.015675914573852496,0.017878593368670884,0.967391304347826
2022-12-01 00:00:00-05:00,-0.002080811165582811,0.0157623217486954,0.015479145665034893,0.4673913043478261
2022-12-02 00:00:00-05:00,-0.0008203135377584459,0.01548124083599691,0.010950646807186095,0.45652173913043476
2022-12-05 00:00:00-05:00,-0.017874107278887275,0.01512121620725215,0.014162466539168334,0.03260869565217391
2022-12-06 00:00:00-05:00,-0.012332924018723842,0.014931649879491074,0.01355030470788452,0.18478260869565216
2022-12-07 00:00:00-05:00,-0.0009985439975703715,0.014818682711277023,0.010676659966726886,0.45652173913043476
2022-12-08 00:00:00-05:00,0.00580041490343852,0.014834033674960076,0.012757409121252648,0.717391304347826
2022-12-09 00:00:00-05:00,-0.005947853517230364,0.014422571799945398,0.01082050789996931,0.25
2022-12-12 00:00:00-05:00,0.015164142236633581,0.01334328395248551,0.009636355979187407,0.967391304347826
2022-12-13 00:00:00-05:00,0.005396778706361055,0.01277049706453209,0.012632715441634634,0.717391304347826
2022-12-14 00:00:00-05:00,-0.005341812436175931,0.01264308774975045,0.010711701842136816,0.31521739130434784
2022-12-15 00:00:00-05:00,-0.023108199087093523,0.012483605278518656,0.01338475964546907,0.010869565217391304
2022-12-16 00:00:00-05:00,-0.009972449892454964,0.012176785291113471,0.013965818208705743,0.16304347826086957
2022-12-19 00:00:00-05:00,-0.007592371921104272,0.012022124076858012,0.011308712009009722,0.22826086956521738
2022-12-20 00:00:00-05:00,0.0017508398554563597,0.01203860669054583,0.01046240909655899,0.5434782608695652
2022-12-21 00:00:00-05:00,0.015403087938212856,0.012058799845230552,0.014034393592730173,0.9565217391304348
2022-12-22 00:00:00-05:00,-0.010691099662325024,0.01213417339802567,0.014022409850869113,0.16304347826086957
2022-12-23 00:00:00-05:00,0.006235975917137837,0.012068154624287297,0.007911313571335645,0.8695652173913043
2022-12-27 00:00:00-05:00,-0.0003058988801562809,0.012304951304729805,0.01236422627514792,0.6413043478260869
2022-12-28 00:00:00-05:00,-0.010904275893376805,0.01211558021104679,0.007448342915787641,0.07608695652173914
2022-12-29 00:00:00-05:00,0.015020464885179262,0.01214178721413329,0.010818638992332602,0.9891304347826086
2022-12-30 00:00:00-05:00,-0.0016504894062236667,0.011574431624007996,0.005964125976039752,0.358695652173913
2023-01-03 00:00:00-05:00,0.0015954174989693066,0.011498031124722204,0.013874735180033234,0.6086956521739131
2023-01-04 00:00:00-05:00,0.01164664726150106,0.011775331929712463,0.016773963711981567,0.782608695652174
2023-01-05 00:00:00-05:00,-0.008831536635724809,0.01181674935180169,0.015032232403042101,0.1956521739130435
2023-01-06 00:00:00-05:00,0.021667399998251444,0.011878490783068216,0.014846874764481566,0.967391304347826
2023-01-09 00:00:00-05:00,-0.0023251476063715195,0.01222760711224555,0.018008102879450875,0.4782608695652174
2023-01-10 00:00:00-05:00,0.00625354902269926,0.012148095162001129,0.011087658166119797,0.7608695652173914
2023-01-11 00:00:00-05:00,0.008995476275741274,0.012281058116533752,0.013612729945154422,0.7717391304347826
2023-01-12 00:00:00-05:00,0.003704126933722496,0.012377791920894256,0.01166776587075798,0.5434782608695652
2023-01-13 00:00:00-05:00,0.0035793739842237948,0.01236623982856658,0.012390121502753424,0.6521739130434783
2023-01-17 00:00:00-05:00,-0.0049630134038340466,0.0126209074130922,0.01605972111717487,0.30434782608695654
2023-01-18 00:00:00-05:00,-0.0175576891537284,0.012417272110293283,0.009108418286691759,0.021739130434782608
2023-01-19 00:00:00-05:00,-0.009419129094036189,0.012486592823446238,0.015421553184917848,0.2608695652173913
2023-01-20 00:00:00-05:00,0.015399835988944599,0.012750627716593643,0.016853444765105217,0.8804347826086957
2023-01-23 00:00:00-05:00,0.010839186965830501,0.01308969422307194,0.01758280573260324,0.717391304347826
2023-01-24 00:00:00-05:00,-0.0012412873349704708,0.013079927576158374,0.013829294007545283,0.532608695652174
2023-01-25 00:00:00-05:00,0.0015540246959798202,0.013299887795420195,0.018641574455367342,0.5760869565217391
2023-01-26 00:00:00-05:00,0.006146546364019471,0.013613261438819175,0.014492160082714218,0.6630434782608695
2023-01-27 00:00:00-05:00,-0.00034763709902640603,0.0139148778317115,0.01869817052588681,0.4782608695652174
2023-01-30 00:00:00-05:00,-0.008768234452695397,0.014170260931793244,0.012811388017504246,0.2608695652173913
2023-01-31 00:00:00-05:00,0.013141435050791092,0.014224979959861087,0.011967738581757332,0.9130434782608695
2023-02-01 00:00:00-05:00,0.008680334151264143,0.014910993113394859,0.02037040220024893,0.6847826086956522
2023-02-02 00:00:00-05:00,0.005435371135061101,0.01547191888662191,0.02565417641780131,0.5760869565217391
2023-02-03 00:00:00-05:00,-0.008714797063264038,0.015575926380975496,0.0189581210934069,0.34782608695652173
2023-02-06 00:00:00-05:00,-0.004402652788295009,0.015427803346124142,0.011921648671163616,0.34782608695652173
2023-02-07 00:00:00-05:00,0.007993460879411938,0.015412810494300277,0.014532024876180364,0.6739130434782609
2023-02-08 00:00:00-05:00,-0.010246231154349826,0.015302138774210624,0.015683996757568163,0.1956521739130435
2023-02-09 00:00:00-05:00,-0.008776465792426871,0.015304209970726436,0.011131153292951874,0.20652173913043478
2023-02-10 00:00:00-05:00,0.003986102333008804,0.015350438053796116,0.014583519689617686,0.6956521739130435
2023-02-13 00:00:00-05:00,0.011208376267881447,0.015210225124131557,0.008723294347802281,0.9239130434782609
2023-02-14 00:00:00-05:00,-0.002028398070779632,0.015135523876616734,0.010821395304942086,0.32608695652173914
2023-02-15 00:00:00-05:00,0.0018746480747201149,0.014832568748917432,0.00969766343548959,0.5760869565217391
2023-02-16 00:00:00-05:00,-0.011834373869172955,0.014982881609779944,0.012264988364804458,0.08695652173913043
2023-02-17 00:00:00-05:00,-0.00028378694396412015,0.014900663775623522,0.013694978667632982,0.5108695652173914
2023-02-21 00:00:00-05:00,-0.01984904142828055,0.014788612379153606,0.014500365439237018,0.06521739130434782
2023-02-22 00:00:00-05:00,-0.0024277650970368357,0.014302643020719557,0.007377449205488207,0.40217391304347827
2023-02-23 00:00:00-05:00,0.0025542679525027505,0.014446780604138301,0.016856183259338926,0.5434782608695652
2023-02-24 00:00:00-05:00,-0.007879472090344366,0.014232800921515269,0.014148001120283684,0.25
2023-02-27 00:00:00-05:00,0.0017980293785846229,0.014169915055835562,0.01317155690344037,0.5108695652173914
2023-02-28 00:00:00-05:00,-0.003592297032005258,0.013744678632037358,0.009768205626124484,0.391304347826087
2023-03-01 00:00:00-05:00,-0.003888346530495932,0.01377067565930271,0.013357325590076628,0.31521739130434784
2023-03-02 00:00:00-05:00,0.008726039000702731,0.013950069418666725,0.01573500752840165,0.7717391304347826
2023-03-03 00:00:00-05:00,0.013013997290743193,0.013507951801802436,0.011085932246098884,0.9021739130434783
2023-03-06 00:00:00-05:00,0.0006890763028400986,0.012762097567589704,0.00999123749933391,0.5108695652173914
2023-03-07 00:00:00-05:00,-0.016446615751130576,0.012317636246833588,0.009624433357528467,0.03260869565217391
2023-03-08 00:00:00-05:00,0.0012916408058277983,0.012269597232793625,0.010912829376324424,0.5434782608695652
2023-03-09 00:00:00-05:00,-0.019796238555162535,0.012560945199488319,0.02065033217676891,0.03260869565217391
2023-03-10 00:00:00-05:00,-0.01318885997834944,0.012707732493399687,0.018766529929706892,0.1956521739130435
2023-03-13 00:00:00-04:00,-0.00788705057915378,0.013458254548600971,0.026892116452178864,0.4782608695652174
2023-03-14 00:00:00-04:00,0.014378051593112532,0.013544937071928347,0.016403852679492594,0.8478260869565217
2023-03-15 00:00:00-04:00,-0.007949919736130547,0.014222348362882564,0.022948931457840837,0.44565217391304346
2023-03-16 00:00:00-04:00,0.013962160962905429,0.014535802015964832,0.017403922019669733,0.8260869565217391
2023-03-17 00:00:00-04:00,-0.013414997354836491,0.015032345170035287,0.020125069670969113,0.18478260869565216
2023-03-20 00:00:00-04:00,0.010563208241956583,0.015046910633777354,0.012570863103387895,0.8043478260869565
2023-03-21 00:00:00-04:00,0.011940316449588831,0.01532035245448924,0.019437256902582578,0.6847826086956522
2023-03-22 00:00:00-04:00,-0.01787590557338887,0.015300232855895409,0.014077853868766515,0.03260869565217391
2023-03-23 00:00:00-04:00,0.00031029854596181794,0.01583058433075652,0.01851483017757159,0.4673913043478261
2023-03-24 00:00:00-04:00,0.005137508971644541,0.015618631755591623,0.012405179180876065,0.6739130434782609
2023-03-27 00:00:00-04:00,0.005629859225921906,0.015618413111386842,0.014143409591983291,0.6739130434782609
2023-03-28 00:00:00-04:00,-0.0006792117453809069,0.015429033578861067,0.009194586720399047,0.5
2023-03-29 00:00:00-04:00,0.013098075252308545,0.015502069595802087,0.011301961981885943,0.9239130434782609
2023-03-30 00:00:00-04:00,0.004072067034447248,0.015330472678422009,0.009753790325094996,0.6739130434782609
2023-03-31 00:00:00-04:00,0.012913831503741771,0.0150019963175051,0.008837003949146527,0.9347826086956522
2023-04-03 00:00:00-04:00,0.005076129027377631,0.015217499387047525,0.015611496706489814,0.6739130434782609
2023-04-04 00:00:00-04:00,-0.0053102804732525705,0.01530073003676751,0.011739081143453666,0.31521739130434784
2023-04-05 00:00:00-04:00,0.0010315780472855448,0.01555181223433893,0.014897159506528241,0.5217391304347826
2023-04-06 00:00:00-04:00,0.0016039689607935058,0.01553915487006785,0.010647024726631763,0.5543478260869565
2023-04-10 00:00:00-04:00,0.0025869495728836054,0.015090107823526615,0.011220344199402984,0.5543478260869565
2023-04-11 00:00:00-04:00,0.002229274208131172,0.01466128630613884,0.009761278064563604,0.5652173913043478
2023-04-12 00:00:00-04:00,-0.004415482857434594,0.013834148950573449,0.009522231985305694,0.3695652173913043
2023-04-13 00:00:00-04:00,0.009774801871880456,0.013549794987421915,0.010432419453310308,0.8695652173913043
2023-04-14 00:00:00-04:00,-0.0009857905543556678,0.013156604988487496,0.014691941480218015,0.391304347826087
2023-04-17 00:00:00-04:00,0.004538450144918853,0.012943564760479677,0.012930077231505566,0.75
2023-04-18 00:00:00-04:00,0.0016712593342728436,0.0124200411190723,0.00913107320141418,0.5434782608695652
2023-04-19 00:00:00-04:00,-0.00016551194212888047,0.012532585510407545,0.014934295321428084,0.5543478260869565
2023-04-20 00:00:00-04:00,-0.007421127396338606,0.012377376406044374,0.01617786571095599,0.32608695652173914
2023-04-21 00:00:00-04:00,0.0011296881091810405,0.012260585797894479,0.011625251097618722,0.5760869565217391
2023-04-24 00:00:00-04:00,0.0013352428299224384,0.011883127209434149,0.010588199819904628,0.6086956521739131
2023-04-25 00:00:00-04:00,-0.015255567765238122,0.01216720033366739,0.018370714789774124,0.17391304347826086
2023-04-26 00:00:00-04:00,-0.010281532981967429,0.01222410668157363,0.015338442898014318,0.15217391304347827
2023-04-27 00:00:00-04:00,0.015900689080824957,0.012457551162781204,0.014096920825758133,0.9347826086956522
2023-04-28 00:00:00-04:00,0.009045483098869232,0.012542637121427077,0.01308876711344925,0.8152173913043478
2023-05-01 00:00:00-04:00,-0.0005386585578361188,0.012720504675155961,0.01348900895340157,0.5
2023-05-02 00:00:00-04:00,-0.013970850915231372,0.012976936246416205,0.014222066945611659,0.15217391304347827
2023-05-03 00:00:00-04:00,-0.009826917876874383,0.01318188901746126,0.01991550489843596,0.22826086956521738
2023-05-04 00:00:00-04:00,-0.009474735248358464,0.013424794348584637,0.01684009309704455,0.2608695652173913
2023-05-05 00:00:00-04:00,0.016937983451991524,0.013364988428185195,0.013641235178139956,0.9347826086956522
2023-05-08 00:00:00-04:00,-0.00022825934717892374,0.013402425147393402,0.011433195830004147,0.41304347826086957
2023-05-09 00:00:00-04:00,-0.00356016291767471,0.01326479127244193,0.008330032825422058,0.34782608695652173
2023-05-10 00:00:00-04:00,0.00043706551963376927,0.01336585847459725,0.011883689309825324,0.5
2023-05-11 00:00:00-04:00,-0.0031120199575889675,0.01360241571304479,0.014489933992704082,0.33695652173913043
2023-05-12 00:00:00-04:00,-0.001345064583594921,0.01355413730766261,0.009418572940284503,0.42391304347826086
2023-05-15 00:00:00-04:00,0.003595819463805235,0.0134314050223384,0.012114563488409594,0.6086956521739131
2023-05-16 00:00:00-04:00,-0.009796056257019238,0.01345936925229807,0.01351732606065859,0.17391304347826086
2023-05-17 00:00:00-04:00,0.014411358558125715,0.013777018424652784,0.015801705820863245,0.7608695652173914
2023-05-18 00:00:00-04:00,0.0064142238102731786,0.013857006244032487,0.016614039528401816,0.6413043478260869
2023-05-19 00:00:00-04:00,-0.002069077521631944,0.013568091707489212,0.010110660443547241,0.43478260869565216
2023-05-22 00:00:00-04:00,-0.0007087834508293467,0.013656722788050206,0.013486503789399588,0.4673913043478261
2023-05-23 00:00:00-04:00,-0.007218254098351359,0.013837632042698465,0.014387294167518057,0.2717391304347826
2023-05-24 00:00:00-04:00,-0.009564352992069142,0.013473440426283099,0.010722690845051421,0.17391304347826086
2023-05-25 00:00:00-04:00,0.0019406363307174358,0.01431223283154269,0.03295308340846574,0.45652173913043476
2023-05-26 00:00:00-04:00,0.010981999549317464,0.014621231258242492,0.020585887786453986,0.6739130434782609
2023-05-30 00:00:00-04:00,-0.0012406812709381582,0.014662747787477837,0.013960614227391479,0.3695652173913043
2023-05-31 00:00:00-04:00,-0.0054840413748961,0.014838474178789246,0.01717926317094116,0.391304347826087
2023-06-01 00:00:00-04:00,0.007070479066103317,0.01479610631800137,0.01333234186906627,0.7934782608695652
2023-06-02 00:00:00-04:00,0.016457166966260022,0.01474074942862037,0.01875301022143496,0.8913043478260869
2023-06-05 00:00:00-04:00,-0.004171655255784489,0.014507089184744013,0.011933227975641076,0.40217391304347827
2023-06-06 00:00:00-04:00,0.00439925632962113,0.014581113527077826,0.015195746367150001,0.5543478260869565
2023-06-07 00:00:00-04:00,0.0037488243548936726,0.014940664613587375,0.01898376864670466,0.6413043478260869
2023-06-08 00:00:00-04:00,0.004223493332473189,0.015100288036272265,0.01168212470180477,0.5543478260869565
2023-06-09 00:00:00-04:00,0.0005998578368798502,0.015000728980415389,0.009792949136830964,0.532608695652174
2023-06-12 00:00:00-04:00,0.00569893733117525,0.015001564859623747,0.01450748745607958,0.5652173913043478
2023-06-13 00:00:00-04:00,0.006299020023086782,0.015095803273437262,0.011397579630368358,0.7282608695652174
2023-06-14 00:00:00-04:00,-0.0002622905285578112,0.015418383602522026,0.01888875039918955,0.4782608695652174
2023-06-15 00:00:00-04:00,0.013181814815904365,0.015271052687924423,0.010423376854109014,0.9347826086956522
2023-06-16 00:00:00-04:00,-0.0028366613001527077,0.015039585355431054,0.01094089183850241,0.41304347826086957
2023-06-20 00:00:00-04:00,-0.009286788528463099,0.014803217518901986,0.011650314961291446,0.15217391304347827
2023-06-21 00:00:00-04:00,-0.0037450268873969158,0.014991441387065032,0.014063361674971185,0.43478260869565216
2023-06-22 00:00:00-04:00,-0.001885385430552953,0.014989666274770124,0.013449226431206574,0.42391304347826086
2023-06-23 00:00:00-04:00,-0.007573901585660977,0.014694776118498195,0.00819460088580752,0.16304347826086957
2023-06-26 00:00:00-04:00,0.0010880082005472595,0.014836248938109576,0.013693620056890416,0.532608695652174
2023-06-27 00:00:00-04:00,0.007886278235553781,0.013900202400357534,0.013296106115672843,0.7282608695652174
2023-06-28 00:00:00-04:00,-0.0012389691168939862,0.013387810202055843,0.009825651622118462,0.41304347826086957
2023-06-29 00:00:00-04:00,0.006783038899116468,0.013239536578980598,0.010846868142811326,0.7391304347826086
2023-06-30 00:00:00-04:00,0.008362759562149004,0.01282608931224048,0.008496870569398688,0.8695652173913043
2023-07-03 00:00:00-04:00,0.003556881264038011,0.012616491312027226,0.008930783864587965,0.7065217391304348
2023-07-05 00:00:00-04:00,-0.002883576133721523,0.012216696782648816,0.010357325104488337,0.44565217391304346
2023-07-06 00:00:00-04:00,-0.011210258186622154,0.012089948308004604,0.009271510008112634,0.08695652173913043
2023-07-07 00:00:00-04:00,-0.0024472494369589632,0.011863752173257261,0.01044562753745579,0.34782608695652173
2023-07-10 00:00:00-04:00,0.005124968281968846,0.01157632378685242,0.012947772532202991,0.7391304347826086
2023-07-11 00:00:00-04:00,0.00934294790827438,0.011591779844294842,0.012006701908095656,0.7934782608695652
2023-07-12 00:00:00-04:00,0.005707736699581579,0.011624509415574106,0.0104802701336955,0.7282608695652174
2023-07-13 00:00:00-04:00,0.006070398456080987,0.011490102695429435,0.011684946333041476,0.717391304347826
2023-07-14 00:00:00-04:00,-0.00498078010751354,0.01171103901928842,0.016037242431407014,0.358695652173913
2023-07-17 00:00:00-04:00,-0.0007046254539217913,0.011667331964536834,0.01797090224940626,0.4782608695652174
2023-07-18 00:00:00-04:00,0.007947747017986301,0.012084188356544737,0.019177361086274956,0.6304347826086957
2023-07-19 00:00:00-04:00,0.005603027891529946,0.012291332869044084,0.015290926600988715,0.6739130434782609
2023-07-20 00:00:00-04:00,0.00247361777288587,0.012736751262187266,0.02100410121729826,0.6521739130434783
2023-07-21 00:00:00-04:00,0.003086450985198183,0.012709142910254703,0.01348358628438741,0.6304347826086957
2023-07-24 00:00:00-04:00,0.004724327271755081,0.01252221459591694,0.009523731830113482,0.7391304347826086
2023-07-25 00:00:00-04:00,-0.0016966606468751268,0.012974797528572404,0.01769884247157228,0.4782608695652174
2023-07-26 00:00:00-04:00,0.0035887154385807938,0.013304525067295861,0.020617898370082995,0.5652173913043478
2023-07-27 00:00:00-04:00,-0.006420687101309885,0.013351472915058454,0.014282010918687346,0.32608695652173914
2023-07-28 00:00:00-04:00,0.005429559631829975,0.013546002791181223,0.013910779020696599,0.6739130434782609
2023-07-31 00:00:00-04:00,0.0022043818262986532,0.01360230748390511,0.012029266690013002,0.6086956521739131
2023-08-01 00:00:00-04:00,-0.0026543889057416077,0.013811433780906704,0.012888522806432118,0.29347826086956524
2023-08-02 00:00:00-04:00,-0.00966680665266341,0.014141500690111655,0.015862188957891953,0.2608695652173913
2023-08-03 00:00:00-04:00,-0.004197002759079136,0.014361304145105487,0.014973197659358782,0.391304347826087
2023-08-04 00:00:00-04:00,-0.0025987530440004618,0.014732472782989023,0.017066051403666828,0.2717391304347826
2023-08-07 00:00:00-04:00,0.010261357340036496,0.014741691980104893,0.010639230676889138,0.9021739130434783
2023-08-08 00:00:00-04:00,-0.0031020638323187404,0.014992178691817473,0.018207993478167143,0.29347826086956524
2023-08-09 00:00:00-04:00,-0.005109869935366356,0.014955638419491199,0.011239356189243946,0.34782608695652173
2023-08-10 00:00:00-04:00,0.0006268734231572727,0.014901731541878733,0.00934822570383366,0.5108695652173914
2023-08-11 00:00:00-04:00,0.0012137245700788433,0.0148021316826897,0.009593349290071808,0.6195652173913043
2023-08-14 00:00:00-04:00,0.0017425813088844,0.014676052786739127,0.013389585616444977,0.5
2023-08-15 00:00:00-04:00,-0.01189808172561232,0.01428066424983295,0.009667742974376576,0.07608695652173914
2023-08-16 00:00:00-04:00,-0.007144802054949524,0.01381880934655782,0.009478408117497212,0.17391304347826086
2023-08-17 00:00:00-04:00,-0.00489715923569801,0.01378451100920092,0.014570661516493848,0.32608695652173914
2023-08-18 00:00:00-04:00,0.0008319806207809236,0.013122697180015477,0.007106010804403929,0.5652173913043478
2023-08-21 00:00:00-04:00,8.01784862383086e-05,0.013125420768652044,0.01354078164575528,0.42391304347826086
2023-08-22 00:00:00-04:00,-0.004864629167194085,0.013263752707666124,0.012428702549409183,0.31521739130434784
2023-08-23 00:00:00-04:00,0.008103491904700317,0.012965224359506486,0.01142974716021987,0.782608695652174
2023-08-24 00:00:00-04:00,-0.011041804187822954,0.01264579736193198,0.013909931421018396,0.15217391304347827
2023-08-25 00:00:00-04:00,0.006374543257661153,0.012378433641653974,0.008667372792849232,0.8152173913043478
2023-08-28 00:00:00-04:00,0.0059273096492347,0.012113381981396994,0.008344694155300019,0.8152173913043478
2023-08-29 00:00:00-04:00,0.011103512052386539,0.012020857423759898,0.01008625097963399,0.8695652173913043
2023-08-30 00:00:00-04:00,0.0019574108172968553,0.011709575395492213,0.006351600212810699,0.6304347826086957
2023-08-31 00:00:00-04:00,-0.0020690299891551124,0.011464421389337716,0.010713954828647506,0.33695652173913043
2023-09-01 00:00:00-04:00,0.003011558516464193,0.011335798266277976,0.012272112075104286,0.6521739130434783
2023-09-05 00:00:00-04:00,-0.0071557028773580915,0.011005143950000804,0.010122310761846161,0.22826086956521738
2023-09-06 00:00:00-04:00,-0.0057847317863010785,0.01101564770922327,0.010859809620560969,0.31521739130434784
2023-09-07 00:00:00-04:00,-0.0005817199548935613,0.010823571026403815,0.01417438313895856,0.4891304347826087
2023-09-08 00:00:00-04:00,0.002172502574042412,0.010756262944967829,0.009825886479088258,0.6086956521739131
2023-09-11 00:00:00-04:00,0.004119110992522055,0.010969111761903187,0.013818050859476164,0.7065217391304348
2023-09-12 00:00:00-04:00,-0.0015138965637914354,0.011470394890608632,0.020120294992886166,0.4673913043478261
2023-09-13 00:00:00-04:00,-0.00010681705570835838,0.011515901103454223,0.014345216086202362,0.532608695652174
2023-09-14 00:00:00-04:00,0.009894288024817812,0.011540106841251146,0.01017606346811199,0.8369565217391305
2023-09-15 00:00:00-04:00,-0.008758706997192204,0.01166560026030206,0.012113769917566368,0.14130434782608695
2023-09-18 00:00:00-04:00,-0.0013680750486155947,0.01141505140905529,0.009309135640311703,0.43478260869565216
2023-09-19 00:00:00-04:00,-0.00271537594632464,0.011517628317763998,0.009260125887286776,0.34782608695652173
2023-09-20 00:00:00-04:00,-0.005954949800197562,0.011426051694980044,0.011617672567292276,0.2608695652173913
2023-09-21 00:00:00-04:00,-0.015168537593130879,0.01142837174320982,0.012477423562234444,0.06521739130434782
2023-09-22 00:00:00-04:00,-0.004434155875904464,0.011332871525061548,0.009424242579106184,0.2717391304347826
2023-09-25 00:00:00-04:00,0.002417069354686148,0.011052763432899858,0.008027661485622905,0.5869565217391305
2023-09-26 00:00:00-04:00,-0.013648838203331471,0.011075441096432269,0.009143603727029851,0.06521739130434782
2023-09-27 00:00:00-04:00,-0.0021527213233889387,0.01133648137186152,0.013826539939314306,0.3804347826086957
2023-09-28 00:00:00-04:00,0.00393519952653879,0.011465309348826716,0.012791638495903064,0.6956521739130435
2023-09-29 00:00:00-04:00,-0.0018230803624138892,0.011699262969247698,0.011264626241651343,0.33695652173913043
2023-10-02 00:00:00-04:00,-0.007262047090634484,0.012012472404437232,0.017291352967627693,0.31521739130434784
2023-10-03 00:00:00-04:00,-0.011945347588900021,0.012038285769506678,0.012814192741562697,0.21739130434782608
2023-10-04 00:00:00-04:00,0.00314478366462586,0.012162100333664792,0.012722416609166547,0.6413043478260869
2023-10-05 00:00:00-04:00,-0.0023178334371894427,0.012276757424030957,0.013267608518250415,0.4673913043478261
2023-10-06 00:00:00-04:00,0.008495413839316807,0.012160966030143952,0.011742763867331467,0.8369565217391305
2023-10-09 00:00:00-04:00,0.007157779641845907,0.012450702182632176,0.015910345681340952,0.6956521739130435
2023-10-10 00:00:00-04:00,0.0066183044843259415,0.012294300837576023,0.010533622613296958,0.7282608695652174
2023-10-11 00:00:00-04:00,0.0016012045482705682,0.0120771312187248,0.01555973299701051,0.5
2023-10-12 00:00:00-04:00,-0.007082830178178639,0.01193552772176208,0.011371542649985264,0.2608695652173913
2023-10-13 00:00:00-04:00,-0.0018908968440525893,0.012146823181014251,0.014613268112407518,0.40217391304347827
2023-10-16 00:00:00-04:00,0.01068043262176608,0.01197299742047995,0.008463428946346111,0.8804347826086957
2023-10-17 00:00:00-04:00,0.0027521080432002247,0.012132919966663552,0.012667509110167298,0.6304347826086957
2023-10-18 00:00:00-04:00,-0.01287718447613273,0.01247927286890664,0.016533536834391686,0.17391304347826086
2023-10-19 00:00:00-04:00,-0.004892312595714331,0.012911095067239808,0.02068593873228878,0.2608695652173913
2023-10-20 00:00:00-04:00,-0.01027886691660177,0.012966892065883065,0.013649160533742807,0.17391304347826086
2023-10-23 00:00:00-04:00,-0.005687376061844851,0.013124798954125378,0.012740287232194756,0.31521739130434784
2023-10-24 00:00:00-04:00,0.009039708950262317,0.013626513961301791,0.018563676636327603,0.6847826086956522
2023-10-25 00:00:00-04:00,-0.01005929039198673,0.01424900706613376,0.022215958928501135,0.31521739130434784
2023-10-26 00:00:00-04:00,-0.006413785563259086,0.014739653570163647,0.024130116523941987,0.34782608695652173
2023-10-27 00:00:00-04:00,-0.011101824805022939,0.0153378021963377,0.02535275964555818,0.21739130434782608
2023-10-30 00:00:00-04:00,0.01432901446197552,0.0153322338360939,0.011147690676531548,0.9347826086956522
2023-10-31 00:00:00-04:00,0.008904420294630833,0.015158808557805643,0.013649422123574294,0.8586956521739131
2023-11-01 00:00:00-04:00,0.00673181626825314,0.015226706455354854,0.014240048590096154,0.6739130434782609
2023-11-02 00:00:00-04:00,0.020328241010943774,0.015365414915206366,0.015635294266048316,0.9456521739130435
2023-11-03 00:00:00-04:00,0.01035360631433603,0.01537195198390883,0.013404886961002112,0.782608695652174
2023-11-06 00:00:00-05:00,-0.0010025007085212427,0.015352088288744873,0.011325626268888361,0.40217391304347827
2023-11-07 00:00:00-05:00,-0.0012144245459707178,0.015199165344901186,0.012698963860623549,0.41304347826086957
2023-11-08 00:00:00-05:00,-0.0017833458789093223,0.015157064697114466,0.009649509009775828,0.43478260869565216
2023-11-09 00:00:00-05:00,-0.009202787677425482,0.015087259820627766,0.01409383059078978,0.16304347826086957
2023-11-10 00:00:00-05:00,0.01228256873800845,0.015067854002518791,0.010964020469696821,0.9021739130434783
2023-11-13 00:00:00-05:00,-0.0009331515249508541,0.01482597583641276,0.009533826624180897,0.391304347826087
2023-11-14 00:00:00-05:00,0.0192541659233969,0.015196685360914897,0.016248328960890932,0.9021739130434783
2023-11-15 00:00:00-05:00,0.006770807685974137,0.015591316494131516,0.020954762907716317,0.6521739130434783
2023-11-16 00:00:00-05:00,-2.0251995963805843e-05,0.015705831908221595,0.01893836053028332,0.5543478260869565
2023-11-17 00:00:00-05:00,0.003078692235427127,0.015179872690730128,0.00964079516496798,0.5869565217391305
2023-11-20 00:00:00-05:00,0.004356895362038279,0.01498854334134792,0.00963124419671645,0.6739130434782609
2023-11-21 00:00:00-05:00,-0.0016257473903742285,0.014922143673807741,0.011345894213850988,0.40217391304347827
2023-11-22 00:00:00-05:00,0.004449880610559881,0.014398783115519094,0.007573104912266052,0.717391304347826
2023-11-24 00:00:00-05:00,0.0026663894608096256,0.0135804292502504,0.00503052775785856,0.8369565217391305
2023-11-27 00:00:00-05:00,-0.003089445916103472,0.012746003353312935,0.00660717268825519,0.2826086956521739
2023-11-28 00:00:00-05:00,0.0007504576232177038,0.01189053216880628,0.007387864770918434,0.5760869565217391
2023-11-29 00:00:00-05:00,0.002683851174836282,0.011967256417574536,0.012758899900664929,0.5652173913043478
2023-11-30 00:00:00-05:00,0.007484470230159669,0.011994491739781246,0.014221363889915193,0.7608695652173914
2023-12-01 00:00:00-05:00,0.007752282076032518,0.011919738346095892,0.012670227322703743,0.7934782608695652
2023-12-04 00:00:00-05:00,-0.0018136720939762282,0.011724468553091451,0.011534628612955039,0.4782608695652174
2023-12-05 00:00:00-05:00,-0.00289692895677335,0.011629784641857472,0.011416524825088554,0.34782608695652173
2023-12-06 00:00:00-05:00,-0.001673363035777876,0.011640150054779473,0.011543299940250395,0.44565217391304346
2023-12-07 00:00:00-05:00,0.006105016584892014,0.011733747636214067,0.01466451307075003,0.6413043478260869
2023-12-08 00:00:00-05:00,0.003665667213530183,0.011740619058229094,0.009793808872091386,0.6086956521739131
2023-12-11 00:00:00-05:00,0.0067717641825897415,0.01177112488303358,0.01473445291168395,0.7282608695652174
2023-12-12 00:00:00-05:00,0.002220082317749361,0.012080512081261588,0.017461151632485003,0.6521739130434783
2023-12-13 00:00:00-05:00,0.014768626528566007,0.012428202656840774,0.016835328711343807,0.8913043478260869
2023-12-14 00:00:00-05:00,0.006429823893208299,0.013005328445033836,0.02836797051294525,0.5652173913043478
2023-12-15 00:00:00-05:00,-0.0009140800096622205,0.012634897134850968,0.013175705393876086,0.40217391304347827
2023-12-18 00:00:00-05:00,0.002149020059809689,0.012301017942256262,0.011926897485794462,0.5978260869565217
2023-12-19 00:00:00-05:00,0.006939067091779805,0.012254622453416122,0.008666489899325067,0.7608695652173914
2023-12-20 00:00:00-05:00,-0.016570621879323743,0.012508253406766114,0.014957494217066292,0.05434782608695652
2023-12-21 00:00:00-05:00,0.00991943581192564,0.012381739320151646,0.008689098394947165,0.9239130434782609
2023-12-22 00:00:00-05:00,0.001989552788258649,0.012715732963743185,0.01458697142768834,0.7608695652173914
2023-12-26 00:00:00-05:00,0.005226557739447223,0.012832885116307247,0.007490722961703912,0.7717391304347826
2023-12-27 00:00:00-05:00,0.0015532672917190225,0.012777338331483987,0.005440690206966655,0.6521739130434783
2023-12-28 00:00:00-05:00,0.002014430696274624,0.012691131746827117,0.005577526493124228,0.7282608695652174
2023-12-29 00:00:00-05:00,-0.0018068020816578618,0.01228396482771353,0.004208394599279558,0.31521739130434784
2024-01-02 00:00:00-05:00,0.0015434371775009791,0.012532961440906558,0.019450292766968788,0.5869565217391305
2024-01-03 00:00:00-05:00,-0.0071784836952056225,0.012591545997500503,0.01390050301117658,0.30434782608695654
2024-01-04 00:00:00-05:00,-0.0009760458971125963,0.012469842403241463,0.008978853133515239,0.5108695652173914
2024-01-05 00:00:00-05:00,0.0028899051537272617,0.012331814530340445,0.008517939494167152,0.5978260869565217
2024-01-08 00:00:00-05:00,0.008844351762467019,0.012539479318085774,0.01590426048290231,0.8152173913043478
2024-01-09 00:00:00-05:00,-0.003180694061295496,0.012291502267739668,0.009456995013481812,0.358695652173913
2024-01-10 00:00:00-05:00,0.0007979295759797855,0.012290631187861485,0.009775516194649524,0.5543478260869565
2024-01-11 00:00:00-05:00,-0.0025627651085738464,0.012092616396081068,0.010576142284295226,0.3695652173913043
2024-01-12 00:00:00-05:00,0.0011492356654943922,0.011836845836979496,0.012089969891351976,0.5652173913043478
2024-01-16 00:00:00-05:00,-0.0055088852710097344,0.011813693201389272,0.016349123363949055,0.25
2024-01-17 00:00:00-05:00,-0.006132146079210137,0.010860576628804658,0.008352522488668383,0.20652173913043478
2024-01-18 00:00:00-05:00,0.003983645733984281,0.010836346141592772,0.012666865162426485,0.6413043478260869
2024-01-19 00:00:00-05:00,0.011455790406708246,0.010958143599165512,0.014484644094822047,0.8152173913043478
2024-01-22 00:00:00-05:00,0.0006618139370395301,0.011241820311678322,0.014623700862094014,0.6195652173913043
2024-01-23 00:00:00-05:00,0.001981100272734042,0.011400915955857273,0.018298502744824287,0.6195652173913043
2024-01-24 00:00:00-05:00,-0.0016745841566457662,0.011867869510653726,0.018495123045672694,0.40217391304347827
2024-01-25 00:00:00-05:00,0.008861012482623058,0.011981127619292127,0.016965391709094755,0.8043478260869565
2024-01-26 00:00:00-05:00,0.0008859199545140566,0.01251312790925525,0.01866272905092947,0.5434782608695652
2024-01-29 00:00:00-05:00,0.00458550676289175,0.012642645612641154,0.008160561978070626,0.6739130434782609
2024-01-30 00:00:00-05:00,0.0014082658950115975,0.01317203847993472,0.016694776706289112,0.5978260869565217
2024-01-31 00:00:00-05:00,-0.011770974174520893,0.013761749540030037,0.016592326861281207,0.17391304347826086
2024-02-01 00:00:00-05:00,0.009140974636680085,0.01362226036579305,0.016521020107992092,0.75
2024-02-02 00:00:00-05:00,0.00034159844286636243,0.013681203002717685,0.015138298386593925,0.4673913043478261
2024-02-05 00:00:00-05:00,-0.006354253708137498,0.013928391923765618,0.014169820475521799,0.22826086956521738
2024-02-06 00:00:00-05:00,0.004692925002808261,0.01420626687148898,0.014353313396357759,0.6521739130434783
2024-02-07 00:00:00-05:00,0.0049744186719247185,0.014293990205211958,0.01774645049108487,0.717391304347826
2024-02-08 00:00:00-05:00,-0.00015944976131909144,0.014596123409297255,0.015801792299273053,0.40217391304347827
2024-02-09 00:00:00-05:00,0.0013765419839170485,0.014703804238264182,0.012036813602955014,0.5434782608695652
2024-02-12 00:00:00-05:00,0.0045920708475220215,0.014719947031027162,0.010915140932317826,0.6304347826086957
2024-02-13 00:00:00-05:00,-0.013557869714870243,0.014645043881855682,0.010517003758750814,0.09782608695652174
2024-02-14 00:00:00-05:00,0.006193676943979468,0.014385273306917478,0.010893941290246817,0.7282608695652174
2024-02-15 00:00:00-05:00,0.008413573546248158,0.014657002871413046,0.014058843343075271,0.782608695652174
2024-02-16 00:00:00-05:00,-0.0036154478894904725,0.01463524737691697,0.012209999778008905,0.34782608695652173
2024-02-20 00:00:00-05:00,-0.002531025577452064,0.014588261851390996,0.013497948058776616,0.43478260869565216
2024-02-21 00:00:00-05:00,0.004001924621311021,0.014407557111433959,0.010828901322996267,0.7065217391304348
2024-02-22 00:00:00-05:00,0.011048062385648311,0.014576412361140278,0.02184446298865694,0.7065217391304348
2024-02-23 00:00:00-05:00,0.001602836052650439,0.014331872777504187,0.013359791789314793,0.7282608695652174
2024-02-26 00:00:00-05:00,-0.005616066645864319,0.014048588008203208,0.01101641155377417,0.2391304347826087
2024-02-27 00:00:00-05:00,0.0019396194846194414,0.013566597245812778,0.008540923040730453,0.6086956521739131
2024-02-28 00:00:00-05:00,0.0006223315036013686,0.013644128040260115,0.009788708661464734,0.5978260869565217
2024-02-29 00:00:00-05:00,0.0038827503674447594,0.0135046660311908,0.013766074515833506,0.5108695652173914
2024-03-01 00:00:00-05:00,0.004598027135859081,0.013399311688988114,0.014379885675024774,0.5760869565217391
2024-03-04 00:00:00-05:00,0.0022637141614142917,0.013364456434532239,0.015789059764418717,0.6086956521739131
2024-03-05 00:00:00-05:00,-0.003601129518803233,0.013551534014402167,0.019066927563862367,0.41304347826086957
2024-03-06 00:00:00-05:00,0.005540869478961877,0.013476853582858767,0.012601531413110444,0.6956521739130435
2024-03-07 00:00:00-05:00,0.005379293502037261,0.013400842553549114,0.012757081780855054,0.6413043478260869
2024-03-08 00:00:00-05:00,-0.0025175108749093318,0.013350025229345171,0.016679286682802046,0.4891304347826087
2024-03-11 00:00:00-04:00,0.002914613670677101,0.013229356592385685,0.013267750923123852,0.6521739130434783
2024-03-12 00:00:00-04:00,0.005514110285567439,0.01349936029295287,0.017706891314865903,0.6413043478260869
2024-03-13 00:00:00-04:00,0.0009107807219281862,0.013655371113322328,0.014191368160076441,0.5652173913043478
2024-03-14 00:00:00-04:00,-0.004852791397961052,0.013708864109758908,0.01164035668391903,0.2826086956521739
2024-03-15 00:00:00-04:00,-0.00543579602720025,0.01404911501136437,0.018039210223961526,0.30434782608695654
2024-03-18 00:00:00-04:00,0.0043950639308542915,0.013953738644861843,0.01205593964652216,0.6521739130434783
2024-03-19 00:00:00-04:00,0.004656926228105945,0.013823452429479178,0.009473989254972923,0.8152173913043478
2024-03-20 00:00:00-04:00,0.008961290610249403,0.013712955372854108,0.011177509869650167,0.8260869565217391
2024-03-21 00:00:00-04:00,0.0036165230825426792,0.014009786039913482,0.01706234533124314,0.5869565217391305
2024-03-22 00:00:00-04:00,-0.004576106535553485,0.013653813119420885,0.014369031658312353,0.2608695652173913
2024-03-25 00:00:00-04:00,-0.0017745365903515456,0.013497755816713594,0.010082588432461702,0.3804347826086957
2024-03-26 00:00:00-04:00,-0.002418188430569671,0.013559942691332998,0.012322335920781725,0.4782608695652174
2024-03-27 00:00:00-04:00,0.012845637410375607,0.0137687961545408,0.012926845768094233,0.8913043478260869
2024-03-28 00:00:00-04:00,0.0032360353080726338,0.013648591172935817,0.0072644040477600905,0.7282608695652174
2024-04-01 00:00:00-04:00,-0.004278515650588162,0.013642737296169312,0.013643143103736896,0.2717391304347826
2024-04-02 00:00:00-04:00,-0.006994827648321615,0.013574055732193769,0.012937572831538372,0.21739130434782608
2024-04-03 00:00:00-04:00,-0.0012488752284461398,0.013578930441825883,0.01589142866669308,0.43478260869565216
2024-04-04 00:00:00-04:00,-0.011970693382875947,0.013302191146720774,0.013255402366655152,0.13043478260869565
2024-04-05 00:00:00-04:00,0.007132206213846637,0.013226822358501943,0.011018786860514981,0.7608695652173914
2024-04-08 00:00:00-04:00,-0.000137952886762116,0.01298867467063019,0.007755980335548243,0.4673913043478261
2024-04-09 00:00:00-04:00,0.0017861298238817074,0.012707138238124619,0.010767021600185068,0.6195652173913043
2024-04-10 00:00:00-04:00,-0.013120159003944481,0.012703832553772356,0.013198331551726296,0.18478260869565216
2024-04-11 00:00:00-04:00,0.0013375462571626633,0.012507850808479045,0.01359127466370639,0.44565217391304346
2024-04-12 00:00:00-04:00,-0.013845585363933821,0.012388030727818168,0.011675146466197992,0.05434782608695652
2024-04-15 00:00:00-04:00,-0.005815641628450256,0.012417375488028206,0.01225659664832982,0.2608695652173913
2024-04-16 00:00:00-04:00,-0.0025825931719641666,0.01216900419949065,0.012823413164672871,0.3695652173913043
2024-04-17 00:00:00-04:00,-0.0014353926215342624,0.012256585393242661,0.013895144715314375,0.44565217391304346
2024-04-18 00:00:00-04:00,0.0013016935720935629,0.012297725324014136,0.010337927801173926,0.5543478260869565
2024-04-19 00:00:00-04:00,0.002690591538671532,0.012846864849746568,0.02270943991003116,0.717391304347826
2024-04-22 00:00:00-04:00,0.008493437313466428,0.012611371623406063,0.012116987578092648,0.8369565217391305
2024-04-23 00:00:00-04:00,0.009249546839268073,0.012658686127434492,0.015362636242909334,0.7717391304347826
2024-04-24 00:00:00-04:00,-0.0008598585058750156,0.012805570061516603,0.013167151048185997,0.5108695652173914
2024-04-25 00:00:00-04:00,-0.005515741989309808,0.013190550944648391,0.02040693446654928,0.31521739130434784
2024-04-26 00:00:00-04:00,0.0034820452774882342,0.013574600092559815,0.02099187787423414,0.5760869565217391
2024-04-29 00:00:00-04:00,0.003210188952593185,0.01376430561524941,0.011248220024241634,0.6304347826086957
2024-04-30 00:00:00-04:00,-0.011749806056679067,0.013790558741946441,0.014194458764374522,0.07608695652173914
2024-05-01 00:00:00-04:00,-0.004486775441392582,0.014666857474909473,0.031339846223762034,0.4891304347826087
2024-05-02 00:00:00-04:00,0.005874891466129655,0.014676032849762438,0.016084111538605304,0.7065217391304348
2024-05-03 00:00:00-04:00,0.006733214123494212,0.014812594690403353,0.016123201020114383,0.7065217391304348
2024-05-06 00:00:00-04:00,0.00686019393691057,0.014836185019162677,0.011514183764460766,0.7391304347826086
2024-05-07 00:00:00-04:00,0.0023691483348394597,0.01513835006467445,0.014101446291295531,0.6413043478260869
2024-05-08 00:00:00-04:00,0.0023388896091165864,0.015080061566932614,0.009542963147606474,0.5760869565217391
2024-05-09 00:00:00-04:00,0.00682758510758278,0.014972849427865179,0.010946876631310205,0.75
2024-05-10 00:00:00-04:00,0.0025065499388027056,0.014775138004902337,0.00943933478148672,0.6413043478260869
2024-05-13 00:00:00-04:00,0.00020858845521538476,0.014677013798921813,0.009614538140606975,0.5
2024-05-14 00:00:00-04:00,0.003517171225903336,0.014596996333137774,0.010576229866864977,0.5978260869565217
2024-05-15 00:00:00-04:00,0.0077040735858710805,0.014568712872710018,0.012229460495689999,0.75
2024-05-16 00:00:00-04:00,0.00044316231327704415,0.01454719665142654,0.013443304068361384,0.4782608695652174
2024-05-17 00:00:00-04:00,0.002063822176359279,0.01444439707894226,0.008179136779003967,0.5869565217391305
2024-05-20 00:00:00-04:00,-0.0026894493387154927,0.01391155823108993,0.011519824105132267,0.34782608695652173
2024-05-21 00:00:00-04:00,0.0011597030699497903,0.013844960511495915,0.010718435466618341,0.532608695652174
2024-05-22 00:00:00-04:00,-0.0029895862786054987,0.013788889091502063,0.01418513642303842,0.41304347826086957
2024-05-23 00:00:00-04:00,-0.01368213297659588,0.013967812151821449,0.016924535314893137,0.06521739130434782
2024-05-24 00:00:00-04:00,0.0035059213207309036,0.01350689657449394,0.010727707342671552,0.6086956521739131
2024-05-28 00:00:00-04:00,-0.005073192739464888,0.01318293679364028,0.014188722476307288,0.33695652173913043
2024-05-29 00:00:00-04:00,-0.009452525786348571,0.01308755289838275,0.00924515822383352,0.13043478260869565
2024-05-30 00:00:00-04:00,0.0009320483790044804,0.013777629619336712,0.02868606990440769,0.6739130434782609
2024-05-31 00:00:00-04:00,0.014529674635099766,0.012954248334135499,0.014048839234536578,0.8913043478260869
2024-06-03 00:00:00-04:00,-0.0025484371871467115,0.012845251977212188,0.013795188043215823,0.40217391304347827
2024-06-04 00:00:00-04:00,0.0014522550130200184,0.012630065158782315,0.011604277833087024,0.5978260869565217
2024-06-05 00:00:00-04:00,0.004175711844925282,0.01275790647772525,0.014198851462262388,0.6195652173913043
2024-06-06 00:00:00-04:00,0.00010486686570304889,0.012479707818192057,0.008259274441098481,0.5108695652173914
2024-06-07 00:00:00-04:00,0.0001841742854047895,0.0125360396060149,0.010725930691886224,0.4891304347826087
2024-06-10 00:00:00-04:00,0.0007583740738269241,0.012556207137950729,0.011370394801962558,0.5652173913043478
2024-06-11 00:00:00-04:00,-0.005862229978719982,0.012796707810298489,0.014489848900789684,0.2826086956521739
2024-06-12 00:00:00-04:00,-6.891329202464714e-05,0.013246338129108103,0.019056774835608838,0.40217391304347827
2024-06-13 00:00:00-04:00,-0.0012442307162853856,0.013532454871479098,0.016584681456655908,0.3695652173913043
2024-06-14 00:00:00-04:00,2.2295191997062457e-05,0.01377867020076153,0.01739998241062105,0.3695652173913043
2024-06-17 00:00:00-04:00,0.005260569034285368,0.01374129819539064,0.012658491955572684,0.6956521739130435
2024-06-18 00:00:00-04:00,0.001808040809654766,0.013855045499351968,0.010567830162191845,0.6521739130434783
2024-06-20 00:00:00-04:00,0.005166446917803578,0.014164862688932023,0.018025985086313447,0.6413043478260869
2024-06-21 00:00:00-04:00,0.002146129667664632,0.01421291294663179,0.011727490878313419,0.6195652173913043
2024-06-24 00:00:00-04:00,0.004936251851689671,0.01436514096234132,0.017381924752938527,0.7065217391304348
2024-06-25 00:00:00-04:00,-0.005796874622749143,0.014221977171358022,0.013918095704243938,0.2608695652173913
2024-06-26 00:00:00-04:00,-6.182820441212462e-05,0.01455961104711929,0.017818018733658184,0.33695652173913043
2024-06-27 00:00:00-04:00,0.00012833404968176892,0.014454917306326058,0.011990153919649416,0.5
2024-06-28 00:00:00-04:00,-0.0010025263129948734,0.015332411700253592,0.02767254049631171,0.5108695652173914
2024-07-01 00:00:00-04:00,-0.0021327983519951266,0.014641072061394105,0.014167937488358488,0.3804347826086957
2024-07-02 00:00:00-04:00,0.003599196480362104,0.014445949601826954,0.009951267583626399,0.6304347826086957
2024-07-03 00:00:00-04:00,0.0005326670431587531,0.014261968205711049,0.00993157872478181,0.4891304347826087
2024-07-05 00:00:00-04:00,0.001769984638408218,0.014282015370466998,0.012025268292961938,0.5869565217391305
2024-07-08 00:00:00-04:00,0.0007898100569044961,0.014187812238225704,0.012220585685195243,0.5
2024-07-09 00:00:00-04:00,9.004588883985481e-05,0.014311661536068273,0.010860109695792453,0.41304347826086957
2024-07-10 00:00:00-04:00,0.008181288054351242,0.014240503860296051,0.009231619500669528,0.8478260869565217
2024-07-11 00:00:00-04:00,0.003047650982847472,0.0145876888626419,0.018661279851225388,0.6739130434782609
2024-07-12 00:00:00-04:00,0.005477297468052434,0.014557560838578029,0.013857160395448372,0.6739130434782609
2024-07-15 00:00:00-04:00,0.002690319584462485,0.01436697562996632,0.015054485454762992,0.5760869565217391
2024-07-16 00:00:00-04:00,0.011667465923438475,0.014503022859635072,0.019441673279699697,0.8260869565217391
2024-07-17 00:00:00-04:00,0.0011836488653633045,0.014926299265770094,0.026288786939456486,0.6413043478260869
2024-07-18 00:00:00-04:00,-0.009925720760130749,0.014972119902034306,0.01362072531712113,0.16304347826086957
2024-07-19 00:00:00-04:00,-0.0063778873613276775,0.015167925260576011,0.01467974269156767,0.30434782608695654
2024-07-22 00:00:00-04:00,0.004646750483764394,0.015104662765321044,0.016697472685959124,0.6304347826086957
2024-07-23 00:00:00-04:00,-0.0025989482585450424,0.015530929937176969,0.02067910148728788,0.43478260869565216
2024-07-24 00:00:00-04:00,-0.009102222580369244,0.015915969812610037,0.025467762137032987,0.3695652173913043
2024-07-25 00:00:00-04:00,-0.0015385837557828684,0.016622836231848844,0.028762290508258855,0.5108695652173914
2024-07-26 00:00:00-04:00,0.013747910139673277,0.01696844811273301,0.025075868232225643,0.8478260869565217
2024-07-29 00:00:00-04:00,-0.00045876396104625386,0.016928505089841575,0.011151350438929234,0.4673913043478261
2024-07-30 00:00:00-04:00,0.0016619575529256939,0.016596053703308262,0.02069106137911218,0.6956521739130435
2024-07-31 00:00:00-04:00,0.006782939110363275,0.017059164452416793,0.023893263219637625,0.6413043478260869
2024-08-01 00:00:00-04:00,-0.009987978250075651,0.017906403542432843,0.027743288473963488,0.32608695652173914
2024-08-02 00:00:00-04:00,-0.018555468245916303,0.01938500149581994,0.040982135745910815,0.30434782608695654
2024-08-05 00:00:00-04:00,-0.02598275464274248,0.019430945002483227,0.012990081932891008,0.021739130434782608
2024-08-06 00:00:00-04:00,0.007242635735918746,0.01946406329240243,0.012916069773498438,0.7065217391304348
2024-08-07 00:00:00-04:00,-0.007049959704910553,0.019764634724504227,0.017172109769930236,0.358695652173913
2024-08-08 00:00:00-04:00,0.018642185894340916,0.020181937418484213,0.01799497607424918,0.9021739130434783
2024-08-09 00:00:00-04:00,0.0013407805447229824,0.01981030621230648,0.010857024521493114,0.532608695652174
2024-08-12 00:00:00-04:00,-0.0033697487547348316,0.01966274176836011,0.010758307072574582,0.31521739130434784
2024-08-13 00:00:00-04:00,0.014330623866479762,0.020168167875296888,0.0256684337004353,0.8913043478260869
2024-08-14 00:00:00-04:00,0.00407735713666077,0.01975174991527517,0.010696896119243616,0.6956521739130435
2024-08-15 00:00:00-04:00,0.012485477659556198,0.019320554967598897,0.017233693038254786,0.8152173913043478
2024-08-16 00:00:00-04:00,0.00426310381302038,0.019016220941040173,0.007229710759387895,0.7282608695652174
2024-08-19 00:00:00-04:00,0.007679196904150515,0.018792888009417773,0.009989751127497238,0.8369565217391305
2024-08-20 00:00:00-04:00,-0.0017217779423870897,0.018492729227529554,0.010394138266306526,0.5
2024-08-21 00:00:00-04:00,0.003566614798136132,0.018155289980456766,0.013592877298759314,0.5978260869565217
2024-08-22 00:00:00-04:00,-0.004423629566176047,0.01751285985211784,0.01197672944191553,0.40217391304347827
2024-08-23 00:00:00-04:00,0.010788074156515778,0.01661743805079354,0.009958432680448633,0.9021739130434783
2024-08-26 00:00:00-04:00,0.0014855387464946886,0.015889509682255998,0.009789372492937256,0.7065217391304348
2024-08-27 00:00:00-04:00,0.001289726248053369,0.015786137277560397,0.008980529940321584,0.5108695652173914
2024-08-28 00:00:00-04:00,-0.0029588442545852825,0.015316432585900118,0.010827262854246294,0.41304347826086957
2024-08-29 00:00:00-04:00,0.0026789061313533106,0.01471081054197321,0.011175200297172595,0.6739130434782609
2024-08-30 00:00:00-04:00,0.009244203013688536,0.01394611359512253,0.011684652590099261,0.9021739130434783
2024-09-03 00:00:00-04:00,-0.013807094583787703,0.013217260716510163,0.02567622529505108,0.2717391304347826
2024-09-04 00:00:00-04:00,0.001017872281410575,0.01316397556683704,0.011871093789755354,0.5434782608695652
2024-09-05 00:00:00-04:00,-0.006454111315630276,0.013057622900425886,0.010682663778864208,0.1956521739130435
2024-09-06 00:00:00-04:00,-0.013175453878116564,0.01303405695064199,0.016677224824468418,0.16304347826086957
2024-09-09 00:00:00-04:00,0.01120064864427799,0.012746748775070012,0.01196150438723769,0.8586956521739131
2024-09-10 00:00:00-04:00,0.0015403391888673293,0.013142361251472104,0.01916488652593699,0.5434782608695652
2024-09-11 00:00:00-04:00,0.0029154257731503546,0.01345720739806813,0.017370076151091183,0.4782608695652174
2024-09-12 00:00:00-04:00,0.0049248413050660455,0.012815169317233763,0.012185634002913559,0.7282608695652174
2024-09-13 00:00:00-04:00,0.005441759095738599,0.01297781448116847,0.014112444561872488,0.7717391304347826
2024-09-16 00:00:00-04:00,0.007454030695762031,0.012790369685829504,0.01329735233613648,0.782608695652174
2024-09-17 00:00:00-04:00,-0.0007649725785453266,0.013058135214867175,0.012852786869178956,0.4782608695652174
2024-09-18 00:00:00-04:00,-0.0030581089537443547,0.01305103226542787,0.009840589189271897,0.33695652173913043
2024-09-19 00:00:00-04:00,0.01020281162219634,0.013386399833119723,0.017436857187835376,0.6630434782608695
2024-09-20 00:00:00-04:00,-0.0009344376031667836,0.013763800386132346,0.021518288912024435,0.4782608695652174
2024-09-23 00:00:00-04:00,0.0034190542468138982,0.013628779867629595,0.009141298553357774,0.6521739130434783
2024-09-24 00:00:00-04:00,0.0011284800714597715,0.013786644865861022,0.013273597643308573,0.5543478260869565
2024-09-25 00:00:00-04:00,-0.00445031886278818,0.013923751365970818,0.01266860899524297,0.33695652173913043
2024-09-26 00:00:00-04:00,0.0056533277976047016,0.01421162695031368,0.015025917211521701,0.6739130434782609
2024-09-27 00:00:00-04:00,0.002151783886562057,0.014221503437050819,0.011034669075726231,0.6739130434782609
2024-09-30 00:00:00-04:00,0.0032843255185816636,0.014101803675556836,0.008661505305798898,0.717391304347826
2024-10-01 00:00:00-04:00,-0.004728927774223032,0.014246350268336977,0.014720131038482246,0.32608695652173914
2024-10-02 00:00:00-04:00,-0.0004941379545190987,0.013582170221919654,0.011728444320287306,0.4891304347826087
2024-10-03 00:00:00-04:00,-0.004755671794577716,0.013435545246772191,0.008791969311658624,0.1956521739130435
2024-10-04 00:00:00-04:00,0.009081614222260802,0.013617669979377564,0.01450728316357708,0.717391304347826
2024-10-07 00:00:00-04:00,-0.007831203759851331,0.013378174862105584,0.011647827361756792,0.21739130434782608
2024-10-08 00:00:00-04:00,0.00478617569803357,0.013423747172485175,0.012918522905209109,0.6956521739130435
2024-10-09 00:00:00-04:00,0.008311590658958524,0.013007380697107555,0.010421190543006961,0.8695652173913043
2024-10-10 00:00:00-04:00,-0.00390957275682473,0.012635708686564709,0.009564963929691393,0.2826086956521739
2024-10-11 00:00:00-04:00,0.009410083732675547,0.012656063138375185,0.012613077490933561,0.8369565217391305
2024-10-14 00:00:00-04:00,0.006096913666857439,0.012457218961338608,0.009936716844104437,0.7717391304347826
2024-10-15 00:00:00-04:00,-0.0027512858490910314,0.01276616129682979,0.01978514138145126,0.5217391304347826
2024-10-16 00:00:00-04:00,0.007101149316977978,0.012785024819476586,0.013248920844761678,0.7391304347826086
2024-10-17 00:00:00-04:00,-0.00039836276704072844,0.012756541391621785,0.009242437204321037,0.4782608695652174
2024-10-18 00:00:00-04:00,0.0019333274959923968,0.012619437846446932,0.014557682739163478,0.6195652173913043
2024-10-21 00:00:00-04:00,-0.007686375496874676,0.01215476814053068,0.011760225087783188,0.1956521739130435
2024-10-22 00:00:00-04:00,-0.0013336612952941603,0.012670536609391133,0.019972436399427272,0.5217391304347826
2024-10-23 00:00:00-04:00,-0.004057461364087064,0.012747157752430441,0.014882641647134036,0.29347826086956524
2024-10-24 00:00:00-04:00,-0.0024093840077617228,0.01292018391932542,0.016302158500037526,0.40217391304347827
2024-10-25 00:00:00-04:00,-0.005662715593657712,0.012803852583658706,0.01258295916252071,0.29347826086956524
2024-10-28 00:00:00-04:00,0.0048278199374956424,0.012819790426218522,0.011369363769482348,0.6847826086956522
2024-10-29 00:00:00-04:00,-0.004130081894202474,0.013166307353414968,0.015938360776924305,0.30434782608695654
2024-10-30 00:00:00-04:00,-0.0037380995390123555,0.013325609868855923,0.018065483862742312,0.4673913043478261
2024-10-31 00:00:00-04:00,-0.005630950607829507,0.013816020706479578,0.022027071910384007,0.3804347826086957
2024-11-01 00:00:00-04:00,0.001824015992405045,0.01416215736644453,0.016060839170922707,0.5543478260869565
2024-11-04 00:00:00-05:00,-0.0031577002609080875,0.013960782578479988,0.010278412616321668,0.34782608695652173
2024-11-05 00:00:00-05:00,0.009672035882864041,0.013938997997926125,0.011190351170125687,0.9021739130434783
2024-11-06 00:00:00-05:00,0.023208400601659726,0.015340925588142004,0.04235900229974251,0.6739130434782609
2024-11-07 00:00:00-05:00,-0.0014829512583985828,0.015804475218404997,0.020155732778529847,0.4891304347826087
2024-11-08 00:00:00-05:00,0.004950307483638699,0.016006049232223603,0.013798018219882116,0.6195652173913043
2024-11-11 00:00:00-05:00,0.005194493748920277,0.01631273198639864,0.019053415328609307,0.5652173913043478
2024-11-12 00:00:00-05:00,-0.0064576403928329725,0.016532425318579326,0.0145502768198988,0.2608695652173913
2024-11-13 00:00:00-05:00,0.0013550072787095857,0.01617168834601808,0.012209664957665093,0.5760869565217391
2024-11-14 00:00:00-05:00,-0.005494048851306518,0.016287345381804548,0.015677718596277555,0.32608695652173914
2024-11-15 00:00:00-05:00,-0.006565874274812855,0.01680456653351436,0.02010408139022715,0.41304347826086957
2024-11-18 00:00:00-05:00,0.005172801263729534,0.016699875588419306,0.01235917289216733,0.6739130434782609
2024-11-19 00:00:00-05:00,-0.0032842042680469754,0.01678311434841638,0.013508239047721731,0.3804347826086957
2024-11-20 00:00:00-05:00,-0.002100235230677731,0.017178232268218928,0.028269912715280728,0.5217391304347826
2024-11-21 00:00:00-05:00,0.0077395050723229105,0.017112225182635242,0.013496492849876642,0.8152173913043478
2024-11-22 00:00:00-05:00,0.007250988207545483,0.01691314194165077,0.01212141043936364,0.717391304347826
2024-11-25 00:00:00-05:00,0.006324319242727104,0.017075492921812825,0.01599232974592382,0.7391304347826086
2024-11-26 00:00:00-05:00,0.0015937693690583213,0.01721019813669135,0.014198173281931358,0.5978260869565217
2024-11-27 00:00:00-05:00,8.94726028074776e-05,0.016955941597235142,0.010598973448343938,0.5543478260869565
2024-11-29 00:00:00-05:00,0.0036774297621112477,0.01641302934908178,0.006664326651521699,0.6630434782608695
2024-12-02 00:00:00-05:00,-0.004051159712699625,0.01594418640093432,0.01218136999928739,0.34782608695652173
2024-12-03 00:00:00-05:00,-0.004528484595463665,0.015816901106048234,0.013387847978314864,0.34782608695652173
2024-12-04 00:00:00-05:00,0.0002615049298590049,0.016137238748636804,0.017005503110681646,0.43478260869565216
2024-12-05 00:00:00-05:00,-0.0021078408950361816,0.016304923194997177,0.014711724543693514,0.532608695652174
2024-12-06 00:00:00-05:00,0.0001014481341492499,0.014939245002610294,0.013679760259617993,0.5108695652173914
2024-12-09 00:00:00-05:00,-0.007758115177330278,0.014866960885012053,0.01863776630896681,0.33695652173913043
2024-12-10 00:00:00-05:00,-0.002236755952641275,0.01503546894225679,0.01733668742202161,0.41304347826086957
2024-12-11 00:00:00-05:00,-0.0004028578336121939,0.014986360976508864,0.01802214804790283,0.44565217391304346
2024-12-12 00:00:00-05:00,-0.005148565735345061,0.015187155211142497,0.018766955747205126,0.33695652173913043
2024-12-13 00:00:00-05:00,-0.0008562095123481773,0.01577917243649623,0.024642026690093462,0.32608695652173914
2024-12-16 00:00:00-05:00,-0.0037717866360918607,0.015975016823329535,0.019790450719776954,0.358695652173913
2024-12-17 00:00:00-05:00,-0.005209821333045644,0.015649462868789675,0.013267448344890076,0.29347826086956524
2024-12-18 00:00:00-05:00,-0.02462042872111012,0.01578828192039355,0.015274372975848768,0.03260869565217391
2024-12-19 00:00:00-05:00,-0.0007408910420151006,0.015821292840647348,0.014201468373051451,0.45652173913043476
2024-12-20 00:00:00-05:00,0.011113357405440194,0.01492625746528892,0.009474169832753704,0.8478260869565217
2024-12-23 00:00:00-05:00,0.003817291561047547,0.01485614375322385,0.01202410489651018,0.6304347826086957
2024-12-24 00:00:00-05:00,0.00851391923053954,0.014594232951038141,0.0066212835934638045,0.9456521739130435
2024-12-26 00:00:00-05:00,0.0016431454442192386,0.014152333248871888,0.0067124360004324245,0.6086956521739131
2024-12-27 00:00:00-05:00,-0.005952773827800869,0.013741268752530258,0.005565818858757135,0.13043478260869565
2024-12-30 00:00:00-05:00,-0.010524912314962408,0.013522768990864862,0.006010478453370627,0.05434782608695652
